schema_version,sample_id,build_id,round,mode,implementation,state,perf_profile,footprint_bytes,physical_footprint_bytes,logical_operations,passes,wall_ns,tsc_ticks,cpu_before,cpu_after,minor_faults,major_faults,checksum,first_touch_exception
1,prefetch-gcc13-scalar-r0-prefetch_chain-scalar-warm-branch-65536,prefetch-gcc13-scalar,0,prefetch_chain,scalar,warm,branch,65536,65536,30237696,29529,250005300,548740692,4,4,0,0,2130445174199,0
1,prefetch-gcc13-scalar-r0-prefetch_chain-scalar-warm-basic-5242880,prefetch-gcc13-scalar,0,prefetch_chain,scalar,warm,basic,5242880,5242880,4505600,55,252373411,553938160,4,4,0,0,175025535078835,0
1,prefetch-gcc13-scalar-r0-prefetch_chain-scalar-cache_evicted-branch-6291456,prefetch-gcc13-scalar,0,prefetch_chain,scalar,cache_evicted,branch,6291456,6291456,5111808,52,252127195,553397792,4,4,0,0,0,0
1,prefetch-gcc13-scalar-r0-prefetch_chain-scalar-warm-branch-536870912,prefetch-gcc13-scalar,0,prefetch_chain,scalar,warm,branch,536870912,536870912,8388608,1,907115377,1991042708,4,4,0,0,18017315376524952,0
1,prefetch-gcc13-scalar-r0-prefetch_chain-scalar-warm-branch-12582912,prefetch-gcc13-scalar,0,prefetch_chain,scalar,warm,branch,12582912,12582912,3932160,20,254097834,557722708,4,4,0,0,0,0
1,prefetch-gcc13-scalar-r0-prefetch_chain-scalar-warm-basic-131072,prefetch-gcc13-scalar,0,prefetch_chain,scalar,warm,basic,131072,131072,30390272,14839,250003098,548735864,4,4,0,0,4278656075126,0
1,prefetch-gcc13-scalar-r0-prefetch_chain-scalar-warm-basic-4194304,prefetch-gcc13-scalar,0,prefetch_chain,scalar,warm,basic,4194304,4194304,8192000,125,250027313,548788712,4,4,0,0,139966022091032,0
1,prefetch-gcc13-scalar-r0-prefetch_chain-scalar-warm-basic-32768,prefetch-gcc13-scalar,0,prefetch_chain,scalar,warm,basic,32768,32768,55289344,107987,250000826,548730876,4,4,0,0,1048797336496,0
1,prefetch-gcc13-scalar-r0-prefetch_chain-scalar-warm-branch-33554432,prefetch-gcc13-scalar,0,prefetch_chain,scalar,warm,branch,33554432,33554432,3145728,6,297235281,652406300,4,4,0,0,0,0
1,prefetch-gcc13-scalar-r0-prefetch_chain-scalar-warm-branch-16384,prefetch-gcc13-scalar,0,prefetch_chain,scalar,warm,branch,16384,16384,74275584,290139,250000385,548729628,4,4,0,0,523718600845,0
1,prefetch-gcc13-scalar-r0-prefetch_chain-scalar-warm-basic-1048576,prefetch-gcc13-scalar,0,prefetch_chain,scalar,warm,basic,1048576,1048576,10141696,619,250375399,549552732,4,4,0,0,34787464670297,0
1,prefetch-gcc13-scalar-r0-prefetch_chain-scalar-warm-basic-36864,prefetch-gcc13-scalar,0,prefetch_chain,scalar,warm,basic,36864,36864,30142080,52330,250003787,548736948,4,4,0,0,0,0
1,prefetch-gcc13-scalar-r0-prefetch_chain-scalar-cache_evicted-branch-262144,prefetch-gcc13-scalar,0,prefetch_chain,scalar,cache_evicted,branch,262144,262144,16195584,3954,250001150,548731296,4,4,0,0,0,0
1,prefetch-gcc13-scalar-r0-prefetch_chain-scalar-warm-branch-5242880,prefetch-gcc13-scalar,0,prefetch_chain,scalar,warm,branch,5242880,5242880,3112960,38,256017805,561937376,4,4,0,0,0,0
1,prefetch-gcc13-scalar-r0-prefetch_chain-scalar-warm-branch-262144,prefetch-gcc13-scalar,0,prefetch_chain,scalar,warm,branch,262144,262144,16846848,4113,250014953,548761620,4,4,0,0,8565085882191,0
1,prefetch-gcc13-scalar-r0-prefetch_chain-scalar-cache_evicted-branch-536870912,prefetch-gcc13-scalar,0,prefetch_chain,scalar,cache_evicted,branch,536870912,536870912,8388608,1,900354931,1976204032,4,4,0,0,18019549671907483,0
1,prefetch-gcc13-scalar-r0-prefetch_chain-scalar-cache_evicted-branch-32768,prefetch-gcc13-scalar,0,prefetch_chain,scalar,cache_evicted,branch,32768,32768,56489984,110332,250002487,548734180,4,4,0,0,0,0
1,prefetch-gcc13-scalar-r0-prefetch_chain-scalar-cache_evicted-basic-33554432,prefetch-gcc13-scalar,0,prefetch_chain,scalar,cache_evicted,basic,33554432,33554432,3145728,6,291590312,640016056,4,4,0,0,0,0
1,prefetch-gcc13-scalar-r0-prefetch_chain-scalar-warm-basic-262144,prefetch-gcc13-scalar,0,prefetch_chain,scalar,warm,basic,262144,262144,15953920,3895,250041394,548819756,4,4,0,0,8565085882191,0
1,prefetch-gcc13-scalar-r0-prefetch_chain-scalar-warm-basic-12582912,prefetch-gcc13-scalar,0,prefetch_chain,scalar,warm,basic,12582912,12582912,3342336,17,260088365,570871900,4,4,0,0,420571946603603,0
1,prefetch-gcc13-scalar-r0-prefetch_chain-scalar-warm-branch-524288,prefetch-gcc13-scalar,0,prefetch_chain,scalar,warm,branch,524288,524288,12509184,1527,250066830,548875456,4,4,0,0,17356247639701,0
1,prefetch-gcc13-scalar-r0-prefetch_chain-scalar-warm-branch-196608,prefetch-gcc13-scalar,0,prefetch_chain,scalar,warm,branch,196608,196608,28968960,9430,250014605,548760832,4,4,0,0,0,0
1,prefetch-gcc13-scalar-r0-prefetch_chain-scalar-warm-branch-49152,prefetch-gcc13-scalar,0,prefetch_chain,scalar,warm,branch,49152,49152,30260736,39402,250004974,548739860,4,4,0,0,0,0
1,prefetch-gcc13-scalar-r0-prefetch_chain-scalar-warm-basic-524288,prefetch-gcc13-scalar,0,prefetch_chain,scalar,warm,basic,524288,524288,12976128,1584,250008917,548748636,4,4,0,0,0,0
1,prefetch-gcc13-scalar-r0-prefetch_chain-scalar-warm-basic-33554432,prefetch-gcc13-scalar,0,prefetch_chain,scalar,warm,basic,33554432,33554432,3145728,6,291488033,639791556,4,4,0,0,0,0
1,prefetch-gcc13-scalar-r0-prefetch_chain-scalar-warm-branch-4194304,prefetch-gcc13-scalar,0,prefetch_chain,scalar,warm,branch,4194304,4194304,4456448,68,251159591,551273972,4,4,0,0,0,0
1,prefetch-gcc13-scalar-r0-prefetch_chain-scalar-warm-basic-28672,prefetch-gcc13-scalar,0,prefetch_chain,scalar,warm,basic,28672,28672,72834048,162576,250000320,548729472,4,4,0,0,0,0
1,prefetch-gcc13-scalar-r0-prefetch_chain-scalar-cache_evicted-branch-33554432,prefetch-gcc13-scalar,0,prefetch_chain,scalar,cache_evicted,branch,33554432,33554432,3145728,6,291890499,640674972,4,4,0,0,0,0
1,prefetch-gcc13-scalar-r0-prefetch_chain-scalar-warm-branch-24576,prefetch-gcc13-scalar,0,prefetch_chain,scalar,warm,branch,24576,24576,75557760,196765,250000777,548730652,4,4,0,0,795992126708,0
1,prefetch-gcc13-scalar-r0-prefetch_chain-scalar-warm-basic-196608,prefetch-gcc13-scalar,0,prefetch_chain,scalar,warm,basic,196608,196608,30102528,9799,250021505,548776280,4,4,0,0,6457801142200,0
1,prefetch-gcc13-scalar-r0-prefetch_chain-scalar-warm-branch-1048576,prefetch-gcc13-scalar,0,prefetch_chain,scalar,warm,branch,1048576,1048576,11911168,727,250104284,548957704,4,4,0,0,34787464670297,0
1,prefetch-gcc13-scalar-r0-prefetch_chain-scalar-cache_evicted-basic-6291456,prefetch-gcc13-scalar,0,prefetch_chain,scalar,cache_evicted,basic,6291456,6291456,4718592,48,251699243,552458476,4,4,0,0,0,0
1,prefetch-gcc13-scalar-r0-prefetch_chain-scalar-warm-basic-393216,prefetch-gcc13-scalar,0,prefetch_chain,scalar,warm,basic,393216,393216,14125056,2299,250035194,548806008,4,4,0,0,12930045718171,0
1,prefetch-gcc13-scalar-r0-prefetch_chain-scalar-warm-basic-98304,prefetch-gcc13-scalar,0,prefetch_chain,scalar,warm,basic,98304,98304,30305280,19730,250011764,548754596,4,4,0,0,0,0
1,prefetch-gcc13-scalar-r0-prefetch_chain-scalar-cache_evicted-branch-1048576,prefetch-gcc13-scalar,0,prefetch_chain,scalar,cache_evicted,branch,1048576,1048576,11812864,721,250315748,549421744,4,4,0,0,34862813562011,0
1,prefetch-gcc13-scalar-r0-prefetch_chain-scalar-warm-branch-6291456,prefetch-gcc13-scalar,0,prefetch_chain,scalar,warm,branch,6291456,6291456,5701632,58,250506360,549840208,4,4,0,0,0,0
1,prefetch-gcc13-scalar-r0-prefetch_chain-scalar-cache_evicted-basic-262144,prefetch-gcc13-scalar,0,prefetch_chain,scalar,cache_evicted,basic,262144,262144,16515072,4032,250013901,548759312,4,4,0,0,0,0
1,prefetch-gcc13-scalar-r0-prefetch_chain-scalar-warm-branch-28672,prefetch-gcc13-scalar,0,prefetch_chain,scalar,warm,branch,28672,28672,71892800,160475,250001262,548731548,4,4,0,0,925764701377,0
1,prefetch-gcc13-scalar-r0-prefetch_chain-scalar-warm-branch-8192,prefetch-gcc13-scalar,0,prefetch_chain,scalar,warm,branch,8192,8192,71882624,561583,250000560,548730008,4,4,0,0,269968177558,0
1,prefetch-gcc13-scalar-r0-prefetch_chain-scalar-cache_evicted-basic-32768,prefetch-gcc13-scalar,0,prefetch_chain,scalar,cache_evicted,basic,32768,32768,57826816,112943,250000485,548729836,4,4,0,0,1159780359782,0
1,prefetch-gcc13-scalar-r0-prefetch_chain-scalar-warm-basic-65536,prefetch-gcc13-scalar,0,prefetch_chain,scalar,warm,basic,65536,65536,30305280,29595,250001198,548731576,4,4,0,0,2130445174199,0
1,prefetch-gcc13-scalar-r0-prefetch_chain-scalar-warm-branch-32768,prefetch-gcc13-scalar,0,prefetch_chain,scalar,warm,branch,32768,32768,57233920,111785,250000640,548730144,4,4,0,0,1048797336496,0
1,prefetch-gcc13-scalar-r0-prefetch_chain-scalar-warm-branch-294912,prefetch-gcc13-scalar,0,prefetch_chain,scalar,warm,branch,294912,294912,15750144,3418,250019280,548771368,4,4,0,0,0,0
1,prefetch-gcc13-scalar-r0-prefetch_chain-scalar-warm-basic-8388608,prefetch-gcc13-scalar,0,prefetch_chain,scalar,warm,basic,8388608,8388608,3932160,30,252662951,554573740,4,4,0,0,0,0
1,prefetch-gcc13-scalar-r0-prefetch_chain-scalar-warm-basic-49152,prefetch-gcc13-scalar,0,prefetch_chain,scalar,warm,basic,49152,49152,30271488,39416,250005850,548741892,4,4,0,0,0,0
1,prefetch-gcc13-scalar-r0-prefetch_chain-scalar-warm-basic-134217728,prefetch-gcc13-scalar,0,prefetch_chain,scalar,warm,basic,134217728,134217728,4194304,2,428176092,939810512,4,4,0,0,0,0
1,prefetch-gcc13-scalar-r0-prefetch_chain-scalar-warm-branch-98304,prefetch-gcc13-scalar,0,prefetch_chain,scalar,warm,branch,98304,98304,30302208,19728,250003011,548735204,4,4,0,0,0,0
1,prefetch-gcc13-scalar-r0-prefetch_chain-scalar-warm-basic-536870912,prefetch-gcc13-scalar,0,prefetch_chain,scalar,warm,basic,536870912,536870912,8388608,1,902187251,1980225884,4,4,0,0,18017315376524952,0
1,prefetch-gcc13-scalar-r0-prefetch_chain-scalar-cache_evicted-branch-8388608,prefetch-gcc13-scalar,0,prefetch_chain,scalar,cache_evicted,branch,8388608,8388608,3932160,30,256239402,562423764,4,4,0,0,0,0
1,prefetch-gcc13-scalar-r0-prefetch_chain-scalar-warm-basic-7340032,prefetch-gcc13-scalar,0,prefetch_chain,scalar,warm,basic,7340032,7340032,5046272,44,253739155,556935888,4,4,0,0,0,0
1,prefetch-gcc13-scalar-r0-prefetch_chain-scalar-warm-branch-393216,prefetch-gcc13-scalar,0,prefetch_chain,scalar,warm,branch,393216,393216,13529088,2202,250102917,548954660,4,4,0,0,0,0
1,prefetch-gcc13-scalar-r0-prefetch_chain-scalar-warm-basic-6291456,prefetch-gcc13-scalar,0,prefetch_chain,scalar,warm,basic,6291456,6291456,5799936,59,252540988,554306016,4,4,0,0,210085339415707,0
1,prefetch-gcc13-scalar-r0-prefetch_chain-scalar-cache_evicted-basic-8388608,prefetch-gcc13-scalar,0,prefetch_chain,scalar,cache_evicted,basic,8388608,8388608,4063232,31,251843592,552775308,4,4,0,0,281029013297208,0
1,prefetch-gcc13-scalar-r0-prefetch_chain-scalar-warm-basic-24576,prefetch-gcc13-scalar,0,prefetch_chain,scalar,warm,basic,24576,24576,74572416,194199,250000435,548729892,4,4,0,0,795992126708,0
1,prefetch-gcc13-scalar-r0-prefetch_chain-scalar-warm-branch-131072,prefetch-gcc13-scalar,0,prefetch_chain,scalar,warm,branch,131072,131072,30377984,14833,250010975,548752844,4,4,0,0,4278656075126,0
1,prefetch-gcc13-scalar-r0-prefetch_chain-scalar-warm-branch-229376,prefetch-gcc13-scalar,0,prefetch_chain,scalar,warm,branch,229376,229376,22256640,6210,250039079,548814564,4,4,0,0,0,0
1,prefetch-gcc13-scalar-r0-prefetch_chain-scalar-warm-basic-2097152,prefetch-gcc13-scalar,0,prefetch_chain,scalar,warm,basic,2097152,2097152,11468800,350,250619094,550087604,4,4,0,0,0,0
1,prefetch-gcc13-scalar-r0-prefetch_chain-scalar-warm-branch-36864,prefetch-gcc13-scalar,0,prefetch_chain,scalar,warm,branch,36864,36864,30169152,52377,250004287,548738176,4,4,0,0,1181423765807,0
1,prefetch-gcc13-scalar-r0-prefetch_chain-scalar-cache_evicted-basic-1048576,prefetch-gcc13-scalar,0,prefetch_chain,scalar,cache_evicted,basic,1048576,1048576,11993088,732,250164921,549091068,4,4,0,0,0,0
1,prefetch-gcc13-scalar-r0-prefetch_chain-scalar-warm-branch-7340032,prefetch-gcc13-scalar,0,prefetch_chain,scalar,warm,branch,7340032,7340032,5160960,45,252571038,554371988,4,4,0,0,244992545578179,0
1,prefetch-gcc13-scalar-r0-prefetch_chain-scalar-warm-basic-294912,prefetch-gcc13-scalar,0,prefetch_chain,scalar,warm,basic,294912,294912,14436864,3133,250005349,548740792,4,4,0,0,9646762909462,0
1,prefetch-gcc13-scalar-r0-prefetch_chain-scalar-warm-branch-2097152,prefetch-gcc13-scalar,0,prefetch_chain,scalar,warm,branch,2097152,2097152,11599872,354,250616870,550082544,4,4,0,0,0,0
1,prefetch-gcc13-scalar-r0-prefetch_chain-scalar-warm-basic-8192,prefetch-gcc13-scalar,0,prefetch_chain,scalar,warm,basic,8192,8192,71886208,561611,250000204,548729220,4,4,0,0,269968177558,0
1,prefetch-gcc13-scalar-r0-prefetch_chain-scalar-warm-basic-16384,prefetch-gcc13-scalar,0,prefetch_chain,scalar,warm,basic,16384,16384,74505728,291038,250001021,548731020,4,4,0,0,0,0
1,prefetch-gcc13-scalar-r0-prefetch_chain-scalar-cache_evicted-basic-536870912,prefetch-gcc13-scalar,0,prefetch_chain,scalar,cache_evicted,basic,536870912,536870912,8388608,1,897784507,1970562204,4,4,0,0,18019549671907483,0
1,prefetch-gcc13-scalar-r0-prefetch_chain-scalar-warm-basic-229376,prefetch-gcc13-scalar,0,prefetch_chain,scalar,warm,basic,229376,229376,24095232,6723,250030710,548796204,4,4,0,0,7491342518666,0
1,prefetch-gcc13-scalar-r0-prefetch_chain-scalar-warm-branch-134217728,prefetch-gcc13-scalar,0,prefetch_chain,scalar,warm,branch,134217728,134217728,4194304,2,428727728,941021260,4,4,0,0,0,0
1,prefetch-gcc13-scalar-r0-prefetch_chain-scalar-warm-branch-8388608,prefetch-gcc13-scalar,0,prefetch_chain,scalar,warm,branch,8388608,8388608,4456448,34,255485981,560770048,4,4,0,0,0,0
1,prefetch-gcc13-scalar-r1-prefetch_chain-scalar-warm-branch-393216,prefetch-gcc13-scalar,1,prefetch_chain,scalar,warm,branch,393216,393216,13479936,2194,250026287,548786468,4,4,0,0,0,0
1,prefetch-gcc13-scalar-r1-prefetch_chain-scalar-warm-basic-294912,prefetch-gcc13-scalar,1,prefetch_chain,scalar,warm,basic,294912,294912,16791552,3644,250003986,548737484,4,4,0,0,0,0
1,prefetch-gcc13-scalar-r1-prefetch_chain-scalar-warm-branch-262144,prefetch-gcc13-scalar,1,prefetch_chain,scalar,warm,branch,262144,262144,17309696,4226,250049669,548837984,4,4,0,0,0,0
1,prefetch-gcc13-scalar-r1-prefetch_chain-scalar-cache_evicted-basic-6291456,prefetch-gcc13-scalar,1,prefetch_chain,scalar,cache_evicted,basic,6291456,6291456,5210112,53,252654018,554554116,4,4,0,0,211639401721834,0
1,prefetch-gcc13-scalar-r1-prefetch_chain-scalar-warm-branch-49152,prefetch-gcc13-scalar,1,prefetch_chain,scalar,warm,branch,49152,49152,30211584,39338,250002022,548733488,4,4,0,0,0,0
1,prefetch-gcc13-scalar-r1-prefetch_chain-scalar-warm-branch-2097152,prefetch-gcc13-scalar,1,prefetch_chain,scalar,warm,branch,2097152,2097152,11403264,348,250467759,549755600,4,4,0,0,0,0
1,prefetch-gcc13-scalar-r1-prefetch_chain-scalar-cache_evicted-branch-536870912,prefetch-gcc13-scalar,1,prefetch_chain,scalar,cache_evicted,branch,536870912,536870912,8388608,1,896741631,1968273204,4,4,0,0,18010183760240133,0
1,prefetch-gcc13-scalar-r1-prefetch_chain-scalar-warm-branch-131072,prefetch-gcc13-scalar,1,prefetch_chain,scalar,warm,branch,131072,131072,30175232,14734,250003101,548735856,4,4,0,0,0,0
1,prefetch-gcc13-scalar-r1-prefetch_chain-scalar-warm-basic-12582912,prefetch-gcc13-scalar,1,prefetch_chain,scalar,warm,basic,12582912,12582912,3538944,18,257265258,564675400,4,4,0,0,0,0
1,prefetch-gcc13-scalar-r1-prefetch_chain-scalar-warm-branch-1048576,prefetch-gcc13-scalar,1,prefetch_chain,scalar,warm,branch,1048576,1048576,11943936,729,250280513,549344620,4,4,0,0,35138316900624,0
1,prefetch-gcc13-scalar-r1-prefetch_chain-scalar-warm-basic-536870912,prefetch-gcc13-scalar,1,prefetch_chain,scalar,warm,basic,536870912,536870912,8388608,1,898732243,1972642408,4,4,0,0,18012413573866309,0
1,prefetch-gcc13-scalar-r1-prefetch_chain-scalar-warm-branch-65536,prefetch-gcc13-scalar,1,prefetch_chain,scalar,warm,branch,65536,65536,30244864,29536,250001585,548732252,4,4,0,0,0,0
1,prefetch-gcc13-scalar-r1-prefetch_chain-scalar-warm-basic-32768,prefetch-gcc13-scalar,1,prefetch_chain,scalar,warm,basic,32768,32768,57566720,112435,250000219,548729252,4,4,0,0,1081073695675,0
1,prefetch-gcc13-scalar-r1-prefetch_chain-scalar-warm-branch-28672,prefetch-gcc13-scalar,1,prefetch_chain,scalar,warm,branch,28672,28672,73716608,164546,250001486,548732320,4,4,0,0,0,0
1,prefetch-gcc13-scalar-r1-prefetch_chain-scalar-warm-branch-536870912,prefetch-gcc13-scalar,1,prefetch_chain,scalar,warm,branch,536870912,536870912,8388608,1,906766499,1990276680,4,4,0,0,18012413573866309,0
1,prefetch-gcc13-scalar-r1-prefetch_chain-scalar-cache_evicted-basic-8388608,prefetch-gcc13-scalar,1,prefetch_chain,scalar,cache_evicted,basic,8388608,8388608,4325376,33,255431978,560651484,4,4,0,0,281941122453745,0
1,prefetch-gcc13-scalar-r1-prefetch_chain-scalar-warm-branch-7340032,prefetch-gcc13-scalar,1,prefetch_chain,scalar,warm,branch,7340032,7340032,5160960,45,250519399,549868844,4,4,0,0,245619422799350,0
1,prefetch-gcc13-scalar-r1-prefetch_chain-scalar-warm-basic-24576,prefetch-gcc13-scalar,1,prefetch_chain,scalar,warm,basic,24576,24576,75540480,196720,250001118,548731012,4,4,0,0,0,0
1,prefetch-gcc13-scalar-r1-prefetch_chain-scalar-cache_evicted-branch-1048576,prefetch-gcc13-scalar,1,prefetch_chain,scalar,cache_evicted,branch,1048576,1048576,11878400,725,250110053,548970472,4,4,0,0,35194917466828,0
1,prefetch-gcc13-scalar-r1-prefetch_chain-scalar-warm-basic-98304,prefetch-gcc13-scalar,1,prefetch_chain,scalar,warm,basic,98304,98304,30363648,19768,250000318,548729660,4,4,0,0,0,0
1,prefetch-gcc13-scalar-r1-prefetch_chain-scalar-warm-branch-524288,prefetch-gcc13-scalar,1,prefetch_chain,scalar,warm,branch,524288,524288,12541952,1531,250049016,548836632,4,4,0,0,17640149104156,0
1,prefetch-gcc13-scalar-r1-prefetch_chain-scalar-warm-branch-16384,prefetch-gcc13-scalar,1,prefetch_chain,scalar,warm,branch,16384,16384,74649856,291601,250001055,548731092,4,4,0,0,515660891674,0
1,prefetch-gcc13-scalar-r1-prefetch_chain-scalar-warm-basic-262144,prefetch-gcc13-scalar,1,prefetch_chain,scalar,warm,basic,262144,262144,17915904,4374,250024564,548782700,4,4,0,0,0,0
1,prefetch-gcc13-scalar-r1-prefetch_chain-scalar-warm-basic-8388608,prefetch-gcc13-scalar,1,prefetch_chain,scalar,warm,basic,8388608,8388608,4063232,31,253658139,556758016,4,4,0,0,280935769171428,0
1,prefetch-gcc13-scalar-r1-prefetch_chain-scalar-warm-basic-2097152,prefetch-gcc13-scalar,1,prefetch_chain,scalar,warm,basic,2097152,2097152,11337728,346,250392098,549589420,4,4,0,0,0,0
1,prefetch-gcc13-scalar-r1-prefetch_chain-scalar-cache_evicted-basic-262144,prefetch-gcc13-scalar,1,prefetch_chain,scalar,cache_evicted,basic,262144,262144,23359488,5703,250036593,548809376,4,4,0,0,8886167388673,0
1,prefetch-gcc13-scalar-r1-prefetch_chain-scalar-cache_evicted-basic-33554432,prefetch-gcc13-scalar,1,prefetch_chain,scalar,cache_evicted,basic,33554432,33554432,3145728,6,284427959,624295284,4,4,0,0,0,0
1,prefetch-gcc13-scalar-r1-prefetch_chain-scalar-warm-basic-131072,prefetch-gcc13-scalar,1,prefetch_chain,scalar,warm,basic,131072,131072,28491776,13912,250001992,548733304,4,4,0,0,0,0
1,prefetch-gcc13-scalar-r1-prefetch_chain-scalar-warm-basic-229376,prefetch-gcc13-scalar,1,prefetch_chain,scalar,warm,basic,229376,229376,24195584,6751,250019317,548771136,4,4,0,0,7788921874559,0
1,prefetch-gcc13-scalar-r1-prefetch_chain-scalar-warm-basic-33554432,prefetch-gcc13-scalar,1,prefetch_chain,scalar,warm,basic,33554432,33554432,3145728,6,289506322,635441560,4,4,0,0,0,0
1,prefetch-gcc13-scalar-r1-prefetch_chain-scalar-warm-basic-5242880,prefetch-gcc13-scalar,1,prefetch_chain,scalar,warm,basic,5242880,5242880,5079040,62,251009351,550944108,4,4,0,0,0,0
1,prefetch-gcc13-scalar-r1-prefetch_chain-scalar-warm-basic-393216,prefetch-gcc13-scalar,1,prefetch_chain,scalar,warm,basic,393216,393216,13498368,2197,250105740,548961140,4,4,0,0,13162485308243,0
1,prefetch-gcc13-scalar-r1-prefetch_chain-scalar-warm-basic-524288,prefetch-gcc13-scalar,1,prefetch_chain,scalar,warm,basic,524288,524288,12648448,1544,250098128,548944316,4,4,0,0,0,0
1,prefetch-gcc13-scalar-r1-prefetch_chain-scalar-cache_evicted-branch-33554432,prefetch-gcc13-scalar,1,prefetch_chain,scalar,cache_evicted,branch,33554432,33554432,3145728,6,283833618,622991044,4,4,0,0,0,0
1,prefetch-gcc13-scalar-r1-prefetch_chain-scalar-warm-branch-229376,prefetch-gcc13-scalar,1,prefetch_chain,scalar,warm,branch,229376,229376,16830464,4696,250040651,548817864,4,4,0,0,0,0
1,prefetch-gcc13-scalar-r1-prefetch_chain-scalar-warm-branch-196608,prefetch-gcc13-scalar,1,prefetch_chain,scalar,warm,branch,196608,196608,26962944,8777,250011398,548753768,4,4,0,0,6696901482355,0
1,prefetch-gcc13-scalar-r1-prefetch_chain-scalar-warm-basic-8192,prefetch-gcc13-scalar,1,prefetch_chain,scalar,warm,basic,8192,8192,71854464,561363,250000341,548729516,4,4,0,0,248776735995,0
1,prefetch-gcc13-scalar-r1-prefetch_chain-scalar-warm-branch-36864,prefetch-gcc13-scalar,1,prefetch_chain,scalar,warm,branch,36864,36864,30206016,52441,250003705,548737068,4,4,0,0,1230450834883,0
1,prefetch-gcc13-scalar-r1-prefetch_chain-scalar-cache_evicted-branch-262144,prefetch-gcc13-scalar,1,prefetch_chain,scalar,cache_evicted,branch,262144,262144,16875520,4120,250017762,548768048,4,4,0,0,0,0
1,prefetch-gcc13-scalar-r1-prefetch_chain-scalar-warm-branch-6291456,prefetch-gcc13-scalar,1,prefetch_chain,scalar,warm,branch,6291456,6291456,3932160,40,253528812,556474240,4,4,0,0,0,0
1,prefetch-gcc13-scalar-r1-prefetch_chain-scalar-cache_evicted-basic-32768,prefetch-gcc13-scalar,1,prefetch_chain,scalar,cache_evicted,basic,32768,32768,58951680,115140,250000642,548730460,4,4,0,0,0,0
1,prefetch-gcc13-scalar-r1-prefetch_chain-scalar-warm-basic-1048576,prefetch-gcc13-scalar,1,prefetch_chain,scalar,warm,basic,1048576,1048576,12009472,733,250250926,549279556,4,4,0,0,35138316900624,0
1,prefetch-gcc13-scalar-r1-prefetch_chain-scalar-warm-basic-16384,prefetch-gcc13-scalar,1,prefetch_chain,scalar,warm,basic,16384,16384,74523648,291108,250000445,548729968,4,4,0,0,0,0
1,prefetch-gcc13-scalar-r1-prefetch_chain-scalar-warm-basic-134217728,prefetch-gcc13-scalar,1,prefetch_chain,scalar,warm,basic,134217728,134217728,4194304,2,428207138,939878512,4,4,0,0,0,0
1,prefetch-gcc13-scalar-r1-prefetch_chain-scalar-cache_evicted-branch-8388608,prefetch-gcc13-scalar,1,prefetch_chain,scalar,cache_evicted,branch,8388608,8388608,3932160,30,256755108,563555680,4,4,0,0,0,0
1,prefetch-gcc13-scalar-r1-prefetch_chain-scalar-warm-branch-32768,prefetch-gcc13-scalar,1,prefetch_chain,scalar,warm,branch,32768,32768,56974336,111278,250000826,548730768,4,4,0,0,0,0
1,prefetch-gcc13-scalar-r1-prefetch_chain-scalar-warm-branch-8388608,prefetch-gcc13-scalar,1,prefetch_chain,scalar,warm,branch,8388608,8388608,3145728,24,259359611,569272340,4,4,0,0,0,0
1,prefetch-gcc13-scalar-r1-prefetch_chain-scalar-warm-branch-33554432,prefetch-gcc13-scalar,1,prefetch_chain,scalar,warm,branch,33554432,33554432,2621440,5,273092834,599415578,4,4,201,0,1125366442583088,0
1,prefetch-gcc13-scalar-r1-prefetch_chain-scalar-warm-branch-98304,prefetch-gcc13-scalar,1,prefetch_chain,scalar,warm,branch,98304,98304,30346752,19757,250004310,548738232,4,4,0,0,3314426170415,0
1,prefetch-gcc13-scalar-r1-prefetch_chain-scalar-warm-branch-5242880,prefetch-gcc13-scalar,1,prefetch_chain,scalar,warm,branch,5242880,5242880,6881280,84,251446324,551903212,4,4,0,0,0,0
1,prefetch-gcc13-scalar-r1-prefetch_chain-scalar-warm-branch-24576,prefetch-gcc13-scalar,1,prefetch_chain,scalar,warm,branch,24576,24576,75578880,196820,250001200,548731712,4,4,0,0,0,0
1,prefetch-gcc13-scalar-r1-prefetch_chain-scalar-warm-basic-4194304,prefetch-gcc13-scalar,1,prefetch_chain,scalar,warm,basic,4194304,4194304,8126464,124,251280331,551538948,4,4,0,0,0,0
1,prefetch-gcc13-scalar-r1-prefetch_chain-scalar-cache_evicted-branch-32768,prefetch-gcc13-scalar,1,prefetch_chain,scalar,cache_evicted,branch,32768,32768,57754112,112801,250001580,548732236,4,4,0,0,1087046856479,0
1,prefetch-gcc13-scalar-r1-prefetch_chain-scalar-warm-basic-6291456,prefetch-gcc13-scalar,1,prefetch_chain,scalar,warm,basic,6291456,6291456,5406720,55,252165892,553482712,4,4,0,0,210494386962726,0
1,prefetch-gcc13-scalar-r1-prefetch_chain-scalar-warm-basic-36864,prefetch-gcc13-scalar,1,prefetch_chain,scalar,warm,basic,36864,36864,30209472,52447,250003946,548737624,4,4,0,0,1230450834883,0
1,prefetch-gcc13-scalar-r1-prefetch_chain-scalar-cache_evicted-basic-536870912,prefetch-gcc13-scalar,1,prefetch_chain,scalar,cache_evicted,basic,536870912,536870912,8388608,1,898382886,1971875620,4,4,0,0,18010183760240133,0
1,prefetch-gcc13-scalar-r1-prefetch_chain-scalar-warm-branch-8192,prefetch-gcc13-scalar,1,prefetch_chain,scalar,warm,branch,8192,8192,71883520,561590,250000328,548729496,4,4,0,0,0,0
1,prefetch-gcc13-scalar-r1-prefetch_chain-scalar-warm-basic-49152,prefetch-gcc13-scalar,1,prefetch_chain,scalar,warm,basic,49152,49152,30077184,39163,250002779,548734896,4,4,0,0,1675651071020,0
1,prefetch-gcc13-scalar-r1-prefetch_chain-scalar-warm-basic-196608,prefetch-gcc13-scalar,1,prefetch_chain,scalar,warm,basic,196608,196608,26763264,8712,250020926,548774700,4,4,0,0,0,0
1,prefetch-gcc13-scalar-r1-prefetch_chain-scalar-warm-branch-4194304,prefetch-gcc13-scalar,1,prefetch_chain,scalar,warm,branch,4194304,4194304,8585216,131,250404692,549617036,4,4,0,0,140333546589299,0
1,prefetch-gcc13-scalar-r1-prefetch_chain-scalar-cache_evicted-basic-1048576,prefetch-gcc13-scalar,1,prefetch_chain,scalar,cache_evicted,basic,1048576,1048576,12107776,739,250237489,549250188,4,4,0,0,35194917466828,0
1,prefetch-gcc13-scalar-r1-prefetch_chain-scalar-warm-basic-7340032,prefetch-gcc13-scalar,1,prefetch_chain,scalar,warm,basic,7340032,7340032,5046272,44,250332379,549458048,4,4,0,0,0,0
1,prefetch-gcc13-scalar-r1-prefetch_chain-scalar-warm-branch-12582912,prefetch-gcc13-scalar,1,prefetch_chain,scalar,warm,branch,12582912,12582912,3538944,18,250881867,550664380,4,4,0,0,0,0
1,prefetch-gcc13-scalar-r1-prefetch_chain-scalar-warm-basic-65536,prefetch-gcc13-scalar,1,prefetch_chain,scalar,warm,basic,65536,65536,30306304,29596,250006942,548744288,4,4,0,0,0,0
1,prefetch-gcc13-scalar-r1-prefetch_chain-scalar-warm-basic-28672,prefetch-gcc13-scalar,1,prefetch_chain,scalar,warm,basic,28672,28672,71938048,160576,250000549,548730140,4,4,0,0,0,0
1,prefetch-gcc13-scalar-r1-prefetch_chain-scalar-warm-branch-294912,prefetch-gcc13-scalar,1,prefetch_chain,scalar,warm,branch,294912,294912,17197056,3732,250030136,548794912,4,4,0,0,0,0
1,prefetch-gcc13-scalar-r1-prefetch_chain-scalar-warm-branch-134217728,prefetch-gcc13-scalar,1,prefetch_chain,scalar,warm,branch,134217728,134217728,4194304,2,428326791,940141256,4,4,0,0,0,0
1,prefetch-gcc13-scalar-r1-prefetch_chain-scalar-cache_evicted-branch-6291456,prefetch-gcc13-scalar,1,prefetch_chain,scalar,cache_evicted,branch,6291456,6291456,5799936,59,251218580,551403460,4,4,0,0,211639401721834,0
1,prefetch-gcc13-scalar-r2-prefetch_chain-scalar-warm-basic-2097152,prefetch-gcc13-scalar,2,prefetch_chain,scalar,warm,basic,2097152,2097152,11730944,358,250185123,549135380,4,4,0,0,0,0
1,prefetch-gcc13-scalar-r2-prefetch_chain-scalar-warm-basic-36864,prefetch-gcc13-scalar,2,prefetch_chain,scalar,warm,basic,36864,36864,30216384,52459,250002561,548734368,4,4,0,0,1214636026240,0
1,prefetch-gcc13-scalar-r2-prefetch_chain-scalar-warm-branch-32768,prefetch-gcc13-scalar,2,prefetch_chain,scalar,warm,branch,32768,32768,56366080,110090,250001358,548731728,4,4,0,0,0,0
1,prefetch-gcc13-scalar-r2-prefetch_chain-scalar-warm-basic-65536,prefetch-gcc13-scalar,2,prefetch_chain,scalar,warm,basic,65536,65536,30280704,29571,250004914,548739716,4,4,0,0,2218310925775,0
1,prefetch-gcc13-scalar-r2-prefetch_chain-scalar-warm-branch-229376,prefetch-gcc13-scalar,2,prefetch_chain,scalar,warm,branch,229376,229376,23593472,6583,250000110,548729292,4,4,0,0,7713423347145,0
1,prefetch-gcc13-scalar-r2-prefetch_chain-scalar-warm-basic-262144,prefetch-gcc13-scalar,2,prefetch_chain,scalar,warm,basic,262144,262144,24076288,5878,250007691,548745664,4,4,0,0,0,0
1,prefetch-gcc13-scalar-r2-prefetch_chain-scalar-warm-basic-32768,prefetch-gcc13-scalar,2,prefetch_chain,scalar,warm,basic,32768,32768,56432128,110219,250002051,548733552,4,4,0,0,1096952267292,0
1,prefetch-gcc13-scalar-r2-prefetch_chain-scalar-warm-branch-5242880,prefetch-gcc13-scalar,2,prefetch_chain,scalar,warm,branch,5242880,5242880,5898240,72,252355492,553899008,4,4,0,0,0,0
1,prefetch-gcc13-scalar-r2-prefetch_chain-scalar-warm-basic-1048576,prefetch-gcc13-scalar,2,prefetch_chain,scalar,warm,basic,1048576,1048576,11927552,728,250227499,549228404,4,4,0,0,0,0
1,prefetch-gcc13-scalar-r2-prefetch_chain-scalar-cache_evicted-basic-6291456,prefetch-gcc13-scalar,2,prefetch_chain,scalar,cache_evicted,basic,6291456,6291456,4030464,41,250860478,550616972,4,4,0,0,211194626161535,0
1,prefetch-gcc13-scalar-r2-prefetch_chain-scalar-warm-basic-6291456,prefetch-gcc13-scalar,2,prefetch_chain,scalar,warm,basic,6291456,6291456,3637248,37,256857650,563780344,4,4,0,0,210990995582324,0
1,prefetch-gcc13-scalar-r2-prefetch_chain-scalar-cache_evicted-basic-1048576,prefetch-gcc13-scalar,2,prefetch_chain,scalar,cache_evicted,basic,1048576,1048576,11747328,717,250036264,548808396,4,4,0,0,35087984424655,0
1,prefetch-gcc13-scalar-r2-prefetch_chain-scalar-warm-basic-49152,prefetch-gcc13-scalar,2,prefetch_chain,scalar,warm,basic,49152,49152,30257664,39398,250001896,548733240,4,4,0,0,0,0
1,prefetch-gcc13-scalar-r2-prefetch_chain-scalar-warm-basic-229376,prefetch-gcc13-scalar,2,prefetch_chain,scalar,warm,basic,229376,229376,16576000,4625,250011963,548755308,4,4,0,0,7713423347145,0
1,prefetch-gcc13-scalar-r2-prefetch_chain-scalar-warm-branch-134217728,prefetch-gcc13-scalar,2,prefetch_chain,scalar,warm,branch,134217728,134217728,4194304,2,429757679,943281944,4,4,0,0,0,0
1,prefetch-gcc13-scalar-r2-prefetch_chain-scalar-cache_evicted-basic-8388608,prefetch-gcc13-scalar,2,prefetch_chain,scalar,cache_evicted,basic,8388608,8388608,3145728,24,252805873,554887436,4,4,0,0,0,0
1,prefetch-gcc13-scalar-r2-prefetch_chain-scalar-warm-branch-4194304,prefetch-gcc13-scalar,2,prefetch_chain,scalar,warm,branch,4194304,4194304,8847360,135,251550727,552132484,4,4,0,0,140480973495855,0
1,prefetch-gcc13-scalar-r2-prefetch_chain-scalar-cache_evicted-branch-8388608,prefetch-gcc13-scalar,2,prefetch_chain,scalar,cache_evicted,branch,8388608,8388608,5242880,40,254816336,559300132,4,4,0,0,0,0
1,prefetch-gcc13-scalar-r2-prefetch_chain-scalar-warm-basic-196608,prefetch-gcc13-scalar,2,prefetch_chain,scalar,warm,basic,196608,196608,26597376,8658,250012488,548756472,4,4,0,0,0,0
1,prefetch-gcc13-scalar-r2-prefetch_chain-scalar-warm-basic-4194304,prefetch-gcc13-scalar,2,prefetch_chain,scalar,warm,basic,4194304,4194304,8585216,131,251258007,551490136,4,4,0,0,140480973495855,0
1,prefetch-gcc13-scalar-r2-prefetch_chain-scalar-warm-branch-536870912,prefetch-gcc13-scalar,2,prefetch_chain,scalar,warm,branch,536870912,536870912,8388608,1,945903645,2076179732,4,4,0,0,18013585015959446,0
1,prefetch-gcc13-scalar-r2-prefetch_chain-scalar-warm-basic-134217728,prefetch-gcc13-scalar,2,prefetch_chain,scalar,warm,basic,134217728,134217728,4194304,2,472873662,1037918204,4,4,0,0,0,0
1,prefetch-gcc13-scalar-r2-prefetch_chain-scalar-warm-branch-28672,prefetch-gcc13-scalar,2,prefetch_chain,scalar,warm,branch,28672,28672,73658368,164416,250000804,548730564,4,4,0,0,0,0
1,prefetch-gcc13-scalar-r2-prefetch_chain-scalar-warm-basic-8388608,prefetch-gcc13-scalar,2,prefetch_chain,scalar,warm,basic,8388608,8388608,3670016,28,256219740,562380568,4,4,0,0,0,0
1,prefetch-gcc13-scalar-r2-prefetch_chain-scalar-warm-branch-16384,prefetch-gcc13-scalar,2,prefetch_chain,scalar,warm,branch,16384,16384,74484224,290954,250001108,548731072,4,4,0,0,0,0
1,prefetch-gcc13-scalar-r2-prefetch_chain-scalar-warm-branch-8388608,prefetch-gcc13-scalar,2,prefetch_chain,scalar,warm,branch,8388608,8388608,3538944,27,256324335,562610140,4,4,0,0,281422521061315,0
1,prefetch-gcc13-scalar-r2-prefetch_chain-scalar-warm-branch-7340032,prefetch-gcc13-scalar,2,prefetch_chain,scalar,warm,branch,7340032,7340032,3211264,28,256165914,562262424,4,4,0,0,0,0
1,prefetch-gcc13-scalar-r2-prefetch_chain-scalar-warm-branch-6291456,prefetch-gcc13-scalar,2,prefetch_chain,scalar,warm,branch,6291456,6291456,3342336,34,254510223,558628308,4,4,0,0,0,0
1,prefetch-gcc13-scalar-r2-prefetch_chain-scalar-warm-branch-33554432,prefetch-gcc13-scalar,2,prefetch_chain,scalar,warm,branch,33554432,33554432,3145728,6,291158740,639068756,4,4,0,0,0,0
1,prefetch-gcc13-scalar-r2-prefetch_chain-scalar-cache_evicted-branch-32768,prefetch-gcc13-scalar,2,prefetch_chain,scalar,cache_evicted,branch,32768,32768,58577920,114410,250000279,548729396,4,4,0,0,0,0
1,prefetch-gcc13-scalar-r2-prefetch_chain-scalar-cache_evicted-basic-33554432,prefetch-gcc13-scalar,2,prefetch_chain,scalar,cache_evicted,basic,33554432,33554432,3145728,6,289053784,634448724,4,4,0,0,0,0
1,prefetch-gcc13-scalar-r2-prefetch_chain-scalar-warm-basic-98304,prefetch-gcc13-scalar,2,prefetch_chain,scalar,warm,basic,98304,98304,30306816,19731,250006463,548742980,4,4,0,0,3358144490624,0
1,prefetch-gcc13-scalar-r2-prefetch_chain-scalar-warm-branch-8192,prefetch-gcc13-scalar,2,prefetch_chain,scalar,warm,branch,8192,8192,71893120,561665,250000320,548729752,4,4,0,0,272495573822,0
1,prefetch-gcc13-scalar-r2-prefetch_chain-scalar-warm-branch-524288,prefetch-gcc13-scalar,2,prefetch_chain,scalar,warm,branch,524288,524288,12509184,1527,250089300,548924752,4,4,0,0,17714111299732,0
1,prefetch-gcc13-scalar-r2-prefetch_chain-scalar-warm-branch-98304,prefetch-gcc13-scalar,2,prefetch_chain,scalar,warm,branch,98304,98304,30306816,19731,250008860,548748244,4,4,0,0,3358144490624,0
1,prefetch-gcc13-scalar-r2-prefetch_chain-scalar-warm-branch-24576,prefetch-gcc13-scalar,2,prefetch_chain,scalar,warm,branch,24576,24576,75556992,196763,250001435,548731932,4,4,0,0,812209744787,0
1,prefetch-gcc13-scalar-r2-prefetch_chain-scalar-warm-basic-294912,prefetch-gcc13-scalar,2,prefetch_chain,scalar,warm,basic,294912,294912,16547328,3591,250005629,548741404,4,4,0,0,9976249951698,0
1,prefetch-gcc13-scalar-r2-prefetch_chain-scalar-cache_evicted-basic-536870912,prefetch-gcc13-scalar,2,prefetch_chain,scalar,cache_evicted,basic,536870912,536870912,8388608,1,912313871,2002452972,4,4,0,0,18019702572741219,0
1,prefetch-gcc13-scalar-r2-prefetch_chain-scalar-cache_evicted-branch-536870912,prefetch-gcc13-scalar,2,prefetch_chain,scalar,cache_evicted,branch,536870912,536870912,8388608,1,907670249,1992260572,4,4,0,0,18019702572741219,0
1,prefetch-gcc13-scalar-r2-prefetch_chain-scalar-warm-branch-2097152,prefetch-gcc13-scalar,2,prefetch_chain,scalar,warm,branch,2097152,2097152,11010048,336,250736621,550345612,4,4,0,0,0,0
1,prefetch-gcc13-scalar-r2-prefetch_chain-scalar-warm-branch-196608,prefetch-gcc13-scalar,2,prefetch_chain,scalar,warm,branch,196608,196608,25061376,8158,250022915,548779176,4,4,0,0,0,0
1,prefetch-gcc13-scalar-r2-prefetch_chain-scalar-warm-branch-393216,prefetch-gcc13-scalar,2,prefetch_chain,scalar,warm,branch,393216,393216,13486080,2195,250039687,548816044,4,4,0,0,13294030148822,0
1,prefetch-gcc13-scalar-r2-prefetch_chain-scalar-warm-branch-1048576,prefetch-gcc13-scalar,2,prefetch_chain,scalar,warm,branch,1048576,1048576,11976704,731,250069904,548882340,4,4,0,0,35441822631623,0
1,prefetch-gcc13-scalar-r2-prefetch_chain-scalar-warm-branch-294912,prefetch-gcc13-scalar,2,prefetch_chain,scalar,warm,branch,294912,294912,15413760,3345,250030185,548795024,4,4,0,0,9976249951698,0
1,prefetch-gcc13-scalar-r2-prefetch_chain-scalar-cache_evicted-basic-32768,prefetch-gcc13-scalar,2,prefetch_chain,scalar,cache_evicted,basic,32768,32768,56146944,109662,250002007,548733176,4,4,0,0,0,0
1,prefetch-gcc13-scalar-r2-prefetch_chain-scalar-warm-basic-33554432,prefetch-gcc13-scalar,2,prefetch_chain,scalar,warm,basic,33554432,33554432,3145728,6,277321026,608696164,4,4,0,0,0,0
1,prefetch-gcc13-scalar-r2-prefetch_chain-scalar-warm-basic-5242880,prefetch-gcc13-scalar,2,prefetch_chain,scalar,warm,basic,5242880,5242880,7782400,95,251678974,552413976,4,4,0,0,175749574333787,0
1,prefetch-gcc13-scalar-r2-prefetch_chain-scalar-warm-basic-12582912,prefetch-gcc13-scalar,2,prefetch_chain,scalar,warm,basic,12582912,12582912,3538944,18,250473174,549767352,4,4,0,0,0,0
1,prefetch-gcc13-scalar-r2-prefetch_chain-scalar-warm-basic-524288,prefetch-gcc13-scalar,2,prefetch_chain,scalar,warm,basic,524288,524288,12533760,1530,250099941,548948296,4,4,0,0,0,0
1,prefetch-gcc13-scalar-r2-prefetch_chain-scalar-warm-branch-262144,prefetch-gcc13-scalar,2,prefetch_chain,scalar,warm,branch,262144,262144,17620992,4302,250001644,548732688,4,4,0,0,0,0
1,prefetch-gcc13-scalar-r2-prefetch_chain-scalar-warm-basic-28672,prefetch-gcc13-scalar,2,prefetch_chain,scalar,warm,basic,28672,28672,72930368,162791,250000531,548730112,4,4,0,0,956738716267,0
1,prefetch-gcc13-scalar-r2-prefetch_chain-scalar-warm-basic-7340032,prefetch-gcc13-scalar,2,prefetch_chain,scalar,warm,basic,7340032,7340032,3555328,31,256516898,563032848,4,4,0,0,246148115135164,0
1,prefetch-gcc13-scalar-r2-prefetch_chain-scalar-cache_evicted-branch-6291456,prefetch-gcc13-scalar,2,prefetch_chain,scalar,cache_evicted,branch,6291456,6291456,4915200,50,253244211,555849512,4,4,0,0,0,0
1,prefetch-gcc13-scalar-r2-prefetch_chain-scalar-warm-basic-16384,prefetch-gcc13-scalar,2,prefetch_chain,scalar,warm,basic,16384,16384,74515456,291076,250000216,548729396,4,4,0,0,0,0
1,prefetch-gcc13-scalar-r2-prefetch_chain-scalar-warm-basic-131072,prefetch-gcc13-scalar,2,prefetch_chain,scalar,warm,basic,131072,131072,30382080,14835,250007866,548746172,4,4,0,0,4444591497489,0
1,prefetch-gcc13-scalar-r2-prefetch_chain-scalar-warm-branch-65536,prefetch-gcc13-scalar,2,prefetch_chain,scalar,warm,branch,65536,65536,30292992,29583,250000430,548730008,4,4,0,0,2218310925775,0
1,prefetch-gcc13-scalar-r2-prefetch_chain-scalar-cache_evicted-branch-1048576,prefetch-gcc13-scalar,2,prefetch_chain,scalar,cache_evicted,branch,1048576,1048576,11829248,722,250083774,548912812,4,4,0,0,0,0
1,prefetch-gcc13-scalar-r2-prefetch_chain-scalar-cache_evicted-branch-33554432,prefetch-gcc13-scalar,2,prefetch_chain,scalar,cache_evicted,branch,33554432,33554432,3145728,6,296853698,651568748,4,4,0,0,0,0
1,prefetch-gcc13-scalar-r2-prefetch_chain-scalar-cache_evicted-basic-262144,prefetch-gcc13-scalar,2,prefetch_chain,scalar,cache_evicted,basic,262144,262144,20267008,4948,250009714,548750120,4,4,0,0,0,0
1,prefetch-gcc13-scalar-r2-prefetch_chain-scalar-warm-basic-536870912,prefetch-gcc13-scalar,2,prefetch_chain,scalar,warm,basic,536870912,536870912,8388608,1,899379188,1974062424,4,4,0,0,18013585015959446,0
1,prefetch-gcc13-scalar-r2-prefetch_chain-scalar-warm-basic-24576,prefetch-gcc13-scalar,2,prefetch_chain,scalar,warm,basic,24576,24576,75366528,196267,250000957,548730780,4,4,0,0,812209744787,0
1,prefetch-gcc13-scalar-r2-prefetch_chain-scalar-warm-branch-131072,prefetch-gcc13-scalar,2,prefetch_chain,scalar,warm,branch,131072,131072,24512512,11969,250019662,548771960,4,4,0,0,4444591497489,0
1,prefetch-gcc13-scalar-r2-prefetch_chain-scalar-warm-branch-36864,prefetch-gcc13-scalar,2,prefetch_chain,scalar,warm,branch,36864,36864,30234816,52491,250004578,548739008,4,4,0,0,1214636026240,0
1,prefetch-gcc13-scalar-r2-prefetch_chain-scalar-cache_evicted-branch-262144,prefetch-gcc13-scalar,2,prefetch_chain,scalar,cache_evicted,branch,262144,262144,22700032,5542,250037417,548811084,4,4,0,0,0,0
1,prefetch-gcc13-scalar-r2-prefetch_chain-scalar-warm-branch-49152,prefetch-gcc13-scalar,2,prefetch_chain,scalar,warm,branch,49152,49152,30256896,39397,250000943,548731000,4,4,0,0,1644215312747,0
1,prefetch-gcc13-scalar-r2-prefetch_chain-scalar-warm-basic-8192,prefetch-gcc13-scalar,2,prefetch_chain,scalar,warm,basic,8192,8192,71884928,561601,250000316,548729424,4,4,0,0,272495573822,0
1,prefetch-gcc13-scalar-r2-prefetch_chain-scalar-warm-branch-12582912,prefetch-gcc13-scalar,2,prefetch_chain,scalar,warm,branch,12582912,12582912,3538944,18,250881543,550663688,4,4,0,0,0,0
1,prefetch-gcc13-scalar-r2-prefetch_chain-scalar-warm-basic-393216,prefetch-gcc13-scalar,2,prefetch_chain,scalar,warm,basic,393216,393216,12969984,2111,250079883,548904364,4,4,0,0,13294030148822,0
1,prefetch-gcc13-scalar-r3-prefetch_chain-scalar-warm-branch-6291456,prefetch-gcc13-scalar,3,prefetch_chain,scalar,warm,branch,6291456,6291456,3342336,34,252136293,553417780,4,4,0,0,0,0
1,prefetch-gcc13-scalar-r3-prefetch_chain-scalar-warm-branch-294912,prefetch-gcc13-scalar,3,prefetch_chain,scalar,warm,branch,294912,294912,15312384,3323,250030413,548795532,4,4,0,0,9918043418995,0
1,prefetch-gcc13-scalar-r3-prefetch_chain-scalar-warm-basic-8388608,prefetch-gcc13-scalar,3,prefetch_chain,scalar,warm,basic,8388608,8388608,4194304,32,254436526,558466576,4,4,0,0,0,0
1,prefetch-gcc13-scalar-r3-prefetch_chain-scalar-cache_evicted-basic-262144,prefetch-gcc13-scalar,3,prefetch_chain,scalar,cache_evicted,basic,262144,262144,16891904,4124,250057506,548855000,4,4,0,0,0,0
1,prefetch-gcc13-scalar-r3-prefetch_chain-scalar-cache_evicted-branch-1048576,prefetch-gcc13-scalar,3,prefetch_chain,scalar,cache_evicted,branch,1048576,1048576,11878400,725,250249585,549276600,4,4,0,0,35079332436717,0
1,prefetch-gcc13-scalar-r3-prefetch_chain-scalar-warm-basic-196608,prefetch-gcc13-scalar,3,prefetch_chain,scalar,warm,basic,196608,196608,25024512,8146,250008023,548746648,4,4,0,0,0,0
1,prefetch-gcc13-scalar-r3-prefetch_chain-scalar-cache_evicted-basic-536870912,prefetch-gcc13-scalar,3,prefetch_chain,scalar,cache_evicted,basic,536870912,536870912,8388608,1,897619468,1970199956,4,4,0,0,18018908543644096,0
1,prefetch-gcc13-scalar-r3-prefetch_chain-scalar-warm-branch-16384,prefetch-gcc13-scalar,3,prefetch_chain,scalar,warm,branch,16384,16384,74523392,291107,250000941,548730856,4,4,0,0,535791391593,0
1,prefetch-gcc13-scalar-r3-prefetch_chain-scalar-warm-basic-7340032,prefetch-gcc13-scalar,3,prefetch_chain,scalar,warm,basic,7340032,7340032,4931584,43,252791869,554856688,4,4,0,0,246659897297914,0
1,prefetch-gcc13-scalar-r3-prefetch_chain-scalar-warm-branch-98304,prefetch-gcc13-scalar,3,prefetch_chain,scalar,warm,branch,98304,98304,30329856,19746,250006363,548742748,4,4,0,0,0,0
1,prefetch-gcc13-scalar-r3-prefetch_chain-scalar-warm-branch-49152,prefetch-gcc13-scalar,3,prefetch_chain,scalar,warm,branch,49152,49152,30209280,39335,250004318,548738244,4,4,0,0,1706184279033,0
1,prefetch-gcc13-scalar-r3-prefetch_chain-scalar-warm-basic-2097152,prefetch-gcc13-scalar,3,prefetch_chain,scalar,warm,basic,2097152,2097152,11665408,356,250627937,550107052,4,4,0,0,0,0
1,prefetch-gcc13-scalar-r3-prefetch_chain-scalar-warm-basic-536870912,prefetch-gcc13-scalar,3,prefetch_chain,scalar,warm,basic,536870912,536870912,8388608,1,909822835,1996985332,4,4,0,0,18017182952192070,0
1,prefetch-gcc13-scalar-r3-prefetch_chain-scalar-warm-branch-33554432,prefetch-gcc13-scalar,3,prefetch_chain,scalar,warm,branch,33554432,33554432,3145728,6,286099610,627964416,4,4,0,0,0,0
1,prefetch-gcc13-scalar-r3-prefetch_chain-scalar-cache_evicted-basic-8388608,prefetch-gcc13-scalar,3,prefetch_chain,scalar,cache_evicted,basic,8388608,8388608,4456448,34,250573963,549988576,4,4,0,0,0,0
1,prefetch-gcc13-scalar-r3-prefetch_chain-scalar-warm-basic-32768,prefetch-gcc13-scalar,3,prefetch_chain,scalar,warm,basic,32768,32768,56375808,110109,250000240,548729328,4,4,0,0,1111050461660,0
1,prefetch-gcc13-scalar-r3-prefetch_chain-scalar-warm-basic-98304,prefetch-gcc13-scalar,3,prefetch_chain,scalar,warm,basic,98304,98304,30369792,19772,250002929,548735492,4,4,0,0,0,0
1,prefetch-gcc13-scalar-r3-prefetch_chain-scalar-cache_evicted-branch-536870912,prefetch-gcc13-scalar,3,prefetch_chain,scalar,cache_evicted,branch,536870912,536870912,8388608,1,897199226,1969277412,4,4,0,0,18018908543644096,0
1,prefetch-gcc13-scalar-r3-prefetch_chain-scalar-warm-basic-393216,prefetch-gcc13-scalar,3,prefetch_chain,scalar,warm,basic,393216,393216,13953024,2271,250103093,548955052,4,4,0,0,13215244536462,0
1,prefetch-gcc13-scalar-r3-prefetch_chain-scalar-warm-basic-131072,prefetch-gcc13-scalar,3,prefetch_chain,scalar,warm,basic,131072,131072,30314496,14802,250016608,548765232,4,4,0,0,0,0
1,prefetch-gcc13-scalar-r3-prefetch_chain-scalar-warm-branch-229376,prefetch-gcc13-scalar,3,prefetch_chain,scalar,warm,branch,229376,229376,23267328,6492,250005519,548740880,4,4,0,0,0,0
1,prefetch-gcc13-scalar-r3-prefetch_chain-scalar-cache_evicted-basic-32768,prefetch-gcc13-scalar,3,prefetch_chain,scalar,cache_evicted,basic,32768,32768,56458240,110270,250000748,548730516,4,4,0,0,0,0
1,prefetch-gcc13-scalar-r3-prefetch_chain-scalar-cache_evicted-branch-8388608,prefetch-gcc13-scalar,3,prefetch_chain,scalar,cache_evicted,branch,8388608,8388608,4456448,34,252151905,553452040,4,4,0,0,0,0
1,prefetch-gcc13-scalar-r3-prefetch_chain-scalar-warm-basic-36864,prefetch-gcc13-scalar,3,prefetch_chain,scalar,warm,basic,36864,36864,30208320,52445,250002993,548735620,4,4,0,0,1266631549731,0
1,prefetch-gcc13-scalar-r3-prefetch_chain-scalar-cache_evicted-basic-1048576,prefetch-gcc13-scalar,3,prefetch_chain,scalar,cache_evicted,basic,1048576,1048576,11911168,727,250308768,549406800,4,4,0,0,35079332436717,0
1,prefetch-gcc13-scalar-r3-prefetch_chain-scalar-warm-basic-262144,prefetch-gcc13-scalar,3,prefetch_chain,scalar,warm,basic,262144,262144,22638592,5527,250023564,548780648,4,4,0,0,8892207820658,0
1,prefetch-gcc13-scalar-r3-prefetch_chain-scalar-warm-branch-28672,prefetch-gcc13-scalar,3,prefetch_chain,scalar,warm,branch,28672,28672,72766848,162426,250001125,548731548,4,4,0,0,0,0
1,prefetch-gcc13-scalar-r3-prefetch_chain-scalar-warm-basic-6291456,prefetch-gcc13-scalar,3,prefetch_chain,scalar,warm,basic,6291456,6291456,3833856,39,253545846,556511592,4,4,0,0,211399421943627,0
1,prefetch-gcc13-scalar-r3-prefetch_chain-scalar-warm-basic-524288,prefetch-gcc13-scalar,3,prefetch_chain,scalar,warm,basic,524288,524288,12541952,1531,250066904,548875616,4,4,0,0,17619715398268,0
1,prefetch-gcc13-scalar-r3-prefetch_chain-scalar-cache_evicted-branch-262144,prefetch-gcc13-scalar,3,prefetch_chain,scalar,cache_evicted,branch,262144,262144,22409216,5471,250037422,548810920,4,4,0,0,8684286055324,0
1,prefetch-gcc13-scalar-r3-prefetch_chain-scalar-warm-basic-49152,prefetch-gcc13-scalar,3,prefetch_chain,scalar,warm,basic,49152,49152,30267648,39411,250002190,548733576,4,4,0,0,1706184279033,0
1,prefetch-gcc13-scalar-r3-prefetch_chain-scalar-warm-branch-8388608,prefetch-gcc13-scalar,3,prefetch_chain,scalar,warm,branch,8388608,8388608,4194304,32,250109540,548969208,4,4,0,0,0,0
1,prefetch-gcc13-scalar-r3-prefetch_chain-scalar-warm-basic-5242880,prefetch-gcc13-scalar,3,prefetch_chain,scalar,warm,basic,5242880,5242880,7045120,86,250579406,550000556,4,4,0,0,0,0
1,prefetch-gcc13-scalar-r3-prefetch_chain-scalar-warm-branch-4194304,prefetch-gcc13-scalar,3,prefetch_chain,scalar,warm,branch,4194304,4194304,8192000,125,250694747,550253692,4,4,0,0,140893751395025,0
1,prefetch-gcc13-scalar-r3-prefetch_chain-scalar-warm-basic-294912,prefetch-gcc13-scalar,3,prefetch_chain,scalar,warm,basic,294912,294912,15823872,3434,250041966,548820896,4,4,0,0,0,0
1,prefetch-gcc13-scalar-r3-prefetch_chain-scalar-cache_evicted-branch-33554432,prefetch-gcc13-scalar,3,prefetch_chain,scalar,cache_evicted,branch,33554432,33554432,3145728,6,295835516,649333944,4,4,0,0,0,0
1,prefetch-gcc13-scalar-r3-prefetch_chain-scalar-warm-basic-229376,prefetch-gcc13-scalar,3,prefetch_chain,scalar,warm,basic,229376,229376,24263680,6770,250006636,548743608,4,4,0,0,0,0
1,prefetch-gcc13-scalar-r3-prefetch_chain-scalar-warm-branch-12582912,prefetch-gcc13-scalar,3,prefetch_chain,scalar,warm,branch,12582912,12582912,3735552,19,262016024,575102956,4,4,0,0,422344396560597,0
1,prefetch-gcc13-scalar-r3-prefetch_chain-scalar-warm-branch-24576,prefetch-gcc13-scalar,3,prefetch_chain,scalar,warm,branch,24576,24576,75576960,196815,250000521,548730224,4,4,0,0,827860926492,0
1,prefetch-gcc13-scalar-r3-prefetch_chain-scalar-warm-basic-33554432,prefetch-gcc13-scalar,3,prefetch_chain,scalar,warm,basic,33554432,33554432,3145728,6,285852871,627422860,4,4,0,0,0,0
1,prefetch-gcc13-scalar-r3-prefetch_chain-scalar-warm-branch-536870912,prefetch-gcc13-scalar,3,prefetch_chain,scalar,warm,branch,536870912,536870912,8388608,1,899155197,1973570756,4,4,0,0,18017182952192070,0
1,prefetch-gcc13-scalar-r3-prefetch_chain-scalar-warm-basic-65536,prefetch-gcc13-scalar,3,prefetch_chain,scalar,warm,basic,65536,65536,30258176,29549,250005973,548741864,4,4,0,0,2263682659371,0
1,prefetch-gcc13-scalar-r3-prefetch_chain-scalar-warm-branch-393216,prefetch-gcc13-scalar,3,prefetch_chain,scalar,warm,branch,393216,393216,13553664,2206,250010462,548752012,4,4,0,0,0,0
1,prefetch-gcc13-scalar-r3-prefetch_chain-scalar-warm-branch-8192,prefetch-gcc13-scalar,3,prefetch_chain,scalar,warm,branch,8192,8192,71832064,561188,250000213,548729240,4,4,0,0,0,0
1,prefetch-gcc13-scalar-r3-prefetch_chain-scalar-cache_evicted-branch-6291456,prefetch-gcc13-scalar,3,prefetch_chain,scalar,cache_evicted,branch,6291456,6291456,4718592,48,252809110,554894536,4,4,0,0,0,0
1,prefetch-gcc13-scalar-r3-prefetch_chain-scalar-warm-branch-131072,prefetch-gcc13-scalar,3,prefetch_chain,scalar,warm,branch,131072,131072,30371840,14830,250012054,548755520,4,4,0,0,0,0
1,prefetch-gcc13-scalar-r3-prefetch_chain-scalar-warm-branch-134217728,prefetch-gcc13-scalar,3,prefetch_chain,scalar,warm,branch,134217728,134217728,4194304,2,429527427,942776552,4,4,0,0,0,0
1,prefetch-gcc13-scalar-r3-prefetch_chain-scalar-warm-basic-1048576,prefetch-gcc13-scalar,3,prefetch_chain,scalar,warm,basic,1048576,1048576,12075008,737,250130060,549014236,4,4,0,0,35153663690326,0
1,prefetch-gcc13-scalar-r3-prefetch_chain-scalar-cache_evicted-basic-6291456,prefetch-gcc13-scalar,3,prefetch_chain,scalar,cache_evicted,basic,6291456,6291456,3145728,32,252889382,555070724,4,4,0,0,0,0
1,prefetch-gcc13-scalar-r3-prefetch_chain-scalar-cache_evicted-branch-32768,prefetch-gcc13-scalar,3,prefetch_chain,scalar,cache_evicted,branch,32768,32768,57183232,111686,250001658,548732680,4,4,0,0,0,0
1,prefetch-gcc13-scalar-r3-prefetch_chain-scalar-warm-branch-32768,prefetch-gcc13-scalar,3,prefetch_chain,scalar,warm,branch,32768,32768,55489536,108378,250002377,548734276,4,4,0,0,0,0
1,prefetch-gcc13-scalar-r3-prefetch_chain-scalar-warm-branch-524288,prefetch-gcc13-scalar,3,prefetch_chain,scalar,warm,branch,524288,524288,12656640,1545,250055449,548850648,4,4,0,0,17619715398268,0
1,prefetch-gcc13-scalar-r3-prefetch_chain-scalar-warm-basic-8192,prefetch-gcc13-scalar,3,prefetch_chain,scalar,warm,basic,8192,8192,71891712,561654,250000515,548730188,4,4,0,0,0,0
1,prefetch-gcc13-scalar-r3-prefetch_chain-scalar-warm-branch-2097152,prefetch-gcc13-scalar,3,prefetch_chain,scalar,warm,branch,2097152,2097152,11763712,359,250192620,549151728,4,4,0,0,70288174951089,0
1,prefetch-gcc13-scalar-r3-prefetch_chain-scalar-warm-basic-134217728,prefetch-gcc13-scalar,3,prefetch_chain,scalar,warm,basic,134217728,134217728,4194304,2,429984557,943779944,4,4,0,0,0,0
1,prefetch-gcc13-scalar-r3-prefetch_chain-scalar-warm-basic-16384,prefetch-gcc13-scalar,3,prefetch_chain,scalar,warm,basic,16384,16384,74174464,289744,250001049,548731056,4,4,0,0,0,0
1,prefetch-gcc13-scalar-r3-prefetch_chain-scalar-warm-branch-1048576,prefetch-gcc13-scalar,3,prefetch_chain,scalar,warm,branch,1048576,1048576,11976704,731,250120029,548992208,4,4,0,0,35153663690326,0
1,prefetch-gcc13-scalar-r3-prefetch_chain-scalar-warm-branch-36864,prefetch-gcc13-scalar,3,prefetch_chain,scalar,warm,branch,36864,36864,30221568,52468,250002674,548734948,4,4,0,0,0,0
1,prefetch-gcc13-scalar-r3-prefetch_chain-scalar-warm-basic-4194304,prefetch-gcc13-scalar,3,prefetch_chain,scalar,warm,basic,4194304,4194304,9633792,147,250327280,549447272,4,4,0,0,140893751395025,0
1,prefetch-gcc13-scalar-r3-prefetch_chain-scalar-warm-branch-262144,prefetch-gcc13-scalar,3,prefetch_chain,scalar,warm,branch,262144,262144,23027712,5622,250038544,548813652,4,4,0,0,0,0
1,prefetch-gcc13-scalar-r3-prefetch_chain-scalar-warm-branch-5242880,prefetch-gcc13-scalar,3,prefetch_chain,scalar,warm,branch,5242880,5242880,6799360,83,250869125,550636428,4,4,0,0,176291823372340,0
1,prefetch-gcc13-scalar-r3-prefetch_chain-scalar-warm-branch-65536,prefetch-gcc13-scalar,3,prefetch_chain,scalar,warm,branch,65536,65536,30258176,29549,250000690,548730292,4,4,0,0,2263682659371,0
1,prefetch-gcc13-scalar-r3-prefetch_chain-scalar-warm-branch-196608,prefetch-gcc13-scalar,3,prefetch_chain,scalar,warm,branch,196608,196608,23918592,7786,250025018,548783680,4,4,0,0,0,0
1,prefetch-gcc13-scalar-r3-prefetch_chain-scalar-warm-basic-12582912,prefetch-gcc13-scalar,3,prefetch_chain,scalar,warm,basic,12582912,12582912,3735552,19,261293257,573516544,4,4,0,0,422344396560597,0
1,prefetch-gcc13-scalar-r3-prefetch_chain-scalar-cache_evicted-basic-33554432,prefetch-gcc13-scalar,3,prefetch_chain,scalar,cache_evicted,basic,33554432,33554432,3145728,6,285846747,627409688,4,4,0,0,0,0
1,prefetch-gcc13-scalar-r3-prefetch_chain-scalar-warm-branch-7340032,prefetch-gcc13-scalar,3,prefetch_chain,scalar,warm,branch,7340032,7340032,4931584,43,250845823,550585276,4,4,0,0,246659897297914,0
1,prefetch-gcc13-scalar-r3-prefetch_chain-scalar-warm-basic-28672,prefetch-gcc13-scalar,3,prefetch_chain,scalar,warm,basic,28672,28672,73163776,163312,250000177,548729440,4,4,0,0,0,0
1,prefetch-gcc13-scalar-r3-prefetch_chain-scalar-warm-basic-24576,prefetch-gcc13-scalar,3,prefetch_chain,scalar,warm,basic,24576,24576,75572352,196803,250001140,548731436,4,4,0,0,827860926492,0
1,prefetch-gcc13-scalar-r4-prefetch_chain-scalar-warm-branch-229376,prefetch-gcc13-scalar,4,prefetch_chain,scalar,warm,branch,229376,229376,24399872,6808,250005093,548739940,4,4,0,0,0,0
1,prefetch-gcc13-scalar-r4-prefetch_chain-scalar-warm-branch-24576,prefetch-gcc13-scalar,4,prefetch_chain,scalar,warm,branch,24576,24576,75479040,196560,250001038,548731028,4,4,0,0,0,0
1,prefetch-gcc13-scalar-r4-prefetch_chain-scalar-warm-branch-536870912,prefetch-gcc13-scalar,4,prefetch_chain,scalar,warm,branch,536870912,536870912,8388608,1,903741854,1983638100,4,4,0,0,18012469142982731,0
1,prefetch-gcc13-scalar-r4-prefetch_chain-scalar-warm-basic-36864,prefetch-gcc13-scalar,4,prefetch_chain,scalar,warm,basic,36864,36864,30221568,52468,250001788,548733000,4,4,0,0,0,0
1,prefetch-gcc13-scalar-r4-prefetch_chain-scalar-warm-basic-294912,prefetch-gcc13-scalar,4,prefetch_chain,scalar,warm,basic,294912,294912,16962048,3681,250019892,548772712,4,4,0,0,9755867286903,0
1,prefetch-gcc13-scalar-r4-prefetch_chain-scalar-warm-basic-4194304,prefetch-gcc13-scalar,4,prefetch_chain,scalar,warm,basic,4194304,4194304,9175040,140,251635188,552318160,4,4,0,0,0,0
1,prefetch-gcc13-scalar-r4-prefetch_chain-scalar-warm-branch-7340032,prefetch-gcc13-scalar,4,prefetch_chain,scalar,warm,branch,7340032,7340032,5390336,47,251238378,551446924,4,4,0,0,245893897071513,0
1,prefetch-gcc13-scalar-r4-prefetch_chain-scalar-warm-branch-134217728,prefetch-gcc13-scalar,4,prefetch_chain,scalar,warm,branch,134217728,134217728,4194304,2,435220105,955271784,4,4,0,0,0,0
1,prefetch-gcc13-scalar-r4-prefetch_chain-scalar-cache_evicted-branch-536870912,prefetch-gcc13-scalar,4,prefetch_chain,scalar,cache_evicted,branch,536870912,536870912,8388608,1,1105604371,2426709524,4,4,0,0,18021170286067877,0
1,prefetch-gcc13-scalar-r4-prefetch_chain-scalar-warm-branch-4194304,prefetch-gcc13-scalar,4,prefetch_chain,scalar,warm,branch,4194304,4194304,5701632,87,250100227,548948784,4,4,0,0,140447440177638,0
1,prefetch-gcc13-scalar-r4-prefetch_chain-scalar-warm-basic-131072,prefetch-gcc13-scalar,4,prefetch_chain,scalar,warm,basic,131072,131072,30369792,14829,250005697,548741004,4,4,0,0,4364675023442,0
1,prefetch-gcc13-scalar-r4-prefetch_chain-scalar-cache_evicted-branch-8388608,prefetch-gcc13-scalar,4,prefetch_chain,scalar,cache_evicted,branch,8388608,8388608,4194304,32,256208811,562356600,4,4,0,0,0,0
1,prefetch-gcc13-scalar-r4-prefetch_chain-scalar-warm-branch-12582912,prefetch-gcc13-scalar,4,prefetch_chain,scalar,warm,branch,12582912,12582912,3145728,16,251537651,552103816,4,4,0,0,0,0
1,prefetch-gcc13-scalar-r4-prefetch_chain-scalar-warm-basic-7340032,prefetch-gcc13-scalar,4,prefetch_chain,scalar,warm,basic,7340032,7340032,3899392,34,254981450,559662628,4,4,0,0,0,0
1,prefetch-gcc13-scalar-r4-prefetch_chain-scalar-warm-basic-134217728,prefetch-gcc13-scalar,4,prefetch_chain,scalar,warm,basic,134217728,134217728,4194304,2,428666141,940886096,4,4,0,0,0,0
1,prefetch-gcc13-scalar-r4-prefetch_chain-scalar-warm-branch-33554432,prefetch-gcc13-scalar,4,prefetch_chain,scalar,warm,branch,33554432,33554432,3145728,6,297484471,652953236,4,4,0,0,0,0
1,prefetch-gcc13-scalar-r4-prefetch_chain-scalar-cache_evicted-basic-536870912,prefetch-gcc13-scalar,4,prefetch_chain,scalar,cache_evicted,basic,536870912,536870912,8388608,1,898537897,1972215828,4,4,0,0,18021170286067877,0
1,prefetch-gcc13-scalar-r4-prefetch_chain-scalar-warm-basic-524288,prefetch-gcc13-scalar,4,prefetch_chain,scalar,warm,basic,524288,524288,12959744,1582,250087816,548921512,4,4,0,0,0,0
1,prefetch-gcc13-scalar-r4-prefetch_chain-scalar-warm-branch-32768,prefetch-gcc13-scalar,4,prefetch_chain,scalar,warm,branch,32768,32768,57631744,112562,250001454,548731968,4,4,0,0,0,0
1,prefetch-gcc13-scalar-r4-prefetch_chain-scalar-warm-branch-5242880,prefetch-gcc13-scalar,4,prefetch_chain,scalar,warm,branch,5242880,5242880,6225920,76,253483150,556374000,4,4,0,0,0,0
1,prefetch-gcc13-scalar-r4-prefetch_chain-scalar-warm-basic-65536,prefetch-gcc13-scalar,4,prefetch_chain,scalar,warm,basic,65536,65536,30245888,29537,250001998,548733448,4,4,0,0,2166461082465,0
1,prefetch-gcc13-scalar-r4-prefetch_chain-scalar-warm-basic-16384,prefetch-gcc13-scalar,4,prefetch_chain,scalar,warm,basic,16384,16384,74510336,291056,250001003,548730976,4,4,0,0,0,0
1,prefetch-gcc13-scalar-r4-prefetch_chain-scalar-warm-branch-294912,prefetch-gcc13-scalar,4,prefetch_chain,scalar,warm,branch,294912,294912,15856128,3441,250013681,548759044,4,4,0,0,9755867286903,0
1,prefetch-gcc13-scalar-r4-prefetch_chain-scalar-warm-branch-524288,prefetch-gcc13-scalar,4,prefetch_chain,scalar,warm,branch,524288,524288,12951552,1581,250091714,548930212,4,4,0,0,17518146578183,0
1,prefetch-gcc13-scalar-r4-prefetch_chain-scalar-cache_evicted-branch-32768,prefetch-gcc13-scalar,4,prefetch_chain,scalar,cache_evicted,branch,32768,32768,56609792,110566,250000146,548729368,4,4,0,0,0,0
1,prefetch-gcc13-scalar-r4-prefetch_chain-scalar-warm-basic-98304,prefetch-gcc13-scalar,4,prefetch_chain,scalar,warm,basic,98304,98304,30359040,19765,250008803,548748096,4,4,0,0,3257536595020,0
1,prefetch-gcc13-scalar-r4-prefetch_chain-scalar-warm-basic-28672,prefetch-gcc13-scalar,4,prefetch_chain,scalar,warm,basic,28672,28672,73887296,164927,250001464,548732012,4,4,0,0,959023858668,0
1,prefetch-gcc13-scalar-r4-prefetch_chain-scalar-cache_evicted-branch-1048576,prefetch-gcc13-scalar,4,prefetch_chain,scalar,cache_evicted,branch,1048576,1048576,11780096,719,250182411,549129304,4,4,0,0,35528578628654,0
1,prefetch-gcc13-scalar-r4-prefetch_chain-scalar-warm-basic-536870912,prefetch-gcc13-scalar,4,prefetch_chain,scalar,warm,basic,536870912,536870912,8388608,1,906882844,1990532320,4,4,0,0,18012469142982731,0
1,prefetch-gcc13-scalar-r4-prefetch_chain-scalar-warm-branch-2097152,prefetch-gcc13-scalar,4,prefetch_chain,scalar,warm,branch,2097152,2097152,11665408,356,250352916,549503416,4,4,0,0,0,0
1,prefetch-gcc13-scalar-r4-prefetch_chain-scalar-warm-basic-49152,prefetch-gcc13-scalar,4,prefetch_chain,scalar,warm,basic,49152,49152,30265344,39408,250003210,548735812,4,4,0,0,0,0
1,prefetch-gcc13-scalar-r4-prefetch_chain-scalar-cache_evicted-branch-6291456,prefetch-gcc13-scalar,4,prefetch_chain,scalar,cache_evicted,branch,6291456,6291456,5406720,55,250956611,550828460,4,4,0,0,211839044133010,0
1,prefetch-gcc13-scalar-r4-prefetch_chain-scalar-warm-branch-6291456,prefetch-gcc13-scalar,4,prefetch_chain,scalar,warm,branch,6291456,6291456,5505024,56,251476248,551969016,4,4,0,0,0,0
1,prefetch-gcc13-scalar-r4-prefetch_chain-scalar-cache_evicted-branch-262144,prefetch-gcc13-scalar,4,prefetch_chain,scalar,cache_evicted,branch,262144,262144,22257664,5434,250015927,548763864,4,4,0,0,0,0
1,prefetch-gcc13-scalar-r4-prefetch_chain-scalar-warm-branch-36864,prefetch-gcc13-scalar,4,prefetch_chain,scalar,warm,branch,36864,36864,30214656,52456,250003547,548736748,4,4,0,0,0,0
1,prefetch-gcc13-scalar-r4-prefetch_chain-scalar-cache_evicted-basic-8388608,prefetch-gcc13-scalar,4,prefetch_chain,scalar,cache_evicted,basic,8388608,8388608,3145728,24,256159377,562248056,4,4,0,0,0,0
1,prefetch-gcc13-scalar-r4-prefetch_chain-scalar-warm-branch-49152,prefetch-gcc13-scalar,4,prefetch_chain,scalar,warm,branch,49152,49152,30163200,39275,250000777,548730632,4,4,0,0,1612357185416,0
1,prefetch-gcc13-scalar-r4-prefetch_chain-scalar-warm-basic-262144,prefetch-gcc13-scalar,4,prefetch_chain,scalar,warm,basic,262144,262144,21749760,5310,250018403,548769340,4,4,0,0,0,0
1,prefetch-gcc13-scalar-r4-prefetch_chain-scalar-warm-basic-229376,prefetch-gcc13-scalar,4,prefetch_chain,scalar,warm,basic,229376,229376,24733184,6901,250031260,548797692,4,4,0,0,7562804735135,0
1,prefetch-gcc13-scalar-r4-prefetch_chain-scalar-warm-branch-131072,prefetch-gcc13-scalar,4,prefetch_chain,scalar,warm,branch,131072,131072,30380032,14834,250001038,548731356,4,4,0,0,0,0
1,prefetch-gcc13-scalar-r4-prefetch_chain-scalar-warm-branch-16384,prefetch-gcc13-scalar,4,prefetch_chain,scalar,warm,branch,16384,16384,74506496,291041,250000723,548730484,4,4,0,0,542479139744,0
1,prefetch-gcc13-scalar-r4-prefetch_chain-scalar-warm-basic-33554432,prefetch-gcc13-scalar,4,prefetch_chain,scalar,warm,basic,33554432,33554432,3145728,6,283801723,622920776,4,4,0,0,0,0
1,prefetch-gcc13-scalar-r4-prefetch_chain-scalar-warm-basic-24576,prefetch-gcc13-scalar,4,prefetch_chain,scalar,warm,basic,24576,24576,75571584,196801,250000330,548729660,4,4,0,0,807563911695,0
1,prefetch-gcc13-scalar-r4-prefetch_chain-scalar-warm-branch-8192,prefetch-gcc13-scalar,4,prefetch_chain,scalar,warm,branch,8192,8192,71837440,561230,250000367,548729572,4,4,0,0,0,0
1,prefetch-gcc13-scalar-r4-prefetch_chain-scalar-cache_evicted-basic-32768,prefetch-gcc13-scalar,4,prefetch_chain,scalar,cache_evicted,basic,32768,32768,58270208,113809,250000661,548730408,4,4,0,0,1116292219228,0
1,prefetch-gcc13-scalar-r4-prefetch_chain-scalar-warm-basic-196608,prefetch-gcc13-scalar,4,prefetch_chain,scalar,warm,basic,196608,196608,25359360,8255,250004515,548738988,4,4,0,0,6499451870512,0
1,prefetch-gcc13-scalar-r4-prefetch_chain-scalar-cache_evicted-basic-33554432,prefetch-gcc13-scalar,4,prefetch_chain,scalar,cache_evicted,basic,33554432,33554432,3145728,6,286399236,628622076,4,4,0,0,0,0
1,prefetch-gcc13-scalar-r4-prefetch_chain-scalar-warm-basic-8192,prefetch-gcc13-scalar,4,prefetch_chain,scalar,warm,basic,8192,8192,71885440,561605,250000483,548730020,4,4,0,0,282901022624,0
1,prefetch-gcc13-scalar-r4-prefetch_chain-scalar-warm-basic-6291456,prefetch-gcc13-scalar,4,prefetch_chain,scalar,warm,basic,6291456,6291456,5701632,58,250899387,550702864,4,4,0,0,0,0
1,prefetch-gcc13-scalar-r4-prefetch_chain-scalar-warm-branch-1048576,prefetch-gcc13-scalar,4,prefetch_chain,scalar,warm,branch,1048576,1048576,11993088,732,250207828,549185064,4,4,0,0,0,0
1,prefetch-gcc13-scalar-r4-prefetch_chain-scalar-cache_evicted-basic-262144,prefetch-gcc13-scalar,4,prefetch_chain,scalar,cache_evicted,basic,262144,262144,16502784,4029,250043627,548824280,4,4,0,0,8801410413242,0
1,prefetch-gcc13-scalar-r4-prefetch_chain-scalar-warm-branch-8388608,prefetch-gcc13-scalar,4,prefetch_chain,scalar,warm,branch,8388608,8388608,3670016,28,253262252,555889148,4,4,0,0,0,0
1,prefetch-gcc13-scalar-r4-prefetch_chain-scalar-warm-branch-262144,prefetch-gcc13-scalar,4,prefetch_chain,scalar,warm,branch,262144,262144,17391616,4246,250026264,548786696,4,4,0,0,0,0
1,prefetch-gcc13-scalar-r4-prefetch_chain-scalar-cache_evicted-branch-33554432,prefetch-gcc13-scalar,4,prefetch_chain,scalar,cache_evicted,branch,33554432,33554432,3145728,6,286092370,627948528,4,4,0,0,0,0
1,prefetch-gcc13-scalar-r4-prefetch_chain-scalar-warm-basic-2097152,prefetch-gcc13-scalar,4,prefetch_chain,scalar,warm,basic,2097152,2097152,11632640,355,250263178,549306700,4,4,0,0,70311020267942,0
1,prefetch-gcc13-scalar-r4-prefetch_chain-scalar-warm-basic-393216,prefetch-gcc13-scalar,4,prefetch_chain,scalar,warm,basic,393216,393216,14168064,2306,250045008,548827592,4,4,0,0,0,0
1,prefetch-gcc13-scalar-r4-prefetch_chain-scalar-warm-branch-65536,prefetch-gcc13-scalar,4,prefetch_chain,scalar,warm,branch,65536,65536,30282752,29573,250007051,548744288,4,4,0,0,2166461082465,0
1,prefetch-gcc13-scalar-r4-prefetch_chain-scalar-warm-basic-12582912,prefetch-gcc13-scalar,4,prefetch_chain,scalar,warm,basic,12582912,12582912,3342336,17,251140024,551231044,4,4,0,0,421426328923393,0
1,prefetch-gcc13-scalar-r4-prefetch_chain-scalar-warm-basic-5242880,prefetch-gcc13-scalar,4,prefetch_chain,scalar,warm,basic,5242880,5242880,3768320,46,252702915,554661444,4,4,0,0,0,0
1,prefetch-gcc13-scalar-r4-prefetch_chain-scalar-warm-basic-32768,prefetch-gcc13-scalar,4,prefetch_chain,scalar,warm,basic,32768,32768,57388544,112087,250001450,548732216,4,4,0,0,1106975323768,0
1,prefetch-gcc13-scalar-r4-prefetch_chain-scalar-cache_evicted-basic-1048576,prefetch-gcc13-scalar,4,prefetch_chain,scalar,cache_evicted,basic,1048576,1048576,11845632,723,250244178,549264776,4,4,0,0,35528578628654,0
1,prefetch-gcc13-scalar-r4-prefetch_chain-scalar-cache_evicted-basic-6291456,prefetch-gcc13-scalar,4,prefetch_chain,scalar,cache_evicted,basic,6291456,6291456,5406720,55,251425686,551858048,4,4,0,0,211839044133010,0
1,prefetch-gcc13-scalar-r4-prefetch_chain-scalar-warm-branch-393216,prefetch-gcc13-scalar,4,prefetch_chain,scalar,warm,branch,393216,393216,12920832,2103,250033829,548803180,4,4,0,0,13083676613165,0
1,prefetch-gcc13-scalar-r4-prefetch_chain-scalar-warm-branch-196608,prefetch-gcc13-scalar,4,prefetch_chain,scalar,warm,branch,196608,196608,23015424,7492,250027434,548788992,4,4,0,0,0,0
1,prefetch-gcc13-scalar-r4-prefetch_chain-scalar-warm-branch-28672,prefetch-gcc13-scalar,4,prefetch_chain,scalar,warm,branch,28672,28672,71796928,160261,250000256,548729640,4,4,0,0,959023858668,0
1,prefetch-gcc13-scalar-r4-prefetch_chain-scalar-warm-basic-8388608,prefetch-gcc13-scalar,4,prefetch_chain,scalar,warm,basic,8388608,8388608,4194304,32,254985970,559672596,4,4,0,0,0,0
1,prefetch-gcc13-scalar-r4-prefetch_chain-scalar-warm-basic-1048576,prefetch-gcc13-scalar,4,prefetch_chain,scalar,warm,basic,1048576,1048576,11927552,728,250202260,549172624,4,4,0,0,0,0
1,prefetch-gcc13-scalar-r4-prefetch_chain-scalar-warm-branch-98304,prefetch-gcc13-scalar,4,prefetch_chain,scalar,warm,branch,98304,98304,30354432,19762,250002787,548735176,4,4,0,0,0,0
1,prefetch-gcc13-scalar-r5-prefetch_chain-scalar-warm-basic-393216,prefetch-gcc13-scalar,5,prefetch_chain,scalar,warm,basic,393216,393216,14039040,2285,250053115,548845344,4,4,0,0,13219856124795,0
1,prefetch-gcc13-scalar-r5-prefetch_chain-scalar-warm-basic-131072,prefetch-gcc13-scalar,5,prefetch_chain,scalar,warm,basic,131072,131072,30373888,14831,250011190,548753356,4,4,0,0,4475902015112,0
1,prefetch-gcc13-scalar-r5-prefetch_chain-scalar-warm-branch-2097152,prefetch-gcc13-scalar,5,prefetch_chain,scalar,warm,branch,2097152,2097152,11108352,339,250296347,549379192,4,4,0,0,70218756438333,0
1,prefetch-gcc13-scalar-r5-prefetch_chain-scalar-warm-basic-229376,prefetch-gcc13-scalar,5,prefetch_chain,scalar,warm,basic,229376,229376,26632704,7431,250027114,548788448,4,4,0,0,7773338757913,0
1,prefetch-gcc13-scalar-r5-prefetch_chain-scalar-warm-basic-4194304,prefetch-gcc13-scalar,5,prefetch_chain,scalar,warm,basic,4194304,4194304,7536640,115,251440061,551889588,4,4,0,0,140575845709578,0
1,prefetch-gcc13-scalar-r5-prefetch_chain-scalar-warm-basic-134217728,prefetch-gcc13-scalar,5,prefetch_chain,scalar,warm,basic,134217728,134217728,4194304,2,428379219,940256300,4,4,0,0,0,0
1,prefetch-gcc13-scalar-r5-prefetch_chain-scalar-warm-basic-16384,prefetch-gcc13-scalar,5,prefetch_chain,scalar,warm,basic,16384,16384,74523648,291108,250000915,548730940,4,4,0,0,0,0
1,prefetch-gcc13-scalar-r5-prefetch_chain-scalar-warm-branch-12582912,prefetch-gcc13-scalar,5,prefetch_chain,scalar,warm,branch,12582912,12582912,3735552,19,259420136,569405192,4,4,0,0,421622849936777,0
1,prefetch-gcc13-scalar-r5-prefetch_chain-scalar-warm-basic-536870912,prefetch-gcc13-scalar,5,prefetch_chain,scalar,warm,basic,536870912,536870912,8388608,1,900127643,1975705220,4,4,0,0,18019283168219381,0
1,prefetch-gcc13-scalar-r5-prefetch_chain-scalar-cache_evicted-basic-1048576,prefetch-gcc13-scalar,5,prefetch_chain,scalar,cache_evicted,basic,1048576,1048576,10125312,618,250109284,548968632,4,4,91,0,0,0
1,prefetch-gcc13-scalar-r5-prefetch_chain-scalar-warm-basic-98304,prefetch-gcc13-scalar,5,prefetch_chain,scalar,warm,basic,98304,98304,30360576,19766,250009995,548751000,4,4,0,0,0,0
1,prefetch-gcc13-scalar-r5-prefetch_chain-scalar-warm-basic-32768,prefetch-gcc13-scalar,5,prefetch_chain,scalar,warm,basic,32768,32768,58492928,114244,250001319,548731676,4,4,0,0,0,0
1,prefetch-gcc13-scalar-r5-prefetch_chain-scalar-cache_evicted-branch-8388608,prefetch-gcc13-scalar,5,prefetch_chain,scalar,cache_evicted,branch,8388608,8388608,3145728,24,260622520,572044332,4,4,0,0,0,0
1,prefetch-gcc13-scalar-r5-prefetch_chain-scalar-warm-branch-32768,prefetch-gcc13-scalar,5,prefetch_chain,scalar,warm,branch,32768,32768,57344512,112001,250001628,548732352,4,4,0,0,1113582168630,0
1,prefetch-gcc13-scalar-r5-prefetch_chain-scalar-cache_evicted-branch-262144,prefetch-gcc13-scalar,5,prefetch_chain,scalar,cache_evicted,branch,262144,262144,16756736,4091,250028052,548790364,4,4,0,0,8858532393576,0
1,prefetch-gcc13-scalar-r5-prefetch_chain-scalar-warm-basic-262144,prefetch-gcc13-scalar,5,prefetch_chain,scalar,warm,basic,262144,262144,22085632,5392,250035475,548806800,4,4,0,0,0,0
1,prefetch-gcc13-scalar-r5-prefetch_chain-scalar-warm-branch-36864,prefetch-gcc13-scalar,5,prefetch_chain,scalar,warm,branch,36864,36864,30235968,52493,250003846,548737516,4,4,0,0,1250719635317,0
1,prefetch-gcc13-scalar-r5-prefetch_chain-scalar-warm-basic-196608,prefetch-gcc13-scalar,5,prefetch_chain,scalar,warm,basic,196608,196608,30056448,9784,250004863,548739428,4,4,0,0,0,0
1,prefetch-gcc13-scalar-r5-prefetch_chain-scalar-warm-basic-8388608,prefetch-gcc13-scalar,5,prefetch_chain,scalar,warm,basic,8388608,8388608,4194304,32,255922054,561727172,4,4,0,0,0,0
1,prefetch-gcc13-scalar-r5-prefetch_chain-scalar-warm-branch-131072,prefetch-gcc13-scalar,5,prefetch_chain,scalar,warm,branch,131072,131072,30214144,14753,250016945,548765984,4,4,0,0,4475902015112,0
1,prefetch-gcc13-scalar-r5-prefetch_chain-scalar-cache_evicted-basic-8388608,prefetch-gcc13-scalar,5,prefetch_chain,scalar,cache_evicted,basic,8388608,8388608,3407872,26,251319271,551624472,4,4,0,0,0,0
1,prefetch-gcc13-scalar-r5-prefetch_chain-scalar-warm-branch-294912,prefetch-gcc13-scalar,5,prefetch_chain,scalar,warm,branch,294912,294912,17238528,3741,250012229,548755644,4,4,0,0,9902003856034,0
1,prefetch-gcc13-scalar-r5-prefetch_chain-scalar-cache_evicted-basic-262144,prefetch-gcc13-scalar,5,prefetch_chain,scalar,cache_evicted,basic,262144,262144,23486464,5734,250043694,548824676,4,4,0,0,0,0
1,prefetch-gcc13-scalar-r5-prefetch_chain-scalar-warm-branch-262144,prefetch-gcc13-scalar,5,prefetch_chain,scalar,warm,branch,262144,262144,23347200,5700,250040015,548816756,4,4,0,0,0,0
1,prefetch-gcc13-scalar-r5-prefetch_chain-scalar-warm-basic-8192,prefetch-gcc13-scalar,5,prefetch_chain,scalar,warm,basic,8192,8192,71883392,561589,250000396,548729664,4,4,0,0,274144422909,0
1,prefetch-gcc13-scalar-r5-prefetch_chain-scalar-warm-branch-196608,prefetch-gcc13-scalar,5,prefetch_chain,scalar,warm,branch,196608,196608,24013824,7817,250026688,548787628,4,4,0,0,6665195262508,0
1,prefetch-gcc13-scalar-r5-prefetch_chain-scalar-cache_evicted-basic-536870912,prefetch-gcc13-scalar,5,prefetch_chain,scalar,cache_evicted,basic,536870912,536870912,8388608,1,897269126,1969430976,4,4,0,0,18015947407215114,0
1,prefetch-gcc13-scalar-r5-prefetch_chain-scalar-warm-basic-28672,prefetch-gcc13-scalar,5,prefetch_chain,scalar,warm,basic,28672,28672,70535808,157446,250001136,548731572,4,4,0,0,0,0
1,prefetch-gcc13-scalar-r5-prefetch_chain-scalar-warm-basic-524288,prefetch-gcc13-scalar,5,prefetch_chain,scalar,warm,basic,524288,524288,12517376,1528,250038316,548812876,4,4,0,0,0,0
1,prefetch-gcc13-scalar-r5-prefetch_chain-scalar-warm-basic-5242880,prefetch-gcc13-scalar,5,prefetch_chain,scalar,warm,basic,5242880,5242880,5652480,69,250924480,550757900,4,4,0,0,175558385868892,0
1,prefetch-gcc13-scalar-r5-prefetch_chain-scalar-warm-branch-65536,prefetch-gcc13-scalar,5,prefetch_chain,scalar,warm,branch,65536,65536,30295040,29585,250007748,548745776,4,4,0,0,2240725574847,0
1,prefetch-gcc13-scalar-r5-prefetch_chain-scalar-warm-branch-536870912,prefetch-gcc13-scalar,5,prefetch_chain,scalar,warm,branch,536870912,536870912,8388608,1,905894786,1988363616,4,4,0,0,18019283168219381,0
1,prefetch-gcc13-scalar-r5-prefetch_chain-scalar-cache_evicted-branch-32768,prefetch-gcc13-scalar,5,prefetch_chain,scalar,cache_evicted,branch,32768,32768,59616768,116439,250002167,548733688,4,4,0,0,1087764704360,0
1,prefetch-gcc13-scalar-r5-prefetch_chain-scalar-cache_evicted-branch-33554432,prefetch-gcc13-scalar,5,prefetch_chain,scalar,cache_evicted,branch,33554432,33554432,3145728,6,286867902,629650756,4,4,0,0,0,0
1,prefetch-gcc13-scalar-r5-prefetch_chain-scalar-warm-branch-49152,prefetch-gcc13-scalar,5,prefetch_chain,scalar,warm,branch,49152,49152,30217728,39346,250002820,548735240,4,4,0,0,0,0
1,prefetch-gcc13-scalar-r5-prefetch_chain-scalar-cache_evicted-branch-536870912,prefetch-gcc13-scalar,5,prefetch_chain,scalar,cache_evicted,branch,536870912,536870912,8388608,1,898036904,1971116200,4,4,0,0,18015947407215114,0
1,prefetch-gcc13-scalar-r5-prefetch_chain-scalar-warm-branch-98304,prefetch-gcc13-scalar,5,prefetch_chain,scalar,warm,branch,98304,98304,30366720,19770,250001765,548732924,4,4,0,0,0,0
1,prefetch-gcc13-scalar-r5-prefetch_chain-scalar-warm-basic-36864,prefetch-gcc13-scalar,5,prefetch_chain,scalar,warm,basic,36864,36864,30218112,52462,250002040,548733444,4,4,0,0,0,0
1,prefetch-gcc13-scalar-r5-prefetch_chain-scalar-warm-branch-6291456,prefetch-gcc13-scalar,5,prefetch_chain,scalar,warm,branch,6291456,6291456,5308416,54,253029677,555378632,4,4,0,0,0,0
1,prefetch-gcc13-scalar-r5-prefetch_chain-scalar-warm-branch-4194304,prefetch-gcc13-scalar,5,prefetch_chain,scalar,warm,branch,4194304,4194304,6619136,101,252118510,553378724,4,4,0,0,140575845709578,0
1,prefetch-gcc13-scalar-r5-prefetch_chain-scalar-warm-branch-33554432,prefetch-gcc13-scalar,5,prefetch_chain,scalar,warm,branch,33554432,33554432,3145728,6,286895385,629711052,4,4,0,0,0,0
1,prefetch-gcc13-scalar-r5-prefetch_chain-scalar-warm-branch-7340032,prefetch-gcc13-scalar,5,prefetch_chain,scalar,warm,branch,7340032,7340032,4472832,39,250682071,550225860,4,4,0,0,245805946044898,0
1,prefetch-gcc13-scalar-r5-prefetch_chain-scalar-warm-branch-8388608,prefetch-gcc13-scalar,5,prefetch_chain,scalar,warm,branch,8388608,8388608,4587520,35,252314197,553808244,4,4,0,0,280992244096016,0
1,prefetch-gcc13-scalar-r5-prefetch_chain-scalar-warm-basic-49152,prefetch-gcc13-scalar,5,prefetch_chain,scalar,warm,basic,49152,49152,30196992,39319,250000534,548730224,4,4,0,0,1674934371714,0
1,prefetch-gcc13-scalar-r5-prefetch_chain-scalar-warm-branch-229376,prefetch-gcc13-scalar,5,prefetch_chain,scalar,warm,branch,229376,229376,21848064,6096,250002282,548734088,4,4,0,0,0,0
1,prefetch-gcc13-scalar-r5-prefetch_chain-scalar-warm-branch-28672,prefetch-gcc13-scalar,5,prefetch_chain,scalar,warm,branch,28672,28672,73791872,164714,250000191,548729468,4,4,0,0,0,0
1,prefetch-gcc13-scalar-r5-prefetch_chain-scalar-cache_evicted-branch-1048576,prefetch-gcc13-scalar,5,prefetch_chain,scalar,cache_evicted,branch,1048576,1048576,11862016,724,250314157,549418120,4,4,0,0,0,0
1,prefetch-gcc13-scalar-r5-prefetch_chain-scalar-warm-branch-393216,prefetch-gcc13-scalar,5,prefetch_chain,scalar,warm,branch,393216,393216,13492224,2196,250004985,548739716,4,4,0,0,0,0
1,prefetch-gcc13-scalar-r5-prefetch_chain-scalar-warm-basic-294912,prefetch-gcc13-scalar,5,prefetch_chain,scalar,warm,basic,294912,294912,17054208,3701,250063327,548867764,4,4,0,0,9902003856034,0
1,prefetch-gcc13-scalar-r5-prefetch_chain-scalar-cache_evicted-branch-6291456,prefetch-gcc13-scalar,5,prefetch_chain,scalar,cache_evicted,branch,6291456,6291456,5013504,51,250359316,549517448,4,4,0,0,211456908050818,0
1,prefetch-gcc13-scalar-r5-prefetch_chain-scalar-warm-basic-2097152,prefetch-gcc13-scalar,5,prefetch_chain,scalar,warm,basic,2097152,2097152,11468800,350,250578025,549997524,4,4,0,0,0,0
1,prefetch-gcc13-scalar-r5-prefetch_chain-scalar-warm-branch-16384,prefetch-gcc13-scalar,5,prefetch_chain,scalar,warm,branch,16384,16384,74524416,291111,250000257,548729532,4,4,0,0,540917182258,0
1,prefetch-gcc13-scalar-r5-prefetch_chain-scalar-warm-basic-65536,prefetch-gcc13-scalar,5,prefetch_chain,scalar,warm,basic,65536,65536,30314496,29604,250001794,548732988,4,4,0,0,0,0
1,prefetch-gcc13-scalar-r5-prefetch_chain-scalar-cache_evicted-basic-6291456,prefetch-gcc13-scalar,5,prefetch_chain,scalar,cache_evicted,basic,6291456,6291456,5799936,59,251929814,552964544,4,4,0,0,211456908050818,0
1,prefetch-gcc13-scalar-r5-prefetch_chain-scalar-warm-basic-33554432,prefetch-gcc13-scalar,5,prefetch_chain,scalar,warm,basic,33554432,33554432,3145728,6,293375024,643933344,4,4,0,0,0,0
1,prefetch-gcc13-scalar-r5-prefetch_chain-scalar-warm-basic-7340032,prefetch-gcc13-scalar,5,prefetch_chain,scalar,warm,basic,7340032,7340032,4014080,35,250214480,549199540,4,4,0,0,245805946044898,0
1,prefetch-gcc13-scalar-r5-prefetch_chain-scalar-warm-branch-5242880,prefetch-gcc13-scalar,5,prefetch_chain,scalar,warm,branch,5242880,5242880,7290880,89,252504729,554226456,4,4,0,0,175558385868892,0
1,prefetch-gcc13-scalar-r5-prefetch_chain-scalar-cache_evicted-basic-33554432,prefetch-gcc13-scalar,5,prefetch_chain,scalar,cache_evicted,basic,33554432,33554432,3145728,6,294442576,646276516,4,4,0,0,0,0
1,prefetch-gcc13-scalar-r5-prefetch_chain-scalar-warm-basic-12582912,prefetch-gcc13-scalar,5,prefetch_chain,scalar,warm,basic,12582912,12582912,3538944,18,257698143,565625568,4,4,0,0,0,0
1,prefetch-gcc13-scalar-r5-prefetch_chain-scalar-warm-branch-134217728,prefetch-gcc13-scalar,5,prefetch_chain,scalar,warm,branch,134217728,134217728,4194304,2,428728397,941022644,4,4,0,0,0,0
1,prefetch-gcc13-scalar-r5-prefetch_chain-scalar-cache_evicted-basic-32768,prefetch-gcc13-scalar,5,prefetch_chain,scalar,cache_evicted,basic,32768,32768,57459712,112226,250001326,548731680,4,4,0,0,0,0
1,prefetch-gcc13-scalar-r5-prefetch_chain-scalar-warm-branch-1048576,prefetch-gcc13-scalar,5,prefetch_chain,scalar,warm,branch,1048576,1048576,12058624,736,250161259,549082872,4,4,0,0,0,0
1,prefetch-gcc13-scalar-r5-prefetch_chain-scalar-warm-branch-524288,prefetch-gcc13-scalar,5,prefetch_chain,scalar,warm,branch,524288,524288,12640256,1543,250051443,548841716,4,4,0,0,17602914894020,0
1,prefetch-gcc13-scalar-r5-prefetch_chain-scalar-warm-basic-6291456,prefetch-gcc13-scalar,5,prefetch_chain,scalar,warm,basic,6291456,6291456,3932160,40,253153018,555649344,4,4,0,0,0,0
1,prefetch-gcc13-scalar-r5-prefetch_chain-scalar-warm-basic-1048576,prefetch-gcc13-scalar,5,prefetch_chain,scalar,warm,basic,1048576,1048576,11993088,732,250163633,549088096,4,4,0,0,0,0
1,prefetch-gcc13-scalar-r5-prefetch_chain-scalar-warm-basic-24576,prefetch-gcc13-scalar,5,prefetch_chain,scalar,warm,basic,24576,24576,75553152,196753,250000310,548729480,4,4,0,0,824476055832,0
1,prefetch-gcc13-scalar-r5-prefetch_chain-scalar-warm-branch-24576,prefetch-gcc13-scalar,5,prefetch_chain,scalar,warm,branch,24576,24576,75502080,196620,250000485,548729836,4,4,0,0,0,0
1,prefetch-gcc13-scalar-r5-prefetch_chain-scalar-warm-branch-8192,prefetch-gcc13-scalar,5,prefetch_chain,scalar,warm,branch,8192,8192,71876608,561536,250000212,548729224,4,4,0,0,0,0
1,prefetch-gcc13-scalar-r6-prefetch_chain-scalar-cache_evicted-basic-6291456,prefetch-gcc13-scalar,6,prefetch_chain,scalar,cache_evicted,basic,6291456,6291456,3932160,40,253465306,556334840,4,4,0,0,0,0
1,prefetch-gcc13-scalar-r6-prefetch_chain-scalar-warm-branch-24576,prefetch-gcc13-scalar,6,prefetch_chain,scalar,warm,branch,24576,24576,75566976,196789,250000462,548729788,4,4,0,0,803760477373,0
1,prefetch-gcc13-scalar-r6-prefetch_chain-scalar-warm-basic-131072,prefetch-gcc13-scalar,6,prefetch_chain,scalar,warm,basic,131072,131072,30365696,14827,250004978,548739704,4,4,0,0,4299625408855,0
1,prefetch-gcc13-scalar-r6-prefetch_chain-scalar-warm-basic-6291456,prefetch-gcc13-scalar,6,prefetch_chain,scalar,warm,basic,6291456,6291456,3833856,39,250495491,549816332,4,4,0,0,210489894687780,0
1,prefetch-gcc13-scalar-r6-prefetch_chain-scalar-warm-branch-32768,prefetch-gcc13-scalar,6,prefetch_chain,scalar,warm,branch,32768,32768,58954752,115146,250000254,548729632,4,4,0,0,0,0
1,prefetch-gcc13-scalar-r6-prefetch_chain-scalar-cache_evicted-basic-8388608,prefetch-gcc13-scalar,6,prefetch_chain,scalar,cache_evicted,basic,8388608,8388608,3145728,24,260047202,570781544,4,4,0,0,0,0
1,prefetch-gcc13-scalar-r6-prefetch_chain-scalar-warm-branch-49152,prefetch-gcc13-scalar,6,prefetch_chain,scalar,warm,branch,49152,49152,30189312,39309,250002890,548735116,4,4,0,0,1626884462927,0
1,prefetch-gcc13-scalar-r6-prefetch_chain-scalar-cache_evicted-branch-33554432,prefetch-gcc13-scalar,6,prefetch_chain,scalar,cache_evicted,branch,33554432,33554432,2621440,5,253306845,555986978,4,4,136,0,1126099857451820,0
1,prefetch-gcc13-scalar-r6-prefetch_chain-scalar-warm-basic-134217728,prefetch-gcc13-scalar,6,prefetch_chain,scalar,warm,basic,134217728,134217728,4194304,2,429733148,943228116,4,4,0,0,0,0
1,prefetch-gcc13-scalar-r6-prefetch_chain-scalar-warm-basic-7340032,prefetch-gcc13-scalar,6,prefetch_chain,scalar,warm,basic,7340032,7340032,5160960,45,251542430,552114300,4,4,0,0,245366707186825,0
1,prefetch-gcc13-scalar-r6-prefetch_chain-scalar-cache_evicted-branch-6291456,prefetch-gcc13-scalar,6,prefetch_chain,scalar,cache_evicted,branch,6291456,6291456,3735552,38,250870849,550639764,4,4,0,0,0,0
1,prefetch-gcc13-scalar-r6-prefetch_chain-scalar-warm-branch-8388608,prefetch-gcc13-scalar,6,prefetch_chain,scalar,warm,branch,8388608,8388608,4325376,33,254058629,557637128,4,4,0,0,280679453969976,0
1,prefetch-gcc13-scalar-r6-prefetch_chain-scalar-warm-branch-28672,prefetch-gcc13-scalar,6,prefetch_chain,scalar,warm,branch,28672,28672,74244800,165725,250000585,548730364,4,4,0,0,959331628576,0
1,prefetch-gcc13-scalar-r6-prefetch_chain-scalar-warm-branch-12582912,prefetch-gcc13-scalar,6,prefetch_chain,scalar,warm,branch,12582912,12582912,3932160,20,256251102,562449104,4,4,0,0,0,0
1,prefetch-gcc13-scalar-r6-prefetch_chain-scalar-warm-basic-2097152,prefetch-gcc13-scalar,6,prefetch_chain,scalar,warm,basic,2097152,2097152,11698176,357,250635139,550123156,4,4,0,0,70133869918931,0
1,prefetch-gcc13-scalar-r6-prefetch_chain-scalar-cache_evicted-branch-536870912,prefetch-gcc13-scalar,6,prefetch_chain,scalar,cache_evicted,branch,536870912,536870912,8388608,1,1118798013,2455668468,4,4,0,0,18016796094681868,0
1,prefetch-gcc13-scalar-r6-prefetch_chain-scalar-warm-branch-196608,prefetch-gcc13-scalar,6,prefetch_chain,scalar,warm,branch,196608,196608,30305280,9865,250004929,548739440,4,4,0,0,6460036076498,0
1,prefetch-gcc13-scalar-r6-prefetch_chain-scalar-warm-branch-536870912,prefetch-gcc13-scalar,6,prefetch_chain,scalar,warm,branch,536870912,536870912,8388608,1,916160855,2010896784,4,4,0,0,18015668353620540,0
1,prefetch-gcc13-scalar-r6-prefetch_chain-scalar-warm-basic-524288,prefetch-gcc13-scalar,6,prefetch_chain,scalar,warm,basic,524288,524288,12484608,1524,250101858,548952340,4,4,0,0,0,0
1,prefetch-gcc13-scalar-r6-prefetch_chain-scalar-warm-basic-24576,prefetch-gcc13-scalar,6,prefetch_chain,scalar,warm,basic,24576,24576,75540864,196721,250001396,548731840,4,4,0,0,803760477373,0
1,prefetch-gcc13-scalar-r6-prefetch_chain-scalar-cache_evicted-branch-32768,prefetch-gcc13-scalar,6,prefetch_chain,scalar,cache_evicted,branch,32768,32768,57638912,112576,250001477,548732180,4,4,0,0,0,0
1,prefetch-gcc13-scalar-r6-prefetch_chain-scalar-warm-basic-65536,prefetch-gcc13-scalar,6,prefetch_chain,scalar,warm,basic,65536,65536,30315520,29605,250004318,548738252,4,4,0,0,2174355695453,0
1,prefetch-gcc13-scalar-r6-prefetch_chain-scalar-warm-branch-36864,prefetch-gcc13-scalar,6,prefetch_chain,scalar,warm,branch,36864,36864,30161088,52363,250001726,548732736,4,4,0,0,1238024082778,0
1,prefetch-gcc13-scalar-r6-prefetch_chain-scalar-warm-basic-8192,prefetch-gcc13-scalar,6,prefetch_chain,scalar,warm,basic,8192,8192,71891968,561656,250000208,548729508,4,4,0,0,0,0
1,prefetch-gcc13-scalar-r6-prefetch_chain-scalar-warm-basic-32768,prefetch-gcc13-scalar,6,prefetch_chain,scalar,warm,basic,32768,32768,57933312,113151,250001153,548731328,4,4,0,0,1090134803392,0
1,prefetch-gcc13-scalar-r6-prefetch_chain-scalar-warm-basic-16384,prefetch-gcc13-scalar,6,prefetch_chain,scalar,warm,basic,16384,16384,74492416,290986,250000720,548730368,4,4,0,0,0,0
1,prefetch-gcc13-scalar-r6-prefetch_chain-scalar-warm-basic-294912,prefetch-gcc13-scalar,6,prefetch_chain,scalar,warm,basic,294912,294912,16985088,3686,250007645,548745564,4,4,0,0,0,0
1,prefetch-gcc13-scalar-r6-prefetch_chain-scalar-warm-basic-12582912,prefetch-gcc13-scalar,6,prefetch_chain,scalar,warm,basic,12582912,12582912,3538944,18,251799759,552679032,4,4,0,0,0,0
1,prefetch-gcc13-scalar-r6-prefetch_chain-scalar-warm-basic-33554432,prefetch-gcc13-scalar,6,prefetch_chain,scalar,warm,basic,33554432,33554432,3145728,6,286142976,628059600,4,4,0,0,0,0
1,prefetch-gcc13-scalar-r6-prefetch_chain-scalar-warm-basic-8388608,prefetch-gcc13-scalar,6,prefetch_chain,scalar,warm,basic,8388608,8388608,3014656,23,250686623,550235880,4,4,0,0,280679453969976,0
1,prefetch-gcc13-scalar-r6-prefetch_chain-scalar-warm-branch-6291456,prefetch-gcc13-scalar,6,prefetch_chain,scalar,warm,branch,6291456,6291456,3932160,40,255600548,561021504,4,4,0,0,0,0
1,prefetch-gcc13-scalar-r6-prefetch_chain-scalar-cache_evicted-basic-1048576,prefetch-gcc13-scalar,6,prefetch_chain,scalar,cache_evicted,basic,1048576,1048576,12091392,738,250235529,549245672,4,4,0,0,0,0
1,prefetch-gcc13-scalar-r6-prefetch_chain-scalar-warm-basic-28672,prefetch-gcc13-scalar,6,prefetch_chain,scalar,warm,basic,28672,28672,71972992,160654,250001033,548731316,4,4,0,0,0,0
1,prefetch-gcc13-scalar-r6-prefetch_chain-scalar-warm-branch-294912,prefetch-gcc13-scalar,6,prefetch_chain,scalar,warm,branch,294912,294912,16280064,3533,250064304,548869920,4,4,0,0,9710674987187,0
1,prefetch-gcc13-scalar-r6-prefetch_chain-scalar-warm-branch-393216,prefetch-gcc13-scalar,6,prefetch_chain,scalar,warm,branch,393216,393216,13037568,2122,250013752,548758956,4,4,0,0,0,0
1,prefetch-gcc13-scalar-r6-prefetch_chain-scalar-warm-branch-5242880,prefetch-gcc13-scalar,6,prefetch_chain,scalar,warm,branch,5242880,5242880,5324800,65,250923434,550755644,4,4,0,0,175637384499222,0
1,prefetch-gcc13-scalar-r6-prefetch_chain-scalar-warm-branch-98304,prefetch-gcc13-scalar,6,prefetch_chain,scalar,warm,branch,98304,98304,30357504,19764,250005462,548740772,4,4,0,0,0,0
1,prefetch-gcc13-scalar-r6-prefetch_chain-scalar-warm-basic-196608,prefetch-gcc13-scalar,6,prefetch_chain,scalar,warm,basic,196608,196608,29687808,9664,250009301,548749216,4,4,0,0,0,0
1,prefetch-gcc13-scalar-r6-prefetch_chain-scalar-warm-basic-4194304,prefetch-gcc13-scalar,6,prefetch_chain,scalar,warm,basic,4194304,4194304,7667712,117,251576858,552189844,4,4,0,0,140560185138369,0
1,prefetch-gcc13-scalar-r6-prefetch_chain-scalar-warm-branch-229376,prefetch-gcc13-scalar,6,prefetch_chain,scalar,warm,branch,229376,229376,23507456,6559,250019245,548771292,4,4,0,0,7561076179272,0
1,prefetch-gcc13-scalar-r6-prefetch_chain-scalar-warm-branch-1048576,prefetch-gcc13-scalar,6,prefetch_chain,scalar,warm,branch,1048576,1048576,12058624,736,250175652,549114312,4,4,0,0,0,0
1,prefetch-gcc13-scalar-r6-prefetch_chain-scalar-warm-branch-131072,prefetch-gcc13-scalar,6,prefetch_chain,scalar,warm,branch,131072,131072,30382080,14835,250008544,548747528,4,4,0,0,4299625408855,0
1,prefetch-gcc13-scalar-r6-prefetch_chain-scalar-cache_evicted-branch-262144,prefetch-gcc13-scalar,6,prefetch_chain,scalar,cache_evicted,branch,262144,262144,17174528,4193,250048019,548834168,4,4,0,0,8704193920230,0
1,prefetch-gcc13-scalar-r6-prefetch_chain-scalar-warm-basic-393216,prefetch-gcc13-scalar,6,prefetch_chain,scalar,warm,basic,393216,393216,12988416,2114,250009677,548750304,4,4,0,0,0,0
1,prefetch-gcc13-scalar-r6-prefetch_chain-scalar-warm-branch-4194304,prefetch-gcc13-scalar,6,prefetch_chain,scalar,warm,branch,4194304,4194304,7798784,119,250262331,549304568,4,4,0,0,140560185138369,0
1,prefetch-gcc13-scalar-r6-prefetch_chain-scalar-warm-basic-49152,prefetch-gcc13-scalar,6,prefetch_chain,scalar,warm,basic,49152,49152,30244608,39381,250002150,548733640,4,4,0,0,1626884462927,0
1,prefetch-gcc13-scalar-r6-prefetch_chain-scalar-warm-basic-5242880,prefetch-gcc13-scalar,6,prefetch_chain,scalar,warm,basic,5242880,5242880,6799360,83,250457723,549733444,4,4,0,0,175637384499222,0
1,prefetch-gcc13-scalar-r6-prefetch_chain-scalar-cache_evicted-basic-262144,prefetch-gcc13-scalar,6,prefetch_chain,scalar,cache_evicted,basic,262144,262144,20439040,4990,250025260,548784504,4,4,0,0,0,0
1,prefetch-gcc13-scalar-r6-prefetch_chain-scalar-warm-branch-262144,prefetch-gcc13-scalar,6,prefetch_chain,scalar,warm,branch,262144,262144,20672512,5047,250012914,548757272,4,4,0,0,8622687446495,0
1,prefetch-gcc13-scalar-r6-prefetch_chain-scalar-warm-branch-524288,prefetch-gcc13-scalar,6,prefetch_chain,scalar,warm,branch,524288,524288,12640256,1543,250042167,548820848,4,4,0,0,17490686199194,0
1,prefetch-gcc13-scalar-r6-prefetch_chain-scalar-warm-branch-7340032,prefetch-gcc13-scalar,6,prefetch_chain,scalar,warm,branch,7340032,7340032,3096576,27,256220987,562383424,4,4,0,0,245366707186825,0
1,prefetch-gcc13-scalar-r6-prefetch_chain-scalar-cache_evicted-basic-536870912,prefetch-gcc13-scalar,6,prefetch_chain,scalar,cache_evicted,basic,536870912,536870912,8388608,1,910263113,1997951696,4,4,0,0,18016796094681868,0
1,prefetch-gcc13-scalar-r6-prefetch_chain-scalar-warm-branch-134217728,prefetch-gcc13-scalar,6,prefetch_chain,scalar,warm,branch,134217728,134217728,4194304,2,429640124,943023676,4,4,0,0,0,0
1,prefetch-gcc13-scalar-r6-prefetch_chain-scalar-warm-basic-536870912,prefetch-gcc13-scalar,6,prefetch_chain,scalar,warm,basic,536870912,536870912,8388608,1,899707597,1974783232,4,4,0,0,18015668353620540,0
1,prefetch-gcc13-scalar-r6-prefetch_chain-scalar-cache_evicted-branch-8388608,prefetch-gcc13-scalar,6,prefetch_chain,scalar,cache_evicted,branch,8388608,8388608,4325376,33,254084574,557694076,4,4,0,0,281253492355921,0
1,prefetch-gcc13-scalar-r6-prefetch_chain-scalar-warm-branch-2097152,prefetch-gcc13-scalar,6,prefetch_chain,scalar,warm,branch,2097152,2097152,9830400,300,250436533,549687190,4,4,131,0,0,0
1,prefetch-gcc13-scalar-r6-prefetch_chain-scalar-warm-branch-33554432,prefetch-gcc13-scalar,6,prefetch_chain,scalar,warm,branch,33554432,33554432,3145728,6,298179689,654479184,4,4,0,0,0,0
1,prefetch-gcc13-scalar-r6-prefetch_chain-scalar-warm-branch-65536,prefetch-gcc13-scalar,6,prefetch_chain,scalar,warm,branch,65536,65536,30326784,29616,250001841,548732812,4,4,0,0,0,0
1,prefetch-gcc13-scalar-r6-prefetch_chain-scalar-warm-basic-229376,prefetch-gcc13-scalar,6,prefetch_chain,scalar,warm,basic,229376,229376,24030720,6705,250023899,548781420,4,4,0,0,7561076179272,0
1,prefetch-gcc13-scalar-r6-prefetch_chain-scalar-cache_evicted-basic-33554432,prefetch-gcc13-scalar,6,prefetch_chain,scalar,cache_evicted,basic,33554432,33554432,3145728,6,296457044,650698112,4,4,0,0,0,0
1,prefetch-gcc13-scalar-r6-prefetch_chain-scalar-warm-basic-98304,prefetch-gcc13-scalar,6,prefetch_chain,scalar,warm,basic,98304,98304,30332928,19748,250002984,548735320,4,4,0,0,0,0
1,prefetch-gcc13-scalar-r6-prefetch_chain-scalar-warm-basic-262144,prefetch-gcc13-scalar,6,prefetch_chain,scalar,warm,basic,262144,262144,17694720,4320,250035889,548807824,4,4,0,0,0,0
1,prefetch-gcc13-scalar-r6-prefetch_chain-scalar-warm-basic-36864,prefetch-gcc13-scalar,6,prefetch_chain,scalar,warm,basic,36864,36864,30159936,52361,250001143,548731280,4,4,0,0,1238024082778,0
1,prefetch-gcc13-scalar-r6-prefetch_chain-scalar-cache_evicted-basic-32768,prefetch-gcc13-scalar,6,prefetch_chain,scalar,cache_evicted,basic,32768,32768,59231232,115686,250002331,548733848,4,4,0,0,0,0
1,prefetch-gcc13-scalar-r6-prefetch_chain-scalar-warm-basic-1048576,prefetch-gcc13-scalar,6,prefetch_chain,scalar,warm,basic,1048576,1048576,11894784,726,250174044,549110784,4,4,0,0,0,0
1,prefetch-gcc13-scalar-r6-prefetch_chain-scalar-cache_evicted-branch-1048576,prefetch-gcc13-scalar,6,prefetch_chain,scalar,cache_evicted,branch,1048576,1048576,11993088,732,250138107,549032184,4,4,0,0,0,0
1,prefetch-gcc13-scalar-r6-prefetch_chain-scalar-warm-branch-8192,prefetch-gcc13-scalar,6,prefetch_chain,scalar,warm,branch,8192,8192,71880064,561563,250000240,548729320,4,4,0,0,264004290182,0
1,prefetch-gcc13-scalar-r6-prefetch_chain-scalar-warm-branch-16384,prefetch-gcc13-scalar,6,prefetch_chain,scalar,warm,branch,16384,16384,74521344,291099,250000531,548730224,4,4,0,0,541480682871,0
1,prefetch-gcc13-scalar-r7-prefetch_chain-scalar-warm-basic-8192,prefetch-gcc13-scalar,7,prefetch_chain,scalar,warm,basic,8192,8192,71880192,561564,250000247,548729336,4,4,0,0,0,0
1,prefetch-gcc13-scalar-r7-prefetch_chain-scalar-warm-branch-536870912,prefetch-gcc13-scalar,7,prefetch_chain,scalar,warm,branch,536870912,536870912,8388608,1,897551143,1970049980,4,4,0,0,18014904296027184,0
1,prefetch-gcc13-scalar-r7-prefetch_chain-scalar-warm-branch-7340032,prefetch-gcc13-scalar,7,prefetch_chain,scalar,warm,branch,7340032,7340032,4358144,38,252631642,554505032,4,4,0,0,0,0
1,prefetch-gcc13-scalar-r7-prefetch_chain-scalar-warm-basic-6291456,prefetch-gcc13-scalar,7,prefetch_chain,scalar,warm,basic,6291456,6291456,4030464,41,254349827,558276292,4,4,0,0,210535749468686,0
1,prefetch-gcc13-scalar-r7-prefetch_chain-scalar-warm-basic-393216,prefetch-gcc13-scalar,7,prefetch_chain,scalar,warm,basic,393216,393216,13430784,2186,250030031,548794688,4,4,0,0,0,0
1,prefetch-gcc13-scalar-r7-prefetch_chain-scalar-cache_evicted-branch-6291456,prefetch-gcc13-scalar,7,prefetch_chain,scalar,cache_evicted,branch,6291456,6291456,3342336,34,252282203,553738000,4,4,0,0,0,0
1,prefetch-gcc13-scalar-r7-prefetch_chain-scalar-cache_evicted-branch-8388608,prefetch-gcc13-scalar,7,prefetch_chain,scalar,cache_evicted,branch,8388608,8388608,4456448,34,257451805,565084856,4,4,0,0,0,0
1,prefetch-gcc13-scalar-r7-prefetch_chain-scalar-cache_evicted-basic-33554432,prefetch-gcc13-scalar,7,prefetch_chain,scalar,cache_evicted,basic,33554432,33554432,3145728,6,291358659,639507592,4,4,0,0,0,0
1,prefetch-gcc13-scalar-r7-prefetch_chain-scalar-warm-basic-16384,prefetch-gcc13-scalar,7,prefetch_chain,scalar,warm,basic,16384,16384,74521344,291099,250000307,548729456,4,4,0,0,547113334186,0
1,prefetch-gcc13-scalar-r7-prefetch_chain-scalar-cache_evicted-branch-1048576,prefetch-gcc13-scalar,7,prefetch_chain,scalar,cache_evicted,branch,1048576,1048576,11976704,731,250341649,549478668,4,4,0,0,35153590530126,0
1,prefetch-gcc13-scalar-r7-prefetch_chain-scalar-cache_evicted-basic-32768,prefetch-gcc13-scalar,7,prefetch_chain,scalar,cache_evicted,basic,32768,32768,56672256,110688,250000956,548731032,4,4,0,0,0,0
1,prefetch-gcc13-scalar-r7-prefetch_chain-scalar-warm-basic-196608,prefetch-gcc13-scalar,7,prefetch_chain,scalar,warm,basic,196608,196608,26849280,8740,250006160,548742260,4,4,0,0,0,0
1,prefetch-gcc13-scalar-r7-prefetch_chain-scalar-warm-branch-134217728,prefetch-gcc13-scalar,7,prefetch_chain,scalar,warm,branch,134217728,134217728,4194304,2,428517412,940559644,4,4,0,0,0,0
1,prefetch-gcc13-scalar-r7-prefetch_chain-scalar-warm-basic-98304,prefetch-gcc13-scalar,7,prefetch_chain,scalar,warm,basic,98304,98304,30334464,19749,250004298,548738400,4,4,0,0,3280990840855,0
1,prefetch-gcc13-scalar-r7-prefetch_chain-scalar-warm-basic-294912,prefetch-gcc13-scalar,7,prefetch_chain,scalar,warm,basic,294912,294912,15773184,3423,250016382,548765020,4,4,0,0,9855893590584,0
1,prefetch-gcc13-scalar-r7-prefetch_chain-scalar-cache_evicted-basic-1048576,prefetch-gcc13-scalar,7,prefetch_chain,scalar,cache_evicted,basic,1048576,1048576,11878400,725,250260852,549301484,4,4,0,0,35153590530126,0
1,prefetch-gcc13-scalar-r7-prefetch_chain-scalar-warm-branch-8192,prefetch-gcc13-scalar,7,prefetch_chain,scalar,warm,branch,8192,8192,71873152,561509,250000339,548729520,4,4,0,0,268708817234,0
1,prefetch-gcc13-scalar-r7-prefetch_chain-scalar-warm-branch-2097152,prefetch-gcc13-scalar,7,prefetch_chain,scalar,warm,branch,2097152,2097152,10846208,331,250042059,548821112,4,4,0,0,69986833701724,0
1,prefetch-gcc13-scalar-r7-prefetch_chain-scalar-warm-branch-98304,prefetch-gcc13-scalar,7,prefetch_chain,scalar,warm,branch,98304,98304,30343680,19755,250012283,548756040,4,4,0,0,3280990840855,0
1,prefetch-gcc13-scalar-r7-prefetch_chain-scalar-cache_evicted-branch-262144,prefetch-gcc13-scalar,7,prefetch_chain,scalar,cache_evicted,branch,262144,262144,25329664,6184,250010077,548751048,4,4,0,0,0,0
1,prefetch-gcc13-scalar-r7-prefetch_chain-scalar-cache_evicted-basic-6291456,prefetch-gcc13-scalar,7,prefetch_chain,scalar,cache_evicted,basic,6291456,6291456,4718592,48,252102687,553344024,4,4,0,0,0,0
1,prefetch-gcc13-scalar-r7-prefetch_chain-scalar-warm-basic-24576,prefetch-gcc13-scalar,7,prefetch_chain,scalar,warm,basic,24576,24576,75567744,196791,250000266,548729380,4,4,0,0,829721576809,0
1,prefetch-gcc13-scalar-r7-prefetch_chain-scalar-cache_evicted-basic-536870912,prefetch-gcc13-scalar,7,prefetch_chain,scalar,cache_evicted,basic,536870912,536870912,8388608,1,898602731,1972358132,4,4,0,0,18014959181375679,0
1,prefetch-gcc13-scalar-r7-prefetch_chain-scalar-warm-branch-32768,prefetch-gcc13-scalar,7,prefetch_chain,scalar,warm,branch,32768,32768,58675200,114600,250001965,548733248,4,4,0,0,0,0
1,prefetch-gcc13-scalar-r7-prefetch_chain-scalar-cache_evicted-branch-536870912,prefetch-gcc13-scalar,7,prefetch_chain,scalar,cache_evicted,branch,536870912,536870912,8388608,1,897880334,1970772556,4,4,0,0,18014959181375679,0
1,prefetch-gcc13-scalar-r7-prefetch_chain-scalar-warm-basic-12582912,prefetch-gcc13-scalar,7,prefetch_chain,scalar,warm,basic,12582912,12582912,3342336,17,260011409,570702980,4,4,0,0,420727380868154,0
1,prefetch-gcc13-scalar-r7-prefetch_chain-scalar-warm-branch-229376,prefetch-gcc13-scalar,7,prefetch_chain,scalar,warm,branch,229376,229376,25019904,6981,250029296,548793244,4,4,0,0,7672948466201,0
1,prefetch-gcc13-scalar-r7-prefetch_chain-scalar-warm-branch-196608,prefetch-gcc13-scalar,7,prefetch_chain,scalar,warm,branch,196608,196608,26959872,8776,250017915,548768124,4,4,0,0,0,0
1,prefetch-gcc13-scalar-r7-prefetch_chain-scalar-warm-basic-262144,prefetch-gcc13-scalar,7,prefetch_chain,scalar,warm,basic,262144,262144,19304448,4713,250051955,548842772,4,4,0,0,8809156660678,0
1,prefetch-gcc13-scalar-r7-prefetch_chain-scalar-warm-basic-131072,prefetch-gcc13-scalar,7,prefetch_chain,scalar,warm,basic,131072,131072,30388224,14838,250008739,548748232,4,4,0,0,0,0
1,prefetch-gcc13-scalar-r7-prefetch_chain-scalar-warm-basic-1048576,prefetch-gcc13-scalar,7,prefetch_chain,scalar,warm,basic,1048576,1048576,12009472,733,250195625,549158160,4,4,0,0,34972666410983,0
1,prefetch-gcc13-scalar-r7-prefetch_chain-scalar-warm-branch-4194304,prefetch-gcc13-scalar,7,prefetch_chain,scalar,warm,branch,4194304,4194304,7602176,116,250921320,550750992,4,4,0,0,0,0
1,prefetch-gcc13-scalar-r7-prefetch_chain-scalar-warm-basic-536870912,prefetch-gcc13-scalar,7,prefetch_chain,scalar,warm,basic,536870912,536870912,8388608,1,897065951,1968985060,4,4,0,0,18014904296027184,0
1,prefetch-gcc13-scalar-r7-prefetch_chain-scalar-warm-basic-32768,prefetch-gcc13-scalar,7,prefetch_chain,scalar,warm,basic,32768,32768,56952832,111236,250001755,548732916,4,4,0,0,0,0
1,prefetch-gcc13-scalar-r7-prefetch_chain-scalar-warm-basic-33554432,prefetch-gcc13-scalar,7,prefetch_chain,scalar,warm,basic,33554432,33554432,3145728,6,283887082,623108104,4,4,0,0,0,0
1,prefetch-gcc13-scalar-r7-prefetch_chain-scalar-cache_evicted-basic-262144,prefetch-gcc13-scalar,7,prefetch_chain,scalar,cache_evicted,basic,262144,262144,22814720,5570,250007356,548745196,4,4,0,0,0,0
1,prefetch-gcc13-scalar-r7-prefetch_chain-scalar-warm-basic-7340032,prefetch-gcc13-scalar,7,prefetch_chain,scalar,warm,basic,7340032,7340032,3325952,29,254671569,558982496,4,4,0,0,245539859794351,0
1,prefetch-gcc13-scalar-r7-prefetch_chain-scalar-warm-basic-65536,prefetch-gcc13-scalar,7,prefetch_chain,scalar,warm,basic,65536,65536,30312448,29602,250005129,548740052,4,4,0,0,0,0
1,prefetch-gcc13-scalar-r7-prefetch_chain-scalar-warm-branch-8388608,prefetch-gcc13-scalar,7,prefetch_chain,scalar,warm,branch,8388608,8388608,3670016,28,256145933,562218572,4,4,75,0,0,0
1,prefetch-gcc13-scalar-r7-prefetch_chain-scalar-warm-basic-524288,prefetch-gcc13-scalar,7,prefetch_chain,scalar,warm,basic,524288,524288,12607488,1539,250020749,548774604,4,4,0,0,17578226693009,0
1,prefetch-gcc13-scalar-r7-prefetch_chain-scalar-warm-branch-294912,prefetch-gcc13-scalar,7,prefetch_chain,scalar,warm,branch,294912,294912,15713280,3410,250017344,548766848,4,4,0,0,0,0
1,prefetch-gcc13-scalar-r7-prefetch_chain-scalar-warm-branch-524288,prefetch-gcc13-scalar,7,prefetch_chain,scalar,warm,branch,524288,524288,12500992,1526,250023501,548780660,4,4,0,0,0,0
1,prefetch-gcc13-scalar-r7-prefetch_chain-scalar-warm-branch-36864,prefetch-gcc13-scalar,7,prefetch_chain,scalar,warm,branch,36864,36864,30160512,52362,250002778,548735172,4,4,0,0,0,0
1,prefetch-gcc13-scalar-r7-prefetch_chain-scalar-warm-basic-4194304,prefetch-gcc13-scalar,7,prefetch_chain,scalar,warm,basic,4194304,4194304,9306112,142,251098797,551140548,4,4,0,0,0,0
1,prefetch-gcc13-scalar-r7-prefetch_chain-scalar-warm-branch-33554432,prefetch-gcc13-scalar,7,prefetch_chain,scalar,warm,branch,33554432,33554432,3145728,6,294193746,645730396,4,4,0,0,0,0
1,prefetch-gcc13-scalar-r7-prefetch_chain-scalar-warm-basic-8388608,prefetch-gcc13-scalar,7,prefetch_chain,scalar,warm,basic,8388608,8388608,4194304,32,253093681,555519136,4,4,0,0,0,0
1,prefetch-gcc13-scalar-r7-prefetch_chain-scalar-warm-branch-12582912,prefetch-gcc13-scalar,7,prefetch_chain,scalar,warm,branch,12582912,12582912,3342336,17,251150056,551253072,4,4,0,0,420727380868154,0
1,prefetch-gcc13-scalar-r7-prefetch_chain-scalar-warm-basic-28672,prefetch-gcc13-scalar,7,prefetch_chain,scalar,warm,basic,28672,28672,72711296,162302,250000823,548730884,4,4,0,0,0,0
1,prefetch-gcc13-scalar-r7-prefetch_chain-scalar-cache_evicted-branch-33554432,prefetch-gcc13-scalar,7,prefetch_chain,scalar,cache_evicted,branch,33554432,33554432,3145728,6,286424142,628677012,4,4,0,0,0,0
1,prefetch-gcc13-scalar-r7-prefetch_chain-scalar-warm-branch-5242880,prefetch-gcc13-scalar,7,prefetch_chain,scalar,warm,branch,5242880,5242880,5324800,65,253331380,556040876,4,4,0,0,175341486922821,0
1,prefetch-gcc13-scalar-r7-prefetch_chain-scalar-warm-branch-1048576,prefetch-gcc13-scalar,7,prefetch_chain,scalar,warm,branch,1048576,1048576,12091392,738,250114232,548979524,4,4,0,0,0,0
1,prefetch-gcc13-scalar-r7-prefetch_chain-scalar-warm-branch-262144,prefetch-gcc13-scalar,7,prefetch_chain,scalar,warm,branch,262144,262144,19795968,4833,250048956,548836252,4,4,0,0,8809156660678,0
1,prefetch-gcc13-scalar-r7-prefetch_chain-scalar-warm-branch-65536,prefetch-gcc13-scalar,7,prefetch_chain,scalar,warm,branch,65536,65536,30319616,29609,250004323,548738260,4,4,0,0,2175930563198,0
1,prefetch-gcc13-scalar-r7-prefetch_chain-scalar-warm-branch-49152,prefetch-gcc13-scalar,7,prefetch_chain,scalar,warm,branch,49152,49152,30228480,39360,250000575,548730040,4,4,0,0,0,0
1,prefetch-gcc13-scalar-r7-prefetch_chain-scalar-warm-basic-134217728,prefetch-gcc13-scalar,7,prefetch_chain,scalar,warm,basic,134217728,134217728,4194304,2,428712530,940987932,4,4,0,0,0,0
1,prefetch-gcc13-scalar-r7-prefetch_chain-scalar-warm-branch-393216,prefetch-gcc13-scalar,7,prefetch_chain,scalar,warm,branch,393216,393216,13461504,2191,250035996,548807732,4,4,0,0,13154373537906,0
1,prefetch-gcc13-scalar-r7-prefetch_chain-scalar-warm-basic-2097152,prefetch-gcc13-scalar,7,prefetch_chain,scalar,warm,basic,2097152,2097152,11141120,340,250377360,549557036,4,4,0,0,0,0
1,prefetch-gcc13-scalar-r7-prefetch_chain-scalar-warm-basic-229376,prefetch-gcc13-scalar,7,prefetch_chain,scalar,warm,basic,229376,229376,27069952,7553,250016831,548765852,4,4,0,0,7672948466201,0
1,prefetch-gcc13-scalar-r7-prefetch_chain-scalar-warm-branch-28672,prefetch-gcc13-scalar,7,prefetch_chain,scalar,warm,branch,28672,28672,74203136,165632,250000549,548730140,4,4,0,0,0,0
1,prefetch-gcc13-scalar-r7-prefetch_chain-scalar-cache_evicted-branch-32768,prefetch-gcc13-scalar,7,prefetch_chain,scalar,cache_evicted,branch,32768,32768,55259136,107928,250001380,548732108,4,4,0,0,0,0
1,prefetch-gcc13-scalar-r7-prefetch_chain-scalar-warm-branch-131072,prefetch-gcc13-scalar,7,prefetch_chain,scalar,warm,branch,131072,131072,30296064,14793,250010763,548752704,4,4,0,0,4362938275709,0
1,prefetch-gcc13-scalar-r7-prefetch_chain-scalar-cache_evicted-basic-8388608,prefetch-gcc13-scalar,7,prefetch_chain,scalar,cache_evicted,basic,8388608,8388608,4325376,33,256790490,563633312,4,4,0,0,280989549016768,0
1,prefetch-gcc13-scalar-r7-prefetch_chain-scalar-warm-basic-36864,prefetch-gcc13-scalar,7,prefetch_chain,scalar,warm,basic,36864,36864,30170304,52379,250004336,548738580,4,4,0,0,1228125088751,0
1,prefetch-gcc13-scalar-r7-prefetch_chain-scalar-warm-branch-24576,prefetch-gcc13-scalar,7,prefetch_chain,scalar,warm,branch,24576,24576,75574272,196808,250000165,548729296,4,4,0,0,0,0
1,prefetch-gcc13-scalar-r7-prefetch_chain-scalar-warm-branch-16384,prefetch-gcc13-scalar,7,prefetch_chain,scalar,warm,branch,16384,16384,74414336,290681,250000797,548730548,4,4,0,0,547113334186,0
1,prefetch-gcc13-scalar-r7-prefetch_chain-scalar-warm-basic-5242880,prefetch-gcc13-scalar,7,prefetch_chain,scalar,warm,basic,5242880,5242880,6717440,82,252747923,554760260,4,4,0,0,0,0
1,prefetch-gcc13-scalar-r7-prefetch_chain-scalar-warm-basic-49152,prefetch-gcc13-scalar,7,prefetch_chain,scalar,warm,basic,49152,49152,30264576,39407,250003086,548735800,4,4,0,0,1620467273541,0
1,prefetch-gcc13-scalar-r7-prefetch_chain-scalar-warm-branch-6291456,prefetch-gcc13-scalar,7,prefetch_chain,scalar,warm,branch,6291456,6291456,4325376,44,251596380,552232276,4,4,0,0,0,0
1,prefetch-gcc13-scalar-r8-prefetch_chain-scalar-warm-basic-393216,prefetch-gcc13-scalar,8,prefetch_chain,scalar,warm,basic,393216,393216,13608960,2215,250055972,548851904,4,4,0,0,13194421880379,0
1,prefetch-gcc13-scalar-r8-prefetch_chain-scalar-cache_evicted-basic-1048576,prefetch-gcc13-scalar,8,prefetch_chain,scalar,cache_evicted,basic,1048576,1048576,11960320,730,250330125,549453268,4,4,0,0,0,0
1,prefetch-gcc13-scalar-r8-prefetch_chain-scalar-warm-branch-2097152,prefetch-gcc13-scalar,8,prefetch_chain,scalar,warm,branch,2097152,2097152,11730944,358,250587085,550017400,4,4,0,0,0,0
1,prefetch-gcc13-scalar-r8-prefetch_chain-scalar-cache_evicted-branch-6291456,prefetch-gcc13-scalar,8,prefetch_chain,scalar,cache_evicted,branch,6291456,6291456,4030464,41,252997328,555307648,4,4,0,0,211102499827514,0
1,prefetch-gcc13-scalar-r8-prefetch_chain-scalar-cache_evicted-basic-536870912,prefetch-gcc13-scalar,8,prefetch_chain,scalar,cache_evicted,basic,536870912,536870912,8388608,1,896236983,1967165536,4,4,0,0,18012222072867232,0
1,prefetch-gcc13-scalar-r8-prefetch_chain-scalar-warm-basic-33554432,prefetch-gcc13-scalar,8,prefetch_chain,scalar,warm,basic,33554432,33554432,3145728,6,286816021,629536856,4,4,0,0,0,0
1,prefetch-gcc13-scalar-r8-prefetch_chain-scalar-warm-basic-36864,prefetch-gcc13-scalar,8,prefetch_chain,scalar,warm,basic,36864,36864,30091968,52243,250002854,548735312,4,4,0,0,1178444865570,0
1,prefetch-gcc13-scalar-r8-prefetch_chain-scalar-warm-basic-4194304,prefetch-gcc13-scalar,8,prefetch_chain,scalar,warm,basic,4194304,4194304,10158080,155,251421096,551847976,4,4,0,0,141268768488718,0
1,prefetch-gcc13-scalar-r8-prefetch_chain-scalar-warm-basic-24576,prefetch-gcc13-scalar,8,prefetch_chain,scalar,warm,basic,24576,24576,73742976,192039,250000819,548730848,4,4,0,0,794690435393,0
1,prefetch-gcc13-scalar-r8-prefetch_chain-scalar-warm-branch-131072,prefetch-gcc13-scalar,8,prefetch_chain,scalar,warm,branch,131072,131072,30283776,14787,250003585,548736640,4,4,0,0,4346536998060,0
1,prefetch-gcc13-scalar-r8-prefetch_chain-scalar-warm-branch-294912,prefetch-gcc13-scalar,8,prefetch_chain,scalar,warm,branch,294912,294912,15482880,3360,250060059,548860596,4,4,0,0,0,0
1,prefetch-gcc13-scalar-r8-prefetch_chain-scalar-warm-branch-16384,prefetch-gcc13-scalar,8,prefetch_chain,scalar,warm,branch,16384,16384,74383872,290562,250001010,548730988,4,4,0,0,0,0
1,prefetch-gcc13-scalar-r8-prefetch_chain-scalar-cache_evicted-branch-33554432,prefetch-gcc13-scalar,8,prefetch_chain,scalar,cache_evicted,branch,33554432,33554432,2621440,5,250909810,550725328,4,4,0,0,1126578222058097,0
1,prefetch-gcc13-scalar-r8-prefetch_chain-scalar-warm-branch-5242880,prefetch-gcc13-scalar,8,prefetch_chain,scalar,warm,branch,5242880,5242880,3112960,38,255860214,561591360,4,4,0,0,0,0
1,prefetch-gcc13-scalar-r8-prefetch_chain-scalar-warm-branch-36864,prefetch-gcc13-scalar,8,prefetch_chain,scalar,warm,branch,36864,36864,30064896,52196,250002563,548734396,4,4,0,0,0,0
1,prefetch-gcc13-scalar-r8-prefetch_chain-scalar-cache_evicted-basic-32768,prefetch-gcc13-scalar,8,prefetch_chain,scalar,cache_evicted,basic,32768,32768,58659840,114570,250001531,548732144,4,4,0,0,0,0
1,prefetch-gcc13-scalar-r8-prefetch_chain-scalar-warm-branch-393216,prefetch-gcc13-scalar,8,prefetch_chain,scalar,warm,branch,393216,393216,13922304,2266,250040310,548817272,4,4,0,0,0,0
1,prefetch-gcc13-scalar-r8-prefetch_chain-scalar-warm-basic-12582912,prefetch-gcc13-scalar,8,prefetch_chain,scalar,warm,basic,12582912,12582912,2949120,15,264201038,579898780,4,4,0,0,423419039969737,0
1,prefetch-gcc13-scalar-r8-prefetch_chain-scalar-warm-basic-536870912,prefetch-gcc13-scalar,8,prefetch_chain,scalar,warm,basic,536870912,536870912,8388608,1,901306005,1978291604,4,4,0,0,18009487893123361,0
1,prefetch-gcc13-scalar-r8-prefetch_chain-scalar-warm-basic-2097152,prefetch-gcc13-scalar,8,prefetch_chain,scalar,warm,basic,2097152,2097152,11730944,358,250091233,548929192,4,4,0,0,0,0
1,prefetch-gcc13-scalar-r8-prefetch_chain-scalar-warm-branch-6291456,prefetch-gcc13-scalar,8,prefetch_chain,scalar,warm,branch,6291456,6291456,3833856,39,251671391,552397312,4,4,0,0,211867695430313,0
1,prefetch-gcc13-scalar-r8-prefetch_chain-scalar-cache_evicted-basic-6291456,prefetch-gcc13-scalar,8,prefetch_chain,scalar,cache_evicted,basic,6291456,6291456,3342336,34,250442736,549700552,4,4,0,0,0,0
1,prefetch-gcc13-scalar-r8-prefetch_chain-scalar-cache_evicted-basic-8388608,prefetch-gcc13-scalar,8,prefetch_chain,scalar,cache_evicted,basic,8388608,8388608,3801088,29,250708714,550284356,4,4,0,0,281670763928600,0
1,prefetch-gcc13-scalar-r8-prefetch_chain-scalar-warm-basic-8192,prefetch-gcc13-scalar,8,prefetch_chain,scalar,warm,basic,8192,8192,71889536,561637,250000488,548730116,4,4,0,0,269119423470,0
1,prefetch-gcc13-scalar-r8-prefetch_chain-scalar-warm-basic-6291456,prefetch-gcc13-scalar,8,prefetch_chain,scalar,warm,basic,6291456,6291456,3735552,38,252452693,554112200,4,4,0,0,0,0
1,prefetch-gcc13-scalar-r8-prefetch_chain-scalar-warm-branch-524288,prefetch-gcc13-scalar,8,prefetch_chain,scalar,warm,branch,524288,524288,12541952,1531,250099009,548946224,4,4,0,0,17587261651948,0
1,prefetch-gcc13-scalar-r8-prefetch_chain-scalar-warm-branch-8388608,prefetch-gcc13-scalar,8,prefetch_chain,scalar,warm,branch,8388608,8388608,4063232,31,252044711,553216684,4,4,0,0,282266038226668,0
1,prefetch-gcc13-scalar-r8-prefetch_chain-scalar-warm-branch-65536,prefetch-gcc13-scalar,8,prefetch_chain,scalar,warm,branch,65536,65536,30279680,29570,250003658,548736936,4,4,0,0,0,0
1,prefetch-gcc13-scalar-r8-prefetch_chain-scalar-warm-basic-134217728,prefetch-gcc13-scalar,8,prefetch_chain,scalar,warm,basic,134217728,134217728,4194304,2,429100057,941838512,4,4,0,0,0,0
1,prefetch-gcc13-scalar-r8-prefetch_chain-scalar-warm-basic-65536,prefetch-gcc13-scalar,8,prefetch_chain,scalar,warm,basic,65536,65536,30298112,29588,250004901,548739808,4,4,0,0,0,0
1,prefetch-gcc13-scalar-r8-prefetch_chain-scalar-cache_evicted-branch-536870912,prefetch-gcc13-scalar,8,prefetch_chain,scalar,cache_evicted,branch,536870912,536870912,8388608,1,899431399,1974177016,4,4,0,0,18012222072867232,0
1,prefetch-gcc13-scalar-r8-prefetch_chain-scalar-cache_evicted-basic-33554432,prefetch-gcc13-scalar,8,prefetch_chain,scalar,cache_evicted,basic,33554432,33554432,3145728,6,285988305,627720104,4,4,0,0,0,0
1,prefetch-gcc13-scalar-r8-prefetch_chain-scalar-warm-branch-32768,prefetch-gcc13-scalar,8,prefetch_chain,scalar,warm,branch,32768,32768,57483264,112272,250001797,548732996,4,4,0,0,0,0
1,prefetch-gcc13-scalar-r8-prefetch_chain-scalar-warm-basic-5242880,prefetch-gcc13-scalar,8,prefetch_chain,scalar,warm,basic,5242880,5242880,4751360,58,254971494,559640812,4,4,0,0,0,0
1,prefetch-gcc13-scalar-r8-prefetch_chain-scalar-warm-branch-229376,prefetch-gcc13-scalar,8,prefetch_chain,scalar,warm,branch,229376,229376,26747392,7463,250023624,548780624,4,4,0,0,7656630263527,0
1,prefetch-gcc13-scalar-r8-prefetch_chain-scalar-warm-basic-49152,prefetch-gcc13-scalar,8,prefetch_chain,scalar,warm,basic,49152,49152,30280704,39428,250004598,548738888,4,4,0,0,0,0
1,prefetch-gcc13-scalar-r8-prefetch_chain-scalar-warm-branch-8192,prefetch-gcc13-scalar,8,prefetch_chain,scalar,warm,branch,8192,8192,71885312,561604,250000309,548729632,4,4,0,0,0,0
1,prefetch-gcc13-scalar-r8-prefetch_chain-scalar-warm-basic-262144,prefetch-gcc13-scalar,8,prefetch_chain,scalar,warm,basic,262144,262144,22896640,5590,250020415,548773592,4,4,0,0,0,0
1,prefetch-gcc13-scalar-r8-prefetch_chain-scalar-cache_evicted-branch-1048576,prefetch-gcc13-scalar,8,prefetch_chain,scalar,cache_evicted,branch,1048576,1048576,11829248,722,250068976,548880164,4,4,0,0,0,0
1,prefetch-gcc13-scalar-r8-prefetch_chain-scalar-warm-branch-1048576,prefetch-gcc13-scalar,8,prefetch_chain,scalar,warm,branch,1048576,1048576,12042240,735,250151522,549061112,4,4,0,0,35120222873799,0
1,prefetch-gcc13-scalar-r8-prefetch_chain-scalar-warm-basic-32768,prefetch-gcc13-scalar,8,prefetch_chain,scalar,warm,basic,32768,32768,57473024,112252,250001124,548731400,4,4,0,0,0,0
1,prefetch-gcc13-scalar-r8-prefetch_chain-scalar-warm-branch-28672,prefetch-gcc13-scalar,8,prefetch_chain,scalar,warm,branch,28672,28672,71846656,160372,250001034,548731224,4,4,0,0,0,0
1,prefetch-gcc13-scalar-r8-prefetch_chain-scalar-warm-basic-131072,prefetch-gcc13-scalar,8,prefetch_chain,scalar,warm,basic,131072,131072,30062592,14679,250009126,548748812,4,4,0,0,4346536998060,0
1,prefetch-gcc13-scalar-r8-prefetch_chain-scalar-cache_evicted-basic-262144,prefetch-gcc13-scalar,8,prefetch_chain,scalar,cache_evicted,basic,262144,262144,21528576,5256,250019555,548771844,4,4,0,0,0,0
1,prefetch-gcc13-scalar-r8-prefetch_chain-scalar-warm-basic-196608,prefetch-gcc13-scalar,8,prefetch_chain,scalar,warm,basic,196608,196608,23734272,7726,250031144,548797288,4,4,0,0,0,0
1,prefetch-gcc13-scalar-r8-prefetch_chain-scalar-warm-branch-4194304,prefetch-gcc13-scalar,8,prefetch_chain,scalar,warm,branch,4194304,4194304,8257536,126,250505554,549838428,4,4,0,0,0,0
1,prefetch-gcc13-scalar-r8-prefetch_chain-scalar-warm-branch-134217728,prefetch-gcc13-scalar,8,prefetch_chain,scalar,warm,branch,134217728,134217728,4194304,2,428771565,941117464,4,4,0,0,0,0
1,prefetch-gcc13-scalar-r8-prefetch_chain-scalar-warm-branch-196608,prefetch-gcc13-scalar,8,prefetch_chain,scalar,warm,branch,196608,196608,26198016,8528,250006444,548742916,4,4,0,0,0,0
1,prefetch-gcc13-scalar-r8-prefetch_chain-scalar-warm-branch-7340032,prefetch-gcc13-scalar,8,prefetch_chain,scalar,warm,branch,7340032,7340032,4816896,42,254654083,558944104,4,4,0,0,0,0
1,prefetch-gcc13-scalar-r8-prefetch_chain-scalar-warm-branch-98304,prefetch-gcc13-scalar,8,prefetch_chain,scalar,warm,branch,98304,98304,30354432,19762,250011792,548754692,4,4,0,0,0,0
1,prefetch-gcc13-scalar-r8-prefetch_chain-scalar-cache_evicted-branch-8388608,prefetch-gcc13-scalar,8,prefetch_chain,scalar,cache_evicted,branch,8388608,8388608,3932160,30,253411576,556216928,4,4,0,0,0,0
1,prefetch-gcc13-scalar-r8-prefetch_chain-scalar-warm-basic-524288,prefetch-gcc13-scalar,8,prefetch_chain,scalar,warm,basic,524288,524288,12599296,1538,250077502,548899160,4,4,0,0,0,0
1,prefetch-gcc13-scalar-r8-prefetch_chain-scalar-warm-basic-8388608,prefetch-gcc13-scalar,8,prefetch_chain,scalar,warm,basic,8388608,8388608,4587520,35,255470289,560735632,4,4,0,0,282266038226668,0
1,prefetch-gcc13-scalar-r8-prefetch_chain-scalar-warm-basic-229376,prefetch-gcc13-scalar,8,prefetch_chain,scalar,warm,basic,229376,229376,24392704,6806,250020342,548773712,4,4,0,0,0,0
1,prefetch-gcc13-scalar-r8-prefetch_chain-scalar-warm-basic-7340032,prefetch-gcc13-scalar,8,prefetch_chain,scalar,warm,basic,7340032,7340032,4816896,42,256855890,563776876,4,4,0,0,0,0
1,prefetch-gcc13-scalar-r8-prefetch_chain-scalar-cache_evicted-branch-262144,prefetch-gcc13-scalar,8,prefetch_chain,scalar,cache_evicted,branch,262144,262144,17358848,4238,250043787,548825036,4,4,0,0,0,0
1,prefetch-gcc13-scalar-r8-prefetch_chain-scalar-warm-branch-536870912,prefetch-gcc13-scalar,8,prefetch_chain,scalar,warm,branch,536870912,536870912,8388608,1,907926579,1992823232,4,4,0,0,18009487893123361,0
1,prefetch-gcc13-scalar-r8-prefetch_chain-scalar-warm-basic-16384,prefetch-gcc13-scalar,8,prefetch_chain,scalar,warm,basic,16384,16384,74215424,289904,250000290,548729368,4,4,3,0,0,0
1,prefetch-gcc13-scalar-r8-prefetch_chain-scalar-warm-basic-28672,prefetch-gcc13-scalar,8,prefetch_chain,scalar,warm,basic,28672,28672,73835328,164811,250000467,548729972,4,4,0,0,918418477309,0
1,prefetch-gcc13-scalar-r8-prefetch_chain-scalar-cache_evicted-branch-32768,prefetch-gcc13-scalar,8,prefetch_chain,scalar,cache_evicted,branch,32768,32768,56846848,111029,250001637,548732536,4,4,0,0,1106574797580,0
1,prefetch-gcc13-scalar-r8-prefetch_chain-scalar-warm-branch-24576,prefetch-gcc13-scalar,8,prefetch_chain,scalar,warm,branch,24576,24576,75540480,196720,250000507,548729884,4,4,0,0,0,0
1,prefetch-gcc13-scalar-r8-prefetch_chain-scalar-warm-branch-262144,prefetch-gcc13-scalar,8,prefetch_chain,scalar,warm,branch,262144,262144,23912448,5838,250008981,548748520,4,4,0,0,0,0
1,prefetch-gcc13-scalar-r8-prefetch_chain-scalar-warm-basic-1048576,prefetch-gcc13-scalar,8,prefetch_chain,scalar,warm,basic,1048576,1048576,11862016,724,250292657,549371292,4,4,0,0,0,0
1,prefetch-gcc13-scalar-r8-prefetch_chain-scalar-warm-basic-98304,prefetch-gcc13-scalar,8,prefetch_chain,scalar,warm,basic,98304,98304,30339072,19752,250006324,548742928,4,4,0,0,0,0
1,prefetch-gcc13-scalar-r8-prefetch_chain-scalar-warm-branch-12582912,prefetch-gcc13-scalar,8,prefetch_chain,scalar,warm,branch,12582912,12582912,3145728,16,261621108,574236148,4,4,0,0,0,0
1,prefetch-gcc13-scalar-r8-prefetch_chain-scalar-warm-basic-294912,prefetch-gcc13-scalar,8,prefetch_chain,scalar,warm,basic,294912,294912,19367424,4203,250033857,548803084,4,4,0,0,9924816065039,0
1,prefetch-gcc13-scalar-r8-prefetch_chain-scalar-warm-branch-49152,prefetch-gcc13-scalar,8,prefetch_chain,scalar,warm,branch,49152,49152,30274560,39420,250002243,548733948,4,4,0,0,0,0
1,prefetch-gcc13-scalar-r8-prefetch_chain-scalar-warm-branch-33554432,prefetch-gcc13-scalar,8,prefetch_chain,scalar,warm,branch,33554432,33554432,3145728,6,289204421,634779016,4,4,0,0,0,0
1,prefetch-gcc13-scalar-r9-prefetch_chain-scalar-cache_evicted-basic-262144,prefetch-gcc13-scalar,9,prefetch_chain,scalar,cache_evicted,basic,262144,262144,19554304,4774,250032948,548801280,4,4,0,0,0,0
1,prefetch-gcc13-scalar-r9-prefetch_chain-scalar-warm-branch-1048576,prefetch-gcc13-scalar,9,prefetch_chain,scalar,warm,branch,1048576,1048576,11862016,724,250113767,548978632,4,4,0,0,0,0
1,prefetch-gcc13-scalar-r9-prefetch_chain-scalar-warm-basic-8388608,prefetch-gcc13-scalar,9,prefetch_chain,scalar,warm,basic,8388608,8388608,4063232,31,254065724,557652704,4,4,0,0,282721135550054,0
1,prefetch-gcc13-scalar-r9-prefetch_chain-scalar-warm-branch-4194304,prefetch-gcc13-scalar,9,prefetch_chain,scalar,warm,branch,4194304,4194304,7471104,114,252916722,555130684,4,4,0,0,0,0
1,prefetch-gcc13-scalar-r9-prefetch_chain-scalar-warm-basic-65536,prefetch-gcc13-scalar,9,prefetch_chain,scalar,warm,basic,65536,65536,30296064,29586,250001176,548731376,4,4,0,0,0,0
1,prefetch-gcc13-scalar-r9-prefetch_chain-scalar-warm-basic-8192,prefetch-gcc13-scalar,9,prefetch_chain,scalar,warm,basic,8192,8192,71890688,561646,250000358,548729640,4,4,0,0,0,0
1,prefetch-gcc13-scalar-r9-prefetch_chain-scalar-warm-basic-134217728,prefetch-gcc13-scalar,9,prefetch_chain,scalar,warm,basic,134217728,134217728,4194304,2,428781283,941138820,4,4,0,0,0,0
1,prefetch-gcc13-scalar-r9-prefetch_chain-scalar-warm-branch-65536,prefetch-gcc13-scalar,9,prefetch_chain,scalar,warm,branch,65536,65536,30333952,29623,250005382,548740896,4,4,0,0,2243113934497,0
1,prefetch-gcc13-scalar-r9-prefetch_chain-scalar-warm-branch-262144,prefetch-gcc13-scalar,9,prefetch_chain,scalar,warm,branch,262144,262144,17072128,4168,250046922,548831776,4,4,0,0,0,0
1,prefetch-gcc13-scalar-r9-prefetch_chain-scalar-warm-basic-524288,prefetch-gcc13-scalar,9,prefetch_chain,scalar,warm,basic,524288,524288,12615680,1540,250121445,548995320,4,4,0,0,0,0
1,prefetch-gcc13-scalar-r9-prefetch_chain-scalar-warm-branch-8388608,prefetch-gcc13-scalar,9,prefetch_chain,scalar,warm,branch,8388608,8388608,3932160,30,250379908,549562636,4,4,0,0,0,0
1,prefetch-gcc13-scalar-r9-prefetch_chain-scalar-cache_evicted-branch-1048576,prefetch-gcc13-scalar,9,prefetch_chain,scalar,cache_evicted,branch,1048576,1048576,11960320,730,250111906,548974400,4,4,0,0,0,0
1,prefetch-gcc13-scalar-r9-prefetch_chain-scalar-warm-branch-536870912,prefetch-gcc13-scalar,9,prefetch_chain,scalar,warm,branch,536870912,536870912,8388608,1,917541159,2013926416,4,4,0,0,18014572477502109,0
1,prefetch-gcc13-scalar-r9-prefetch_chain-scalar-cache_evicted-branch-32768,prefetch-gcc13-scalar,9,prefetch_chain,scalar,cache_evicted,branch,32768,32768,56430080,110215,250000622,548730300,4,4,0,0,1115586928117,0
1,prefetch-gcc13-scalar-r9-prefetch_chain-scalar-warm-basic-16384,prefetch-gcc13-scalar,9,prefetch_chain,scalar,warm,basic,16384,16384,74240256,290001,250000552,548730264,4,4,0,0,571903797218,0
1,prefetch-gcc13-scalar-r9-prefetch_chain-scalar-warm-branch-32768,prefetch-gcc13-scalar,9,prefetch_chain,scalar,warm,branch,32768,32768,55380480,108165,250002352,548734108,4,4,0,0,1124508762957,0
1,prefetch-gcc13-scalar-r9-prefetch_chain-scalar-warm-basic-4194304,prefetch-gcc13-scalar,9,prefetch_chain,scalar,warm,basic,4194304,4194304,7667712,117,250564760,549968388,4,4,0,0,141131947017982,0
1,prefetch-gcc13-scalar-r9-prefetch_chain-scalar-cache_evicted-basic-33554432,prefetch-gcc13-scalar,9,prefetch_chain,scalar,cache_evicted,basic,33554432,33554432,3145728,6,297805922,653658764,4,4,0,0,0,0
1,prefetch-gcc13-scalar-r9-prefetch_chain-scalar-warm-basic-294912,prefetch-gcc13-scalar,9,prefetch_chain,scalar,warm,basic,294912,294912,16210944,3518,250032156,548799352,4,4,0,0,0,0
1,prefetch-gcc13-scalar-r9-prefetch_chain-scalar-warm-basic-6291456,prefetch-gcc13-scalar,9,prefetch_chain,scalar,warm,basic,6291456,6291456,3932160,40,250287439,549359648,4,4,0,0,0,0
1,prefetch-gcc13-scalar-r9-prefetch_chain-scalar-cache_evicted-basic-8388608,prefetch-gcc13-scalar,9,prefetch_chain,scalar,cache_evicted,basic,8388608,8388608,4456448,34,255553979,560919260,4,4,0,0,0,0
1,prefetch-gcc13-scalar-r9-prefetch_chain-scalar-warm-branch-36864,prefetch-gcc13-scalar,9,prefetch_chain,scalar,warm,branch,36864,36864,30211776,52451,250003955,548737620,4,4,0,0,1265380963412,0
1,prefetch-gcc13-scalar-r9-prefetch_chain-scalar-cache_evicted-branch-33554432,prefetch-gcc13-scalar,9,prefetch_chain,scalar,cache_evicted,branch,33554432,33554432,3145728,6,297901538,653868664,4,4,0,0,0,0
1,prefetch-gcc13-scalar-r9-prefetch_chain-scalar-warm-basic-5242880,prefetch-gcc13-scalar,9,prefetch_chain,scalar,warm,basic,5242880,5242880,5734400,70,250725548,550321248,4,4,0,0,0,0
1,prefetch-gcc13-scalar-r9-prefetch_chain-scalar-warm-basic-262144,prefetch-gcc13-scalar,9,prefetch_chain,scalar,warm,basic,262144,262144,16609280,4055,250020983,548774824,4,4,0,0,8892674946275,0
1,prefetch-gcc13-scalar-r9-prefetch_chain-scalar-warm-basic-7340032,prefetch-gcc13-scalar,9,prefetch_chain,scalar,warm,basic,7340032,7340032,4472832,39,254962240,559620476,4,4,0,0,247365424507309,0
1,prefetch-gcc13-scalar-r9-prefetch_chain-scalar-warm-branch-16384,prefetch-gcc13-scalar,9,prefetch_chain,scalar,warm,branch,16384,16384,74518528,291088,250000246,548729320,4,4,0,0,0,0
1,prefetch-gcc13-scalar-r9-prefetch_chain-scalar-warm-branch-7340032,prefetch-gcc13-scalar,9,prefetch_chain,scalar,warm,branch,7340032,7340032,4702208,41,250692242,550248168,4,4,0,0,247365424507309,0
1,prefetch-gcc13-scalar-r9-prefetch_chain-scalar-warm-branch-2097152,prefetch-gcc13-scalar,9,prefetch_chain,scalar,warm,branch,2097152,2097152,11632640,355,250031488,548798044,4,4,0,0,70544121704227,0
1,prefetch-gcc13-scalar-r9-prefetch_chain-scalar-warm-basic-36864,prefetch-gcc13-scalar,9,prefetch_chain,scalar,warm,basic,36864,36864,30307968,52618,250001927,548733068,4,4,0,0,0,0
1,prefetch-gcc13-scalar-r9-prefetch_chain-scalar-warm-branch-294912,prefetch-gcc13-scalar,9,prefetch_chain,scalar,warm,branch,294912,294912,15358464,3333,250027065,548788340,4,4,0,0,10022186176360,0
1,prefetch-gcc13-scalar-r9-prefetch_chain-scalar-warm-basic-98304,prefetch-gcc13-scalar,9,prefetch_chain,scalar,warm,basic,98304,98304,30359040,19765,250012626,548756764,4,4,0,0,3352457211939,0
1,prefetch-gcc13-scalar-r9-prefetch_chain-scalar-warm-basic-1048576,prefetch-gcc13-scalar,9,prefetch_chain,scalar,warm,basic,1048576,1048576,11780096,719,250085322,548915988,4,4,0,0,35243057335629,0
1,prefetch-gcc13-scalar-r9-prefetch_chain-scalar-warm-branch-5242880,prefetch-gcc13-scalar,9,prefetch_chain,scalar,warm,branch,5242880,5242880,4341760,53,251396276,551793476,4,4,0,0,176505602780228,0
1,prefetch-gcc13-scalar-r9-prefetch_chain-scalar-warm-basic-536870912,prefetch-gcc13-scalar,9,prefetch_chain,scalar,warm,basic,536870912,536870912,8388608,1,912265562,2002346928,4,4,0,0,18014572477502109,0
1,prefetch-gcc13-scalar-r9-prefetch_chain-scalar-cache_evicted-basic-6291456,prefetch-gcc13-scalar,9,prefetch_chain,scalar,cache_evicted,basic,6291456,6291456,6291456,64,253619318,556672880,4,4,0,0,0,0
1,prefetch-gcc13-scalar-r9-prefetch_chain-scalar-warm-branch-28672,prefetch-gcc13-scalar,9,prefetch_chain,scalar,warm,branch,28672,28672,74035136,165257,250001699,548732496,4,4,0,0,997056686218,0
1,prefetch-gcc13-scalar-r9-prefetch_chain-scalar-warm-branch-8192,prefetch-gcc13-scalar,9,prefetch_chain,scalar,warm,branch,8192,8192,71890944,561648,250000538,548730116,4,4,0,0,0,0
1,prefetch-gcc13-scalar-r9-prefetch_chain-scalar-warm-basic-196608,prefetch-gcc13-scalar,9,prefetch_chain,scalar,warm,basic,196608,196608,26677248,8684,250011500,548754176,4,4,0,0,0,0
1,prefetch-gcc13-scalar-r9-prefetch_chain-scalar-cache_evicted-branch-536870912,prefetch-gcc13-scalar,9,prefetch_chain,scalar,cache_evicted,branch,536870912,536870912,8388608,1,897074857,1969004520,4,4,0,0,18007709818005232,0
1,prefetch-gcc13-scalar-r9-prefetch_chain-scalar-cache_evicted-branch-6291456,prefetch-gcc13-scalar,9,prefetch_chain,scalar,cache_evicted,branch,6291456,6291456,5799936,59,253691774,556831940,4,4,0,0,210556627314683,0
1,prefetch-gcc13-scalar-r9-prefetch_chain-scalar-warm-branch-134217728,prefetch-gcc13-scalar,9,prefetch_chain,scalar,warm,branch,134217728,134217728,4194304,2,428874988,941344480,4,4,0,0,0,0
1,prefetch-gcc13-scalar-r9-prefetch_chain-scalar-cache_evicted-basic-32768,prefetch-gcc13-scalar,9,prefetch_chain,scalar,cache_evicted,basic,32768,32768,55311360,108030,250002313,548734040,4,4,0,0,0,0
1,prefetch-gcc13-scalar-r9-prefetch_chain-scalar-warm-basic-131072,prefetch-gcc13-scalar,9,prefetch_chain,scalar,warm,basic,131072,131072,30380032,14834,250007013,548744328,4,4,0,0,0,0
1,prefetch-gcc13-scalar-r9-prefetch_chain-scalar-warm-basic-393216,prefetch-gcc13-scalar,9,prefetch_chain,scalar,warm,basic,393216,393216,13541376,2204,250090929,548928492,4,4,0,0,0,0
1,prefetch-gcc13-scalar-r9-prefetch_chain-scalar-warm-basic-28672,prefetch-gcc13-scalar,9,prefetch_chain,scalar,warm,basic,28672,28672,72517760,161870,250001158,548731476,4,4,0,0,0,0
1,prefetch-gcc13-scalar-r9-prefetch_chain-scalar-warm-basic-2097152,prefetch-gcc13-scalar,9,prefetch_chain,scalar,warm,basic,2097152,2097152,11763712,359,250427904,549668172,4,4,0,0,70544121704227,0
1,prefetch-gcc13-scalar-r9-prefetch_chain-scalar-warm-branch-49152,prefetch-gcc13-scalar,9,prefetch_chain,scalar,warm,branch,49152,49152,30273024,39418,250003872,548737212,4,4,0,0,0,0
1,prefetch-gcc13-scalar-r9-prefetch_chain-scalar-warm-branch-196608,prefetch-gcc13-scalar,9,prefetch_chain,scalar,warm,branch,196608,196608,26256384,8547,250016956,548765936,4,4,0,0,6649772184104,0
1,prefetch-gcc13-scalar-r9-prefetch_chain-scalar-warm-branch-131072,prefetch-gcc13-scalar,9,prefetch_chain,scalar,warm,branch,131072,131072,28618752,13974,250009005,548748724,4,4,0,0,0,0
1,prefetch-gcc13-scalar-r9-prefetch_chain-scalar-cache_evicted-basic-1048576,prefetch-gcc13-scalar,9,prefetch_chain,scalar,cache_evicted,basic,1048576,1048576,11845632,723,250094133,548935556,4,4,0,0,35176552755014,0
1,prefetch-gcc13-scalar-r9-prefetch_chain-scalar-warm-branch-393216,prefetch-gcc13-scalar,9,prefetch_chain,scalar,warm,branch,393216,393216,13074432,2128,250025922,548785944,4,4,0,0,0,0
1,prefetch-gcc13-scalar-r9-prefetch_chain-scalar-cache_evicted-basic-536870912,prefetch-gcc13-scalar,9,prefetch_chain,scalar,cache_evicted,basic,536870912,536870912,8388608,1,903453524,1983005248,4,4,0,0,18007709818005232,0
1,prefetch-gcc13-scalar-r9-prefetch_chain-scalar-warm-branch-98304,prefetch-gcc13-scalar,9,prefetch_chain,scalar,warm,branch,98304,98304,30357504,19764,250005313,548740464,4,4,1,0,0,0
1,prefetch-gcc13-scalar-r9-prefetch_chain-scalar-warm-branch-33554432,prefetch-gcc13-scalar,9,prefetch_chain,scalar,warm,branch,33554432,33554432,3145728,6,282291100,619605064,4,4,0,0,0,0
1,prefetch-gcc13-scalar-r9-prefetch_chain-scalar-cache_evicted-branch-262144,prefetch-gcc13-scalar,9,prefetch_chain,scalar,cache_evicted,branch,262144,262144,17326080,4230,250019432,548771428,4,4,0,0,0,0
1,prefetch-gcc13-scalar-r9-prefetch_chain-scalar-warm-basic-229376,prefetch-gcc13-scalar,9,prefetch_chain,scalar,warm,basic,229376,229376,26593280,7420,250031237,548797344,4,4,0,0,0,0
1,prefetch-gcc13-scalar-r9-prefetch_chain-scalar-warm-branch-229376,prefetch-gcc13-scalar,9,prefetch_chain,scalar,warm,branch,229376,229376,22027264,6146,250034330,548803952,4,4,0,0,0,0
1,prefetch-gcc13-scalar-r9-prefetch_chain-scalar-warm-branch-24576,prefetch-gcc13-scalar,9,prefetch_chain,scalar,warm,branch,24576,24576,75579264,196821,250001185,548731652,4,4,0,0,854400638918,0
1,prefetch-gcc13-scalar-r9-prefetch_chain-scalar-warm-basic-33554432,prefetch-gcc13-scalar,9,prefetch_chain,scalar,warm,basic,33554432,33554432,3145728,6,282137190,619267216,4,4,0,0,0,0
1,prefetch-gcc13-scalar-r9-prefetch_chain-scalar-cache_evicted-branch-8388608,prefetch-gcc13-scalar,9,prefetch_chain,scalar,cache_evicted,branch,8388608,8388608,4456448,34,252753442,554772360,4,4,0,0,0,0
1,prefetch-gcc13-scalar-r9-prefetch_chain-scalar-warm-basic-12582912,prefetch-gcc13-scalar,9,prefetch_chain,scalar,warm,basic,12582912,12582912,3735552,19,254179796,557903084,4,4,0,0,423675063251452,0
1,prefetch-gcc13-scalar-r9-prefetch_chain-scalar-warm-basic-24576,prefetch-gcc13-scalar,9,prefetch_chain,scalar,warm,basic,24576,24576,75561216,196774,250000190,548729360,4,4,0,0,0,0
1,prefetch-gcc13-scalar-r9-prefetch_chain-scalar-warm-branch-524288,prefetch-gcc13-scalar,9,prefetch_chain,scalar,warm,branch,524288,524288,12500992,1526,250124997,549003128,4,4,0,0,0,0
1,prefetch-gcc13-scalar-r9-prefetch_chain-scalar-warm-branch-12582912,prefetch-gcc13-scalar,9,prefetch_chain,scalar,warm,branch,12582912,12582912,3145728,16,260155080,571018304,4,4,0,0,0,0
1,prefetch-gcc13-scalar-r9-prefetch_chain-scalar-warm-basic-32768,prefetch-gcc13-scalar,9,prefetch_chain,scalar,warm,basic,32768,32768,58288128,113844,250002156,548733784,4,4,0,0,0,0
1,prefetch-gcc13-scalar-r9-prefetch_chain-scalar-warm-basic-49152,prefetch-gcc13-scalar,9,prefetch_chain,scalar,warm,basic,49152,49152,30280704,39428,250004759,548739376,4,4,0,0,0,0
1,prefetch-gcc13-scalar-r9-prefetch_chain-scalar-warm-branch-6291456,prefetch-gcc13-scalar,9,prefetch_chain,scalar,warm,branch,6291456,6291456,5701632,58,252953477,555211348,4,4,0,0,0,0
1,prefetch-gcc13-scalar-r10-prefetch_chain-scalar-warm-basic-49152,prefetch-gcc13-scalar,10,prefetch_chain,scalar,warm,basic,49152,49152,30272256,39417,250006162,548742576,4,4,0,0,1590306880161,0
1,prefetch-gcc13-scalar-r10-prefetch_chain-scalar-cache_evicted-branch-6291456,prefetch-gcc13-scalar,10,prefetch_chain,scalar,cache_evicted,branch,6291456,6291456,5603328,57,250656152,550168972,4,4,0,0,211191049238758,0
1,prefetch-gcc13-scalar-r10-prefetch_chain-scalar-warm-basic-33554432,prefetch-gcc13-scalar,10,prefetch_chain,scalar,warm,basic,33554432,33554432,3145728,6,284182459,623756596,4,4,0,0,0,0
1,prefetch-gcc13-scalar-r10-prefetch_chain-scalar-warm-branch-8192,prefetch-gcc13-scalar,10,prefetch_chain,scalar,warm,branch,8192,8192,71799936,560937,250000524,548729924,4,4,0,0,264079104495,0
1,prefetch-gcc13-scalar-r10-prefetch_chain-scalar-cache_evicted-branch-536870912,prefetch-gcc13-scalar,10,prefetch_chain,scalar,cache_evicted,branch,536870912,536870912,8388608,1,904997016,1986393056,4,4,0,0,18012167935725563,0
1,prefetch-gcc13-scalar-r10-prefetch_chain-scalar-cache_evicted-basic-1048576,prefetch-gcc13-scalar,10,prefetch_chain,scalar,cache_evicted,basic,1048576,1048576,12107776,739,250335536,549465524,4,4,0,0,35313196360964,0
1,prefetch-gcc13-scalar-r10-prefetch_chain-scalar-warm-branch-12582912,prefetch-gcc13-scalar,10,prefetch_chain,scalar,warm,branch,12582912,12582912,3932160,20,254809236,559284648,4,4,0,0,0,0
1,prefetch-gcc13-scalar-r10-prefetch_chain-scalar-warm-branch-33554432,prefetch-gcc13-scalar,10,prefetch_chain,scalar,warm,branch,33554432,33554432,3145728,6,275100299,603821836,4,4,0,0,0,0
1,prefetch-gcc13-scalar-r10-prefetch_chain-scalar-cache_evicted-branch-1048576,prefetch-gcc13-scalar,10,prefetch_chain,scalar,cache_evicted,branch,1048576,1048576,11894784,726,250225109,549223180,4,4,0,0,0,0
1,prefetch-gcc13-scalar-r10-prefetch_chain-scalar-warm-branch-98304,prefetch-gcc13-scalar,10,prefetch_chain,scalar,warm,branch,98304,98304,30322176,19741,250006687,548743424,4,4,0,0,3234912678983,0
1,prefetch-gcc13-scalar-r10-prefetch_chain-scalar-warm-basic-12582912,prefetch-gcc13-scalar,10,prefetch_chain,scalar,warm,basic,12582912,12582912,2949120,15,265622703,583019320,4,4,0,0,421626152597472,0
1,prefetch-gcc13-scalar-r10-prefetch_chain-scalar-warm-basic-524288,prefetch-gcc13-scalar,10,prefetch_chain,scalar,warm,basic,524288,524288,12754944,1557,250062036,548864964,4,4,0,0,17593966191421,0
1,prefetch-gcc13-scalar-r10-prefetch_chain-scalar-warm-basic-4194304,prefetch-gcc13-scalar,10,prefetch_chain,scalar,warm,basic,4194304,4194304,3145728,48,254532812,558677932,4,4,0,0,0,0
1,prefetch-gcc13-scalar-r10-prefetch_chain-scalar-warm-branch-24576,prefetch-gcc13-scalar,10,prefetch_chain,scalar,warm,branch,24576,24576,74475648,193947,250000792,548730520,4,4,0,0,794551983246,0
1,prefetch-gcc13-scalar-r10-prefetch_chain-scalar-warm-basic-2097152,prefetch-gcc13-scalar,10,prefetch_chain,scalar,warm,basic,2097152,2097152,6651904,203,250238751,549252808,4,4,0,0,70230265262832,0
1,prefetch-gcc13-scalar-r10-prefetch_chain-scalar-warm-basic-6291456,prefetch-gcc13-scalar,10,prefetch_chain,scalar,warm,basic,6291456,6291456,2949120,30,253652194,556745056,4,4,0,0,0,0
1,prefetch-gcc13-scalar-r10-prefetch_chain-scalar-warm-branch-262144,prefetch-gcc13-scalar,10,prefetch_chain,scalar,warm,branch,262144,262144,16023552,3912,250014635,548760896,4,4,0,0,0,0
1,prefetch-gcc13-scalar-r10-prefetch_chain-scalar-warm-basic-16384,prefetch-gcc13-scalar,10,prefetch_chain,scalar,warm,basic,16384,16384,74070272,289337,250000925,548730804,4,4,0,0,540281971986,0
1,prefetch-gcc13-scalar-r10-prefetch_chain-scalar-warm-branch-28672,prefetch-gcc13-scalar,10,prefetch_chain,scalar,warm,branch,28672,28672,72580928,162011,250000218,548729248,4,4,0,0,940340839108,0
1,prefetch-gcc13-scalar-r10-prefetch_chain-scalar-cache_evicted-branch-33554432,prefetch-gcc13-scalar,10,prefetch_chain,scalar,cache_evicted,branch,33554432,33554432,2621440,5,256701124,563437044,4,4,0,0,1124714322564732,0
1,prefetch-gcc13-scalar-r10-prefetch_chain-scalar-warm-basic-24576,prefetch-gcc13-scalar,10,prefetch_chain,scalar,warm,basic,24576,24576,74840448,194897,250000363,548729548,4,4,0,0,794551983246,0
1,prefetch-gcc13-scalar-r10-prefetch_chain-scalar-warm-branch-49152,prefetch-gcc13-scalar,10,prefetch_chain,scalar,warm,branch,49152,49152,30183936,39302,250002707,548734708,4,4,0,0,0,0
1,prefetch-gcc13-scalar-r10-prefetch_chain-scalar-warm-basic-98304,prefetch-gcc13-scalar,10,prefetch_chain,scalar,warm,basic,98304,98304,30300672,19727,250006020,548742012,4,4,0,0,3234912678983,0
1,prefetch-gcc13-scalar-r10-prefetch_chain-scalar-warm-branch-4194304,prefetch-gcc13-scalar,10,prefetch_chain,scalar,warm,branch,4194304,4194304,3997696,61,251061555,551058812,4,4,0,0,140346753565495,0
1,prefetch-gcc13-scalar-r10-prefetch_chain-scalar-warm-basic-294912,prefetch-gcc13-scalar,10,prefetch_chain,scalar,warm,basic,294912,294912,16966656,3682,250014080,548759672,4,4,0,0,0,0
1,prefetch-gcc13-scalar-r10-prefetch_chain-scalar-warm-branch-6291456,prefetch-gcc13-scalar,10,prefetch_chain,scalar,warm,branch,6291456,6291456,3637248,37,251637136,552322108,4,4,0,0,210991731742271,0
1,prefetch-gcc13-scalar-r10-prefetch_chain-scalar-cache_evicted-basic-262144,prefetch-gcc13-scalar,10,prefetch_chain,scalar,cache_evicted,basic,262144,262144,17440768,4258,250018290,548768892,4,4,0,0,0,0
1,prefetch-gcc13-scalar-r10-prefetch_chain-scalar-warm-basic-65536,prefetch-gcc13-scalar,10,prefetch_chain,scalar,warm,basic,65536,65536,30197760,29490,250001963,548733000,4,4,0,0,0,0
1,prefetch-gcc13-scalar-r10-prefetch_chain-scalar-warm-basic-196608,prefetch-gcc13-scalar,10,prefetch_chain,scalar,warm,basic,196608,196608,20874240,6795,250016091,548764088,4,4,0,0,6559097098907,0
1,prefetch-gcc13-scalar-r10-prefetch_chain-scalar-warm-basic-131072,prefetch-gcc13-scalar,10,prefetch_chain,scalar,warm,basic,131072,131072,29995008,14646,250005371,548740520,4,4,0,0,0,0
1,prefetch-gcc13-scalar-r10-prefetch_chain-scalar-warm-basic-229376,prefetch-gcc13-scalar,10,prefetch_chain,scalar,warm,basic,229376,229376,21593600,6025,250019943,548772556,4,4,0,0,7691544943318,0
1,prefetch-gcc13-scalar-r10-prefetch_chain-scalar-warm-basic-7340032,prefetch-gcc13-scalar,10,prefetch_chain,scalar,warm,basic,7340032,7340032,3555328,31,255234457,560217944,4,4,0,0,246063982447063,0
1,prefetch-gcc13-scalar-r10-prefetch_chain-scalar-warm-basic-5242880,prefetch-gcc13-scalar,10,prefetch_chain,scalar,warm,basic,5242880,5242880,4997120,61,251850672,552790816,4,4,0,0,175650693424775,0
1,prefetch-gcc13-scalar-r10-prefetch_chain-scalar-warm-branch-229376,prefetch-gcc13-scalar,10,prefetch_chain,scalar,warm,branch,229376,229376,21995008,6137,250004661,548739280,4,4,0,0,7691544943318,0
1,prefetch-gcc13-scalar-r10-prefetch_chain-scalar-cache_evicted-basic-536870912,prefetch-gcc13-scalar,10,prefetch_chain,scalar,cache_evicted,basic,536870912,536870912,8388608,1,897499641,1969936936,4,4,0,0,18012167935725563,0
1,prefetch-gcc13-scalar-r10-prefetch_chain-scalar-cache_evicted-basic-8388608,prefetch-gcc13-scalar,10,prefetch_chain,scalar,cache_evicted,basic,8388608,8388608,3407872,26,256612890,563243528,4,4,0,0,0,0
1,prefetch-gcc13-scalar-r10-prefetch_chain-scalar-warm-basic-262144,prefetch-gcc13-scalar,10,prefetch_chain,scalar,warm,basic,262144,262144,22552576,5506,250011927,548755228,4,4,0,0,0,0
1,prefetch-gcc13-scalar-r10-prefetch_chain-scalar-warm-branch-16384,prefetch-gcc13-scalar,10,prefetch_chain,scalar,warm,branch,16384,16384,74151680,289655,250001028,548731028,4,4,0,0,540281971986,0
1,prefetch-gcc13-scalar-r10-prefetch_chain-scalar-warm-basic-8192,prefetch-gcc13-scalar,10,prefetch_chain,scalar,warm,basic,8192,8192,71819776,561092,250000569,548730020,4,4,0,0,0,0
1,prefetch-gcc13-scalar-r10-prefetch_chain-scalar-warm-branch-36864,prefetch-gcc13-scalar,10,prefetch_chain,scalar,warm,branch,36864,36864,30124800,52300,250000620,548730156,4,4,0,0,0,0
1,prefetch-gcc13-scalar-r10-prefetch_chain-scalar-warm-branch-8388608,prefetch-gcc13-scalar,10,prefetch_chain,scalar,warm,branch,8388608,8388608,4325376,33,255228146,560203880,4,4,0,0,281355421466579,0
1,prefetch-gcc13-scalar-r10-prefetch_chain-scalar-warm-basic-536870912,prefetch-gcc13-scalar,10,prefetch_chain,scalar,warm,basic,536870912,536870912,8388608,1,909531224,1996345296,4,4,0,0,18011487012409876,0
1,prefetch-gcc13-scalar-r10-prefetch_chain-scalar-warm-branch-7340032,prefetch-gcc13-scalar,10,prefetch_chain,scalar,warm,branch,7340032,7340032,3325952,29,255086592,559893432,4,4,0,0,246063982447063,0
1,prefetch-gcc13-scalar-r10-prefetch_chain-scalar-warm-basic-8388608,prefetch-gcc13-scalar,10,prefetch_chain,scalar,warm,basic,8388608,8388608,3014656,23,250987359,550895940,4,4,0,0,281355421466579,0
1,prefetch-gcc13-scalar-r10-prefetch_chain-scalar-warm-branch-393216,prefetch-gcc13-scalar,10,prefetch_chain,scalar,warm,branch,393216,393216,13608960,2215,250045989,548829708,4,4,0,0,13239911258460,0
1,prefetch-gcc13-scalar-r10-prefetch_chain-scalar-warm-basic-36864,prefetch-gcc13-scalar,10,prefetch_chain,scalar,warm,basic,36864,36864,30086784,52234,250004728,548739320,4,4,0,0,0,0
1,prefetch-gcc13-scalar-r10-prefetch_chain-scalar-warm-basic-28672,prefetch-gcc13-scalar,10,prefetch_chain,scalar,warm,basic,28672,28672,70517888,157406,250001587,548732420,4,4,0,0,0,0
1,prefetch-gcc13-scalar-r10-prefetch_chain-scalar-warm-basic-393216,prefetch-gcc13-scalar,10,prefetch_chain,scalar,warm,basic,393216,393216,13535232,2203,250095553,548938500,4,4,0,0,13239911258460,0
1,prefetch-gcc13-scalar-r10-prefetch_chain-scalar-warm-branch-5242880,prefetch-gcc13-scalar,10,prefetch_chain,scalar,warm,branch,5242880,5242880,4915200,60,250133799,549022448,4,4,0,0,0,0
1,prefetch-gcc13-scalar-r10-prefetch_chain-scalar-cache_evicted-basic-6291456,prefetch-gcc13-scalar,10,prefetch_chain,scalar,cache_evicted,basic,6291456,6291456,4816896,49,252452186,554111120,4,4,0,0,211191049238758,0
1,prefetch-gcc13-scalar-r10-prefetch_chain-scalar-cache_evicted-branch-262144,prefetch-gcc13-scalar,10,prefetch_chain,scalar,cache_evicted,branch,262144,262144,20070400,4900,250006596,548743400,4,4,0,0,0,0
1,prefetch-gcc13-scalar-r10-prefetch_chain-scalar-warm-branch-524288,prefetch-gcc13-scalar,10,prefetch_chain,scalar,warm,branch,524288,524288,12607488,1539,250121900,548996340,4,4,0,0,17593966191421,0
1,prefetch-gcc13-scalar-r10-prefetch_chain-scalar-cache_evicted-basic-32768,prefetch-gcc13-scalar,10,prefetch_chain,scalar,cache_evicted,basic,32768,32768,56924160,111180,250002307,548733836,4,4,0,0,0,0
1,prefetch-gcc13-scalar-r10-prefetch_chain-scalar-warm-branch-196608,prefetch-gcc13-scalar,10,prefetch_chain,scalar,warm,branch,196608,196608,30225408,9839,250023253,548779980,4,4,0,0,6559097098907,0
1,prefetch-gcc13-scalar-r10-prefetch_chain-scalar-warm-branch-134217728,prefetch-gcc13-scalar,10,prefetch_chain,scalar,warm,branch,134217728,134217728,4194304,2,428888031,941373128,4,4,0,0,0,0
1,prefetch-gcc13-scalar-r10-prefetch_chain-scalar-warm-branch-1048576,prefetch-gcc13-scalar,10,prefetch_chain,scalar,warm,branch,1048576,1048576,11894784,726,250179871,549123572,4,4,0,0,0,0
1,prefetch-gcc13-scalar-r10-prefetch_chain-scalar-warm-branch-294912,prefetch-gcc13-scalar,10,prefetch_chain,scalar,warm,branch,294912,294912,16694784,3623,250001063,548731412,4,4,0,0,9939201562854,0
1,prefetch-gcc13-scalar-r10-prefetch_chain-scalar-warm-basic-1048576,prefetch-gcc13-scalar,10,prefetch_chain,scalar,warm,basic,1048576,1048576,11976704,731,250128609,549011232,4,4,0,0,34959951641481,0
1,prefetch-gcc13-scalar-r10-prefetch_chain-scalar-warm-basic-134217728,prefetch-gcc13-scalar,10,prefetch_chain,scalar,warm,basic,134217728,134217728,4194304,2,428816495,941216124,4,4,0,0,0,0
1,prefetch-gcc13-scalar-r10-prefetch_chain-scalar-warm-branch-536870912,prefetch-gcc13-scalar,10,prefetch_chain,scalar,warm,branch,536870912,536870912,8388608,1,907827251,1992605216,4,4,0,0,18011487012409876,0
1,prefetch-gcc13-scalar-r10-prefetch_chain-scalar-warm-branch-65536,prefetch-gcc13-scalar,10,prefetch_chain,scalar,warm,branch,65536,65536,30223360,29515,250006750,548743582,4,4,5,0,2125328897267,0
1,prefetch-gcc13-scalar-r10-prefetch_chain-scalar-cache_evicted-branch-32768,prefetch-gcc13-scalar,10,prefetch_chain,scalar,cache_evicted,branch,32768,32768,57364480,112040,250001280,548731772,4,4,0,0,0,0
1,prefetch-gcc13-scalar-r10-prefetch_chain-scalar-warm-basic-32768,prefetch-gcc13-scalar,10,prefetch_chain,scalar,warm,basic,32768,32768,54447104,106342,250002139,548733636,4,4,0,0,0,0
1,prefetch-gcc13-scalar-r10-prefetch_chain-scalar-cache_evicted-branch-8388608,prefetch-gcc13-scalar,10,prefetch_chain,scalar,cache_evicted,branch,8388608,8388608,4325376,33,252632196,554506236,4,4,0,0,281752034640345,0
1,prefetch-gcc13-scalar-r10-prefetch_chain-scalar-cache_evicted-basic-33554432,prefetch-gcc13-scalar,10,prefetch_chain,scalar,cache_evicted,basic,33554432,33554432,3145728,6,286944621,629819140,4,4,0,0,0,0
1,prefetch-gcc13-scalar-r10-prefetch_chain-scalar-warm-branch-2097152,prefetch-gcc13-scalar,10,prefetch_chain,scalar,warm,branch,2097152,2097152,10190848,311,250469583,549759464,4,4,0,0,70230265262832,0
1,prefetch-gcc13-scalar-r10-prefetch_chain-scalar-warm-branch-131072,prefetch-gcc13-scalar,10,prefetch_chain,scalar,warm,branch,131072,131072,24715264,12068,250017402,548766968,4,4,0,0,0,0
1,prefetch-gcc13-scalar-r10-prefetch_chain-scalar-warm-branch-32768,prefetch-gcc13-scalar,10,prefetch_chain,scalar,warm,branch,32768,32768,54538752,106521,250000625,548730452,4,4,0,0,1076449575898,0
1,prefetch-gcc13-scalar-r11-prefetch_chain-scalar-warm-branch-8388608,prefetch-gcc13-scalar,11,prefetch_chain,scalar,warm,branch,8388608,8388608,3932160,30,251092122,551125896,4,4,0,0,0,0
1,prefetch-gcc13-scalar-r11-prefetch_chain-scalar-warm-basic-16384,prefetch-gcc13-scalar,11,prefetch_chain,scalar,warm,basic,16384,16384,74518528,291088,250000438,548730040,4,4,0,0,0,0
1,prefetch-gcc13-scalar-r11-prefetch_chain-scalar-cache_evicted-branch-33554432,prefetch-gcc13-scalar,11,prefetch_chain,scalar,cache_evicted,branch,33554432,33554432,3145728,6,282433436,619917476,4,4,0,0,0,0
1,prefetch-gcc13-scalar-r11-prefetch_chain-scalar-warm-basic-36864,prefetch-gcc13-scalar,11,prefetch_chain,scalar,warm,basic,36864,36864,30181824,52399,250000909,548730956,4,4,0,0,1218840199171,0
1,prefetch-gcc13-scalar-r11-prefetch_chain-scalar-cache_evicted-basic-33554432,prefetch-gcc13-scalar,11,prefetch_chain,scalar,cache_evicted,basic,33554432,33554432,3145728,6,297055371,652011304,4,4,0,0,0,0
1,prefetch-gcc13-scalar-r11-prefetch_chain-scalar-warm-basic-65536,prefetch-gcc13-scalar,11,prefetch_chain,scalar,warm,basic,65536,65536,30292992,29583,250008132,548746632,4,4,0,0,2172207861144,0
1,prefetch-gcc13-scalar-r11-prefetch_chain-scalar-cache_evicted-basic-8388608,prefetch-gcc13-scalar,11,prefetch_chain,scalar,cache_evicted,basic,8388608,8388608,4325376,33,256510658,563019120,4,4,0,0,281217237878774,0
1,prefetch-gcc13-scalar-r11-prefetch_chain-scalar-cache_evicted-branch-262144,prefetch-gcc13-scalar,11,prefetch_chain,scalar,cache_evicted,branch,262144,262144,17375232,4242,250009712,548750316,4,4,0,0,0,0
1,prefetch-gcc13-scalar-r11-prefetch_chain-scalar-cache_evicted-basic-262144,prefetch-gcc13-scalar,11,prefetch_chain,scalar,cache_evicted,basic,262144,262144,16293888,3978,250016723,548765652,4,4,0,0,0,0
1,prefetch-gcc13-scalar-r11-prefetch_chain-scalar-warm-basic-536870912,prefetch-gcc13-scalar,11,prefetch_chain,scalar,warm,basic,536870912,536870912,8388608,1,898858001,1972918372,4,4,0,0,18019817432194813,0
1,prefetch-gcc13-scalar-r11-prefetch_chain-scalar-cache_evicted-branch-32768,prefetch-gcc13-scalar,11,prefetch_chain,scalar,cache_evicted,branch,32768,32768,59378688,115974,250000468,548729806,4,4,3,0,0,0
1,prefetch-gcc13-scalar-r11-prefetch_chain-scalar-warm-branch-36864,prefetch-gcc13-scalar,11,prefetch_chain,scalar,warm,branch,36864,36864,30234240,52490,250003607,548736880,4,4,0,0,0,0
1,prefetch-gcc13-scalar-r11-prefetch_chain-scalar-warm-branch-6291456,prefetch-gcc13-scalar,11,prefetch_chain,scalar,warm,branch,6291456,6291456,4915200,50,251108565,551161988,4,4,0,0,0,0
1,prefetch-gcc13-scalar-r11-prefetch_chain-scalar-warm-basic-131072,prefetch-gcc13-scalar,11,prefetch_chain,scalar,warm,basic,131072,131072,24477696,11952,250011901,548754896,4,4,0,0,0,0
1,prefetch-gcc13-scalar-r11-prefetch_chain-scalar-warm-basic-32768,prefetch-gcc13-scalar,11,prefetch_chain,scalar,warm,basic,32768,32768,55393280,108190,250001233,548731480,4,4,0,0,0,0
1,prefetch-gcc13-scalar-r11-prefetch_chain-scalar-warm-basic-8388608,prefetch-gcc13-scalar,11,prefetch_chain,scalar,warm,basic,8388608,8388608,4194304,32,252933538,555167568,4,4,0,0,0,0
1,prefetch-gcc13-scalar-r11-prefetch_chain-scalar-cache_evicted-basic-536870912,prefetch-gcc13-scalar,11,prefetch_chain,scalar,cache_evicted,basic,536870912,536870912,8388608,1,876950724,1924833804,4,4,0,0,18017074225933709,0
1,prefetch-gcc13-scalar-r11-prefetch_chain-scalar-cache_evicted-basic-6291456,prefetch-gcc13-scalar,11,prefetch_chain,scalar,cache_evicted,basic,6291456,6291456,4030464,41,250495604,549816576,4,4,0,0,210860594819816,0
1,prefetch-gcc13-scalar-r11-prefetch_chain-scalar-warm-basic-229376,prefetch-gcc13-scalar,11,prefetch_chain,scalar,warm,basic,229376,229376,26571776,7414,250017350,548767160,4,4,0,0,0,0
1,prefetch-gcc13-scalar-r11-prefetch_chain-scalar-warm-basic-28672,prefetch-gcc13-scalar,11,prefetch_chain,scalar,warm,basic,28672,28672,72039296,160802,250000542,548730124,4,4,0,0,0,0
1,prefetch-gcc13-scalar-r11-prefetch_chain-scalar-warm-branch-32768,prefetch-gcc13-scalar,11,prefetch_chain,scalar,warm,branch,32768,32768,57415680,112140,250000744,548730432,4,4,0,0,0,0
1,prefetch-gcc13-scalar-r11-prefetch_chain-scalar-warm-basic-524288,prefetch-gcc13-scalar,11,prefetch_chain,scalar,warm,basic,524288,524288,12476416,1523,250156697,549072736,4,4,0,0,17546409993415,0
1,prefetch-gcc13-scalar-r11-prefetch_chain-scalar-warm-branch-24576,prefetch-gcc13-scalar,11,prefetch_chain,scalar,warm,branch,24576,24576,75447168,196477,250001010,548730988,4,4,0,0,819412140796,0
1,prefetch-gcc13-scalar-r11-prefetch_chain-scalar-cache_evicted-branch-536870912,prefetch-gcc13-scalar,11,prefetch_chain,scalar,cache_evicted,branch,536870912,536870912,8388608,1,905852762,1988271348,4,4,0,0,18017074225933709,0
1,prefetch-gcc13-scalar-r11-prefetch_chain-scalar-warm-basic-49152,prefetch-gcc13-scalar,11,prefetch_chain,scalar,warm,basic,49152,49152,30279168,39426,250001453,548731928,4,4,0,0,0,0
1,prefetch-gcc13-scalar-r11-prefetch_chain-scalar-warm-branch-393216,prefetch-gcc13-scalar,11,prefetch_chain,scalar,warm,branch,393216,393216,13596672,2213,250036952,548810040,4,4,0,0,13129348910344,0
1,prefetch-gcc13-scalar-r11-prefetch_chain-scalar-warm-branch-16384,prefetch-gcc13-scalar,11,prefetch_chain,scalar,warm,branch,16384,16384,74525440,291115,250000148,548729372,4,4,0,0,549233038692,0
1,prefetch-gcc13-scalar-r11-prefetch_chain-scalar-warm-basic-1048576,prefetch-gcc13-scalar,11,prefetch_chain,scalar,warm,basic,1048576,1048576,11993088,732,250276791,549336444,4,4,0,0,0,0
1,prefetch-gcc13-scalar-r11-prefetch_chain-scalar-warm-branch-134217728,prefetch-gcc13-scalar,11,prefetch_chain,scalar,warm,branch,134217728,134217728,4194304,2,429913524,943623992,4,4,0,0,0,0
1,prefetch-gcc13-scalar-r11-prefetch_chain-scalar-warm-branch-4194304,prefetch-gcc13-scalar,11,prefetch_chain,scalar,warm,branch,4194304,4194304,8716288,133,251557934,552148340,4,4,0,0,140496984868616,0
1,prefetch-gcc13-scalar-r11-prefetch_chain-scalar-warm-basic-33554432,prefetch-gcc13-scalar,11,prefetch_chain,scalar,warm,basic,33554432,33554432,3145728,6,288087073,632326756,4,4,0,0,0,0
1,prefetch-gcc13-scalar-r11-prefetch_chain-scalar-warm-basic-7340032,prefetch-gcc13-scalar,11,prefetch_chain,scalar,warm,basic,7340032,7340032,4816896,42,251125174,551198464,4,4,0,0,0,0
1,prefetch-gcc13-scalar-r11-prefetch_chain-scalar-warm-basic-294912,prefetch-gcc13-scalar,11,prefetch_chain,scalar,warm,basic,294912,294912,14340096,3112,250052469,548844128,4,4,0,0,0,0
1,prefetch-gcc13-scalar-r11-prefetch_chain-scalar-warm-branch-196608,prefetch-gcc13-scalar,11,prefetch_chain,scalar,warm,branch,196608,196608,24124416,7853,250024250,548782308,4,4,0,0,6603988853090,0
1,prefetch-gcc13-scalar-r11-prefetch_chain-scalar-warm-basic-6291456,prefetch-gcc13-scalar,11,prefetch_chain,scalar,warm,basic,6291456,6291456,5505024,56,251183074,551325516,4,4,0,0,0,0
1,prefetch-gcc13-scalar-r11-prefetch_chain-scalar-cache_evicted-basic-32768,prefetch-gcc13-scalar,11,prefetch_chain,scalar,cache_evicted,basic,32768,32768,57889280,113065,250000939,548730860,4,4,0,0,1130541221379,0
1,prefetch-gcc13-scalar-r11-prefetch_chain-scalar-warm-basic-12582912,prefetch-gcc13-scalar,11,prefetch_chain,scalar,warm,basic,12582912,12582912,3145728,16,250962530,550841448,4,4,0,0,0,0
1,prefetch-gcc13-scalar-r11-prefetch_chain-scalar-warm-basic-393216,prefetch-gcc13-scalar,11,prefetch_chain,scalar,warm,basic,393216,393216,13049856,2124,250066601,548875144,4,4,0,0,0,0
1,prefetch-gcc13-scalar-r11-prefetch_chain-scalar-warm-branch-2097152,prefetch-gcc13-scalar,11,prefetch_chain,scalar,warm,branch,2097152,2097152,11403264,348,250502799,549832660,4,4,0,0,0,0
1,prefetch-gcc13-scalar-r11-prefetch_chain-scalar-warm-basic-262144,prefetch-gcc13-scalar,11,prefetch_chain,scalar,warm,basic,262144,262144,23580672,5757,250043098,548823528,4,4,0,0,8781671966932,0
1,prefetch-gcc13-scalar-r11-prefetch_chain-scalar-cache_evicted-basic-1048576,prefetch-gcc13-scalar,11,prefetch_chain,scalar,cache_evicted,basic,1048576,1048576,11927552,728,250089123,548924512,4,4,0,0,0,0
1,prefetch-gcc13-scalar-r11-prefetch_chain-scalar-warm-branch-33554432,prefetch-gcc13-scalar,11,prefetch_chain,scalar,warm,branch,33554432,33554432,3145728,6,289278776,634942452,4,4,0,0,0,0
1,prefetch-gcc13-scalar-r11-prefetch_chain-scalar-warm-branch-229376,prefetch-gcc13-scalar,11,prefetch_chain,scalar,warm,branch,229376,229376,15400448,4297,250039181,548814768,4,4,0,0,7675193767440,0
1,prefetch-gcc13-scalar-r11-prefetch_chain-scalar-warm-basic-4194304,prefetch-gcc13-scalar,11,prefetch_chain,scalar,warm,basic,4194304,4194304,5111808,78,250217921,549207048,4,4,0,0,0,0
1,prefetch-gcc13-scalar-r11-prefetch_chain-scalar-warm-branch-98304,prefetch-gcc13-scalar,11,prefetch_chain,scalar,warm,branch,98304,98304,30362112,19767,250002811,548734968,4,4,0,0,3270139404297,0
1,prefetch-gcc13-scalar-r11-prefetch_chain-scalar-cache_evicted-branch-1048576,prefetch-gcc13-scalar,11,prefetch_chain,scalar,cache_evicted,branch,1048576,1048576,11894784,726,250253910,549286048,4,4,0,0,0,0
1,prefetch-gcc13-scalar-r11-prefetch_chain-scalar-warm-branch-131072,prefetch-gcc13-scalar,11,prefetch_chain,scalar,warm,branch,131072,131072,24602624,12013,250006542,548743436,4,4,0,0,4358018020179,0
1,prefetch-gcc13-scalar-r11-prefetch_chain-scalar-warm-basic-24576,prefetch-gcc13-scalar,11,prefetch_chain,scalar,warm,basic,24576,24576,75784320,197355,250001135,548731540,4,4,0,0,819412140796,0
1,prefetch-gcc13-scalar-r11-prefetch_chain-scalar-warm-basic-98304,prefetch-gcc13-scalar,11,prefetch_chain,scalar,warm,basic,98304,98304,30345216,19756,250008365,548747424,4,4,0,0,0,0
1,prefetch-gcc13-scalar-r11-prefetch_chain-scalar-cache_evicted-branch-8388608,prefetch-gcc13-scalar,11,prefetch_chain,scalar,cache_evicted,branch,8388608,8388608,4456448,34,257012495,564120628,4,4,0,0,0,0
1,prefetch-gcc13-scalar-r11-prefetch_chain-scalar-warm-basic-2097152,prefetch-gcc13-scalar,11,prefetch_chain,scalar,warm,basic,2097152,2097152,11632640,355,250523233,549877504,4,4,0,0,70128202896936,0
1,prefetch-gcc13-scalar-r11-prefetch_chain-scalar-warm-branch-5242880,prefetch-gcc13-scalar,11,prefetch_chain,scalar,warm,branch,5242880,5242880,5816320,71,255679215,561194152,4,4,0,0,175752998260069,0
1,prefetch-gcc13-scalar-r11-prefetch_chain-scalar-warm-branch-8192,prefetch-gcc13-scalar,11,prefetch_chain,scalar,warm,branch,8192,8192,71814912,561054,250000407,548729668,4,4,0,0,0,0
1,prefetch-gcc13-scalar-r11-prefetch_chain-scalar-warm-basic-8192,prefetch-gcc13-scalar,11,prefetch_chain,scalar,warm,basic,8192,8192,71891072,561649,250000312,548729648,4,4,0,0,273316920086,0
1,prefetch-gcc13-scalar-r11-prefetch_chain-scalar-warm-branch-28672,prefetch-gcc13-scalar,11,prefetch_chain,scalar,warm,branch,28672,28672,73942400,165050,250001221,548731644,4,4,0,0,0,0
1,prefetch-gcc13-scalar-r11-prefetch_chain-scalar-warm-branch-536870912,prefetch-gcc13-scalar,11,prefetch_chain,scalar,warm,branch,536870912,536870912,8388608,1,910432919,1998324440,4,4,0,0,18019817432194813,0
1,prefetch-gcc13-scalar-r11-prefetch_chain-scalar-warm-branch-294912,prefetch-gcc13-scalar,11,prefetch_chain,scalar,warm,branch,294912,294912,17003520,3690,250017961,548768192,4,4,13,0,0,0
1,prefetch-gcc13-scalar-r11-prefetch_chain-scalar-warm-basic-196608,prefetch-gcc13-scalar,11,prefetch_chain,scalar,warm,basic,196608,196608,26207232,8531,250028078,548790692,4,4,0,0,6603988853090,0
1,prefetch-gcc13-scalar-r11-prefetch_chain-scalar-warm-branch-1048576,prefetch-gcc13-scalar,11,prefetch_chain,scalar,warm,branch,1048576,1048576,11862016,724,250261862,549303452,4,4,0,0,0,0
1,prefetch-gcc13-scalar-r11-prefetch_chain-scalar-warm-branch-12582912,prefetch-gcc13-scalar,11,prefetch_chain,scalar,warm,branch,12582912,12582912,3735552,19,263936402,579318152,4,4,0,0,421832046509692,0
1,prefetch-gcc13-scalar-r11-prefetch_chain-scalar-warm-branch-262144,prefetch-gcc13-scalar,11,prefetch_chain,scalar,warm,branch,262144,262144,17666048,4313,250000551,548730004,4,4,0,0,8781671966932,0
1,prefetch-gcc13-scalar-r11-prefetch_chain-scalar-warm-basic-5242880,prefetch-gcc13-scalar,11,prefetch_chain,scalar,warm,basic,5242880,5242880,3358720,41,252564580,554357804,4,4,0,0,175752998260069,0
1,prefetch-gcc13-scalar-r11-prefetch_chain-scalar-cache_evicted-branch-6291456,prefetch-gcc13-scalar,11,prefetch_chain,scalar,cache_evicted,branch,6291456,6291456,4128768,42,252336580,553857384,4,4,0,0,0,0
1,prefetch-gcc13-scalar-r11-prefetch_chain-scalar-warm-branch-524288,prefetch-gcc13-scalar,11,prefetch_chain,scalar,warm,branch,524288,524288,12500992,1526,250047523,548833368,4,4,0,0,0,0
1,prefetch-gcc13-scalar-r11-prefetch_chain-scalar-warm-branch-49152,prefetch-gcc13-scalar,11,prefetch_chain,scalar,warm,branch,49152,49152,30233088,39366,250000371,548729624,4,4,0,0,0,0
1,prefetch-gcc13-scalar-r11-prefetch_chain-scalar-warm-branch-65536,prefetch-gcc13-scalar,11,prefetch_chain,scalar,warm,branch,65536,65536,30330880,29620,250005475,548741096,4,4,0,0,0,0
1,prefetch-gcc13-scalar-r11-prefetch_chain-scalar-warm-branch-7340032,prefetch-gcc13-scalar,11,prefetch_chain,scalar,warm,branch,7340032,7340032,3784704,33,252838521,554959100,4,4,0,0,246125559550934,0
1,prefetch-gcc13-scalar-r11-prefetch_chain-scalar-warm-basic-134217728,prefetch-gcc13-scalar,11,prefetch_chain,scalar,warm,basic,134217728,134217728,4194304,2,428922265,941448272,4,4,0,0,0,0
1,prefetch-gcc13-scalar-r12-prefetch_chain-scalar-cache_evicted-branch-536870912,prefetch-gcc13-scalar,12,prefetch_chain,scalar,cache_evicted,branch,536870912,536870912,8388608,1,902459190,1980822764,4,4,0,0,18012314450285172,0
1,prefetch-gcc13-scalar-r12-prefetch_chain-scalar-warm-branch-5242880,prefetch-gcc13-scalar,12,prefetch_chain,scalar,warm,branch,5242880,5242880,8683520,106,251743317,552555344,4,4,0,0,0,0
1,prefetch-gcc13-scalar-r12-prefetch_chain-scalar-warm-basic-28672,prefetch-gcc13-scalar,12,prefetch_chain,scalar,warm,basic,28672,28672,74550336,166407,250000868,548730984,4,4,0,0,966974546699,0
1,prefetch-gcc13-scalar-r12-prefetch_chain-scalar-warm-branch-65536,prefetch-gcc13-scalar,12,prefetch_chain,scalar,warm,branch,65536,65536,30298112,29588,250003631,548737048,4,4,0,0,0,0
1,prefetch-gcc13-scalar-r12-prefetch_chain-scalar-warm-basic-393216,prefetch-gcc13-scalar,12,prefetch_chain,scalar,warm,basic,393216,393216,13430784,2186,250011675,548754704,4,4,0,0,0,0
1,prefetch-gcc13-scalar-r12-prefetch_chain-scalar-warm-branch-36864,prefetch-gcc13-scalar,12,prefetch_chain,scalar,warm,branch,36864,36864,30237696,52496,250001541,548732444,4,4,0,0,0,0
1,prefetch-gcc13-scalar-r12-prefetch_chain-scalar-cache_evicted-branch-262144,prefetch-gcc13-scalar,12,prefetch_chain,scalar,cache_evicted,branch,262144,262144,20365312,4972,250019374,548771328,4,4,0,0,0,0
1,prefetch-gcc13-scalar-r12-prefetch_chain-scalar-warm-branch-28672,prefetch-gcc13-scalar,12,prefetch_chain,scalar,warm,branch,28672,28672,71583680,159785,250001027,548731024,4,4,0,0,966974546699,0
1,prefetch-gcc13-scalar-r12-prefetch_chain-scalar-warm-basic-5242880,prefetch-gcc13-scalar,12,prefetch_chain,scalar,warm,basic,5242880,5242880,7208960,88,251692620,552443940,4,4,0,0,0,0
1,prefetch-gcc13-scalar-r12-prefetch_chain-scalar-warm-branch-8192,prefetch-gcc13-scalar,12,prefetch_chain,scalar,warm,branch,8192,8192,71894656,561677,250000086,548729240,4,4,0,0,270404440058,0
1,prefetch-gcc13-scalar-r12-prefetch_chain-scalar-warm-branch-7340032,prefetch-gcc13-scalar,12,prefetch_chain,scalar,warm,branch,7340032,7340032,5390336,47,253277589,555922800,4,4,0,0,246646546831097,0
1,prefetch-gcc13-scalar-r12-prefetch_chain-scalar-warm-basic-134217728,prefetch-gcc13-scalar,12,prefetch_chain,scalar,warm,basic,134217728,134217728,4194304,2,433676025,951882624,4,4,0,0,0,0
1,prefetch-gcc13-scalar-r12-prefetch_chain-scalar-warm-basic-2097152,prefetch-gcc13-scalar,12,prefetch_chain,scalar,warm,basic,2097152,2097152,4259840,130,250186275,549137620,4,4,0,0,0,0
1,prefetch-gcc13-scalar-r12-prefetch_chain-scalar-cache_evicted-basic-536870912,prefetch-gcc13-scalar,12,prefetch_chain,scalar,cache_evicted,basic,536870912,536870912,8388608,1,1132730612,2486249396,4,4,0,0,18012314450285172,0
1,prefetch-gcc13-scalar-r12-prefetch_chain-scalar-warm-branch-8388608,prefetch-gcc13-scalar,12,prefetch_chain,scalar,warm,branch,8388608,8388608,4194304,32,250968123,550853756,4,4,0,0,0,0
1,prefetch-gcc13-scalar-r12-prefetch_chain-scalar-warm-branch-33554432,prefetch-gcc13-scalar,12,prefetch_chain,scalar,warm,branch,33554432,33554432,3145728,6,287460056,630950512,4,4,0,0,0,0
1,prefetch-gcc13-scalar-r12-prefetch_chain-scalar-warm-basic-8192,prefetch-gcc13-scalar,12,prefetch_chain,scalar,warm,basic,8192,8192,71867776,561467,250000544,548729960,4,4,0,0,270404440058,0
1,prefetch-gcc13-scalar-r12-prefetch_chain-scalar-warm-branch-393216,prefetch-gcc13-scalar,12,prefetch_chain,scalar,warm,branch,393216,393216,13461504,2191,250013691,548758740,4,4,0,0,13232498994203,0
1,prefetch-gcc13-scalar-r12-prefetch_chain-scalar-cache_evicted-branch-8388608,prefetch-gcc13-scalar,12,prefetch_chain,scalar,cache_evicted,branch,8388608,8388608,3014656,23,251734590,552536048,4,4,0,0,281283089801151,0
1,prefetch-gcc13-scalar-r12-prefetch_chain-scalar-warm-basic-229376,prefetch-gcc13-scalar,12,prefetch_chain,scalar,warm,basic,229376,229376,16400384,4576,250006242,548742368,4,4,0,0,0,0
1,prefetch-gcc13-scalar-r12-prefetch_chain-scalar-warm-branch-196608,prefetch-gcc13-scalar,12,prefetch_chain,scalar,warm,branch,196608,196608,23672832,7706,250014516,548760632,4,4,0,0,0,0
1,prefetch-gcc13-scalar-r12-prefetch_chain-scalar-warm-basic-294912,prefetch-gcc13-scalar,12,prefetch_chain,scalar,warm,basic,294912,294912,16035840,3480,250062888,548866932,4,4,0,0,0,0
1,prefetch-gcc13-scalar-r12-prefetch_chain-scalar-cache_evicted-branch-1048576,prefetch-gcc13-scalar,12,prefetch_chain,scalar,cache_evicted,branch,1048576,1048576,11829248,722,250052030,548842984,4,4,0,0,0,0
1,prefetch-gcc13-scalar-r12-prefetch_chain-scalar-warm-branch-536870912,prefetch-gcc13-scalar,12,prefetch_chain,scalar,warm,branch,536870912,536870912,8388608,1,899814447,1975017748,4,4,0,0,18016029025327227,0
1,prefetch-gcc13-scalar-r12-prefetch_chain-scalar-warm-branch-294912,prefetch-gcc13-scalar,12,prefetch_chain,scalar,warm,branch,294912,294912,17842176,3872,250050229,548839140,4,4,0,0,0,0
1,prefetch-gcc13-scalar-r12-prefetch_chain-scalar-warm-branch-6291456,prefetch-gcc13-scalar,12,prefetch_chain,scalar,warm,branch,6291456,6291456,5505024,56,250997090,550917300,4,4,0,0,0,0
1,prefetch-gcc13-scalar-r12-prefetch_chain-scalar-warm-branch-229376,prefetch-gcc13-scalar,12,prefetch_chain,scalar,warm,branch,229376,229376,24048640,6710,250009398,548749420,4,4,0,0,0,0
1,prefetch-gcc13-scalar-r12-prefetch_chain-scalar-warm-basic-8388608,prefetch-gcc13-scalar,12,prefetch_chain,scalar,warm,basic,8388608,8388608,3801088,29,256323500,562608336,4,4,0,0,281977038818964,0
1,prefetch-gcc13-scalar-r12-prefetch_chain-scalar-warm-basic-1048576,prefetch-gcc13-scalar,12,prefetch_chain,scalar,warm,basic,1048576,1048576,11763712,718,250133481,549021904,4,4,0,0,0,0
1,prefetch-gcc13-scalar-r12-prefetch_chain-scalar-warm-branch-32768,prefetch-gcc13-scalar,12,prefetch_chain,scalar,warm,branch,32768,32768,58480128,114219,250002078,548733292,4,4,0,0,1084619040241,0
1,prefetch-gcc13-scalar-r12-prefetch_chain-scalar-warm-basic-32768,prefetch-gcc13-scalar,12,prefetch_chain,scalar,warm,basic,32768,32768,56547328,110444,250001252,548731520,4,4,0,0,0,0
1,prefetch-gcc13-scalar-r12-prefetch_chain-scalar-warm-branch-134217728,prefetch-gcc13-scalar,12,prefetch_chain,scalar,warm,branch,134217728,134217728,4194304,2,428685804,940929292,4,4,0,0,0,0
1,prefetch-gcc13-scalar-r12-prefetch_chain-scalar-warm-basic-7340032,prefetch-gcc13-scalar,12,prefetch_chain,scalar,warm,basic,7340032,7340032,3325952,29,258889054,568239508,4,4,0,0,246646546831097,0
1,prefetch-gcc13-scalar-r12-prefetch_chain-scalar-warm-branch-524288,prefetch-gcc13-scalar,12,prefetch_chain,scalar,warm,branch,524288,524288,12623872,1541,250048092,548834340,4,4,0,0,17628482311277,0
1,prefetch-gcc13-scalar-r12-prefetch_chain-scalar-warm-branch-131072,prefetch-gcc13-scalar,12,prefetch_chain,scalar,warm,branch,131072,131072,30377984,14833,250016397,548765036,4,4,0,0,4375617371684,0
1,prefetch-gcc13-scalar-r12-prefetch_chain-scalar-cache_evicted-basic-6291456,prefetch-gcc13-scalar,12,prefetch_chain,scalar,cache_evicted,basic,6291456,6291456,5013504,51,250665717,550189996,4,4,0,0,210829829775984,0
1,prefetch-gcc13-scalar-r12-prefetch_chain-scalar-warm-branch-4194304,prefetch-gcc13-scalar,12,prefetch_chain,scalar,warm,branch,4194304,4194304,7536640,115,250475409,549772248,4,4,0,0,140822329737535,0
1,prefetch-gcc13-scalar-r12-prefetch_chain-scalar-warm-basic-36864,prefetch-gcc13-scalar,12,prefetch_chain,scalar,warm,basic,36864,36864,30164544,52369,250004934,548739600,4,4,0,0,1218022018728,0
1,prefetch-gcc13-scalar-r12-prefetch_chain-scalar-warm-branch-16384,prefetch-gcc13-scalar,12,prefetch_chain,scalar,warm,branch,16384,16384,74513152,291067,250000878,548730700,4,4,0,0,560772681307,0
1,prefetch-gcc13-scalar-r12-prefetch_chain-scalar-warm-basic-33554432,prefetch-gcc13-scalar,12,prefetch_chain,scalar,warm,basic,33554432,33554432,3145728,6,289358999,635118492,4,4,0,0,0,0
1,prefetch-gcc13-scalar-r12-prefetch_chain-scalar-warm-branch-262144,prefetch-gcc13-scalar,12,prefetch_chain,scalar,warm,branch,262144,262144,23416832,5717,250001236,548731480,4,4,0,0,8822142366028,0
1,prefetch-gcc13-scalar-r12-prefetch_chain-scalar-cache_evicted-branch-33554432,prefetch-gcc13-scalar,12,prefetch_chain,scalar,cache_evicted,branch,33554432,33554432,3145728,6,287564412,631179560,4,4,0,0,0,0
1,prefetch-gcc13-scalar-r12-prefetch_chain-scalar-cache_evicted-basic-262144,prefetch-gcc13-scalar,12,prefetch_chain,scalar,cache_evicted,basic,262144,262144,17055744,4164,250018376,548769108,4,4,0,0,0,0
1,prefetch-gcc13-scalar-r12-prefetch_chain-scalar-warm-basic-16384,prefetch-gcc13-scalar,12,prefetch_chain,scalar,warm,basic,16384,16384,74518528,291088,250000318,548729468,4,4,0,0,0,0
1,prefetch-gcc13-scalar-r12-prefetch_chain-scalar-warm-basic-524288,prefetch-gcc13-scalar,12,prefetch_chain,scalar,warm,basic,524288,524288,12582912,1536,250094315,548936028,4,4,0,0,0,0
1,prefetch-gcc13-scalar-r12-prefetch_chain-scalar-warm-branch-24576,prefetch-gcc13-scalar,12,prefetch_chain,scalar,warm,branch,24576,24576,74926464,195121,250000589,548730198,4,4,3,0,833584303066,0
1,prefetch-gcc13-scalar-r12-prefetch_chain-scalar-cache_evicted-branch-32768,prefetch-gcc13-scalar,12,prefetch_chain,scalar,cache_evicted,branch,32768,32768,56433664,110222,250000795,548730640,4,4,0,0,0,0
1,prefetch-gcc13-scalar-r12-prefetch_chain-scalar-warm-basic-12582912,prefetch-gcc13-scalar,12,prefetch_chain,scalar,warm,basic,12582912,12582912,3145728,16,265855529,583530324,4,4,0,0,0,0
1,prefetch-gcc13-scalar-r12-prefetch_chain-scalar-warm-basic-24576,prefetch-gcc13-scalar,12,prefetch_chain,scalar,warm,basic,24576,24576,75495552,196603,250000251,548729320,4,4,0,0,833584303066,0
1,prefetch-gcc13-scalar-r12-prefetch_chain-scalar-warm-basic-4194304,prefetch-gcc13-scalar,12,prefetch_chain,scalar,warm,basic,4194304,4194304,7864320,120,250984506,550889716,4,4,0,0,0,0
1,prefetch-gcc13-scalar-r12-prefetch_chain-scalar-warm-basic-98304,prefetch-gcc13-scalar,12,prefetch_chain,scalar,warm,basic,98304,98304,30359040,19765,250006065,548742084,4,4,0,0,3318491587584,0
1,prefetch-gcc13-scalar-r12-prefetch_chain-scalar-warm-basic-6291456,prefetch-gcc13-scalar,12,prefetch_chain,scalar,warm,basic,6291456,6291456,5013504,51,250849425,550593184,4,4,0,0,211452888284857,0
1,prefetch-gcc13-scalar-r12-prefetch_chain-scalar-warm-branch-12582912,prefetch-gcc13-scalar,12,prefetch_chain,scalar,warm,branch,12582912,12582912,3342336,17,252319190,553819232,4,4,0,0,422778372452755,0
1,prefetch-gcc13-scalar-r12-prefetch_chain-scalar-warm-branch-2097152,prefetch-gcc13-scalar,12,prefetch_chain,scalar,warm,branch,2097152,2097152,11534336,352,250653144,550162488,4,4,0,0,0,0
1,prefetch-gcc13-scalar-r12-prefetch_chain-scalar-warm-basic-536870912,prefetch-gcc13-scalar,12,prefetch_chain,scalar,warm,basic,536870912,536870912,8388608,1,896779601,1968356540,4,4,0,0,18016029025327227,0
1,prefetch-gcc13-scalar-r12-prefetch_chain-scalar-warm-basic-65536,prefetch-gcc13-scalar,12,prefetch_chain,scalar,warm,basic,65536,65536,30289920,29580,250004901,548739556,4,4,0,0,0,0
1,prefetch-gcc13-scalar-r12-prefetch_chain-scalar-cache_evicted-basic-1048576,prefetch-gcc13-scalar,12,prefetch_chain,scalar,cache_evicted,basic,1048576,1048576,11812864,721,250061208,548863116,4,4,16,0,35276381382769,0
1,prefetch-gcc13-scalar-r12-prefetch_chain-scalar-warm-basic-131072,prefetch-gcc13-scalar,12,prefetch_chain,scalar,warm,basic,131072,131072,30339072,14814,250014842,548761344,4,4,0,0,0,0
1,prefetch-gcc13-scalar-r12-prefetch_chain-scalar-cache_evicted-basic-33554432,prefetch-gcc13-scalar,12,prefetch_chain,scalar,cache_evicted,basic,33554432,33554432,3145728,6,297414833,652800376,4,4,0,0,0,0
1,prefetch-gcc13-scalar-r12-prefetch_chain-scalar-cache_evicted-branch-6291456,prefetch-gcc13-scalar,12,prefetch_chain,scalar,cache_evicted,branch,6291456,6291456,4718592,48,250362715,549524900,4,4,0,0,0,0
1,prefetch-gcc13-scalar-r12-prefetch_chain-scalar-warm-branch-1048576,prefetch-gcc13-scalar,12,prefetch_chain,scalar,warm,branch,1048576,1048576,11976704,731,250331001,549455284,4,4,0,0,35188072598439,0
1,prefetch-gcc13-scalar-r12-prefetch_chain-scalar-warm-branch-98304,prefetch-gcc13-scalar,12,prefetch_chain,scalar,warm,branch,98304,98304,30351360,19760,250004214,548738044,4,4,0,0,0,0
1,prefetch-gcc13-scalar-r12-prefetch_chain-scalar-cache_evicted-basic-32768,prefetch-gcc13-scalar,12,prefetch_chain,scalar,cache_evicted,basic,32768,32768,56432128,110219,250000715,548730348,4,4,0,0,1108901652270,0
1,prefetch-gcc13-scalar-r12-prefetch_chain-scalar-warm-branch-49152,prefetch-gcc13-scalar,12,prefetch_chain,scalar,warm,branch,49152,49152,30281472,39429,250004067,548737860,4,4,0,0,1618572871757,0
1,prefetch-gcc13-scalar-r12-prefetch_chain-scalar-cache_evicted-basic-8388608,prefetch-gcc13-scalar,12,prefetch_chain,scalar,cache_evicted,basic,8388608,8388608,3014656,23,253615022,556663432,4,4,0,0,281283089801151,0
1,prefetch-gcc13-scalar-r12-prefetch_chain-scalar-warm-basic-196608,prefetch-gcc13-scalar,12,prefetch_chain,scalar,warm,basic,196608,196608,23006208,7489,250025567,548785012,4,4,0,0,6597404196942,0
1,prefetch-gcc13-scalar-r12-prefetch_chain-scalar-warm-basic-49152,prefetch-gcc13-scalar,12,prefetch_chain,scalar,warm,basic,49152,49152,30285312,39434,250004295,548738168,4,4,0,0,0,0
1,prefetch-gcc13-scalar-r12-prefetch_chain-scalar-warm-basic-262144,prefetch-gcc13-scalar,12,prefetch_chain,scalar,warm,basic,262144,262144,17326080,4230,250055385,548850460,4,4,0,0,0,0
1,prefetch-gcc13-scalar-r13-prefetch_chain-scalar-cache_evicted-branch-32768,prefetch-gcc13-scalar,13,prefetch_chain,scalar,cache_evicted,branch,32768,32768,57585152,112471,250000774,548730604,4,4,0,0,1125766420933,0
1,prefetch-gcc13-scalar-r13-prefetch_chain-scalar-warm-branch-4194304,prefetch-gcc13-scalar,13,prefetch_chain,scalar,warm,branch,4194304,4194304,7667712,117,250603642,550053740,4,4,0,0,140961545000942,0
1,prefetch-gcc13-scalar-r13-prefetch_chain-scalar-warm-basic-7340032,prefetch-gcc13-scalar,13,prefetch_chain,scalar,warm,basic,7340032,7340032,5160960,45,257568032,565339972,4,4,0,0,246654488066786,0
1,prefetch-gcc13-scalar-r13-prefetch_chain-scalar-cache_evicted-basic-6291456,prefetch-gcc13-scalar,13,prefetch_chain,scalar,cache_evicted,basic,6291456,6291456,5308416,54,250909389,550724840,4,4,0,0,0,0
1,prefetch-gcc13-scalar-r13-prefetch_chain-scalar-cache_evicted-branch-33554432,prefetch-gcc13-scalar,13,prefetch_chain,scalar,cache_evicted,branch,33554432,33554432,3145728,6,293528123,644269360,4,4,0,0,0,0
1,prefetch-gcc13-scalar-r13-prefetch_chain-scalar-cache_evicted-branch-6291456,prefetch-gcc13-scalar,13,prefetch_chain,scalar,cache_evicted,branch,6291456,6291456,5701632,58,251320183,551626492,4,4,0,0,0,0
1,prefetch-gcc13-scalar-r13-prefetch_chain-scalar-cache_evicted-branch-8388608,prefetch-gcc13-scalar,13,prefetch_chain,scalar,cache_evicted,branch,8388608,8388608,4456448,34,253631621,556699900,4,4,0,0,0,0
1,prefetch-gcc13-scalar-r13-prefetch_chain-scalar-warm-basic-65536,prefetch-gcc13-scalar,13,prefetch_chain,scalar,warm,basic,65536,65536,30286848,29577,250000735,548730388,4,4,0,0,2246769673394,0
1,prefetch-gcc13-scalar-r13-prefetch_chain-scalar-warm-branch-12582912,prefetch-gcc13-scalar,13,prefetch_chain,scalar,warm,branch,12582912,12582912,3735552,19,262997328,577256804,4,4,0,0,422842857975467,0
1,prefetch-gcc13-scalar-r13-prefetch_chain-scalar-warm-basic-4194304,prefetch-gcc13-scalar,13,prefetch_chain,scalar,warm,basic,4194304,4194304,9437184,144,250817840,550523888,4,4,0,0,0,0
1,prefetch-gcc13-scalar-r13-prefetch_chain-scalar-cache_evicted-branch-262144,prefetch-gcc13-scalar,13,prefetch_chain,scalar,cache_evicted,branch,262144,262144,15601664,3809,250021716,548776604,4,4,0,0,8830025638858,0
1,prefetch-gcc13-scalar-r13-prefetch_chain-scalar-warm-basic-24576,prefetch-gcc13-scalar,13,prefetch_chain,scalar,warm,basic,24576,24576,75343488,196207,250000739,548730396,4,4,0,0,839876155038,0
1,prefetch-gcc13-scalar-r13-prefetch_chain-scalar-cache_evicted-basic-8388608,prefetch-gcc13-scalar,13,prefetch_chain,scalar,cache_evicted,basic,8388608,8388608,3932160,30,251945009,552997872,4,4,0,0,0,0
1,prefetch-gcc13-scalar-r13-prefetch_chain-scalar-warm-branch-16384,prefetch-gcc13-scalar,13,prefetch_chain,scalar,warm,branch,16384,16384,74503680,291030,250000209,548729256,4,4,0,0,0,0
1,prefetch-gcc13-scalar-r13-prefetch_chain-scalar-cache_evicted-basic-32768,prefetch-gcc13-scalar,13,prefetch_chain,scalar,cache_evicted,basic,32768,32768,56342016,110043,250001328,548731808,4,4,0,0,1125766420933,0
1,prefetch-gcc13-scalar-r13-prefetch_chain-scalar-warm-basic-1048576,prefetch-gcc13-scalar,13,prefetch_chain,scalar,warm,basic,1048576,1048576,11796480,720,250071432,548885208,4,4,0,0,0,0
1,prefetch-gcc13-scalar-r13-prefetch_chain-scalar-warm-branch-294912,prefetch-gcc13-scalar,13,prefetch_chain,scalar,warm,branch,294912,294912,14367744,3118,250048852,548836124,4,4,0,0,0,0
1,prefetch-gcc13-scalar-r13-prefetch_chain-scalar-cache_evicted-branch-536870912,prefetch-gcc13-scalar,13,prefetch_chain,scalar,cache_evicted,branch,536870912,536870912,8388608,1,901323508,1978329960,4,4,0,0,18014518158781804,0
1,prefetch-gcc13-scalar-r13-prefetch_chain-scalar-warm-branch-65536,prefetch-gcc13-scalar,13,prefetch_chain,scalar,warm,branch,65536,65536,30287872,29578,250007116,548744388,4,4,0,0,0,0
1,prefetch-gcc13-scalar-r13-prefetch_chain-scalar-warm-branch-134217728,prefetch-gcc13-scalar,13,prefetch_chain,scalar,warm,branch,134217728,134217728,4194304,2,429500040,942716432,4,4,0,0,0,0
1,prefetch-gcc13-scalar-r13-prefetch_chain-scalar-cache_evicted-branch-1048576,prefetch-gcc13-scalar,13,prefetch_chain,scalar,cache_evicted,branch,1048576,1048576,11943936,729,250337178,549468832,4,4,0,0,35317461255637,0
1,prefetch-gcc13-scalar-r13-prefetch_chain-scalar-warm-branch-524288,prefetch-gcc13-scalar,13,prefetch_chain,scalar,warm,branch,524288,524288,12640256,1543,250039027,548814720,4,4,0,0,17732082853499,0
1,prefetch-gcc13-scalar-r13-prefetch_chain-scalar-warm-basic-16384,prefetch-gcc13-scalar,13,prefetch_chain,scalar,warm,basic,16384,16384,74000384,289064,250000941,548730576,4,4,0,0,0,0
1,prefetch-gcc13-scalar-r13-prefetch_chain-scalar-warm-basic-134217728,prefetch-gcc13-scalar,13,prefetch_chain,scalar,warm,basic,134217728,134217728,4194304,2,429152467,941953564,4,4,0,0,0,0
1,prefetch-gcc13-scalar-r13-prefetch_chain-scalar-warm-basic-36864,prefetch-gcc13-scalar,13,prefetch_chain,scalar,warm,basic,36864,36864,30168576,52376,250003288,548735992,4,4,0,0,0,0
1,prefetch-gcc13-scalar-r13-prefetch_chain-scalar-warm-branch-32768,prefetch-gcc13-scalar,13,prefetch_chain,scalar,warm,branch,32768,32768,56810496,110958,250002045,548733400,4,4,0,0,0,0
1,prefetch-gcc13-scalar-r13-prefetch_chain-scalar-warm-branch-229376,prefetch-gcc13-scalar,13,prefetch_chain,scalar,warm,branch,229376,229376,24819200,6925,250027279,548788920,4,4,0,0,7723828435426,0
1,prefetch-gcc13-scalar-r13-prefetch_chain-scalar-warm-branch-2097152,prefetch-gcc13-scalar,13,prefetch_chain,scalar,warm,branch,2097152,2097152,11304960,345,250046699,548831280,4,4,0,0,70621425116940,0
1,prefetch-gcc13-scalar-r13-prefetch_chain-scalar-warm-branch-24576,prefetch-gcc13-scalar,13,prefetch_chain,scalar,warm,branch,24576,24576,75575424,196811,250000666,548730264,4,4,0,0,839876155038,0
1,prefetch-gcc13-scalar-r13-prefetch_chain-scalar-cache_evicted-basic-536870912,prefetch-gcc13-scalar,13,prefetch_chain,scalar,cache_evicted,basic,536870912,536870912,8388608,1,898449145,1972021044,4,4,0,0,18014518158781804,0
1,prefetch-gcc13-scalar-r13-prefetch_chain-scalar-warm-basic-8192,prefetch-gcc13-scalar,13,prefetch_chain,scalar,warm,basic,8192,8192,71885056,561602,250000352,548729540,4,4,0,0,0,0
1,prefetch-gcc13-scalar-r13-prefetch_chain-scalar-warm-basic-393216,prefetch-gcc13-scalar,13,prefetch_chain,scalar,warm,basic,393216,393216,12933120,2105,250050714,548840096,4,4,0,0,13282551513051,0
1,prefetch-gcc13-scalar-r13-prefetch_chain-scalar-cache_evicted-basic-1048576,prefetch-gcc13-scalar,13,prefetch_chain,scalar,cache_evicted,basic,1048576,1048576,11960320,730,250294317,549374724,4,4,0,0,0,0
1,prefetch-gcc13-scalar-r13-prefetch_chain-scalar-warm-basic-33554432,prefetch-gcc13-scalar,13,prefetch_chain,scalar,warm,basic,33554432,33554432,3145728,6,287184789,630346268,4,4,0,0,0,0
1,prefetch-gcc13-scalar-r13-prefetch_chain-scalar-warm-branch-131072,prefetch-gcc13-scalar,13,prefetch_chain,scalar,warm,branch,131072,131072,30377984,14833,250015950,548764072,4,4,0,0,4482484513114,0
1,prefetch-gcc13-scalar-r13-prefetch_chain-scalar-warm-basic-196608,prefetch-gcc13-scalar,13,prefetch_chain,scalar,warm,basic,196608,196608,26803200,8725,250016856,548765896,4,4,0,0,6599986233357,0
1,prefetch-gcc13-scalar-r13-prefetch_chain-scalar-warm-branch-7340032,prefetch-gcc13-scalar,13,prefetch_chain,scalar,warm,branch,7340032,7340032,4816896,42,251285454,551550236,4,4,0,0,0,0
1,prefetch-gcc13-scalar-r13-prefetch_chain-scalar-cache_evicted-basic-33554432,prefetch-gcc13-scalar,13,prefetch_chain,scalar,cache_evicted,basic,33554432,33554432,3145728,6,286534413,628918784,4,4,0,0,0,0
1,prefetch-gcc13-scalar-r13-prefetch_chain-scalar-warm-branch-8192,prefetch-gcc13-scalar,13,prefetch_chain,scalar,warm,branch,8192,8192,71811456,561027,250000554,548729988,4,4,0,0,288516652608,0
1,prefetch-gcc13-scalar-r13-prefetch_chain-scalar-warm-branch-28672,prefetch-gcc13-scalar,13,prefetch_chain,scalar,warm,branch,28672,28672,74001536,165182,250001281,548731596,4,4,0,0,0,0
1,prefetch-gcc13-scalar-r13-prefetch_chain-scalar-warm-branch-98304,prefetch-gcc13-scalar,13,prefetch_chain,scalar,warm,branch,98304,98304,30331392,19747,250003574,548736620,4,4,0,0,3343561014172,0
1,prefetch-gcc13-scalar-r13-prefetch_chain-scalar-warm-basic-229376,prefetch-gcc13-scalar,13,prefetch_chain,scalar,warm,basic,229376,229376,21572096,6019,250014633,548761164,4,4,0,0,7723828435426,0
1,prefetch-gcc13-scalar-r13-prefetch_chain-scalar-warm-basic-6291456,prefetch-gcc13-scalar,13,prefetch_chain,scalar,warm,basic,6291456,6291456,4030464,41,253491477,556392264,4,4,0,0,211418376210049,0
1,prefetch-gcc13-scalar-r13-prefetch_chain-scalar-warm-basic-536870912,prefetch-gcc13-scalar,13,prefetch_chain,scalar,warm,basic,536870912,536870912,8388608,1,900421693,1976350636,4,4,0,0,18012971740365059,0
1,prefetch-gcc13-scalar-r13-prefetch_chain-scalar-warm-basic-12582912,prefetch-gcc13-scalar,13,prefetch_chain,scalar,warm,basic,12582912,12582912,3735552,19,259477328,569530736,4,4,0,0,422842857975467,0
1,prefetch-gcc13-scalar-r13-prefetch_chain-scalar-warm-branch-1048576,prefetch-gcc13-scalar,13,prefetch_chain,scalar,warm,branch,1048576,1048576,11894784,726,250085695,548917020,4,4,0,0,0,0
1,prefetch-gcc13-scalar-r13-prefetch_chain-scalar-warm-basic-98304,prefetch-gcc13-scalar,13,prefetch_chain,scalar,warm,basic,98304,98304,30316032,19737,250000365,548729740,4,4,0,0,3343561014172,0
1,prefetch-gcc13-scalar-r13-prefetch_chain-scalar-warm-branch-33554432,prefetch-gcc13-scalar,13,prefetch_chain,scalar,warm,branch,33554432,33554432,3145728,6,292365851,641718300,4,4,0,0,0,0
1,prefetch-gcc13-scalar-r13-prefetch_chain-scalar-cache_evicted-basic-262144,prefetch-gcc13-scalar,13,prefetch_chain,scalar,cache_evicted,basic,262144,262144,22159360,5410,250038932,548814224,4,4,0,0,0,0
1,prefetch-gcc13-scalar-r13-prefetch_chain-scalar-warm-basic-524288,prefetch-gcc13-scalar,13,prefetch_chain,scalar,warm,basic,524288,524288,12632064,1542,250148640,549055036,4,4,0,0,0,0
1,prefetch-gcc13-scalar-r13-prefetch_chain-scalar-warm-branch-196608,prefetch-gcc13-scalar,13,prefetch_chain,scalar,warm,branch,196608,196608,24112128,7849,250007132,548744436,4,4,9,0,6599986233357,0
1,prefetch-gcc13-scalar-r13-prefetch_chain-scalar-warm-basic-32768,prefetch-gcc13-scalar,13,prefetch_chain,scalar,warm,basic,32768,32768,57334784,111982,250000957,548730872,4,4,0,0,0,0
1,prefetch-gcc13-scalar-r13-prefetch_chain-scalar-warm-basic-131072,prefetch-gcc13-scalar,13,prefetch_chain,scalar,warm,basic,131072,131072,30380032,14834,250012584,548756680,4,4,0,0,0,0
1,prefetch-gcc13-scalar-r13-prefetch_chain-scalar-warm-branch-5242880,prefetch-gcc13-scalar,13,prefetch_chain,scalar,warm,branch,5242880,5242880,6963200,85,252501482,554219320,4,4,0,0,176295911816012,0
1,prefetch-gcc13-scalar-r13-prefetch_chain-scalar-warm-basic-262144,prefetch-gcc13-scalar,13,prefetch_chain,scalar,warm,basic,262144,262144,17588224,4294,250013693,548758824,4,4,0,0,0,0
1,prefetch-gcc13-scalar-r13-prefetch_chain-scalar-warm-basic-8388608,prefetch-gcc13-scalar,13,prefetch_chain,scalar,warm,basic,8388608,8388608,3145728,24,250251976,549281872,4,4,0,0,0,0
1,prefetch-gcc13-scalar-r13-prefetch_chain-scalar-warm-basic-2097152,prefetch-gcc13-scalar,13,prefetch_chain,scalar,warm,basic,2097152,2097152,11304960,345,250428544,549669424,4,4,0,0,70621425116940,0
1,prefetch-gcc13-scalar-r13-prefetch_chain-scalar-warm-basic-294912,prefetch-gcc13-scalar,13,prefetch_chain,scalar,warm,basic,294912,294912,15925248,3456,250027037,548788424,4,4,0,0,0,0
1,prefetch-gcc13-scalar-r13-prefetch_chain-scalar-warm-branch-8388608,prefetch-gcc13-scalar,13,prefetch_chain,scalar,warm,branch,8388608,8388608,4194304,32,250060896,548862416,4,4,0,0,0,0
1,prefetch-gcc13-scalar-r13-prefetch_chain-scalar-warm-branch-6291456,prefetch-gcc13-scalar,13,prefetch_chain,scalar,warm,branch,6291456,6291456,5799936,59,252909397,555114652,4,4,0,0,211418376210049,0
1,prefetch-gcc13-scalar-r13-prefetch_chain-scalar-warm-basic-5242880,prefetch-gcc13-scalar,13,prefetch_chain,scalar,warm,basic,5242880,5242880,7290880,89,251054967,551044252,4,4,0,0,176295911816012,0
1,prefetch-gcc13-scalar-r13-prefetch_chain-scalar-warm-branch-393216,prefetch-gcc13-scalar,13,prefetch_chain,scalar,warm,branch,393216,393216,13043712,2123,250110320,548971084,4,4,0,0,13282551513051,0
1,prefetch-gcc13-scalar-r13-prefetch_chain-scalar-warm-branch-262144,prefetch-gcc13-scalar,13,prefetch_chain,scalar,warm,branch,262144,262144,21094400,5150,250034280,548804028,4,4,0,0,0,0
1,prefetch-gcc13-scalar-r13-prefetch_chain-scalar-warm-basic-49152,prefetch-gcc13-scalar,13,prefetch_chain,scalar,warm,basic,49152,49152,30253056,39392,250004205,548737872,4,4,0,0,0,0
1,prefetch-gcc13-scalar-r13-prefetch_chain-scalar-warm-branch-536870912,prefetch-gcc13-scalar,13,prefetch_chain,scalar,warm,branch,536870912,536870912,8388608,1,905904802,1988385600,4,4,0,0,18012971740365059,0
1,prefetch-gcc13-scalar-r13-prefetch_chain-scalar-warm-branch-49152,prefetch-gcc13-scalar,13,prefetch_chain,scalar,warm,branch,49152,49152,30235392,39369,250002091,548733372,4,4,0,0,1651669485679,0
1,prefetch-gcc13-scalar-r13-prefetch_chain-scalar-warm-basic-28672,prefetch-gcc13-scalar,13,prefetch_chain,scalar,warm,basic,28672,28672,72733696,162352,250000491,548729976,4,4,0,0,0,0
1,prefetch-gcc13-scalar-r13-prefetch_chain-scalar-warm-branch-36864,prefetch-gcc13-scalar,13,prefetch_chain,scalar,warm,branch,36864,36864,30169152,52377,250000530,548729932,4,4,0,0,1241043449534,0
1,prefetch-gcc13-scalar-r14-prefetch_chain-scalar-warm-branch-524288,prefetch-gcc13-scalar,14,prefetch_chain,scalar,warm,branch,524288,524288,12599296,1538,250072351,548887888,4,4,0,0,0,0
1,prefetch-gcc13-scalar-r14-prefetch_chain-scalar-warm-basic-24576,prefetch-gcc13-scalar,14,prefetch_chain,scalar,warm,basic,24576,24576,75575808,196812,250001078,548731444,4,4,0,0,0,0
1,prefetch-gcc13-scalar-r14-prefetch_chain-scalar-warm-branch-12582912,prefetch-gcc13-scalar,14,prefetch_chain,scalar,warm,branch,12582912,12582912,3735552,19,260916739,572690104,4,4,0,0,422444460054903,0
1,prefetch-gcc13-scalar-r14-prefetch_chain-scalar-warm-branch-7340032,prefetch-gcc13-scalar,14,prefetch_chain,scalar,warm,branch,7340032,7340032,5160960,45,251728319,552522296,4,4,0,0,246455546134421,0
1,prefetch-gcc13-scalar-r14-prefetch_chain-scalar-cache_evicted-basic-32768,prefetch-gcc13-scalar,14,prefetch_chain,scalar,cache_evicted,basic,32768,32768,56287744,109937,250001227,548731432,4,4,0,0,1086816959201,0
1,prefetch-gcc13-scalar-r14-prefetch_chain-scalar-cache_evicted-branch-262144,prefetch-gcc13-scalar,14,prefetch_chain,scalar,cache_evicted,branch,262144,262144,16928768,4133,250037081,548810288,4,4,0,0,8794757646045,0
1,prefetch-gcc13-scalar-r14-prefetch_chain-scalar-cache_evicted-basic-6291456,prefetch-gcc13-scalar,14,prefetch_chain,scalar,cache_evicted,basic,6291456,6291456,5210112,53,250924988,550759200,4,4,0,0,210931744980118,0
1,prefetch-gcc13-scalar-r14-prefetch_chain-scalar-warm-basic-28672,prefetch-gcc13-scalar,14,prefetch_chain,scalar,warm,basic,28672,28672,73994368,165166,250000270,548729496,4,4,0,0,0,0
1,prefetch-gcc13-scalar-r14-prefetch_chain-scalar-warm-branch-65536,prefetch-gcc13-scalar,14,prefetch_chain,scalar,warm,branch,65536,65536,30231552,29523,250008327,548747352,4,4,0,0,2148735391702,0
1,prefetch-gcc13-scalar-r14-prefetch_chain-scalar-warm-basic-49152,prefetch-gcc13-scalar,14,prefetch_chain,scalar,warm,basic,49152,49152,30213120,39340,250000705,548730320,4,4,0,0,0,0
1,prefetch-gcc13-scalar-r14-prefetch_chain-scalar-cache_evicted-basic-33554432,prefetch-gcc13-scalar,14,prefetch_chain,scalar,cache_evicted,basic,33554432,33554432,3145728,6,274740584,603032324,4,4,0,0,0,0
1,prefetch-gcc13-scalar-r14-prefetch_chain-scalar-warm-basic-536870912,prefetch-gcc13-scalar,14,prefetch_chain,scalar,warm,basic,536870912,536870912,8388608,1,896211248,1967109032,4,4,0,0,18014004378407752,0
1,prefetch-gcc13-scalar-r14-prefetch_chain-scalar-warm-branch-36864,prefetch-gcc13-scalar,14,prefetch_chain,scalar,warm,branch,36864,36864,30229056,52481,250003837,548737472,4,4,0,0,1196899148967,0
1,prefetch-gcc13-scalar-r14-prefetch_chain-scalar-cache_evicted-branch-6291456,prefetch-gcc13-scalar,14,prefetch_chain,scalar,cache_evicted,branch,6291456,6291456,3047424,31,256601743,563219044,4,4,0,0,210931744980118,0
1,prefetch-gcc13-scalar-r14-prefetch_chain-scalar-cache_evicted-basic-8388608,prefetch-gcc13-scalar,14,prefetch_chain,scalar,cache_evicted,basic,8388608,8388608,2883584,22,251160184,551275232,4,4,0,0,0,0
1,prefetch-gcc13-scalar-r14-prefetch_chain-scalar-warm-basic-5242880,prefetch-gcc13-scalar,14,prefetch_chain,scalar,warm,basic,5242880,5242880,3031040,37,252090330,553316860,4,4,0,0,176259630595534,0
1,prefetch-gcc13-scalar-r14-prefetch_chain-scalar-cache_evicted-branch-33554432,prefetch-gcc13-scalar,14,prefetch_chain,scalar,cache_evicted,branch,33554432,33554432,3145728,6,299517767,657416144,4,4,0,0,0,0
1,prefetch-gcc13-scalar-r14-prefetch_chain-scalar-warm-branch-294912,prefetch-gcc13-scalar,14,prefetch_chain,scalar,warm,branch,294912,294912,15888384,3448,250004396,548738452,4,4,0,0,0,0
1,prefetch-gcc13-scalar-r14-prefetch_chain-scalar-warm-basic-131072,prefetch-gcc13-scalar,14,prefetch_chain,scalar,warm,basic,131072,131072,25245696,12327,250003445,548736332,4,4,0,0,4377923603101,0
1,prefetch-gcc13-scalar-r14-prefetch_chain-scalar-warm-branch-98304,prefetch-gcc13-scalar,14,prefetch_chain,scalar,warm,branch,98304,98304,30168576,19641,250001790,548732696,4,4,0,0,3253417059848,0
1,prefetch-gcc13-scalar-r14-prefetch_chain-scalar-cache_evicted-branch-1048576,prefetch-gcc13-scalar,14,prefetch_chain,scalar,cache_evicted,branch,1048576,1048576,10092544,616,250153122,549064852,4,4,0,0,0,0
1,prefetch-gcc13-scalar-r14-prefetch_chain-scalar-warm-basic-33554432,prefetch-gcc13-scalar,14,prefetch_chain,scalar,warm,basic,33554432,33554432,2621440,5,252258450,553685872,4,4,0,0,1126758129006896,0
1,prefetch-gcc13-scalar-r14-prefetch_chain-scalar-warm-branch-134217728,prefetch-gcc13-scalar,14,prefetch_chain,scalar,warm,branch,134217728,134217728,4194304,2,436447526,957965592,4,4,0,0,0,0
1,prefetch-gcc13-scalar-r14-prefetch_chain-scalar-warm-branch-2097152,prefetch-gcc13-scalar,14,prefetch_chain,scalar,warm,branch,2097152,2097152,11796480,360,250387151,549578548,4,4,0,0,0,0
1,prefetch-gcc13-scalar-r14-prefetch_chain-scalar-warm-branch-16384,prefetch-gcc13-scalar,14,prefetch_chain,scalar,warm,branch,16384,16384,74169856,289726,250000815,548730568,4,4,0,0,0,0
1,prefetch-gcc13-scalar-r14-prefetch_chain-scalar-warm-basic-1048576,prefetch-gcc13-scalar,14,prefetch_chain,scalar,warm,basic,1048576,1048576,11878400,725,250315934,549422176,4,4,0,0,35134734315107,0
1,prefetch-gcc13-scalar-r14-prefetch_chain-scalar-warm-basic-12582912,prefetch-gcc13-scalar,14,prefetch_chain,scalar,warm,basic,12582912,12582912,2752512,14,254908186,559501784,4,4,0,0,0,0
1,prefetch-gcc13-scalar-r14-prefetch_chain-scalar-warm-branch-196608,prefetch-gcc13-scalar,14,prefetch_chain,scalar,warm,branch,196608,196608,30102528,9799,250004132,548737836,4,4,0,0,6647148929782,0
1,prefetch-gcc13-scalar-r14-prefetch_chain-scalar-cache_evicted-branch-536870912,prefetch-gcc13-scalar,14,prefetch_chain,scalar,cache_evicted,branch,536870912,536870912,8388608,1,908408793,1993881616,4,4,0,0,18013254873950025,0
1,prefetch-gcc13-scalar-r14-prefetch_chain-scalar-warm-basic-98304,prefetch-gcc13-scalar,14,prefetch_chain,scalar,warm,basic,98304,98304,30360576,19766,250002603,548734776,4,4,0,0,0,0
1,prefetch-gcc13-scalar-r14-prefetch_chain-scalar-warm-branch-33554432,prefetch-gcc13-scalar,14,prefetch_chain,scalar,warm,branch,33554432,33554432,3145728,6,288755523,633793940,4,4,0,0,0,0
1,prefetch-gcc13-scalar-r14-prefetch_chain-scalar-warm-branch-4194304,prefetch-gcc13-scalar,14,prefetch_chain,scalar,warm,branch,4194304,4194304,7405568,113,251586262,552210476,4,4,0,0,141202312013018,0
1,prefetch-gcc13-scalar-r14-prefetch_chain-scalar-warm-basic-4194304,prefetch-gcc13-scalar,14,prefetch_chain,scalar,warm,basic,4194304,4194304,6356992,97,251545528,552121060,4,4,0,0,141202312013018,0
1,prefetch-gcc13-scalar-r14-prefetch_chain-scalar-warm-basic-65536,prefetch-gcc13-scalar,14,prefetch_chain,scalar,warm,basic,65536,65536,30263296,29554,250006552,548743316,4,4,0,0,0,0
1,prefetch-gcc13-scalar-r14-prefetch_chain-scalar-warm-branch-8388608,prefetch-gcc13-scalar,14,prefetch_chain,scalar,warm,branch,8388608,8388608,4194304,32,252586901,554406808,4,4,0,0,0,0
1,prefetch-gcc13-scalar-r14-prefetch_chain-scalar-warm-branch-28672,prefetch-gcc13-scalar,14,prefetch_chain,scalar,warm,branch,28672,28672,71977920,160665,250001306,548731656,4,4,0,0,938094097727,0
1,prefetch-gcc13-scalar-r14-prefetch_chain-scalar-warm-basic-134217728,prefetch-gcc13-scalar,14,prefetch_chain,scalar,warm,basic,134217728,134217728,4194304,2,428425995,940358984,4,4,0,0,0,0
1,prefetch-gcc13-scalar-r14-prefetch_chain-scalar-cache_evicted-branch-32768,prefetch-gcc13-scalar,14,prefetch_chain,scalar,cache_evicted,branch,32768,32768,58064384,113407,250002313,548733800,4,4,0,0,1086816959201,0
1,prefetch-gcc13-scalar-r14-prefetch_chain-scalar-warm-branch-536870912,prefetch-gcc13-scalar,14,prefetch_chain,scalar,warm,branch,536870912,536870912,8388608,1,905009893,1986421348,4,4,0,0,18014004378407752,0
1,prefetch-gcc13-scalar-r14-prefetch_chain-scalar-warm-branch-49152,prefetch-gcc13-scalar,14,prefetch_chain,scalar,warm,branch,49152,49152,30126336,39227,250004568,548738826,4,4,3,0,1603558684822,0
1,prefetch-gcc13-scalar-r14-prefetch_chain-scalar-cache_evicted-basic-262144,prefetch-gcc13-scalar,14,prefetch_chain,scalar,cache_evicted,basic,262144,262144,23396352,5712,250025833,548785660,4,4,0,0,0,0
1,prefetch-gcc13-scalar-r14-prefetch_chain-scalar-warm-basic-6291456,prefetch-gcc13-scalar,14,prefetch_chain,scalar,warm,basic,6291456,6291456,5308416,54,252014132,553149656,4,4,0,0,0,0
1,prefetch-gcc13-scalar-r14-prefetch_chain-scalar-cache_evicted-basic-1048576,prefetch-gcc13-scalar,14,prefetch_chain,scalar,cache_evicted,basic,1048576,1048576,12009472,733,250290922,549367628,4,4,0,0,35259548139903,0
1,prefetch-gcc13-scalar-r14-prefetch_chain-scalar-warm-basic-7340032,prefetch-gcc13-scalar,14,prefetch_chain,scalar,warm,basic,7340032,7340032,4472832,39,250362356,549524100,4,4,0,0,246455546134421,0
1,prefetch-gcc13-scalar-r14-prefetch_chain-scalar-warm-branch-131072,prefetch-gcc13-scalar,14,prefetch_chain,scalar,warm,branch,131072,131072,30373888,14831,250015857,548763592,4,4,0,0,4377923603101,0
1,prefetch-gcc13-scalar-r14-prefetch_chain-scalar-warm-basic-2097152,prefetch-gcc13-scalar,14,prefetch_chain,scalar,warm,basic,2097152,2097152,11730944,358,250034054,548803552,4,4,0,0,0,0
1,prefetch-gcc13-scalar-r14-prefetch_chain-scalar-cache_evicted-basic-536870912,prefetch-gcc13-scalar,14,prefetch_chain,scalar,cache_evicted,basic,536870912,536870912,8388608,1,903312673,1982696064,4,4,0,0,18013254873950025,0
1,prefetch-gcc13-scalar-r14-prefetch_chain-scalar-warm-branch-5242880,prefetch-gcc13-scalar,14,prefetch_chain,scalar,warm,branch,5242880,5242880,4505600,55,255370781,560517134,4,4,13,0,176259630595534,0
1,prefetch-gcc13-scalar-r14-prefetch_chain-scalar-warm-basic-393216,prefetch-gcc13-scalar,14,prefetch_chain,scalar,warm,basic,393216,393216,13412352,2183,250107615,548964976,4,4,0,0,13330977945619,0
1,prefetch-gcc13-scalar-r14-prefetch_chain-scalar-warm-basic-196608,prefetch-gcc13-scalar,14,prefetch_chain,scalar,warm,basic,196608,196608,30148608,9814,250008600,548747660,4,4,0,0,0,0
1,prefetch-gcc13-scalar-r14-prefetch_chain-scalar-warm-basic-16384,prefetch-gcc13-scalar,14,prefetch_chain,scalar,warm,basic,16384,16384,74525184,291114,250000719,548730628,4,4,0,0,0,0
1,prefetch-gcc13-scalar-r14-prefetch_chain-scalar-warm-branch-262144,prefetch-gcc13-scalar,14,prefetch_chain,scalar,warm,branch,262144,262144,21520384,5254,250037381,548811100,4,4,0,0,0,0
1,prefetch-gcc13-scalar-r14-prefetch_chain-scalar-warm-branch-8192,prefetch-gcc13-scalar,14,prefetch_chain,scalar,warm,branch,8192,8192,71886848,561616,250000206,548729376,4,4,0,0,0,0
1,prefetch-gcc13-scalar-r14-prefetch_chain-scalar-warm-branch-229376,prefetch-gcc13-scalar,14,prefetch_chain,scalar,warm,branch,229376,229376,25987584,7251,250000563,548730180,4,4,0,0,7761875847263,0
1,prefetch-gcc13-scalar-r14-prefetch_chain-scalar-warm-branch-393216,prefetch-gcc13-scalar,14,prefetch_chain,scalar,warm,branch,393216,393216,12933120,2105,250062226,548865660,4,4,0,0,13330977945619,0
1,prefetch-gcc13-scalar-r14-prefetch_chain-scalar-cache_evicted-branch-8388608,prefetch-gcc13-scalar,14,prefetch_chain,scalar,cache_evicted,branch,8388608,8388608,4456448,34,250818266,550524668,4,4,0,0,0,0
1,prefetch-gcc13-scalar-r14-prefetch_chain-scalar-warm-basic-8192,prefetch-gcc13-scalar,14,prefetch_chain,scalar,warm,basic,8192,8192,71802240,560955,250000617,548730124,4,4,0,0,285571475990,0
1,prefetch-gcc13-scalar-r14-prefetch_chain-scalar-warm-basic-262144,prefetch-gcc13-scalar,14,prefetch_chain,scalar,warm,basic,262144,262144,17891328,4368,250037617,548811500,4,4,0,0,0,0
1,prefetch-gcc13-scalar-r14-prefetch_chain-scalar-warm-branch-1048576,prefetch-gcc13-scalar,14,prefetch_chain,scalar,warm,branch,1048576,1048576,11927552,728,250338809,549472460,4,4,0,0,0,0
1,prefetch-gcc13-scalar-r14-prefetch_chain-scalar-warm-branch-6291456,prefetch-gcc13-scalar,14,prefetch_chain,scalar,warm,branch,6291456,6291456,5308416,54,251314206,551613328,4,4,0,0,0,0
1,prefetch-gcc13-scalar-r14-prefetch_chain-scalar-warm-basic-32768,prefetch-gcc13-scalar,14,prefetch_chain,scalar,warm,basic,32768,32768,57788416,112868,250002251,548733872,4,4,0,0,0,0
1,prefetch-gcc13-scalar-r14-prefetch_chain-scalar-warm-basic-524288,prefetch-gcc13-scalar,14,prefetch_chain,scalar,warm,basic,524288,524288,12525568,1529,250017284,548766628,4,4,0,0,17713902486180,0
1,prefetch-gcc13-scalar-r14-prefetch_chain-scalar-warm-basic-229376,prefetch-gcc13-scalar,14,prefetch_chain,scalar,warm,basic,229376,229376,24786944,6916,250001471,548732164,4,4,0,0,0,0
1,prefetch-gcc13-scalar-r14-prefetch_chain-scalar-warm-basic-8388608,prefetch-gcc13-scalar,14,prefetch_chain,scalar,warm,basic,8388608,8388608,4325376,33,250866691,550631104,4,4,0,0,281551276919431,0
1,prefetch-gcc13-scalar-r14-prefetch_chain-scalar-warm-basic-36864,prefetch-gcc13-scalar,14,prefetch_chain,scalar,warm,basic,36864,36864,30142080,52330,250000624,548730148,4,4,0,0,0,0
1,prefetch-gcc13-scalar-r14-prefetch_chain-scalar-warm-basic-294912,prefetch-gcc13-scalar,14,prefetch_chain,scalar,warm,basic,294912,294912,18220032,3954,250020098,548772908,4,4,0,0,0,0
1,prefetch-gcc13-scalar-r14-prefetch_chain-scalar-warm-branch-32768,prefetch-gcc13-scalar,14,prefetch_chain,scalar,warm,branch,32768,32768,59034112,115301,250000157,548729396,4,4,0,0,1074125406244,0
1,prefetch-gcc13-scalar-r14-prefetch_chain-scalar-warm-branch-24576,prefetch-gcc13-scalar,14,prefetch_chain,scalar,warm,branch,24576,24576,74447232,193873,250000261,548729624,4,4,0,0,817251592762,0
