schema_version,sample_id,build_id,round,mode,implementation,state,perf_profile,footprint_bytes,physical_footprint_bytes,logical_operations,passes,wall_ns,tsc_ticks,cpu_before,cpu_after,minor_faults,major_faults,checksum,first_touch_exception
1,stride16-gcc13-scalar-r0-random_access-scalar-cache_evicted-basic-536870912,stride16-gcc13-scalar,0,random_access,scalar,cache_evicted,basic,536870912,1073741824,134217728,1,3518807380,7723489488,4,4,0,0,288261321719196295,0
1,stride16-gcc13-scalar-r0-random_access-scalar-cache_evicted-basic-8388608,stride16-gcc13-scalar,0,random_access,scalar,cache_evicted,basic,8388608,16777216,35651584,17,263748215,578904920,4,4,0,0,4501393068469240,0
1,stride16-gcc13-scalar-r0-random_access-scalar-warm-basic-229376,stride16-gcc13-scalar,0,random_access,scalar,warm,basic,229376,458752,196288512,3423,250048067,548834572,4,4,0,0,122560454707252,0
1,stride16-gcc13-scalar-r0-random_access-scalar-warm-branch-28672,stride16-gcc13-scalar,0,random_access,scalar,warm,branch,28672,57344,330903552,46164,250005040,548739812,4,4,0,0,0,0
1,stride16-gcc13-scalar-r0-random_access-scalar-warm-basic-134217728,stride16-gcc13-scalar,0,random_access,scalar,warm,basic,134217728,268435456,33554432,1,703311858,1543710164,4,4,0,0,72057096476098388,0
1,stride16-gcc13-scalar-r0-random_access-scalar-cache_evicted-basic-1048576,stride16-gcc13-scalar,0,random_access,scalar,cache_evicted,basic,1048576,2097152,107479040,410,250020673,548774076,4,4,0,0,0,0
1,stride16-gcc13-scalar-r0-random_access-scalar-warm-branch-5242880,stride16-gcc13-scalar,0,random_access,scalar,warm,branch,5242880,10485760,47185920,36,255238588,560226952,4,4,0,0,0,0
1,stride16-gcc13-scalar-r0-random_access-scalar-warm-basic-65536,stride16-gcc13-scalar,0,random_access,scalar,warm,basic,65536,131072,258834432,15798,250002763,548734820,4,4,0,0,0,0
1,stride16-gcc13-scalar-r0-random_access-scalar-warm-branch-134217728,stride16-gcc13-scalar,0,random_access,scalar,warm,branch,134217728,268435456,33554432,1,700843881,1538293840,4,4,0,0,72057096476098388,0
1,stride16-gcc13-scalar-r0-random_access-scalar-warm-basic-98304,stride16-gcc13-scalar,0,random_access,scalar,warm,basic,98304,196608,242835456,9881,250010291,548751392,4,4,0,0,52143630936810,0
1,stride16-gcc13-scalar-r0-random_access-scalar-warm-branch-8388608,stride16-gcc13-scalar,0,random_access,scalar,warm,branch,8388608,16777216,35651584,17,260260861,571250448,4,4,0,0,4504352626222922,0
1,stride16-gcc13-scalar-r0-random_access-scalar-warm-branch-49152,stride16-gcc13-scalar,0,random_access,scalar,warm,branch,49152,98304,275017728,22381,250007928,548746448,4,4,0,0,26138549203786,0
1,stride16-gcc13-scalar-r0-random_access-scalar-page_cold-basic-33554432,stride16-gcc13-scalar,0,random_access,scalar,page_cold,basic,33554432,67108864,8388608,1,100825284,221301448,4,4,8192,0,0,1
1,stride16-gcc13-scalar-r0-random_access-scalar-cache_evicted-branch-6291456,stride16-gcc13-scalar,0,random_access,scalar,cache_evicted,branch,6291456,12582912,40894464,26,250411908,549632340,4,4,0,0,0,0
1,stride16-gcc13-scalar-r0-random_access-scalar-warm-branch-12582912,stride16-gcc13-scalar,0,random_access,scalar,warm,branch,12582912,25165824,28311552,9,264343980,580212152,4,4,0,0,6759609035379522,0
1,stride16-gcc13-scalar-r0-random_access-scalar-warm-basic-4194304,stride16-gcc13-scalar,0,random_access,scalar,warm,basic,4194304,8388608,53477376,51,251654886,552361060,4,4,0,0,2251739467538315,0
1,stride16-gcc13-scalar-r0-random_access-scalar-warm-basic-7340032,stride16-gcc13-scalar,0,random_access,scalar,warm,basic,7340032,14680064,38535168,21,258422752,567215688,4,4,0,0,3940025996887689,0
1,stride16-gcc13-scalar-r0-random_access-scalar-cache_evicted-basic-6291456,stride16-gcc13-scalar,0,random_access,scalar,cache_evicted,basic,6291456,12582912,42467328,27,258517030,567422924,4,4,0,0,3375507887535183,0
1,stride16-gcc13-scalar-r0-random_access-scalar-warm-branch-4194304,stride16-gcc13-scalar,0,random_access,scalar,warm,branch,4194304,8388608,53477376,51,251335861,551660844,4,4,0,0,2251739467538315,0
1,stride16-gcc13-scalar-r0-random_access-scalar-warm-branch-524288,stride16-gcc13-scalar,0,random_access,scalar,warm,branch,524288,1048576,127533056,973,250035537,548806752,4,4,0,0,279867080937189,0
1,stride16-gcc13-scalar-r0-random_access-scalar-page_cold-branch-536870912,stride16-gcc13-scalar,0,random_access,scalar,page_cold,branch,536870912,1073741824,134217728,1,3518015611,7721749888,4,4,131072,0,0,1
1,stride16-gcc13-scalar-r0-random_access-scalar-cache_evicted-branch-8388608,stride16-gcc13-scalar,0,random_access,scalar,cache_evicted,branch,8388608,16777216,35651584,17,261689217,574385796,4,4,0,0,4501393068469240,0
1,stride16-gcc13-scalar-r0-random_access-scalar-warm-branch-131072,stride16-gcc13-scalar,0,random_access,scalar,warm,branch,131072,262144,209616896,6397,250020490,548773900,4,4,0,0,69770734160860,0
1,stride16-gcc13-scalar-r0-random_access-scalar-warm-basic-2097152,stride16-gcc13-scalar,0,random_access,scalar,warm,basic,2097152,4194304,95944704,183,250220397,549212584,4,4,0,0,1124248951476656,0
1,stride16-gcc13-scalar-r0-random_access-scalar-warm-branch-8192,stride16-gcc13-scalar,0,random_access,scalar,warm,branch,8192,16384,394674176,192712,250000724,548730336,4,4,0,0,0,0
1,stride16-gcc13-scalar-r0-random_access-scalar-warm-branch-24576,stride16-gcc13-scalar,0,random_access,scalar,warm,branch,24576,49152,341612544,55601,250003377,548736168,4,4,0,0,12930045722439,0
1,stride16-gcc13-scalar-r0-random_access-scalar-warm-basic-1048576,stride16-gcc13-scalar,0,random_access,scalar,warm,basic,1048576,2097152,112984064,431,250156661,549072564,4,4,0,0,561131811751471,0
1,stride16-gcc13-scalar-r0-random_access-scalar-warm-basic-294912,stride16-gcc13-scalar,0,random_access,scalar,warm,basic,294912,589824,156008448,2116,250117434,548986524,4,4,0,0,0,0
1,stride16-gcc13-scalar-r0-random_access-scalar-warm-basic-5242880,stride16-gcc13-scalar,0,random_access,scalar,warm,basic,5242880,10485760,48496640,37,253646500,556732496,4,4,0,0,2815775183031636,0
1,stride16-gcc13-scalar-r0-random_access-scalar-warm-branch-229376,stride16-gcc13-scalar,0,random_access,scalar,warm,branch,229376,458752,196517888,3427,250018826,548770064,4,4,0,0,122560454707252,0
1,stride16-gcc13-scalar-r0-random_access-scalar-cache_evicted-branch-1048576,stride16-gcc13-scalar,0,random_access,scalar,cache_evicted,branch,1048576,2097152,113246208,432,250430792,549674452,4,4,0,0,0,0
1,stride16-gcc13-scalar-r0-random_access-scalar-warm-branch-98304,stride16-gcc13-scalar,0,random_access,scalar,warm,branch,98304,196608,244039680,9930,250019323,548771320,4,4,0,0,0,0
1,stride16-gcc13-scalar-r0-random_access-scalar-page_cold-basic-536870912,stride16-gcc13-scalar,0,random_access,scalar,page_cold,basic,536870912,1073741824,134217728,1,3520180396,7726501088,4,4,131072,0,0,1
1,stride16-gcc13-scalar-r0-random_access-scalar-warm-branch-262144,stride16-gcc13-scalar,0,random_access,scalar,warm,branch,262144,524288,175374336,2676,250088432,548922800,4,4,0,0,0,0
1,stride16-gcc13-scalar-r0-random_access-scalar-warm-basic-49152,stride16-gcc13-scalar,0,random_access,scalar,warm,basic,49152,98304,275546112,22424,250010915,548753020,4,4,0,0,0,0
1,stride16-gcc13-scalar-r0-random_access-scalar-warm-branch-294912,stride16-gcc13-scalar,0,random_access,scalar,warm,branch,294912,589824,157188096,2132,250007141,548744440,4,4,0,0,0,0
1,stride16-gcc13-scalar-r0-random_access-scalar-warm-branch-536870912,stride16-gcc13-scalar,0,random_access,scalar,warm,branch,536870912,1073741824,134217728,1,3891880561,8542353924,4,4,0,0,288231630480496999,0
1,stride16-gcc13-scalar-r0-random_access-scalar-warm-basic-536870912,stride16-gcc13-scalar,0,random_access,scalar,warm,basic,536870912,1073741824,134217728,1,3520214549,7726578152,4,4,0,0,288231630480496999,0
1,stride16-gcc13-scalar-r0-random_access-scalar-warm-basic-262144,stride16-gcc13-scalar,0,random_access,scalar,warm,basic,262144,524288,174129152,2657,250033318,548802000,4,4,0,0,139966022092302,0
1,stride16-gcc13-scalar-r0-random_access-scalar-warm-basic-24576,stride16-gcc13-scalar,0,random_access,scalar,warm,basic,24576,49152,340727808,55457,250004442,548738492,4,4,0,0,12930045722439,0
1,stride16-gcc13-scalar-r0-random_access-scalar-cache_evicted-branch-536870912,stride16-gcc13-scalar,0,random_access,scalar,cache_evicted,branch,536870912,1073741824,134217728,1,3517547922,7720725116,4,4,0,0,288261321719196295,0
1,stride16-gcc13-scalar-r0-random_access-scalar-warm-branch-32768,stride16-gcc13-scalar,0,random_access,scalar,warm,branch,32768,65536,313245696,38238,250005758,548741388,4,4,0,0,0,0
1,stride16-gcc13-scalar-r0-random_access-scalar-warm-branch-1048576,stride16-gcc13-scalar,0,random_access,scalar,warm,branch,1048576,2097152,113246208,432,250370776,549542596,4,4,0,0,0,0
1,stride16-gcc13-scalar-r0-random_access-scalar-cache_evicted-basic-262144,stride16-gcc13-scalar,0,random_access,scalar,cache_evicted,basic,262144,524288,175112192,2672,250060914,548862464,4,4,0,0,0,0
1,stride16-gcc13-scalar-r0-random_access-scalar-warm-basic-32768,stride16-gcc13-scalar,0,random_access,scalar,warm,basic,32768,65536,313065472,38216,250003590,548736624,4,4,0,0,0,0
1,stride16-gcc13-scalar-r0-random_access-scalar-warm-basic-28672,stride16-gcc13-scalar,0,random_access,scalar,warm,basic,28672,57344,330086400,46050,250002807,548735220,4,4,0,0,0,0
1,stride16-gcc13-scalar-r0-random_access-scalar-warm-branch-16384,stride16-gcc13-scalar,0,random_access,scalar,warm,branch,16384,32768,379265024,92594,250001198,548731356,4,4,0,0,0,0
1,stride16-gcc13-scalar-r0-random_access-scalar-warm-basic-36864,stride16-gcc13-scalar,0,random_access,scalar,warm,basic,36864,73728,300644352,32622,250004308,548738220,4,4,0,0,0,0
1,stride16-gcc13-scalar-r0-random_access-scalar-warm-branch-2097152,stride16-gcc13-scalar,0,random_access,scalar,warm,branch,2097152,4194304,89128960,170,250868012,550633984,4,4,0,0,0,0
1,stride16-gcc13-scalar-r0-random_access-scalar-warm-basic-33554432,stride16-gcc13-scalar,0,random_access,scalar,warm,basic,33554432,67108864,25165824,3,326692781,717063352,4,4,0,0,18017315374038529,0
1,stride16-gcc13-scalar-r0-random_access-scalar-warm-branch-393216,stride16-gcc13-scalar,0,random_access,scalar,warm,branch,393216,786432,137035776,1394,250172313,549106964,4,4,0,0,0,0
1,stride16-gcc13-scalar-r0-random_access-scalar-warm-basic-8192,stride16-gcc13-scalar,0,random_access,scalar,warm,basic,8192,16384,394639360,192695,250001125,548731244,4,4,0,0,4278656075161,0
1,stride16-gcc13-scalar-r0-random_access-scalar-warm-branch-6291456,stride16-gcc13-scalar,0,random_access,scalar,warm,branch,6291456,12582912,42467328,27,258063103,566426548,4,4,0,0,3377659893915462,0
1,stride16-gcc13-scalar-r0-random_access-scalar-warm-basic-196608,stride16-gcc13-scalar,0,random_access,scalar,warm,basic,196608,393216,209682432,4266,250006186,548742476,4,4,0,0,0,0
1,stride16-gcc13-scalar-r0-random_access-scalar-warm-branch-196608,stride16-gcc13-scalar,0,random_access,scalar,warm,branch,196608,393216,215236608,4379,250050220,548838968,4,4,0,0,104893928406253,0
1,stride16-gcc13-scalar-r0-random_access-scalar-cache_evicted-branch-32768,stride16-gcc13-scalar,0,random_access,scalar,cache_evicted,branch,32768,65536,313737216,38298,250004892,548739788,4,4,0,0,0,0
1,stride16-gcc13-scalar-r0-random_access-scalar-page_cold-branch-33554432,stride16-gcc13-scalar,0,random_access,scalar,page_cold,branch,33554432,67108864,8388608,1,100741053,221116492,4,4,8192,0,0,1
1,stride16-gcc13-scalar-r0-random_access-scalar-cache_evicted-branch-262144,stride16-gcc13-scalar,0,random_access,scalar,cache_evicted,branch,262144,524288,172163072,2627,250069054,548880484,4,4,0,0,140283903986289,0
1,stride16-gcc13-scalar-r0-random_access-scalar-warm-branch-7340032,stride16-gcc13-scalar,0,random_access,scalar,warm,branch,7340032,14680064,38535168,21,256800654,563655540,4,4,0,0,3940025996887689,0
1,stride16-gcc13-scalar-r0-random_access-scalar-cache_evicted-basic-33554432,stride16-gcc13-scalar,0,random_access,scalar,cache_evicted,basic,33554432,67108864,25165824,3,320078091,702544224,4,4,0,0,18019549672669582,0
1,stride16-gcc13-scalar-r0-random_access-scalar-warm-branch-65536,stride16-gcc13-scalar,0,random_access,scalar,warm,branch,65536,131072,259473408,15837,250010935,548752940,4,4,0,0,34787464660549,0
1,stride16-gcc13-scalar-r0-random_access-scalar-warm-basic-6291456,stride16-gcc13-scalar,0,random_access,scalar,warm,basic,6291456,12582912,42467328,27,253720114,556894060,4,4,0,0,3377659893915462,0
1,stride16-gcc13-scalar-r0-random_access-scalar-warm-branch-33554432,stride16-gcc13-scalar,0,random_access,scalar,warm,branch,33554432,67108864,25165824,3,318236088,698501508,4,4,0,0,18017315374038529,0
1,stride16-gcc13-scalar-r0-random_access-scalar-warm-branch-36864,stride16-gcc13-scalar,0,random_access,scalar,warm,branch,36864,73728,300662784,32624,250000221,548729224,4,4,0,0,0,0
1,stride16-gcc13-scalar-r0-random_access-scalar-warm-basic-8388608,stride16-gcc13-scalar,0,random_access,scalar,warm,basic,8388608,16777216,35651584,17,263443322,578236012,4,4,0,0,4504352626222922,0
1,stride16-gcc13-scalar-r0-random_access-scalar-warm-basic-16384,stride16-gcc13-scalar,0,random_access,scalar,warm,basic,16384,32768,365993984,89354,250000913,548730900,4,4,0,0,0,0
1,stride16-gcc13-scalar-r0-random_access-scalar-warm-basic-131072,stride16-gcc13-scalar,0,random_access,scalar,warm,basic,131072,262144,227180544,6933,250012914,548757200,4,4,0,0,69770734160860,0
1,stride16-gcc13-scalar-r0-random_access-scalar-cache_evicted-basic-32768,stride16-gcc13-scalar,0,random_access,scalar,cache_evicted,basic,32768,65536,313475072,38266,250004325,548738544,4,4,0,0,0,0
1,stride16-gcc13-scalar-r0-random_access-scalar-warm-basic-12582912,stride16-gcc13-scalar,0,random_access,scalar,warm,basic,12582912,25165824,28311552,9,262318911,575767296,4,4,0,0,6759609035379522,0
1,stride16-gcc13-scalar-r0-random_access-scalar-warm-basic-524288,stride16-gcc13-scalar,0,random_access,scalar,warm,basic,524288,1048576,127008768,969,250126812,549007416,4,4,0,0,279867080937189,0
1,stride16-gcc13-scalar-r0-random_access-scalar-cache_evicted-branch-33554432,stride16-gcc13-scalar,0,random_access,scalar,cache_evicted,branch,33554432,67108864,25165824,3,320140180,702680508,4,4,0,0,18019549672669582,0
1,stride16-gcc13-scalar-r0-random_access-scalar-warm-basic-393216,stride16-gcc13-scalar,0,random_access,scalar,warm,basic,393216,786432,136937472,1393,250050390,548839444,4,4,0,0,210085339452832,0
1,stride16-gcc13-scalar-r1-random_access-scalar-warm-basic-524288,stride16-gcc13-scalar,1,random_access,scalar,warm,basic,524288,1048576,127664128,974,250231823,549237520,4,4,0,0,0,0
1,stride16-gcc13-scalar-r1-random_access-scalar-cache_evicted-branch-8388608,stride16-gcc13-scalar,1,random_access,scalar,cache_evicted,branch,8388608,16777216,35651584,17,264608528,580793552,4,4,0,0,4503481945958228,0
1,stride16-gcc13-scalar-r1-random_access-scalar-warm-basic-49152,stride16-gcc13-scalar,1,random_access,scalar,warm,basic,49152,98304,275386368,22411,250006831,548743784,4,4,0,0,26402885994213,0
1,stride16-gcc13-scalar-r1-random_access-scalar-warm-basic-36864,stride16-gcc13-scalar,1,random_access,scalar,warm,basic,36864,73728,300847104,32644,250001246,548731780,4,4,0,0,0,0
1,stride16-gcc13-scalar-r1-random_access-scalar-warm-basic-16384,stride16-gcc13-scalar,1,random_access,scalar,warm,basic,16384,32768,378191872,92332,250002186,548733524,4,4,0,0,0,0
1,stride16-gcc13-scalar-r1-random_access-scalar-warm-basic-2097152,stride16-gcc13-scalar,1,random_access,scalar,warm,basic,2097152,4194304,93323264,178,250072807,548888548,4,4,0,0,0,0
1,stride16-gcc13-scalar-r1-random_access-scalar-cache_evicted-branch-1048576,stride16-gcc13-scalar,1,random_access,scalar,cache_evicted,branch,1048576,2097152,113246208,432,250546305,549927844,4,4,0,0,0,0
1,stride16-gcc13-scalar-r1-random_access-scalar-page_cold-branch-536870912,stride16-gcc13-scalar,1,random_access,scalar,page_cold,branch,536870912,1073741824,134217728,1,3525424359,7738011652,4,4,131072,0,0,1
1,stride16-gcc13-scalar-r1-random_access-scalar-warm-branch-65536,stride16-gcc13-scalar,1,random_access,scalar,warm,branch,65536,131072,257654784,15726,250006698,548743444,4,4,0,0,0,0
1,stride16-gcc13-scalar-r1-random_access-scalar-warm-basic-134217728,stride16-gcc13-scalar,1,random_access,scalar,warm,basic,134217728,268435456,33554432,1,707780258,1553518604,4,4,0,0,72053833123581289,0
1,stride16-gcc13-scalar-r1-random_access-scalar-warm-branch-393216,stride16-gcc13-scalar,1,random_access,scalar,warm,branch,393216,786432,136740864,1391,250135917,549027068,4,4,0,0,210494386914729,0
1,stride16-gcc13-scalar-r1-random_access-scalar-warm-branch-131072,stride16-gcc13-scalar,1,random_access,scalar,warm,branch,131072,262144,219611136,6702,250037372,548811080,4,4,0,0,0,0
1,stride16-gcc13-scalar-r1-random_access-scalar-cache_evicted-branch-32768,stride16-gcc13-scalar,1,random_access,scalar,cache_evicted,branch,32768,65536,313196544,38232,250000653,548730512,4,4,0,0,0,0
1,stride16-gcc13-scalar-r1-random_access-scalar-warm-basic-196608,stride16-gcc13-scalar,1,random_access,scalar,warm,basic,196608,393216,193511424,3937,250060212,548861208,4,4,0,0,105376266562302,0
1,stride16-gcc13-scalar-r1-random_access-scalar-warm-branch-6291456,stride16-gcc13-scalar,1,random_access,scalar,warm,branch,6291456,12582912,45613056,29,253548769,556517856,4,4,0,0,3375573027955592,0
1,stride16-gcc13-scalar-r1-random_access-scalar-warm-branch-28672,stride16-gcc13-scalar,1,random_access,scalar,warm,branch,28672,57344,329484288,45966,250005242,548740556,4,4,0,0,0,0
1,stride16-gcc13-scalar-r1-random_access-scalar-warm-branch-32768,stride16-gcc13-scalar,1,random_access,scalar,warm,branch,32768,65536,313712640,38295,250006315,548742912,4,4,0,0,17640149099958,0
1,stride16-gcc13-scalar-r1-random_access-scalar-cache_evicted-basic-1048576,stride16-gcc13-scalar,1,random_access,scalar,cache_evicted,basic,1048576,2097152,113246208,432,250435348,549684464,4,4,0,0,0,0
1,stride16-gcc13-scalar-r1-random_access-scalar-warm-basic-5242880,stride16-gcc13-scalar,1,random_access,scalar,warm,basic,5242880,10485760,45875200,35,250384613,549572924,4,4,0,0,2813640506837365,0
1,stride16-gcc13-scalar-r1-random_access-scalar-warm-branch-8388608,stride16-gcc13-scalar,1,random_access,scalar,warm,branch,8388608,16777216,35651584,17,264372132,580274388,4,4,0,0,4502834352531080,0
1,stride16-gcc13-scalar-r1-random_access-scalar-cache_evicted-branch-262144,stride16-gcc13-scalar,1,random_access,scalar,cache_evicted,branch,262144,524288,173670400,2650,250023154,548779564,4,4,0,0,0,0
1,stride16-gcc13-scalar-r1-random_access-scalar-warm-branch-12582912,stride16-gcc13-scalar,1,random_access,scalar,warm,branch,12582912,25165824,25165824,8,260556530,571899780,4,4,0,0,0,0
1,stride16-gcc13-scalar-r1-random_access-scalar-warm-basic-7340032,stride16-gcc13-scalar,1,random_access,scalar,warm,basic,7340032,14680064,29360128,16,262399774,575944880,4,4,0,0,0,0
1,stride16-gcc13-scalar-r1-random_access-scalar-warm-branch-134217728,stride16-gcc13-scalar,1,random_access,scalar,warm,branch,134217728,268435456,33554432,1,705283867,1548039212,4,4,0,0,72053833123581289,0
1,stride16-gcc13-scalar-r1-random_access-scalar-cache_evicted-branch-33554432,stride16-gcc13-scalar,1,random_access,scalar,cache_evicted,branch,33554432,67108864,25165824,3,321592877,705868804,4,4,0,0,18010183761031544,0
1,stride16-gcc13-scalar-r1-random_access-scalar-warm-basic-536870912,stride16-gcc13-scalar,1,random_access,scalar,warm,basic,536870912,1073741824,134217728,1,3517151968,7719856028,4,4,0,0,288231745287577658,0
1,stride16-gcc13-scalar-r1-random_access-scalar-warm-branch-16384,stride16-gcc13-scalar,1,random_access,scalar,warm,branch,16384,32768,374251520,91370,250002650,548734556,4,4,0,0,0,0
1,stride16-gcc13-scalar-r1-random_access-scalar-cache_evicted-basic-262144,stride16-gcc13-scalar,1,random_access,scalar,cache_evicted,basic,262144,524288,173998080,2655,250033179,548801484,4,4,0,0,141108639814244,0
1,stride16-gcc13-scalar-r1-random_access-scalar-warm-branch-4194304,stride16-gcc13-scalar,1,random_access,scalar,warm,branch,4194304,8388608,59768832,57,253864880,557211824,4,4,0,0,2250691493914092,0
1,stride16-gcc13-scalar-r1-random_access-scalar-warm-branch-36864,stride16-gcc13-scalar,1,random_access,scalar,warm,branch,36864,73728,300708864,32629,250004594,548738804,4,4,0,0,19834369140735,0
1,stride16-gcc13-scalar-r1-random_access-scalar-warm-basic-12582912,stride16-gcc13-scalar,1,random_access,scalar,warm,basic,12582912,25165824,28311552,9,260708800,572233756,4,4,0,0,6754452708772369,0
1,stride16-gcc13-scalar-r1-random_access-scalar-cache_evicted-basic-33554432,stride16-gcc13-scalar,1,random_access,scalar,cache_evicted,basic,33554432,67108864,25165824,3,326133144,715834920,4,4,0,0,18010183761031544,0
1,stride16-gcc13-scalar-r1-random_access-scalar-cache_evicted-branch-6291456,stride16-gcc13-scalar,1,random_access,scalar,cache_evicted,branch,6291456,12582912,42467328,27,250992702,550907632,4,4,0,0,3378429510463548,0
1,stride16-gcc13-scalar-r1-random_access-scalar-warm-branch-7340032,stride16-gcc13-scalar,1,random_access,scalar,warm,branch,7340032,14680064,38535168,21,259074427,568646336,4,4,0,0,3938711550722613,0
1,stride16-gcc13-scalar-r1-random_access-scalar-cache_evicted-basic-6291456,stride16-gcc13-scalar,1,random_access,scalar,cache_evicted,basic,6291456,12582912,44040192,28,258910168,568285712,4,4,0,0,0,0
1,stride16-gcc13-scalar-r1-random_access-scalar-warm-basic-98304,stride16-gcc13-scalar,1,random_access,scalar,warm,basic,98304,196608,245833728,10003,250007332,548744780,4,4,0,0,52582228980533,0
1,stride16-gcc13-scalar-r1-random_access-scalar-page_cold-branch-33554432,stride16-gcc13-scalar,1,random_access,scalar,page_cold,branch,33554432,67108864,8388608,1,100919491,221508200,4,4,8192,0,0,1
1,stride16-gcc13-scalar-r1-random_access-scalar-warm-basic-262144,stride16-gcc13-scalar,1,random_access,scalar,warm,basic,262144,524288,174456832,2662,250064586,548870696,4,4,0,0,0,0
1,stride16-gcc13-scalar-r1-random_access-scalar-warm-basic-8388608,stride16-gcc13-scalar,1,random_access,scalar,warm,basic,8388608,16777216,33554432,16,260537254,571857132,4,4,0,0,0,0
1,stride16-gcc13-scalar-r1-random_access-scalar-warm-branch-8192,stride16-gcc13-scalar,1,random_access,scalar,warm,branch,8192,16384,395333632,193034,250001364,548731816,4,4,0,0,0,0
1,stride16-gcc13-scalar-r1-random_access-scalar-warm-branch-536870912,stride16-gcc13-scalar,1,random_access,scalar,warm,branch,536870912,1073741824,134217728,1,3514654649,7714374636,4,4,0,0,288231745287577658,0
1,stride16-gcc13-scalar-r1-random_access-scalar-warm-basic-32768,stride16-gcc13-scalar,1,random_access,scalar,warm,basic,32768,65536,313933824,38322,250001885,548733196,4,4,0,0,0,0
1,stride16-gcc13-scalar-r1-random_access-scalar-cache_evicted-branch-536870912,stride16-gcc13-scalar,1,random_access,scalar,cache_evicted,branch,536870912,1073741824,134217728,1,3534747653,7758477068,4,4,0,0,288228620955061697,0
1,stride16-gcc13-scalar-r1-random_access-scalar-cache_evicted-basic-8388608,stride16-gcc13-scalar,1,random_access,scalar,cache_evicted,basic,8388608,16777216,35651584,17,265152917,581987848,4,4,0,0,4503481945958228,0
1,stride16-gcc13-scalar-r1-random_access-scalar-warm-basic-4194304,stride16-gcc13-scalar,1,random_access,scalar,warm,basic,4194304,8388608,58720256,56,252234778,553633868,4,4,0,0,0,0
1,stride16-gcc13-scalar-r1-random_access-scalar-warm-branch-49152,stride16-gcc13-scalar,1,random_access,scalar,warm,branch,49152,98304,275509248,22421,250010093,548751168,4,4,0,0,26402885994213,0
1,stride16-gcc13-scalar-r1-random_access-scalar-page_cold-basic-33554432,stride16-gcc13-scalar,1,random_access,scalar,page_cold,basic,33554432,67108864,8388608,1,100730357,221092912,4,4,8192,0,0,1
1,stride16-gcc13-scalar-r1-random_access-scalar-warm-basic-33554432,stride16-gcc13-scalar,1,random_access,scalar,warm,basic,33554432,67108864,25165824,3,323559854,710186788,4,4,0,0,18012413579535560,0
1,stride16-gcc13-scalar-r1-random_access-scalar-warm-basic-24576,stride16-gcc13-scalar,1,random_access,scalar,warm,basic,24576,49152,341569536,55594,250001283,548731876,4,4,0,0,0,0
1,stride16-gcc13-scalar-r1-random_access-scalar-warm-basic-6291456,stride16-gcc13-scalar,1,random_access,scalar,warm,basic,6291456,12582912,44040192,28,259066013,568627888,4,4,0,0,0,0
1,stride16-gcc13-scalar-r1-random_access-scalar-warm-basic-1048576,stride16-gcc13-scalar,1,random_access,scalar,warm,basic,1048576,2097152,113246208,432,250257849,549295036,4,4,0,0,0,0
1,stride16-gcc13-scalar-r1-random_access-scalar-warm-basic-131072,stride16-gcc13-scalar,1,random_access,scalar,warm,basic,131072,262144,235175936,7177,250029352,548793488,4,4,0,0,70256357461699,0
1,stride16-gcc13-scalar-r1-random_access-scalar-warm-basic-28672,stride16-gcc13-scalar,1,random_access,scalar,warm,basic,28672,57344,329412608,45956,250004688,548739344,4,4,0,0,0,0
1,stride16-gcc13-scalar-r1-random_access-scalar-warm-branch-524288,stride16-gcc13-scalar,1,random_access,scalar,warm,branch,524288,1048576,127533056,973,250250900,549279192,4,4,0,0,280935769124840,0
1,stride16-gcc13-scalar-r1-random_access-scalar-warm-branch-24576,stride16-gcc13-scalar,1,random_access,scalar,warm,branch,24576,49152,340334592,55393,250003299,548735984,4,4,0,0,13162485305772,0
1,stride16-gcc13-scalar-r1-random_access-scalar-page_cold-basic-536870912,stride16-gcc13-scalar,1,random_access,scalar,page_cold,basic,536870912,1073741824,134217728,1,3519781067,7725624500,4,4,131072,0,0,1
1,stride16-gcc13-scalar-r1-random_access-scalar-warm-basic-8192,stride16-gcc13-scalar,1,random_access,scalar,warm,basic,8192,16384,395147264,192943,250001147,548731272,4,4,0,0,4429473976642,0
1,stride16-gcc13-scalar-r1-random_access-scalar-warm-branch-5242880,stride16-gcc13-scalar,1,random_access,scalar,warm,branch,5242880,10485760,43253760,33,252408141,554014360,4,4,0,0,2813640506837365,0
1,stride16-gcc13-scalar-r1-random_access-scalar-warm-basic-393216,stride16-gcc13-scalar,1,random_access,scalar,warm,basic,393216,786432,137134080,1395,250139060,549033968,4,4,0,0,210494386914729,0
1,stride16-gcc13-scalar-r1-random_access-scalar-warm-branch-229376,stride16-gcc13-scalar,1,random_access,scalar,warm,branch,229376,458752,184246272,3213,250008422,548747232,4,4,0,0,122877579726054,0
1,stride16-gcc13-scalar-r1-random_access-scalar-cache_evicted-basic-32768,stride16-gcc13-scalar,1,random_access,scalar,cache_evicted,basic,32768,65536,313032704,38212,250002800,548734884,4,4,0,0,0,0
1,stride16-gcc13-scalar-r1-random_access-scalar-warm-branch-2097152,stride16-gcc13-scalar,1,random_access,scalar,warm,branch,2097152,4194304,90177536,172,250879390,550658932,4,4,0,0,0,0
1,stride16-gcc13-scalar-r1-random_access-scalar-warm-basic-294912,stride16-gcc13-scalar,1,random_access,scalar,warm,basic,294912,589824,159252480,2160,250077710,548899480,4,4,0,0,0,0
1,stride16-gcc13-scalar-r1-random_access-scalar-warm-branch-1048576,stride16-gcc13-scalar,1,random_access,scalar,warm,branch,1048576,2097152,113246208,432,250257415,549293808,4,4,0,0,0,0
1,stride16-gcc13-scalar-r1-random_access-scalar-warm-branch-294912,stride16-gcc13-scalar,1,random_access,scalar,warm,branch,294912,589824,160358400,2175,250110715,548971776,4,4,0,0,157763401343503,0
1,stride16-gcc13-scalar-r1-random_access-scalar-cache_evicted-basic-536870912,stride16-gcc13-scalar,1,random_access,scalar,cache_evicted,basic,536870912,1073741824,134217728,1,3585990659,7870951156,4,4,0,0,288228620955061697,0
1,stride16-gcc13-scalar-r1-random_access-scalar-warm-branch-33554432,stride16-gcc13-scalar,1,random_access,scalar,warm,branch,33554432,67108864,25165824,3,320772414,704068616,4,4,0,0,18012413579535560,0
1,stride16-gcc13-scalar-r1-random_access-scalar-warm-basic-229376,stride16-gcc13-scalar,1,random_access,scalar,warm,basic,229376,458752,191242240,3335,250014680,548760972,4,4,0,0,122877579726054,0
1,stride16-gcc13-scalar-r1-random_access-scalar-warm-basic-65536,stride16-gcc13-scalar,1,random_access,scalar,warm,basic,65536,131072,258228224,15761,250004192,548737952,4,4,0,0,35138316905523,0
1,stride16-gcc13-scalar-r1-random_access-scalar-warm-branch-196608,stride16-gcc13-scalar,1,random_access,scalar,warm,branch,196608,393216,212729856,4328,250000927,548730768,4,4,0,0,0,0
1,stride16-gcc13-scalar-r1-random_access-scalar-warm-branch-262144,stride16-gcc13-scalar,1,random_access,scalar,warm,branch,262144,524288,175964160,2685,250001493,548732028,4,4,0,0,140333546551747,0
1,stride16-gcc13-scalar-r1-random_access-scalar-warm-branch-98304,stride16-gcc13-scalar,1,random_access,scalar,warm,branch,98304,196608,241410048,9823,250022077,548777228,4,4,0,0,52582228980533,0
1,stride16-gcc13-scalar-r2-random_access-scalar-warm-basic-16384,stride16-gcc13-scalar,2,random_access,scalar,warm,basic,16384,32768,385978368,94233,250002071,548733296,4,4,0,0,8834281105224,0
1,stride16-gcc13-scalar-r2-random_access-scalar-warm-basic-6291456,stride16-gcc13-scalar,2,random_access,scalar,warm,basic,6291456,12582912,42467328,27,256267038,562484364,4,4,0,0,3377702160602070,0
1,stride16-gcc13-scalar-r2-random_access-scalar-cache_evicted-basic-536870912,stride16-gcc13-scalar,2,random_access,scalar,cache_evicted,basic,536870912,1073741824,134217728,1,3512469959,7709579404,4,4,0,0,288245804612868258,0
1,stride16-gcc13-scalar-r2-random_access-scalar-warm-branch-294912,stride16-gcc13-scalar,2,random_access,scalar,warm,branch,294912,589824,158662656,2152,250070203,548882816,4,4,0,0,0,0
1,stride16-gcc13-scalar-r2-random_access-scalar-warm-branch-131072,stride16-gcc13-scalar,2,random_access,scalar,warm,branch,131072,262144,228294656,6967,250001630,548732340,4,4,0,0,70321667661052,0
1,stride16-gcc13-scalar-r2-random_access-scalar-warm-basic-536870912,stride16-gcc13-scalar,2,random_access,scalar,warm,basic,536870912,1073741824,134217728,1,3722397028,8170351904,4,4,0,0,288230679163427465,0
1,stride16-gcc13-scalar-r2-random_access-scalar-warm-branch-8388608,stride16-gcc13-scalar,2,random_access,scalar,warm,branch,8388608,16777216,29360128,14,252121061,553384524,4,4,0,0,0,0
1,stride16-gcc13-scalar-r2-random_access-scalar-warm-branch-262144,stride16-gcc13-scalar,2,random_access,scalar,warm,branch,262144,524288,169869312,2592,250047125,548832144,4,4,0,0,0,0
1,stride16-gcc13-scalar-r2-random_access-scalar-cache_evicted-branch-33554432,stride16-gcc13-scalar,2,random_access,scalar,cache_evicted,branch,33554432,67108864,25165824,3,325616571,714701052,4,4,0,0,18019702571490461,0
1,stride16-gcc13-scalar-r2-random_access-scalar-warm-basic-1048576,stride16-gcc13-scalar,2,random_access,scalar,warm,basic,1048576,2097152,70254592,268,250879518,550659236,4,4,0,0,0,0
1,stride16-gcc13-scalar-r2-random_access-scalar-warm-basic-28672,stride16-gcc13-scalar,2,random_access,scalar,warm,basic,28672,57344,329814016,46012,250003736,548736944,4,4,0,0,0,0
1,stride16-gcc13-scalar-r2-random_access-scalar-warm-basic-229376,stride16-gcc13-scalar,2,random_access,scalar,warm,basic,229376,458752,198295552,3458,250067085,548875968,4,4,0,0,0,0
1,stride16-gcc13-scalar-r2-random_access-scalar-warm-basic-134217728,stride16-gcc13-scalar,2,random_access,scalar,warm,basic,134217728,268435456,33554432,1,701852758,1540508240,4,4,0,0,72054995656818058,0
1,stride16-gcc13-scalar-r2-random_access-scalar-warm-branch-12582912,stride16-gcc13-scalar,2,random_access,scalar,warm,branch,12582912,25165824,28311552,9,260626244,572052444,4,4,0,0,6757719187893840,0
1,stride16-gcc13-scalar-r2-random_access-scalar-warm-branch-2097152,stride16-gcc13-scalar,2,random_access,scalar,warm,branch,2097152,4194304,93847552,179,250173259,549109072,4,4,0,0,1126266341393461,0
1,stride16-gcc13-scalar-r2-random_access-scalar-warm-basic-4194304,stride16-gcc13-scalar,2,random_access,scalar,warm,basic,4194304,8388608,54525952,52,252959666,555224936,4,4,0,0,0,0
1,stride16-gcc13-scalar-r2-random_access-scalar-cache_evicted-branch-8388608,stride16-gcc13-scalar,2,random_access,scalar,cache_evicted,branch,8388608,16777216,35651584,17,260891653,572635024,4,4,0,0,4504252106473832,0
1,stride16-gcc13-scalar-r2-random_access-scalar-warm-basic-131072,stride16-gcc13-scalar,2,random_access,scalar,warm,basic,131072,262144,234356736,7152,250030192,548795048,4,4,0,0,0,0
1,stride16-gcc13-scalar-r2-random_access-scalar-warm-branch-524288,stride16-gcc13-scalar,2,random_access,scalar,warm,branch,524288,1048576,127270912,971,250171400,549104948,4,4,0,0,281422521062937,0
1,stride16-gcc13-scalar-r2-random_access-scalar-warm-branch-16384,stride16-gcc13-scalar,2,random_access,scalar,warm,branch,16384,32768,382025728,93268,250001000,548730948,4,4,0,0,0,0
1,stride16-gcc13-scalar-r2-random_access-scalar-warm-branch-98304,stride16-gcc13-scalar,2,random_access,scalar,warm,branch,98304,196608,246177792,10017,250003397,548736168,4,4,0,0,52853458320972,0
1,stride16-gcc13-scalar-r2-random_access-scalar-warm-branch-4194304,stride16-gcc13-scalar,2,random_access,scalar,warm,branch,4194304,8388608,53477376,51,254033562,557582036,4,4,0,0,2253644536950794,0
1,stride16-gcc13-scalar-r2-random_access-scalar-cache_evicted-basic-32768,stride16-gcc13-scalar,2,random_access,scalar,cache_evicted,basic,32768,65536,312975360,38205,250003781,548737048,4,4,0,0,17486961319029,0
1,stride16-gcc13-scalar-r2-random_access-scalar-cache_evicted-branch-262144,stride16-gcc13-scalar,2,random_access,scalar,cache_evicted,branch,262144,524288,173277184,2644,250035127,548806008,4,4,0,0,0,0
1,stride16-gcc13-scalar-r2-random_access-scalar-warm-basic-2097152,stride16-gcc13-scalar,2,random_access,scalar,warm,basic,2097152,4194304,92274688,176,250006882,548743876,4,4,0,0,0,0
1,stride16-gcc13-scalar-r2-random_access-scalar-warm-branch-24576,stride16-gcc13-scalar,2,random_access,scalar,warm,branch,24576,49152,341618688,55602,250002843,548735092,4,4,0,0,0,0
1,stride16-gcc13-scalar-r2-random_access-scalar-warm-branch-28672,stride16-gcc13-scalar,2,random_access,scalar,warm,branch,28672,57344,330122240,46055,250003203,548736080,4,4,0,0,15539751374987,0
1,stride16-gcc13-scalar-r2-random_access-scalar-page_cold-branch-536870912,stride16-gcc13-scalar,2,random_access,scalar,page_cold,branch,536870912,1073741824,134217728,1,3519352905,7724684716,4,4,131072,0,0,1
1,stride16-gcc13-scalar-r2-random_access-scalar-warm-basic-524288,stride16-gcc13-scalar,2,random_access,scalar,warm,basic,524288,1048576,127401984,972,250072844,548888624,4,4,0,0,0,0
1,stride16-gcc13-scalar-r2-random_access-scalar-warm-basic-8388608,stride16-gcc13-scalar,2,random_access,scalar,warm,basic,8388608,16777216,35651584,17,261361950,573667576,4,4,0,0,4504231754061227,0
1,stride16-gcc13-scalar-r2-random_access-scalar-page_cold-branch-33554432,stride16-gcc13-scalar,2,random_access,scalar,page_cold,branch,33554432,67108864,8388608,1,100839204,221332188,4,4,8192,0,0,1
1,stride16-gcc13-scalar-r2-random_access-scalar-warm-basic-7340032,stride16-gcc13-scalar,2,random_access,scalar,warm,basic,7340032,14680064,38535168,21,256001186,561901052,4,4,0,0,3941152475967136,0
1,stride16-gcc13-scalar-r2-random_access-scalar-cache_evicted-basic-6291456,stride16-gcc13-scalar,2,random_access,scalar,cache_evicted,basic,6291456,12582912,42467328,27,254282417,558128288,4,4,0,0,3379439773904999,0
1,stride16-gcc13-scalar-r2-random_access-scalar-warm-basic-98304,stride16-gcc13-scalar,2,random_access,scalar,warm,basic,98304,196608,245489664,9989,250007745,548745800,4,4,0,0,52853458320972,0
1,stride16-gcc13-scalar-r2-random_access-scalar-warm-basic-12582912,stride16-gcc13-scalar,2,random_access,scalar,warm,basic,12582912,25165824,28311552,9,262669582,576537648,4,4,0,0,6757719187893840,0
1,stride16-gcc13-scalar-r2-random_access-scalar-warm-branch-6291456,stride16-gcc13-scalar,2,random_access,scalar,warm,branch,6291456,12582912,42467328,27,257626105,565467400,4,4,0,0,3377702160602070,0
1,stride16-gcc13-scalar-r2-random_access-scalar-warm-basic-49152,stride16-gcc13-scalar,2,random_access,scalar,warm,basic,49152,98304,275730432,22439,250011238,548753400,4,4,0,0,26669758662522,0
1,stride16-gcc13-scalar-r2-random_access-scalar-cache_evicted-basic-262144,stride16-gcc13-scalar,2,random_access,scalar,cache_evicted,basic,262144,524288,177340416,2706,250047279,548832544,4,4,0,0,0,0
1,stride16-gcc13-scalar-r2-random_access-scalar-warm-branch-49152,stride16-gcc13-scalar,2,random_access,scalar,warm,branch,49152,98304,276037632,22464,250009760,548750160,4,4,0,0,0,0
1,stride16-gcc13-scalar-r2-random_access-scalar-warm-branch-229376,stride16-gcc13-scalar,2,random_access,scalar,warm,branch,229376,458752,190554112,3323,250028297,548791156,4,4,0,0,123007503117235,0
1,stride16-gcc13-scalar-r2-random_access-scalar-warm-branch-36864,stride16-gcc13-scalar,2,random_access,scalar,warm,branch,36864,73728,300266496,32581,250001975,548733380,4,4,0,0,19996603954533,0
1,stride16-gcc13-scalar-r2-random_access-scalar-cache_evicted-branch-536870912,stride16-gcc13-scalar,2,random_access,scalar,cache_evicted,branch,536870912,1073741824,134217728,1,3521838722,7730143024,4,4,0,0,288245804612868258,0
1,stride16-gcc13-scalar-r2-random_access-scalar-warm-basic-65536,stride16-gcc13-scalar,2,random_access,scalar,warm,basic,65536,131072,258949120,15805,250002581,548734408,4,4,0,0,35441822644765,0
1,stride16-gcc13-scalar-r2-random_access-scalar-cache_evicted-basic-8388608,stride16-gcc13-scalar,2,random_access,scalar,cache_evicted,basic,8388608,16777216,35651584,17,260246916,571219316,4,4,0,0,4504252106473832,0
1,stride16-gcc13-scalar-r2-random_access-scalar-warm-basic-36864,stride16-gcc13-scalar,2,random_access,scalar,warm,basic,36864,73728,300635136,32621,250004516,548738964,4,4,0,0,19996603954533,0
1,stride16-gcc13-scalar-r2-random_access-scalar-cache_evicted-branch-1048576,stride16-gcc13-scalar,2,random_access,scalar,cache_evicted,branch,1048576,2097152,112197632,428,250032097,548799144,4,4,0,0,0,0
1,stride16-gcc13-scalar-r2-random_access-scalar-warm-branch-33554432,stride16-gcc13-scalar,2,random_access,scalar,warm,branch,33554432,67108864,25165824,3,316569473,694843424,4,4,0,0,18013585020406832,0
1,stride16-gcc13-scalar-r2-random_access-scalar-warm-branch-196608,stride16-gcc13-scalar,2,random_access,scalar,warm,branch,196608,393216,211894272,4311,250015890,548763804,4,4,0,0,105487112590131,0
1,stride16-gcc13-scalar-r2-random_access-scalar-cache_evicted-branch-32768,stride16-gcc13-scalar,2,random_access,scalar,cache_evicted,branch,32768,65536,313122816,38223,250005929,548741700,4,4,0,0,17486961319029,0
1,stride16-gcc13-scalar-r2-random_access-scalar-page_cold-basic-536870912,stride16-gcc13-scalar,2,random_access,scalar,page_cold,basic,536870912,1073741824,134217728,1,3516393794,7718189488,4,4,131072,0,0,1
1,stride16-gcc13-scalar-r2-random_access-scalar-warm-basic-294912,stride16-gcc13-scalar,2,random_access,scalar,warm,basic,294912,589824,157925376,2142,250114550,548980228,4,4,0,0,0,0
1,stride16-gcc13-scalar-r2-random_access-scalar-warm-branch-393216,stride16-gcc13-scalar,2,random_access,scalar,warm,branch,393216,786432,137035776,1394,250139116,549034076,4,4,0,0,0,0
1,stride16-gcc13-scalar-r2-random_access-scalar-warm-branch-1048576,stride16-gcc13-scalar,2,random_access,scalar,warm,branch,1048576,2097152,111411200,425,250306439,549401380,4,4,0,0,563393145110074,0
1,stride16-gcc13-scalar-r2-random_access-scalar-warm-branch-7340032,stride16-gcc13-scalar,2,random_access,scalar,warm,branch,7340032,14680064,38535168,21,254754163,559163596,4,4,0,0,3941152475967136,0
1,stride16-gcc13-scalar-r2-random_access-scalar-warm-branch-536870912,stride16-gcc13-scalar,2,random_access,scalar,warm,branch,536870912,1073741824,134217728,1,3524887797,7736835596,4,4,0,0,288230679163427465,0
1,stride16-gcc13-scalar-r2-random_access-scalar-warm-basic-196608,stride16-gcc13-scalar,2,random_access,scalar,warm,basic,196608,393216,210321408,4279,250011562,548754144,4,4,0,0,105487112590131,0
1,stride16-gcc13-scalar-r2-random_access-scalar-warm-basic-8192,stride16-gcc13-scalar,2,random_access,scalar,warm,basic,8192,16384,394840064,192793,250000450,548729652,4,4,0,0,4444591498687,0
1,stride16-gcc13-scalar-r2-random_access-scalar-warm-branch-32768,stride16-gcc13-scalar,2,random_access,scalar,warm,branch,32768,65536,313966592,38326,250001800,548732704,4,4,0,0,0,0
1,stride16-gcc13-scalar-r2-random_access-scalar-warm-basic-32768,stride16-gcc13-scalar,2,random_access,scalar,warm,basic,32768,65536,313655296,38288,250002752,548734856,4,4,0,0,0,0
1,stride16-gcc13-scalar-r2-random_access-scalar-warm-basic-262144,stride16-gcc13-scalar,2,random_access,scalar,warm,basic,262144,524288,170786816,2606,250015367,548762560,4,4,0,0,0,0
1,stride16-gcc13-scalar-r2-random_access-scalar-cache_evicted-basic-1048576,stride16-gcc13-scalar,2,random_access,scalar,cache_evicted,basic,1048576,2097152,112984064,431,250222054,549216132,4,4,0,0,563472061635110,0
1,stride16-gcc13-scalar-r2-random_access-scalar-warm-basic-5242880,stride16-gcc13-scalar,2,random_access,scalar,warm,basic,5242880,10485760,49807360,38,254522420,558655056,4,4,0,0,0,0
1,stride16-gcc13-scalar-r2-random_access-scalar-page_cold-basic-33554432,stride16-gcc13-scalar,2,random_access,scalar,page_cold,basic,33554432,67108864,8388608,1,100916610,221501932,4,4,8192,0,0,1
1,stride16-gcc13-scalar-r2-random_access-scalar-warm-branch-5242880,stride16-gcc13-scalar,2,random_access,scalar,warm,branch,5242880,10485760,44564480,34,255796547,561451548,4,4,0,0,0,0
1,stride16-gcc13-scalar-r2-random_access-scalar-warm-basic-24576,stride16-gcc13-scalar,2,random_access,scalar,warm,basic,24576,49152,341299200,55550,250004376,548738504,4,4,0,0,0,0
1,stride16-gcc13-scalar-r2-random_access-scalar-warm-basic-393216,stride16-gcc13-scalar,2,random_access,scalar,warm,basic,393216,786432,137035776,1394,250046783,548831584,4,4,0,0,0,0
1,stride16-gcc13-scalar-r2-random_access-scalar-warm-branch-134217728,stride16-gcc13-scalar,2,random_access,scalar,warm,branch,134217728,268435456,33554432,1,714409466,1568068844,4,4,0,0,72054995656818058,0
1,stride16-gcc13-scalar-r2-random_access-scalar-warm-branch-8192,stride16-gcc13-scalar,2,random_access,scalar,warm,branch,8192,16384,395020288,192881,250000739,548730356,4,4,0,0,4444591498687,0
1,stride16-gcc13-scalar-r2-random_access-scalar-cache_evicted-basic-33554432,stride16-gcc13-scalar,2,random_access,scalar,cache_evicted,basic,33554432,67108864,25165824,3,322020191,706807260,4,4,0,0,18019702571490461,0
1,stride16-gcc13-scalar-r2-random_access-scalar-warm-branch-65536,stride16-gcc13-scalar,2,random_access,scalar,warm,branch,65536,131072,248299520,15155,250002940,548735220,4,4,0,0,35441822644765,0
1,stride16-gcc13-scalar-r2-random_access-scalar-warm-basic-33554432,stride16-gcc13-scalar,2,random_access,scalar,warm,basic,33554432,67108864,25165824,3,323114308,709208864,4,4,0,0,18013585020406832,0
1,stride16-gcc13-scalar-r2-random_access-scalar-cache_evicted-branch-6291456,stride16-gcc13-scalar,2,random_access,scalar,cache_evicted,branch,6291456,12582912,42467328,27,252749694,554764084,4,4,0,0,3379439773904999,0
1,stride16-gcc13-scalar-r3-random_access-scalar-cache_evicted-branch-6291456,stride16-gcc13-scalar,3,random_access,scalar,cache_evicted,branch,6291456,12582912,42467328,27,252299503,553775948,4,4,0,0,3379212353749502,0
1,stride16-gcc13-scalar-r3-random_access-scalar-warm-branch-524288,stride16-gcc13-scalar,3,random_access,scalar,warm,branch,524288,1048576,127533056,973,250055394,548850316,4,4,0,0,281743231642328,0
1,stride16-gcc13-scalar-r3-random_access-scalar-warm-basic-6291456,stride16-gcc13-scalar,3,random_access,scalar,warm,basic,6291456,12582912,42467328,27,255582191,560981140,4,4,0,0,3377093162883773,0
1,stride16-gcc13-scalar-r3-random_access-scalar-warm-basic-16384,stride16-gcc13-scalar,3,random_access,scalar,warm,basic,16384,32768,375902208,91773,250001085,548731104,4,4,0,0,8892207819803,0
1,stride16-gcc13-scalar-r3-random_access-scalar-warm-basic-536870912,stride16-gcc13-scalar,3,random_access,scalar,warm,basic,536870912,1073741824,134217728,1,3514045838,7713038344,4,4,0,0,288217099045723570,0
1,stride16-gcc13-scalar-r3-random_access-scalar-warm-basic-262144,stride16-gcc13-scalar,3,random_access,scalar,warm,basic,262144,524288,174129152,2657,250026759,548787420,4,4,0,0,140893751372366,0
1,stride16-gcc13-scalar-r3-random_access-scalar-cache_evicted-branch-536870912,stride16-gcc13-scalar,3,random_access,scalar,cache_evicted,branch,536870912,1073741824,134217728,1,3512099222,7708765624,4,4,0,0,288222424939579048,0
1,stride16-gcc13-scalar-r3-random_access-scalar-warm-branch-4194304,stride16-gcc13-scalar,3,random_access,scalar,warm,branch,4194304,8388608,48234496,46,253851559,557182588,4,4,0,0,0,0
1,stride16-gcc13-scalar-r3-random_access-scalar-cache_evicted-branch-8388608,stride16-gcc13-scalar,3,random_access,scalar,cache_evicted,branch,8388608,16777216,35651584,17,260461397,571690940,4,4,0,0,4505221550314175,0
1,stride16-gcc13-scalar-r3-random_access-scalar-warm-branch-8388608,stride16-gcc13-scalar,3,random_access,scalar,warm,branch,8388608,16777216,35651584,17,260052676,570793428,4,4,0,0,4503297660297112,0
1,stride16-gcc13-scalar-r3-random_access-scalar-warm-basic-229376,stride16-gcc13-scalar,3,random_access,scalar,warm,basic,229376,458752,198352896,3459,250018950,548770496,4,4,0,0,123189133491660,0
1,stride16-gcc13-scalar-r3-random_access-scalar-warm-basic-393216,stride16-gcc13-scalar,3,random_access,scalar,warm,basic,393216,786432,136839168,1392,250152504,549063484,4,4,0,0,0,0
1,stride16-gcc13-scalar-r3-random_access-scalar-warm-branch-294912,stride16-gcc13-scalar,3,random_access,scalar,warm,branch,294912,589824,154902528,2101,250061930,548864828,4,4,0,0,158630586554674,0
1,stride16-gcc13-scalar-r3-random_access-scalar-cache_evicted-branch-32768,stride16-gcc13-scalar,3,random_access,scalar,cache_evicted,branch,32768,65536,313458688,38264,250002481,548734376,4,4,0,0,0,0
1,stride16-gcc13-scalar-r3-random_access-scalar-warm-basic-131072,stride16-gcc13-scalar,3,random_access,scalar,warm,basic,131072,262144,234717184,7163,250025439,548784764,4,4,0,0,70288174960493,0
1,stride16-gcc13-scalar-r3-random_access-scalar-warm-branch-98304,stride16-gcc13-scalar,3,random_access,scalar,warm,branch,98304,196608,243793920,9920,250018456,548769248,4,4,0,0,0,0
1,stride16-gcc13-scalar-r3-random_access-scalar-warm-branch-36864,stride16-gcc13-scalar,3,random_access,scalar,warm,branch,36864,73728,301464576,32711,250004067,548737828,4,4,0,0,19820127364415,0
1,stride16-gcc13-scalar-r3-random_access-scalar-cache_evicted-basic-1048576,stride16-gcc13-scalar,3,random_access,scalar,cache_evicted,basic,1048576,2097152,112984064,431,250131131,549016720,4,4,0,0,562815040827923,0
1,stride16-gcc13-scalar-r3-random_access-scalar-warm-branch-1048576,stride16-gcc13-scalar,3,random_access,scalar,warm,branch,1048576,2097152,113246208,432,250509514,549847100,4,4,0,0,0,0
1,stride16-gcc13-scalar-r3-random_access-scalar-warm-branch-196608,stride16-gcc13-scalar,3,random_access,scalar,warm,branch,196608,393216,200196096,4073,250046215,548830312,4,4,0,0,105649220551863,0
1,stride16-gcc13-scalar-r3-random_access-scalar-warm-branch-131072,stride16-gcc13-scalar,3,random_access,scalar,warm,branch,131072,262144,227377152,6939,250023843,548781244,4,4,0,0,70288174960493,0
1,stride16-gcc13-scalar-r3-random_access-scalar-warm-branch-536870912,stride16-gcc13-scalar,3,random_access,scalar,warm,branch,536870912,1073741824,134217728,1,3676008160,8068532140,4,4,0,0,288217099045723570,0
1,stride16-gcc13-scalar-r3-random_access-scalar-warm-branch-134217728,stride16-gcc13-scalar,3,random_access,scalar,warm,branch,134217728,268435456,33554432,1,695834255,1527298112,4,4,0,0,72058424652290490,0
1,stride16-gcc13-scalar-r3-random_access-scalar-warm-basic-32768,stride16-gcc13-scalar,3,random_access,scalar,warm,basic,32768,65536,313802752,38306,250002546,548734524,4,4,0,0,0,0
1,stride16-gcc13-scalar-r3-random_access-scalar-cache_evicted-branch-262144,stride16-gcc13-scalar,3,random_access,scalar,cache_evicted,branch,262144,524288,171048960,2610,250056498,548852744,4,4,0,0,0,0
1,stride16-gcc13-scalar-r3-random_access-scalar-warm-branch-65536,stride16-gcc13-scalar,3,random_access,scalar,warm,branch,65536,131072,257507328,15717,250003451,548736304,4,4,0,0,35153663702313,0
1,stride16-gcc13-scalar-r3-random_access-scalar-warm-basic-12582912,stride16-gcc13-scalar,3,random_access,scalar,warm,basic,12582912,25165824,28311552,9,261791592,574610288,4,4,0,0,6754901758438402,0
1,stride16-gcc13-scalar-r3-random_access-scalar-warm-branch-12582912,stride16-gcc13-scalar,3,random_access,scalar,warm,branch,12582912,25165824,28311552,9,260321882,571384724,4,4,0,0,6754901758438402,0
1,stride16-gcc13-scalar-r3-random_access-scalar-warm-basic-24576,stride16-gcc13-scalar,3,random_access,scalar,warm,basic,24576,49152,341643264,55606,250001847,548732820,4,4,0,0,0,0
1,stride16-gcc13-scalar-r3-random_access-scalar-warm-basic-7340032,stride16-gcc13-scalar,3,random_access,scalar,warm,basic,7340032,14680064,38535168,21,259718573,570060504,4,4,0,0,3941071411633744,0
1,stride16-gcc13-scalar-r3-random_access-scalar-page_cold-branch-33554432,stride16-gcc13-scalar,3,random_access,scalar,page_cold,branch,33554432,67108864,8388608,1,100686504,220996780,4,4,8192,0,0,1
1,stride16-gcc13-scalar-r3-random_access-scalar-warm-basic-1048576,stride16-gcc13-scalar,3,random_access,scalar,warm,basic,1048576,2097152,111935488,427,250348103,549492620,4,4,0,0,562939055881925,0
1,stride16-gcc13-scalar-r3-random_access-scalar-page_cold-basic-33554432,stride16-gcc13-scalar,3,random_access,scalar,page_cold,basic,33554432,67108864,8388608,1,100672741,220966580,4,4,8192,0,0,1
1,stride16-gcc13-scalar-r3-random_access-scalar-warm-basic-4194304,stride16-gcc13-scalar,3,random_access,scalar,warm,basic,4194304,8388608,51380224,49,253870301,557223720,4,4,0,0,2250894125927685,0
1,stride16-gcc13-scalar-r3-random_access-scalar-cache_evicted-branch-1048576,stride16-gcc13-scalar,3,random_access,scalar,cache_evicted,branch,1048576,2097152,113246208,432,250560672,549959368,4,4,0,0,0,0
1,stride16-gcc13-scalar-r3-random_access-scalar-warm-basic-524288,stride16-gcc13-scalar,3,random_access,scalar,warm,basic,524288,1048576,127664128,974,250106239,548962260,4,4,0,0,0,0
1,stride16-gcc13-scalar-r3-random_access-scalar-warm-branch-229376,stride16-gcc13-scalar,3,random_access,scalar,warm,branch,229376,458752,194568192,3393,250012040,548755176,4,4,0,0,123189133491660,0
1,stride16-gcc13-scalar-r3-random_access-scalar-cache_evicted-basic-262144,stride16-gcc13-scalar,3,random_access,scalar,cache_evicted,basic,262144,524288,172032000,2625,250095585,548938532,4,4,0,0,140398058665732,0
1,stride16-gcc13-scalar-r3-random_access-scalar-warm-basic-98304,stride16-gcc13-scalar,3,random_access,scalar,warm,basic,98304,196608,242221056,9856,250000427,548729680,4,4,0,0,0,0
1,stride16-gcc13-scalar-r3-random_access-scalar-warm-branch-8192,stride16-gcc13-scalar,3,random_access,scalar,warm,branch,8192,16384,394248192,192504,250000492,548729820,4,4,0,0,0,0
1,stride16-gcc13-scalar-r3-random_access-scalar-warm-branch-262144,stride16-gcc13-scalar,3,random_access,scalar,warm,branch,262144,524288,173015040,2640,250085698,548916868,4,4,0,0,0,0
1,stride16-gcc13-scalar-r3-random_access-scalar-warm-branch-24576,stride16-gcc13-scalar,3,random_access,scalar,warm,branch,24576,49152,341489664,55581,250004478,548738792,4,4,0,0,13215244540440,0
1,stride16-gcc13-scalar-r3-random_access-scalar-warm-branch-49152,stride16-gcc13-scalar,3,random_access,scalar,warm,branch,49152,98304,276160512,22474,250001047,548731024,4,4,0,0,0,0
1,stride16-gcc13-scalar-r3-random_access-scalar-warm-branch-393216,stride16-gcc13-scalar,3,random_access,scalar,warm,branch,393216,786432,136839168,1392,250085644,548916740,4,4,0,0,0,0
1,stride16-gcc13-scalar-r3-random_access-scalar-warm-branch-2097152,stride16-gcc13-scalar,3,random_access,scalar,warm,branch,2097152,4194304,89128960,170,250249605,549276580,4,4,0,0,0,0
1,stride16-gcc13-scalar-r3-random_access-scalar-warm-basic-65536,stride16-gcc13-scalar,3,random_access,scalar,warm,basic,65536,131072,257474560,15715,250006226,548742444,4,4,0,0,35153663702313,0
1,stride16-gcc13-scalar-r3-random_access-scalar-cache_evicted-basic-8388608,stride16-gcc13-scalar,3,random_access,scalar,cache_evicted,basic,8388608,16777216,35651584,17,260426608,571614264,4,4,0,0,4505221550314175,0
1,stride16-gcc13-scalar-r3-random_access-scalar-warm-branch-33554432,stride16-gcc13-scalar,3,random_access,scalar,warm,branch,33554432,67108864,25165824,3,321397354,705440180,4,4,0,0,18017182954566240,0
1,stride16-gcc13-scalar-r3-random_access-scalar-warm-basic-134217728,stride16-gcc13-scalar,3,random_access,scalar,warm,basic,134217728,268435456,33554432,1,693529205,1522238796,4,4,0,0,72058424652290490,0
1,stride16-gcc13-scalar-r3-random_access-scalar-warm-branch-32768,stride16-gcc13-scalar,3,random_access,scalar,warm,branch,32768,65536,313843712,38311,250004934,548739584,4,4,0,0,17619715399464,0
1,stride16-gcc13-scalar-r3-random_access-scalar-warm-branch-5242880,stride16-gcc13-scalar,3,random_access,scalar,warm,branch,5242880,10485760,53739520,41,255244570,560240072,4,4,0,0,2814782166256685,0
1,stride16-gcc13-scalar-r3-random_access-scalar-page_cold-branch-536870912,stride16-gcc13-scalar,3,random_access,scalar,page_cold,branch,536870912,1073741824,134217728,1,3518749947,7723361336,4,4,131072,0,0,1
1,stride16-gcc13-scalar-r3-random_access-scalar-warm-branch-6291456,stride16-gcc13-scalar,3,random_access,scalar,warm,branch,6291456,12582912,42467328,27,253050964,555425328,4,4,0,0,3377093162883773,0
1,stride16-gcc13-scalar-r3-random_access-scalar-warm-basic-36864,stride16-gcc13-scalar,3,random_access,scalar,warm,basic,36864,73728,301759488,32743,250003972,548737464,4,4,0,0,19820127364415,0
1,stride16-gcc13-scalar-r3-random_access-scalar-cache_evicted-basic-32768,stride16-gcc13-scalar,3,random_access,scalar,cache_evicted,basic,32768,65536,313737216,38298,250000354,548729720,4,4,0,0,0,0
1,stride16-gcc13-scalar-r3-random_access-scalar-warm-basic-8192,stride16-gcc13-scalar,3,random_access,scalar,warm,basic,8192,16384,393822208,192296,250000561,548729996,4,4,0,0,0,0
1,stride16-gcc13-scalar-r3-random_access-scalar-warm-basic-8388608,stride16-gcc13-scalar,3,random_access,scalar,warm,basic,8388608,16777216,35651584,17,261346690,573634108,4,4,0,0,4503297660297112,0
1,stride16-gcc13-scalar-r3-random_access-scalar-warm-basic-33554432,stride16-gcc13-scalar,3,random_access,scalar,warm,basic,33554432,67108864,25165824,3,330357326,725106720,4,4,0,0,18017182954566240,0
1,stride16-gcc13-scalar-r3-random_access-scalar-warm-branch-7340032,stride16-gcc13-scalar,3,random_access,scalar,warm,branch,7340032,14680064,38535168,21,259898027,570454352,4,4,0,0,3941071411633744,0
1,stride16-gcc13-scalar-r3-random_access-scalar-warm-basic-5242880,stride16-gcc13-scalar,3,random_access,scalar,warm,basic,5242880,10485760,48496640,37,254776724,559213244,4,4,0,0,2814782166256685,0
1,stride16-gcc13-scalar-r3-random_access-scalar-cache_evicted-basic-536870912,stride16-gcc13-scalar,3,random_access,scalar,cache_evicted,basic,536870912,1073741824,134217728,1,3518270552,7722311200,4,4,0,0,288222424939579048,0
1,stride16-gcc13-scalar-r3-random_access-scalar-cache_evicted-branch-33554432,stride16-gcc13-scalar,3,random_access,scalar,cache_evicted,branch,33554432,67108864,25165824,3,323811478,710739036,4,4,0,0,18018908537077875,0
1,stride16-gcc13-scalar-r3-random_access-scalar-warm-basic-294912,stride16-gcc13-scalar,3,random_access,scalar,warm,basic,294912,589824,158146560,2145,250080869,548906244,4,4,0,0,158630586554674,0
1,stride16-gcc13-scalar-r3-random_access-scalar-warm-basic-2097152,stride16-gcc13-scalar,3,random_access,scalar,warm,basic,2097152,4194304,87556096,167,251200430,551363580,4,4,0,0,1125529920711202,0
1,stride16-gcc13-scalar-r3-random_access-scalar-warm-basic-49152,stride16-gcc13-scalar,3,random_access,scalar,warm,basic,49152,98304,274722816,22357,250007635,548745820,4,4,0,0,26413936915557,0
1,stride16-gcc13-scalar-r3-random_access-scalar-warm-basic-196608,stride16-gcc13-scalar,3,random_access,scalar,warm,basic,196608,393216,207224832,4216,250045433,548828624,4,4,0,0,0,0
1,stride16-gcc13-scalar-r3-random_access-scalar-warm-branch-16384,stride16-gcc13-scalar,3,random_access,scalar,warm,branch,16384,32768,365015040,89115,250000752,548730700,4,4,0,0,8892207819803,0
1,stride16-gcc13-scalar-r3-random_access-scalar-page_cold-basic-536870912,stride16-gcc13-scalar,3,random_access,scalar,page_cold,basic,536870912,1073741824,134217728,1,3520132136,7726394608,4,4,131072,0,0,1
1,stride16-gcc13-scalar-r3-random_access-scalar-cache_evicted-basic-33554432,stride16-gcc13-scalar,3,random_access,scalar,cache_evicted,basic,33554432,67108864,25165824,3,325384050,714190684,4,4,0,0,18018908537077875,0
1,stride16-gcc13-scalar-r3-random_access-scalar-warm-basic-28672,stride16-gcc13-scalar,3,random_access,scalar,warm,basic,28672,57344,329004032,45899,250004141,548737836,4,4,0,0,15383877643523,0
1,stride16-gcc13-scalar-r3-random_access-scalar-cache_evicted-basic-6291456,stride16-gcc13-scalar,3,random_access,scalar,cache_evicted,basic,6291456,12582912,36175872,23,260867426,572581820,4,4,0,0,3379212353749502,0
1,stride16-gcc13-scalar-r3-random_access-scalar-warm-branch-28672,stride16-gcc13-scalar,3,random_access,scalar,warm,branch,28672,57344,330122240,46055,250003877,548737216,4,4,0,0,15383877643523,0
1,stride16-gcc13-scalar-r4-random_access-scalar-page_cold-branch-536870912,stride16-gcc13-scalar,4,random_access,scalar,page_cold,branch,536870912,1073741824,134217728,1,3514925827,7714967716,4,4,131072,0,0,1
1,stride16-gcc13-scalar-r4-random_access-scalar-warm-basic-7340032,stride16-gcc13-scalar,4,random_access,scalar,warm,basic,7340032,14680064,34865152,19,250135149,549025332,4,4,0,0,3941018741284943,0
1,stride16-gcc13-scalar-r4-random_access-scalar-warm-basic-524288,stride16-gcc13-scalar,4,random_access,scalar,warm,basic,524288,1048576,127401984,972,250091968,548930756,4,4,0,0,0,0
1,stride16-gcc13-scalar-r4-random_access-scalar-warm-basic-28672,stride16-gcc13-scalar,4,random_access,scalar,warm,basic,28672,57344,330358784,46088,250004726,548739420,4,4,0,0,0,0
1,stride16-gcc13-scalar-r4-random_access-scalar-warm-branch-12582912,stride16-gcc13-scalar,4,random_access,scalar,warm,branch,12582912,25165824,28311552,9,263879059,579192340,4,4,0,0,6754475058381584,0
1,stride16-gcc13-scalar-r4-random_access-scalar-warm-basic-134217728,stride16-gcc13-scalar,4,random_access,scalar,warm,basic,134217728,268435456,33554432,1,692655110,1520320212,4,4,0,0,72054591507667142,0
1,stride16-gcc13-scalar-r4-random_access-scalar-warm-basic-229376,stride16-gcc13-scalar,4,random_access,scalar,warm,basic,229376,458752,202022912,3523,250018518,548769560,4,4,0,0,122786559839219,0
1,stride16-gcc13-scalar-r4-random_access-scalar-warm-branch-262144,stride16-gcc13-scalar,4,random_access,scalar,warm,branch,262144,524288,172818432,2637,250040977,548818680,4,4,0,0,140447440226921,0
1,stride16-gcc13-scalar-r4-random_access-scalar-cache_evicted-basic-536870912,stride16-gcc13-scalar,4,random_access,scalar,cache_evicted,basic,536870912,1073741824,134217728,1,3517835257,7721355732,4,4,0,0,288215722790390335,0
1,stride16-gcc13-scalar-r4-random_access-scalar-warm-basic-1048576,stride16-gcc13-scalar,4,random_access,scalar,warm,basic,1048576,2097152,113246208,432,250185302,549135612,4,4,0,0,0,0
1,stride16-gcc13-scalar-r4-random_access-scalar-warm-basic-36864,stride16-gcc13-scalar,4,random_access,scalar,warm,basic,36864,73728,301879296,32756,250004814,548739468,4,4,0,0,0,0
1,stride16-gcc13-scalar-r4-random_access-scalar-warm-basic-65536,stride16-gcc13-scalar,4,random_access,scalar,warm,basic,65536,131072,258277376,15764,250008686,548747848,4,4,0,0,0,0
1,stride16-gcc13-scalar-r4-random_access-scalar-cache_evicted-branch-1048576,stride16-gcc13-scalar,4,random_access,scalar,cache_evicted,branch,1048576,2097152,113246208,432,250427592,549667376,4,4,0,0,0,0
1,stride16-gcc13-scalar-r4-random_access-scalar-warm-basic-98304,stride16-gcc13-scalar,4,random_access,scalar,warm,basic,98304,196608,244727808,9958,250003397,548736212,4,4,0,0,0,0
1,stride16-gcc13-scalar-r4-random_access-scalar-warm-basic-5242880,stride16-gcc13-scalar,4,random_access,scalar,warm,basic,5242880,10485760,47185920,36,252750373,554765460,4,4,0,0,0,0
1,stride16-gcc13-scalar-r4-random_access-scalar-warm-branch-2097152,stride16-gcc13-scalar,4,random_access,scalar,warm,branch,2097152,4194304,89653248,171,250155188,549069364,4,4,0,0,1124724946174105,0
1,stride16-gcc13-scalar-r4-random_access-scalar-cache_evicted-basic-1048576,stride16-gcc13-scalar,4,random_access,scalar,cache_evicted,basic,1048576,2097152,112984064,431,250363608,549526832,4,4,0,0,563672285713357,0
1,stride16-gcc13-scalar-r4-random_access-scalar-cache_evicted-basic-32768,stride16-gcc13-scalar,4,random_access,scalar,cache_evicted,basic,32768,65536,314392576,38378,250002299,548733796,4,4,0,0,0,0
1,stride16-gcc13-scalar-r4-random_access-scalar-warm-branch-6291456,stride16-gcc13-scalar,4,random_access,scalar,warm,branch,6291456,12582912,42467328,27,256555804,563118180,4,4,0,0,3378647959280058,0
1,stride16-gcc13-scalar-r4-random_access-scalar-warm-branch-134217728,stride16-gcc13-scalar,4,random_access,scalar,warm,branch,134217728,268435456,33554432,1,694485794,1524338156,4,4,0,0,72054591507667142,0
1,stride16-gcc13-scalar-r4-random_access-scalar-cache_evicted-branch-536870912,stride16-gcc13-scalar,4,random_access,scalar,cache_evicted,branch,536870912,1073741824,134217728,1,3544488024,7779856396,4,4,0,0,288215722790390335,0
1,stride16-gcc13-scalar-r4-random_access-scalar-warm-basic-8192,stride16-gcc13-scalar,4,random_access,scalar,warm,basic,8192,16384,394989568,192866,250001195,548731552,4,4,0,0,0,0
1,stride16-gcc13-scalar-r4-random_access-scalar-cache_evicted-branch-262144,stride16-gcc13-scalar,4,random_access,scalar,cache_evicted,branch,262144,524288,173539328,2648,250008018,548746332,4,4,0,0,0,0
1,stride16-gcc13-scalar-r4-random_access-scalar-warm-branch-33554432,stride16-gcc13-scalar,4,random_access,scalar,warm,branch,33554432,67108864,25165824,3,323447465,709940128,4,4,0,0,18012469139348035,0
1,stride16-gcc13-scalar-r4-random_access-scalar-warm-basic-4194304,stride16-gcc13-scalar,4,random_access,scalar,warm,basic,4194304,8388608,57671680,55,252997813,555308660,4,4,0,0,2252024978508752,0
1,stride16-gcc13-scalar-r4-random_access-scalar-warm-basic-294912,stride16-gcc13-scalar,4,random_access,scalar,warm,basic,294912,589824,156450816,2122,250108501,548967032,4,4,0,0,0,0
1,stride16-gcc13-scalar-r4-random_access-scalar-warm-branch-65536,stride16-gcc13-scalar,4,random_access,scalar,warm,branch,65536,131072,258736128,15792,250001455,548732120,4,4,0,0,0,0
1,stride16-gcc13-scalar-r4-random_access-scalar-page_cold-basic-33554432,stride16-gcc13-scalar,4,random_access,scalar,page_cold,basic,33554432,67108864,8388608,1,101077400,221854792,4,4,8192,0,0,1
1,stride16-gcc13-scalar-r4-random_access-scalar-warm-basic-16384,stride16-gcc13-scalar,4,random_access,scalar,warm,basic,16384,32768,365854720,89320,250001987,548733068,4,4,0,0,0,0
1,stride16-gcc13-scalar-r4-random_access-scalar-warm-branch-8192,stride16-gcc13-scalar,4,random_access,scalar,warm,branch,8192,16384,395413504,193073,250000485,548729772,4,4,0,0,4364675023084,0
1,stride16-gcc13-scalar-r4-random_access-scalar-cache_evicted-basic-6291456,stride16-gcc13-scalar,4,random_access,scalar,cache_evicted,basic,6291456,12582912,37748736,24,252611773,554461696,4,4,0,0,0,0
1,stride16-gcc13-scalar-r4-random_access-scalar-warm-branch-5242880,stride16-gcc13-scalar,4,random_access,scalar,warm,branch,5242880,10485760,47185920,36,253051556,555426488,4,4,0,0,0,0
1,stride16-gcc13-scalar-r4-random_access-scalar-warm-basic-32768,stride16-gcc13-scalar,4,random_access,scalar,warm,basic,32768,65536,313237504,38237,250002997,548735636,4,4,0,0,17518146584488,0
1,stride16-gcc13-scalar-r4-random_access-scalar-cache_evicted-branch-8388608,stride16-gcc13-scalar,4,random_access,scalar,cache_evicted,branch,8388608,16777216,35651584,17,261861855,574764480,4,4,0,0,4503538303825374,0
1,stride16-gcc13-scalar-r4-random_access-scalar-warm-basic-6291456,stride16-gcc13-scalar,4,random_access,scalar,warm,basic,6291456,12582912,42467328,27,251713482,552489684,4,4,0,0,3378647959280058,0
1,stride16-gcc13-scalar-r4-random_access-scalar-warm-branch-294912,stride16-gcc13-scalar,4,random_access,scalar,warm,branch,294912,589824,156819456,2127,250026136,548786424,4,4,0,0,157921927823453,0
1,stride16-gcc13-scalar-r4-random_access-scalar-warm-basic-49152,stride16-gcc13-scalar,4,random_access,scalar,warm,basic,49152,98304,276701184,22518,250001873,548733160,4,4,0,0,0,0
1,stride16-gcc13-scalar-r4-random_access-scalar-cache_evicted-basic-262144,stride16-gcc13-scalar,4,random_access,scalar,cache_evicted,basic,262144,524288,171048960,2610,250036948,548810156,4,4,0,0,0,0
1,stride16-gcc13-scalar-r4-random_access-scalar-warm-branch-36864,stride16-gcc13-scalar,4,random_access,scalar,warm,branch,36864,73728,302035968,32773,250001721,548732548,4,4,0,0,19662047102358,0
1,stride16-gcc13-scalar-r4-random_access-scalar-page_cold-basic-536870912,stride16-gcc13-scalar,4,random_access,scalar,page_cold,basic,536870912,1073741824,134217728,1,3518978030,7723861948,4,4,131072,0,0,1
1,stride16-gcc13-scalar-r4-random_access-scalar-warm-basic-393216,stride16-gcc13-scalar,4,random_access,scalar,warm,basic,393216,786432,136740864,1391,250129285,549012512,4,4,0,0,210748029156816,0
1,stride16-gcc13-scalar-r4-random_access-scalar-warm-branch-7340032,stride16-gcc13-scalar,4,random_access,scalar,warm,branch,7340032,14680064,38535168,21,256721378,563481192,4,4,0,0,3941018741284943,0
1,stride16-gcc13-scalar-r4-random_access-scalar-warm-branch-24576,stride16-gcc13-scalar,4,random_access,scalar,warm,branch,24576,49152,340267008,55382,250003892,548737296,4,4,0,0,0,0
1,stride16-gcc13-scalar-r4-random_access-scalar-warm-branch-229376,stride16-gcc13-scalar,4,random_access,scalar,warm,branch,229376,458752,178683904,3116,250076799,548897332,4,4,0,0,0,0
1,stride16-gcc13-scalar-r4-random_access-scalar-warm-branch-131072,stride16-gcc13-scalar,4,random_access,scalar,warm,branch,131072,262144,225148928,6871,250017355,548767144,4,4,0,0,70311020266010,0
1,stride16-gcc13-scalar-r4-random_access-scalar-warm-basic-131072,stride16-gcc13-scalar,4,random_access,scalar,warm,basic,131072,262144,224133120,6840,250003789,548737060,4,4,0,0,0,0
1,stride16-gcc13-scalar-r4-random_access-scalar-warm-basic-2097152,stride16-gcc13-scalar,4,random_access,scalar,warm,basic,2097152,4194304,90177536,172,251367823,551731000,4,4,0,0,0,0
1,stride16-gcc13-scalar-r4-random_access-scalar-warm-branch-98304,stride16-gcc13-scalar,4,random_access,scalar,warm,branch,98304,196608,242343936,9861,250015041,548761976,4,4,0,0,52582557470289,0
1,stride16-gcc13-scalar-r4-random_access-scalar-cache_evicted-branch-33554432,stride16-gcc13-scalar,4,random_access,scalar,cache_evicted,branch,33554432,67108864,25165824,3,327739124,719359860,4,4,0,0,18021170287030552,0
1,stride16-gcc13-scalar-r4-random_access-scalar-warm-branch-1048576,stride16-gcc13-scalar,4,random_access,scalar,warm,branch,1048576,2097152,114819072,438,250302564,549392944,4,4,0,0,0,0
1,stride16-gcc13-scalar-r4-random_access-scalar-warm-branch-393216,stride16-gcc13-scalar,4,random_access,scalar,warm,branch,393216,786432,135659520,1380,250046330,548830516,4,4,0,0,0,0
1,stride16-gcc13-scalar-r4-random_access-scalar-warm-branch-524288,stride16-gcc13-scalar,4,random_access,scalar,warm,branch,524288,1048576,127401984,972,250125560,549004500,4,4,0,0,0,0
1,stride16-gcc13-scalar-r4-random_access-scalar-page_cold-branch-33554432,stride16-gcc13-scalar,4,random_access,scalar,page_cold,branch,33554432,67108864,8388608,1,100113498,219739172,4,4,8192,0,0,1
1,stride16-gcc13-scalar-r4-random_access-scalar-warm-basic-262144,stride16-gcc13-scalar,4,random_access,scalar,warm,basic,262144,524288,174194688,2658,250024004,548781068,4,4,0,0,0,0
1,stride16-gcc13-scalar-r4-random_access-scalar-cache_evicted-basic-8388608,stride16-gcc13-scalar,4,random_access,scalar,cache_evicted,basic,8388608,16777216,35651584,17,260698066,572210388,4,4,0,0,4503538303825374,0
1,stride16-gcc13-scalar-r4-random_access-scalar-warm-basic-24576,stride16-gcc13-scalar,4,random_access,scalar,warm,basic,24576,49152,340242432,55378,250001003,548730952,4,4,0,0,0,0
1,stride16-gcc13-scalar-r4-random_access-scalar-warm-basic-8388608,stride16-gcc13-scalar,4,random_access,scalar,warm,basic,8388608,16777216,35651584,17,259950642,570569568,4,4,0,0,4503360366505241,0
1,stride16-gcc13-scalar-r4-random_access-scalar-cache_evicted-branch-32768,stride16-gcc13-scalar,4,random_access,scalar,cache_evicted,branch,32768,65536,314212352,38356,250005448,548740708,4,4,0,0,0,0
1,stride16-gcc13-scalar-r4-random_access-scalar-warm-branch-8388608,stride16-gcc13-scalar,4,random_access,scalar,warm,branch,8388608,16777216,35651584,17,260890600,572632700,4,4,0,0,4503360366505241,0
1,stride16-gcc13-scalar-r4-random_access-scalar-warm-branch-32768,stride16-gcc13-scalar,4,random_access,scalar,warm,branch,32768,65536,313098240,38220,250003786,548737268,4,4,0,0,0,0
1,stride16-gcc13-scalar-r4-random_access-scalar-warm-basic-33554432,stride16-gcc13-scalar,4,random_access,scalar,warm,basic,33554432,67108864,25165824,3,324459750,712161644,4,4,0,0,18012469139348035,0
1,stride16-gcc13-scalar-r4-random_access-scalar-warm-branch-28672,stride16-gcc13-scalar,4,random_access,scalar,warm,branch,28672,57344,330158080,46060,250003208,548735792,4,4,0,0,0,0
1,stride16-gcc13-scalar-r4-random_access-scalar-cache_evicted-basic-33554432,stride16-gcc13-scalar,4,random_access,scalar,cache_evicted,basic,33554432,67108864,25165824,3,323711517,710519384,4,4,0,0,18021170287030552,0
1,stride16-gcc13-scalar-r4-random_access-scalar-warm-basic-12582912,stride16-gcc13-scalar,4,random_access,scalar,warm,basic,12582912,25165824,28311552,9,268017857,588276220,4,4,0,0,6754475058381584,0
1,stride16-gcc13-scalar-r4-random_access-scalar-warm-branch-16384,stride16-gcc13-scalar,4,random_access,scalar,warm,branch,16384,32768,387158016,94521,250002009,548733152,4,4,0,0,8712898363081,0
1,stride16-gcc13-scalar-r4-random_access-scalar-warm-branch-4194304,stride16-gcc13-scalar,4,random_access,scalar,warm,branch,4194304,8388608,55574528,53,253580279,556587160,4,4,0,0,2252024978508752,0
1,stride16-gcc13-scalar-r4-random_access-scalar-cache_evicted-branch-6291456,stride16-gcc13-scalar,4,random_access,scalar,cache_evicted,branch,6291456,12582912,42467328,27,258490666,567365032,4,4,0,0,3377607547884574,0
1,stride16-gcc13-scalar-r4-random_access-scalar-warm-basic-196608,stride16-gcc13-scalar,4,random_access,scalar,warm,basic,196608,393216,189923328,3864,250044179,548825704,4,4,0,0,0,0
1,stride16-gcc13-scalar-r4-random_access-scalar-warm-basic-536870912,stride16-gcc13-scalar,4,random_access,scalar,warm,basic,536870912,1073741824,134217728,1,3529923516,7747888512,4,4,0,0,288196056871763205,0
1,stride16-gcc13-scalar-r4-random_access-scalar-warm-branch-196608,stride16-gcc13-scalar,4,random_access,scalar,warm,branch,196608,393216,205897728,4189,250044824,548827436,4,4,0,0,105249231296670,0
1,stride16-gcc13-scalar-r4-random_access-scalar-warm-branch-49152,stride16-gcc13-scalar,4,random_access,scalar,warm,branch,49152,98304,276443136,22497,250001625,548732376,4,4,0,0,26211640329063,0
1,stride16-gcc13-scalar-r4-random_access-scalar-warm-branch-536870912,stride16-gcc13-scalar,4,random_access,scalar,warm,branch,536870912,1073741824,134217728,1,3517090773,7719721712,4,4,0,0,288196056871763205,0
1,stride16-gcc13-scalar-r5-random_access-scalar-warm-basic-524288,stride16-gcc13-scalar,5,random_access,scalar,warm,basic,524288,1048576,127270912,971,250031373,548797568,4,4,0,0,280992244133905,0
1,stride16-gcc13-scalar-r5-random_access-scalar-warm-branch-2097152,stride16-gcc13-scalar,5,random_access,scalar,warm,branch,2097152,4194304,99090432,189,250502920,549832680,4,4,0,0,1125976824948395,0
1,stride16-gcc13-scalar-r5-random_access-scalar-warm-branch-134217728,stride16-gcc13-scalar,5,random_access,scalar,warm,branch,134217728,268435456,33554432,1,693879624,1523007936,4,4,0,0,72061638334409130,0
1,stride16-gcc13-scalar-r5-random_access-scalar-warm-basic-36864,stride16-gcc13-scalar,5,random_access,scalar,warm,basic,36864,73728,300312576,32586,250006412,548742820,4,4,0,0,0,0
1,stride16-gcc13-scalar-r5-random_access-scalar-warm-branch-8192,stride16-gcc13-scalar,5,random_access,scalar,warm,branch,8192,16384,395513856,193122,250000916,548731072,4,4,0,0,0,0
1,stride16-gcc13-scalar-r5-random_access-scalar-warm-basic-49152,stride16-gcc13-scalar,5,random_access,scalar,warm,basic,49152,98304,274698240,22355,250007485,548745164,4,4,0,0,26286228068994,0
1,stride16-gcc13-scalar-r5-random_access-scalar-warm-basic-6291456,stride16-gcc13-scalar,5,random_access,scalar,warm,basic,6291456,12582912,42467328,27,259016812,568519904,4,4,0,0,3376652412974357,0
1,stride16-gcc13-scalar-r5-random_access-scalar-warm-basic-65536,stride16-gcc13-scalar,5,random_access,scalar,warm,basic,65536,131072,258260992,15763,250000749,548730720,4,4,0,0,35092896872170,0
1,stride16-gcc13-scalar-r5-random_access-scalar-cache_evicted-basic-536870912,stride16-gcc13-scalar,5,random_access,scalar,cache_evicted,basic,536870912,1073741824,134217728,1,3525396219,7737951352,4,4,0,0,288263436746102748,0
1,stride16-gcc13-scalar-r5-random_access-scalar-warm-branch-36864,stride16-gcc13-scalar,5,random_access,scalar,warm,branch,36864,73728,300211200,32575,250005572,548741292,4,4,0,0,19753807515695,0
1,stride16-gcc13-scalar-r5-random_access-scalar-warm-basic-33554432,stride16-gcc13-scalar,5,random_access,scalar,warm,basic,33554432,67108864,25165824,3,325359703,714137340,4,4,0,0,18019283167828877,0
1,stride16-gcc13-scalar-r5-random_access-scalar-cache_evicted-branch-1048576,stride16-gcc13-scalar,5,random_access,scalar,cache_evicted,branch,1048576,2097152,109051904,416,250572436,549985164,4,4,0,0,0,0
1,stride16-gcc13-scalar-r5-random_access-scalar-warm-basic-8388608,stride16-gcc13-scalar,5,random_access,scalar,warm,basic,8388608,16777216,35651584,17,261462684,573888304,4,4,0,0,4501822179831175,0
1,stride16-gcc13-scalar-r5-random_access-scalar-warm-branch-16384,stride16-gcc13-scalar,5,random_access,scalar,warm,branch,16384,32768,378630144,92439,250000972,548730884,4,4,0,0,8869137551193,0
1,stride16-gcc13-scalar-r5-random_access-scalar-warm-branch-33554432,stride16-gcc13-scalar,5,random_access,scalar,warm,branch,33554432,67108864,25165824,3,321394348,705433732,4,4,0,0,18019283167828877,0
1,stride16-gcc13-scalar-r5-random_access-scalar-warm-basic-131072,stride16-gcc13-scalar,5,random_access,scalar,warm,basic,131072,262144,235241472,7179,250023909,548781528,4,4,0,0,70218756443978,0
1,stride16-gcc13-scalar-r5-random_access-scalar-warm-basic-393216,stride16-gcc13-scalar,5,random_access,scalar,warm,basic,393216,786432,136740864,1391,250050630,548839824,4,4,0,0,210900638405002,0
1,stride16-gcc13-scalar-r5-random_access-scalar-cache_evicted-branch-262144,stride16-gcc13-scalar,5,random_access,scalar,cache_evicted,branch,262144,524288,174850048,2668,250033492,548802236,4,4,0,0,0,0
1,stride16-gcc13-scalar-r5-random_access-scalar-warm-basic-8192,stride16-gcc13-scalar,5,random_access,scalar,warm,basic,8192,16384,394209280,192485,250000879,548730628,4,4,0,0,4475902014010,0
1,stride16-gcc13-scalar-r5-random_access-scalar-cache_evicted-branch-33554432,stride16-gcc13-scalar,5,random_access,scalar,cache_evicted,branch,33554432,67108864,25165824,3,326489827,716617864,4,4,0,0,18015947401540641,0
1,stride16-gcc13-scalar-r5-random_access-scalar-page_cold-basic-33554432,stride16-gcc13-scalar,5,random_access,scalar,page_cold,basic,33554432,67108864,8388608,1,100786728,221216744,4,4,8192,0,0,1
1,stride16-gcc13-scalar-r5-random_access-scalar-warm-branch-32768,stride16-gcc13-scalar,5,random_access,scalar,warm,branch,32768,65536,313688064,38292,250005069,548739812,4,4,0,0,0,0
1,stride16-gcc13-scalar-r5-random_access-scalar-warm-branch-536870912,stride16-gcc13-scalar,5,random_access,scalar,warm,branch,536870912,1073741824,134217728,1,3512444606,7709523756,4,4,0,0,288241755741271625,0
1,stride16-gcc13-scalar-r5-random_access-scalar-warm-basic-196608,stride16-gcc13-scalar,5,random_access,scalar,warm,basic,196608,393216,199704576,4063,250043806,548824888,4,4,0,0,105422257567106,0
1,stride16-gcc13-scalar-r5-random_access-scalar-warm-branch-6291456,stride16-gcc13-scalar,5,random_access,scalar,warm,branch,6291456,12582912,42467328,27,256548196,563101468,4,4,0,0,3376652412974357,0
1,stride16-gcc13-scalar-r5-random_access-scalar-cache_evicted-basic-33554432,stride16-gcc13-scalar,5,random_access,scalar,cache_evicted,basic,33554432,67108864,25165824,3,327171988,718115164,4,4,0,0,18015947401540641,0
1,stride16-gcc13-scalar-r5-random_access-scalar-warm-branch-65536,stride16-gcc13-scalar,5,random_access,scalar,warm,branch,65536,131072,257703936,15729,250014199,548760088,4,4,0,0,35092896872170,0
1,stride16-gcc13-scalar-r5-random_access-scalar-warm-basic-4194304,stride16-gcc13-scalar,5,random_access,scalar,warm,basic,4194304,8388608,55574528,53,253279965,555927988,4,4,0,0,2251044555395296,0
1,stride16-gcc13-scalar-r5-random_access-scalar-warm-basic-262144,stride16-gcc13-scalar,5,random_access,scalar,warm,basic,262144,524288,172294144,2629,250007631,548745064,4,4,0,0,140575845660216,0
1,stride16-gcc13-scalar-r5-random_access-scalar-warm-basic-294912,stride16-gcc13-scalar,5,random_access,scalar,warm,basic,294912,589824,156745728,2126,250033658,548802632,4,4,0,0,0,0
1,stride16-gcc13-scalar-r5-random_access-scalar-cache_evicted-basic-6291456,stride16-gcc13-scalar,5,random_access,scalar,cache_evicted,basic,6291456,12582912,42467328,27,255981324,561856812,4,4,0,0,3378044884916311,0
1,stride16-gcc13-scalar-r5-random_access-scalar-cache_evicted-branch-6291456,stride16-gcc13-scalar,5,random_access,scalar,cache_evicted,branch,6291456,12582912,42467328,27,254365704,558311072,4,4,0,0,3378044884916311,0
1,stride16-gcc13-scalar-r5-random_access-scalar-warm-branch-196608,stride16-gcc13-scalar,5,random_access,scalar,warm,branch,196608,393216,210862080,4290,250021793,548776884,4,4,0,0,0,0
1,stride16-gcc13-scalar-r5-random_access-scalar-warm-basic-229376,stride16-gcc13-scalar,5,random_access,scalar,warm,basic,229376,458752,196689920,3430,250016661,548765424,4,4,0,0,0,0
1,stride16-gcc13-scalar-r5-random_access-scalar-cache_evicted-branch-32768,stride16-gcc13-scalar,5,random_access,scalar,cache_evicted,branch,32768,65536,313016320,38210,250001493,548732328,4,4,0,0,0,0
1,stride16-gcc13-scalar-r5-random_access-scalar-warm-branch-7340032,stride16-gcc13-scalar,5,random_access,scalar,warm,branch,7340032,14680064,38535168,21,256928236,563935624,4,4,0,0,3938036636605636,0
1,stride16-gcc13-scalar-r5-random_access-scalar-cache_evicted-basic-8388608,stride16-gcc13-scalar,5,random_access,scalar,cache_evicted,basic,8388608,16777216,31457280,15,252185848,553526704,4,4,0,0,4503742307507987,0
1,stride16-gcc13-scalar-r5-random_access-scalar-warm-branch-24576,stride16-gcc13-scalar,5,random_access,scalar,warm,branch,24576,49152,340813824,55471,250003966,548737456,4,4,0,0,13219856124153,0
1,stride16-gcc13-scalar-r5-random_access-scalar-warm-basic-2097152,stride16-gcc13-scalar,5,random_access,scalar,warm,basic,2097152,4194304,94896128,181,250934578,550780060,4,4,0,0,1125976824948395,0
1,stride16-gcc13-scalar-r5-random_access-scalar-warm-basic-32768,stride16-gcc13-scalar,5,random_access,scalar,warm,basic,32768,65536,313352192,38251,250005327,548740756,4,4,0,0,17602914900858,0
1,stride16-gcc13-scalar-r5-random_access-scalar-warm-branch-393216,stride16-gcc13-scalar,5,random_access,scalar,warm,branch,393216,786432,136740864,1391,250087898,548921656,4,4,0,0,210900638405002,0
1,stride16-gcc13-scalar-r5-random_access-scalar-warm-branch-294912,stride16-gcc13-scalar,5,random_access,scalar,warm,branch,294912,589824,160505856,2177,250060444,548861728,4,4,0,0,158185760703598,0
1,stride16-gcc13-scalar-r5-random_access-scalar-warm-basic-5242880,stride16-gcc13-scalar,5,random_access,scalar,warm,basic,5242880,10485760,48496640,37,255981793,561858272,4,4,0,0,2813563036899365,0
1,stride16-gcc13-scalar-r5-random_access-scalar-warm-basic-134217728,stride16-gcc13-scalar,5,random_access,scalar,warm,basic,134217728,268435456,33554432,1,693856946,1522958100,4,4,0,0,72061638334409130,0
1,stride16-gcc13-scalar-r5-random_access-scalar-warm-branch-98304,stride16-gcc13-scalar,5,random_access,scalar,warm,branch,98304,196608,242982912,9887,250000297,548729396,4,4,0,0,52610800665802,0
1,stride16-gcc13-scalar-r5-random_access-scalar-page_cold-basic-536870912,stride16-gcc13-scalar,5,random_access,scalar,page_cold,basic,536870912,1073741824,134217728,1,3541462427,7773213804,4,4,131072,0,0,1
1,stride16-gcc13-scalar-r5-random_access-scalar-cache_evicted-basic-262144,stride16-gcc13-scalar,5,random_access,scalar,cache_evicted,basic,262144,524288,174260224,2659,250046153,548830196,4,4,0,0,141247079651729,0
1,stride16-gcc13-scalar-r5-random_access-scalar-page_cold-branch-33554432,stride16-gcc13-scalar,5,random_access,scalar,page_cold,branch,33554432,67108864,8388608,1,100874881,221410172,4,4,8192,0,0,1
1,stride16-gcc13-scalar-r5-random_access-scalar-warm-basic-536870912,stride16-gcc13-scalar,5,random_access,scalar,warm,basic,536870912,1073741824,134217728,1,4107556503,9015744764,4,4,0,0,288241755741271625,0
1,stride16-gcc13-scalar-r5-random_access-scalar-warm-basic-28672,stride16-gcc13-scalar,5,random_access,scalar,warm,basic,28672,57344,330057728,46046,250001846,548732808,4,4,0,0,0,0
1,stride16-gcc13-scalar-r5-random_access-scalar-cache_evicted-branch-8388608,stride16-gcc13-scalar,5,random_access,scalar,cache_evicted,branch,8388608,16777216,33554432,16,250381088,549565500,4,4,0,0,0,0
1,stride16-gcc13-scalar-r5-random_access-scalar-warm-branch-4194304,stride16-gcc13-scalar,5,random_access,scalar,warm,branch,4194304,8388608,56623104,54,254041515,557599472,4,4,0,0,0,0
1,stride16-gcc13-scalar-r5-random_access-scalar-warm-branch-8388608,stride16-gcc13-scalar,5,random_access,scalar,warm,branch,8388608,16777216,35651584,17,261848132,574734736,4,4,0,0,4501822179831175,0
1,stride16-gcc13-scalar-r5-random_access-scalar-warm-basic-24576,stride16-gcc13-scalar,5,random_access,scalar,warm,basic,24576,49152,340432896,55409,250000668,548730208,4,4,0,0,13219856124153,0
1,stride16-gcc13-scalar-r5-random_access-scalar-warm-basic-12582912,stride16-gcc13-scalar,5,random_access,scalar,warm,basic,12582912,25165824,28311552,9,262932562,577114160,4,4,0,0,6752197527283321,0
1,stride16-gcc13-scalar-r5-random_access-scalar-warm-branch-5242880,stride16-gcc13-scalar,5,random_access,scalar,warm,branch,5242880,10485760,47185920,36,256561451,563130552,4,4,0,0,0,0
1,stride16-gcc13-scalar-r5-random_access-scalar-warm-branch-12582912,stride16-gcc13-scalar,5,random_access,scalar,warm,branch,12582912,25165824,28311552,9,265494698,582738540,4,4,0,0,6752197527283321,0
1,stride16-gcc13-scalar-r5-random_access-scalar-warm-branch-131072,stride16-gcc13-scalar,5,random_access,scalar,warm,branch,131072,262144,227573760,6945,250025002,548783832,4,4,0,0,70218756443978,0
1,stride16-gcc13-scalar-r5-random_access-scalar-warm-branch-28672,stride16-gcc13-scalar,5,random_access,scalar,warm,branch,28672,57344,394204160,54995,250004932,548739156,4,4,0,0,15395696643121,0
1,stride16-gcc13-scalar-r5-random_access-scalar-warm-branch-229376,stride16-gcc13-scalar,5,random_access,scalar,warm,branch,229376,458752,174325760,3040,250018899,548770252,4,4,0,0,0,0
1,stride16-gcc13-scalar-r5-random_access-scalar-warm-branch-524288,stride16-gcc13-scalar,5,random_access,scalar,warm,branch,524288,1048576,127270912,971,250214389,549199332,4,4,0,0,280992244133905,0
1,stride16-gcc13-scalar-r5-random_access-scalar-cache_evicted-basic-32768,stride16-gcc13-scalar,5,random_access,scalar,cache_evicted,basic,32768,65536,313106432,38221,250005218,548740148,4,4,0,0,17706199636526,0
1,stride16-gcc13-scalar-r5-random_access-scalar-warm-basic-16384,stride16-gcc13-scalar,5,random_access,scalar,warm,basic,16384,32768,375840768,91758,250001967,548733252,4,4,0,0,0,0
1,stride16-gcc13-scalar-r5-random_access-scalar-warm-branch-49152,stride16-gcc13-scalar,5,random_access,scalar,warm,branch,49152,98304,274833408,22366,250000591,548730064,4,4,0,0,0,0
1,stride16-gcc13-scalar-r5-random_access-scalar-warm-branch-1048576,stride16-gcc13-scalar,5,random_access,scalar,warm,branch,1048576,2097152,109576192,418,250129625,549013272,4,4,0,0,0,0
1,stride16-gcc13-scalar-r5-random_access-scalar-page_cold-branch-536870912,stride16-gcc13-scalar,5,random_access,scalar,page_cold,branch,536870912,1073741824,134217728,1,3519916643,7725922152,4,4,131072,0,0,1
1,stride16-gcc13-scalar-r5-random_access-scalar-warm-basic-7340032,stride16-gcc13-scalar,5,random_access,scalar,warm,basic,7340032,14680064,36700160,20,252210020,553579292,4,4,0,0,0,0
1,stride16-gcc13-scalar-r5-random_access-scalar-warm-basic-98304,stride16-gcc13-scalar,5,random_access,scalar,warm,basic,98304,196608,238166016,9691,250025232,548784060,4,4,0,0,52610800665802,0
1,stride16-gcc13-scalar-r5-random_access-scalar-warm-branch-262144,stride16-gcc13-scalar,5,random_access,scalar,warm,branch,262144,524288,172752896,2636,250008666,548748100,4,4,0,0,0,0
1,stride16-gcc13-scalar-r5-random_access-scalar-warm-basic-1048576,stride16-gcc13-scalar,5,random_access,scalar,warm,basic,1048576,2097152,112984064,431,250462551,549744000,4,4,0,0,562510819083323,0
1,stride16-gcc13-scalar-r5-random_access-scalar-cache_evicted-branch-536870912,stride16-gcc13-scalar,5,random_access,scalar,cache_evicted,branch,536870912,1073741824,134217728,1,3521596958,7729612464,4,4,0,0,288263436746102748,0
1,stride16-gcc13-scalar-r5-random_access-scalar-cache_evicted-basic-1048576,stride16-gcc13-scalar,5,random_access,scalar,cache_evicted,basic,1048576,2097152,112721920,430,250001803,548732644,4,4,0,0,0,0
1,stride16-gcc13-scalar-r6-random_access-scalar-warm-basic-262144,stride16-gcc13-scalar,6,random_access,scalar,warm,basic,262144,524288,163053568,2488,250045990,548829872,4,4,0,0,0,0
1,stride16-gcc13-scalar-r6-random_access-scalar-warm-basic-24576,stride16-gcc13-scalar,6,random_access,scalar,warm,basic,24576,49152,340451328,55412,250000483,548729476,4,4,0,0,0,0
1,stride16-gcc13-scalar-r6-random_access-scalar-warm-basic-98304,stride16-gcc13-scalar,6,random_access,scalar,warm,basic,98304,196608,242786304,9879,250007613,548745580,4,4,0,0,52496122670719,0
1,stride16-gcc13-scalar-r6-random_access-scalar-warm-branch-28672,stride16-gcc13-scalar,6,random_access,scalar,warm,branch,28672,57344,328674304,45853,250003775,548737196,4,4,0,0,15282362654205,0
1,stride16-gcc13-scalar-r6-random_access-scalar-page_cold-branch-33554432,stride16-gcc13-scalar,6,random_access,scalar,page_cold,branch,33554432,67108864,8388608,1,100975100,221630128,4,4,8192,0,0,1
1,stride16-gcc13-scalar-r6-random_access-scalar-warm-basic-134217728,stride16-gcc13-scalar,6,random_access,scalar,warm,basic,134217728,268435456,33554432,1,692777984,1520589864,4,4,0,0,72047298661639335,0
1,stride16-gcc13-scalar-r6-random_access-scalar-warm-branch-49152,stride16-gcc13-scalar,6,random_access,scalar,warm,branch,49152,98304,274870272,22369,250003656,548736768,4,4,0,0,26333900361036,0
1,stride16-gcc13-scalar-r6-random_access-scalar-cache_evicted-branch-33554432,stride16-gcc13-scalar,6,random_access,scalar,cache_evicted,branch,33554432,67108864,25165824,3,322984514,708923696,4,4,0,0,18016796097143908,0
1,stride16-gcc13-scalar-r6-random_access-scalar-warm-basic-196608,stride16-gcc13-scalar,6,random_access,scalar,warm,basic,196608,393216,190906368,3884,250024177,548781940,4,4,0,0,0,0
1,stride16-gcc13-scalar-r6-random_access-scalar-warm-branch-229376,stride16-gcc13-scalar,6,random_access,scalar,warm,branch,229376,458752,193822720,3380,250002667,548734760,4,4,0,0,0,0
1,stride16-gcc13-scalar-r6-random_access-scalar-warm-basic-4194304,stride16-gcc13-scalar,6,random_access,scalar,warm,basic,4194304,8388608,53477376,51,251578961,552194372,4,4,0,0,2251017415075690,0
1,stride16-gcc13-scalar-r6-random_access-scalar-warm-basic-28672,stride16-gcc13-scalar,6,random_access,scalar,warm,basic,28672,57344,328918016,45887,250002691,548734956,4,4,0,0,15282362654205,0
1,stride16-gcc13-scalar-r6-random_access-scalar-warm-branch-8192,stride16-gcc13-scalar,6,random_access,scalar,warm,branch,8192,16384,394131456,192447,250000867,548730604,4,4,0,0,4299625409004,0
1,stride16-gcc13-scalar-r6-random_access-scalar-warm-branch-536870912,stride16-gcc13-scalar,6,random_access,scalar,warm,branch,536870912,1073741824,134217728,1,3531862788,7752145112,4,4,16,0,288224357495356875,0
1,stride16-gcc13-scalar-r6-random_access-scalar-warm-basic-524288,stride16-gcc13-scalar,6,random_access,scalar,warm,basic,524288,1048576,127139840,970,250016197,548764244,4,4,0,0,0,0
1,stride16-gcc13-scalar-r6-random_access-scalar-warm-basic-6291456,stride16-gcc13-scalar,6,random_access,scalar,warm,basic,6291456,12582912,42467328,27,253703175,556856884,4,4,0,0,3378694805090642,0
1,stride16-gcc13-scalar-r6-random_access-scalar-warm-basic-131072,stride16-gcc13-scalar,6,random_access,scalar,warm,basic,131072,262144,234455040,7155,250020005,548772988,4,4,0,0,70133869931855,0
1,stride16-gcc13-scalar-r6-random_access-scalar-cache_evicted-branch-6291456,stride16-gcc13-scalar,6,random_access,scalar,cache_evicted,branch,6291456,12582912,42467328,27,258512675,567413260,4,4,0,0,3378647421950130,0
1,stride16-gcc13-scalar-r6-random_access-scalar-warm-basic-1048576,stride16-gcc13-scalar,6,random_access,scalar,warm,basic,1048576,2097152,113508352,433,250441687,549698328,4,4,0,0,561974439658255,0
1,stride16-gcc13-scalar-r6-random_access-scalar-warm-branch-7340032,stride16-gcc13-scalar,6,random_access,scalar,warm,branch,7340032,14680064,38535168,21,257139810,564400012,4,4,0,0,3941391493088214,0
1,stride16-gcc13-scalar-r6-random_access-scalar-page_cold-branch-536870912,stride16-gcc13-scalar,6,random_access,scalar,page_cold,branch,536870912,1073741824,134217728,1,3519601733,7725230400,4,4,131072,0,0,1
1,stride16-gcc13-scalar-r6-random_access-scalar-warm-basic-32768,stride16-gcc13-scalar,6,random_access,scalar,warm,basic,32768,65536,313860096,38313,250000936,548730884,4,4,0,0,17490686202611,0
1,stride16-gcc13-scalar-r6-random_access-scalar-warm-basic-393216,stride16-gcc13-scalar,6,random_access,scalar,warm,basic,393216,786432,136937472,1393,250103943,548957044,4,4,0,0,210489894760879,0
1,stride16-gcc13-scalar-r6-random_access-scalar-warm-branch-33554432,stride16-gcc13-scalar,6,random_access,scalar,warm,branch,33554432,67108864,25165824,3,320426769,703309876,4,4,0,0,18015668353705558,0
1,stride16-gcc13-scalar-r6-random_access-scalar-warm-branch-6291456,stride16-gcc13-scalar,6,random_access,scalar,warm,branch,6291456,12582912,42467328,27,257112476,564339972,4,4,0,0,3378694805090642,0
1,stride16-gcc13-scalar-r6-random_access-scalar-warm-basic-294912,stride16-gcc13-scalar,6,random_access,scalar,warm,basic,294912,589824,161243136,2187,250047375,548832724,4,4,0,0,158197162353424,0
1,stride16-gcc13-scalar-r6-random_access-scalar-warm-basic-5242880,stride16-gcc13-scalar,6,random_access,scalar,warm,basic,5242880,10485760,47185920,36,253578377,556582992,4,4,0,0,0,0
1,stride16-gcc13-scalar-r6-random_access-scalar-warm-basic-536870912,stride16-gcc13-scalar,6,random_access,scalar,warm,basic,536870912,1073741824,134217728,1,3521808796,7730077384,4,4,0,0,288224357495356875,0
1,stride16-gcc13-scalar-r6-random_access-scalar-warm-basic-36864,stride16-gcc13-scalar,6,random_access,scalar,warm,basic,36864,73728,301602816,32726,250000314,548729588,4,4,0,0,0,0
1,stride16-gcc13-scalar-r6-random_access-scalar-cache_evicted-basic-33554432,stride16-gcc13-scalar,6,random_access,scalar,cache_evicted,basic,33554432,67108864,25165824,3,326006855,715557772,4,4,0,0,18016796097143908,0
1,stride16-gcc13-scalar-r6-random_access-scalar-warm-branch-262144,stride16-gcc13-scalar,6,random_access,scalar,warm,branch,262144,524288,174587904,2664,250052919,548844896,4,4,0,0,0,0
1,stride16-gcc13-scalar-r6-random_access-scalar-warm-branch-131072,stride16-gcc13-scalar,6,random_access,scalar,warm,branch,131072,262144,231964672,7079,250025913,548785776,4,4,0,0,70133869931855,0
1,stride16-gcc13-scalar-r6-random_access-scalar-warm-branch-196608,stride16-gcc13-scalar,6,random_access,scalar,warm,branch,196608,393216,191496192,3896,250035160,548806224,4,4,0,0,0,0
1,stride16-gcc13-scalar-r6-random_access-scalar-warm-branch-24576,stride16-gcc13-scalar,6,random_access,scalar,warm,branch,24576,49152,340334592,55393,250000932,548730964,4,4,0,0,13020737280391,0
1,stride16-gcc13-scalar-r6-random_access-scalar-page_cold-basic-536870912,stride16-gcc13-scalar,6,random_access,scalar,page_cold,basic,536870912,1073741824,134217728,1,3519203523,7724356932,4,4,131072,0,0,1
1,stride16-gcc13-scalar-r6-random_access-scalar-warm-branch-16384,stride16-gcc13-scalar,6,random_access,scalar,warm,branch,16384,32768,365969408,89348,250001888,548733192,4,4,0,0,0,0
1,stride16-gcc13-scalar-r6-random_access-scalar-cache_evicted-basic-6291456,stride16-gcc13-scalar,6,random_access,scalar,cache_evicted,basic,6291456,12582912,42467328,27,252607146,554451512,4,4,0,0,3378647421950130,0
1,stride16-gcc13-scalar-r6-random_access-scalar-cache_evicted-basic-262144,stride16-gcc13-scalar,6,random_access,scalar,cache_evicted,basic,262144,524288,175636480,2680,250085147,548915940,4,4,0,0,0,0
1,stride16-gcc13-scalar-r6-random_access-scalar-warm-basic-229376,stride16-gcc13-scalar,6,random_access,scalar,warm,basic,229376,458752,190955520,3330,250027413,548789080,4,4,0,0,0,0
1,stride16-gcc13-scalar-r6-random_access-scalar-warm-basic-8388608,stride16-gcc13-scalar,6,random_access,scalar,warm,basic,8388608,16777216,35651584,17,262889339,577020068,4,4,0,0,4504983626007464,0
1,stride16-gcc13-scalar-r6-random_access-scalar-warm-branch-4194304,stride16-gcc13-scalar,6,random_access,scalar,warm,branch,4194304,8388608,57671680,55,251691809,552442084,4,4,0,0,2251017415075690,0
1,stride16-gcc13-scalar-r6-random_access-scalar-warm-branch-32768,stride16-gcc13-scalar,6,random_access,scalar,warm,branch,32768,65536,314007552,38331,250000513,548729876,4,4,0,0,17490686202611,0
1,stride16-gcc13-scalar-r6-random_access-scalar-warm-basic-65536,stride16-gcc13-scalar,6,random_access,scalar,warm,basic,65536,131072,259342336,15829,250007111,548744356,4,4,0,0,34997843571190,0
1,stride16-gcc13-scalar-r6-random_access-scalar-cache_evicted-basic-1048576,stride16-gcc13-scalar,6,random_access,scalar,cache_evicted,basic,1048576,2097152,112459776,429,250404646,549616992,4,4,0,0,562934485878317,0
1,stride16-gcc13-scalar-r6-random_access-scalar-cache_evicted-basic-8388608,stride16-gcc13-scalar,6,random_access,scalar,cache_evicted,basic,8388608,16777216,35651584,17,260601705,571998916,4,4,0,0,4503905379008742,0
1,stride16-gcc13-scalar-r6-random_access-scalar-warm-branch-36864,stride16-gcc13-scalar,6,random_access,scalar,warm,branch,36864,73728,301280256,32691,250004733,548739468,4,4,0,0,19742054696089,0
1,stride16-gcc13-scalar-r6-random_access-scalar-warm-branch-134217728,stride16-gcc13-scalar,6,random_access,scalar,warm,branch,134217728,268435456,33554432,1,695675079,1526948720,4,4,0,0,72047298661639335,0
1,stride16-gcc13-scalar-r6-random_access-scalar-warm-basic-33554432,stride16-gcc13-scalar,6,random_access,scalar,warm,basic,33554432,67108864,25165824,3,320056925,702498104,4,4,0,0,18015668353705558,0
1,stride16-gcc13-scalar-r6-random_access-scalar-cache_evicted-branch-1048576,stride16-gcc13-scalar,6,random_access,scalar,cache_evicted,branch,1048576,2097152,113246208,432,250346720,549489840,4,4,0,0,0,0
1,stride16-gcc13-scalar-r6-random_access-scalar-page_cold-basic-33554432,stride16-gcc13-scalar,6,random_access,scalar,page_cold,basic,33554432,67108864,8388608,1,100561661,220722916,4,4,8192,0,0,1
1,stride16-gcc13-scalar-r6-random_access-scalar-cache_evicted-basic-32768,stride16-gcc13-scalar,6,random_access,scalar,cache_evicted,basic,32768,65536,313442304,38262,250004308,548738172,4,4,0,0,0,0
1,stride16-gcc13-scalar-r6-random_access-scalar-warm-basic-2097152,stride16-gcc13-scalar,6,random_access,scalar,warm,basic,2097152,4194304,103809024,198,250313562,549416996,4,4,0,0,0,0
1,stride16-gcc13-scalar-r6-random_access-scalar-warm-branch-65536,stride16-gcc13-scalar,6,random_access,scalar,warm,branch,65536,131072,257736704,15731,250005996,548742068,4,4,0,0,34997843571190,0
1,stride16-gcc13-scalar-r6-random_access-scalar-warm-basic-7340032,stride16-gcc13-scalar,6,random_access,scalar,warm,basic,7340032,14680064,38535168,21,253300566,555973352,4,4,0,0,3941391493088214,0
1,stride16-gcc13-scalar-r6-random_access-scalar-warm-branch-12582912,stride16-gcc13-scalar,6,random_access,scalar,warm,branch,12582912,25165824,28311552,9,259933709,570532052,4,4,0,0,6756396565878898,0
1,stride16-gcc13-scalar-r6-random_access-scalar-warm-branch-8388608,stride16-gcc13-scalar,6,random_access,scalar,warm,branch,8388608,16777216,33554432,16,254812319,559291364,4,4,0,0,0,0
1,stride16-gcc13-scalar-r6-random_access-scalar-warm-branch-2097152,stride16-gcc13-scalar,6,random_access,scalar,warm,branch,2097152,4194304,93323264,178,250708419,550283572,4,4,0,0,0,0
1,stride16-gcc13-scalar-r6-random_access-scalar-warm-branch-98304,stride16-gcc13-scalar,6,random_access,scalar,warm,branch,98304,196608,241754112,9837,250005160,548740152,4,4,0,0,52496122670719,0
1,stride16-gcc13-scalar-r6-random_access-scalar-cache_evicted-branch-262144,stride16-gcc13-scalar,6,random_access,scalar,cache_evicted,branch,262144,524288,174522368,2663,250068688,548879708,4,4,0,0,140706975474805,0
1,stride16-gcc13-scalar-r6-random_access-scalar-warm-basic-8192,stride16-gcc13-scalar,6,random_access,scalar,warm,basic,8192,16384,394528768,192641,250000330,548729664,4,4,0,0,4299625409004,0
1,stride16-gcc13-scalar-r6-random_access-scalar-warm-branch-294912,stride16-gcc13-scalar,6,random_access,scalar,warm,branch,294912,589824,157925376,2142,250103086,548954996,4,4,0,0,0,0
1,stride16-gcc13-scalar-r6-random_access-scalar-cache_evicted-branch-32768,stride16-gcc13-scalar,6,random_access,scalar,cache_evicted,branch,32768,65536,313729024,38297,250005184,548740292,4,4,0,0,17495660104238,0
1,stride16-gcc13-scalar-r6-random_access-scalar-warm-branch-524288,stride16-gcc13-scalar,6,random_access,scalar,warm,branch,524288,1048576,127401984,972,250053512,548846512,4,4,0,0,0,0
1,stride16-gcc13-scalar-r6-random_access-scalar-warm-basic-12582912,stride16-gcc13-scalar,6,random_access,scalar,warm,basic,12582912,25165824,28311552,9,272760447,598686220,4,4,0,0,6756396565878898,0
1,stride16-gcc13-scalar-r6-random_access-scalar-cache_evicted-basic-536870912,stride16-gcc13-scalar,6,random_access,scalar,cache_evicted,basic,536870912,1073741824,134217728,1,3863726425,8480558120,4,4,0,0,288259482576372382,0
1,stride16-gcc13-scalar-r6-random_access-scalar-warm-basic-16384,stride16-gcc13-scalar,6,random_access,scalar,warm,basic,16384,32768,382349312,93347,250002518,548734232,4,4,0,0,8622687445465,0
1,stride16-gcc13-scalar-r6-random_access-scalar-cache_evicted-branch-8388608,stride16-gcc13-scalar,6,random_access,scalar,cache_evicted,branch,8388608,16777216,35651584,17,261003348,572880160,4,4,0,0,4503905379008742,0
1,stride16-gcc13-scalar-r6-random_access-scalar-warm-branch-393216,stride16-gcc13-scalar,6,random_access,scalar,warm,branch,393216,786432,137035776,1394,250057078,548854124,4,4,0,0,0,0
1,stride16-gcc13-scalar-r6-random_access-scalar-cache_evicted-branch-536870912,stride16-gcc13-scalar,6,random_access,scalar,cache_evicted,branch,536870912,1073741824,134217728,1,3514719156,7714516208,4,4,0,0,288259482576372382,0
1,stride16-gcc13-scalar-r6-random_access-scalar-warm-basic-49152,stride16-gcc13-scalar,6,random_access,scalar,warm,basic,49152,98304,274833408,22366,250002208,548733584,4,4,0,0,0,0
1,stride16-gcc13-scalar-r6-random_access-scalar-warm-branch-1048576,stride16-gcc13-scalar,6,random_access,scalar,warm,branch,1048576,2097152,113246208,432,250029396,548793296,4,4,0,0,0,0
1,stride16-gcc13-scalar-r6-random_access-scalar-warm-branch-5242880,stride16-gcc13-scalar,6,random_access,scalar,warm,branch,5242880,10485760,52428800,40,252010553,553141732,4,4,0,0,0,0
1,stride16-gcc13-scalar-r7-random_access-scalar-warm-branch-4194304,stride16-gcc13-scalar,7,random_access,scalar,warm,branch,4194304,8388608,58720256,56,250392648,549590580,4,4,0,0,0,0
1,stride16-gcc13-scalar-r7-random_access-scalar-cache_evicted-basic-536870912,stride16-gcc13-scalar,7,random_access,scalar,cache_evicted,basic,536870912,1073741824,134217728,1,3517265710,7720105184,4,4,0,0,288248791339572138,0
1,stride16-gcc13-scalar-r7-random_access-scalar-warm-branch-196608,stride16-gcc13-scalar,7,random_access,scalar,warm,branch,196608,393216,216711168,4409,250024277,548782184,4,4,0,0,105166238631806,0
1,stride16-gcc13-scalar-r7-random_access-scalar-warm-basic-16384,stride16-gcc13-scalar,7,random_access,scalar,warm,basic,16384,32768,361508864,88259,250001920,548733264,4,4,0,0,8809156659384,0
1,stride16-gcc13-scalar-r7-random_access-scalar-cache_evicted-branch-536870912,stride16-gcc13-scalar,7,random_access,scalar,cache_evicted,branch,536870912,1073741824,134217728,1,3559720573,7813290628,4,4,0,0,288248791339572138,0
1,stride16-gcc13-scalar-r7-random_access-scalar-page_cold-basic-33554432,stride16-gcc13-scalar,7,random_access,scalar,page_cold,basic,33554432,67108864,8388608,1,100918296,221505412,4,4,8192,0,0,1
1,stride16-gcc13-scalar-r7-random_access-scalar-warm-basic-196608,stride16-gcc13-scalar,7,random_access,scalar,warm,basic,196608,393216,203046912,4131,250020405,548773524,4,4,0,0,105166238631806,0
1,stride16-gcc13-scalar-r7-random_access-scalar-page_cold-branch-33554432,stride16-gcc13-scalar,7,random_access,scalar,page_cold,branch,33554432,67108864,8388608,1,100841998,221338056,4,4,8192,0,0,1
1,stride16-gcc13-scalar-r7-random_access-scalar-warm-branch-1048576,stride16-gcc13-scalar,7,random_access,scalar,warm,branch,1048576,2097152,113246208,432,250358964,549516672,4,4,0,0,0,0
1,stride16-gcc13-scalar-r7-random_access-scalar-warm-basic-49152,stride16-gcc13-scalar,7,random_access,scalar,warm,basic,49152,98304,275165184,22393,250003800,548737400,4,4,0,0,26249948842411,0
1,stride16-gcc13-scalar-r7-random_access-scalar-warm-branch-393216,stride16-gcc13-scalar,7,random_access,scalar,warm,branch,393216,786432,136347648,1387,250062803,548866756,4,4,0,0,210535749508338,0
1,stride16-gcc13-scalar-r7-random_access-scalar-warm-basic-36864,stride16-gcc13-scalar,7,random_access,scalar,warm,basic,36864,73728,301178880,32680,250002355,548734228,4,4,0,0,0,0
1,stride16-gcc13-scalar-r7-random_access-scalar-warm-basic-24576,stride16-gcc13-scalar,7,random_access,scalar,warm,basic,24576,49152,341575680,55595,250004041,548737620,4,4,0,0,13154373539088,0
1,stride16-gcc13-scalar-r7-random_access-scalar-warm-basic-33554432,stride16-gcc13-scalar,7,random_access,scalar,warm,basic,33554432,67108864,25165824,3,325329723,714070944,4,4,0,0,18014904298459376,0
1,stride16-gcc13-scalar-r7-random_access-scalar-warm-branch-98304,stride16-gcc13-scalar,7,random_access,scalar,warm,branch,98304,196608,244826112,9962,250008455,548747296,4,4,0,0,0,0
1,stride16-gcc13-scalar-r7-random_access-scalar-warm-basic-65536,stride16-gcc13-scalar,7,random_access,scalar,warm,basic,65536,131072,256917504,15681,250012495,548756336,4,4,0,0,34972666403248,0
1,stride16-gcc13-scalar-r7-random_access-scalar-page_cold-basic-536870912,stride16-gcc13-scalar,7,random_access,scalar,page_cold,basic,536870912,1073741824,134217728,1,3686005149,8090472024,4,4,131072,0,0,1
1,stride16-gcc13-scalar-r7-random_access-scalar-warm-basic-98304,stride16-gcc13-scalar,7,random_access,scalar,warm,basic,98304,196608,247676928,10078,250003299,548735992,4,4,0,0,0,0
1,stride16-gcc13-scalar-r7-random_access-scalar-warm-branch-16384,stride16-gcc13-scalar,7,random_access,scalar,warm,branch,16384,32768,364339200,88950,250000942,548731120,4,4,0,0,0,0
1,stride16-gcc13-scalar-r7-random_access-scalar-warm-basic-32768,stride16-gcc13-scalar,7,random_access,scalar,warm,basic,32768,65536,313311232,38246,250003345,548736108,4,4,0,0,0,0
1,stride16-gcc13-scalar-r7-random_access-scalar-warm-branch-262144,stride16-gcc13-scalar,7,random_access,scalar,warm,branch,262144,524288,164495360,2510,250045881,548829784,4,4,0,0,0,0
1,stride16-gcc13-scalar-r7-random_access-scalar-warm-basic-134217728,stride16-gcc13-scalar,7,random_access,scalar,warm,basic,134217728,268435456,33554432,1,706126505,1549888836,4,4,0,0,72062639880752998,0
1,stride16-gcc13-scalar-r7-random_access-scalar-warm-branch-24576,stride16-gcc13-scalar,7,random_access,scalar,warm,branch,24576,49152,340678656,55449,250002807,548735052,4,4,0,0,13154373539088,0
1,stride16-gcc13-scalar-r7-random_access-scalar-warm-branch-536870912,stride16-gcc13-scalar,7,random_access,scalar,warm,branch,536870912,1073741824,134217728,1,3514807872,7714710900,4,4,0,0,288227971662694465,0
1,stride16-gcc13-scalar-r7-random_access-scalar-cache_evicted-branch-1048576,stride16-gcc13-scalar,7,random_access,scalar,cache_evicted,branch,1048576,2097152,112721920,430,250510039,549848272,4,4,0,0,0,0
1,stride16-gcc13-scalar-r7-random_access-scalar-warm-basic-4194304,stride16-gcc13-scalar,7,random_access,scalar,warm,basic,4194304,8388608,51380224,49,254362185,558303340,4,4,0,0,2250685993102487,0
1,stride16-gcc13-scalar-r7-random_access-scalar-cache_evicted-basic-33554432,stride16-gcc13-scalar,7,random_access,scalar,cache_evicted,basic,33554432,67108864,25165824,3,319320912,700882164,4,4,0,0,18014959187047585,0
1,stride16-gcc13-scalar-r7-random_access-scalar-warm-basic-6291456,stride16-gcc13-scalar,7,random_access,scalar,warm,basic,6291456,12582912,42467328,27,258432715,567237860,4,4,0,0,3375962988888079,0
1,stride16-gcc13-scalar-r7-random_access-scalar-cache_evicted-branch-33554432,stride16-gcc13-scalar,7,random_access,scalar,cache_evicted,branch,33554432,67108864,25165824,3,326243735,716077700,4,4,0,0,18014959187047585,0
1,stride16-gcc13-scalar-r7-random_access-scalar-warm-branch-36864,stride16-gcc13-scalar,7,random_access,scalar,warm,branch,36864,73728,301215744,32684,250004647,548738968,4,4,0,0,0,0
1,stride16-gcc13-scalar-r7-random_access-scalar-cache_evicted-basic-1048576,stride16-gcc13-scalar,7,random_access,scalar,cache_evicted,basic,1048576,2097152,112721920,430,250260527,549300604,4,4,0,0,0,0
1,stride16-gcc13-scalar-r7-random_access-scalar-warm-basic-8192,stride16-gcc13-scalar,7,random_access,scalar,warm,basic,8192,16384,395321344,193028,250001133,548731384,4,4,0,0,0,0
1,stride16-gcc13-scalar-r7-random_access-scalar-cache_evicted-branch-262144,stride16-gcc13-scalar,7,random_access,scalar,cache_evicted,branch,262144,524288,173408256,2646,250061539,548864148,4,4,0,0,0,0
1,stride16-gcc13-scalar-r7-random_access-scalar-warm-branch-2097152,stride16-gcc13-scalar,7,random_access,scalar,warm,branch,2097152,4194304,88604672,169,251483931,551985828,4,4,0,0,1125410002031047,0
1,stride16-gcc13-scalar-r7-random_access-scalar-warm-branch-28672,stride16-gcc13-scalar,7,random_access,scalar,warm,branch,28672,57344,330595328,46121,250004081,548738036,4,4,0,0,15333989796540,0
1,stride16-gcc13-scalar-r7-random_access-scalar-warm-basic-536870912,stride16-gcc13-scalar,7,random_access,scalar,warm,basic,536870912,1073741824,134217728,1,3517519689,7720663228,4,4,0,0,288227971662694465,0
1,stride16-gcc13-scalar-r7-random_access-scalar-cache_evicted-branch-6291456,stride16-gcc13-scalar,7,random_access,scalar,cache_evicted,branch,6291456,12582912,45613056,29,257491994,565172824,4,4,0,0,3374914441366152,0
1,stride16-gcc13-scalar-r7-random_access-scalar-warm-basic-294912,stride16-gcc13-scalar,7,random_access,scalar,warm,basic,294912,589824,157851648,2141,250039665,548815828,4,4,0,0,158006153829518,0
1,stride16-gcc13-scalar-r7-random_access-scalar-warm-branch-8388608,stride16-gcc13-scalar,7,random_access,scalar,warm,branch,8388608,16777216,33554432,16,254921947,559532016,4,4,0,0,0,0
1,stride16-gcc13-scalar-r7-random_access-scalar-warm-branch-294912,stride16-gcc13-scalar,7,random_access,scalar,warm,branch,294912,589824,158294016,2147,250038193,548812572,4,4,0,0,158006153829518,0
1,stride16-gcc13-scalar-r7-random_access-scalar-cache_evicted-basic-32768,stride16-gcc13-scalar,7,random_access,scalar,cache_evicted,basic,32768,65536,313925632,38321,250003806,548737168,4,4,0,0,17552869237866,0
1,stride16-gcc13-scalar-r7-random_access-scalar-warm-branch-32768,stride16-gcc13-scalar,7,random_access,scalar,warm,branch,32768,65536,313532416,38273,250006585,548743172,4,4,0,0,17578226690119,0
1,stride16-gcc13-scalar-r7-random_access-scalar-cache_evicted-basic-6291456,stride16-gcc13-scalar,7,random_access,scalar,cache_evicted,basic,6291456,12582912,44040192,28,256241026,562427260,4,4,0,0,0,0
1,stride16-gcc13-scalar-r7-random_access-scalar-cache_evicted-branch-32768,stride16-gcc13-scalar,7,random_access,scalar,cache_evicted,branch,32768,65536,314195968,38354,250006303,548742912,4,4,0,0,0,0
1,stride16-gcc13-scalar-r7-random_access-scalar-warm-branch-524288,stride16-gcc13-scalar,7,random_access,scalar,warm,branch,524288,1048576,127533056,973,250228024,549229424,4,4,0,0,280450529764531,0
1,stride16-gcc13-scalar-r7-random_access-scalar-warm-basic-393216,stride16-gcc13-scalar,7,random_access,scalar,warm,basic,393216,786432,136839168,1392,250116627,548984924,4,4,0,0,0,0
1,stride16-gcc13-scalar-r7-random_access-scalar-cache_evicted-branch-8388608,stride16-gcc13-scalar,7,random_access,scalar,cache_evicted,branch,8388608,16777216,33554432,16,257280021,564707176,4,4,0,0,0,0
1,stride16-gcc13-scalar-r7-random_access-scalar-warm-basic-7340032,stride16-gcc13-scalar,7,random_access,scalar,warm,basic,7340032,14680064,38535168,21,258913799,568293788,4,4,0,0,3939142690033425,0
1,stride16-gcc13-scalar-r7-random_access-scalar-warm-branch-6291456,stride16-gcc13-scalar,7,random_access,scalar,warm,branch,6291456,12582912,42467328,27,255891276,561659488,4,4,0,0,3375962988888079,0
1,stride16-gcc13-scalar-r7-random_access-scalar-warm-branch-5242880,stride16-gcc13-scalar,7,random_access,scalar,warm,branch,5242880,10485760,49807360,38,255744225,561336844,4,4,0,0,0,0
1,stride16-gcc13-scalar-r7-random_access-scalar-warm-basic-524288,stride16-gcc13-scalar,7,random_access,scalar,warm,basic,524288,1048576,127270912,971,250011688,548754424,4,4,0,0,280450529764531,0
1,stride16-gcc13-scalar-r7-random_access-scalar-warm-basic-131072,stride16-gcc13-scalar,7,random_access,scalar,warm,basic,131072,262144,234749952,7164,250017035,548766468,4,4,0,0,0,0
1,stride16-gcc13-scalar-r7-random_access-scalar-warm-branch-12582912,stride16-gcc13-scalar,7,random_access,scalar,warm,branch,12582912,25165824,28311552,9,260537806,571858256,4,4,0,0,6756542970188798,0
1,stride16-gcc13-scalar-r7-random_access-scalar-warm-branch-131072,stride16-gcc13-scalar,7,random_access,scalar,warm,branch,131072,262144,218497024,6668,250000777,548730432,4,4,0,0,0,0
1,stride16-gcc13-scalar-r7-random_access-scalar-warm-branch-134217728,stride16-gcc13-scalar,7,random_access,scalar,warm,branch,134217728,268435456,33554432,1,693149594,1521405492,4,4,0,0,72062639880752998,0
1,stride16-gcc13-scalar-r7-random_access-scalar-warm-basic-28672,stride16-gcc13-scalar,7,random_access,scalar,warm,basic,28672,57344,330494976,46107,250003969,548737460,4,4,0,0,15333989796540,0
1,stride16-gcc13-scalar-r7-random_access-scalar-cache_evicted-basic-8388608,stride16-gcc13-scalar,7,random_access,scalar,cache_evicted,basic,8388608,16777216,35651584,17,264062904,579595048,4,4,0,0,4500488970368911,0
1,stride16-gcc13-scalar-r7-random_access-scalar-warm-basic-5242880,stride16-gcc13-scalar,7,random_access,scalar,warm,basic,5242880,10485760,48496640,37,254474435,558549768,4,4,0,0,2813690984952284,0
1,stride16-gcc13-scalar-r7-random_access-scalar-warm-basic-2097152,stride16-gcc13-scalar,7,random_access,scalar,warm,basic,2097152,4194304,104857600,200,250325667,549443640,4,4,0,0,0,0
1,stride16-gcc13-scalar-r7-random_access-scalar-warm-branch-7340032,stride16-gcc13-scalar,7,random_access,scalar,warm,branch,7340032,14680064,38535168,21,257872750,566009104,4,4,0,0,3939142690033425,0
1,stride16-gcc13-scalar-r7-random_access-scalar-warm-basic-1048576,stride16-gcc13-scalar,7,random_access,scalar,warm,basic,1048576,2097152,113246208,432,250057173,548854368,4,4,0,0,0,0
1,stride16-gcc13-scalar-r7-random_access-scalar-warm-branch-8192,stride16-gcc13-scalar,7,random_access,scalar,warm,branch,8192,16384,394964992,192854,250000888,548730848,4,4,0,0,0,0
1,stride16-gcc13-scalar-r7-random_access-scalar-warm-basic-262144,stride16-gcc13-scalar,7,random_access,scalar,warm,basic,262144,524288,170917888,2608,250090468,548927616,4,4,0,0,0,0
1,stride16-gcc13-scalar-r7-random_access-scalar-warm-branch-49152,stride16-gcc13-scalar,7,random_access,scalar,warm,branch,49152,98304,275337216,22407,250009156,548748840,4,4,0,0,26249948842411,0
1,stride16-gcc13-scalar-r7-random_access-scalar-warm-basic-229376,stride16-gcc13-scalar,7,random_access,scalar,warm,basic,229376,458752,194740224,3396,250010339,548751744,4,4,0,0,0,0
1,stride16-gcc13-scalar-r7-random_access-scalar-warm-branch-65536,stride16-gcc13-scalar,7,random_access,scalar,warm,branch,65536,131072,258506752,15778,250001688,548732604,4,4,0,0,0,0
1,stride16-gcc13-scalar-r7-random_access-scalar-warm-basic-12582912,stride16-gcc13-scalar,7,random_access,scalar,warm,basic,12582912,25165824,28311552,9,261922795,574898584,4,4,0,0,6756542970188798,0
1,stride16-gcc13-scalar-r7-random_access-scalar-cache_evicted-basic-262144,stride16-gcc13-scalar,7,random_access,scalar,cache_evicted,basic,262144,524288,174129152,2657,250010102,548750912,4,4,0,0,140875203592529,0
1,stride16-gcc13-scalar-r7-random_access-scalar-warm-basic-8388608,stride16-gcc13-scalar,7,random_access,scalar,warm,basic,8388608,16777216,35651584,17,259629938,569865860,4,4,0,0,4500708513194356,0
1,stride16-gcc13-scalar-r7-random_access-scalar-page_cold-branch-536870912,stride16-gcc13-scalar,7,random_access,scalar,page_cold,branch,536870912,1073741824,134217728,1,3682374830,8082504312,4,4,131072,0,0,1
1,stride16-gcc13-scalar-r7-random_access-scalar-warm-branch-33554432,stride16-gcc13-scalar,7,random_access,scalar,warm,branch,33554432,67108864,25165824,3,322038592,706847360,4,4,0,0,18014904298459376,0
1,stride16-gcc13-scalar-r7-random_access-scalar-warm-branch-229376,stride16-gcc13-scalar,7,random_access,scalar,warm,branch,229376,458752,199499776,3479,250028840,548792040,4,4,0,0,122664420045124,0
1,stride16-gcc13-scalar-r8-random_access-scalar-warm-basic-33554432,stride16-gcc13-scalar,8,random_access,scalar,warm,basic,33554432,67108864,25165824,3,319615793,701529920,4,4,0,0,18009487893668305,0
1,stride16-gcc13-scalar-r8-random_access-scalar-warm-basic-2097152,stride16-gcc13-scalar,8,random_access,scalar,warm,basic,2097152,4194304,89653248,171,250975453,550869864,4,4,0,0,1126574064715328,0
1,stride16-gcc13-scalar-r8-random_access-scalar-cache_evicted-basic-33554432,stride16-gcc13-scalar,8,random_access,scalar,cache_evicted,basic,33554432,67108864,25165824,3,324153124,711488992,4,4,0,0,18012222071342081,0
1,stride16-gcc13-scalar-r8-random_access-scalar-warm-basic-524288,stride16-gcc13-scalar,8,random_access,scalar,warm,basic,524288,1048576,127664128,974,250244800,549266056,4,4,0,0,0,0
1,stride16-gcc13-scalar-r8-random_access-scalar-warm-branch-134217728,stride16-gcc13-scalar,8,random_access,scalar,warm,branch,134217728,268435456,33554432,1,695916393,1527478140,4,4,0,0,72057195155620062,0
1,stride16-gcc13-scalar-r8-random_access-scalar-warm-basic-8388608,stride16-gcc13-scalar,8,random_access,scalar,warm,basic,8388608,16777216,35651584,17,259411315,569385696,4,4,0,0,4504033688369305,0
1,stride16-gcc13-scalar-r8-random_access-scalar-warm-basic-28672,stride16-gcc13-scalar,8,random_access,scalar,warm,basic,28672,57344,330337280,46085,250001394,548731956,4,4,0,0,15372144650699,0
1,stride16-gcc13-scalar-r8-random_access-scalar-warm-branch-5242880,stride16-gcc13-scalar,8,random_access,scalar,warm,branch,5242880,10485760,52428800,40,250083426,548911856,4,4,0,0,0,0
1,stride16-gcc13-scalar-r8-random_access-scalar-warm-branch-49152,stride16-gcc13-scalar,8,random_access,scalar,warm,branch,49152,98304,275398656,22412,250008985,548748616,4,4,0,0,0,0
1,stride16-gcc13-scalar-r8-random_access-scalar-warm-branch-24576,stride16-gcc13-scalar,8,random_access,scalar,warm,branch,24576,49152,341336064,55556,250001530,548732400,4,4,0,0,0,0
1,stride16-gcc13-scalar-r8-random_access-scalar-warm-branch-294912,stride16-gcc13-scalar,8,random_access,scalar,warm,branch,294912,589824,153501696,2082,250051782,548842396,4,4,0,0,0,0
1,stride16-gcc13-scalar-r8-random_access-scalar-warm-branch-196608,stride16-gcc13-scalar,8,random_access,scalar,warm,branch,196608,393216,208945152,4251,250023455,548780220,4,4,0,0,105600399914235,0
1,stride16-gcc13-scalar-r8-random_access-scalar-cache_evicted-branch-32768,stride16-gcc13-scalar,8,random_access,scalar,cache_evicted,branch,32768,65536,313778176,38303,250004719,548739096,4,4,0,0,17474825110704,0
1,stride16-gcc13-scalar-r8-random_access-scalar-warm-branch-65536,stride16-gcc13-scalar,8,random_access,scalar,warm,branch,65536,131072,257802240,15735,250003351,548736416,4,4,0,0,35120222867211,0
1,stride16-gcc13-scalar-r8-random_access-scalar-cache_evicted-basic-8388608,stride16-gcc13-scalar,8,random_access,scalar,cache_evicted,basic,8388608,16777216,35651584,17,260114645,570929812,4,4,0,0,4504062484020887,0
1,stride16-gcc13-scalar-r8-random_access-scalar-warm-branch-1048576,stride16-gcc13-scalar,8,random_access,scalar,warm,branch,1048576,2097152,113246208,432,250201891,549172052,4,4,0,0,0,0
1,stride16-gcc13-scalar-r8-random_access-scalar-warm-basic-12582912,stride16-gcc13-scalar,8,random_access,scalar,warm,basic,12582912,25165824,28311552,9,262632832,576456780,4,4,0,0,6753773180010057,0
1,stride16-gcc13-scalar-r8-random_access-scalar-warm-basic-262144,stride16-gcc13-scalar,8,random_access,scalar,warm,basic,262144,524288,174260224,2659,250021922,548777020,4,4,0,0,141268768520709,0
1,stride16-gcc13-scalar-r8-random_access-scalar-warm-basic-229376,stride16-gcc13-scalar,8,random_access,scalar,warm,basic,229376,458752,187572224,3271,250073073,548889136,4,4,0,0,123554405104561,0
1,stride16-gcc13-scalar-r8-random_access-scalar-warm-basic-4194304,stride16-gcc13-scalar,8,random_access,scalar,warm,basic,4194304,8388608,56623104,54,253516179,556446436,4,4,0,0,0,0
1,stride16-gcc13-scalar-r8-random_access-scalar-warm-basic-5242880,stride16-gcc13-scalar,8,random_access,scalar,warm,basic,5242880,10485760,52428800,40,255033480,559776808,4,4,0,0,0,0
1,stride16-gcc13-scalar-r8-random_access-scalar-warm-branch-16384,stride16-gcc13-scalar,8,random_access,scalar,warm,branch,16384,32768,383676416,93671,250000258,548729316,4,4,0,0,8815043196463,0
1,stride16-gcc13-scalar-r8-random_access-scalar-cache_evicted-branch-6291456,stride16-gcc13-scalar,8,random_access,scalar,cache_evicted,branch,6291456,12582912,44040192,28,256479379,562950420,4,4,0,0,0,0
1,stride16-gcc13-scalar-r8-random_access-scalar-warm-branch-393216,stride16-gcc13-scalar,8,random_access,scalar,warm,branch,393216,786432,136642560,1390,250005193,548740188,4,4,0,0,0,0
1,stride16-gcc13-scalar-r8-random_access-scalar-warm-basic-24576,stride16-gcc13-scalar,8,random_access,scalar,warm,basic,24576,49152,340905984,55486,250001543,548732284,4,4,0,0,0,0
1,stride16-gcc13-scalar-r8-random_access-scalar-warm-basic-7340032,stride16-gcc13-scalar,8,random_access,scalar,warm,basic,7340032,14680064,38535168,21,256122319,562167024,4,4,0,0,3941359424848295,0
1,stride16-gcc13-scalar-r8-random_access-scalar-cache_evicted-branch-1048576,stride16-gcc13-scalar,8,random_access,scalar,cache_evicted,branch,1048576,2097152,111935488,427,250207478,549184096,4,4,0,0,563277521775650,0
1,stride16-gcc13-scalar-r8-random_access-scalar-warm-branch-229376,stride16-gcc13-scalar,8,random_access,scalar,warm,branch,229376,458752,191471616,3339,250036607,548809244,4,4,0,0,123554405104561,0
1,stride16-gcc13-scalar-r8-random_access-scalar-warm-branch-4194304,stride16-gcc13-scalar,8,random_access,scalar,warm,branch,4194304,8388608,58720256,56,253725897,556906760,4,4,0,0,0,0
1,stride16-gcc13-scalar-r8-random_access-scalar-page_cold-basic-33554432,stride16-gcc13-scalar,8,random_access,scalar,page_cold,basic,33554432,67108864,8388608,1,100618254,220847192,4,4,8192,0,0,1
1,stride16-gcc13-scalar-r8-random_access-scalar-cache_evicted-basic-32768,stride16-gcc13-scalar,8,random_access,scalar,cache_evicted,basic,32768,65536,313999360,38330,250005535,548741048,4,4,0,0,0,0
1,stride16-gcc13-scalar-r8-random_access-scalar-warm-basic-196608,stride16-gcc13-scalar,8,random_access,scalar,warm,basic,196608,393216,201277440,4095,250047416,548833000,4,4,0,0,105600399914235,0
1,stride16-gcc13-scalar-r8-random_access-scalar-warm-basic-1048576,stride16-gcc13-scalar,8,random_access,scalar,warm,basic,1048576,2097152,112197632,428,250519483,549869048,4,4,0,0,0,0
1,stride16-gcc13-scalar-r8-random_access-scalar-warm-basic-6291456,stride16-gcc13-scalar,8,random_access,scalar,warm,basic,6291456,12582912,39321600,25,256768009,563584276,4,4,0,0,3377911651721416,0
1,stride16-gcc13-scalar-r8-random_access-scalar-cache_evicted-basic-262144,stride16-gcc13-scalar,8,random_access,scalar,cache_evicted,basic,262144,524288,176160768,2688,250010267,548751252,4,4,0,0,0,0
1,stride16-gcc13-scalar-r8-random_access-scalar-cache_evicted-branch-536870912,stride16-gcc13-scalar,8,random_access,scalar,cache_evicted,branch,536870912,1073741824,134217728,1,3515783903,7716853284,4,4,0,0,288243420850232664,0
1,stride16-gcc13-scalar-r8-random_access-scalar-cache_evicted-basic-536870912,stride16-gcc13-scalar,8,random_access,scalar,cache_evicted,basic,536870912,1073741824,134217728,1,3516016689,7717364196,4,4,0,0,288243420850232664,0
1,stride16-gcc13-scalar-r8-random_access-scalar-warm-basic-294912,stride16-gcc13-scalar,8,random_access,scalar,warm,basic,294912,589824,157851648,2141,250033835,548803016,4,4,0,0,158764090610144,0
1,stride16-gcc13-scalar-r8-random_access-scalar-warm-branch-12582912,stride16-gcc13-scalar,8,random_access,scalar,warm,branch,12582912,25165824,28311552,9,260143515,570992912,4,4,0,0,6753773180010057,0
1,stride16-gcc13-scalar-r8-random_access-scalar-page_cold-branch-536870912,stride16-gcc13-scalar,8,random_access,scalar,page_cold,branch,536870912,1073741824,134217728,1,3597075151,7895278600,4,4,131072,0,0,1
1,stride16-gcc13-scalar-r8-random_access-scalar-warm-branch-2097152,stride16-gcc13-scalar,8,random_access,scalar,warm,branch,2097152,4194304,49807360,95,251426994,551860868,4,4,0,0,1126574064715328,0
1,stride16-gcc13-scalar-r8-random_access-scalar-warm-basic-36864,stride16-gcc13-scalar,8,random_access,scalar,warm,basic,36864,73728,302607360,32835,250007613,548745480,4,4,0,0,19800068451916,0
1,stride16-gcc13-scalar-r8-random_access-scalar-warm-branch-131072,stride16-gcc13-scalar,8,random_access,scalar,warm,branch,131072,262144,233078784,7113,250020563,548773872,4,4,0,0,70083594007346,0
1,stride16-gcc13-scalar-r8-random_access-scalar-cache_evicted-branch-262144,stride16-gcc13-scalar,8,random_access,scalar,cache_evicted,branch,262144,524288,170131456,2596,250088203,548922316,4,4,0,0,0,0
1,stride16-gcc13-scalar-r8-random_access-scalar-warm-branch-98304,stride16-gcc13-scalar,8,random_access,scalar,warm,branch,98304,196608,244064256,9931,250018977,548770388,4,4,0,0,52614519066404,0
1,stride16-gcc13-scalar-r8-random_access-scalar-warm-branch-28672,stride16-gcc13-scalar,8,random_access,scalar,warm,branch,28672,57344,329921536,46027,250002749,548734756,4,4,0,0,15372144650699,0
1,stride16-gcc13-scalar-r8-random_access-scalar-warm-branch-524288,stride16-gcc13-scalar,8,random_access,scalar,warm,branch,524288,1048576,125566976,958,250027196,548788440,4,4,0,0,0,0
1,stride16-gcc13-scalar-r8-random_access-scalar-warm-basic-536870912,stride16-gcc13-scalar,8,random_access,scalar,warm,basic,536870912,1073741824,134217728,1,3512812917,7710332168,4,4,0,0,288244604134951149,0
1,stride16-gcc13-scalar-r8-random_access-scalar-page_cold-basic-536870912,stride16-gcc13-scalar,8,random_access,scalar,page_cold,basic,536870912,1073741824,134217728,1,3517178412,7719911916,4,4,131072,0,0,1
1,stride16-gcc13-scalar-r8-random_access-scalar-warm-branch-536870912,stride16-gcc13-scalar,8,random_access,scalar,warm,branch,536870912,1073741824,134217728,1,3517929753,7721563204,4,4,0,0,288244604134951149,0
1,stride16-gcc13-scalar-r8-random_access-scalar-warm-branch-32768,stride16-gcc13-scalar,8,random_access,scalar,warm,branch,32768,65536,313876480,38315,250001770,548732636,4,4,0,0,17587261647130,0
1,stride16-gcc13-scalar-r8-random_access-scalar-warm-branch-262144,stride16-gcc13-scalar,8,random_access,scalar,warm,branch,262144,524288,173146112,2642,250010087,548751044,4,4,0,0,0,0
1,stride16-gcc13-scalar-r8-random_access-scalar-warm-basic-49152,stride16-gcc13-scalar,8,random_access,scalar,warm,basic,49152,98304,275546112,22424,250001947,548733168,4,4,0,0,0,0
1,stride16-gcc13-scalar-r8-random_access-scalar-cache_evicted-basic-1048576,stride16-gcc13-scalar,8,random_access,scalar,cache_evicted,basic,1048576,2097152,112984064,431,250200402,549168604,4,4,0,0,563277521775650,0
1,stride16-gcc13-scalar-r8-random_access-scalar-warm-basic-98304,stride16-gcc13-scalar,8,random_access,scalar,warm,basic,98304,196608,244113408,9933,250023418,548780136,4,4,0,0,52614519066404,0
1,stride16-gcc13-scalar-r8-random_access-scalar-warm-basic-65536,stride16-gcc13-scalar,8,random_access,scalar,warm,basic,65536,131072,257982464,15746,250009225,548749020,4,4,0,0,0,0
1,stride16-gcc13-scalar-r8-random_access-scalar-warm-branch-7340032,stride16-gcc13-scalar,8,random_access,scalar,warm,branch,7340032,14680064,36700160,20,259270327,569076496,4,4,0,0,0,0
1,stride16-gcc13-scalar-r8-random_access-scalar-warm-basic-134217728,stride16-gcc13-scalar,8,random_access,scalar,warm,basic,134217728,268435456,33554432,1,694946256,1525349040,4,4,0,0,72057195155620062,0
1,stride16-gcc13-scalar-r8-random_access-scalar-warm-basic-131072,stride16-gcc13-scalar,8,random_access,scalar,warm,basic,131072,262144,232062976,7082,250015323,548762368,4,4,0,0,0,0
1,stride16-gcc13-scalar-r8-random_access-scalar-warm-branch-33554432,stride16-gcc13-scalar,8,random_access,scalar,warm,branch,33554432,67108864,25165824,3,333574463,732168036,4,4,0,0,18009487893668305,0
1,stride16-gcc13-scalar-r8-random_access-scalar-warm-basic-8192,stride16-gcc13-scalar,8,random_access,scalar,warm,basic,8192,16384,392802304,191798,250000501,548730152,4,4,0,0,0,0
1,stride16-gcc13-scalar-r8-random_access-scalar-warm-branch-36864,stride16-gcc13-scalar,8,random_access,scalar,warm,branch,36864,73728,302736384,32849,250004917,548739696,4,4,0,0,19800068451916,0
1,stride16-gcc13-scalar-r8-random_access-scalar-cache_evicted-basic-6291456,stride16-gcc13-scalar,8,random_access,scalar,cache_evicted,basic,6291456,12582912,42467328,27,257173940,564474952,4,4,0,0,3379002299924477,0
1,stride16-gcc13-scalar-r8-random_access-scalar-warm-branch-8388608,stride16-gcc13-scalar,8,random_access,scalar,warm,branch,8388608,16777216,33554432,16,259277137,569090668,4,4,0,0,0,0
1,stride16-gcc13-scalar-r8-random_access-scalar-cache_evicted-branch-8388608,stride16-gcc13-scalar,8,random_access,scalar,cache_evicted,branch,8388608,16777216,35651584,17,260307064,571351888,4,4,0,0,4504062484020887,0
1,stride16-gcc13-scalar-r8-random_access-scalar-warm-branch-8192,stride16-gcc13-scalar,8,random_access,scalar,warm,branch,8192,16384,395061248,192901,250001083,548731100,4,4,0,0,4346536997224,0
1,stride16-gcc13-scalar-r8-random_access-scalar-warm-basic-16384,stride16-gcc13-scalar,8,random_access,scalar,warm,basic,16384,32768,369999872,90332,250001246,548731476,4,4,0,0,0,0
1,stride16-gcc13-scalar-r8-random_access-scalar-cache_evicted-branch-33554432,stride16-gcc13-scalar,8,random_access,scalar,cache_evicted,branch,33554432,67108864,25165824,3,325957012,715448368,4,4,0,0,18012222071342081,0
1,stride16-gcc13-scalar-r8-random_access-scalar-page_cold-branch-33554432,stride16-gcc13-scalar,8,random_access,scalar,page_cold,branch,33554432,67108864,8388608,1,100809758,221267232,4,4,8192,0,0,1
1,stride16-gcc13-scalar-r8-random_access-scalar-warm-basic-393216,stride16-gcc13-scalar,8,random_access,scalar,warm,basic,393216,786432,136937472,1393,250073252,548889860,4,4,0,0,211867695402961,0
1,stride16-gcc13-scalar-r8-random_access-scalar-warm-basic-32768,stride16-gcc13-scalar,8,random_access,scalar,warm,basic,32768,65536,313802752,38306,250002530,548734456,4,4,0,0,0,0
1,stride16-gcc13-scalar-r8-random_access-scalar-warm-branch-6291456,stride16-gcc13-scalar,8,random_access,scalar,warm,branch,6291456,12582912,42467328,27,251301593,551585644,4,4,0,0,3377911651721416,0
1,stride16-gcc13-scalar-r9-random_access-scalar-warm-basic-262144,stride16-gcc13-scalar,9,random_access,scalar,warm,basic,262144,524288,173867008,2653,250041938,548820864,4,4,0,0,141131947017078,0
1,stride16-gcc13-scalar-r9-random_access-scalar-cache_evicted-branch-262144,stride16-gcc13-scalar,9,random_access,scalar,cache_evicted,branch,262144,524288,175570944,2679,250017571,548767436,4,4,0,0,140366010823967,0
1,stride16-gcc13-scalar-r9-random_access-scalar-warm-basic-1048576,stride16-gcc13-scalar,9,random_access,scalar,warm,basic,1048576,2097152,112984064,431,250220940,549213652,4,4,0,0,564292570507003,0
1,stride16-gcc13-scalar-r9-random_access-scalar-warm-branch-294912,stride16-gcc13-scalar,9,random_access,scalar,warm,branch,294912,589824,160579584,2178,250061584,548863892,4,4,0,0,0,0
1,stride16-gcc13-scalar-r9-random_access-scalar-cache_evicted-basic-8388608,stride16-gcc13-scalar,9,random_access,scalar,cache_evicted,basic,8388608,16777216,35651584,17,263702537,578804972,4,4,0,0,4502633540281563,0
1,stride16-gcc13-scalar-r9-random_access-scalar-warm-basic-36864,stride16-gcc13-scalar,9,random_access,scalar,warm,basic,36864,73728,300939264,32654,250000615,548730216,4,4,0,0,0,0
1,stride16-gcc13-scalar-r9-random_access-scalar-warm-basic-2097152,stride16-gcc13-scalar,9,random_access,scalar,warm,basic,2097152,4194304,96993280,185,250314374,549418764,4,4,0,0,1127812736989875,0
1,stride16-gcc13-scalar-r9-random_access-scalar-warm-branch-2097152,stride16-gcc13-scalar,9,random_access,scalar,warm,branch,2097152,4194304,97517568,186,251161460,551278052,4,4,0,0,0,0
1,stride16-gcc13-scalar-r9-random_access-scalar-cache_evicted-basic-6291456,stride16-gcc13-scalar,9,random_access,scalar,cache_evicted,basic,6291456,12582912,42467328,27,252141594,553429376,4,4,0,0,3376494588462017,0
1,stride16-gcc13-scalar-r9-random_access-scalar-warm-branch-536870912,stride16-gcc13-scalar,9,random_access,scalar,warm,branch,536870912,1073741824,134217728,1,3515001505,7715135940,4,4,0,0,288182394229410520,0
1,stride16-gcc13-scalar-r9-random_access-scalar-warm-basic-393216,stride16-gcc13-scalar,9,random_access,scalar,warm,basic,393216,786432,136839168,1392,250093812,548934940,4,4,0,0,0,0
1,stride16-gcc13-scalar-r9-random_access-scalar-warm-basic-134217728,stride16-gcc13-scalar,9,random_access,scalar,warm,basic,134217728,268435456,33554432,1,702692997,1542352216,4,4,0,0,72041251479846886,0
1,stride16-gcc13-scalar-r9-random_access-scalar-warm-branch-12582912,stride16-gcc13-scalar,9,random_access,scalar,warm,branch,12582912,25165824,28311552,9,260640972,572084492,4,4,0,0,6756954068084066,0
1,stride16-gcc13-scalar-r9-random_access-scalar-cache_evicted-branch-6291456,stride16-gcc13-scalar,9,random_access,scalar,cache_evicted,branch,6291456,12582912,37748736,24,250440808,549695688,4,4,0,0,0,0
1,stride16-gcc13-scalar-r9-random_access-scalar-warm-branch-65536,stride16-gcc13-scalar,9,random_access,scalar,warm,branch,65536,131072,256360448,15647,250014424,548760560,4,4,0,0,35243057335963,0
1,stride16-gcc13-scalar-r9-random_access-scalar-warm-branch-6291456,stride16-gcc13-scalar,9,random_access,scalar,warm,branch,6291456,12582912,40894464,26,251004966,550934056,4,4,0,0,0,0
1,stride16-gcc13-scalar-r9-random_access-scalar-cache_evicted-branch-1048576,stride16-gcc13-scalar,9,random_access,scalar,cache_evicted,branch,1048576,2097152,112721920,430,250245343,549267280,4,4,0,0,0,0
1,stride16-gcc13-scalar-r9-random_access-scalar-warm-basic-7340032,stride16-gcc13-scalar,9,random_access,scalar,warm,basic,7340032,14680064,38535168,21,256119824,562161228,4,4,0,0,3943468570866171,0
1,stride16-gcc13-scalar-r9-random_access-scalar-warm-branch-134217728,stride16-gcc13-scalar,9,random_access,scalar,warm,branch,134217728,268435456,33554432,1,694452338,1524264904,4,4,0,0,72041251479846886,0
1,stride16-gcc13-scalar-r9-random_access-scalar-warm-branch-7340032,stride16-gcc13-scalar,9,random_access,scalar,warm,branch,7340032,14680064,38535168,21,256805404,563666368,4,4,0,0,3943468570866171,0
1,stride16-gcc13-scalar-r9-random_access-scalar-warm-basic-294912,stride16-gcc13-scalar,9,random_access,scalar,warm,basic,294912,589824,158220288,2146,250108309,548966536,4,4,0,0,0,0
1,stride16-gcc13-scalar-r9-random_access-scalar-page_cold-branch-536870912,stride16-gcc13-scalar,9,random_access,scalar,page_cold,branch,536870912,1073741824,134217728,1,3520137086,7726406036,4,4,131072,0,0,1
1,stride16-gcc13-scalar-r9-random_access-scalar-cache_evicted-branch-33554432,stride16-gcc13-scalar,9,random_access,scalar,cache_evicted,branch,33554432,67108864,25165824,3,320357728,703158108,4,4,0,0,18007709815644235,0
1,stride16-gcc13-scalar-r9-random_access-scalar-warm-basic-12582912,stride16-gcc13-scalar,9,random_access,scalar,warm,basic,12582912,25165824,28311552,9,274799509,603161240,4,4,0,0,6756954068084066,0
1,stride16-gcc13-scalar-r9-random_access-scalar-cache_evicted-basic-262144,stride16-gcc13-scalar,9,random_access,scalar,cache_evicted,basic,262144,524288,169738240,2590,250037094,548810132,4,4,0,0,0,0
1,stride16-gcc13-scalar-r9-random_access-scalar-warm-basic-4194304,stride16-gcc13-scalar,9,random_access,scalar,warm,basic,4194304,8388608,54525952,52,254492891,558590260,4,4,0,0,0,0
1,stride16-gcc13-scalar-r9-random_access-scalar-warm-branch-32768,stride16-gcc13-scalar,9,random_access,scalar,warm,branch,32768,65536,313352192,38251,250003385,548736096,4,4,0,0,17680204419754,0
1,stride16-gcc13-scalar-r9-random_access-scalar-warm-basic-32768,stride16-gcc13-scalar,9,random_access,scalar,warm,basic,32768,65536,313073664,38217,250004711,548739400,4,4,0,0,17680204419754,0
1,stride16-gcc13-scalar-r9-random_access-scalar-warm-branch-98304,stride16-gcc13-scalar,9,random_access,scalar,warm,branch,98304,196608,243572736,9911,250021322,548775540,4,4,0,0,53008254704556,0
1,stride16-gcc13-scalar-r9-random_access-scalar-cache_evicted-basic-1048576,stride16-gcc13-scalar,9,random_access,scalar,cache_evicted,basic,1048576,2097152,112984064,431,250291376,549368364,4,4,0,0,562352102686463,0
1,stride16-gcc13-scalar-r9-random_access-scalar-warm-basic-28672,stride16-gcc13-scalar,9,random_access,scalar,warm,basic,28672,57344,328860672,45879,250000631,548730128,4,4,0,0,15400641990651,0
1,stride16-gcc13-scalar-r9-random_access-scalar-warm-branch-393216,stride16-gcc13-scalar,9,random_access,scalar,warm,branch,393216,786432,135659520,1380,250079825,548904112,4,4,0,0,0,0
1,stride16-gcc13-scalar-r9-random_access-scalar-warm-branch-36864,stride16-gcc13-scalar,9,random_access,scalar,warm,branch,36864,73728,300598272,32617,250004333,548738228,4,4,0,0,19871566900218,0
1,stride16-gcc13-scalar-r9-random_access-scalar-cache_evicted-basic-33554432,stride16-gcc13-scalar,9,random_access,scalar,cache_evicted,basic,33554432,67108864,25165824,3,320934308,704423556,4,4,0,0,18007709815644235,0
1,stride16-gcc13-scalar-r9-random_access-scalar-warm-branch-524288,stride16-gcc13-scalar,9,random_access,scalar,warm,branch,524288,1048576,127401984,972,250187508,549140320,4,4,0,0,0,0
1,stride16-gcc13-scalar-r9-random_access-scalar-warm-basic-524288,stride16-gcc13-scalar,9,random_access,scalar,warm,basic,524288,1048576,127270912,971,250135089,549025264,4,4,0,0,282721135509126,0
1,stride16-gcc13-scalar-r9-random_access-scalar-warm-basic-65536,stride16-gcc13-scalar,9,random_access,scalar,warm,basic,65536,131072,257490944,15716,250005393,548740708,4,4,0,0,0,0
1,stride16-gcc13-scalar-r9-random_access-scalar-warm-branch-8388608,stride16-gcc13-scalar,9,random_access,scalar,warm,branch,8388608,16777216,31457280,15,251013967,550954176,4,4,0,0,4505254138238703,0
1,stride16-gcc13-scalar-r9-random_access-scalar-warm-branch-24576,stride16-gcc13-scalar,9,random_access,scalar,warm,branch,24576,49152,340531200,55425,250003439,548736264,4,4,0,0,13214496895251,0
1,stride16-gcc13-scalar-r9-random_access-scalar-warm-basic-49152,stride16-gcc13-scalar,9,random_access,scalar,warm,basic,49152,98304,276013056,22462,250004447,548738620,4,4,0,0,0,0
1,stride16-gcc13-scalar-r9-random_access-scalar-warm-branch-196608,stride16-gcc13-scalar,9,random_access,scalar,warm,branch,196608,393216,212287488,4319,250018299,548769032,4,4,0,0,105847556136563,0
1,stride16-gcc13-scalar-r9-random_access-scalar-warm-basic-6291456,stride16-gcc13-scalar,9,random_access,scalar,warm,basic,6291456,12582912,42467328,27,251047911,551028800,4,4,0,0,3380744067516678,0
1,stride16-gcc13-scalar-r9-random_access-scalar-warm-branch-262144,stride16-gcc13-scalar,9,random_access,scalar,warm,branch,262144,524288,170786816,2606,250005885,548741968,4,4,0,0,0,0
1,stride16-gcc13-scalar-r9-random_access-scalar-warm-basic-8388608,stride16-gcc13-scalar,9,random_access,scalar,warm,basic,8388608,16777216,35651584,17,261952311,574963080,4,4,0,0,4505254138238703,0
1,stride16-gcc13-scalar-r9-random_access-scalar-warm-basic-229376,stride16-gcc13-scalar,9,random_access,scalar,warm,basic,229376,458752,196689920,3430,250017617,548767308,4,4,0,0,0,0
1,stride16-gcc13-scalar-r9-random_access-scalar-warm-basic-131072,stride16-gcc13-scalar,9,random_access,scalar,warm,basic,131072,262144,232882176,7107,250003700,548736868,4,4,0,0,70544121719787,0
1,stride16-gcc13-scalar-r9-random_access-scalar-cache_evicted-basic-32768,stride16-gcc13-scalar,9,random_access,scalar,cache_evicted,basic,32768,65536,313081856,38218,250004369,548738396,4,4,0,0,0,0
1,stride16-gcc13-scalar-r9-random_access-scalar-warm-branch-28672,stride16-gcc13-scalar,9,random_access,scalar,warm,branch,28672,57344,328401920,45815,250000163,548729436,4,4,0,0,15400641990651,0
1,stride16-gcc13-scalar-r9-random_access-scalar-warm-branch-16384,stride16-gcc13-scalar,9,random_access,scalar,warm,branch,16384,32768,373428224,91169,250000485,548729832,4,4,0,0,8892674945317,0
1,stride16-gcc13-scalar-r9-random_access-scalar-warm-basic-33554432,stride16-gcc13-scalar,9,random_access,scalar,warm,basic,33554432,67108864,25165824,3,324621477,712517012,4,4,0,0,18014572478579830,0
1,stride16-gcc13-scalar-r9-random_access-scalar-warm-branch-8192,stride16-gcc13-scalar,9,random_access,scalar,warm,branch,8192,16384,394397696,192577,250001470,548731996,4,4,0,0,4476403086922,0
1,stride16-gcc13-scalar-r9-random_access-scalar-warm-basic-5242880,stride16-gcc13-scalar,9,random_access,scalar,warm,basic,5242880,10485760,43253760,33,253530712,556478332,4,4,0,0,2817722974054623,0
1,stride16-gcc13-scalar-r9-random_access-scalar-warm-basic-24576,stride16-gcc13-scalar,9,random_access,scalar,warm,basic,24576,49152,340279296,55384,250001288,548731552,4,4,0,0,0,0
1,stride16-gcc13-scalar-r9-random_access-scalar-warm-basic-536870912,stride16-gcc13-scalar,9,random_access,scalar,warm,basic,536870912,1073741824,134217728,1,3542456961,7775398388,4,4,0,0,288182394229410520,0
1,stride16-gcc13-scalar-r9-random_access-scalar-warm-branch-1048576,stride16-gcc13-scalar,9,random_access,scalar,warm,branch,1048576,2097152,113246208,432,250273085,549328248,4,4,0,0,0,0
1,stride16-gcc13-scalar-r9-random_access-scalar-warm-basic-98304,stride16-gcc13-scalar,9,random_access,scalar,warm,basic,98304,196608,242466816,9866,250001182,548731504,4,4,0,0,0,0
1,stride16-gcc13-scalar-r9-random_access-scalar-page_cold-basic-536870912,stride16-gcc13-scalar,9,random_access,scalar,page_cold,basic,536870912,1073741824,134217728,1,3759954594,8252785224,4,4,131072,0,0,1
1,stride16-gcc13-scalar-r9-random_access-scalar-cache_evicted-branch-536870912,stride16-gcc13-scalar,9,random_access,scalar,cache_evicted,branch,536870912,1073741824,134217728,1,3516468719,7718356400,4,4,0,0,288246516789704101,0
1,stride16-gcc13-scalar-r9-random_access-scalar-warm-branch-229376,stride16-gcc13-scalar,9,random_access,scalar,warm,branch,229376,458752,186597376,3254,250050386,548839264,4,4,0,0,0,0
1,stride16-gcc13-scalar-r9-random_access-scalar-cache_evicted-branch-8388608,stride16-gcc13-scalar,9,random_access,scalar,cache_evicted,branch,8388608,16777216,35651584,17,260731438,572283320,4,4,0,0,4502633540281563,0
1,stride16-gcc13-scalar-r9-random_access-scalar-page_cold-basic-33554432,stride16-gcc13-scalar,9,random_access,scalar,page_cold,basic,33554432,67108864,8388608,1,100711689,221051956,4,4,8192,0,0,1
1,stride16-gcc13-scalar-r9-random_access-scalar-warm-branch-49152,stride16-gcc13-scalar,9,random_access,scalar,warm,branch,49152,98304,275914752,22454,250010683,548752168,4,4,0,0,0,0
1,stride16-gcc13-scalar-r9-random_access-scalar-cache_evicted-basic-536870912,stride16-gcc13-scalar,9,random_access,scalar,cache_evicted,basic,536870912,1073741824,134217728,1,3515998741,7717324764,4,4,0,0,288246516789704101,0
1,stride16-gcc13-scalar-r9-random_access-scalar-page_cold-branch-33554432,stride16-gcc13-scalar,9,random_access,scalar,page_cold,branch,33554432,67108864,8388608,1,100742302,221118568,4,4,8192,0,0,1
1,stride16-gcc13-scalar-r9-random_access-scalar-warm-branch-33554432,stride16-gcc13-scalar,9,random_access,scalar,warm,branch,33554432,67108864,25165824,3,321925476,706599316,4,4,0,0,18014572478579830,0
1,stride16-gcc13-scalar-r9-random_access-scalar-warm-branch-5242880,stride16-gcc13-scalar,9,random_access,scalar,warm,branch,5242880,10485760,53739520,41,253485033,556378084,4,4,0,0,2817722974054623,0
1,stride16-gcc13-scalar-r9-random_access-scalar-warm-basic-16384,stride16-gcc13-scalar,9,random_access,scalar,warm,basic,16384,32768,376651776,91956,250001815,548732728,4,4,0,0,0,0
1,stride16-gcc13-scalar-r9-random_access-scalar-warm-branch-4194304,stride16-gcc13-scalar,9,random_access,scalar,warm,branch,4194304,8388608,58720256,56,252997880,555308828,4,4,0,0,0,0
1,stride16-gcc13-scalar-r9-random_access-scalar-warm-basic-8192,stride16-gcc13-scalar,9,random_access,scalar,warm,basic,8192,16384,395184128,192961,250000587,548730340,4,4,0,0,4476403086922,0
1,stride16-gcc13-scalar-r9-random_access-scalar-warm-branch-131072,stride16-gcc13-scalar,9,random_access,scalar,warm,branch,131072,262144,229408768,7001,250004335,548738264,4,4,0,0,70544121719787,0
1,stride16-gcc13-scalar-r9-random_access-scalar-warm-basic-196608,stride16-gcc13-scalar,9,random_access,scalar,warm,basic,196608,393216,202260480,4115,250052633,548844428,4,4,0,0,105847556136563,0
1,stride16-gcc13-scalar-r9-random_access-scalar-cache_evicted-branch-32768,stride16-gcc13-scalar,9,random_access,scalar,cache_evicted,branch,32768,65536,313311232,38246,250002793,548734864,4,4,0,0,0,0
1,stride16-gcc13-scalar-r10-random_access-scalar-warm-basic-8192,stride16-gcc13-scalar,10,random_access,scalar,warm,basic,8192,16384,394825728,192786,250000337,548729512,4,4,0,0,0,0
1,stride16-gcc13-scalar-r10-random_access-scalar-warm-basic-24576,stride16-gcc13-scalar,10,random_access,scalar,warm,basic,24576,49152,340267008,55382,250003480,548736540,4,4,0,0,0,0
1,stride16-gcc13-scalar-r10-random_access-scalar-cache_evicted-basic-32768,stride16-gcc13-scalar,10,random_access,scalar,cache_evicted,basic,32768,65536,311902208,38074,250003016,548735564,4,4,0,0,0,0
1,stride16-gcc13-scalar-r10-random_access-scalar-warm-branch-33554432,stride16-gcc13-scalar,10,random_access,scalar,warm,branch,33554432,67108864,25165824,3,321609031,705904928,4,4,0,0,18011487010230869,0
1,stride16-gcc13-scalar-r10-random_access-scalar-warm-basic-393216,stride16-gcc13-scalar,10,random_access,scalar,warm,basic,393216,786432,136839168,1392,250115859,548983100,4,4,0,0,0,0
1,stride16-gcc13-scalar-r10-random_access-scalar-warm-branch-32768,stride16-gcc13-scalar,10,random_access,scalar,warm,branch,32768,65536,313032704,38212,250003632,548736720,4,4,0,0,0,0
1,stride16-gcc13-scalar-r10-random_access-scalar-warm-basic-16384,stride16-gcc13-scalar,10,random_access,scalar,warm,basic,16384,32768,385224704,94049,250000642,548730152,4,4,0,0,8791205915280,0
1,stride16-gcc13-scalar-r10-random_access-scalar-warm-branch-131072,stride16-gcc13-scalar,10,random_access,scalar,warm,branch,131072,262144,233177088,7116,250012954,548757484,4,4,0,0,0,0
1,stride16-gcc13-scalar-r10-random_access-scalar-cache_evicted-basic-262144,stride16-gcc13-scalar,10,random_access,scalar,cache_evicted,basic,262144,524288,170328064,2599,250068517,548879220,4,4,0,0,140901394566878,0
1,stride16-gcc13-scalar-r10-random_access-scalar-cache_evicted-branch-6291456,stride16-gcc13-scalar,10,random_access,scalar,cache_evicted,branch,6291456,12582912,44040192,28,259074923,568647440,4,4,0,0,0,0
1,stride16-gcc13-scalar-r10-random_access-scalar-warm-branch-5242880,stride16-gcc13-scalar,10,random_access,scalar,warm,branch,5242880,10485760,51118080,39,254040914,557598224,4,4,0,0,2815427157825918,0
1,stride16-gcc13-scalar-r10-random_access-scalar-warm-branch-24576,stride16-gcc13-scalar,10,random_access,scalar,warm,branch,24576,49152,340488192,55418,250004409,548738432,4,4,0,0,0,0
1,stride16-gcc13-scalar-r10-random_access-scalar-warm-basic-33554432,stride16-gcc13-scalar,10,random_access,scalar,warm,basic,33554432,67108864,25165824,3,323211939,709422660,4,4,0,0,18011487010230869,0
1,stride16-gcc13-scalar-r10-random_access-scalar-warm-basic-131072,stride16-gcc13-scalar,10,random_access,scalar,warm,basic,131072,262144,224722944,6858,250020984,548775112,4,4,0,0,0,0
1,stride16-gcc13-scalar-r10-random_access-scalar-warm-branch-6291456,stride16-gcc13-scalar,10,random_access,scalar,warm,branch,6291456,12582912,44040192,28,255722251,561288572,4,4,0,0,0,0
1,stride16-gcc13-scalar-r10-random_access-scalar-warm-branch-16384,stride16-gcc13-scalar,10,random_access,scalar,warm,branch,16384,32768,365613056,89261,250001198,548731444,4,4,0,0,8791205915280,0
1,stride16-gcc13-scalar-r10-random_access-scalar-warm-branch-262144,stride16-gcc13-scalar,10,random_access,scalar,warm,branch,262144,524288,169869312,2592,250067495,548876888,4,4,0,0,0,0
1,stride16-gcc13-scalar-r10-random_access-scalar-warm-branch-2097152,stride16-gcc13-scalar,10,random_access,scalar,warm,branch,2097152,4194304,104857600,200,250572757,549985908,4,4,0,0,0,0
1,stride16-gcc13-scalar-r10-random_access-scalar-warm-branch-536870912,stride16-gcc13-scalar,10,random_access,scalar,warm,branch,536870912,1073741824,134217728,1,3536827934,7763043144,4,4,0,0,288264797167463027,0
1,stride16-gcc13-scalar-r10-random_access-scalar-warm-basic-36864,stride16-gcc13-scalar,10,random_access,scalar,warm,basic,36864,73728,301280256,32691,250000837,548730888,4,4,0,0,19830052940368,0
1,stride16-gcc13-scalar-r10-random_access-scalar-warm-branch-294912,stride16-gcc13-scalar,10,random_access,scalar,warm,branch,294912,589824,157040640,2130,250003104,548735548,4,4,0,0,0,0
1,stride16-gcc13-scalar-r10-random_access-scalar-warm-branch-7340032,stride16-gcc13-scalar,10,random_access,scalar,warm,branch,7340032,14680064,31195136,17,250064393,548869964,4,4,0,0,3941215077740014,0
1,stride16-gcc13-scalar-r10-random_access-scalar-warm-branch-8192,stride16-gcc13-scalar,10,random_access,scalar,warm,branch,8192,16384,394145792,192454,250001499,548732024,4,4,0,0,0,0
1,stride16-gcc13-scalar-r10-random_access-scalar-warm-basic-98304,stride16-gcc13-scalar,10,random_access,scalar,warm,basic,98304,196608,244383744,9944,250013071,548757428,4,4,0,0,0,0
1,stride16-gcc13-scalar-r10-random_access-scalar-page_cold-branch-536870912,stride16-gcc13-scalar,10,random_access,scalar,page_cold,branch,536870912,1073741824,134217728,1,3518575276,7722977976,4,4,131072,0,0,1
1,stride16-gcc13-scalar-r10-random_access-scalar-warm-branch-229376,stride16-gcc13-scalar,10,random_access,scalar,warm,branch,229376,458752,203284480,3545,250048369,548835116,4,4,0,0,122794379399818,0
1,stride16-gcc13-scalar-r10-random_access-scalar-warm-basic-134217728,stride16-gcc13-scalar,10,random_access,scalar,warm,basic,134217728,268435456,33554432,1,703051432,1543139312,4,4,0,0,72071625871858065,0
1,stride16-gcc13-scalar-r10-random_access-scalar-warm-basic-6291456,stride16-gcc13-scalar,10,random_access,scalar,warm,basic,6291456,12582912,44040192,28,250040383,548817368,4,4,0,0,0,0
1,stride16-gcc13-scalar-r10-random_access-scalar-warm-basic-49152,stride16-gcc13-scalar,10,random_access,scalar,warm,basic,49152,98304,275324928,22406,250008037,548746552,4,4,0,0,0,0
1,stride16-gcc13-scalar-r10-random_access-scalar-warm-basic-294912,stride16-gcc13-scalar,10,random_access,scalar,warm,basic,294912,589824,156819456,2127,250002553,548734456,4,4,0,0,158051725744433,0
1,stride16-gcc13-scalar-r10-random_access-scalar-warm-branch-196608,stride16-gcc13-scalar,10,random_access,scalar,warm,branch,196608,393216,200540160,4080,250058003,548856052,4,4,0,0,0,0
1,stride16-gcc13-scalar-r10-random_access-scalar-warm-branch-134217728,stride16-gcc13-scalar,10,random_access,scalar,warm,branch,134217728,268435456,33554432,1,700937109,1538498436,4,4,0,0,72071625871858065,0
1,stride16-gcc13-scalar-r10-random_access-scalar-warm-basic-7340032,stride16-gcc13-scalar,10,random_access,scalar,warm,basic,7340032,14680064,38535168,21,257218034,564571712,4,4,0,0,3941215077740014,0
1,stride16-gcc13-scalar-r10-random_access-scalar-cache_evicted-branch-262144,stride16-gcc13-scalar,10,random_access,scalar,cache_evicted,branch,262144,524288,170393600,2600,250067473,548877176,4,4,0,0,0,0
1,stride16-gcc13-scalar-r10-random_access-scalar-cache_evicted-branch-536870912,stride16-gcc13-scalar,10,random_access,scalar,cache_evicted,branch,536870912,1073741824,134217728,1,3516429897,7718271112,4,4,0,0,288223951828137243,0
1,stride16-gcc13-scalar-r10-random_access-scalar-cache_evicted-basic-33554432,stride16-gcc13-scalar,10,random_access,scalar,cache_evicted,basic,33554432,67108864,25165824,3,321381243,705404780,4,4,0,0,18012167931999337,0
1,stride16-gcc13-scalar-r10-random_access-scalar-page_cold-basic-536870912,stride16-gcc13-scalar,10,random_access,scalar,page_cold,basic,536870912,1073741824,134217728,1,3518774219,7723414668,4,4,131072,0,0,1
1,stride16-gcc13-scalar-r10-random_access-scalar-cache_evicted-branch-33554432,stride16-gcc13-scalar,10,random_access,scalar,cache_evicted,branch,33554432,67108864,25165824,3,324220733,711637340,4,4,0,0,18012167931999337,0
1,stride16-gcc13-scalar-r10-random_access-scalar-warm-basic-28672,stride16-gcc13-scalar,10,random_access,scalar,warm,basic,28672,57344,329871360,46020,250003188,548736076,4,4,0,0,0,0
1,stride16-gcc13-scalar-r10-random_access-scalar-warm-basic-536870912,stride16-gcc13-scalar,10,random_access,scalar,warm,basic,536870912,1073741824,134217728,1,3964756892,8702311620,4,4,0,0,288264797167463027,0
1,stride16-gcc13-scalar-r10-random_access-scalar-warm-basic-4194304,stride16-gcc13-scalar,10,random_access,scalar,warm,basic,4194304,8388608,51380224,49,253418880,556232752,4,4,0,0,2252875997172808,0
1,stride16-gcc13-scalar-r10-random_access-scalar-page_cold-branch-33554432,stride16-gcc13-scalar,10,random_access,scalar,page_cold,branch,33554432,67108864,8388608,1,100946096,221566264,4,4,8192,0,0,1
1,stride16-gcc13-scalar-r10-random_access-scalar-warm-basic-1048576,stride16-gcc13-scalar,10,random_access,scalar,warm,basic,1048576,2097152,112984064,431,250292298,549370308,4,4,0,0,562467246435775,0
1,stride16-gcc13-scalar-r10-random_access-scalar-warm-basic-12582912,stride16-gcc13-scalar,10,random_access,scalar,warm,basic,12582912,25165824,28311552,9,274772671,603102912,4,4,0,0,6755488872829699,0
1,stride16-gcc13-scalar-r10-random_access-scalar-warm-basic-5242880,stride16-gcc13-scalar,10,random_access,scalar,warm,basic,5242880,10485760,35389440,27,253287230,555943876,4,4,0,0,2815427157825918,0
1,stride16-gcc13-scalar-r10-random_access-scalar-warm-branch-36864,stride16-gcc13-scalar,10,random_access,scalar,warm,branch,36864,73728,300579840,32615,250006881,548743832,4,4,0,0,19830052940368,0
1,stride16-gcc13-scalar-r10-random_access-scalar-warm-branch-1048576,stride16-gcc13-scalar,10,random_access,scalar,warm,branch,1048576,2097152,66060288,252,250913484,550733636,4,4,0,0,0,0
1,stride16-gcc13-scalar-r10-random_access-scalar-warm-basic-2097152,stride16-gcc13-scalar,10,random_access,scalar,warm,basic,2097152,4194304,49283072,94,251817806,552718684,4,4,0,0,0,0
1,stride16-gcc13-scalar-r10-random_access-scalar-warm-branch-8388608,stride16-gcc13-scalar,10,random_access,scalar,warm,branch,8388608,16777216,33554432,16,254931393,559553000,4,4,0,0,0,0
1,stride16-gcc13-scalar-r10-random_access-scalar-warm-basic-229376,stride16-gcc13-scalar,10,random_access,scalar,warm,basic,229376,458752,191299584,3336,250044926,548827372,4,4,0,0,0,0
1,stride16-gcc13-scalar-r10-random_access-scalar-warm-branch-65536,stride16-gcc13-scalar,10,random_access,scalar,warm,branch,65536,131072,257409024,15711,250002615,548734512,4,4,0,0,34959951633239,0
1,stride16-gcc13-scalar-r10-random_access-scalar-cache_evicted-branch-32768,stride16-gcc13-scalar,10,random_access,scalar,cache_evicted,branch,32768,65536,311730176,38053,250002906,548735140,4,4,0,0,17531387735309,0
1,stride16-gcc13-scalar-r10-random_access-scalar-warm-basic-196608,stride16-gcc13-scalar,10,random_access,scalar,warm,basic,196608,393216,195379200,3975,250014469,548760688,4,4,0,0,105282544784197,0
1,stride16-gcc13-scalar-r10-random_access-scalar-warm-basic-524288,stride16-gcc13-scalar,10,random_access,scalar,warm,basic,524288,1048576,127270912,971,250016809,548765644,4,4,0,0,281355421435195,0
1,stride16-gcc13-scalar-r10-random_access-scalar-cache_evicted-basic-1048576,stride16-gcc13-scalar,10,random_access,scalar,cache_evicted,basic,1048576,2097152,111411200,425,250141965,549040328,4,4,0,0,562598308546983,0
1,stride16-gcc13-scalar-r10-random_access-scalar-warm-branch-4194304,stride16-gcc13-scalar,10,random_access,scalar,warm,branch,4194304,8388608,53477376,51,250111462,548973388,4,4,0,0,2252875997172808,0
1,stride16-gcc13-scalar-r10-random_access-scalar-warm-basic-65536,stride16-gcc13-scalar,10,random_access,scalar,warm,basic,65536,131072,257507328,15717,250005825,548741552,4,4,0,0,34959951633239,0
1,stride16-gcc13-scalar-r10-random_access-scalar-warm-branch-49152,stride16-gcc13-scalar,10,random_access,scalar,warm,branch,49152,98304,275349504,22408,250001347,548731712,4,4,0,0,0,0
1,stride16-gcc13-scalar-r10-random_access-scalar-warm-branch-524288,stride16-gcc13-scalar,10,random_access,scalar,warm,branch,524288,1048576,127533056,973,250096267,548940008,4,4,0,0,281355421435195,0
1,stride16-gcc13-scalar-r10-random_access-scalar-cache_evicted-basic-536870912,stride16-gcc13-scalar,10,random_access,scalar,cache_evicted,basic,536870912,1073741824,134217728,1,3515708235,7716687124,4,4,0,0,288223951828137243,0
1,stride16-gcc13-scalar-r10-random_access-scalar-warm-branch-28672,stride16-gcc13-scalar,10,random_access,scalar,warm,branch,28672,57344,329670656,45992,250004960,548739632,4,4,0,0,0,0
1,stride16-gcc13-scalar-r10-random_access-scalar-warm-basic-8388608,stride16-gcc13-scalar,10,random_access,scalar,warm,basic,8388608,16777216,33554432,16,251225630,551419200,4,4,0,0,0,0
1,stride16-gcc13-scalar-r10-random_access-scalar-warm-basic-262144,stride16-gcc13-scalar,10,random_access,scalar,warm,basic,262144,524288,174129152,2657,250017718,548767636,4,4,0,0,140346753579571,0
1,stride16-gcc13-scalar-r10-random_access-scalar-cache_evicted-basic-8388608,stride16-gcc13-scalar,10,random_access,scalar,cache_evicted,basic,8388608,16777216,35651584,17,260507021,571791080,4,4,0,0,4502826292726869,0
1,stride16-gcc13-scalar-r10-random_access-scalar-warm-branch-98304,stride16-gcc13-scalar,10,random_access,scalar,warm,branch,98304,196608,245932032,10007,250014631,548760856,4,4,0,0,52533290741996,0
1,stride16-gcc13-scalar-r10-random_access-scalar-warm-branch-12582912,stride16-gcc13-scalar,10,random_access,scalar,warm,branch,12582912,25165824,28311552,9,262626305,576442624,4,4,0,0,6755488872829699,0
1,stride16-gcc13-scalar-r10-random_access-scalar-cache_evicted-branch-8388608,stride16-gcc13-scalar,10,random_access,scalar,cache_evicted,branch,8388608,16777216,35651584,17,260367010,571483760,4,4,0,0,4502826292726869,0
1,stride16-gcc13-scalar-r10-random_access-scalar-page_cold-basic-33554432,stride16-gcc13-scalar,10,random_access,scalar,page_cold,basic,33554432,67108864,8388608,1,100725419,221082184,4,4,8192,0,0,1
1,stride16-gcc13-scalar-r10-random_access-scalar-cache_evicted-branch-1048576,stride16-gcc13-scalar,10,random_access,scalar,cache_evicted,branch,1048576,2097152,113246208,432,250419672,549649916,4,4,0,0,0,0
1,stride16-gcc13-scalar-r10-random_access-scalar-warm-basic-32768,stride16-gcc13-scalar,10,random_access,scalar,warm,basic,32768,65536,313368576,38253,250001171,548731312,4,4,0,0,17593966198174,0
1,stride16-gcc13-scalar-r10-random_access-scalar-cache_evicted-basic-6291456,stride16-gcc13-scalar,10,random_access,scalar,cache_evicted,basic,6291456,12582912,44040192,28,252328300,553839152,4,4,0,0,0,0
1,stride16-gcc13-scalar-r10-random_access-scalar-warm-branch-393216,stride16-gcc13-scalar,10,random_access,scalar,warm,branch,393216,786432,136642560,1390,250101631,548951844,4,4,0,0,0,0
1,stride16-gcc13-scalar-r11-random_access-scalar-warm-basic-262144,stride16-gcc13-scalar,11,random_access,scalar,warm,basic,262144,524288,172490752,2632,250085415,548916436,4,4,0,0,0,0
1,stride16-gcc13-scalar-r11-random_access-scalar-warm-basic-196608,stride16-gcc13-scalar,11,random_access,scalar,warm,basic,196608,393216,214892544,4372,250004883,548739460,4,4,0,0,0,0
1,stride16-gcc13-scalar-r11-random_access-scalar-warm-branch-28672,stride16-gcc13-scalar,11,random_access,scalar,warm,branch,28672,57344,329771008,46006,250004288,548738116,4,4,0,0,0,0
1,stride16-gcc13-scalar-r11-random_access-scalar-cache_evicted-branch-262144,stride16-gcc13-scalar,11,random_access,scalar,cache_evicted,branch,262144,524288,177143808,2703,250018290,548768896,4,4,0,0,140404980247524,0
1,stride16-gcc13-scalar-r11-random_access-scalar-warm-branch-393216,stride16-gcc13-scalar,11,random_access,scalar,warm,branch,393216,786432,136642560,1390,250171331,549104968,4,4,0,0,0,0
1,stride16-gcc13-scalar-r11-random_access-scalar-warm-branch-294912,stride16-gcc13-scalar,11,random_access,scalar,warm,branch,294912,589824,158515200,2150,250041821,548820532,4,4,0,0,0,0
1,stride16-gcc13-scalar-r11-random_access-scalar-warm-branch-4194304,stride16-gcc13-scalar,11,random_access,scalar,warm,branch,4194304,8388608,58720256,56,250134453,549023828,4,4,0,0,0,0
1,stride16-gcc13-scalar-r11-random_access-scalar-warm-branch-5242880,stride16-gcc13-scalar,11,random_access,scalar,warm,branch,5242880,10485760,52428800,40,252686030,554624344,4,4,0,0,0,0
1,stride16-gcc13-scalar-r11-random_access-scalar-warm-branch-36864,stride16-gcc13-scalar,11,random_access,scalar,warm,branch,36864,73728,300542976,32611,250007124,548744380,4,4,0,0,19812493725917,0
1,stride16-gcc13-scalar-r11-random_access-scalar-warm-basic-49152,stride16-gcc13-scalar,11,random_access,scalar,warm,basic,49152,98304,275877888,22451,250002264,548733716,4,4,0,0,26518886857830,0
1,stride16-gcc13-scalar-r11-random_access-scalar-warm-branch-229376,stride16-gcc13-scalar,11,random_access,scalar,warm,branch,229376,458752,190726144,3326,250066711,548875196,4,4,0,0,0,0
1,stride16-gcc13-scalar-r11-random_access-scalar-page_cold-basic-33554432,stride16-gcc13-scalar,11,random_access,scalar,page_cold,basic,33554432,67108864,8388608,1,100493591,220573224,4,4,8192,0,0,1
1,stride16-gcc13-scalar-r11-random_access-scalar-warm-basic-229376,stride16-gcc13-scalar,11,random_access,scalar,warm,basic,229376,458752,195485696,3409,250023898,548781252,4,4,0,0,122968577798516,0
1,stride16-gcc13-scalar-r11-random_access-scalar-warm-basic-33554432,stride16-gcc13-scalar,11,random_access,scalar,warm,basic,33554432,67108864,25165824,3,320784339,704094732,4,4,0,0,18019817431053473,0
1,stride16-gcc13-scalar-r11-random_access-scalar-warm-basic-393216,stride16-gcc13-scalar,11,random_access,scalar,warm,basic,393216,786432,136937472,1393,250005706,548741432,4,4,0,0,210894311141494,0
1,stride16-gcc13-scalar-r11-random_access-scalar-warm-branch-1048576,stride16-gcc13-scalar,11,random_access,scalar,warm,branch,1048576,2097152,113246208,432,250084944,548915268,4,4,0,0,0,0
1,stride16-gcc13-scalar-r11-random_access-scalar-warm-branch-98304,stride16-gcc13-scalar,11,random_access,scalar,warm,branch,98304,196608,245194752,9977,250003877,548737252,4,4,0,0,52686629849606,0
1,stride16-gcc13-scalar-r11-random_access-scalar-page_cold-branch-33554432,stride16-gcc13-scalar,11,random_access,scalar,page_cold,branch,33554432,67108864,8388608,1,100726729,221085096,4,4,8192,0,0,1
1,stride16-gcc13-scalar-r11-random_access-scalar-warm-branch-24576,stride16-gcc13-scalar,11,random_access,scalar,warm,branch,24576,49152,341016576,55504,250004234,548738120,4,4,0,0,0,0
1,stride16-gcc13-scalar-r11-random_access-scalar-cache_evicted-basic-33554432,stride16-gcc13-scalar,11,random_access,scalar,cache_evicted,basic,33554432,67108864,25165824,3,322420007,707684856,4,4,0,0,18017074231490839,0
1,stride16-gcc13-scalar-r11-random_access-scalar-warm-basic-28672,stride16-gcc13-scalar,11,random_access,scalar,warm,basic,28672,57344,330380288,46091,250003678,548736812,4,4,0,0,15397150352522,0
1,stride16-gcc13-scalar-r11-random_access-scalar-warm-basic-1048576,stride16-gcc13-scalar,11,random_access,scalar,warm,basic,1048576,2097152,112459776,429,250451402,549719556,4,4,0,0,563246583231033,0
1,stride16-gcc13-scalar-r11-random_access-scalar-cache_evicted-basic-32768,stride16-gcc13-scalar,11,random_access,scalar,cache_evicted,basic,32768,65536,312901632,38196,250006676,548743480,4,4,0,0,0,0
1,stride16-gcc13-scalar-r11-random_access-scalar-cache_evicted-branch-536870912,stride16-gcc13-scalar,11,random_access,scalar,cache_evicted,branch,536870912,1073741824,134217728,1,3517369209,7720332824,4,4,0,0,288231303965227674,0
1,stride16-gcc13-scalar-r11-random_access-scalar-warm-basic-536870912,stride16-gcc13-scalar,11,random_access,scalar,warm,basic,536870912,1073741824,134217728,1,3937316783,8642082880,4,4,0,0,288227478859490113,0
1,stride16-gcc13-scalar-r11-random_access-scalar-warm-basic-98304,stride16-gcc13-scalar,11,random_access,scalar,warm,basic,98304,196608,246079488,10013,250019185,548770872,4,4,0,0,52686629849606,0
1,stride16-gcc13-scalar-r11-random_access-scalar-warm-branch-262144,stride16-gcc13-scalar,11,random_access,scalar,warm,branch,262144,524288,172032000,2625,250013260,548757872,4,4,0,0,140496984883547,0
1,stride16-gcc13-scalar-r11-random_access-scalar-warm-branch-32768,stride16-gcc13-scalar,11,random_access,scalar,warm,branch,32768,65536,313573376,38278,250004653,548738980,4,4,0,0,0,0
1,stride16-gcc13-scalar-r11-random_access-scalar-warm-basic-8388608,stride16-gcc13-scalar,11,random_access,scalar,warm,basic,8388608,16777216,29360128,14,264978302,581604848,4,4,0,0,0,0
1,stride16-gcc13-scalar-r11-random_access-scalar-page_cold-basic-536870912,stride16-gcc13-scalar,11,random_access,scalar,page_cold,basic,536870912,1073741824,134217728,1,3519102769,7724135712,4,4,131072,0,0,1
1,stride16-gcc13-scalar-r11-random_access-scalar-cache_evicted-branch-8388608,stride16-gcc13-scalar,11,random_access,scalar,cache_evicted,branch,8388608,16777216,35651584,17,261109369,573112804,4,4,0,0,4502083088554387,0
1,stride16-gcc13-scalar-r11-random_access-scalar-warm-branch-8388608,stride16-gcc13-scalar,11,random_access,scalar,warm,branch,8388608,16777216,35651584,17,260192645,571100116,4,4,0,0,4503464719719007,0
1,stride16-gcc13-scalar-r11-random_access-scalar-warm-basic-6291456,stride16-gcc13-scalar,11,random_access,scalar,warm,basic,6291456,12582912,42467328,27,257299373,564750252,4,4,0,0,3377839621375468,0
1,stride16-gcc13-scalar-r11-random_access-scalar-warm-branch-131072,stride16-gcc13-scalar,11,random_access,scalar,warm,branch,131072,262144,234225664,7148,250013379,548758104,4,4,0,0,0,0
1,stride16-gcc13-scalar-r11-random_access-scalar-warm-branch-12582912,stride16-gcc13-scalar,11,random_access,scalar,warm,branch,12582912,25165824,28311552,9,261439051,573836488,4,4,0,0,6758337742899044,0
1,stride16-gcc13-scalar-r11-random_access-scalar-warm-basic-8192,stride16-gcc13-scalar,11,random_access,scalar,warm,basic,8192,16384,393320448,192051,250000465,548729732,4,4,0,0,4358018020655,0
1,stride16-gcc13-scalar-r11-random_access-scalar-warm-branch-16384,stride16-gcc13-scalar,11,random_access,scalar,warm,branch,16384,32768,366972928,89593,250001484,548732004,4,4,0,0,8781671964886,0
1,stride16-gcc13-scalar-r11-random_access-scalar-warm-branch-134217728,stride16-gcc13-scalar,11,random_access,scalar,warm,branch,134217728,268435456,33554432,1,696428592,1528602648,4,4,0,0,72068439674439600,0
1,stride16-gcc13-scalar-r11-random_access-scalar-warm-branch-196608,stride16-gcc13-scalar,11,random_access,scalar,warm,branch,196608,393216,209928192,4271,250038983,548814468,4,4,0,0,105428322775022,0
1,stride16-gcc13-scalar-r11-random_access-scalar-cache_evicted-basic-536870912,stride16-gcc13-scalar,11,random_access,scalar,cache_evicted,basic,536870912,1073741824,134217728,1,3520238367,7726630400,4,4,0,0,288231303965227674,0
1,stride16-gcc13-scalar-r11-random_access-scalar-cache_evicted-branch-6291456,stride16-gcc13-scalar,11,random_access,scalar,cache_evicted,branch,6291456,12582912,44040192,28,250956110,550827336,4,4,0,0,0,0
1,stride16-gcc13-scalar-r11-random_access-scalar-cache_evicted-basic-6291456,stride16-gcc13-scalar,11,random_access,scalar,cache_evicted,basic,6291456,12582912,44040192,28,251823412,552730960,4,4,0,0,0,0
1,stride16-gcc13-scalar-r11-random_access-scalar-warm-basic-65536,stride16-gcc13-scalar,11,random_access,scalar,warm,basic,65536,131072,257638400,15725,250000717,548730624,4,4,0,0,35322773031317,0
1,stride16-gcc13-scalar-r11-random_access-scalar-warm-basic-4194304,stride16-gcc13-scalar,11,random_access,scalar,warm,basic,4194304,8388608,58720256,56,250397592,549601444,4,4,0,0,0,0
1,stride16-gcc13-scalar-r11-random_access-scalar-warm-branch-536870912,stride16-gcc13-scalar,11,random_access,scalar,warm,branch,536870912,1073741824,134217728,1,3512093248,7708752312,4,4,0,0,288227478859490113,0
1,stride16-gcc13-scalar-r11-random_access-scalar-warm-branch-6291456,stride16-gcc13-scalar,11,random_access,scalar,warm,branch,6291456,12582912,42467328,27,256140195,562205952,4,4,0,0,3377839621375468,0
1,stride16-gcc13-scalar-r11-random_access-scalar-warm-basic-24576,stride16-gcc13-scalar,11,random_access,scalar,warm,basic,24576,49152,340353024,55396,250002943,548735196,4,4,0,0,0,0
1,stride16-gcc13-scalar-r11-random_access-scalar-warm-branch-49152,stride16-gcc13-scalar,11,random_access,scalar,warm,branch,49152,98304,275755008,22441,250004127,548737804,4,4,0,0,26518886857830,0
1,stride16-gcc13-scalar-r11-random_access-scalar-warm-basic-294912,stride16-gcc13-scalar,11,random_access,scalar,warm,basic,294912,589824,158146560,2145,250103099,548955368,4,4,0,0,158124984238044,0
1,stride16-gcc13-scalar-r11-random_access-scalar-warm-branch-33554432,stride16-gcc13-scalar,11,random_access,scalar,warm,branch,33554432,67108864,25165824,3,320523539,703522348,4,4,0,0,18019817431053473,0
1,stride16-gcc13-scalar-r11-random_access-scalar-warm-basic-16384,stride16-gcc13-scalar,11,random_access,scalar,warm,basic,16384,32768,364666880,89030,250000421,548729660,4,4,0,0,0,0
1,stride16-gcc13-scalar-r11-random_access-scalar-warm-basic-12582912,stride16-gcc13-scalar,11,random_access,scalar,warm,basic,12582912,25165824,28311552,9,260676270,572161988,4,4,0,0,6758337742899044,0
1,stride16-gcc13-scalar-r11-random_access-scalar-cache_evicted-basic-1048576,stride16-gcc13-scalar,11,random_access,scalar,cache_evicted,basic,1048576,2097152,112459776,429,250213237,549196784,4,4,0,0,563234168386754,0
1,stride16-gcc13-scalar-r11-random_access-scalar-warm-basic-134217728,stride16-gcc13-scalar,11,random_access,scalar,warm,basic,134217728,268435456,33554432,1,708090987,1554200528,4,4,0,0,72068439674439600,0
1,stride16-gcc13-scalar-r11-random_access-scalar-cache_evicted-basic-262144,stride16-gcc13-scalar,11,random_access,scalar,cache_evicted,basic,262144,524288,172359680,2630,250095062,548937312,4,4,0,0,0,0
1,stride16-gcc13-scalar-r11-random_access-scalar-warm-branch-2097152,stride16-gcc13-scalar,11,random_access,scalar,warm,branch,2097152,4194304,96993280,185,250944845,550802776,4,4,0,0,1125476045226161,0
1,stride16-gcc13-scalar-r11-random_access-scalar-warm-basic-524288,stride16-gcc13-scalar,11,random_access,scalar,warm,basic,524288,1048576,127533056,973,250128820,549011812,4,4,0,0,281220696253151,0
1,stride16-gcc13-scalar-r11-random_access-scalar-page_cold-branch-536870912,stride16-gcc13-scalar,11,random_access,scalar,page_cold,branch,536870912,1073741824,134217728,1,3521678000,7729787696,4,4,131072,0,0,1
1,stride16-gcc13-scalar-r11-random_access-scalar-warm-branch-65536,stride16-gcc13-scalar,11,random_access,scalar,warm,branch,65536,131072,256360448,15647,250007462,548745116,4,4,0,0,35322773031317,0
1,stride16-gcc13-scalar-r11-random_access-scalar-warm-basic-32768,stride16-gcc13-scalar,11,random_access,scalar,warm,basic,32768,65536,314064896,38338,250005027,548740084,4,4,0,0,0,0
1,stride16-gcc13-scalar-r11-random_access-scalar-warm-branch-8192,stride16-gcc13-scalar,11,random_access,scalar,warm,branch,8192,16384,395333632,193034,250000628,548730224,4,4,0,0,0,0
1,stride16-gcc13-scalar-r11-random_access-scalar-warm-basic-36864,stride16-gcc13-scalar,11,random_access,scalar,warm,basic,36864,73728,300432384,32599,250004119,548737716,4,4,0,0,19812493725917,0
1,stride16-gcc13-scalar-r11-random_access-scalar-cache_evicted-branch-33554432,stride16-gcc13-scalar,11,random_access,scalar,cache_evicted,branch,33554432,67108864,25165824,3,325207286,713802224,4,4,0,0,18017074231490839,0
1,stride16-gcc13-scalar-r11-random_access-scalar-warm-basic-5242880,stride16-gcc13-scalar,11,random_access,scalar,warm,basic,5242880,10485760,41943040,32,255750074,561349688,4,4,0,0,0,0
1,stride16-gcc13-scalar-r11-random_access-scalar-warm-basic-2097152,stride16-gcc13-scalar,11,random_access,scalar,warm,basic,2097152,4194304,85983232,164,250774164,550427924,4,4,0,0,0,0
1,stride16-gcc13-scalar-r11-random_access-scalar-warm-branch-7340032,stride16-gcc13-scalar,11,random_access,scalar,warm,branch,7340032,14680064,38535168,21,258329645,567011864,4,4,0,0,3940359498686427,0
1,stride16-gcc13-scalar-r11-random_access-scalar-cache_evicted-branch-32768,stride16-gcc13-scalar,11,random_access,scalar,cache_evicted,branch,32768,65536,312836096,38188,250004994,548739780,4,4,0,0,0,0
1,stride16-gcc13-scalar-r11-random_access-scalar-warm-branch-524288,stride16-gcc13-scalar,11,random_access,scalar,warm,branch,524288,1048576,127401984,972,250111504,548973672,4,4,0,0,0,0
1,stride16-gcc13-scalar-r11-random_access-scalar-warm-basic-7340032,stride16-gcc13-scalar,11,random_access,scalar,warm,basic,7340032,14680064,38535168,21,256460338,562908628,4,4,0,0,3940359498686427,0
1,stride16-gcc13-scalar-r11-random_access-scalar-cache_evicted-branch-1048576,stride16-gcc13-scalar,11,random_access,scalar,cache_evicted,branch,1048576,2097152,112459776,429,250114269,548979512,4,4,0,0,563234168386754,0
1,stride16-gcc13-scalar-r11-random_access-scalar-warm-basic-131072,stride16-gcc13-scalar,11,random_access,scalar,warm,basic,131072,262144,232816640,7105,250009017,548748532,4,4,0,0,70128202896938,0
1,stride16-gcc13-scalar-r11-random_access-scalar-cache_evicted-basic-8388608,stride16-gcc13-scalar,11,random_access,scalar,cache_evicted,basic,8388608,16777216,33554432,16,250875842,550651128,4,4,0,0,0,0
1,stride16-gcc13-scalar-r12-random_access-scalar-warm-branch-4194304,stride16-gcc13-scalar,12,random_access,scalar,warm,branch,4194304,8388608,56623104,54,250367799,549536028,4,4,0,0,0,0
1,stride16-gcc13-scalar-r12-random_access-scalar-cache_evicted-branch-8388608,stride16-gcc13-scalar,12,random_access,scalar,cache_evicted,branch,8388608,16777216,35651584,17,260544888,571874208,4,4,0,0,4499445214682603,0
1,stride16-gcc13-scalar-r12-random_access-scalar-warm-basic-16384,stride16-gcc13-scalar,12,random_access,scalar,warm,basic,16384,32768,371724288,90753,250002366,548733944,4,4,0,0,8822142366230,0
1,stride16-gcc13-scalar-r12-random_access-scalar-warm-branch-7340032,stride16-gcc13-scalar,12,random_access,scalar,warm,branch,7340032,14680064,38535168,21,256684675,563401340,4,4,0,0,3940288198387814,0
1,stride16-gcc13-scalar-r12-random_access-scalar-warm-branch-229376,stride16-gcc13-scalar,12,random_access,scalar,warm,branch,229376,458752,187170816,3264,250008810,548748132,4,4,0,0,0,0
1,stride16-gcc13-scalar-r12-random_access-scalar-warm-branch-524288,stride16-gcc13-scalar,12,random_access,scalar,warm,branch,524288,1048576,126353408,964,250207510,549184384,4,4,0,0,0,0
1,stride16-gcc13-scalar-r12-random_access-scalar-warm-basic-524288,stride16-gcc13-scalar,12,random_access,scalar,warm,basic,524288,1048576,126746624,967,250209031,549187544,4,4,0,0,281977038714715,0
1,stride16-gcc13-scalar-r12-random_access-scalar-cache_evicted-basic-1048576,stride16-gcc13-scalar,12,random_access,scalar,cache_evicted,basic,1048576,2097152,109838336,419,250485125,549793576,4,4,0,0,562104505118057,0
1,stride16-gcc13-scalar-r12-random_access-scalar-cache_evicted-basic-32768,stride16-gcc13-scalar,12,random_access,scalar,cache_evicted,basic,32768,65536,313573376,38278,250002019,548733172,4,4,0,0,0,0
1,stride16-gcc13-scalar-r12-random_access-scalar-warm-basic-536870912,stride16-gcc13-scalar,12,random_access,scalar,warm,basic,536870912,1073741824,134217728,1,3518684306,7723218972,4,4,0,0,288236862398329099,0
1,stride16-gcc13-scalar-r12-random_access-scalar-warm-branch-2097152,stride16-gcc13-scalar,12,random_access,scalar,warm,branch,2097152,4194304,100139008,191,250523237,549877156,4,4,0,0,1126037466513566,0
1,stride16-gcc13-scalar-r12-random_access-scalar-warm-branch-131072,stride16-gcc13-scalar,12,random_access,scalar,warm,branch,131072,262144,229474304,7003,250030838,548796732,4,4,0,0,70623936139976,0
1,stride16-gcc13-scalar-r12-random_access-scalar-warm-branch-98304,stride16-gcc13-scalar,12,random_access,scalar,warm,branch,98304,196608,240943104,9804,250007640,548745596,4,4,0,0,0,0
1,stride16-gcc13-scalar-r12-random_access-scalar-warm-basic-8388608,stride16-gcc13-scalar,12,random_access,scalar,warm,basic,8388608,16777216,35651584,17,260135433,570975176,4,4,0,0,4504160835476438,0
1,stride16-gcc13-scalar-r12-random_access-scalar-warm-basic-1048576,stride16-gcc13-scalar,12,random_access,scalar,warm,basic,1048576,2097152,112984064,431,250210888,549191696,4,4,0,0,562961311849392,0
1,stride16-gcc13-scalar-r12-random_access-scalar-warm-basic-196608,stride16-gcc13-scalar,12,random_access,scalar,warm,basic,196608,393216,207519744,4222,250001449,548731920,4,4,0,0,0,0
1,stride16-gcc13-scalar-r12-random_access-scalar-warm-branch-16384,stride16-gcc13-scalar,12,random_access,scalar,warm,branch,16384,32768,383451136,93616,250002115,548733392,4,4,0,0,0,0
1,stride16-gcc13-scalar-r12-random_access-scalar-warm-basic-33554432,stride16-gcc13-scalar,12,random_access,scalar,warm,basic,33554432,67108864,25165824,3,322848632,708625252,4,4,0,0,18016029024130329,0
1,stride16-gcc13-scalar-r12-random_access-scalar-warm-basic-28672,stride16-gcc13-scalar,12,random_access,scalar,warm,basic,28672,57344,329763840,46005,250002788,548734888,4,4,0,0,15415461205985,0
1,stride16-gcc13-scalar-r12-random_access-scalar-page_cold-basic-536870912,stride16-gcc13-scalar,12,random_access,scalar,page_cold,basic,536870912,1073741824,134217728,1,3518674155,7723194996,4,4,131072,0,0,1
1,stride16-gcc13-scalar-r12-random_access-scalar-warm-branch-393216,stride16-gcc13-scalar,12,random_access,scalar,warm,branch,393216,786432,136839168,1392,250157368,549074104,4,4,0,0,0,0
1,stride16-gcc13-scalar-r12-random_access-scalar-warm-basic-32768,stride16-gcc13-scalar,12,random_access,scalar,warm,basic,32768,65536,313556992,38276,250002474,548734352,4,4,0,0,0,0
1,stride16-gcc13-scalar-r12-random_access-scalar-warm-branch-6291456,stride16-gcc13-scalar,12,random_access,scalar,warm,branch,6291456,12582912,42467328,27,253260051,555884252,4,4,0,0,3377612593360785,0
1,stride16-gcc13-scalar-r12-random_access-scalar-warm-basic-2097152,stride16-gcc13-scalar,12,random_access,scalar,warm,basic,2097152,4194304,87556096,167,250139206,549034300,4,4,0,0,1126037466513566,0
1,stride16-gcc13-scalar-r12-random_access-scalar-warm-basic-294912,stride16-gcc13-scalar,12,random_access,scalar,warm,basic,294912,589824,158220288,2146,250104341,548957920,4,4,0,0,0,0
1,stride16-gcc13-scalar-r12-random_access-scalar-warm-basic-7340032,stride16-gcc13-scalar,12,random_access,scalar,warm,basic,7340032,14680064,34865152,19,258165451,566651396,4,4,0,0,3940288198387814,0
1,stride16-gcc13-scalar-r12-random_access-scalar-warm-branch-8192,stride16-gcc13-scalar,12,random_access,scalar,warm,branch,8192,16384,395225088,192981,250000436,548729776,4,4,0,0,4375617370374,0
1,stride16-gcc13-scalar-r12-random_access-scalar-cache_evicted-branch-536870912,stride16-gcc13-scalar,12,random_access,scalar,cache_evicted,branch,536870912,1073741824,134217728,1,3554722950,7802321252,4,4,0,0,288236088721672878,0
1,stride16-gcc13-scalar-r12-random_access-scalar-warm-basic-393216,stride16-gcc13-scalar,12,random_access,scalar,warm,basic,393216,786432,137232384,1396,250130334,549015120,4,4,0,0,0,0
1,stride16-gcc13-scalar-r12-random_access-scalar-cache_evicted-branch-32768,stride16-gcc13-scalar,12,random_access,scalar,cache_evicted,branch,32768,65536,313974784,38327,250000509,548730176,4,4,0,0,17711372953763,0
1,stride16-gcc13-scalar-r12-random_access-scalar-warm-branch-33554432,stride16-gcc13-scalar,12,random_access,scalar,warm,branch,33554432,67108864,25165824,3,327372827,718555908,4,4,0,0,18016029024130329,0
1,stride16-gcc13-scalar-r12-random_access-scalar-warm-branch-536870912,stride16-gcc13-scalar,12,random_access,scalar,warm,branch,536870912,1073741824,134217728,1,3517882275,7721458440,4,4,0,0,288236862398329099,0
1,stride16-gcc13-scalar-r12-random_access-scalar-warm-basic-24576,stride16-gcc13-scalar,12,random_access,scalar,warm,basic,24576,49152,340727808,55457,250003600,548736724,4,4,0,0,13232498992105,0
1,stride16-gcc13-scalar-r12-random_access-scalar-warm-basic-65536,stride16-gcc13-scalar,12,random_access,scalar,warm,basic,65536,131072,257179648,15697,250007001,548744272,4,4,0,0,35188072600617,0
1,stride16-gcc13-scalar-r12-random_access-scalar-cache_evicted-basic-262144,stride16-gcc13-scalar,12,random_access,scalar,cache_evicted,basic,262144,524288,171180032,2612,250031081,548797272,4,4,0,0,0,0
1,stride16-gcc13-scalar-r12-random_access-scalar-warm-branch-134217728,stride16-gcc13-scalar,12,random_access,scalar,warm,branch,134217728,268435456,33554432,1,693175788,1521462936,4,4,0,0,72060774283136761,0
1,stride16-gcc13-scalar-r12-random_access-scalar-cache_evicted-basic-536870912,stride16-gcc13-scalar,12,random_access,scalar,cache_evicted,basic,536870912,1073741824,134217728,1,3513864466,7712640288,4,4,0,0,288236088721672878,0
1,stride16-gcc13-scalar-r12-random_access-scalar-page_cold-branch-33554432,stride16-gcc13-scalar,12,random_access,scalar,page_cold,branch,33554432,67108864,8388608,1,100712994,221055492,4,4,8192,0,0,1
1,stride16-gcc13-scalar-r12-random_access-scalar-warm-basic-5242880,stride16-gcc13-scalar,12,random_access,scalar,warm,basic,5242880,10485760,43253760,33,250007938,548746080,4,4,0,0,2814488322234249,0
1,stride16-gcc13-scalar-r12-random_access-scalar-cache_evicted-branch-1048576,stride16-gcc13-scalar,12,random_access,scalar,cache_evicted,branch,1048576,2097152,112984064,431,250508536,549845252,4,4,0,0,562104505118057,0
1,stride16-gcc13-scalar-r12-random_access-scalar-warm-basic-12582912,stride16-gcc13-scalar,12,random_access,scalar,warm,basic,12582912,25165824,28311552,9,261839062,574714608,4,4,0,0,6758103506696001,0
1,stride16-gcc13-scalar-r12-random_access-scalar-page_cold-basic-33554432,stride16-gcc13-scalar,12,random_access,scalar,page_cold,basic,33554432,67108864,8388608,1,100818210,221285980,4,4,8192,0,0,1
1,stride16-gcc13-scalar-r12-random_access-scalar-warm-basic-262144,stride16-gcc13-scalar,12,random_access,scalar,warm,basic,262144,524288,174063616,2656,250072171,548887308,4,4,0,0,0,0
1,stride16-gcc13-scalar-r12-random_access-scalar-warm-branch-5242880,stride16-gcc13-scalar,12,random_access,scalar,warm,branch,5242880,10485760,48496640,37,252287583,553749804,4,4,0,0,2814488322234249,0
1,stride16-gcc13-scalar-r12-random_access-scalar-warm-branch-262144,stride16-gcc13-scalar,12,random_access,scalar,warm,branch,262144,524288,171704320,2620,250075706,548894924,4,4,0,0,0,0
1,stride16-gcc13-scalar-r12-random_access-scalar-warm-basic-36864,stride16-gcc13-scalar,12,random_access,scalar,warm,basic,36864,73728,299925504,32544,250004203,548737976,4,4,0,0,0,0
1,stride16-gcc13-scalar-r12-random_access-scalar-warm-basic-8192,stride16-gcc13-scalar,12,random_access,scalar,warm,basic,8192,16384,394739712,192744,250000276,548729684,4,4,0,0,0,0
1,stride16-gcc13-scalar-r12-random_access-scalar-warm-branch-36864,stride16-gcc13-scalar,12,random_access,scalar,warm,branch,36864,73728,300183552,32572,250001045,548731344,4,4,0,0,0,0
1,stride16-gcc13-scalar-r12-random_access-scalar-warm-branch-8388608,stride16-gcc13-scalar,12,random_access,scalar,warm,branch,8388608,16777216,35651584,17,259474801,569524956,4,4,0,0,4504160835476438,0
1,stride16-gcc13-scalar-r12-random_access-scalar-cache_evicted-basic-33554432,stride16-gcc13-scalar,12,random_access,scalar,cache_evicted,basic,33554432,67108864,25165824,3,317670827,697260804,4,4,0,0,18012314446048567,0
1,stride16-gcc13-scalar-r12-random_access-scalar-cache_evicted-basic-8388608,stride16-gcc13-scalar,12,random_access,scalar,cache_evicted,basic,8388608,16777216,33554432,16,251379287,551756124,4,4,0,0,0,0
1,stride16-gcc13-scalar-r12-random_access-scalar-warm-basic-49152,stride16-gcc13-scalar,12,random_access,scalar,warm,basic,49152,98304,275951616,22457,250002186,548733856,4,4,0,0,26357835743176,0
1,stride16-gcc13-scalar-r12-random_access-scalar-warm-basic-98304,stride16-gcc13-scalar,12,random_access,scalar,warm,basic,98304,196608,245268480,9980,250014425,548760428,4,4,0,0,0,0
1,stride16-gcc13-scalar-r12-random_access-scalar-warm-basic-4194304,stride16-gcc13-scalar,12,random_access,scalar,warm,basic,4194304,8388608,54525952,52,254322289,558215804,4,4,0,0,0,0
1,stride16-gcc13-scalar-r12-random_access-scalar-warm-branch-196608,stride16-gcc13-scalar,12,random_access,scalar,warm,branch,196608,393216,220151808,4479,250017636,548767432,4,4,0,0,105573367554659,0
1,stride16-gcc13-scalar-r12-random_access-scalar-warm-branch-32768,stride16-gcc13-scalar,12,random_access,scalar,warm,branch,32768,65536,313442304,38262,250003753,548736992,4,4,0,0,0,0
1,stride16-gcc13-scalar-r12-random_access-scalar-cache_evicted-branch-262144,stride16-gcc13-scalar,12,random_access,scalar,cache_evicted,branch,262144,524288,173735936,2651,250038100,548812664,4,4,0,0,140503617969099,0
1,stride16-gcc13-scalar-r12-random_access-scalar-warm-basic-229376,stride16-gcc13-scalar,12,random_access,scalar,warm,basic,229376,458752,189464576,3304,250036068,548808216,4,4,0,0,0,0
1,stride16-gcc13-scalar-r12-random_access-scalar-warm-branch-28672,stride16-gcc13-scalar,12,random_access,scalar,warm,branch,28672,57344,329441280,45960,250002643,548734552,4,4,0,0,0,0
1,stride16-gcc13-scalar-r12-random_access-scalar-cache_evicted-basic-6291456,stride16-gcc13-scalar,12,random_access,scalar,cache_evicted,basic,6291456,12582912,42467328,27,257433469,565044544,4,4,0,0,3375149230983384,0
1,stride16-gcc13-scalar-r12-random_access-scalar-warm-branch-49152,stride16-gcc13-scalar,12,random_access,scalar,warm,branch,49152,98304,275202048,22396,250010279,548751612,4,4,0,0,0,0
1,stride16-gcc13-scalar-r12-random_access-scalar-warm-basic-131072,stride16-gcc13-scalar,12,random_access,scalar,warm,basic,131072,262144,233668608,7131,250002400,548734092,4,4,0,0,70623936139976,0
1,stride16-gcc13-scalar-r12-random_access-scalar-warm-branch-65536,stride16-gcc13-scalar,12,random_access,scalar,warm,branch,65536,131072,257671168,15727,250007149,548744772,4,4,0,0,35188072600617,0
1,stride16-gcc13-scalar-r12-random_access-scalar-warm-branch-1048576,stride16-gcc13-scalar,12,random_access,scalar,warm,branch,1048576,2097152,112984064,431,250141772,549040000,4,4,0,0,562961311849392,0
1,stride16-gcc13-scalar-r12-random_access-scalar-warm-branch-294912,stride16-gcc13-scalar,12,random_access,scalar,warm,branch,294912,589824,158588928,2151,250021964,548777272,4,4,0,0,158527513917965,0
1,stride16-gcc13-scalar-r12-random_access-scalar-cache_evicted-branch-33554432,stride16-gcc13-scalar,12,random_access,scalar,cache_evicted,branch,33554432,67108864,25165824,3,321817353,706362024,4,4,0,0,18012314446048567,0
1,stride16-gcc13-scalar-r12-random_access-scalar-warm-basic-6291456,stride16-gcc13-scalar,12,random_access,scalar,warm,basic,6291456,12582912,42467328,27,258339569,567033388,4,4,0,0,3377612593360785,0
1,stride16-gcc13-scalar-r12-random_access-scalar-warm-branch-12582912,stride16-gcc13-scalar,12,random_access,scalar,warm,branch,12582912,25165824,28311552,9,259654900,569920424,4,4,0,0,6758103506696001,0
1,stride16-gcc13-scalar-r12-random_access-scalar-warm-basic-134217728,stride16-gcc13-scalar,12,random_access,scalar,warm,basic,134217728,268435456,33554432,1,696610928,1529002632,4,4,0,0,72060774283136761,0
1,stride16-gcc13-scalar-r12-random_access-scalar-cache_evicted-branch-6291456,stride16-gcc13-scalar,12,random_access,scalar,cache_evicted,branch,6291456,12582912,40894464,26,250848512,550590900,4,4,0,0,0,0
1,stride16-gcc13-scalar-r12-random_access-scalar-warm-branch-24576,stride16-gcc13-scalar,12,random_access,scalar,warm,branch,24576,49152,341342208,55557,250003509,548736524,4,4,0,0,13232498992105,0
1,stride16-gcc13-scalar-r12-random_access-scalar-page_cold-branch-536870912,stride16-gcc13-scalar,12,random_access,scalar,page_cold,branch,536870912,1073741824,134217728,1,3522608772,7731831188,4,4,131072,0,0,1
1,stride16-gcc13-scalar-r13-random_access-scalar-warm-branch-32768,stride16-gcc13-scalar,13,random_access,scalar,warm,branch,32768,65536,313204736,38233,250002199,548733888,4,4,0,0,17732082854018,0
1,stride16-gcc13-scalar-r13-random_access-scalar-warm-branch-134217728,stride16-gcc13-scalar,13,random_access,scalar,warm,branch,134217728,268435456,33554432,1,695692448,1526986428,4,4,0,0,72057875830598449,0
1,stride16-gcc13-scalar-r13-random_access-scalar-warm-branch-8192,stride16-gcc13-scalar,13,random_access,scalar,warm,branch,8192,16384,392742912,191769,250000350,548729520,4,4,0,0,4482484513169,0
1,stride16-gcc13-scalar-r13-random_access-scalar-warm-basic-536870912,stride16-gcc13-scalar,13,random_access,scalar,warm,basic,536870912,1073741824,134217728,1,3519489226,7724986084,4,4,0,0,288220304739735815,0
1,stride16-gcc13-scalar-r13-random_access-scalar-warm-branch-294912,stride16-gcc13-scalar,13,random_access,scalar,warm,branch,294912,589824,158736384,2153,250021308,548775832,4,4,0,0,158613339196055,0
1,stride16-gcc13-scalar-r13-random_access-scalar-cache_evicted-basic-536870912,stride16-gcc13-scalar,13,random_access,scalar,cache_evicted,basic,536870912,1073741824,134217728,1,3521840667,7730147384,4,4,0,0,288202993314922548,0
1,stride16-gcc13-scalar-r13-random_access-scalar-warm-branch-49152,stride16-gcc13-scalar,13,random_access,scalar,warm,branch,49152,98304,275460096,22417,250009022,548748540,4,4,0,0,26654458899284,0
1,stride16-gcc13-scalar-r13-random_access-scalar-warm-basic-8388608,stride16-gcc13-scalar,13,random_access,scalar,warm,basic,8388608,16777216,35651584,17,259280082,569097932,4,4,0,0,4502784841161866,0
1,stride16-gcc13-scalar-r13-random_access-scalar-warm-basic-393216,stride16-gcc13-scalar,13,random_access,scalar,warm,basic,393216,786432,137035776,1394,250087098,548920096,4,4,0,0,0,0
1,stride16-gcc13-scalar-r13-random_access-scalar-warm-branch-131072,stride16-gcc13-scalar,13,random_access,scalar,warm,branch,131072,262144,233242624,7118,250028743,548791976,4,4,0,0,0,0
1,stride16-gcc13-scalar-r13-random_access-scalar-warm-basic-131072,stride16-gcc13-scalar,13,random_access,scalar,warm,basic,131072,262144,230588416,7037,250021297,548775476,4,4,0,0,70621425136835,0
1,stride16-gcc13-scalar-r13-random_access-scalar-warm-basic-49152,stride16-gcc13-scalar,13,random_access,scalar,warm,basic,49152,98304,275226624,22398,250008471,548747280,4,4,0,0,0,0
1,stride16-gcc13-scalar-r13-random_access-scalar-warm-branch-16384,stride16-gcc13-scalar,13,random_access,scalar,warm,branch,16384,32768,387248128,94543,250001903,548732856,4,4,0,0,8813395499077,0
1,stride16-gcc13-scalar-r13-random_access-scalar-cache_evicted-basic-262144,stride16-gcc13-scalar,13,random_access,scalar,cache_evicted,basic,262144,524288,174325760,2660,250026465,548787112,4,4,0,0,0,0
1,stride16-gcc13-scalar-r13-random_access-scalar-warm-branch-196608,stride16-gcc13-scalar,13,random_access,scalar,warm,branch,196608,393216,196706304,4002,250015104,548761944,4,4,0,0,0,0
1,stride16-gcc13-scalar-r13-random_access-scalar-warm-basic-294912,stride16-gcc13-scalar,13,random_access,scalar,warm,basic,294912,589824,156745728,2126,250106514,548962720,4,4,0,0,0,0
1,stride16-gcc13-scalar-r13-random_access-scalar-warm-branch-12582912,stride16-gcc13-scalar,13,random_access,scalar,warm,branch,12582912,25165824,28311552,9,262081788,575247244,4,4,0,0,6756160414684421,0
1,stride16-gcc13-scalar-r13-random_access-scalar-page_cold-branch-536870912,stride16-gcc13-scalar,13,random_access,scalar,page_cold,branch,536870912,1073741824,134217728,1,3517352999,7720295108,4,4,131072,0,0,1
1,stride16-gcc13-scalar-r13-random_access-scalar-warm-basic-16384,stride16-gcc13-scalar,13,random_access,scalar,warm,basic,16384,32768,365023232,89117,250002221,548733772,4,4,0,0,8813395499077,0
1,stride16-gcc13-scalar-r13-random_access-scalar-warm-basic-33554432,stride16-gcc13-scalar,13,random_access,scalar,warm,basic,33554432,67108864,25165824,3,320600392,703691040,4,4,0,0,18012971739563188,0
1,stride16-gcc13-scalar-r13-random_access-scalar-warm-branch-536870912,stride16-gcc13-scalar,13,random_access,scalar,warm,branch,536870912,1073741824,134217728,1,3801760555,8344548240,4,4,0,0,288220304739735815,0
1,stride16-gcc13-scalar-r13-random_access-scalar-warm-branch-8388608,stride16-gcc13-scalar,13,random_access,scalar,warm,branch,8388608,16777216,29360128,14,263537229,578442100,4,4,0,0,0,0
1,stride16-gcc13-scalar-r13-random_access-scalar-warm-basic-28672,stride16-gcc13-scalar,13,random_access,scalar,warm,basic,28672,57344,328953856,45892,250001147,548731100,4,4,0,0,0,0
1,stride16-gcc13-scalar-r13-random_access-scalar-warm-basic-1048576,stride16-gcc13-scalar,13,random_access,scalar,warm,basic,1048576,2097152,71041024,271,250360618,549520176,4,4,0,0,563818362097029,0
1,stride16-gcc13-scalar-r13-random_access-scalar-warm-basic-36864,stride16-gcc13-scalar,13,random_access,scalar,warm,basic,36864,73728,301114368,32673,250006884,548743800,4,4,0,0,19957538429749,0
1,stride16-gcc13-scalar-r13-random_access-scalar-warm-branch-33554432,stride16-gcc13-scalar,13,random_access,scalar,warm,branch,33554432,67108864,25165824,3,317931602,697833208,4,4,0,0,18012971739563188,0
1,stride16-gcc13-scalar-r13-random_access-scalar-warm-branch-524288,stride16-gcc13-scalar,13,random_access,scalar,warm,branch,524288,1048576,126877696,968,250247365,549271712,4,4,0,0,0,0
1,stride16-gcc13-scalar-r13-random_access-scalar-warm-branch-4194304,stride16-gcc13-scalar,13,random_access,scalar,warm,branch,4194304,8388608,49283072,47,256524081,563048720,4,4,0,0,2252314830506866,0
1,stride16-gcc13-scalar-r13-random_access-scalar-warm-basic-6291456,stride16-gcc13-scalar,13,random_access,scalar,warm,basic,6291456,12582912,28311552,18,261637504,574272308,4,4,0,0,0,0
1,stride16-gcc13-scalar-r13-random_access-scalar-cache_evicted-basic-6291456,stride16-gcc13-scalar,13,random_access,scalar,cache_evicted,basic,6291456,12582912,28311552,18,258719615,567867760,4,4,0,0,0,0
1,stride16-gcc13-scalar-r13-random_access-scalar-cache_evicted-basic-32768,stride16-gcc13-scalar,13,random_access,scalar,cache_evicted,basic,32768,65536,313163776,38228,250002186,548733536,4,4,0,0,0,0
1,stride16-gcc13-scalar-r13-random_access-scalar-warm-basic-196608,stride16-gcc13-scalar,13,random_access,scalar,warm,basic,196608,393216,207962112,4231,250012528,548756576,4,4,0,0,105771207431781,0
1,stride16-gcc13-scalar-r13-random_access-scalar-cache_evicted-basic-8388608,stride16-gcc13-scalar,13,random_access,scalar,cache_evicted,basic,8388608,16777216,35651584,17,262001825,575072064,4,4,0,0,4502351768749081,0
1,stride16-gcc13-scalar-r13-random_access-scalar-warm-branch-2097152,stride16-gcc13-scalar,13,random_access,scalar,warm,branch,2097152,4194304,68681728,131,251455291,551922964,4,4,0,0,1126801348788828,0
1,stride16-gcc13-scalar-r13-random_access-scalar-warm-basic-4194304,stride16-gcc13-scalar,13,random_access,scalar,warm,basic,4194304,8388608,53477376,51,254529497,558670632,4,4,0,0,2252314830506866,0
1,stride16-gcc13-scalar-r13-random_access-scalar-warm-basic-32768,stride16-gcc13-scalar,13,random_access,scalar,warm,basic,32768,65536,313507840,38270,250003102,548735548,4,4,0,0,0,0
1,stride16-gcc13-scalar-r13-random_access-scalar-page_cold-basic-33554432,stride16-gcc13-scalar,13,random_access,scalar,page_cold,basic,33554432,67108864,8388608,1,100811580,221271416,4,4,8192,0,0,1
1,stride16-gcc13-scalar-r13-random_access-scalar-page_cold-basic-536870912,stride16-gcc13-scalar,13,random_access,scalar,page_cold,basic,536870912,1073741824,134217728,1,3518836521,7723551432,4,4,131072,0,0,1
1,stride16-gcc13-scalar-r13-random_access-scalar-warm-basic-229376,stride16-gcc13-scalar,13,random_access,scalar,warm,basic,229376,458752,195198976,3404,250068713,548879464,4,4,0,0,0,0
1,stride16-gcc13-scalar-r13-random_access-scalar-cache_evicted-basic-1048576,stride16-gcc13-scalar,13,random_access,scalar,cache_evicted,basic,1048576,2097152,112721920,430,250443272,549701048,4,4,0,0,0,0
1,stride16-gcc13-scalar-r13-random_access-scalar-warm-branch-65536,stride16-gcc13-scalar,13,random_access,scalar,warm,branch,65536,131072,257097728,15692,250003795,548737148,4,4,0,0,0,0
1,stride16-gcc13-scalar-r13-random_access-scalar-cache_evicted-branch-32768,stride16-gcc13-scalar,13,random_access,scalar,cache_evicted,branch,32768,65536,313753600,38300,250003693,548737020,4,4,0,0,0,0
1,stride16-gcc13-scalar-r13-random_access-scalar-warm-branch-36864,stride16-gcc13-scalar,13,random_access,scalar,warm,branch,36864,73728,301519872,32717,250007638,548745612,4,4,0,0,19957538429749,0
1,stride16-gcc13-scalar-r13-random_access-scalar-warm-branch-229376,stride16-gcc13-scalar,13,random_access,scalar,warm,branch,229376,458752,193421312,3373,250012180,548755520,4,4,0,0,123341287119269,0
1,stride16-gcc13-scalar-r13-random_access-scalar-cache_evicted-branch-1048576,stride16-gcc13-scalar,13,random_access,scalar,cache_evicted,branch,1048576,2097152,106168320,405,250376802,549555800,4,4,0,0,562530100642198,0
1,stride16-gcc13-scalar-r13-random_access-scalar-warm-branch-393216,stride16-gcc13-scalar,13,random_access,scalar,warm,branch,393216,786432,136839168,1392,250112483,548975656,4,4,0,0,0,0
1,stride16-gcc13-scalar-r13-random_access-scalar-warm-basic-262144,stride16-gcc13-scalar,13,random_access,scalar,warm,basic,262144,524288,173146112,2642,250072894,548888844,4,4,0,0,0,0
1,stride16-gcc13-scalar-r13-random_access-scalar-cache_evicted-basic-33554432,stride16-gcc13-scalar,13,random_access,scalar,cache_evicted,basic,33554432,67108864,25165824,3,317585011,697072360,4,4,0,0,18014518157217040,0
1,stride16-gcc13-scalar-r13-random_access-scalar-cache_evicted-branch-536870912,stride16-gcc13-scalar,13,random_access,scalar,cache_evicted,branch,536870912,1073741824,134217728,1,3521529647,7729464500,4,4,0,0,288202993314922548,0
1,stride16-gcc13-scalar-r13-random_access-scalar-cache_evicted-branch-33554432,stride16-gcc13-scalar,13,random_access,scalar,cache_evicted,branch,33554432,67108864,25165824,3,325960786,715456680,4,4,0,0,18014518157217040,0
1,stride16-gcc13-scalar-r13-random_access-scalar-warm-basic-8192,stride16-gcc13-scalar,13,random_access,scalar,warm,basic,8192,16384,395151360,192945,250001458,548731952,4,4,0,0,4482484513169,0
1,stride16-gcc13-scalar-r13-random_access-scalar-warm-basic-12582912,stride16-gcc13-scalar,13,random_access,scalar,warm,basic,12582912,25165824,28311552,9,260895329,572643300,4,4,0,0,6756160414684421,0
1,stride16-gcc13-scalar-r13-random_access-scalar-page_cold-branch-33554432,stride16-gcc13-scalar,13,random_access,scalar,page_cold,branch,33554432,67108864,8388608,1,100790756,221225352,4,4,8192,0,0,1
1,stride16-gcc13-scalar-r13-random_access-scalar-warm-basic-98304,stride16-gcc13-scalar,13,random_access,scalar,warm,basic,98304,196608,232316928,9453,250019237,548771300,4,4,0,0,52961844746983,0
1,stride16-gcc13-scalar-r13-random_access-scalar-warm-branch-28672,stride16-gcc13-scalar,13,random_access,scalar,warm,branch,28672,57344,329161728,45921,250002626,548734660,4,4,0,0,15520152031035,0
1,stride16-gcc13-scalar-r13-random_access-scalar-warm-basic-24576,stride16-gcc13-scalar,13,random_access,scalar,warm,basic,24576,49152,340377600,55400,250003829,548737148,4,4,0,0,0,0
1,stride16-gcc13-scalar-r13-random_access-scalar-warm-branch-262144,stride16-gcc13-scalar,13,random_access,scalar,warm,branch,262144,524288,168689664,2574,250052107,548843140,4,4,0,0,0,0
1,stride16-gcc13-scalar-r13-random_access-scalar-warm-branch-24576,stride16-gcc13-scalar,13,random_access,scalar,warm,branch,24576,49152,340635648,55442,250004312,548738208,4,4,0,0,0,0
1,stride16-gcc13-scalar-r13-random_access-scalar-cache_evicted-branch-262144,stride16-gcc13-scalar,13,random_access,scalar,cache_evicted,branch,262144,524288,175374336,2676,250046238,548830384,4,4,0,0,0,0
1,stride16-gcc13-scalar-r13-random_access-scalar-warm-basic-5242880,stride16-gcc13-scalar,13,random_access,scalar,warm,basic,5242880,10485760,45875200,35,252548258,554321944,4,4,0,0,2815258975574879,0
1,stride16-gcc13-scalar-r13-random_access-scalar-cache_evicted-branch-8388608,stride16-gcc13-scalar,13,random_access,scalar,cache_evicted,branch,8388608,16777216,35651584,17,260050421,570788908,4,4,0,0,4502351768749081,0
1,stride16-gcc13-scalar-r13-random_access-scalar-warm-branch-6291456,stride16-gcc13-scalar,13,random_access,scalar,warm,branch,6291456,12582912,42467328,27,258869122,568195712,4,4,0,0,3377871115363835,0
1,stride16-gcc13-scalar-r13-random_access-scalar-warm-basic-2097152,stride16-gcc13-scalar,13,random_access,scalar,warm,basic,2097152,4194304,78643200,150,250706881,550280280,4,4,0,0,0,0
1,stride16-gcc13-scalar-r13-random_access-scalar-warm-branch-7340032,stride16-gcc13-scalar,13,random_access,scalar,warm,branch,7340032,14680064,34865152,19,256827171,563713784,4,4,0,0,3940791026753488,0
1,stride16-gcc13-scalar-r13-random_access-scalar-warm-basic-134217728,stride16-gcc13-scalar,13,random_access,scalar,warm,basic,134217728,268435456,33554432,1,694175035,1523655996,4,4,0,0,72057875830598449,0
1,stride16-gcc13-scalar-r13-random_access-scalar-warm-branch-5242880,stride16-gcc13-scalar,13,random_access,scalar,warm,branch,5242880,10485760,43253760,33,250757543,550391320,4,4,0,0,2815258975574879,0
1,stride16-gcc13-scalar-r13-random_access-scalar-warm-basic-7340032,stride16-gcc13-scalar,13,random_access,scalar,warm,basic,7340032,14680064,38535168,21,256402576,562782192,4,4,0,0,3940791026753488,0
1,stride16-gcc13-scalar-r13-random_access-scalar-warm-basic-524288,stride16-gcc13-scalar,13,random_access,scalar,warm,basic,524288,1048576,127270912,971,250102458,548953708,4,4,0,0,281762348844629,0
1,stride16-gcc13-scalar-r13-random_access-scalar-cache_evicted-branch-6291456,stride16-gcc13-scalar,13,random_access,scalar,cache_evicted,branch,6291456,12582912,42467328,27,252291562,553758524,4,4,0,0,3376478306575461,0
1,stride16-gcc13-scalar-r13-random_access-scalar-warm-branch-1048576,stride16-gcc13-scalar,13,random_access,scalar,warm,branch,1048576,2097152,111673344,426,250484611,549792124,4,4,0,0,0,0
1,stride16-gcc13-scalar-r13-random_access-scalar-warm-branch-98304,stride16-gcc13-scalar,13,random_access,scalar,warm,branch,98304,196608,245194752,9977,250005105,548740284,4,4,0,0,52961844746983,0
1,stride16-gcc13-scalar-r13-random_access-scalar-warm-basic-65536,stride16-gcc13-scalar,13,random_access,scalar,warm,basic,65536,131072,257720320,15730,250005371,548740848,4,4,0,0,0,0
1,stride16-gcc13-scalar-r14-random_access-scalar-warm-branch-6291456,stride16-gcc13-scalar,14,random_access,scalar,warm,branch,6291456,12582912,42467328,27,254207528,557964224,4,4,0,0,3377887701971400,0
1,stride16-gcc13-scalar-r14-random_access-scalar-page_cold-branch-536870912,stride16-gcc13-scalar,14,random_access,scalar,page_cold,branch,536870912,1073741824,134217728,1,3537856965,7765299680,4,4,131072,0,0,1
1,stride16-gcc13-scalar-r14-random_access-scalar-page_cold-basic-536870912,stride16-gcc13-scalar,14,random_access,scalar,page_cold,basic,536870912,1073741824,134217728,1,3801420770,8343800140,4,4,131072,0,0,1
1,stride16-gcc13-scalar-r14-random_access-scalar-cache_evicted-branch-32768,stride16-gcc13-scalar,14,random_access,scalar,cache_evicted,branch,32768,65536,313163776,38228,250006463,548742924,4,4,0,0,0,0
1,stride16-gcc13-scalar-r14-random_access-scalar-warm-branch-7340032,stride16-gcc13-scalar,14,random_access,scalar,warm,branch,7340032,14680064,36700160,20,256184559,562303324,4,4,0,0,0,0
1,stride16-gcc13-scalar-r14-random_access-scalar-warm-basic-229376,stride16-gcc13-scalar,14,random_access,scalar,warm,basic,229376,458752,181895168,3172,250015887,548763604,4,4,0,0,0,0
1,stride16-gcc13-scalar-r14-random_access-scalar-warm-branch-134217728,stride16-gcc13-scalar,14,random_access,scalar,warm,branch,134217728,268435456,33554432,1,699422484,1535174048,4,4,0,0,72055095908927801,0
1,stride16-gcc13-scalar-r14-random_access-scalar-warm-basic-4194304,stride16-gcc13-scalar,14,random_access,scalar,warm,basic,4194304,8388608,55574528,53,255180949,560100456,4,4,0,0,2252216594248994,0
1,stride16-gcc13-scalar-r14-random_access-scalar-warm-basic-36864,stride16-gcc13-scalar,14,random_access,scalar,warm,basic,36864,73728,301169664,32679,250001570,548732180,4,4,0,0,19897047135774,0
1,stride16-gcc13-scalar-r14-random_access-scalar-warm-branch-4194304,stride16-gcc13-scalar,14,random_access,scalar,warm,branch,4194304,8388608,58720256,56,252333992,553851636,4,4,0,0,0,0
1,stride16-gcc13-scalar-r14-random_access-scalar-warm-basic-16384,stride16-gcc13-scalar,14,random_access,scalar,warm,basic,16384,32768,378945536,92516,250002641,548734536,4,4,0,0,0,0
1,stride16-gcc13-scalar-r14-random_access-scalar-cache_evicted-basic-1048576,stride16-gcc13-scalar,14,random_access,scalar,cache_evicted,basic,1048576,2097152,113246208,432,250460401,549739292,4,4,0,0,0,0
1,stride16-gcc13-scalar-r14-random_access-scalar-warm-basic-49152,stride16-gcc13-scalar,14,random_access,scalar,warm,basic,49152,98304,275976192,22459,250005575,548741316,4,4,0,0,26358693009277,0
1,stride16-gcc13-scalar-r14-random_access-scalar-page_cold-basic-33554432,stride16-gcc13-scalar,14,random_access,scalar,page_cold,basic,33554432,67108864,8388608,1,100320676,220193704,4,4,8192,0,0,1
1,stride16-gcc13-scalar-r14-random_access-scalar-warm-basic-28672,stride16-gcc13-scalar,14,random_access,scalar,warm,basic,28672,57344,330265600,46075,250003336,548736104,4,4,0,0,15511146649765,0
1,stride16-gcc13-scalar-r14-random_access-scalar-warm-branch-32768,stride16-gcc13-scalar,14,random_access,scalar,warm,branch,32768,65536,313204736,38233,250006793,548743644,4,4,0,0,17713902493210,0
1,stride16-gcc13-scalar-r14-random_access-scalar-warm-branch-24576,stride16-gcc13-scalar,14,random_access,scalar,warm,branch,24576,49152,340107264,55356,250001081,548731068,4,4,0,0,0,0
1,stride16-gcc13-scalar-r14-random_access-scalar-warm-basic-131072,stride16-gcc13-scalar,14,random_access,scalar,warm,basic,131072,262144,232226816,7087,250034262,548804248,4,4,0,0,70522542927649,0
1,stride16-gcc13-scalar-r14-random_access-scalar-warm-branch-36864,stride16-gcc13-scalar,14,random_access,scalar,warm,branch,36864,73728,301132800,32675,250000358,548729536,4,4,0,0,19897047135774,0
1,stride16-gcc13-scalar-r14-random_access-scalar-warm-basic-1048576,stride16-gcc13-scalar,14,random_access,scalar,warm,basic,1048576,2097152,112984064,431,250245967,549268616,4,4,0,0,563052917778625,0
1,stride16-gcc13-scalar-r14-random_access-scalar-warm-basic-393216,stride16-gcc13-scalar,14,random_access,scalar,warm,basic,393216,786432,136839168,1392,250048876,548836096,4,4,0,0,0,0
1,stride16-gcc13-scalar-r14-random_access-scalar-cache_evicted-branch-33554432,stride16-gcc13-scalar,14,random_access,scalar,cache_evicted,branch,33554432,67108864,25165824,3,326513804,716670456,4,4,0,0,18013254874131008,0
1,stride16-gcc13-scalar-r14-random_access-scalar-warm-branch-2097152,stride16-gcc13-scalar,14,random_access,scalar,warm,branch,2097152,4194304,104333312,199,250286054,549356564,4,4,0,0,1126758128655826,0
1,stride16-gcc13-scalar-r14-random_access-scalar-cache_evicted-basic-536870912,stride16-gcc13-scalar,14,random_access,scalar,cache_evicted,basic,536870912,1073741824,134217728,1,3514201920,7713380816,4,4,0,0,288238543206921255,0
1,stride16-gcc13-scalar-r14-random_access-scalar-warm-basic-5242880,stride16-gcc13-scalar,14,random_access,scalar,warm,basic,5242880,10485760,52428800,40,253108067,555550684,4,4,0,0,0,0
1,stride16-gcc13-scalar-r14-random_access-scalar-warm-branch-229376,stride16-gcc13-scalar,14,random_access,scalar,warm,branch,229376,458752,199557120,3480,250056739,548853376,4,4,0,0,0,0
1,stride16-gcc13-scalar-r14-random_access-scalar-warm-branch-196608,stride16-gcc13-scalar,14,random_access,scalar,warm,branch,196608,393216,213712896,4348,250055013,548849800,4,4,0,0,0,0
1,stride16-gcc13-scalar-r14-random_access-scalar-warm-basic-98304,stride16-gcc13-scalar,14,random_access,scalar,warm,basic,98304,196608,244064256,9931,250013433,548758408,4,4,0,0,52870001356498,0
1,stride16-gcc13-scalar-r14-random_access-scalar-cache_evicted-basic-6291456,stride16-gcc13-scalar,14,random_access,scalar,cache_evicted,basic,6291456,12582912,45613056,29,257829924,565914752,4,4,0,0,3374398366004995,0
1,stride16-gcc13-scalar-r14-random_access-scalar-warm-branch-8192,stride16-gcc13-scalar,14,random_access,scalar,warm,branch,8192,16384,394940416,192842,250000582,548730204,4,4,0,0,0,0
1,stride16-gcc13-scalar-r14-random_access-scalar-cache_evicted-basic-262144,stride16-gcc13-scalar,14,random_access,scalar,cache_evicted,basic,262144,524288,173015040,2640,250011412,548754080,4,4,0,0,0,0
1,stride16-gcc13-scalar-r14-random_access-scalar-warm-branch-294912,stride16-gcc13-scalar,14,random_access,scalar,warm,branch,294912,589824,158810112,2154,250030471,548795624,4,4,0,0,0,0
1,stride16-gcc13-scalar-r14-random_access-scalar-warm-basic-7340032,stride16-gcc13-scalar,14,random_access,scalar,warm,basic,7340032,14680064,38535168,21,257574228,565353516,4,4,0,0,3940559643140326,0
1,stride16-gcc13-scalar-r14-random_access-scalar-warm-branch-49152,stride16-gcc13-scalar,14,random_access,scalar,warm,branch,49152,98304,275877888,22451,250003208,548736092,4,4,0,0,26358693009277,0
1,stride16-gcc13-scalar-r14-random_access-scalar-warm-basic-8388608,stride16-gcc13-scalar,14,random_access,scalar,warm,basic,8388608,16777216,35651584,17,259537009,569661652,4,4,0,0,4503964769106763,0
1,stride16-gcc13-scalar-r14-random_access-scalar-warm-branch-131072,stride16-gcc13-scalar,14,random_access,scalar,warm,branch,131072,262144,233832448,7136,250013464,548758632,4,4,0,0,0,0
1,stride16-gcc13-scalar-r14-random_access-scalar-warm-basic-2097152,stride16-gcc13-scalar,14,random_access,scalar,warm,basic,2097152,4194304,103809024,198,250503050,549832920,4,4,0,0,0,0
1,stride16-gcc13-scalar-r14-random_access-scalar-cache_evicted-branch-262144,stride16-gcc13-scalar,14,random_access,scalar,cache_evicted,branch,262144,524288,171966464,2624,250053951,548847148,4,4,0,0,0,0
1,stride16-gcc13-scalar-r14-random_access-scalar-warm-basic-536870912,stride16-gcc13-scalar,14,random_access,scalar,warm,basic,536870912,1073741824,134217728,1,3520991404,7728282684,4,4,0,0,288228199433210161,0
1,stride16-gcc13-scalar-r14-random_access-scalar-warm-branch-12582912,stride16-gcc13-scalar,14,random_access,scalar,warm,branch,12582912,25165824,28311552,9,259773167,570180000,4,4,0,0,6756111433047064,0
1,stride16-gcc13-scalar-r14-random_access-scalar-cache_evicted-branch-536870912,stride16-gcc13-scalar,14,random_access,scalar,cache_evicted,branch,536870912,1073741824,134217728,1,4022293656,8828600100,4,4,0,0,288238543206921255,0
1,stride16-gcc13-scalar-r14-random_access-scalar-warm-branch-5242880,stride16-gcc13-scalar,14,random_access,scalar,warm,branch,5242880,10485760,43253760,33,253844303,557166924,4,4,0,0,2814972934181795,0
1,stride16-gcc13-scalar-r14-random_access-scalar-cache_evicted-branch-1048576,stride16-gcc13-scalar,14,random_access,scalar,cache_evicted,branch,1048576,2097152,108003328,412,250308342,549405540,4,4,0,0,0,0
1,stride16-gcc13-scalar-r14-random_access-scalar-warm-basic-134217728,stride16-gcc13-scalar,14,random_access,scalar,warm,basic,134217728,268435456,33554432,1,702856363,1542711064,4,4,0,0,72055095908927801,0
1,stride16-gcc13-scalar-r14-random_access-scalar-warm-basic-262144,stride16-gcc13-scalar,14,random_access,scalar,warm,basic,262144,524288,174129152,2657,250031545,548797980,4,4,0,0,141202312004708,0
1,stride16-gcc13-scalar-r14-random_access-scalar-warm-branch-65536,stride16-gcc13-scalar,14,random_access,scalar,warm,branch,65536,131072,258293760,15765,250003410,548735932,4,4,0,0,35134734308189,0
1,stride16-gcc13-scalar-r14-random_access-scalar-cache_evicted-branch-8388608,stride16-gcc13-scalar,14,random_access,scalar,cache_evicted,branch,8388608,16777216,35651584,17,262860859,576957564,4,4,0,0,4501421735731818,0
1,stride16-gcc13-scalar-r14-random_access-scalar-warm-basic-24576,stride16-gcc13-scalar,14,random_access,scalar,warm,basic,24576,49152,340672512,55448,250001559,548732156,4,4,0,0,0,0
1,stride16-gcc13-scalar-r14-random_access-scalar-cache_evicted-basic-33554432,stride16-gcc13-scalar,14,random_access,scalar,cache_evicted,basic,33554432,67108864,25165824,3,327595102,719043336,4,4,0,0,18013254874131008,0
1,stride16-gcc13-scalar-r14-random_access-scalar-warm-branch-536870912,stride16-gcc13-scalar,14,random_access,scalar,warm,branch,536870912,1073741824,134217728,1,3515192263,7715554616,4,4,0,0,288228199433210161,0
1,stride16-gcc13-scalar-r14-random_access-scalar-cache_evicted-branch-6291456,stride16-gcc13-scalar,14,random_access,scalar,cache_evicted,branch,6291456,12582912,40894464,26,254130212,557794208,4,4,0,0,0,0
1,stride16-gcc13-scalar-r14-random_access-scalar-warm-branch-98304,stride16-gcc13-scalar,14,random_access,scalar,warm,branch,98304,196608,244629504,9954,250015480,548762696,4,4,0,0,0,0
1,stride16-gcc13-scalar-r14-random_access-scalar-warm-basic-524288,stride16-gcc13-scalar,14,random_access,scalar,warm,basic,524288,1048576,127008768,969,250257978,549294952,4,4,0,0,281551276901022,0
1,stride16-gcc13-scalar-r14-random_access-scalar-warm-branch-393216,stride16-gcc13-scalar,14,random_access,scalar,warm,branch,393216,786432,136937472,1393,250100754,548949860,4,4,0,0,211217996268948,0
1,stride16-gcc13-scalar-r14-random_access-scalar-warm-branch-28672,stride16-gcc13-scalar,14,random_access,scalar,warm,branch,28672,57344,329835520,46015,250001343,548731988,4,4,0,0,15511146649765,0
1,stride16-gcc13-scalar-r14-random_access-scalar-warm-branch-524288,stride16-gcc13-scalar,14,random_access,scalar,warm,branch,524288,1048576,127270912,971,250128306,549010484,4,4,0,0,281551276901022,0
1,stride16-gcc13-scalar-r14-random_access-scalar-warm-basic-294912,stride16-gcc13-scalar,14,random_access,scalar,warm,basic,294912,589824,156450816,2122,250116312,548984232,4,4,0,0,0,0
1,stride16-gcc13-scalar-r14-random_access-scalar-warm-basic-65536,stride16-gcc13-scalar,14,random_access,scalar,warm,basic,65536,131072,257458176,15714,250011115,548753332,4,4,0,0,0,0
1,stride16-gcc13-scalar-r14-random_access-scalar-warm-branch-33554432,stride16-gcc13-scalar,14,random_access,scalar,warm,branch,33554432,67108864,25165824,3,318725458,699575740,4,4,0,0,18014004374515092,0
1,stride16-gcc13-scalar-r14-random_access-scalar-warm-basic-32768,stride16-gcc13-scalar,14,random_access,scalar,warm,basic,32768,65536,313360384,38252,250001441,548732188,4,4,0,0,0,0
1,stride16-gcc13-scalar-r14-random_access-scalar-warm-branch-262144,stride16-gcc13-scalar,14,random_access,scalar,warm,branch,262144,524288,173801472,2652,250047474,548833100,4,4,0,0,0,0
1,stride16-gcc13-scalar-r14-random_access-scalar-warm-basic-196608,stride16-gcc13-scalar,14,random_access,scalar,warm,basic,196608,393216,219070464,4457,250010399,548751572,4,4,0,0,105683224052847,0
1,stride16-gcc13-scalar-r14-random_access-scalar-warm-basic-33554432,stride16-gcc13-scalar,14,random_access,scalar,warm,basic,33554432,67108864,25165824,3,322432332,707712020,4,4,0,0,18014004374515092,0
1,stride16-gcc13-scalar-r14-random_access-scalar-warm-branch-1048576,stride16-gcc13-scalar,14,random_access,scalar,warm,branch,1048576,2097152,112984064,431,250175240,549113376,4,4,0,0,563052917778625,0
1,stride16-gcc13-scalar-r14-random_access-scalar-warm-basic-8192,stride16-gcc13-scalar,14,random_access,scalar,warm,basic,8192,16384,394407936,192582,250001170,548731288,4,4,0,0,0,0
1,stride16-gcc13-scalar-r14-random_access-scalar-warm-branch-8388608,stride16-gcc13-scalar,14,random_access,scalar,warm,branch,8388608,16777216,35651584,17,260948362,572759788,4,4,0,0,4503964769106763,0
1,stride16-gcc13-scalar-r14-random_access-scalar-warm-basic-6291456,stride16-gcc13-scalar,14,random_access,scalar,warm,basic,6291456,12582912,44040192,28,253299342,555970476,4,4,0,0,0,0
1,stride16-gcc13-scalar-r14-random_access-scalar-cache_evicted-basic-8388608,stride16-gcc13-scalar,14,random_access,scalar,cache_evicted,basic,8388608,16777216,35651584,17,259771343,570176356,4,4,0,0,4501421735731818,0
1,stride16-gcc13-scalar-r14-random_access-scalar-warm-branch-16384,stride16-gcc13-scalar,14,random_access,scalar,warm,branch,16384,32768,377192448,92088,250002032,548733216,4,4,0,0,0,0
1,stride16-gcc13-scalar-r14-random_access-scalar-cache_evicted-basic-32768,stride16-gcc13-scalar,14,random_access,scalar,cache_evicted,basic,32768,65536,312885248,38194,250002643,548734548,4,4,0,0,0,0
1,stride16-gcc13-scalar-r14-random_access-scalar-warm-basic-12582912,stride16-gcc13-scalar,14,random_access,scalar,warm,basic,12582912,25165824,28311552,9,261383169,573713856,4,4,0,0,6756111433047064,0
1,stride16-gcc13-scalar-r14-random_access-scalar-page_cold-branch-33554432,stride16-gcc13-scalar,14,random_access,scalar,page_cold,branch,33554432,67108864,8388608,1,102506665,224991788,4,4,8192,0,0,1
