sample_id,round,language,implementation,value_type,footprint_bytes,passes,elapsed_ns,checksum
r1-go-scalar-float-32768,1,go,scalar,float,32768,65536,735889836,1266679808
r1-go-scalar-float-262144,1,go,scalar,float,262144,8192,735902230,1266679808
r1-go-scalar-float-1048576,1,go,scalar,float,1048576,2048,736638694,1266679808
r1-go-scalar-float-8388608,1,go,scalar,float,8388608,256,769099914,1266679808
r1-go-scalar-float-67108864,1,go,scalar,float,67108864,32,812815469,1266679808
r1-c-scalar-double-32768,1,c,scalar,double,32768,65536,366930912,4733283208366391296
r1-c-scalar-double-262144,1,c,scalar,double,262144,8192,366931715,4733283208366391296
r1-c-scalar-double-1048576,1,c,scalar,double,1048576,2048,366908812,4733283208366391296
r1-c-scalar-double-8388608,1,c,scalar,double,8388608,256,384559712,4733283208366391296
r1-c-scalar-double-67108864,1,c,scalar,double,67108864,32,391585197,4733283208366391296
r1-cpp-scalar-short-32768,1,cpp,scalar,short,32768,65536,644236536,0
r1-cpp-scalar-short-262144,1,cpp,scalar,short,262144,8192,632197564,0
r1-cpp-scalar-short-1048576,1,cpp,scalar,short,1048576,2048,634840788,0
r1-cpp-scalar-short-8388608,1,cpp,scalar,short,8388608,256,669393166,0
r1-cpp-scalar-short-67108864,1,cpp,scalar,short,67108864,32,675181331,0
r1-rust-scalar-double-32768,1,rust,scalar,double,32768,65536,366960822,4733283208366391296
r1-rust-scalar-double-262144,1,rust,scalar,double,262144,8192,367113801,4733283208366391296
r1-rust-scalar-double-1048576,1,rust,scalar,double,1048576,2048,367615794,4733283208366391296
r1-rust-scalar-double-8388608,1,rust,scalar,double,8388608,256,401924073,4733283208366391296
r1-rust-scalar-double-67108864,1,rust,scalar,double,67108864,32,446310997,4733283208366391296
r1-cpp-avx2-short-32768,1,cpp,avx2,short,32768,65536,36566066,0
r1-cpp-avx2-short-262144,1,cpp,avx2,short,262144,8192,61820757,0
r1-cpp-avx2-short-1048576,1,cpp,avx2,short,1048576,2048,76765389,0
r1-cpp-avx2-short-8388608,1,cpp,avx2,short,8388608,256,137681488,0
r1-cpp-avx2-short-67108864,1,cpp,avx2,short,67108864,32,160696858,0
r1-rust-scalar-int-32768,1,rust,scalar,int,32768,65536,312580472,536870912
r1-rust-scalar-int-262144,1,rust,scalar,int,262144,8192,316084729,536870912
r1-rust-scalar-int-1048576,1,rust,scalar,int,1048576,2048,319160226,536870912
r1-rust-scalar-int-8388608,1,rust,scalar,int,8388608,256,355203069,536870912
r1-rust-scalar-int-67108864,1,rust,scalar,int,67108864,32,405968216,536870912
r1-cpp-avx2-float-32768,1,cpp,avx2,float,32768,65536,89238920,1308622848
r1-cpp-avx2-float-262144,1,cpp,avx2,float,262144,8192,92100313,1308622848
r1-cpp-avx2-float-1048576,1,cpp,avx2,float,1048576,2048,92160683,1308622848
r1-cpp-avx2-float-8388608,1,cpp,avx2,float,8388608,256,139253367,1308622848
r1-cpp-avx2-float-67108864,1,cpp,avx2,float,67108864,32,159855243,1308622848
r1-go-scalar-double-32768,1,go,scalar,double,32768,65536,368162133,4733283208366391296
r1-go-scalar-double-262144,1,go,scalar,double,262144,8192,368383031,4733283208366391296
r1-go-scalar-double-1048576,1,go,scalar,double,1048576,2048,368838011,4733283208366391296
r1-go-scalar-double-8388608,1,go,scalar,double,8388608,256,397133653,4733283208366391296
r1-go-scalar-double-67108864,1,go,scalar,double,67108864,32,440787209,4733283208366391296
r1-cpp-scalar-double-32768,1,cpp,scalar,double,32768,65536,366950778,4733283208366391296
r1-cpp-scalar-double-262144,1,cpp,scalar,double,262144,8192,366928891,4733283208366391296
r1-cpp-scalar-double-1048576,1,cpp,scalar,double,1048576,2048,366973246,4733283208366391296
r1-cpp-scalar-double-8388608,1,cpp,scalar,double,8388608,256,383521951,4733283208366391296
r1-cpp-scalar-double-67108864,1,cpp,scalar,double,67108864,32,391387452,4733283208366391296
r1-c-scalar-int-32768,1,c,scalar,int,32768,65536,311755696,536870912
r1-c-scalar-int-262144,1,c,scalar,int,262144,8192,317205237,536870912
r1-c-scalar-int-1048576,1,c,scalar,int,1048576,2048,319293664,536870912
r1-c-scalar-int-8388608,1,c,scalar,int,8388608,256,348773649,536870912
r1-c-scalar-int-67108864,1,c,scalar,int,67108864,32,358166032,536870912
r1-cpp-avx2-string16-32768,1,cpp,avx2,string16,32768,65536,72795205,2147483648
r1-cpp-avx2-string16-262144,1,cpp,avx2,string16,262144,8192,82633689,2147483648
r1-cpp-avx2-string16-1048576,1,cpp,avx2,string16,1048576,2048,90263525,2147483648
r1-cpp-avx2-string16-8388608,1,cpp,avx2,string16,8388608,256,134116735,2147483648
r1-cpp-avx2-string16-67108864,1,cpp,avx2,string16,67108864,32,168052472,2147483648
r1-c-avx2-int-32768,1,c,avx2,int,32768,65536,36307181,536870912
r1-c-avx2-int-262144,1,c,avx2,int,262144,8192,60292145,536870912
r1-c-avx2-int-1048576,1,c,avx2,int,1048576,2048,76866818,536870912
r1-c-avx2-int-8388608,1,c,avx2,int,8388608,256,119921044,536870912
r1-c-avx2-int-67108864,1,c,avx2,int,67108864,32,161591828,536870912
r1-go-scalar-short-32768,1,go,scalar,short,32768,65536,700192018,0
r1-go-scalar-short-262144,1,go,scalar,short,262144,8192,734279457,0
r1-go-scalar-short-1048576,1,go,scalar,short,1048576,2048,737831692,0
r1-go-scalar-short-8388608,1,go,scalar,short,8388608,256,782427413,0
r1-go-scalar-short-67108864,1,go,scalar,short,67108864,32,842422503,0
r1-cpp-scalar-float-32768,1,cpp,scalar,float,32768,65536,733878344,1266679808
r1-cpp-scalar-float-262144,1,cpp,scalar,float,262144,8192,733826015,1266679808
r1-cpp-scalar-float-1048576,1,cpp,scalar,float,1048576,2048,733906817,1266679808
r1-cpp-scalar-float-8388608,1,cpp,scalar,float,8388608,256,746578267,1266679808
r1-cpp-scalar-float-67108864,1,cpp,scalar,float,67108864,32,755183802,1266679808
r1-go-scalar-string16-32768,1,go,scalar,string16,32768,65536,1399832626,2147483648
r1-go-scalar-string16-262144,1,go,scalar,string16,262144,8192,1440876866,2147483648
r1-go-scalar-string16-1048576,1,go,scalar,string16,1048576,2048,1454230869,2147483648
r1-go-scalar-string16-8388608,1,go,scalar,string16,8388608,256,1494016794,2147483648
r1-go-scalar-string16-67108864,1,go,scalar,string16,67108864,32,1571852551,2147483648
r1-c-avx2-float-32768,1,c,avx2,float,32768,65536,89267013,1308622848
r1-c-avx2-float-262144,1,c,avx2,float,262144,8192,91760905,1308622848
r1-c-avx2-float-1048576,1,c,avx2,float,1048576,2048,92156735,1308622848
r1-c-avx2-float-8388608,1,c,avx2,float,8388608,256,119721287,1308622848
r1-c-avx2-float-67108864,1,c,avx2,float,67108864,32,160068175,1308622848
r1-c-avx2-string16-32768,1,c,avx2,string16,32768,65536,48127935,2147483648
r1-c-avx2-string16-262144,1,c,avx2,string16,262144,8192,66527324,2147483648
r1-c-avx2-string16-1048576,1,c,avx2,string16,1048576,2048,84176243,2147483648
r1-c-avx2-string16-8388608,1,c,avx2,string16,8388608,256,127346241,2147483648
r1-c-avx2-string16-67108864,1,c,avx2,string16,67108864,32,167162262,2147483648
r1-cpp-avx2-int-32768,1,cpp,avx2,int,32768,65536,36513793,536870912
r1-cpp-avx2-int-262144,1,cpp,avx2,int,262144,8192,56213123,536870912
r1-cpp-avx2-int-1048576,1,cpp,avx2,int,1048576,2048,76741827,536870912
r1-cpp-avx2-int-8388608,1,cpp,avx2,int,8388608,256,116369102,536870912
r1-cpp-avx2-int-67108864,1,cpp,avx2,int,67108864,32,159690245,536870912
r1-go-scalar-int-32768,1,go,scalar,int,32768,65536,350609067,536870912
r1-go-scalar-int-262144,1,go,scalar,int,262144,8192,371958672,536870912
r1-go-scalar-int-1048576,1,go,scalar,int,1048576,2048,375331215,536870912
r1-go-scalar-int-8388608,1,go,scalar,int,8388608,256,421662301,536870912
r1-go-scalar-int-67108864,1,go,scalar,int,67108864,32,472029342,536870912
r1-cpp-scalar-int-32768,1,cpp,scalar,int,32768,65536,311350487,536870912
r1-cpp-scalar-int-262144,1,cpp,scalar,int,262144,8192,316936334,536870912
r1-cpp-scalar-int-1048576,1,cpp,scalar,int,1048576,2048,319375488,536870912
r1-cpp-scalar-int-8388608,1,cpp,scalar,int,8388608,256,350833907,536870912
r1-cpp-scalar-int-67108864,1,cpp,scalar,int,67108864,32,358693182,536870912
r1-c-scalar-short-32768,1,c,scalar,short,32768,65536,635343898,0
r1-c-scalar-short-262144,1,c,scalar,short,262144,8192,738153948,0
r1-c-scalar-short-1048576,1,c,scalar,short,1048576,2048,634541057,0
r1-c-scalar-short-8388608,1,c,scalar,short,8388608,256,662876714,0
r1-c-scalar-short-67108864,1,c,scalar,short,67108864,32,674441829,0
r1-cpp-avx2-double-32768,1,cpp,avx2,double,32768,65536,88854690,4733283208366391296
r1-cpp-avx2-double-262144,1,cpp,avx2,double,262144,8192,92062346,4733283208366391296
r1-cpp-avx2-double-1048576,1,cpp,avx2,double,1048576,2048,92150476,4733283208366391296
r1-cpp-avx2-double-8388608,1,cpp,avx2,double,8388608,256,130530993,4733283208366391296
r1-cpp-avx2-double-67108864,1,cpp,avx2,double,67108864,32,159805586,4733283208366391296
r1-cpp-scalar-string16-32768,1,cpp,scalar,string16,32768,65536,556237377,2147483648
r1-cpp-scalar-string16-262144,1,cpp,scalar,string16,262144,8192,667568507,2147483648
r1-cpp-scalar-string16-1048576,1,cpp,scalar,string16,1048576,2048,674589374,2147483648
r1-cpp-scalar-string16-8388608,1,cpp,scalar,string16,8388608,256,701047333,2147483648
r1-cpp-scalar-string16-67108864,1,cpp,scalar,string16,67108864,32,710690057,2147483648
r1-c-avx2-short-32768,1,c,avx2,short,32768,65536,36493087,0
r1-c-avx2-short-262144,1,c,avx2,short,262144,8192,58105730,0
r1-c-avx2-short-1048576,1,c,avx2,short,1048576,2048,76769941,0
r1-c-avx2-short-8388608,1,c,avx2,short,8388608,256,128671826,0
r1-c-avx2-short-67108864,1,c,avx2,short,67108864,32,161338952,0
r1-c-scalar-float-32768,1,c,scalar,float,32768,65536,733913465,1266679808
r1-c-scalar-float-262144,1,c,scalar,float,262144,8192,733827789,1266679808
r1-c-scalar-float-1048576,1,c,scalar,float,1048576,2048,733939063,1266679808
r1-c-scalar-float-8388608,1,c,scalar,float,8388608,256,748411964,1266679808
r1-c-scalar-float-67108864,1,c,scalar,float,67108864,32,755058586,1266679808
r1-rust-scalar-float-32768,1,rust,scalar,float,32768,65536,734440854,1266679808
r1-rust-scalar-float-262144,1,rust,scalar,float,262144,8192,734019404,1266679808
r1-rust-scalar-float-1048576,1,rust,scalar,float,1048576,2048,734523285,1266679808
r1-rust-scalar-float-8388608,1,rust,scalar,float,8388608,256,762137527,1266679808
r1-rust-scalar-float-67108864,1,rust,scalar,float,67108864,32,809844717,1266679808
r1-rust-scalar-short-32768,1,rust,scalar,short,32768,65536,624761630,0
r1-rust-scalar-short-262144,1,rust,scalar,short,262144,8192,632874173,0
r1-rust-scalar-short-1048576,1,rust,scalar,short,1048576,2048,636682595,0
r1-rust-scalar-short-8388608,1,rust,scalar,short,8388608,256,666666195,0
r1-rust-scalar-short-67108864,1,rust,scalar,short,67108864,32,722725191,0
r1-c-avx2-double-32768,1,c,avx2,double,32768,65536,88848892,4733283208366391296
r1-c-avx2-double-262144,1,c,avx2,double,262144,8192,91894727,4733283208366391296
r1-c-avx2-double-1048576,1,c,avx2,double,1048576,2048,92169418,4733283208366391296
r1-c-avx2-double-8388608,1,c,avx2,double,8388608,256,119615569,4733283208366391296
r1-c-avx2-double-67108864,1,c,avx2,double,67108864,32,159330046,4733283208366391296
r1-rust-scalar-string16-32768,1,rust,scalar,string16,32768,65536,553872641,2147483648
r1-rust-scalar-string16-262144,1,rust,scalar,string16,262144,8192,660213914,2147483648
r1-rust-scalar-string16-1048576,1,rust,scalar,string16,1048576,2048,668725833,2147483648
r1-rust-scalar-string16-8388608,1,rust,scalar,string16,8388608,256,714779845,2147483648
r1-rust-scalar-string16-67108864,1,rust,scalar,string16,67108864,32,757463518,2147483648
r1-c-scalar-string16-32768,1,c,scalar,string16,32768,65536,558924542,2147483648
r1-c-scalar-string16-262144,1,c,scalar,string16,262144,8192,668281836,2147483648
r1-c-scalar-string16-1048576,1,c,scalar,string16,1048576,2048,674908947,2147483648
r1-c-scalar-string16-8388608,1,c,scalar,string16,8388608,256,706073466,2147483648
r1-c-scalar-string16-67108864,1,c,scalar,string16,67108864,32,720012789,2147483648
r2-go-scalar-double-32768,2,go,scalar,double,32768,65536,369914851,4733283208366391296
r2-go-scalar-double-262144,2,go,scalar,double,262144,8192,368492433,4733283208366391296
r2-go-scalar-double-1048576,2,go,scalar,double,1048576,2048,369015957,4733283208366391296
r2-go-scalar-double-8388608,2,go,scalar,double,8388608,256,396377911,4733283208366391296
r2-go-scalar-double-67108864,2,go,scalar,double,67108864,32,440370862,4733283208366391296
r2-cpp-scalar-string16-32768,2,cpp,scalar,string16,32768,65536,556592203,2147483648
r2-cpp-scalar-string16-262144,2,cpp,scalar,string16,262144,8192,667559922,2147483648
r2-cpp-scalar-string16-1048576,2,cpp,scalar,string16,1048576,2048,674582689,2147483648
r2-cpp-scalar-string16-8388608,2,cpp,scalar,string16,8388608,256,703581319,2147483648
r2-cpp-scalar-string16-67108864,2,cpp,scalar,string16,67108864,32,710884897,2147483648
r2-c-scalar-int-32768,2,c,scalar,int,32768,65536,311862939,536870912
r2-c-scalar-int-262144,2,c,scalar,int,262144,8192,317219838,536870912
r2-c-scalar-int-1048576,2,c,scalar,int,1048576,2048,319600517,536870912
r2-c-scalar-int-8388608,2,c,scalar,int,8388608,256,351834130,536870912
r2-c-scalar-int-67108864,2,c,scalar,int,67108864,32,358555107,536870912
r2-go-scalar-float-32768,2,go,scalar,float,32768,65536,735566004,1266679808
r2-go-scalar-float-262144,2,go,scalar,float,262144,8192,735912520,1266679808
r2-go-scalar-float-1048576,2,go,scalar,float,1048576,2048,736736412,1266679808
r2-go-scalar-float-8388608,2,go,scalar,float,8388608,256,762844507,1266679808
r2-go-scalar-float-67108864,2,go,scalar,float,67108864,32,811080729,1266679808
r2-c-avx2-int-32768,2,c,avx2,int,32768,65536,36398218,536870912
r2-c-avx2-int-262144,2,c,avx2,int,262144,8192,51200614,536870912
r2-c-avx2-int-1048576,2,c,avx2,int,1048576,2048,76889610,536870912
r2-c-avx2-int-8388608,2,c,avx2,int,8388608,256,137036021,536870912
r2-c-avx2-int-67108864,2,c,avx2,int,67108864,32,160368018,536870912
r2-cpp-scalar-double-32768,2,cpp,scalar,double,32768,65536,366960604,4733283208366391296
r2-cpp-scalar-double-262144,2,cpp,scalar,double,262144,8192,366923053,4733283208366391296
r2-cpp-scalar-double-1048576,2,cpp,scalar,double,1048576,2048,366980891,4733283208366391296
r2-cpp-scalar-double-8388608,2,cpp,scalar,double,8388608,256,387010780,4733283208366391296
r2-cpp-scalar-double-67108864,2,cpp,scalar,double,67108864,32,390992534,4733283208366391296
r2-cpp-avx2-double-32768,2,cpp,avx2,double,32768,65536,88837051,4733283208366391296
r2-cpp-avx2-double-262144,2,cpp,avx2,double,262144,8192,91934662,4733283208366391296
r2-cpp-avx2-double-1048576,2,cpp,avx2,double,1048576,2048,92161324,4733283208366391296
r2-cpp-avx2-double-8388608,2,cpp,avx2,double,8388608,256,138773493,4733283208366391296
r2-cpp-avx2-double-67108864,2,cpp,avx2,double,67108864,32,160183461,4733283208366391296
r2-cpp-scalar-int-32768,2,cpp,scalar,int,32768,65536,311509901,536870912
r2-cpp-scalar-int-262144,2,cpp,scalar,int,262144,8192,316872734,536870912
r2-cpp-scalar-int-1048576,2,cpp,scalar,int,1048576,2048,319645852,536870912
r2-cpp-scalar-int-8388608,2,cpp,scalar,int,8388608,256,350033346,536870912
r2-cpp-scalar-int-67108864,2,cpp,scalar,int,67108864,32,358054691,536870912
r2-rust-scalar-double-32768,2,rust,scalar,double,32768,65536,366946671,4733283208366391296
r2-rust-scalar-double-262144,2,rust,scalar,double,262144,8192,367140316,4733283208366391296
r2-rust-scalar-double-1048576,2,rust,scalar,double,1048576,2048,367801421,4733283208366391296
r2-rust-scalar-double-8388608,2,rust,scalar,double,8388608,256,400521230,4733283208366391296
r2-rust-scalar-double-67108864,2,rust,scalar,double,67108864,32,445834442,4733283208366391296
r2-go-scalar-int-32768,2,go,scalar,int,32768,65536,350391812,536870912
r2-go-scalar-int-262144,2,go,scalar,int,262144,8192,371032713,536870912
r2-go-scalar-int-1048576,2,go,scalar,int,1048576,2048,375749985,536870912
r2-go-scalar-int-8388608,2,go,scalar,int,8388608,256,416828439,536870912
r2-go-scalar-int-67108864,2,go,scalar,int,67108864,32,471800047,536870912
r2-go-scalar-string16-32768,2,go,scalar,string16,32768,65536,1400283719,2147483648
r2-go-scalar-string16-262144,2,go,scalar,string16,262144,8192,1439771853,2147483648
r2-go-scalar-string16-1048576,2,go,scalar,string16,1048576,2048,1453460615,2147483648
r2-go-scalar-string16-8388608,2,go,scalar,string16,8388608,256,1496538151,2147483648
r2-go-scalar-string16-67108864,2,go,scalar,string16,67108864,32,1554843924,2147483648
r2-cpp-scalar-float-32768,2,cpp,scalar,float,32768,65536,734073947,1266679808
r2-cpp-scalar-float-262144,2,cpp,scalar,float,262144,8192,733824035,1266679808
r2-cpp-scalar-float-1048576,2,cpp,scalar,float,1048576,2048,733902614,1266679808
r2-cpp-scalar-float-8388608,2,cpp,scalar,float,8388608,256,748711352,1266679808
r2-cpp-scalar-float-67108864,2,cpp,scalar,float,67108864,32,755059091,1266679808
r2-rust-scalar-float-32768,2,rust,scalar,float,32768,65536,734513367,1266679808
r2-rust-scalar-float-262144,2,rust,scalar,float,262144,8192,734029633,1266679808
r2-rust-scalar-float-1048576,2,rust,scalar,float,1048576,2048,734587412,1266679808
r2-rust-scalar-float-8388608,2,rust,scalar,float,8388608,256,767842317,1266679808
r2-rust-scalar-float-67108864,2,rust,scalar,float,67108864,32,809731376,1266679808
r2-c-scalar-short-32768,2,c,scalar,short,32768,65536,624698440,0
r2-c-scalar-short-262144,2,c,scalar,short,262144,8192,632407265,0
r2-c-scalar-short-1048576,2,c,scalar,short,1048576,2048,634459370,0
r2-c-scalar-short-8388608,2,c,scalar,short,8388608,256,664362105,0
r2-c-scalar-short-67108864,2,c,scalar,short,67108864,32,675184935,0
r2-cpp-avx2-string16-32768,2,cpp,avx2,string16,32768,65536,72801373,2147483648
r2-cpp-avx2-string16-262144,2,cpp,avx2,string16,262144,8192,87582013,2147483648
r2-cpp-avx2-string16-1048576,2,cpp,avx2,string16,1048576,2048,90357019,2147483648
r2-cpp-avx2-string16-8388608,2,cpp,avx2,string16,8388608,256,148942277,2147483648
r2-cpp-avx2-string16-67108864,2,cpp,avx2,string16,67108864,32,166713862,2147483648
r2-c-scalar-string16-32768,2,c,scalar,string16,32768,65536,555820638,2147483648
r2-c-scalar-string16-262144,2,c,scalar,string16,262144,8192,669189747,2147483648
r2-c-scalar-string16-1048576,2,c,scalar,string16,1048576,2048,674654499,2147483648
r2-c-scalar-string16-8388608,2,c,scalar,string16,8388608,256,702531303,2147483648
r2-c-scalar-string16-67108864,2,c,scalar,string16,67108864,32,711396120,2147483648
r2-cpp-avx2-int-32768,2,cpp,avx2,int,32768,65536,36318312,536870912
r2-cpp-avx2-int-262144,2,cpp,avx2,int,262144,8192,69112846,536870912
r2-cpp-avx2-int-1048576,2,cpp,avx2,int,1048576,2048,76738521,536870912
r2-cpp-avx2-int-8388608,2,cpp,avx2,int,8388608,256,137535184,536870912
r2-cpp-avx2-int-67108864,2,cpp,avx2,int,67108864,32,159901200,536870912
r2-c-avx2-short-32768,2,c,avx2,short,32768,65536,36701499,0
r2-c-avx2-short-262144,2,c,avx2,short,262144,8192,57506792,0
r2-c-avx2-short-1048576,2,c,avx2,short,1048576,2048,76823965,0
r2-c-avx2-short-8388608,2,c,avx2,short,8388608,256,116266917,0
r2-c-avx2-short-67108864,2,c,avx2,short,67108864,32,160302828,0
r2-c-avx2-string16-32768,2,c,avx2,string16,32768,65536,48151419,2147483648
r2-c-avx2-string16-262144,2,c,avx2,string16,262144,8192,72583045,2147483648
r2-c-avx2-string16-1048576,2,c,avx2,string16,1048576,2048,84184570,2147483648
r2-c-avx2-string16-8388608,2,c,avx2,string16,8388608,256,143308557,2147483648
r2-c-avx2-string16-67108864,2,c,avx2,string16,67108864,32,167219796,2147483648
r2-c-avx2-float-32768,2,c,avx2,float,32768,65536,89272527,1308622848
r2-c-avx2-float-262144,2,c,avx2,float,262144,8192,92081135,1308622848
r2-c-avx2-float-1048576,2,c,avx2,float,1048576,2048,92322023,1308622848
r2-c-avx2-float-8388608,2,c,avx2,float,8388608,256,120006160,1308622848
r2-c-avx2-float-67108864,2,c,avx2,float,67108864,32,160019086,1308622848
r2-cpp-scalar-short-32768,2,cpp,scalar,short,32768,65536,658644985,0
r2-cpp-scalar-short-262144,2,cpp,scalar,short,262144,8192,664421151,0
r2-cpp-scalar-short-1048576,2,cpp,scalar,short,1048576,2048,634599960,0
r2-cpp-scalar-short-8388608,2,cpp,scalar,short,8388608,256,668714685,0
r2-cpp-scalar-short-67108864,2,cpp,scalar,short,67108864,32,674983551,0
r2-cpp-avx2-float-32768,2,cpp,avx2,float,32768,65536,89349980,1308622848
r2-cpp-avx2-float-262144,2,cpp,avx2,float,262144,8192,92081747,1308622848
r2-cpp-avx2-float-1048576,2,cpp,avx2,float,1048576,2048,92319040,1308622848
r2-cpp-avx2-float-8388608,2,cpp,avx2,float,8388608,256,120219779,1308622848
r2-cpp-avx2-float-67108864,2,cpp,avx2,float,67108864,32,159791972,1308622848
r2-c-avx2-double-32768,2,c,avx2,double,32768,65536,88850396,4733283208366391296
r2-c-avx2-double-262144,2,c,avx2,double,262144,8192,91938982,4733283208366391296
r2-c-avx2-double-1048576,2,c,avx2,double,1048576,2048,92322340,4733283208366391296
r2-c-avx2-double-8388608,2,c,avx2,double,8388608,256,138635859,4733283208366391296
r2-c-avx2-double-67108864,2,c,avx2,double,67108864,32,159952613,4733283208366391296
r2-rust-scalar-int-32768,2,rust,scalar,int,32768,65536,312658293,536870912
r2-rust-scalar-int-262144,2,rust,scalar,int,262144,8192,316650721,536870912
r2-rust-scalar-int-1048576,2,rust,scalar,int,1048576,2048,319075696,536870912
r2-rust-scalar-int-8388608,2,rust,scalar,int,8388608,256,355753621,536870912
r2-rust-scalar-int-67108864,2,rust,scalar,int,67108864,32,405627087,536870912
r2-rust-scalar-string16-32768,2,rust,scalar,string16,32768,65536,553919672,2147483648
r2-rust-scalar-string16-262144,2,rust,scalar,string16,262144,8192,660039378,2147483648
r2-rust-scalar-string16-1048576,2,rust,scalar,string16,1048576,2048,668304263,2147483648
r2-rust-scalar-string16-8388608,2,rust,scalar,string16,8388608,256,704205274,2147483648
r2-rust-scalar-string16-67108864,2,rust,scalar,string16,67108864,32,751070553,2147483648
r2-rust-scalar-short-32768,2,rust,scalar,short,32768,65536,623721963,0
r2-rust-scalar-short-262144,2,rust,scalar,short,262144,8192,632134096,0
r2-rust-scalar-short-1048576,2,rust,scalar,short,1048576,2048,635981403,0
r2-rust-scalar-short-8388608,2,rust,scalar,short,8388608,256,669202511,0
r2-rust-scalar-short-67108864,2,rust,scalar,short,67108864,32,721637834,0
r2-go-scalar-short-32768,2,go,scalar,short,32768,65536,700095671,0
r2-go-scalar-short-262144,2,go,scalar,short,262144,8192,733698080,0
r2-go-scalar-short-1048576,2,go,scalar,short,1048576,2048,738144754,0
r2-go-scalar-short-8388608,2,go,scalar,short,8388608,256,790065708,0
r2-go-scalar-short-67108864,2,go,scalar,short,67108864,32,835849013,0
r2-c-scalar-float-32768,2,c,scalar,float,32768,65536,733809268,1266679808
r2-c-scalar-float-262144,2,c,scalar,float,262144,8192,733812782,1266679808
r2-c-scalar-float-1048576,2,c,scalar,float,1048576,2048,733875603,1266679808
r2-c-scalar-float-8388608,2,c,scalar,float,8388608,256,746274039,1266679808
r2-c-scalar-float-67108864,2,c,scalar,float,67108864,32,755129710,1266679808
r2-c-scalar-double-32768,2,c,scalar,double,32768,65536,367044011,4733283208366391296
r2-c-scalar-double-262144,2,c,scalar,double,262144,8192,366958636,4733283208366391296
r2-c-scalar-double-1048576,2,c,scalar,double,1048576,2048,367107959,4733283208366391296
r2-c-scalar-double-8388608,2,c,scalar,double,8388608,256,388861131,4733283208366391296
r2-c-scalar-double-67108864,2,c,scalar,double,67108864,32,389885581,4733283208366391296
r2-cpp-avx2-short-32768,2,cpp,avx2,short,32768,65536,36856827,0
r2-cpp-avx2-short-262144,2,cpp,avx2,short,262144,8192,58037782,0
r2-cpp-avx2-short-1048576,2,cpp,avx2,short,1048576,2048,76863417,0
r2-cpp-avx2-short-8388608,2,cpp,avx2,short,8388608,256,147419732,0
r2-cpp-avx2-short-67108864,2,cpp,avx2,short,67108864,32,166034024,0
r3-go-scalar-double-32768,3,go,scalar,double,32768,65536,372144976,4733283208366391296
r3-go-scalar-double-262144,3,go,scalar,double,262144,8192,369043373,4733283208366391296
r3-go-scalar-double-1048576,3,go,scalar,double,1048576,2048,369463325,4733283208366391296
r3-go-scalar-double-8388608,3,go,scalar,double,8388608,256,398958955,4733283208366391296
r3-go-scalar-double-67108864,3,go,scalar,double,67108864,32,440903203,4733283208366391296
r3-rust-scalar-float-32768,3,rust,scalar,float,32768,65536,744599066,1266679808
r3-rust-scalar-float-262144,3,rust,scalar,float,262144,8192,734101988,1266679808
r3-rust-scalar-float-1048576,3,rust,scalar,float,1048576,2048,734701857,1266679808
r3-rust-scalar-float-8388608,3,rust,scalar,float,8388608,256,763077468,1266679808
r3-rust-scalar-float-67108864,3,rust,scalar,float,67108864,32,809884053,1266679808
r3-cpp-avx2-string16-32768,3,cpp,avx2,string16,32768,65536,72814815,2147483648
r3-cpp-avx2-string16-262144,3,cpp,avx2,string16,262144,8192,82239248,2147483648
r3-cpp-avx2-string16-1048576,3,cpp,avx2,string16,1048576,2048,90316076,2147483648
r3-cpp-avx2-string16-8388608,3,cpp,avx2,string16,8388608,256,148557645,2147483648
r3-cpp-avx2-string16-67108864,3,cpp,avx2,string16,67108864,32,167016820,2147483648
r3-c-avx2-double-32768,3,c,avx2,double,32768,65536,88857826,4733283208366391296
r3-c-avx2-double-262144,3,c,avx2,double,262144,8192,91765638,4733283208366391296
r3-c-avx2-double-1048576,3,c,avx2,double,1048576,2048,92233191,4733283208366391296
r3-c-avx2-double-8388608,3,c,avx2,double,8388608,256,134248661,4733283208366391296
r3-c-avx2-double-67108864,3,c,avx2,double,67108864,32,160664487,4733283208366391296
r3-c-scalar-int-32768,3,c,scalar,int,32768,65536,313179750,536870912
r3-c-scalar-int-262144,3,c,scalar,int,262144,8192,317142392,536870912
r3-c-scalar-int-1048576,3,c,scalar,int,1048576,2048,319649233,536870912
r3-c-scalar-int-8388608,3,c,scalar,int,8388608,256,355175296,536870912
r3-c-scalar-int-67108864,3,c,scalar,int,67108864,32,357399056,536870912
r3-cpp-scalar-int-32768,3,cpp,scalar,int,32768,65536,312182417,536870912
r3-cpp-scalar-int-262144,3,cpp,scalar,int,262144,8192,317050069,536870912
r3-cpp-scalar-int-1048576,3,cpp,scalar,int,1048576,2048,319687206,536870912
r3-cpp-scalar-int-8388608,3,cpp,scalar,int,8388608,256,349372105,536870912
r3-cpp-scalar-int-67108864,3,cpp,scalar,int,67108864,32,358142796,536870912
r3-go-scalar-int-32768,3,go,scalar,int,32768,65536,350956877,536870912
r3-go-scalar-int-262144,3,go,scalar,int,262144,8192,371646246,536870912
r3-go-scalar-int-1048576,3,go,scalar,int,1048576,2048,375559461,536870912
r3-go-scalar-int-8388608,3,go,scalar,int,8388608,256,422987736,536870912
r3-go-scalar-int-67108864,3,go,scalar,int,67108864,32,472467957,536870912
r3-rust-scalar-string16-32768,3,rust,scalar,string16,32768,65536,554787105,2147483648
r3-rust-scalar-string16-262144,3,rust,scalar,string16,262144,8192,661857095,2147483648
r3-rust-scalar-string16-1048576,3,rust,scalar,string16,1048576,2048,668292296,2147483648
r3-rust-scalar-string16-8388608,3,rust,scalar,string16,8388608,256,703044031,2147483648
r3-rust-scalar-string16-67108864,3,rust,scalar,string16,67108864,32,750046588,2147483648
r3-c-scalar-short-32768,3,c,scalar,short,32768,65536,667243658,0
r3-c-scalar-short-262144,3,c,scalar,short,262144,8192,631839269,0
r3-c-scalar-short-1048576,3,c,scalar,short,1048576,2048,634485143,0
r3-c-scalar-short-8388608,3,c,scalar,short,8388608,256,669019660,0
r3-c-scalar-short-67108864,3,c,scalar,short,67108864,32,674870522,0
r3-go-scalar-short-32768,3,go,scalar,short,32768,65536,700135786,0
r3-go-scalar-short-262144,3,go,scalar,short,262144,8192,733461970,0
r3-go-scalar-short-1048576,3,go,scalar,short,1048576,2048,738202384,0
r3-go-scalar-short-8388608,3,go,scalar,short,8388608,256,782630858,0
r3-go-scalar-short-67108864,3,go,scalar,short,67108864,32,840551169,0
r3-cpp-scalar-double-32768,3,cpp,scalar,double,32768,65536,367145948,4733283208366391296
r3-cpp-scalar-double-262144,3,cpp,scalar,double,262144,8192,366935828,4733283208366391296
r3-cpp-scalar-double-1048576,3,cpp,scalar,double,1048576,2048,366997517,4733283208366391296
r3-cpp-scalar-double-8388608,3,cpp,scalar,double,8388608,256,384386197,4733283208366391296
r3-cpp-scalar-double-67108864,3,cpp,scalar,double,67108864,32,391284408,4733283208366391296
r3-cpp-avx2-float-32768,3,cpp,avx2,float,32768,65536,89239141,1308622848
r3-cpp-avx2-float-262144,3,cpp,avx2,float,262144,8192,91716893,1308622848
r3-cpp-avx2-float-1048576,3,cpp,avx2,float,1048576,2048,92201832,1308622848
r3-cpp-avx2-float-8388608,3,cpp,avx2,float,8388608,256,130534707,1308622848
r3-cpp-avx2-float-67108864,3,cpp,avx2,float,67108864,32,160157954,1308622848
r3-c-avx2-float-32768,3,c,avx2,float,32768,65536,89242185,1308622848
r3-c-avx2-float-262144,3,c,avx2,float,262144,8192,91903750,1308622848
r3-c-avx2-float-1048576,3,c,avx2,float,1048576,2048,92166886,1308622848
r3-c-avx2-float-8388608,3,c,avx2,float,8388608,256,138491742,1308622848
r3-c-avx2-float-67108864,3,c,avx2,float,67108864,32,161082801,1308622848
r3-cpp-scalar-float-32768,3,cpp,scalar,float,32768,65536,733824043,1266679808
r3-cpp-scalar-float-262144,3,cpp,scalar,float,262144,8192,733822935,1266679808
r3-cpp-scalar-float-1048576,3,cpp,scalar,float,1048576,2048,733890503,1266679808
r3-cpp-scalar-float-8388608,3,cpp,scalar,float,8388608,256,746277869,1266679808
r3-cpp-scalar-float-67108864,3,cpp,scalar,float,67108864,32,755191659,1266679808
r3-c-scalar-double-32768,3,c,scalar,double,32768,65536,366930773,4733283208366391296
r3-c-scalar-double-262144,3,c,scalar,double,262144,8192,366916978,4733283208366391296
r3-c-scalar-double-1048576,3,c,scalar,double,1048576,2048,366944898,4733283208366391296
r3-c-scalar-double-8388608,3,c,scalar,double,8388608,256,386671320,4733283208366391296
r3-c-scalar-double-67108864,3,c,scalar,double,67108864,32,391037211,4733283208366391296
r3-c-scalar-string16-32768,3,c,scalar,string16,32768,65536,555729683,2147483648
r3-c-scalar-string16-262144,3,c,scalar,string16,262144,8192,668366817,2147483648
r3-c-scalar-string16-1048576,3,c,scalar,string16,1048576,2048,674576038,2147483648
r3-c-scalar-string16-8388608,3,c,scalar,string16,8388608,256,702096646,2147483648
r3-c-scalar-string16-67108864,3,c,scalar,string16,67108864,32,710371421,2147483648
r3-c-avx2-int-32768,3,c,avx2,int,32768,65536,36204060,536870912
r3-c-avx2-int-262144,3,c,avx2,int,262144,8192,68544289,536870912
r3-c-avx2-int-1048576,3,c,avx2,int,1048576,2048,76757304,536870912
r3-c-avx2-int-8388608,3,c,avx2,int,8388608,256,137083997,536870912
r3-c-avx2-int-67108864,3,c,avx2,int,67108864,32,160110361,536870912
r3-cpp-scalar-short-32768,3,cpp,scalar,short,32768,65536,629080626,0
r3-cpp-scalar-short-262144,3,cpp,scalar,short,262144,8192,632729632,0
r3-cpp-scalar-short-1048576,3,cpp,scalar,short,1048576,2048,634467012,0
r3-cpp-scalar-short-8388608,3,cpp,scalar,short,8388608,256,664029529,0
r3-cpp-scalar-short-67108864,3,cpp,scalar,short,67108864,32,674159426,0
r3-rust-scalar-short-32768,3,rust,scalar,short,32768,65536,623828718,0
r3-rust-scalar-short-262144,3,rust,scalar,short,262144,8192,633187387,0
r3-rust-scalar-short-1048576,3,rust,scalar,short,1048576,2048,636080104,0
r3-rust-scalar-short-8388608,3,rust,scalar,short,8388608,256,676031483,0
r3-rust-scalar-short-67108864,3,rust,scalar,short,67108864,32,721796702,0
r3-c-avx2-short-32768,3,c,avx2,short,32768,65536,36148530,0
r3-c-avx2-short-262144,3,c,avx2,short,262144,8192,64052075,0
r3-c-avx2-short-1048576,3,c,avx2,short,1048576,2048,76780777,0
r3-c-avx2-short-8388608,3,c,avx2,short,8388608,256,116405696,0
r3-c-avx2-short-67108864,3,c,avx2,short,67108864,32,160240627,0
r3-go-scalar-string16-32768,3,go,scalar,string16,32768,65536,1399603804,2147483648
r3-go-scalar-string16-262144,3,go,scalar,string16,262144,8192,1440244525,2147483648
r3-go-scalar-string16-1048576,3,go,scalar,string16,1048576,2048,1459324339,2147483648
r3-go-scalar-string16-8388608,3,go,scalar,string16,8388608,256,1501201493,2147483648
r3-go-scalar-string16-67108864,3,go,scalar,string16,67108864,32,1569521558,2147483648
r3-cpp-avx2-short-32768,3,cpp,avx2,short,32768,65536,36977314,0
r3-cpp-avx2-short-262144,3,cpp,avx2,short,262144,8192,56801389,0
r3-cpp-avx2-short-1048576,3,cpp,avx2,short,1048576,2048,76775705,0
r3-cpp-avx2-short-8388608,3,cpp,avx2,short,8388608,256,115945792,0
r3-cpp-avx2-short-67108864,3,cpp,avx2,short,67108864,32,160145720,0
r3-go-scalar-float-32768,3,go,scalar,float,32768,65536,735575084,1266679808
r3-go-scalar-float-262144,3,go,scalar,float,262144,8192,735998050,1266679808
r3-go-scalar-float-1048576,3,go,scalar,float,1048576,2048,736460659,1266679808
r3-go-scalar-float-8388608,3,go,scalar,float,8388608,256,766179903,1266679808
r3-go-scalar-float-67108864,3,go,scalar,float,67108864,32,811506775,1266679808
r3-cpp-avx2-int-32768,3,cpp,avx2,int,32768,65536,36803804,536870912
r3-cpp-avx2-int-262144,3,cpp,avx2,int,262144,8192,64019789,536870912
r3-cpp-avx2-int-1048576,3,cpp,avx2,int,1048576,2048,76744103,536870912
r3-cpp-avx2-int-8388608,3,cpp,avx2,int,8388608,256,116121678,536870912
r3-cpp-avx2-int-67108864,3,cpp,avx2,int,67108864,32,160226458,536870912
r3-rust-scalar-int-32768,3,rust,scalar,int,32768,65536,312549431,536870912
r3-rust-scalar-int-262144,3,rust,scalar,int,262144,8192,315793650,536870912
r3-rust-scalar-int-1048576,3,rust,scalar,int,1048576,2048,319408028,536870912
r3-rust-scalar-int-8388608,3,rust,scalar,int,8388608,256,355672047,536870912
r3-rust-scalar-int-67108864,3,rust,scalar,int,67108864,32,405486222,536870912
r3-rust-scalar-double-32768,3,rust,scalar,double,32768,65536,366940409,4733283208366391296
r3-rust-scalar-double-262144,3,rust,scalar,double,262144,8192,367109487,4733283208366391296
r3-rust-scalar-double-1048576,3,rust,scalar,double,1048576,2048,367835676,4733283208366391296
r3-rust-scalar-double-8388608,3,rust,scalar,double,8388608,256,401517360,4733283208366391296
r3-rust-scalar-double-67108864,3,rust,scalar,double,67108864,32,445629968,4733283208366391296
r3-c-scalar-float-32768,3,c,scalar,float,32768,65536,733822311,1266679808
r3-c-scalar-float-262144,3,c,scalar,float,262144,8192,733825773,1266679808
r3-c-scalar-float-1048576,3,c,scalar,float,1048576,2048,733812596,1266679808
r3-c-scalar-float-8388608,3,c,scalar,float,8388608,256,750587848,1266679808
r3-c-scalar-float-67108864,3,c,scalar,float,67108864,32,755237212,1266679808
r3-c-avx2-string16-32768,3,c,avx2,string16,32768,65536,48102574,2147483648
r3-c-avx2-string16-262144,3,c,avx2,string16,262144,8192,68151140,2147483648
r3-c-avx2-string16-1048576,3,c,avx2,string16,1048576,2048,83976983,2147483648
r3-c-avx2-string16-8388608,3,c,avx2,string16,8388608,256,124933222,2147483648
r3-c-avx2-string16-67108864,3,c,avx2,string16,67108864,32,163060465,2147483648
r3-cpp-avx2-double-32768,3,cpp,avx2,double,32768,65536,88846898,4733283208366391296
r3-cpp-avx2-double-262144,3,cpp,avx2,double,262144,8192,91904221,4733283208366391296
r3-cpp-avx2-double-1048576,3,cpp,avx2,double,1048576,2048,92133208,4733283208366391296
r3-cpp-avx2-double-8388608,3,cpp,avx2,double,8388608,256,138158094,4733283208366391296
r3-cpp-avx2-double-67108864,3,cpp,avx2,double,67108864,32,160048595,4733283208366391296
r3-cpp-scalar-string16-32768,3,cpp,scalar,string16,32768,65536,556186402,2147483648
r3-cpp-scalar-string16-262144,3,cpp,scalar,string16,262144,8192,668035333,2147483648
r3-cpp-scalar-string16-1048576,3,cpp,scalar,string16,1048576,2048,674419791,2147483648
r3-cpp-scalar-string16-8388608,3,cpp,scalar,string16,8388608,256,703606285,2147483648
r3-cpp-scalar-string16-67108864,3,cpp,scalar,string16,67108864,32,710244437,2147483648
r4-rust-scalar-short-32768,4,rust,scalar,short,32768,65536,624118047,0
r4-rust-scalar-short-262144,4,rust,scalar,short,262144,8192,632720498,0
r4-rust-scalar-short-1048576,4,rust,scalar,short,1048576,2048,636081879,0
r4-rust-scalar-short-8388608,4,rust,scalar,short,8388608,256,682343499,0
r4-rust-scalar-short-67108864,4,rust,scalar,short,67108864,32,727272628,0
r4-cpp-avx2-short-32768,4,cpp,avx2,short,32768,65536,36969746,0
r4-cpp-avx2-short-262144,4,cpp,avx2,short,262144,8192,56908823,0
r4-cpp-avx2-short-1048576,4,cpp,avx2,short,1048576,2048,77029594,0
r4-cpp-avx2-short-8388608,4,cpp,avx2,short,8388608,256,137419232,0
r4-cpp-avx2-short-67108864,4,cpp,avx2,short,67108864,32,164510417,0
r4-cpp-scalar-short-32768,4,cpp,scalar,short,32768,65536,626214586,0
r4-cpp-scalar-short-262144,4,cpp,scalar,short,262144,8192,632176419,0
r4-cpp-scalar-short-1048576,4,cpp,scalar,short,1048576,2048,635849142,0
r4-cpp-scalar-short-8388608,4,cpp,scalar,short,8388608,256,670004538,0
r4-cpp-scalar-short-67108864,4,cpp,scalar,short,67108864,32,674245692,0
r4-c-scalar-float-32768,4,c,scalar,float,32768,65536,734217557,1266679808
r4-c-scalar-float-262144,4,c,scalar,float,262144,8192,733817355,1266679808
r4-c-scalar-float-1048576,4,c,scalar,float,1048576,2048,733915380,1266679808
r4-c-scalar-float-8388608,4,c,scalar,float,8388608,256,749241816,1266679808
r4-c-scalar-float-67108864,4,c,scalar,float,67108864,32,755015877,1266679808
r4-rust-scalar-int-32768,4,rust,scalar,int,32768,65536,312540036,536870912
r4-rust-scalar-int-262144,4,rust,scalar,int,262144,8192,316572703,536870912
r4-rust-scalar-int-1048576,4,rust,scalar,int,1048576,2048,319268790,536870912
r4-rust-scalar-int-8388608,4,rust,scalar,int,8388608,256,360929552,536870912
r4-rust-scalar-int-67108864,4,rust,scalar,int,67108864,32,406292440,536870912
r4-c-scalar-string16-32768,4,c,scalar,string16,32768,65536,556064475,2147483648
r4-c-scalar-string16-262144,4,c,scalar,string16,262144,8192,668965161,2147483648
r4-c-scalar-string16-1048576,4,c,scalar,string16,1048576,2048,674413222,2147483648
r4-c-scalar-string16-8388608,4,c,scalar,string16,8388608,256,702468841,2147483648
r4-c-scalar-string16-67108864,4,c,scalar,string16,67108864,32,711071330,2147483648
r4-rust-scalar-string16-32768,4,rust,scalar,string16,32768,65536,553997762,2147483648
r4-rust-scalar-string16-262144,4,rust,scalar,string16,262144,8192,662305791,2147483648
r4-rust-scalar-string16-1048576,4,rust,scalar,string16,1048576,2048,668159628,2147483648
r4-rust-scalar-string16-8388608,4,rust,scalar,string16,8388608,256,705503420,2147483648
r4-rust-scalar-string16-67108864,4,rust,scalar,string16,67108864,32,749983645,2147483648
r4-c-scalar-short-32768,4,c,scalar,short,32768,65536,639481952,0
r4-c-scalar-short-262144,4,c,scalar,short,262144,8192,632372907,0
r4-c-scalar-short-1048576,4,c,scalar,short,1048576,2048,634309364,0
r4-c-scalar-short-8388608,4,c,scalar,short,8388608,256,663556165,0
r4-c-scalar-short-67108864,4,c,scalar,short,67108864,32,675194518,0
r4-c-avx2-double-32768,4,c,avx2,double,32768,65536,88846948,4733283208366391296
r4-c-avx2-double-262144,4,c,avx2,double,262144,8192,91620369,4733283208366391296
r4-c-avx2-double-1048576,4,c,avx2,double,1048576,2048,92147689,4733283208366391296
r4-c-avx2-double-8388608,4,c,avx2,double,8388608,256,139449664,4733283208366391296
r4-c-avx2-double-67108864,4,c,avx2,double,67108864,32,160252270,4733283208366391296
r4-c-scalar-double-32768,4,c,scalar,double,32768,65536,366923761,4733283208366391296
r4-c-scalar-double-262144,4,c,scalar,double,262144,8192,366920145,4733283208366391296
r4-c-scalar-double-1048576,4,c,scalar,double,1048576,2048,366947912,4733283208366391296
r4-c-scalar-double-8388608,4,c,scalar,double,8388608,256,384418036,4733283208366391296
r4-c-scalar-double-67108864,4,c,scalar,double,67108864,32,390846782,4733283208366391296
r4-cpp-avx2-double-32768,4,cpp,avx2,double,32768,65536,88847666,4733283208366391296
r4-cpp-avx2-double-262144,4,cpp,avx2,double,262144,8192,91783595,4733283208366391296
r4-cpp-avx2-double-1048576,4,cpp,avx2,double,1048576,2048,92140929,4733283208366391296
r4-cpp-avx2-double-8388608,4,cpp,avx2,double,8388608,256,139708002,4733283208366391296
r4-cpp-avx2-double-67108864,4,cpp,avx2,double,67108864,32,160745670,4733283208366391296
r4-go-scalar-float-32768,4,go,scalar,float,32768,65536,735758842,1266679808
r4-go-scalar-float-262144,4,go,scalar,float,262144,8192,735890827,1266679808
r4-go-scalar-float-1048576,4,go,scalar,float,1048576,2048,737174527,1266679808
r4-go-scalar-float-8388608,4,go,scalar,float,8388608,256,763587055,1266679808
r4-go-scalar-float-67108864,4,go,scalar,float,67108864,32,812341104,1266679808
r4-cpp-avx2-float-32768,4,cpp,avx2,float,32768,65536,89241683,1308622848
r4-cpp-avx2-float-262144,4,cpp,avx2,float,262144,8192,91942970,1308622848
r4-cpp-avx2-float-1048576,4,cpp,avx2,float,1048576,2048,92167186,1308622848
r4-cpp-avx2-float-8388608,4,cpp,avx2,float,8388608,256,133567667,1308622848
r4-cpp-avx2-float-67108864,4,cpp,avx2,float,67108864,32,161319470,1308622848
r4-cpp-scalar-float-32768,4,cpp,scalar,float,32768,65536,733836961,1266679808
r4-cpp-scalar-float-262144,4,cpp,scalar,float,262144,8192,733816375,1266679808
r4-cpp-scalar-float-1048576,4,cpp,scalar,float,1048576,2048,733846146,1266679808
r4-cpp-scalar-float-8388608,4,cpp,scalar,float,8388608,256,746487539,1266679808
r4-cpp-scalar-float-67108864,4,cpp,scalar,float,67108864,32,755044020,1266679808
r4-cpp-scalar-string16-32768,4,cpp,scalar,string16,32768,65536,556867387,2147483648
r4-cpp-scalar-string16-262144,4,cpp,scalar,string16,262144,8192,669905874,2147483648
r4-cpp-scalar-string16-1048576,4,cpp,scalar,string16,1048576,2048,674306912,2147483648
r4-cpp-scalar-string16-8388608,4,cpp,scalar,string16,8388608,256,707736949,2147483648
r4-cpp-scalar-string16-67108864,4,cpp,scalar,string16,67108864,32,710371038,2147483648
r4-go-scalar-int-32768,4,go,scalar,int,32768,65536,350584598,536870912
r4-go-scalar-int-262144,4,go,scalar,int,262144,8192,372277772,536870912
r4-go-scalar-int-1048576,4,go,scalar,int,1048576,2048,375335508,536870912
r4-go-scalar-int-8388608,4,go,scalar,int,8388608,256,417572402,536870912
r4-go-scalar-int-67108864,4,go,scalar,int,67108864,32,472015734,536870912
r4-rust-scalar-double-32768,4,rust,scalar,double,32768,65536,366942179,4733283208366391296
r4-rust-scalar-double-262144,4,rust,scalar,double,262144,8192,367109758,4733283208366391296
r4-rust-scalar-double-1048576,4,rust,scalar,double,1048576,2048,367644664,4733283208366391296
r4-rust-scalar-double-8388608,4,rust,scalar,double,8388608,256,398045720,4733283208366391296
r4-rust-scalar-double-67108864,4,rust,scalar,double,67108864,32,445262893,4733283208366391296
r4-go-scalar-string16-32768,4,go,scalar,string16,32768,65536,1399951104,2147483648
r4-go-scalar-string16-262144,4,go,scalar,string16,262144,8192,1440700371,2147483648
r4-go-scalar-string16-1048576,4,go,scalar,string16,1048576,2048,1454981105,2147483648
r4-go-scalar-string16-8388608,4,go,scalar,string16,8388608,256,1486549005,2147483648
r4-go-scalar-string16-67108864,4,go,scalar,string16,67108864,32,1566620490,2147483648
r4-cpp-avx2-string16-32768,4,cpp,avx2,string16,32768,65536,72781808,2147483648
r4-cpp-avx2-string16-262144,4,cpp,avx2,string16,262144,8192,83457000,2147483648
r4-cpp-avx2-string16-1048576,4,cpp,avx2,string16,1048576,2048,90322507,2147483648
r4-cpp-avx2-string16-8388608,4,cpp,avx2,string16,8388608,256,140503862,2147483648
r4-cpp-avx2-string16-67108864,4,cpp,avx2,string16,67108864,32,167370734,2147483648
r4-go-scalar-short-32768,4,go,scalar,short,32768,65536,700390001,0
r4-go-scalar-short-262144,4,go,scalar,short,262144,8192,734155386,0
r4-go-scalar-short-1048576,4,go,scalar,short,1048576,2048,737927108,0
r4-go-scalar-short-8388608,4,go,scalar,short,8388608,256,778401781,0
r4-go-scalar-short-67108864,4,go,scalar,short,67108864,32,834558117,0
r4-cpp-avx2-int-32768,4,cpp,avx2,int,32768,65536,36481777,536870912
r4-cpp-avx2-int-262144,4,cpp,avx2,int,262144,8192,56723341,536870912
r4-cpp-avx2-int-1048576,4,cpp,avx2,int,1048576,2048,76731033,536870912
r4-cpp-avx2-int-8388608,4,cpp,avx2,int,8388608,256,137827085,536870912
r4-cpp-avx2-int-67108864,4,cpp,avx2,int,67108864,32,160388172,536870912
r4-cpp-scalar-double-32768,4,cpp,scalar,double,32768,65536,366931923,4733283208366391296
r4-cpp-scalar-double-262144,4,cpp,scalar,double,262144,8192,366942981,4733283208366391296
r4-cpp-scalar-double-1048576,4,cpp,scalar,double,1048576,2048,366913599,4733283208366391296
r4-cpp-scalar-double-8388608,4,cpp,scalar,double,8388608,256,386835126,4733283208366391296
r4-cpp-scalar-double-67108864,4,cpp,scalar,double,67108864,32,390679069,4733283208366391296
r4-c-avx2-string16-32768,4,c,avx2,string16,32768,65536,48110019,2147483648
r4-c-avx2-string16-262144,4,c,avx2,string16,262144,8192,72649758,2147483648
r4-c-avx2-string16-1048576,4,c,avx2,string16,1048576,2048,83968739,2147483648
r4-c-avx2-string16-8388608,4,c,avx2,string16,8388608,256,143874641,2147483648
r4-c-avx2-string16-67108864,4,c,avx2,string16,67108864,32,163384857,2147483648
r4-c-scalar-int-32768,4,c,scalar,int,32768,65536,311653007,536870912
r4-c-scalar-int-262144,4,c,scalar,int,262144,8192,316537464,536870912
r4-c-scalar-int-1048576,4,c,scalar,int,1048576,2048,319552053,536870912
r4-c-scalar-int-8388608,4,c,scalar,int,8388608,256,349530375,536870912
r4-c-scalar-int-67108864,4,c,scalar,int,67108864,32,358159063,536870912
r4-c-avx2-short-32768,4,c,avx2,short,32768,65536,35683939,0
r4-c-avx2-short-262144,4,c,avx2,short,262144,8192,52433390,0
r4-c-avx2-short-1048576,4,c,avx2,short,1048576,2048,76811734,0
r4-c-avx2-short-8388608,4,c,avx2,short,8388608,256,139124553,0
r4-c-avx2-short-67108864,4,c,avx2,short,67108864,32,160268530,0
r4-go-scalar-double-32768,4,go,scalar,double,32768,65536,368342388,4733283208366391296
r4-go-scalar-double-262144,4,go,scalar,double,262144,8192,368342919,4733283208366391296
r4-go-scalar-double-1048576,4,go,scalar,double,1048576,2048,368882302,4733283208366391296
r4-go-scalar-double-8388608,4,go,scalar,double,8388608,256,397011890,4733283208366391296
r4-go-scalar-double-67108864,4,go,scalar,double,67108864,32,440152273,4733283208366391296
r4-rust-scalar-float-32768,4,rust,scalar,float,32768,65536,736003295,1266679808
r4-rust-scalar-float-262144,4,rust,scalar,float,262144,8192,734020680,1266679808
r4-rust-scalar-float-1048576,4,rust,scalar,float,1048576,2048,734665895,1266679808
r4-rust-scalar-float-8388608,4,rust,scalar,float,8388608,256,767628818,1266679808
r4-rust-scalar-float-67108864,4,rust,scalar,float,67108864,32,809411882,1266679808
r4-cpp-scalar-int-32768,4,cpp,scalar,int,32768,65536,311183965,536870912
r4-cpp-scalar-int-262144,4,cpp,scalar,int,262144,8192,316973481,536870912
r4-cpp-scalar-int-1048576,4,cpp,scalar,int,1048576,2048,319396705,536870912
r4-cpp-scalar-int-8388608,4,cpp,scalar,int,8388608,256,349200686,536870912
r4-cpp-scalar-int-67108864,4,cpp,scalar,int,67108864,32,358986801,536870912
r4-c-avx2-float-32768,4,c,avx2,float,32768,65536,89240212,1308622848
r4-c-avx2-float-262144,4,c,avx2,float,262144,8192,92012917,1308622848
r4-c-avx2-float-1048576,4,c,avx2,float,1048576,2048,92166132,1308622848
r4-c-avx2-float-8388608,4,c,avx2,float,8388608,256,139540627,1308622848
r4-c-avx2-float-67108864,4,c,avx2,float,67108864,32,160083365,1308622848
r4-c-avx2-int-32768,4,c,avx2,int,32768,65536,36343259,536870912
r4-c-avx2-int-262144,4,c,avx2,int,262144,8192,61462597,536870912
r4-c-avx2-int-1048576,4,c,avx2,int,1048576,2048,76755626,536870912
r4-c-avx2-int-8388608,4,c,avx2,int,8388608,256,128419543,536870912
r4-c-avx2-int-67108864,4,c,avx2,int,67108864,32,160181846,536870912
r5-go-scalar-double-32768,5,go,scalar,double,32768,65536,368066563,4733283208366391296
r5-go-scalar-double-262144,5,go,scalar,double,262144,8192,368371696,4733283208366391296
r5-go-scalar-double-1048576,5,go,scalar,double,1048576,2048,368860066,4733283208366391296
r5-go-scalar-double-8388608,5,go,scalar,double,8388608,256,398089435,4733283208366391296
r5-go-scalar-double-67108864,5,go,scalar,double,67108864,32,440496178,4733283208366391296
r5-go-scalar-float-32768,5,go,scalar,float,32768,65536,735545490,1266679808
r5-go-scalar-float-262144,5,go,scalar,float,262144,8192,736302369,1266679808
r5-go-scalar-float-1048576,5,go,scalar,float,1048576,2048,738829734,1266679808
r5-go-scalar-float-8388608,5,go,scalar,float,8388608,256,774755022,1266679808
r5-go-scalar-float-67108864,5,go,scalar,float,67108864,32,813388196,1266679808
r5-cpp-scalar-float-32768,5,cpp,scalar,float,32768,65536,737529919,1266679808
r5-cpp-scalar-float-262144,5,cpp,scalar,float,262144,8192,733863095,1266679808
r5-cpp-scalar-float-1048576,5,cpp,scalar,float,1048576,2048,733907079,1266679808
r5-cpp-scalar-float-8388608,5,cpp,scalar,float,8388608,256,758595627,1266679808
r5-cpp-scalar-float-67108864,5,cpp,scalar,float,67108864,32,755427052,1266679808
r5-go-scalar-int-32768,5,go,scalar,int,32768,65536,350764243,536870912
r5-go-scalar-int-262144,5,go,scalar,int,262144,8192,371659905,536870912
r5-go-scalar-int-1048576,5,go,scalar,int,1048576,2048,375818244,536870912
r5-go-scalar-int-8388608,5,go,scalar,int,8388608,256,417845473,536870912
r5-go-scalar-int-67108864,5,go,scalar,int,67108864,32,469417050,536870912
r5-c-scalar-double-32768,5,c,scalar,double,32768,65536,366938269,4733283208366391296
r5-c-scalar-double-262144,5,c,scalar,double,262144,8192,366922778,4733283208366391296
r5-c-scalar-double-1048576,5,c,scalar,double,1048576,2048,367003818,4733283208366391296
r5-c-scalar-double-8388608,5,c,scalar,double,8388608,256,385052584,4733283208366391296
r5-c-scalar-double-67108864,5,c,scalar,double,67108864,32,390999506,4733283208366391296
r5-cpp-avx2-short-32768,5,cpp,avx2,short,32768,65536,36631264,0
r5-cpp-avx2-short-262144,5,cpp,avx2,short,262144,8192,56115624,0
r5-cpp-avx2-short-1048576,5,cpp,avx2,short,1048576,2048,76915368,0
r5-cpp-avx2-short-8388608,5,cpp,avx2,short,8388608,256,119373706,0
r5-cpp-avx2-short-67108864,5,cpp,avx2,short,67108864,32,160295268,0
r5-rust-scalar-string16-32768,5,rust,scalar,string16,32768,65536,555049962,2147483648
r5-rust-scalar-string16-262144,5,rust,scalar,string16,262144,8192,660370602,2147483648
r5-rust-scalar-string16-1048576,5,rust,scalar,string16,1048576,2048,668297686,2147483648
r5-rust-scalar-string16-8388608,5,rust,scalar,string16,8388608,256,706183016,2147483648
r5-rust-scalar-string16-67108864,5,rust,scalar,string16,67108864,32,750320696,2147483648
r5-cpp-avx2-string16-32768,5,cpp,avx2,string16,32768,65536,72830641,2147483648
r5-cpp-avx2-string16-262144,5,cpp,avx2,string16,262144,8192,83041092,2147483648
r5-cpp-avx2-string16-1048576,5,cpp,avx2,string16,1048576,2048,90574604,2147483648
r5-cpp-avx2-string16-8388608,5,cpp,avx2,string16,8388608,256,134066714,2147483648
r5-cpp-avx2-string16-67108864,5,cpp,avx2,string16,67108864,32,166741373,2147483648
r5-rust-scalar-float-32768,5,rust,scalar,float,32768,65536,734548215,1266679808
r5-rust-scalar-float-262144,5,rust,scalar,float,262144,8192,734054163,1266679808
r5-rust-scalar-float-1048576,5,rust,scalar,float,1048576,2048,734669546,1266679808
r5-rust-scalar-float-8388608,5,rust,scalar,float,8388608,256,767552189,1266679808
r5-rust-scalar-float-67108864,5,rust,scalar,float,67108864,32,810394391,1266679808
r5-cpp-scalar-string16-32768,5,cpp,scalar,string16,32768,65536,555851545,2147483648
r5-cpp-scalar-string16-262144,5,cpp,scalar,string16,262144,8192,666905967,2147483648
r5-cpp-scalar-string16-1048576,5,cpp,scalar,string16,1048576,2048,674630800,2147483648
r5-cpp-scalar-string16-8388608,5,cpp,scalar,string16,8388608,256,702185453,2147483648
r5-cpp-scalar-string16-67108864,5,cpp,scalar,string16,67108864,32,711293510,2147483648
r5-c-scalar-int-32768,5,c,scalar,int,32768,65536,311678303,536870912
r5-c-scalar-int-262144,5,c,scalar,int,262144,8192,316688651,536870912
r5-c-scalar-int-1048576,5,c,scalar,int,1048576,2048,319668457,536870912
r5-c-scalar-int-8388608,5,c,scalar,int,8388608,256,349238648,536870912
r5-c-scalar-int-67108864,5,c,scalar,int,67108864,32,358853267,536870912
r5-rust-scalar-int-32768,5,rust,scalar,int,32768,65536,312519044,536870912
r5-rust-scalar-int-262144,5,rust,scalar,int,262144,8192,315829195,536870912
r5-rust-scalar-int-1048576,5,rust,scalar,int,1048576,2048,319180820,536870912
r5-rust-scalar-int-8388608,5,rust,scalar,int,8388608,256,358759520,536870912
r5-rust-scalar-int-67108864,5,rust,scalar,int,67108864,32,406095121,536870912
r5-cpp-scalar-double-32768,5,cpp,scalar,double,32768,65536,367143197,4733283208366391296
r5-cpp-scalar-double-262144,5,cpp,scalar,double,262144,8192,366928056,4733283208366391296
r5-cpp-scalar-double-1048576,5,cpp,scalar,double,1048576,2048,366984736,4733283208366391296
r5-cpp-scalar-double-8388608,5,cpp,scalar,double,8388608,256,384042699,4733283208366391296
r5-cpp-scalar-double-67108864,5,cpp,scalar,double,67108864,32,390852388,4733283208366391296
r5-cpp-avx2-int-32768,5,cpp,avx2,int,32768,65536,36395186,536870912
r5-cpp-avx2-int-262144,5,cpp,avx2,int,262144,8192,62446163,536870912
r5-cpp-avx2-int-1048576,5,cpp,avx2,int,1048576,2048,76933632,536870912
r5-cpp-avx2-int-8388608,5,cpp,avx2,int,8388608,256,117790834,536870912
r5-cpp-avx2-int-67108864,5,cpp,avx2,int,67108864,32,160152303,536870912
r5-c-avx2-int-32768,5,c,avx2,int,32768,65536,36262310,536870912
r5-c-avx2-int-262144,5,c,avx2,int,262144,8192,66995158,536870912
r5-c-avx2-int-1048576,5,c,avx2,int,1048576,2048,76735604,536870912
r5-c-avx2-int-8388608,5,c,avx2,int,8388608,256,119839386,536870912
r5-c-avx2-int-67108864,5,c,avx2,int,67108864,32,160267843,536870912
r5-c-avx2-short-32768,5,c,avx2,short,32768,65536,36558388,0
r5-c-avx2-short-262144,5,c,avx2,short,262144,8192,67178029,0
r5-c-avx2-short-1048576,5,c,avx2,short,1048576,2048,76781614,0
r5-c-avx2-short-8388608,5,c,avx2,short,8388608,256,117849063,0
r5-c-avx2-short-67108864,5,c,avx2,short,67108864,32,160228390,0
r5-c-scalar-float-32768,5,c,scalar,float,32768,65536,734144460,1266679808
r5-c-scalar-float-262144,5,c,scalar,float,262144,8192,733822291,1266679808
r5-c-scalar-float-1048576,5,c,scalar,float,1048576,2048,733851221,1266679808
r5-c-scalar-float-8388608,5,c,scalar,float,8388608,256,751996576,1266679808
r5-c-scalar-float-67108864,5,c,scalar,float,67108864,32,755079226,1266679808
r5-c-scalar-string16-32768,5,c,scalar,string16,32768,65536,556031646,2147483648
r5-c-scalar-string16-262144,5,c,scalar,string16,262144,8192,668399768,2147483648
r5-c-scalar-string16-1048576,5,c,scalar,string16,1048576,2048,674465211,2147483648
r5-c-scalar-string16-8388608,5,c,scalar,string16,8388608,256,701834462,2147483648
r5-c-scalar-string16-67108864,5,c,scalar,string16,67108864,32,711564979,2147483648
r5-c-avx2-string16-32768,5,c,avx2,string16,32768,65536,48406354,2147483648
r5-c-avx2-string16-262144,5,c,avx2,string16,262144,8192,71734415,2147483648
r5-c-avx2-string16-1048576,5,c,avx2,string16,1048576,2048,84131173,2147483648
r5-c-avx2-string16-8388608,5,c,avx2,string16,8388608,256,144115485,2147483648
r5-c-avx2-string16-67108864,5,c,avx2,string16,67108864,32,163510520,2147483648
r5-c-scalar-short-32768,5,c,scalar,short,32768,65536,625053363,0
r5-c-scalar-short-262144,5,c,scalar,short,262144,8192,636199832,0
r5-c-scalar-short-1048576,5,c,scalar,short,1048576,2048,636984089,0
r5-c-scalar-short-8388608,5,c,scalar,short,8388608,256,664301240,0
r5-c-scalar-short-67108864,5,c,scalar,short,67108864,32,675254154,0
r5-rust-scalar-short-32768,5,rust,scalar,short,32768,65536,623662321,0
r5-rust-scalar-short-262144,5,rust,scalar,short,262144,8192,632375381,0
r5-rust-scalar-short-1048576,5,rust,scalar,short,1048576,2048,635944349,0
r5-rust-scalar-short-8388608,5,rust,scalar,short,8388608,256,674810506,0
r5-rust-scalar-short-67108864,5,rust,scalar,short,67108864,32,722373861,0
r5-rust-scalar-double-32768,5,rust,scalar,double,32768,65536,367016358,4733283208366391296
r5-rust-scalar-double-262144,5,rust,scalar,double,262144,8192,367160770,4733283208366391296
r5-rust-scalar-double-1048576,5,rust,scalar,double,1048576,2048,367760976,4733283208366391296
r5-rust-scalar-double-8388608,5,rust,scalar,double,8388608,256,399443799,4733283208366391296
r5-rust-scalar-double-67108864,5,rust,scalar,double,67108864,32,445628315,4733283208366391296
r5-go-scalar-short-32768,5,go,scalar,short,32768,65536,699876965,0
r5-go-scalar-short-262144,5,go,scalar,short,262144,8192,733624178,0
r5-go-scalar-short-1048576,5,go,scalar,short,1048576,2048,737865235,0
r5-go-scalar-short-8388608,5,go,scalar,short,8388608,256,785474950,0
r5-go-scalar-short-67108864,5,go,scalar,short,67108864,32,840704046,0
r5-cpp-avx2-double-32768,5,cpp,avx2,double,32768,65536,88836409,4733283208366391296
r5-cpp-avx2-double-262144,5,cpp,avx2,double,262144,8192,91792226,4733283208366391296
r5-cpp-avx2-double-1048576,5,cpp,avx2,double,1048576,2048,92132861,4733283208366391296
r5-cpp-avx2-double-8388608,5,cpp,avx2,double,8388608,256,121327445,4733283208366391296
r5-cpp-avx2-double-67108864,5,cpp,avx2,double,67108864,32,160327302,4733283208366391296
r5-cpp-avx2-float-32768,5,cpp,avx2,float,32768,65536,89279976,1308622848
r5-cpp-avx2-float-262144,5,cpp,avx2,float,262144,8192,91769365,1308622848
r5-cpp-avx2-float-1048576,5,cpp,avx2,float,1048576,2048,92159115,1308622848
r5-cpp-avx2-float-8388608,5,cpp,avx2,float,8388608,256,139544937,1308622848
r5-cpp-avx2-float-67108864,5,cpp,avx2,float,67108864,32,160379499,1308622848
r5-c-avx2-float-32768,5,c,avx2,float,32768,65536,89239133,1308622848
r5-c-avx2-float-262144,5,c,avx2,float,262144,8192,91964459,1308622848
r5-c-avx2-float-1048576,5,c,avx2,float,1048576,2048,92170307,1308622848
r5-c-avx2-float-8388608,5,c,avx2,float,8388608,256,121714733,1308622848
r5-c-avx2-float-67108864,5,c,avx2,float,67108864,32,160456483,1308622848
r5-go-scalar-string16-32768,5,go,scalar,string16,32768,65536,1399807387,2147483648
r5-go-scalar-string16-262144,5,go,scalar,string16,262144,8192,1440665926,2147483648
r5-go-scalar-string16-1048576,5,go,scalar,string16,1048576,2048,1450941290,2147483648
r5-go-scalar-string16-8388608,5,go,scalar,string16,8388608,256,1503724692,2147483648
r5-go-scalar-string16-67108864,5,go,scalar,string16,67108864,32,1554195161,2147483648
r5-c-avx2-double-32768,5,c,avx2,double,32768,65536,88845448,4733283208366391296
r5-c-avx2-double-262144,5,c,avx2,double,262144,8192,91900789,4733283208366391296
r5-c-avx2-double-1048576,5,c,avx2,double,1048576,2048,92148654,4733283208366391296
r5-c-avx2-double-8388608,5,c,avx2,double,8388608,256,121870617,4733283208366391296
r5-c-avx2-double-67108864,5,c,avx2,double,67108864,32,160631100,4733283208366391296
r5-cpp-scalar-int-32768,5,cpp,scalar,int,32768,65536,311550996,536870912
r5-cpp-scalar-int-262144,5,cpp,scalar,int,262144,8192,317054006,536870912
r5-cpp-scalar-int-1048576,5,cpp,scalar,int,1048576,2048,319467537,536870912
r5-cpp-scalar-int-8388608,5,cpp,scalar,int,8388608,256,358866027,536870912
r5-cpp-scalar-int-67108864,5,cpp,scalar,int,67108864,32,357996540,536870912
r5-cpp-scalar-short-32768,5,cpp,scalar,short,32768,65536,624218377,0
r5-cpp-scalar-short-262144,5,cpp,scalar,short,262144,8192,632144618,0
r5-cpp-scalar-short-1048576,5,cpp,scalar,short,1048576,2048,645581524,0
r5-cpp-scalar-short-8388608,5,cpp,scalar,short,8388608,256,663333987,0
r5-cpp-scalar-short-67108864,5,cpp,scalar,short,67108864,32,674325961,0
r6-c-scalar-short-32768,6,c,scalar,short,32768,65536,649586821,0
r6-c-scalar-short-262144,6,c,scalar,short,262144,8192,632170954,0
r6-c-scalar-short-1048576,6,c,scalar,short,1048576,2048,635013952,0
r6-c-scalar-short-8388608,6,c,scalar,short,8388608,256,669741098,0
r6-c-scalar-short-67108864,6,c,scalar,short,67108864,32,674019492,0
r6-go-scalar-double-32768,6,go,scalar,double,32768,65536,368065944,4733283208366391296
r6-go-scalar-double-262144,6,go,scalar,double,262144,8192,368316313,4733283208366391296
r6-go-scalar-double-1048576,6,go,scalar,double,1048576,2048,368945156,4733283208366391296
r6-go-scalar-double-8388608,6,go,scalar,double,8388608,256,396578283,4733283208366391296
r6-go-scalar-double-67108864,6,go,scalar,double,67108864,32,440098507,4733283208366391296
r6-c-scalar-int-32768,6,c,scalar,int,32768,65536,311183203,536870912
r6-c-scalar-int-262144,6,c,scalar,int,262144,8192,316940585,536870912
r6-c-scalar-int-1048576,6,c,scalar,int,1048576,2048,319350098,536870912
r6-c-scalar-int-8388608,6,c,scalar,int,8388608,256,363871706,536870912
r6-c-scalar-int-67108864,6,c,scalar,int,67108864,32,362888182,536870912
r6-c-scalar-float-32768,6,c,scalar,float,32768,65536,735138229,1266679808
r6-c-scalar-float-262144,6,c,scalar,float,262144,8192,733864871,1266679808
r6-c-scalar-float-1048576,6,c,scalar,float,1048576,2048,734982934,1266679808
r6-c-scalar-float-8388608,6,c,scalar,float,8388608,256,753219149,1266679808
r6-c-scalar-float-67108864,6,c,scalar,float,67108864,32,756451601,1266679808
r6-cpp-avx2-short-32768,6,cpp,avx2,short,32768,65536,37769581,0
r6-cpp-avx2-short-262144,6,cpp,avx2,short,262144,8192,67990798,0
r6-cpp-avx2-short-1048576,6,cpp,avx2,short,1048576,2048,76974388,0
r6-cpp-avx2-short-8388608,6,cpp,avx2,short,8388608,256,170505339,0
r6-cpp-avx2-short-67108864,6,cpp,avx2,short,67108864,32,175989781,0
r6-cpp-avx2-int-32768,6,cpp,avx2,int,32768,65536,36317643,536870912
r6-cpp-avx2-int-262144,6,cpp,avx2,int,262144,8192,55210185,536870912
r6-cpp-avx2-int-1048576,6,cpp,avx2,int,1048576,2048,76770801,536870912
r6-cpp-avx2-int-8388608,6,cpp,avx2,int,8388608,256,119529905,536870912
r6-cpp-avx2-int-67108864,6,cpp,avx2,int,67108864,32,160498613,536870912
r6-rust-scalar-double-32768,6,rust,scalar,double,32768,65536,366959274,4733283208366391296
r6-rust-scalar-double-262144,6,rust,scalar,double,262144,8192,367119222,4733283208366391296
r6-rust-scalar-double-1048576,6,rust,scalar,double,1048576,2048,367657822,4733283208366391296
r6-rust-scalar-double-8388608,6,rust,scalar,double,8388608,256,398956447,4733283208366391296
r6-rust-scalar-double-67108864,6,rust,scalar,double,67108864,32,445574375,4733283208366391296
r6-cpp-scalar-string16-32768,6,cpp,scalar,string16,32768,65536,555894365,2147483648
r6-cpp-scalar-string16-262144,6,cpp,scalar,string16,262144,8192,670709740,2147483648
r6-cpp-scalar-string16-1048576,6,cpp,scalar,string16,1048576,2048,674483477,2147483648
r6-cpp-scalar-string16-8388608,6,cpp,scalar,string16,8388608,256,707291022,2147483648
r6-cpp-scalar-string16-67108864,6,cpp,scalar,string16,67108864,32,711123464,2147483648
r6-c-scalar-double-32768,6,c,scalar,double,32768,65536,366934590,4733283208366391296
r6-c-scalar-double-262144,6,c,scalar,double,262144,8192,366915564,4733283208366391296
r6-c-scalar-double-1048576,6,c,scalar,double,1048576,2048,366918212,4733283208366391296
r6-c-scalar-double-8388608,6,c,scalar,double,8388608,256,384314007,4733283208366391296
r6-c-scalar-double-67108864,6,c,scalar,double,67108864,32,390649147,4733283208366391296
r6-cpp-avx2-float-32768,6,cpp,avx2,float,32768,65536,89241982,1308622848
r6-cpp-avx2-float-262144,6,cpp,avx2,float,262144,8192,92018301,1308622848
r6-cpp-avx2-float-1048576,6,cpp,avx2,float,1048576,2048,92162349,1308622848
r6-cpp-avx2-float-8388608,6,cpp,avx2,float,8388608,256,138202250,1308622848
r6-cpp-avx2-float-67108864,6,cpp,avx2,float,67108864,32,160322023,1308622848
r6-cpp-scalar-short-32768,6,cpp,scalar,short,32768,65536,647771468,0
r6-cpp-scalar-short-262144,6,cpp,scalar,short,262144,8192,633759334,0
r6-cpp-scalar-short-1048576,6,cpp,scalar,short,1048576,2048,634302502,0
r6-cpp-scalar-short-8388608,6,cpp,scalar,short,8388608,256,669119644,0
r6-cpp-scalar-short-67108864,6,cpp,scalar,short,67108864,32,674700740,0
r6-go-scalar-string16-32768,6,go,scalar,string16,32768,65536,1399389603,2147483648
r6-go-scalar-string16-262144,6,go,scalar,string16,262144,8192,1441145729,2147483648
r6-go-scalar-string16-1048576,6,go,scalar,string16,1048576,2048,1454753797,2147483648
r6-go-scalar-string16-8388608,6,go,scalar,string16,8388608,256,1503513075,2147483648
r6-go-scalar-string16-67108864,6,go,scalar,string16,67108864,32,1563506272,2147483648
r6-cpp-avx2-double-32768,6,cpp,avx2,double,32768,65536,88864881,4733283208366391296
r6-cpp-avx2-double-262144,6,cpp,avx2,double,262144,8192,91785466,4733283208366391296
r6-cpp-avx2-double-1048576,6,cpp,avx2,double,1048576,2048,92132850,4733283208366391296
r6-cpp-avx2-double-8388608,6,cpp,avx2,double,8388608,256,139612716,4733283208366391296
r6-cpp-avx2-double-67108864,6,cpp,avx2,double,67108864,32,160317336,4733283208366391296
r6-rust-scalar-string16-32768,6,rust,scalar,string16,32768,65536,554287845,2147483648
r6-rust-scalar-string16-262144,6,rust,scalar,string16,262144,8192,660428147,2147483648
r6-rust-scalar-string16-1048576,6,rust,scalar,string16,1048576,2048,668196529,2147483648
r6-rust-scalar-string16-8388608,6,rust,scalar,string16,8388608,256,706724082,2147483648
r6-rust-scalar-string16-67108864,6,rust,scalar,string16,67108864,32,749692588,2147483648
r6-c-avx2-double-32768,6,c,avx2,double,32768,65536,88853555,4733283208366391296
r6-c-avx2-double-262144,6,c,avx2,double,262144,8192,91826315,4733283208366391296
r6-c-avx2-double-1048576,6,c,avx2,double,1048576,2048,92138961,4733283208366391296
r6-c-avx2-double-8388608,6,c,avx2,double,8388608,256,124941463,4733283208366391296
r6-c-avx2-double-67108864,6,c,avx2,double,67108864,32,160317311,4733283208366391296
r6-c-avx2-string16-32768,6,c,avx2,string16,32768,65536,48105420,2147483648
r6-c-avx2-string16-262144,6,c,avx2,string16,262144,8192,64108793,2147483648
r6-c-avx2-string16-1048576,6,c,avx2,string16,1048576,2048,84212068,2147483648
r6-c-avx2-string16-8388608,6,c,avx2,string16,8388608,256,129086978,2147483648
r6-c-avx2-string16-67108864,6,c,avx2,string16,67108864,32,163751810,2147483648
r6-c-avx2-int-32768,6,c,avx2,int,32768,65536,36698658,536870912
r6-c-avx2-int-262144,6,c,avx2,int,262144,8192,62211727,536870912
r6-c-avx2-int-1048576,6,c,avx2,int,1048576,2048,76723976,536870912
r6-c-avx2-int-8388608,6,c,avx2,int,8388608,256,138068543,536870912
r6-c-avx2-int-67108864,6,c,avx2,int,67108864,32,160414885,536870912
r6-c-scalar-string16-32768,6,c,scalar,string16,32768,65536,555844082,2147483648
r6-c-scalar-string16-262144,6,c,scalar,string16,262144,8192,669670182,2147483648
r6-c-scalar-string16-1048576,6,c,scalar,string16,1048576,2048,674306964,2147483648
r6-c-scalar-string16-8388608,6,c,scalar,string16,8388608,256,706645759,2147483648
r6-c-scalar-string16-67108864,6,c,scalar,string16,67108864,32,711032786,2147483648
r6-cpp-scalar-float-32768,6,cpp,scalar,float,32768,65536,733857319,1266679808
r6-cpp-scalar-float-262144,6,cpp,scalar,float,262144,8192,733811154,1266679808
r6-cpp-scalar-float-1048576,6,cpp,scalar,float,1048576,2048,733819221,1266679808
r6-cpp-scalar-float-8388608,6,cpp,scalar,float,8388608,256,750707582,1266679808
r6-cpp-scalar-float-67108864,6,cpp,scalar,float,67108864,32,755039004,1266679808
r6-rust-scalar-int-32768,6,rust,scalar,int,32768,65536,312778098,536870912
r6-rust-scalar-int-262144,6,rust,scalar,int,262144,8192,316035968,536870912
r6-rust-scalar-int-1048576,6,rust,scalar,int,1048576,2048,319417993,536870912
r6-rust-scalar-int-8388608,6,rust,scalar,int,8388608,256,361740822,536870912
r6-rust-scalar-int-67108864,6,rust,scalar,int,67108864,32,405639000,536870912
r6-cpp-scalar-int-32768,6,cpp,scalar,int,32768,65536,311424497,536870912
r6-cpp-scalar-int-262144,6,cpp,scalar,int,262144,8192,317013111,536870912
r6-cpp-scalar-int-1048576,6,cpp,scalar,int,1048576,2048,319482150,536870912
r6-cpp-scalar-int-8388608,6,cpp,scalar,int,8388608,256,354684537,536870912
r6-cpp-scalar-int-67108864,6,cpp,scalar,int,67108864,32,357989816,536870912
r6-rust-scalar-float-32768,6,rust,scalar,float,32768,65536,734032170,1266679808
r6-rust-scalar-float-262144,6,rust,scalar,float,262144,8192,734005434,1266679808
r6-rust-scalar-float-1048576,6,rust,scalar,float,1048576,2048,734525578,1266679808
r6-rust-scalar-float-8388608,6,rust,scalar,float,8388608,256,767758778,1266679808
r6-rust-scalar-float-67108864,6,rust,scalar,float,67108864,32,809462679,1266679808
r6-c-avx2-short-32768,6,c,avx2,short,32768,65536,37114657,0
r6-c-avx2-short-262144,6,c,avx2,short,262144,8192,57501931,0
r6-c-avx2-short-1048576,6,c,avx2,short,1048576,2048,76760005,0
r6-c-avx2-short-8388608,6,c,avx2,short,8388608,256,137719775,0
r6-c-avx2-short-67108864,6,c,avx2,short,67108864,32,161094863,0
r6-cpp-scalar-double-32768,6,cpp,scalar,double,32768,65536,366959113,4733283208366391296
r6-cpp-scalar-double-262144,6,cpp,scalar,double,262144,8192,366928007,4733283208366391296
r6-cpp-scalar-double-1048576,6,cpp,scalar,double,1048576,2048,366907324,4733283208366391296
r6-cpp-scalar-double-8388608,6,cpp,scalar,double,8388608,256,386135756,4733283208366391296
r6-cpp-scalar-double-67108864,6,cpp,scalar,double,67108864,32,390615951,4733283208366391296
r6-go-scalar-short-32768,6,go,scalar,short,32768,65536,700124571,0
r6-go-scalar-short-262144,6,go,scalar,short,262144,8192,732936052,0
r6-go-scalar-short-1048576,6,go,scalar,short,1048576,2048,737990743,0
r6-go-scalar-short-8388608,6,go,scalar,short,8388608,256,790844060,0
r6-go-scalar-short-67108864,6,go,scalar,short,67108864,32,840529816,0
r6-go-scalar-int-32768,6,go,scalar,int,32768,65536,350602172,536870912
r6-go-scalar-int-262144,6,go,scalar,int,262144,8192,371850620,536870912
r6-go-scalar-int-1048576,6,go,scalar,int,1048576,2048,375524726,536870912
r6-go-scalar-int-8388608,6,go,scalar,int,8388608,256,423492374,536870912
r6-go-scalar-int-67108864,6,go,scalar,int,67108864,32,471403080,536870912
r6-rust-scalar-short-32768,6,rust,scalar,short,32768,65536,623785792,0
r6-rust-scalar-short-262144,6,rust,scalar,short,262144,8192,633271246,0
r6-rust-scalar-short-1048576,6,rust,scalar,short,1048576,2048,634473780,0
r6-rust-scalar-short-8388608,6,rust,scalar,short,8388608,256,675404463,0
r6-rust-scalar-short-67108864,6,rust,scalar,short,67108864,32,722377889,0
r6-cpp-avx2-string16-32768,6,cpp,avx2,string16,32768,65536,72815120,2147483648
r6-cpp-avx2-string16-262144,6,cpp,avx2,string16,262144,8192,81813473,2147483648
r6-cpp-avx2-string16-1048576,6,cpp,avx2,string16,1048576,2048,90284628,2147483648
r6-cpp-avx2-string16-8388608,6,cpp,avx2,string16,8388608,256,148071992,2147483648
r6-cpp-avx2-string16-67108864,6,cpp,avx2,string16,67108864,32,167175383,2147483648
r6-go-scalar-float-32768,6,go,scalar,float,32768,65536,735556759,1266679808
r6-go-scalar-float-262144,6,go,scalar,float,262144,8192,736209444,1266679808
r6-go-scalar-float-1048576,6,go,scalar,float,1048576,2048,736574834,1266679808
r6-go-scalar-float-8388608,6,go,scalar,float,8388608,256,766315564,1266679808
r6-go-scalar-float-67108864,6,go,scalar,float,67108864,32,813441256,1266679808
r6-c-avx2-float-32768,6,c,avx2,float,32768,65536,89241924,1308622848
r6-c-avx2-float-262144,6,c,avx2,float,262144,8192,91844545,1308622848
r6-c-avx2-float-1048576,6,c,avx2,float,1048576,2048,92152780,1308622848
r6-c-avx2-float-8388608,6,c,avx2,float,8388608,256,136507352,1308622848
r6-c-avx2-float-67108864,6,c,avx2,float,67108864,32,160354058,1308622848
r7-c-scalar-float-32768,7,c,scalar,float,32768,65536,733911206,1266679808
r7-c-scalar-float-262144,7,c,scalar,float,262144,8192,733819814,1266679808
r7-c-scalar-float-1048576,7,c,scalar,float,1048576,2048,733820436,1266679808
r7-c-scalar-float-8388608,7,c,scalar,float,8388608,256,752182311,1266679808
r7-c-scalar-float-67108864,7,c,scalar,float,67108864,32,754898135,1266679808
r7-c-scalar-string16-32768,7,c,scalar,string16,32768,65536,556550377,2147483648
r7-c-scalar-string16-262144,7,c,scalar,string16,262144,8192,669718001,2147483648
r7-c-scalar-string16-1048576,7,c,scalar,string16,1048576,2048,674629607,2147483648
r7-c-scalar-string16-8388608,7,c,scalar,string16,8388608,256,705239327,2147483648
r7-c-scalar-string16-67108864,7,c,scalar,string16,67108864,32,710805198,2147483648
r7-cpp-scalar-int-32768,7,cpp,scalar,int,32768,65536,311593934,536870912
r7-cpp-scalar-int-262144,7,cpp,scalar,int,262144,8192,317680000,536870912
r7-cpp-scalar-int-1048576,7,cpp,scalar,int,1048576,2048,319593665,536870912
r7-cpp-scalar-int-8388608,7,cpp,scalar,int,8388608,256,354492336,536870912
r7-cpp-scalar-int-67108864,7,cpp,scalar,int,67108864,32,357599276,536870912
r7-rust-scalar-double-32768,7,rust,scalar,double,32768,65536,367538921,4733283208366391296
r7-rust-scalar-double-262144,7,rust,scalar,double,262144,8192,367211958,4733283208366391296
r7-rust-scalar-double-1048576,7,rust,scalar,double,1048576,2048,368209072,4733283208366391296
r7-rust-scalar-double-8388608,7,rust,scalar,double,8388608,256,405443596,4733283208366391296
r7-rust-scalar-double-67108864,7,rust,scalar,double,67108864,32,444079715,4733283208366391296
r7-rust-scalar-int-32768,7,rust,scalar,int,32768,65536,315463708,536870912
r7-rust-scalar-int-262144,7,rust,scalar,int,262144,8192,316713870,536870912
r7-rust-scalar-int-1048576,7,rust,scalar,int,1048576,2048,319790789,536870912
r7-rust-scalar-int-8388608,7,rust,scalar,int,8388608,256,371611999,536870912
r7-rust-scalar-int-67108864,7,rust,scalar,int,67108864,32,408142278,536870912
r7-c-avx2-string16-32768,7,c,avx2,string16,32768,65536,48716161,2147483648
r7-c-avx2-string16-262144,7,c,avx2,string16,262144,8192,70731276,2147483648
r7-c-avx2-string16-1048576,7,c,avx2,string16,1048576,2048,83985505,2147483648
r7-c-avx2-string16-8388608,7,c,avx2,string16,8388608,256,157928608,2147483648
r7-c-avx2-string16-67108864,7,c,avx2,string16,67108864,32,164951311,2147483648
r7-c-avx2-float-32768,7,c,avx2,float,32768,65536,89255972,1308622848
r7-c-avx2-float-262144,7,c,avx2,float,262144,8192,91780762,1308622848
r7-c-avx2-float-1048576,7,c,avx2,float,1048576,2048,92231493,1308622848
r7-c-avx2-float-8388608,7,c,avx2,float,8388608,256,171005132,1308622848
r7-c-avx2-float-67108864,7,c,avx2,float,67108864,32,175501602,1308622848
r7-cpp-avx2-short-32768,7,cpp,avx2,short,32768,65536,36876795,0
r7-cpp-avx2-short-262144,7,cpp,avx2,short,262144,8192,57055305,0
r7-cpp-avx2-short-1048576,7,cpp,avx2,short,1048576,2048,76871863,0
r7-cpp-avx2-short-8388608,7,cpp,avx2,short,8388608,256,135973229,0
r7-cpp-avx2-short-67108864,7,cpp,avx2,short,67108864,32,160683709,0
r7-cpp-scalar-short-32768,7,cpp,scalar,short,32768,65536,636908977,0
r7-cpp-scalar-short-262144,7,cpp,scalar,short,262144,8192,632241498,0
r7-cpp-scalar-short-1048576,7,cpp,scalar,short,1048576,2048,634564099,0
r7-cpp-scalar-short-8388608,7,cpp,scalar,short,8388608,256,671844986,0
r7-cpp-scalar-short-67108864,7,cpp,scalar,short,67108864,32,674435129,0
r7-cpp-scalar-float-32768,7,cpp,scalar,float,32768,65536,733853931,1266679808
r7-cpp-scalar-float-262144,7,cpp,scalar,float,262144,8192,733818632,1266679808
r7-cpp-scalar-float-1048576,7,cpp,scalar,float,1048576,2048,733899498,1266679808
r7-cpp-scalar-float-8388608,7,cpp,scalar,float,8388608,256,751537631,1266679808
r7-cpp-scalar-float-67108864,7,cpp,scalar,float,67108864,32,755145987,1266679808
r7-c-scalar-double-32768,7,c,scalar,double,32768,65536,366951220,4733283208366391296
r7-c-scalar-double-262144,7,c,scalar,double,262144,8192,366915693,4733283208366391296
r7-c-scalar-double-1048576,7,c,scalar,double,1048576,2048,366906410,4733283208366391296
r7-c-scalar-double-8388608,7,c,scalar,double,8388608,256,386263627,4733283208366391296
r7-c-scalar-double-67108864,7,c,scalar,double,67108864,32,390592737,4733283208366391296
r7-c-avx2-double-32768,7,c,avx2,double,32768,65536,88846685,4733283208366391296
r7-c-avx2-double-262144,7,c,avx2,double,262144,8192,91721469,4733283208366391296
r7-c-avx2-double-1048576,7,c,avx2,double,1048576,2048,92142055,4733283208366391296
r7-c-avx2-double-8388608,7,c,avx2,double,8388608,256,137020357,4733283208366391296
r7-c-avx2-double-67108864,7,c,avx2,double,67108864,32,160758824,4733283208366391296
r7-cpp-avx2-float-32768,7,cpp,avx2,float,32768,65536,89238789,1308622848
r7-cpp-avx2-float-262144,7,cpp,avx2,float,262144,8192,91853007,1308622848
r7-cpp-avx2-float-1048576,7,cpp,avx2,float,1048576,2048,92166855,1308622848
r7-cpp-avx2-float-8388608,7,cpp,avx2,float,8388608,256,138237531,1308622848
r7-cpp-avx2-float-67108864,7,cpp,avx2,float,67108864,32,161171803,1308622848
r7-go-scalar-string16-32768,7,go,scalar,string16,32768,65536,1399870132,2147483648
r7-go-scalar-string16-262144,7,go,scalar,string16,262144,8192,1440157633,2147483648
r7-go-scalar-string16-1048576,7,go,scalar,string16,1048576,2048,1451364720,2147483648
r7-go-scalar-string16-8388608,7,go,scalar,string16,8388608,256,1495707573,2147483648
r7-go-scalar-string16-67108864,7,go,scalar,string16,67108864,32,1555468295,2147483648
r7-go-scalar-short-32768,7,go,scalar,short,32768,65536,700183896,0
r7-go-scalar-short-262144,7,go,scalar,short,262144,8192,733486910,0
r7-go-scalar-short-1048576,7,go,scalar,short,1048576,2048,738057575,0
r7-go-scalar-short-8388608,7,go,scalar,short,8388608,256,784692632,0
r7-go-scalar-short-67108864,7,go,scalar,short,67108864,32,838656387,0
r7-go-scalar-int-32768,7,go,scalar,int,32768,65536,350298489,536870912
r7-go-scalar-int-262144,7,go,scalar,int,262144,8192,370989640,536870912
r7-go-scalar-int-1048576,7,go,scalar,int,1048576,2048,375462326,536870912
r7-go-scalar-int-8388608,7,go,scalar,int,8388608,256,423431353,536870912
r7-go-scalar-int-67108864,7,go,scalar,int,67108864,32,472445648,536870912
r7-go-scalar-double-32768,7,go,scalar,double,32768,65536,368055220,4733283208366391296
r7-go-scalar-double-262144,7,go,scalar,double,262144,8192,368323915,4733283208366391296
r7-go-scalar-double-1048576,7,go,scalar,double,1048576,2048,368841120,4733283208366391296
r7-go-scalar-double-8388608,7,go,scalar,double,8388608,256,398217283,4733283208366391296
r7-go-scalar-double-67108864,7,go,scalar,double,67108864,32,439580389,4733283208366391296
r7-cpp-avx2-string16-32768,7,cpp,avx2,string16,32768,65536,72806098,2147483648
r7-cpp-avx2-string16-262144,7,cpp,avx2,string16,262144,8192,84475530,2147483648
r7-cpp-avx2-string16-1048576,7,cpp,avx2,string16,1048576,2048,90415280,2147483648
r7-cpp-avx2-string16-8388608,7,cpp,avx2,string16,8388608,256,149391759,2147483648
r7-cpp-avx2-string16-67108864,7,cpp,avx2,string16,67108864,32,167209642,2147483648
r7-c-scalar-int-32768,7,c,scalar,int,32768,65536,311908519,536870912
r7-c-scalar-int-262144,7,c,scalar,int,262144,8192,317025507,536870912
r7-c-scalar-int-1048576,7,c,scalar,int,1048576,2048,319416937,536870912
r7-c-scalar-int-8388608,7,c,scalar,int,8388608,256,358242375,536870912
r7-c-scalar-int-67108864,7,c,scalar,int,67108864,32,358178971,536870912
r7-c-avx2-short-32768,7,c,avx2,short,32768,65536,35640110,0
r7-c-avx2-short-262144,7,c,avx2,short,262144,8192,73859628,0
r7-c-avx2-short-1048576,7,c,avx2,short,1048576,2048,76775129,0
r7-c-avx2-short-8388608,7,c,avx2,short,8388608,256,134839910,0
r7-c-avx2-short-67108864,7,c,avx2,short,67108864,32,160507337,0
r7-cpp-avx2-int-32768,7,cpp,avx2,int,32768,65536,36391182,536870912
r7-cpp-avx2-int-262144,7,cpp,avx2,int,262144,8192,52101344,536870912
r7-cpp-avx2-int-1048576,7,cpp,avx2,int,1048576,2048,76739157,536870912
r7-cpp-avx2-int-8388608,7,cpp,avx2,int,8388608,256,137190496,536870912
r7-cpp-avx2-int-67108864,7,cpp,avx2,int,67108864,32,163526381,536870912
r7-c-avx2-int-32768,7,c,avx2,int,32768,65536,36255975,536870912
r7-c-avx2-int-262144,7,c,avx2,int,262144,8192,61507116,536870912
r7-c-avx2-int-1048576,7,c,avx2,int,1048576,2048,76735886,536870912
r7-c-avx2-int-8388608,7,c,avx2,int,8388608,256,137005065,536870912
r7-c-avx2-int-67108864,7,c,avx2,int,67108864,32,160539677,536870912
r7-rust-scalar-short-32768,7,rust,scalar,short,32768,65536,623774548,0
r7-rust-scalar-short-262144,7,rust,scalar,short,262144,8192,632686461,0
r7-rust-scalar-short-1048576,7,rust,scalar,short,1048576,2048,636234639,0
r7-rust-scalar-short-8388608,7,rust,scalar,short,8388608,256,675325332,0
r7-rust-scalar-short-67108864,7,rust,scalar,short,67108864,32,721915715,0
r7-cpp-avx2-double-32768,7,cpp,avx2,double,32768,65536,88856447,4733283208366391296
r7-cpp-avx2-double-262144,7,cpp,avx2,double,262144,8192,91870936,4733283208366391296
r7-cpp-avx2-double-1048576,7,cpp,avx2,double,1048576,2048,92331679,4733283208366391296
r7-cpp-avx2-double-8388608,7,cpp,avx2,double,8388608,256,137457543,4733283208366391296
r7-cpp-avx2-double-67108864,7,cpp,avx2,double,67108864,32,160565551,4733283208366391296
r7-rust-scalar-string16-32768,7,rust,scalar,string16,32768,65536,553956498,2147483648
r7-rust-scalar-string16-262144,7,rust,scalar,string16,262144,8192,661668106,2147483648
r7-rust-scalar-string16-1048576,7,rust,scalar,string16,1048576,2048,668327528,2147483648
r7-rust-scalar-string16-8388608,7,rust,scalar,string16,8388608,256,705321909,2147483648
r7-rust-scalar-string16-67108864,7,rust,scalar,string16,67108864,32,749953522,2147483648
r7-go-scalar-float-32768,7,go,scalar,float,32768,65536,735804834,1266679808
r7-go-scalar-float-262144,7,go,scalar,float,262144,8192,735933847,1266679808
r7-go-scalar-float-1048576,7,go,scalar,float,1048576,2048,736392370,1266679808
r7-go-scalar-float-8388608,7,go,scalar,float,8388608,256,770059714,1266679808
r7-go-scalar-float-67108864,7,go,scalar,float,67108864,32,812537692,1266679808
r7-rust-scalar-float-32768,7,rust,scalar,float,32768,65536,734006649,1266679808
r7-rust-scalar-float-262144,7,rust,scalar,float,262144,8192,734025049,1266679808
r7-rust-scalar-float-1048576,7,rust,scalar,float,1048576,2048,734663188,1266679808
r7-rust-scalar-float-8388608,7,rust,scalar,float,8388608,256,768501868,1266679808
r7-rust-scalar-float-67108864,7,rust,scalar,float,67108864,32,809376712,1266679808
r7-c-scalar-short-32768,7,c,scalar,short,32768,65536,642187003,0
r7-c-scalar-short-262144,7,c,scalar,short,262144,8192,656050182,0
r7-c-scalar-short-1048576,7,c,scalar,short,1048576,2048,634586825,0
r7-c-scalar-short-8388608,7,c,scalar,short,8388608,256,669696777,0
r7-c-scalar-short-67108864,7,c,scalar,short,67108864,32,674659409,0
r7-cpp-scalar-string16-32768,7,cpp,scalar,string16,32768,65536,555732140,2147483648
r7-cpp-scalar-string16-262144,7,cpp,scalar,string16,262144,8192,668930846,2147483648
r7-cpp-scalar-string16-1048576,7,cpp,scalar,string16,1048576,2048,674524748,2147483648
r7-cpp-scalar-string16-8388608,7,cpp,scalar,string16,8388608,256,707227208,2147483648
r7-cpp-scalar-string16-67108864,7,cpp,scalar,string16,67108864,32,710313729,2147483648
r7-cpp-scalar-double-32768,7,cpp,scalar,double,32768,65536,366920430,4733283208366391296
r7-cpp-scalar-double-262144,7,cpp,scalar,double,262144,8192,366920161,4733283208366391296
r7-cpp-scalar-double-1048576,7,cpp,scalar,double,1048576,2048,366942861,4733283208366391296
r7-cpp-scalar-double-8388608,7,cpp,scalar,double,8388608,256,385800210,4733283208366391296
r7-cpp-scalar-double-67108864,7,cpp,scalar,double,67108864,32,390525159,4733283208366391296
r8-rust-scalar-string16-32768,8,rust,scalar,string16,32768,65536,553926672,2147483648
r8-rust-scalar-string16-262144,8,rust,scalar,string16,262144,8192,660235229,2147483648
r8-rust-scalar-string16-1048576,8,rust,scalar,string16,1048576,2048,668514303,2147483648
r8-rust-scalar-string16-8388608,8,rust,scalar,string16,8388608,256,705371109,2147483648
r8-rust-scalar-string16-67108864,8,rust,scalar,string16,67108864,32,750368420,2147483648
r8-c-scalar-string16-32768,8,c,scalar,string16,32768,65536,555808065,2147483648
r8-c-scalar-string16-262144,8,c,scalar,string16,262144,8192,668046636,2147483648
r8-c-scalar-string16-1048576,8,c,scalar,string16,1048576,2048,674637567,2147483648
r8-c-scalar-string16-8388608,8,c,scalar,string16,8388608,256,706631644,2147483648
r8-c-scalar-string16-67108864,8,c,scalar,string16,67108864,32,710296434,2147483648
r8-go-scalar-string16-32768,8,go,scalar,string16,32768,65536,1400267970,2147483648
r8-go-scalar-string16-262144,8,go,scalar,string16,262144,8192,1440695846,2147483648
r8-go-scalar-string16-1048576,8,go,scalar,string16,1048576,2048,1454559137,2147483648
r8-go-scalar-string16-8388608,8,go,scalar,string16,8388608,256,1492641669,2147483648
r8-go-scalar-string16-67108864,8,go,scalar,string16,67108864,32,1560766025,2147483648
r8-cpp-scalar-double-32768,8,cpp,scalar,double,32768,65536,368050745,4733283208366391296
r8-cpp-scalar-double-262144,8,cpp,scalar,double,262144,8192,366990265,4733283208366391296
r8-cpp-scalar-double-1048576,8,cpp,scalar,double,1048576,2048,367213384,4733283208366391296
r8-cpp-scalar-double-8388608,8,cpp,scalar,double,8388608,256,388061260,4733283208366391296
r8-cpp-scalar-double-67108864,8,cpp,scalar,double,67108864,32,390002173,4733283208366391296
r8-rust-scalar-int-32768,8,rust,scalar,int,32768,65536,312683628,536870912
r8-rust-scalar-int-262144,8,rust,scalar,int,262144,8192,316535897,536870912
r8-rust-scalar-int-1048576,8,rust,scalar,int,1048576,2048,319804572,536870912
r8-rust-scalar-int-8388608,8,rust,scalar,int,8388608,256,373660053,536870912
r8-rust-scalar-int-67108864,8,rust,scalar,int,67108864,32,407396864,536870912
r8-rust-scalar-float-32768,8,rust,scalar,float,32768,65536,734016266,1266679808
r8-rust-scalar-float-262144,8,rust,scalar,float,262144,8192,734036752,1266679808
r8-rust-scalar-float-1048576,8,rust,scalar,float,1048576,2048,734705339,1266679808
r8-rust-scalar-float-8388608,8,rust,scalar,float,8388608,256,768040319,1266679808
r8-rust-scalar-float-67108864,8,rust,scalar,float,67108864,32,809446722,1266679808
r8-cpp-scalar-float-32768,8,cpp,scalar,float,32768,65536,733992054,1266679808
r8-cpp-scalar-float-262144,8,cpp,scalar,float,262144,8192,733820106,1266679808
r8-cpp-scalar-float-1048576,8,cpp,scalar,float,1048576,2048,733884044,1266679808
r8-cpp-scalar-float-8388608,8,cpp,scalar,float,8388608,256,752827927,1266679808
r8-cpp-scalar-float-67108864,8,cpp,scalar,float,67108864,32,754833473,1266679808
r8-c-scalar-int-32768,8,c,scalar,int,32768,65536,311643665,536870912
r8-c-scalar-int-262144,8,c,scalar,int,262144,8192,316676010,536870912
r8-c-scalar-int-1048576,8,c,scalar,int,1048576,2048,319465079,536870912
r8-c-scalar-int-8388608,8,c,scalar,int,8388608,256,356875348,536870912
r8-c-scalar-int-67108864,8,c,scalar,int,67108864,32,358206563,536870912
r8-cpp-avx2-short-32768,8,cpp,avx2,short,32768,65536,36785309,0
r8-cpp-avx2-short-262144,8,cpp,avx2,short,262144,8192,50538052,0
r8-cpp-avx2-short-1048576,8,cpp,avx2,short,1048576,2048,76783333,0
r8-cpp-avx2-short-8388608,8,cpp,avx2,short,8388608,256,137116660,0
r8-cpp-avx2-short-67108864,8,cpp,avx2,short,67108864,32,160743169,0
r8-c-avx2-int-32768,8,c,avx2,int,32768,65536,36815970,536870912
r8-c-avx2-int-262144,8,c,avx2,int,262144,8192,61667073,536870912
r8-c-avx2-int-1048576,8,c,avx2,int,1048576,2048,76730222,536870912
r8-c-avx2-int-8388608,8,c,avx2,int,8388608,256,150556337,536870912
r8-c-avx2-int-67108864,8,c,avx2,int,67108864,32,161011849,536870912
r8-go-scalar-float-32768,8,go,scalar,float,32768,65536,735627003,1266679808
r8-go-scalar-float-262144,8,go,scalar,float,262144,8192,735900910,1266679808
r8-go-scalar-float-1048576,8,go,scalar,float,1048576,2048,736746389,1266679808
r8-go-scalar-float-8388608,8,go,scalar,float,8388608,256,768153451,1266679808
r8-go-scalar-float-67108864,8,go,scalar,float,67108864,32,812552306,1266679808
r8-c-scalar-float-32768,8,c,scalar,float,32768,65536,734046986,1266679808
r8-c-scalar-float-262144,8,c,scalar,float,262144,8192,733822166,1266679808
r8-c-scalar-float-1048576,8,c,scalar,float,1048576,2048,733872139,1266679808
r8-c-scalar-float-8388608,8,c,scalar,float,8388608,256,752136595,1266679808
r8-c-scalar-float-67108864,8,c,scalar,float,67108864,32,754891063,1266679808
r8-cpp-avx2-string16-32768,8,cpp,avx2,string16,32768,65536,72786621,2147483648
r8-cpp-avx2-string16-262144,8,cpp,avx2,string16,262144,8192,84774453,2147483648
r8-cpp-avx2-string16-1048576,8,cpp,avx2,string16,1048576,2048,90271834,2147483648
r8-cpp-avx2-string16-8388608,8,cpp,avx2,string16,8388608,256,141378512,2147483648
r8-cpp-avx2-string16-67108864,8,cpp,avx2,string16,67108864,32,169814832,2147483648
r8-cpp-scalar-short-32768,8,cpp,scalar,short,32768,65536,625249456,0
r8-cpp-scalar-short-262144,8,cpp,scalar,short,262144,8192,659664297,0
r8-cpp-scalar-short-1048576,8,cpp,scalar,short,1048576,2048,634462997,0
r8-cpp-scalar-short-8388608,8,cpp,scalar,short,8388608,256,670752372,0
r8-cpp-scalar-short-67108864,8,cpp,scalar,short,67108864,32,674281157,0
r8-go-scalar-short-32768,8,go,scalar,short,32768,65536,700123727,0
r8-go-scalar-short-262144,8,go,scalar,short,262144,8192,733639282,0
r8-go-scalar-short-1048576,8,go,scalar,short,1048576,2048,737777625,0
r8-go-scalar-short-8388608,8,go,scalar,short,8388608,256,790817777,0
r8-go-scalar-short-67108864,8,go,scalar,short,67108864,32,835773068,0
r8-cpp-avx2-int-32768,8,cpp,avx2,int,32768,65536,36164068,536870912
r8-cpp-avx2-int-262144,8,cpp,avx2,int,262144,8192,62526197,536870912
r8-cpp-avx2-int-1048576,8,cpp,avx2,int,1048576,2048,76741283,536870912
r8-cpp-avx2-int-8388608,8,cpp,avx2,int,8388608,256,121495409,536870912
r8-cpp-avx2-int-67108864,8,cpp,avx2,int,67108864,32,160389503,536870912
r8-cpp-avx2-double-32768,8,cpp,avx2,double,32768,65536,88845045,4733283208366391296
r8-cpp-avx2-double-262144,8,cpp,avx2,double,262144,8192,91753528,4733283208366391296
r8-cpp-avx2-double-1048576,8,cpp,avx2,double,1048576,2048,92152191,4733283208366391296
r8-cpp-avx2-double-8388608,8,cpp,avx2,double,8388608,256,138083409,4733283208366391296
r8-cpp-avx2-double-67108864,8,cpp,avx2,double,67108864,32,160663436,4733283208366391296
r8-cpp-avx2-float-32768,8,cpp,avx2,float,32768,65536,89248866,1308622848
r8-cpp-avx2-float-262144,8,cpp,avx2,float,262144,8192,92026584,1308622848
r8-cpp-avx2-float-1048576,8,cpp,avx2,float,1048576,2048,92154421,1308622848
r8-cpp-avx2-float-8388608,8,cpp,avx2,float,8388608,256,138441418,1308622848
r8-cpp-avx2-float-67108864,8,cpp,avx2,float,67108864,32,160716054,1308622848
r8-rust-scalar-short-32768,8,rust,scalar,short,32768,65536,623836567,0
r8-rust-scalar-short-262144,8,rust,scalar,short,262144,8192,632846934,0
r8-rust-scalar-short-1048576,8,rust,scalar,short,1048576,2048,635414358,0
r8-rust-scalar-short-8388608,8,rust,scalar,short,8388608,256,675084827,0
r8-rust-scalar-short-67108864,8,rust,scalar,short,67108864,32,722219716,0
r8-c-avx2-string16-32768,8,c,avx2,string16,32768,65536,48161744,2147483648
r8-c-avx2-string16-262144,8,c,avx2,string16,262144,8192,70294763,2147483648
r8-c-avx2-string16-1048576,8,c,avx2,string16,1048576,2048,83946353,2147483648
r8-c-avx2-string16-8388608,8,c,avx2,string16,8388608,256,127464891,2147483648
r8-c-avx2-string16-67108864,8,c,avx2,string16,67108864,32,163589868,2147483648
r8-go-scalar-int-32768,8,go,scalar,int,32768,65536,350413330,536870912
r8-go-scalar-int-262144,8,go,scalar,int,262144,8192,371363142,536870912
r8-go-scalar-int-1048576,8,go,scalar,int,1048576,2048,375368426,536870912
r8-go-scalar-int-8388608,8,go,scalar,int,8388608,256,422814132,536870912
r8-go-scalar-int-67108864,8,go,scalar,int,67108864,32,471314524,536870912
r8-c-avx2-float-32768,8,c,avx2,float,32768,65536,89242164,1308622848
r8-c-avx2-float-262144,8,c,avx2,float,262144,8192,91774773,1308622848
r8-c-avx2-float-1048576,8,c,avx2,float,1048576,2048,92189481,1308622848
r8-c-avx2-float-8388608,8,c,avx2,float,8388608,256,138345528,1308622848
r8-c-avx2-float-67108864,8,c,avx2,float,67108864,32,160596338,1308622848
r8-cpp-scalar-int-32768,8,cpp,scalar,int,32768,65536,311594566,536870912
r8-cpp-scalar-int-262144,8,cpp,scalar,int,262144,8192,317153925,536870912
r8-cpp-scalar-int-1048576,8,cpp,scalar,int,1048576,2048,319697281,536870912
r8-cpp-scalar-int-8388608,8,cpp,scalar,int,8388608,256,348527487,536870912
r8-cpp-scalar-int-67108864,8,cpp,scalar,int,67108864,32,357950919,536870912
r8-c-scalar-double-32768,8,c,scalar,double,32768,65536,366932960,4733283208366391296
r8-c-scalar-double-262144,8,c,scalar,double,262144,8192,366920841,4733283208366391296
r8-c-scalar-double-1048576,8,c,scalar,double,1048576,2048,366977015,4733283208366391296
r8-c-scalar-double-8388608,8,c,scalar,double,8388608,256,386306040,4733283208366391296
r8-c-scalar-double-67108864,8,c,scalar,double,67108864,32,390487129,4733283208366391296
r8-cpp-scalar-string16-32768,8,cpp,scalar,string16,32768,65536,555979396,2147483648
r8-cpp-scalar-string16-262144,8,cpp,scalar,string16,262144,8192,669400925,2147483648
r8-cpp-scalar-string16-1048576,8,cpp,scalar,string16,1048576,2048,674650763,2147483648
r8-cpp-scalar-string16-8388608,8,cpp,scalar,string16,8388608,256,706318091,2147483648
r8-cpp-scalar-string16-67108864,8,cpp,scalar,string16,67108864,32,710981401,2147483648
r8-rust-scalar-double-32768,8,rust,scalar,double,32768,65536,366935343,4733283208366391296
r8-rust-scalar-double-262144,8,rust,scalar,double,262144,8192,367103046,4733283208366391296
r8-rust-scalar-double-1048576,8,rust,scalar,double,1048576,2048,367634947,4733283208366391296
r8-rust-scalar-double-8388608,8,rust,scalar,double,8388608,256,400926432,4733283208366391296
r8-rust-scalar-double-67108864,8,rust,scalar,double,67108864,32,445485044,4733283208366391296
r8-c-avx2-double-32768,8,c,avx2,double,32768,65536,88832326,4733283208366391296
r8-c-avx2-double-262144,8,c,avx2,double,262144,8192,91649848,4733283208366391296
r8-c-avx2-double-1048576,8,c,avx2,double,1048576,2048,92135086,4733283208366391296
r8-c-avx2-double-8388608,8,c,avx2,double,8388608,256,123407606,4733283208366391296
r8-c-avx2-double-67108864,8,c,avx2,double,67108864,32,160427899,4733283208366391296
r8-c-scalar-short-32768,8,c,scalar,short,32768,65536,638548051,0
r8-c-scalar-short-262144,8,c,scalar,short,262144,8192,632500608,0
r8-c-scalar-short-1048576,8,c,scalar,short,1048576,2048,634248993,0
r8-c-scalar-short-8388608,8,c,scalar,short,8388608,256,670209540,0
r8-c-scalar-short-67108864,8,c,scalar,short,67108864,32,674485974,0
r8-c-avx2-short-32768,8,c,avx2,short,32768,65536,35625369,0
r8-c-avx2-short-262144,8,c,avx2,short,262144,8192,60932863,0
r8-c-avx2-short-1048576,8,c,avx2,short,1048576,2048,76768109,0
r8-c-avx2-short-8388608,8,c,avx2,short,8388608,256,119149123,0
r8-c-avx2-short-67108864,8,c,avx2,short,67108864,32,160503606,0
r8-go-scalar-double-32768,8,go,scalar,double,32768,65536,368061849,4733283208366391296
r8-go-scalar-double-262144,8,go,scalar,double,262144,8192,368332888,4733283208366391296
r8-go-scalar-double-1048576,8,go,scalar,double,1048576,2048,369120331,4733283208366391296
r8-go-scalar-double-8388608,8,go,scalar,double,8388608,256,397045574,4733283208366391296
r8-go-scalar-double-67108864,8,go,scalar,double,67108864,32,440158323,4733283208366391296
r9-c-scalar-short-32768,9,c,scalar,short,32768,65536,647589688,0
r9-c-scalar-short-262144,9,c,scalar,short,262144,8192,734896917,0
r9-c-scalar-short-1048576,9,c,scalar,short,1048576,2048,634312761,0
r9-c-scalar-short-8388608,9,c,scalar,short,8388608,256,669724383,0
r9-c-scalar-short-67108864,9,c,scalar,short,67108864,32,674569418,0
r9-rust-scalar-string16-32768,9,rust,scalar,string16,32768,65536,553930711,2147483648
r9-rust-scalar-string16-262144,9,rust,scalar,string16,262144,8192,663209552,2147483648
r9-rust-scalar-string16-1048576,9,rust,scalar,string16,1048576,2048,668765545,2147483648
r9-rust-scalar-string16-8388608,9,rust,scalar,string16,8388608,256,705440565,2147483648
r9-rust-scalar-string16-67108864,9,rust,scalar,string16,67108864,32,749816194,2147483648
r9-c-scalar-string16-32768,9,c,scalar,string16,32768,65536,555912855,2147483648
r9-c-scalar-string16-262144,9,c,scalar,string16,262144,8192,667345031,2147483648
r9-c-scalar-string16-1048576,9,c,scalar,string16,1048576,2048,674345046,2147483648
r9-c-scalar-string16-8388608,9,c,scalar,string16,8388608,256,706233595,2147483648
r9-c-scalar-string16-67108864,9,c,scalar,string16,67108864,32,711624480,2147483648
r9-cpp-avx2-double-32768,9,cpp,avx2,double,32768,65536,88848171,4733283208366391296
r9-cpp-avx2-double-262144,9,cpp,avx2,double,262144,8192,91922242,4733283208366391296
r9-cpp-avx2-double-1048576,9,cpp,avx2,double,1048576,2048,92131750,4733283208366391296
r9-cpp-avx2-double-8388608,9,cpp,avx2,double,8388608,256,136917761,4733283208366391296
r9-cpp-avx2-double-67108864,9,cpp,avx2,double,67108864,32,160236735,4733283208366391296
r9-go-scalar-int-32768,9,go,scalar,int,32768,65536,350472586,536870912
r9-go-scalar-int-262144,9,go,scalar,int,262144,8192,371482107,536870912
r9-go-scalar-int-1048576,9,go,scalar,int,1048576,2048,375299932,536870912
r9-go-scalar-int-8388608,9,go,scalar,int,8388608,256,421487316,536870912
r9-go-scalar-int-67108864,9,go,scalar,int,67108864,32,472933624,536870912
r9-cpp-scalar-string16-32768,9,cpp,scalar,string16,32768,65536,555635097,2147483648
r9-cpp-scalar-string16-262144,9,cpp,scalar,string16,262144,8192,668457426,2147483648
r9-cpp-scalar-string16-1048576,9,cpp,scalar,string16,1048576,2048,674229955,2147483648
r9-cpp-scalar-string16-8388608,9,cpp,scalar,string16,8388608,256,713952343,2147483648
r9-cpp-scalar-string16-67108864,9,cpp,scalar,string16,67108864,32,715906848,2147483648
r9-cpp-avx2-int-32768,9,cpp,avx2,int,32768,65536,36461630,536870912
r9-cpp-avx2-int-262144,9,cpp,avx2,int,262144,8192,51484167,536870912
r9-cpp-avx2-int-1048576,9,cpp,avx2,int,1048576,2048,76959007,536870912
r9-cpp-avx2-int-8388608,9,cpp,avx2,int,8388608,256,149626228,536870912
r9-cpp-avx2-int-67108864,9,cpp,avx2,int,67108864,32,169289442,536870912
r9-c-avx2-double-32768,9,c,avx2,double,32768,65536,88978745,4733283208366391296
r9-c-avx2-double-262144,9,c,avx2,double,262144,8192,91781559,4733283208366391296
r9-c-avx2-double-1048576,9,c,avx2,double,1048576,2048,92378738,4733283208366391296
r9-c-avx2-double-8388608,9,c,avx2,double,8388608,256,175980894,4733283208366391296
r9-c-avx2-double-67108864,9,c,avx2,double,67108864,32,176398445,4733283208366391296
r9-cpp-scalar-double-32768,9,cpp,scalar,double,32768,65536,368013693,4733283208366391296
r9-cpp-scalar-double-262144,9,cpp,scalar,double,262144,8192,366964823,4733283208366391296
r9-cpp-scalar-double-1048576,9,cpp,scalar,double,1048576,2048,366930044,4733283208366391296
r9-cpp-scalar-double-8388608,9,cpp,scalar,double,8388608,256,385583469,4733283208366391296
r9-cpp-scalar-double-67108864,9,cpp,scalar,double,67108864,32,389547136,4733283208366391296
r9-cpp-avx2-float-32768,9,cpp,avx2,float,32768,65536,89937416,1308622848
r9-cpp-avx2-float-262144,9,cpp,avx2,float,262144,8192,91960711,1308622848
r9-cpp-avx2-float-1048576,9,cpp,avx2,float,1048576,2048,92465216,1308622848
r9-cpp-avx2-float-8388608,9,cpp,avx2,float,8388608,256,170346826,1308622848
r9-cpp-avx2-float-67108864,9,cpp,avx2,float,67108864,32,160654411,1308622848
r9-rust-scalar-int-32768,9,rust,scalar,int,32768,65536,312503025,536870912
r9-rust-scalar-int-262144,9,rust,scalar,int,262144,8192,316031774,536870912
r9-rust-scalar-int-1048576,9,rust,scalar,int,1048576,2048,319412085,536870912
r9-rust-scalar-int-8388608,9,rust,scalar,int,8388608,256,362140953,536870912
r9-rust-scalar-int-67108864,9,rust,scalar,int,67108864,32,407479787,536870912
r9-cpp-scalar-float-32768,9,cpp,scalar,float,32768,65536,733859237,1266679808
r9-cpp-scalar-float-262144,9,cpp,scalar,float,262144,8192,733814915,1266679808
r9-cpp-scalar-float-1048576,9,cpp,scalar,float,1048576,2048,733903544,1266679808
r9-cpp-scalar-float-8388608,9,cpp,scalar,float,8388608,256,752323261,1266679808
r9-cpp-scalar-float-67108864,9,cpp,scalar,float,67108864,32,754721004,1266679808
r9-rust-scalar-short-32768,9,rust,scalar,short,32768,65536,624211115,0
r9-rust-scalar-short-262144,9,rust,scalar,short,262144,8192,632790291,0
r9-rust-scalar-short-1048576,9,rust,scalar,short,1048576,2048,635465445,0
r9-rust-scalar-short-8388608,9,rust,scalar,short,8388608,256,676993490,0
r9-rust-scalar-short-67108864,9,rust,scalar,short,67108864,32,722091912,0
r9-c-scalar-double-32768,9,c,scalar,double,32768,65536,366930108,4733283208366391296
r9-c-scalar-double-262144,9,c,scalar,double,262144,8192,366929161,4733283208366391296
r9-c-scalar-double-1048576,9,c,scalar,double,1048576,2048,366914481,4733283208366391296
r9-c-scalar-double-8388608,9,c,scalar,double,8388608,256,387094870,4733283208366391296
r9-c-scalar-double-67108864,9,c,scalar,double,67108864,32,390416521,4733283208366391296
r9-cpp-scalar-int-32768,9,cpp,scalar,int,32768,65536,311554413,536870912
r9-cpp-scalar-int-262144,9,cpp,scalar,int,262144,8192,317136954,536870912
r9-cpp-scalar-int-1048576,9,cpp,scalar,int,1048576,2048,319501593,536870912
r9-cpp-scalar-int-8388608,9,cpp,scalar,int,8388608,256,358549737,536870912
r9-cpp-scalar-int-67108864,9,cpp,scalar,int,67108864,32,358121481,536870912
r9-cpp-scalar-short-32768,9,cpp,scalar,short,32768,65536,624591029,0
r9-cpp-scalar-short-262144,9,cpp,scalar,short,262144,8192,632092691,0
r9-cpp-scalar-short-1048576,9,cpp,scalar,short,1048576,2048,634326971,0
r9-cpp-scalar-short-8388608,9,cpp,scalar,short,8388608,256,670440687,0
r9-cpp-scalar-short-67108864,9,cpp,scalar,short,67108864,32,673839117,0
r9-cpp-avx2-string16-32768,9,cpp,avx2,string16,32768,65536,72794787,2147483648
r9-cpp-avx2-string16-262144,9,cpp,avx2,string16,262144,8192,84267209,2147483648
r9-cpp-avx2-string16-1048576,9,cpp,avx2,string16,1048576,2048,90521002,2147483648
r9-cpp-avx2-string16-8388608,9,cpp,avx2,string16,8388608,256,157579971,2147483648
r9-cpp-avx2-string16-67108864,9,cpp,avx2,string16,67108864,32,167471497,2147483648
r9-rust-scalar-float-32768,9,rust,scalar,float,32768,65536,733831193,1266679808
r9-rust-scalar-float-262144,9,rust,scalar,float,262144,8192,734037822,1266679808
r9-rust-scalar-float-1048576,9,rust,scalar,float,1048576,2048,734539497,1266679808
r9-rust-scalar-float-8388608,9,rust,scalar,float,8388608,256,767328970,1266679808
r9-rust-scalar-float-67108864,9,rust,scalar,float,67108864,32,809722939,1266679808
r9-c-avx2-short-32768,9,c,avx2,short,32768,65536,36668590,0
r9-c-avx2-short-262144,9,c,avx2,short,262144,8192,63610363,0
r9-c-avx2-short-1048576,9,c,avx2,short,1048576,2048,76825227,0
r9-c-avx2-short-8388608,9,c,avx2,short,8388608,256,138028780,0
r9-c-avx2-short-67108864,9,c,avx2,short,67108864,32,160581568,0
r9-c-avx2-float-32768,9,c,avx2,float,32768,65536,89237934,1308622848
r9-c-avx2-float-262144,9,c,avx2,float,262144,8192,92022154,1308622848
r9-c-avx2-float-1048576,9,c,avx2,float,1048576,2048,92152989,1308622848
r9-c-avx2-float-8388608,9,c,avx2,float,8388608,256,139666609,1308622848
r9-c-avx2-float-67108864,9,c,avx2,float,67108864,32,160535820,1308622848
r9-c-scalar-float-32768,9,c,scalar,float,32768,65536,734183415,1266679808
r9-c-scalar-float-262144,9,c,scalar,float,262144,8192,733816009,1266679808
r9-c-scalar-float-1048576,9,c,scalar,float,1048576,2048,733905789,1266679808
r9-c-scalar-float-8388608,9,c,scalar,float,8388608,256,752617444,1266679808
r9-c-scalar-float-67108864,9,c,scalar,float,67108864,32,754784289,1266679808
r9-cpp-avx2-short-32768,9,cpp,avx2,short,32768,65536,35647773,0
r9-cpp-avx2-short-262144,9,cpp,avx2,short,262144,8192,51941382,0
r9-cpp-avx2-short-1048576,9,cpp,avx2,short,1048576,2048,76773617,0
r9-cpp-avx2-short-8388608,9,cpp,avx2,short,8388608,256,138082296,0
r9-cpp-avx2-short-67108864,9,cpp,avx2,short,67108864,32,160565925,0
r9-rust-scalar-double-32768,9,rust,scalar,double,32768,65536,367043216,4733283208366391296
r9-rust-scalar-double-262144,9,rust,scalar,double,262144,8192,367130375,4733283208366391296
r9-rust-scalar-double-1048576,9,rust,scalar,double,1048576,2048,367801253,4733283208366391296
r9-rust-scalar-double-8388608,9,rust,scalar,double,8388608,256,401092942,4733283208366391296
r9-rust-scalar-double-67108864,9,rust,scalar,double,67108864,32,445150535,4733283208366391296
r9-go-scalar-float-32768,9,go,scalar,float,32768,65536,735895711,1266679808
r9-go-scalar-float-262144,9,go,scalar,float,262144,8192,735938077,1266679808
r9-go-scalar-float-1048576,9,go,scalar,float,1048576,2048,736577235,1266679808
r9-go-scalar-float-8388608,9,go,scalar,float,8388608,256,770527263,1266679808
r9-go-scalar-float-67108864,9,go,scalar,float,67108864,32,812551584,1266679808
r9-c-scalar-int-32768,9,c,scalar,int,32768,65536,311190558,536870912
r9-c-scalar-int-262144,9,c,scalar,int,262144,8192,316587933,536870912
r9-c-scalar-int-1048576,9,c,scalar,int,1048576,2048,319434327,536870912
r9-c-scalar-int-8388608,9,c,scalar,int,8388608,256,356947019,536870912
r9-c-scalar-int-67108864,9,c,scalar,int,67108864,32,358082057,536870912
r9-go-scalar-double-32768,9,go,scalar,double,32768,65536,368039237,4733283208366391296
r9-go-scalar-double-262144,9,go,scalar,double,262144,8192,368327980,4733283208366391296
r9-go-scalar-double-1048576,9,go,scalar,double,1048576,2048,368989273,4733283208366391296
r9-go-scalar-double-8388608,9,go,scalar,double,8388608,256,399404529,4733283208366391296
r9-go-scalar-double-67108864,9,go,scalar,double,67108864,32,440452882,4733283208366391296
r9-go-scalar-short-32768,9,go,scalar,short,32768,65536,700316366,0
r9-go-scalar-short-262144,9,go,scalar,short,262144,8192,733721342,0
r9-go-scalar-short-1048576,9,go,scalar,short,1048576,2048,738031040,0
r9-go-scalar-short-8388608,9,go,scalar,short,8388608,256,783117718,0
r9-go-scalar-short-67108864,9,go,scalar,short,67108864,32,841264577,0
r9-c-avx2-int-32768,9,c,avx2,int,32768,65536,36810770,536870912
r9-c-avx2-int-262144,9,c,avx2,int,262144,8192,54908635,536870912
r9-c-avx2-int-1048576,9,c,avx2,int,1048576,2048,76737721,536870912
r9-c-avx2-int-8388608,9,c,avx2,int,8388608,256,138098913,536870912
r9-c-avx2-int-67108864,9,c,avx2,int,67108864,32,160603892,536870912
r9-go-scalar-string16-32768,9,go,scalar,string16,32768,65536,1399951106,2147483648
r9-go-scalar-string16-262144,9,go,scalar,string16,262144,8192,1440683807,2147483648
r9-go-scalar-string16-1048576,9,go,scalar,string16,1048576,2048,1453913413,2147483648
r9-go-scalar-string16-8388608,9,go,scalar,string16,8388608,256,1491751605,2147483648
r9-go-scalar-string16-67108864,9,go,scalar,string16,67108864,32,1559336451,2147483648
r9-c-avx2-string16-32768,9,c,avx2,string16,32768,65536,48321024,2147483648
r9-c-avx2-string16-262144,9,c,avx2,string16,262144,8192,72768969,2147483648
r9-c-avx2-string16-1048576,9,c,avx2,string16,1048576,2048,84187918,2147483648
r9-c-avx2-string16-8388608,9,c,avx2,string16,8388608,256,143890145,2147483648
r9-c-avx2-string16-67108864,9,c,avx2,string16,67108864,32,164235738,2147483648
r10-c-scalar-string16-32768,10,c,scalar,string16,32768,65536,555758031,2147483648
r10-c-scalar-string16-262144,10,c,scalar,string16,262144,8192,668352329,2147483648
r10-c-scalar-string16-1048576,10,c,scalar,string16,1048576,2048,674798899,2147483648
r10-c-scalar-string16-8388608,10,c,scalar,string16,8388608,256,706446304,2147483648
r10-c-scalar-string16-67108864,10,c,scalar,string16,67108864,32,710377980,2147483648
r10-c-avx2-int-32768,10,c,avx2,int,32768,65536,36303372,536870912
r10-c-avx2-int-262144,10,c,avx2,int,262144,8192,59768705,536870912
r10-c-avx2-int-1048576,10,c,avx2,int,1048576,2048,76776941,536870912
r10-c-avx2-int-8388608,10,c,avx2,int,8388608,256,136374951,536870912
r10-c-avx2-int-67108864,10,c,avx2,int,67108864,32,160654034,536870912
r10-c-avx2-short-32768,10,c,avx2,short,32768,65536,37254841,0
r10-c-avx2-short-262144,10,c,avx2,short,262144,8192,64020075,0
r10-c-avx2-short-1048576,10,c,avx2,short,1048576,2048,76753980,0
r10-c-avx2-short-8388608,10,c,avx2,short,8388608,256,138586802,0
r10-c-avx2-short-67108864,10,c,avx2,short,67108864,32,160601394,0
r10-cpp-scalar-short-32768,10,cpp,scalar,short,32768,65536,634659567,0
r10-cpp-scalar-short-262144,10,cpp,scalar,short,262144,8192,670676151,0
r10-cpp-scalar-short-1048576,10,cpp,scalar,short,1048576,2048,634557455,0
r10-cpp-scalar-short-8388608,10,cpp,scalar,short,8388608,256,670320146,0
r10-cpp-scalar-short-67108864,10,cpp,scalar,short,67108864,32,675595546,0
r10-c-scalar-float-32768,10,c,scalar,float,32768,65536,733821356,1266679808
r10-c-scalar-float-262144,10,c,scalar,float,262144,8192,733811564,1266679808
r10-c-scalar-float-1048576,10,c,scalar,float,1048576,2048,733825268,1266679808
r10-c-scalar-float-8388608,10,c,scalar,float,8388608,256,750915690,1266679808
r10-c-scalar-float-67108864,10,c,scalar,float,67108864,32,754849264,1266679808
r10-c-avx2-double-32768,10,c,avx2,double,32768,65536,88897164,4733283208366391296
r10-c-avx2-double-262144,10,c,avx2,double,262144,8192,91700150,4733283208366391296
r10-c-avx2-double-1048576,10,c,avx2,double,1048576,2048,92304241,4733283208366391296
r10-c-avx2-double-8388608,10,c,avx2,double,8388608,256,138653421,4733283208366391296
r10-c-avx2-double-67108864,10,c,avx2,double,67108864,32,160555485,4733283208366391296
r10-cpp-avx2-short-32768,10,cpp,avx2,short,32768,65536,37096032,0
r10-cpp-avx2-short-262144,10,cpp,avx2,short,262144,8192,51751269,0
r10-cpp-avx2-short-1048576,10,cpp,avx2,short,1048576,2048,76798955,0
r10-cpp-avx2-short-8388608,10,cpp,avx2,short,8388608,256,119261489,0
r10-cpp-avx2-short-67108864,10,cpp,avx2,short,67108864,32,160419614,0
r10-rust-scalar-int-32768,10,rust,scalar,int,32768,65536,312258756,536870912
r10-rust-scalar-int-262144,10,rust,scalar,int,262144,8192,316830653,536870912
r10-rust-scalar-int-1048576,10,rust,scalar,int,1048576,2048,319019378,536870912
r10-rust-scalar-int-8388608,10,rust,scalar,int,8388608,256,361461362,536870912
r10-rust-scalar-int-67108864,10,rust,scalar,int,67108864,32,405517059,536870912
r10-rust-scalar-float-32768,10,rust,scalar,float,32768,65536,733819819,1266679808
r10-rust-scalar-float-262144,10,rust,scalar,float,262144,8192,734012755,1266679808
r10-rust-scalar-float-1048576,10,rust,scalar,float,1048576,2048,734495974,1266679808
r10-rust-scalar-float-8388608,10,rust,scalar,float,8388608,256,768904687,1266679808
r10-rust-scalar-float-67108864,10,rust,scalar,float,67108864,32,813482003,1266679808
r10-go-scalar-float-32768,10,go,scalar,float,32768,65536,737965785,1266679808
r10-go-scalar-float-262144,10,go,scalar,float,262144,8192,737073436,1266679808
r10-go-scalar-float-1048576,10,go,scalar,float,1048576,2048,739215856,1266679808
r10-go-scalar-float-8388608,10,go,scalar,float,8388608,256,773948625,1266679808
r10-go-scalar-float-67108864,10,go,scalar,float,67108864,32,814930830,1266679808
r10-go-scalar-int-32768,10,go,scalar,int,32768,65536,360911037,536870912
r10-go-scalar-int-262144,10,go,scalar,int,262144,8192,372537149,536870912
r10-go-scalar-int-1048576,10,go,scalar,int,1048576,2048,375334664,536870912
r10-go-scalar-int-8388608,10,go,scalar,int,8388608,256,422773186,536870912
r10-go-scalar-int-67108864,10,go,scalar,int,67108864,32,472247740,536870912
r10-rust-scalar-double-32768,10,rust,scalar,double,32768,65536,367564183,4733283208366391296
r10-rust-scalar-double-262144,10,rust,scalar,double,262144,8192,367147061,4733283208366391296
r10-rust-scalar-double-1048576,10,rust,scalar,double,1048576,2048,367771490,4733283208366391296
r10-rust-scalar-double-8388608,10,rust,scalar,double,8388608,256,402111014,4733283208366391296
r10-rust-scalar-double-67108864,10,rust,scalar,double,67108864,32,445244157,4733283208366391296
r10-cpp-avx2-int-32768,10,cpp,avx2,int,32768,65536,36724755,536870912
r10-cpp-avx2-int-262144,10,cpp,avx2,int,262144,8192,65664667,536870912
r10-cpp-avx2-int-1048576,10,cpp,avx2,int,1048576,2048,76929191,536870912
r10-cpp-avx2-int-8388608,10,cpp,avx2,int,8388608,256,138838704,536870912
r10-cpp-avx2-int-67108864,10,cpp,avx2,int,67108864,32,161290776,536870912
r10-cpp-avx2-double-32768,10,cpp,avx2,double,32768,65536,88857322,4733283208366391296
r10-cpp-avx2-double-262144,10,cpp,avx2,double,262144,8192,91903021,4733283208366391296
r10-cpp-avx2-double-1048576,10,cpp,avx2,double,1048576,2048,92164665,4733283208366391296
r10-cpp-avx2-double-8388608,10,cpp,avx2,double,8388608,256,138817619,4733283208366391296
r10-cpp-avx2-double-67108864,10,cpp,avx2,double,67108864,32,160802937,4733283208366391296
r10-cpp-avx2-string16-32768,10,cpp,avx2,string16,32768,65536,72791862,2147483648
r10-cpp-avx2-string16-262144,10,cpp,avx2,string16,262144,8192,79206779,2147483648
r10-cpp-avx2-string16-1048576,10,cpp,avx2,string16,1048576,2048,90584033,2147483648
r10-cpp-avx2-string16-8388608,10,cpp,avx2,string16,8388608,256,149494084,2147483648
r10-cpp-avx2-string16-67108864,10,cpp,avx2,string16,67108864,32,169329426,2147483648
r10-cpp-scalar-string16-32768,10,cpp,scalar,string16,32768,65536,556450050,2147483648
r10-cpp-scalar-string16-262144,10,cpp,scalar,string16,262144,8192,668769766,2147483648
r10-cpp-scalar-string16-1048576,10,cpp,scalar,string16,1048576,2048,674418123,2147483648
r10-cpp-scalar-string16-8388608,10,cpp,scalar,string16,8388608,256,707854222,2147483648
r10-cpp-scalar-string16-67108864,10,cpp,scalar,string16,67108864,32,710509526,2147483648
r10-c-scalar-int-32768,10,c,scalar,int,32768,65536,311720674,536870912
r10-c-scalar-int-262144,10,c,scalar,int,262144,8192,316910366,536870912
r10-c-scalar-int-1048576,10,c,scalar,int,1048576,2048,319632690,536870912
r10-c-scalar-int-8388608,10,c,scalar,int,8388608,256,355083083,536870912
r10-c-scalar-int-67108864,10,c,scalar,int,67108864,32,358212382,536870912
r10-c-scalar-short-32768,10,c,scalar,short,32768,65536,632063420,0
r10-c-scalar-short-262144,10,c,scalar,short,262144,8192,632188274,0
r10-c-scalar-short-1048576,10,c,scalar,short,1048576,2048,634615903,0
r10-c-scalar-short-8388608,10,c,scalar,short,8388608,256,670433127,0
r10-c-scalar-short-67108864,10,c,scalar,short,67108864,32,674405608,0
r10-rust-scalar-short-32768,10,rust,scalar,short,32768,65536,623543182,0
r10-rust-scalar-short-262144,10,rust,scalar,short,262144,8192,632961475,0
r10-rust-scalar-short-1048576,10,rust,scalar,short,1048576,2048,636135969,0
r10-rust-scalar-short-8388608,10,rust,scalar,short,8388608,256,676643663,0
r10-rust-scalar-short-67108864,10,rust,scalar,short,67108864,32,721791322,0
r10-cpp-scalar-double-32768,10,cpp,scalar,double,32768,65536,366923639,4733283208366391296
r10-cpp-scalar-double-262144,10,cpp,scalar,double,262144,8192,366915961,4733283208366391296
r10-cpp-scalar-double-1048576,10,cpp,scalar,double,1048576,2048,367011558,4733283208366391296
r10-cpp-scalar-double-8388608,10,cpp,scalar,double,8388608,256,386319976,4733283208366391296
r10-cpp-scalar-double-67108864,10,cpp,scalar,double,67108864,32,390355729,4733283208366391296
r10-rust-scalar-string16-32768,10,rust,scalar,string16,32768,65536,553952290,2147483648
r10-rust-scalar-string16-262144,10,rust,scalar,string16,262144,8192,658852988,2147483648
r10-rust-scalar-string16-1048576,10,rust,scalar,string16,1048576,2048,668431225,2147483648
r10-rust-scalar-string16-8388608,10,rust,scalar,string16,8388608,256,704781309,2147483648
r10-rust-scalar-string16-67108864,10,rust,scalar,string16,67108864,32,750575864,2147483648
r10-cpp-scalar-float-32768,10,cpp,scalar,float,32768,65536,733847021,1266679808
r10-cpp-scalar-float-262144,10,cpp,scalar,float,262144,8192,733819138,1266679808
r10-cpp-scalar-float-1048576,10,cpp,scalar,float,1048576,2048,733899097,1266679808
r10-cpp-scalar-float-8388608,10,cpp,scalar,float,8388608,256,751802176,1266679808
r10-cpp-scalar-float-67108864,10,cpp,scalar,float,67108864,32,754778282,1266679808
r10-go-scalar-short-32768,10,go,scalar,short,32768,65536,700557516,0
r10-go-scalar-short-262144,10,go,scalar,short,262144,8192,734066060,0
r10-go-scalar-short-1048576,10,go,scalar,short,1048576,2048,738200265,0
r10-go-scalar-short-8388608,10,go,scalar,short,8388608,256,788765846,0
r10-go-scalar-short-67108864,10,go,scalar,short,67108864,32,841907555,0
r10-c-scalar-double-32768,10,c,scalar,double,32768,65536,366918168,4733283208366391296
r10-c-scalar-double-262144,10,c,scalar,double,262144,8192,366932776,4733283208366391296
r10-c-scalar-double-1048576,10,c,scalar,double,1048576,2048,366982170,4733283208366391296
r10-c-scalar-double-8388608,10,c,scalar,double,8388608,256,386158752,4733283208366391296
r10-c-scalar-double-67108864,10,c,scalar,double,67108864,32,390391129,4733283208366391296
r10-go-scalar-string16-32768,10,go,scalar,string16,32768,65536,1400061140,2147483648
r10-go-scalar-string16-262144,10,go,scalar,string16,262144,8192,1443343870,2147483648
r10-go-scalar-string16-1048576,10,go,scalar,string16,1048576,2048,1459253180,2147483648
r10-go-scalar-string16-8388608,10,go,scalar,string16,8388608,256,1502833427,2147483648
r10-go-scalar-string16-67108864,10,go,scalar,string16,67108864,32,1571437118,2147483648
r10-go-scalar-double-32768,10,go,scalar,double,32768,65536,368104318,4733283208366391296
r10-go-scalar-double-262144,10,go,scalar,double,262144,8192,368351537,4733283208366391296
r10-go-scalar-double-1048576,10,go,scalar,double,1048576,2048,368942509,4733283208366391296
r10-go-scalar-double-8388608,10,go,scalar,double,8388608,256,400244097,4733283208366391296
r10-go-scalar-double-67108864,10,go,scalar,double,67108864,32,439533820,4733283208366391296
r10-cpp-scalar-int-32768,10,cpp,scalar,int,32768,65536,311888607,536870912
r10-cpp-scalar-int-262144,10,cpp,scalar,int,262144,8192,317131438,536870912
r10-cpp-scalar-int-1048576,10,cpp,scalar,int,1048576,2048,319653825,536870912
r10-cpp-scalar-int-8388608,10,cpp,scalar,int,8388608,256,350038732,536870912
r10-cpp-scalar-int-67108864,10,cpp,scalar,int,67108864,32,358042814,536870912
r10-c-avx2-string16-32768,10,c,avx2,string16,32768,65536,48449046,2147483648
r10-c-avx2-string16-262144,10,c,avx2,string16,262144,8192,64383811,2147483648
r10-c-avx2-string16-1048576,10,c,avx2,string16,1048576,2048,84209529,2147483648
r10-c-avx2-string16-8388608,10,c,avx2,string16,8388608,256,144239488,2147483648
r10-c-avx2-string16-67108864,10,c,avx2,string16,67108864,32,163841132,2147483648
r10-cpp-avx2-float-32768,10,cpp,avx2,float,32768,65536,89237566,1308622848
r10-cpp-avx2-float-262144,10,cpp,avx2,float,262144,8192,91865680,1308622848
r10-cpp-avx2-float-1048576,10,cpp,avx2,float,1048576,2048,92157810,1308622848
r10-cpp-avx2-float-8388608,10,cpp,avx2,float,8388608,256,121862392,1308622848
r10-cpp-avx2-float-67108864,10,cpp,avx2,float,67108864,32,160642555,1308622848
r10-c-avx2-float-32768,10,c,avx2,float,32768,65536,89239624,1308622848
r10-c-avx2-float-262144,10,c,avx2,float,262144,8192,91831723,1308622848
r10-c-avx2-float-1048576,10,c,avx2,float,1048576,2048,92166872,1308622848
r10-c-avx2-float-8388608,10,c,avx2,float,8388608,256,139222931,1308622848
r10-c-avx2-float-67108864,10,c,avx2,float,67108864,32,163765470,1308622848
r11-cpp-avx2-short-32768,11,cpp,avx2,short,32768,65536,36822021,0
r11-cpp-avx2-short-262144,11,cpp,avx2,short,262144,8192,57160212,0
r11-cpp-avx2-short-1048576,11,cpp,avx2,short,1048576,2048,76769586,0
r11-cpp-avx2-short-8388608,11,cpp,avx2,short,8388608,256,118823402,0
r11-cpp-avx2-short-67108864,11,cpp,avx2,short,67108864,32,160658926,0
r11-go-scalar-int-32768,11,go,scalar,int,32768,65536,350754010,536870912
r11-go-scalar-int-262144,11,go,scalar,int,262144,8192,371495796,536870912
r11-go-scalar-int-1048576,11,go,scalar,int,1048576,2048,375571395,536870912
r11-go-scalar-int-8388608,11,go,scalar,int,8388608,256,426824819,536870912
r11-go-scalar-int-67108864,11,go,scalar,int,67108864,32,472450902,536870912
r11-go-scalar-short-32768,11,go,scalar,short,32768,65536,699812572,0
r11-go-scalar-short-262144,11,go,scalar,short,262144,8192,733830968,0
r11-go-scalar-short-1048576,11,go,scalar,short,1048576,2048,737675065,0
r11-go-scalar-short-8388608,11,go,scalar,short,8388608,256,788617032,0
r11-go-scalar-short-67108864,11,go,scalar,short,67108864,32,841450307,0
r11-go-scalar-double-32768,11,go,scalar,double,32768,65536,368056785,4733283208366391296
r11-go-scalar-double-262144,11,go,scalar,double,262144,8192,368380477,4733283208366391296
r11-go-scalar-double-1048576,11,go,scalar,double,1048576,2048,368919634,4733283208366391296
r11-go-scalar-double-8388608,11,go,scalar,double,8388608,256,399619052,4733283208366391296
r11-go-scalar-double-67108864,11,go,scalar,double,67108864,32,439290098,4733283208366391296
r11-cpp-scalar-short-32768,11,cpp,scalar,short,32768,65536,648700511,0
r11-cpp-scalar-short-262144,11,cpp,scalar,short,262144,8192,632050636,0
r11-cpp-scalar-short-1048576,11,cpp,scalar,short,1048576,2048,634985817,0
r11-cpp-scalar-short-8388608,11,cpp,scalar,short,8388608,256,670646339,0
r11-cpp-scalar-short-67108864,11,cpp,scalar,short,67108864,32,674269936,0
r11-c-avx2-int-32768,11,c,avx2,int,32768,65536,36751762,536870912
r11-c-avx2-int-262144,11,c,avx2,int,262144,8192,56562120,536870912
r11-c-avx2-int-1048576,11,c,avx2,int,1048576,2048,76826667,536870912
r11-c-avx2-int-8388608,11,c,avx2,int,8388608,256,137211232,536870912
r11-c-avx2-int-67108864,11,c,avx2,int,67108864,32,163830653,536870912
r11-c-scalar-short-32768,11,c,scalar,short,32768,65536,624503684,0
r11-c-scalar-short-262144,11,c,scalar,short,262144,8192,632008856,0
r11-c-scalar-short-1048576,11,c,scalar,short,1048576,2048,634573568,0
r11-c-scalar-short-8388608,11,c,scalar,short,8388608,256,670778413,0
r11-c-scalar-short-67108864,11,c,scalar,short,67108864,32,674623854,0
r11-c-avx2-float-32768,11,c,avx2,float,32768,65536,89239532,1308622848
r11-c-avx2-float-262144,11,c,avx2,float,262144,8192,91740845,1308622848
r11-c-avx2-float-1048576,11,c,avx2,float,1048576,2048,92322084,1308622848
r11-c-avx2-float-8388608,11,c,avx2,float,8388608,256,137930374,1308622848
r11-c-avx2-float-67108864,11,c,avx2,float,67108864,32,162496856,1308622848
r11-c-scalar-int-32768,11,c,scalar,int,32768,65536,311967792,536870912
r11-c-scalar-int-262144,11,c,scalar,int,262144,8192,316707343,536870912
r11-c-scalar-int-1048576,11,c,scalar,int,1048576,2048,319580463,536870912
r11-c-scalar-int-8388608,11,c,scalar,int,8388608,256,348125026,536870912
r11-c-scalar-int-67108864,11,c,scalar,int,67108864,32,358070896,536870912
r11-c-avx2-double-32768,11,c,avx2,double,32768,65536,88843748,4733283208366391296
r11-c-avx2-double-262144,11,c,avx2,double,262144,8192,91949717,4733283208366391296
r11-c-avx2-double-1048576,11,c,avx2,double,1048576,2048,92153395,4733283208366391296
r11-c-avx2-double-8388608,11,c,avx2,double,8388608,256,137835613,4733283208366391296
r11-c-avx2-double-67108864,11,c,avx2,double,67108864,32,160364816,4733283208366391296
r11-rust-scalar-int-32768,11,rust,scalar,int,32768,65536,312509305,536870912
r11-rust-scalar-int-262144,11,rust,scalar,int,262144,8192,317112367,536870912
r11-rust-scalar-int-1048576,11,rust,scalar,int,1048576,2048,319247624,536870912
r11-rust-scalar-int-8388608,11,rust,scalar,int,8388608,256,362298004,536870912
r11-rust-scalar-int-67108864,11,rust,scalar,int,67108864,32,411460730,536870912
r11-c-avx2-short-32768,11,c,avx2,short,32768,65536,36521742,0
r11-c-avx2-short-262144,11,c,avx2,short,262144,8192,64154977,0
r11-c-avx2-short-1048576,11,c,avx2,short,1048576,2048,77041609,0
r11-c-avx2-short-8388608,11,c,avx2,short,8388608,256,165582192,0
r11-c-avx2-short-67108864,11,c,avx2,short,67108864,32,170035113,0
r11-go-scalar-string16-32768,11,go,scalar,string16,32768,65536,1408666603,2147483648
r11-go-scalar-string16-262144,11,go,scalar,string16,262144,8192,1442990885,2147483648
r11-go-scalar-string16-1048576,11,go,scalar,string16,1048576,2048,1451729654,2147483648
r11-go-scalar-string16-8388608,11,go,scalar,string16,8388608,256,1493304621,2147483648
r11-go-scalar-string16-67108864,11,go,scalar,string16,67108864,32,1571010002,2147483648
r11-cpp-avx2-double-32768,11,cpp,avx2,double,32768,65536,88841432,4733283208366391296
r11-cpp-avx2-double-262144,11,cpp,avx2,double,262144,8192,91645515,4733283208366391296
r11-cpp-avx2-double-1048576,11,cpp,avx2,double,1048576,2048,92299839,4733283208366391296
r11-cpp-avx2-double-8388608,11,cpp,avx2,double,8388608,256,142593080,4733283208366391296
r11-cpp-avx2-double-67108864,11,cpp,avx2,double,67108864,32,162910611,4733283208366391296
r11-c-avx2-string16-32768,11,c,avx2,string16,32768,65536,48187891,2147483648
r11-c-avx2-string16-262144,11,c,avx2,string16,262144,8192,67907479,2147483648
r11-c-avx2-string16-1048576,11,c,avx2,string16,1048576,2048,83968245,2147483648
r11-c-avx2-string16-8388608,11,c,avx2,string16,8388608,256,140761512,2147483648
r11-c-avx2-string16-67108864,11,c,avx2,string16,67108864,32,164283096,2147483648
r11-rust-scalar-double-32768,11,rust,scalar,double,32768,65536,366970832,4733283208366391296
r11-rust-scalar-double-262144,11,rust,scalar,double,262144,8192,367155213,4733283208366391296
r11-rust-scalar-double-1048576,11,rust,scalar,double,1048576,2048,367773455,4733283208366391296
r11-rust-scalar-double-8388608,11,rust,scalar,double,8388608,256,403093263,4733283208366391296
r11-rust-scalar-double-67108864,11,rust,scalar,double,67108864,32,445259708,4733283208366391296
r11-cpp-avx2-int-32768,11,cpp,avx2,int,32768,65536,36246282,536870912
r11-cpp-avx2-int-262144,11,cpp,avx2,int,262144,8192,54100465,536870912
r11-cpp-avx2-int-1048576,11,cpp,avx2,int,1048576,2048,76723601,536870912
r11-cpp-avx2-int-8388608,11,cpp,avx2,int,8388608,256,138092631,536870912
r11-cpp-avx2-int-67108864,11,cpp,avx2,int,67108864,32,160833996,536870912
r11-rust-scalar-float-32768,11,rust,scalar,float,32768,65536,734236623,1266679808
r11-rust-scalar-float-262144,11,rust,scalar,float,262144,8192,734033977,1266679808
r11-rust-scalar-float-1048576,11,rust,scalar,float,1048576,2048,734665148,1266679808
r11-rust-scalar-float-8388608,11,rust,scalar,float,8388608,256,768905907,1266679808
r11-rust-scalar-float-67108864,11,rust,scalar,float,67108864,32,809261519,1266679808
r11-cpp-scalar-int-32768,11,cpp,scalar,int,32768,65536,311544047,536870912
r11-cpp-scalar-int-262144,11,cpp,scalar,int,262144,8192,316477623,536870912
r11-cpp-scalar-int-1048576,11,cpp,scalar,int,1048576,2048,319418574,536870912
r11-cpp-scalar-int-8388608,11,cpp,scalar,int,8388608,256,355748619,536870912
r11-cpp-scalar-int-67108864,11,cpp,scalar,int,67108864,32,358188900,536870912
r11-go-scalar-float-32768,11,go,scalar,float,32768,65536,735546930,1266679808
r11-go-scalar-float-262144,11,go,scalar,float,262144,8192,736143679,1266679808
r11-go-scalar-float-1048576,11,go,scalar,float,1048576,2048,736676727,1266679808
r11-go-scalar-float-8388608,11,go,scalar,float,8388608,256,769329119,1266679808
r11-go-scalar-float-67108864,11,go,scalar,float,67108864,32,812328918,1266679808
r11-cpp-avx2-string16-32768,11,cpp,avx2,string16,32768,65536,72815375,2147483648
r11-cpp-avx2-string16-262144,11,cpp,avx2,string16,262144,8192,83254988,2147483648
r11-cpp-avx2-string16-1048576,11,cpp,avx2,string16,1048576,2048,90265919,2147483648
r11-cpp-avx2-string16-8388608,11,cpp,avx2,string16,8388608,256,133863888,2147483648
r11-cpp-avx2-string16-67108864,11,cpp,avx2,string16,67108864,32,167580140,2147483648
r11-rust-scalar-string16-32768,11,rust,scalar,string16,32768,65536,553917427,2147483648
r11-rust-scalar-string16-262144,11,rust,scalar,string16,262144,8192,658593423,2147483648
r11-rust-scalar-string16-1048576,11,rust,scalar,string16,1048576,2048,668342585,2147483648
r11-rust-scalar-string16-8388608,11,rust,scalar,string16,8388608,256,706826276,2147483648
r11-rust-scalar-string16-67108864,11,rust,scalar,string16,67108864,32,750606709,2147483648
r11-c-scalar-double-32768,11,c,scalar,double,32768,65536,366919332,4733283208366391296
r11-c-scalar-double-262144,11,c,scalar,double,262144,8192,366916850,4733283208366391296
r11-c-scalar-double-1048576,11,c,scalar,double,1048576,2048,366918844,4733283208366391296
r11-c-scalar-double-8388608,11,c,scalar,double,8388608,256,384057273,4733283208366391296
r11-c-scalar-double-67108864,11,c,scalar,double,67108864,32,390066051,4733283208366391296
r11-cpp-avx2-float-32768,11,cpp,avx2,float,32768,65536,89257814,1308622848
r11-cpp-avx2-float-262144,11,cpp,avx2,float,262144,8192,91995168,1308622848
r11-cpp-avx2-float-1048576,11,cpp,avx2,float,1048576,2048,92153938,1308622848
r11-cpp-avx2-float-8388608,11,cpp,avx2,float,8388608,256,138998364,1308622848
r11-cpp-avx2-float-67108864,11,cpp,avx2,float,67108864,32,161341197,1308622848
r11-cpp-scalar-float-32768,11,cpp,scalar,float,32768,65536,733829662,1266679808
r11-cpp-scalar-float-262144,11,cpp,scalar,float,262144,8192,733823876,1266679808
r11-cpp-scalar-float-1048576,11,cpp,scalar,float,1048576,2048,733815143,1266679808
r11-cpp-scalar-float-8388608,11,cpp,scalar,float,8388608,256,751252166,1266679808
r11-cpp-scalar-float-67108864,11,cpp,scalar,float,67108864,32,755236784,1266679808
r11-cpp-scalar-double-32768,11,cpp,scalar,double,32768,65536,366919260,4733283208366391296
r11-cpp-scalar-double-262144,11,cpp,scalar,double,262144,8192,366919159,4733283208366391296
r11-cpp-scalar-double-1048576,11,cpp,scalar,double,1048576,2048,366911079,4733283208366391296
r11-cpp-scalar-double-8388608,11,cpp,scalar,double,8388608,256,386774207,4733283208366391296
r11-cpp-scalar-double-67108864,11,cpp,scalar,double,67108864,32,390315017,4733283208366391296
r11-c-scalar-float-32768,11,c,scalar,float,32768,65536,733830090,1266679808
r11-c-scalar-float-262144,11,c,scalar,float,262144,8192,733811857,1266679808
r11-c-scalar-float-1048576,11,c,scalar,float,1048576,2048,733833569,1266679808
r11-c-scalar-float-8388608,11,c,scalar,float,8388608,256,751526485,1266679808
r11-c-scalar-float-67108864,11,c,scalar,float,67108864,32,755069486,1266679808
r11-c-scalar-string16-32768,11,c,scalar,string16,32768,65536,555910774,2147483648
r11-c-scalar-string16-262144,11,c,scalar,string16,262144,8192,667984631,2147483648
r11-c-scalar-string16-1048576,11,c,scalar,string16,1048576,2048,674511502,2147483648
r11-c-scalar-string16-8388608,11,c,scalar,string16,8388608,256,709113209,2147483648
r11-c-scalar-string16-67108864,11,c,scalar,string16,67108864,32,710245217,2147483648
r11-cpp-scalar-string16-32768,11,cpp,scalar,string16,32768,65536,555804680,2147483648
r11-cpp-scalar-string16-262144,11,cpp,scalar,string16,262144,8192,667379182,2147483648
r11-cpp-scalar-string16-1048576,11,cpp,scalar,string16,1048576,2048,674530405,2147483648
r11-cpp-scalar-string16-8388608,11,cpp,scalar,string16,8388608,256,706607858,2147483648
r11-cpp-scalar-string16-67108864,11,cpp,scalar,string16,67108864,32,711039356,2147483648
r11-rust-scalar-short-32768,11,rust,scalar,short,32768,65536,623668136,0
r11-rust-scalar-short-262144,11,rust,scalar,short,262144,8192,631723098,0
r11-rust-scalar-short-1048576,11,rust,scalar,short,1048576,2048,635648465,0
r11-rust-scalar-short-8388608,11,rust,scalar,short,8388608,256,676040553,0
r11-rust-scalar-short-67108864,11,rust,scalar,short,67108864,32,721894757,0
r12-c-scalar-string16-32768,12,c,scalar,string16,32768,65536,556417611,2147483648
r12-c-scalar-string16-262144,12,c,scalar,string16,262144,8192,669569099,2147483648
r12-c-scalar-string16-1048576,12,c,scalar,string16,1048576,2048,674617283,2147483648
r12-c-scalar-string16-8388608,12,c,scalar,string16,8388608,256,707998225,2147483648
r12-c-scalar-string16-67108864,12,c,scalar,string16,67108864,32,708381833,2147483648
r12-rust-scalar-string16-32768,12,rust,scalar,string16,32768,65536,553906193,2147483648
r12-rust-scalar-string16-262144,12,rust,scalar,string16,262144,8192,660764384,2147483648
r12-rust-scalar-string16-1048576,12,rust,scalar,string16,1048576,2048,668319567,2147483648
r12-rust-scalar-string16-8388608,12,rust,scalar,string16,8388608,256,704937564,2147483648
r12-rust-scalar-string16-67108864,12,rust,scalar,string16,67108864,32,750729968,2147483648
r12-rust-scalar-float-32768,12,rust,scalar,float,32768,65536,734112989,1266679808
r12-rust-scalar-float-262144,12,rust,scalar,float,262144,8192,734023261,1266679808
r12-rust-scalar-float-1048576,12,rust,scalar,float,1048576,2048,734745156,1266679808
r12-rust-scalar-float-8388608,12,rust,scalar,float,8388608,256,767269832,1266679808
r12-rust-scalar-float-67108864,12,rust,scalar,float,67108864,32,809297692,1266679808
r12-c-scalar-float-32768,12,c,scalar,float,32768,65536,733926335,1266679808
r12-c-scalar-float-262144,12,c,scalar,float,262144,8192,733817530,1266679808
r12-c-scalar-float-1048576,12,c,scalar,float,1048576,2048,733859194,1266679808
r12-c-scalar-float-8388608,12,c,scalar,float,8388608,256,753730545,1266679808
r12-c-scalar-float-67108864,12,c,scalar,float,67108864,32,754677347,1266679808
r12-go-scalar-int-32768,12,go,scalar,int,32768,65536,350539680,536870912
r12-go-scalar-int-262144,12,go,scalar,int,262144,8192,372025157,536870912
r12-go-scalar-int-1048576,12,go,scalar,int,1048576,2048,375446400,536870912
r12-go-scalar-int-8388608,12,go,scalar,int,8388608,256,422490481,536870912
r12-go-scalar-int-67108864,12,go,scalar,int,67108864,32,470425178,536870912
r12-cpp-avx2-string16-32768,12,cpp,avx2,string16,32768,65536,72770248,2147483648
r12-cpp-avx2-string16-262144,12,cpp,avx2,string16,262144,8192,81434769,2147483648
r12-cpp-avx2-string16-1048576,12,cpp,avx2,string16,1048576,2048,90250768,2147483648
r12-cpp-avx2-string16-8388608,12,cpp,avx2,string16,8388608,256,149299563,2147483648
r12-cpp-avx2-string16-67108864,12,cpp,avx2,string16,67108864,32,167319917,2147483648
r12-go-scalar-float-32768,12,go,scalar,float,32768,65536,735715549,1266679808
r12-go-scalar-float-262144,12,go,scalar,float,262144,8192,736020961,1266679808
r12-go-scalar-float-1048576,12,go,scalar,float,1048576,2048,736494008,1266679808
r12-go-scalar-float-8388608,12,go,scalar,float,8388608,256,768703380,1266679808
r12-go-scalar-float-67108864,12,go,scalar,float,67108864,32,811204830,1266679808
r12-cpp-scalar-int-32768,12,cpp,scalar,int,32768,65536,311594097,536870912
r12-cpp-scalar-int-262144,12,cpp,scalar,int,262144,8192,317278132,536870912
r12-cpp-scalar-int-1048576,12,cpp,scalar,int,1048576,2048,319821153,536870912
r12-cpp-scalar-int-8388608,12,cpp,scalar,int,8388608,256,348725087,536870912
r12-cpp-scalar-int-67108864,12,cpp,scalar,int,67108864,32,357839366,536870912
r12-go-scalar-double-32768,12,go,scalar,double,32768,65536,368081513,4733283208366391296
r12-go-scalar-double-262144,12,go,scalar,double,262144,8192,368674007,4733283208366391296
r12-go-scalar-double-1048576,12,go,scalar,double,1048576,2048,369758319,4733283208366391296
r12-go-scalar-double-8388608,12,go,scalar,double,8388608,256,401609646,4733283208366391296
r12-go-scalar-double-67108864,12,go,scalar,double,67108864,32,440097956,4733283208366391296
r12-rust-scalar-short-32768,12,rust,scalar,short,32768,65536,627850226,0
r12-rust-scalar-short-262144,12,rust,scalar,short,262144,8192,633161138,0
r12-rust-scalar-short-1048576,12,rust,scalar,short,1048576,2048,635948443,0
r12-rust-scalar-short-8388608,12,rust,scalar,short,8388608,256,680072375,0
r12-rust-scalar-short-67108864,12,rust,scalar,short,67108864,32,724434750,0
r12-rust-scalar-int-32768,12,rust,scalar,int,32768,65536,315879224,536870912
r12-rust-scalar-int-262144,12,rust,scalar,int,262144,8192,316094164,536870912
r12-rust-scalar-int-1048576,12,rust,scalar,int,1048576,2048,319824750,536870912
r12-rust-scalar-int-8388608,12,rust,scalar,int,8388608,256,355712775,536870912
r12-rust-scalar-int-67108864,12,rust,scalar,int,67108864,32,406468012,536870912
r12-cpp-scalar-short-32768,12,cpp,scalar,short,32768,65536,626620329,0
r12-cpp-scalar-short-262144,12,cpp,scalar,short,262144,8192,646688232,0
r12-cpp-scalar-short-1048576,12,cpp,scalar,short,1048576,2048,634491284,0
r12-cpp-scalar-short-8388608,12,cpp,scalar,short,8388608,256,672598374,0
r12-cpp-scalar-short-67108864,12,cpp,scalar,short,67108864,32,674435799,0
r12-c-avx2-int-32768,12,c,avx2,int,32768,65536,36346158,536870912
r12-c-avx2-int-262144,12,c,avx2,int,262144,8192,59619988,536870912
r12-c-avx2-int-1048576,12,c,avx2,int,1048576,2048,76750973,536870912
r12-c-avx2-int-8388608,12,c,avx2,int,8388608,256,138281797,536870912
r12-c-avx2-int-67108864,12,c,avx2,int,67108864,32,160794560,536870912
r12-c-avx2-float-32768,12,c,avx2,float,32768,65536,89284691,1308622848
r12-c-avx2-float-262144,12,c,avx2,float,262144,8192,91831456,1308622848
r12-c-avx2-float-1048576,12,c,avx2,float,1048576,2048,92171547,1308622848
r12-c-avx2-float-8388608,12,c,avx2,float,8388608,256,138849552,1308622848
r12-c-avx2-float-67108864,12,c,avx2,float,67108864,32,160781618,1308622848
r12-cpp-avx2-double-32768,12,cpp,avx2,double,32768,65536,88849281,4733283208366391296
r12-cpp-avx2-double-262144,12,cpp,avx2,double,262144,8192,91692673,4733283208366391296
r12-cpp-avx2-double-1048576,12,cpp,avx2,double,1048576,2048,92150063,4733283208366391296
r12-cpp-avx2-double-8388608,12,cpp,avx2,double,8388608,256,124851150,4733283208366391296
r12-cpp-avx2-double-67108864,12,cpp,avx2,double,67108864,32,160850088,4733283208366391296
r12-c-scalar-int-32768,12,c,scalar,int,32768,65536,311976118,536870912
r12-c-scalar-int-262144,12,c,scalar,int,262144,8192,316743938,536870912
r12-c-scalar-int-1048576,12,c,scalar,int,1048576,2048,319701211,536870912
r12-c-scalar-int-8388608,12,c,scalar,int,8388608,256,349706309,536870912
r12-c-scalar-int-67108864,12,c,scalar,int,67108864,32,358044232,536870912
r12-cpp-scalar-string16-32768,12,cpp,scalar,string16,32768,65536,555908498,2147483648
r12-cpp-scalar-string16-262144,12,cpp,scalar,string16,262144,8192,669993079,2147483648
r12-cpp-scalar-string16-1048576,12,cpp,scalar,string16,1048576,2048,674424971,2147483648
r12-cpp-scalar-string16-8388608,12,cpp,scalar,string16,8388608,256,706399298,2147483648
r12-cpp-scalar-string16-67108864,12,cpp,scalar,string16,67108864,32,711042321,2147483648
r12-cpp-scalar-float-32768,12,cpp,scalar,float,32768,65536,733836230,1266679808
r12-cpp-scalar-float-262144,12,cpp,scalar,float,262144,8192,733811686,1266679808
r12-cpp-scalar-float-1048576,12,cpp,scalar,float,1048576,2048,733839735,1266679808
r12-cpp-scalar-float-8388608,12,cpp,scalar,float,8388608,256,751827850,1266679808
r12-cpp-scalar-float-67108864,12,cpp,scalar,float,67108864,32,754693721,1266679808
r12-c-scalar-double-32768,12,c,scalar,double,32768,65536,367021683,4733283208366391296
r12-c-scalar-double-262144,12,c,scalar,double,262144,8192,366914402,4733283208366391296
r12-c-scalar-double-1048576,12,c,scalar,double,1048576,2048,366908271,4733283208366391296
r12-c-scalar-double-8388608,12,c,scalar,double,8388608,256,382743204,4733283208366391296
r12-c-scalar-double-67108864,12,c,scalar,double,67108864,32,390437591,4733283208366391296
r12-go-scalar-short-32768,12,go,scalar,short,32768,65536,700422594,0
r12-go-scalar-short-262144,12,go,scalar,short,262144,8192,734123395,0
r12-go-scalar-short-1048576,12,go,scalar,short,1048576,2048,737691151,0
r12-go-scalar-short-8388608,12,go,scalar,short,8388608,256,790032392,0
r12-go-scalar-short-67108864,12,go,scalar,short,67108864,32,834170981,0
r12-cpp-avx2-float-32768,12,cpp,avx2,float,32768,65536,89236215,1308622848
r12-cpp-avx2-float-262144,12,cpp,avx2,float,262144,8192,91849818,1308622848
r12-cpp-avx2-float-1048576,12,cpp,avx2,float,1048576,2048,92162590,1308622848
r12-cpp-avx2-float-8388608,12,cpp,avx2,float,8388608,256,122792351,1308622848
r12-cpp-avx2-float-67108864,12,cpp,avx2,float,67108864,32,164164567,1308622848
r12-cpp-avx2-short-32768,12,cpp,avx2,short,32768,65536,35610121,0
r12-cpp-avx2-short-262144,12,cpp,avx2,short,262144,8192,67127453,0
r12-cpp-avx2-short-1048576,12,cpp,avx2,short,1048576,2048,76804537,0
r12-cpp-avx2-short-8388608,12,cpp,avx2,short,8388608,256,138577099,0
r12-cpp-avx2-short-67108864,12,cpp,avx2,short,67108864,32,160885297,0
r12-go-scalar-string16-32768,12,go,scalar,string16,32768,65536,1399654896,2147483648
r12-go-scalar-string16-262144,12,go,scalar,string16,262144,8192,1439685582,2147483648
r12-go-scalar-string16-1048576,12,go,scalar,string16,1048576,2048,1455884144,2147483648
r12-go-scalar-string16-8388608,12,go,scalar,string16,8388608,256,1520043429,2147483648
r12-go-scalar-string16-67108864,12,go,scalar,string16,67108864,32,1570787324,2147483648
r12-c-avx2-double-32768,12,c,avx2,double,32768,65536,88836040,4733283208366391296
r12-c-avx2-double-262144,12,c,avx2,double,262144,8192,91759737,4733283208366391296
r12-c-avx2-double-1048576,12,c,avx2,double,1048576,2048,92148074,4733283208366391296
r12-c-avx2-double-8388608,12,c,avx2,double,8388608,256,149072290,4733283208366391296
r12-c-avx2-double-67108864,12,c,avx2,double,67108864,32,161157662,4733283208366391296
r12-cpp-scalar-double-32768,12,cpp,scalar,double,32768,65536,366922020,4733283208366391296
r12-cpp-scalar-double-262144,12,cpp,scalar,double,262144,8192,366944536,4733283208366391296
r12-cpp-scalar-double-1048576,12,cpp,scalar,double,1048576,2048,366915844,4733283208366391296
r12-cpp-scalar-double-8388608,12,cpp,scalar,double,8388608,256,382816682,4733283208366391296
r12-cpp-scalar-double-67108864,12,cpp,scalar,double,67108864,32,389899989,4733283208366391296
r12-c-avx2-short-32768,12,c,avx2,short,32768,65536,36856799,0
r12-c-avx2-short-262144,12,c,avx2,short,262144,8192,53689468,0
r12-c-avx2-short-1048576,12,c,avx2,short,1048576,2048,76764204,0
r12-c-avx2-short-8388608,12,c,avx2,short,8388608,256,137963000,0
r12-c-avx2-short-67108864,12,c,avx2,short,67108864,32,161049831,0
r12-cpp-avx2-int-32768,12,cpp,avx2,int,32768,65536,36297167,536870912
r12-cpp-avx2-int-262144,12,cpp,avx2,int,262144,8192,55953195,536870912
r12-cpp-avx2-int-1048576,12,cpp,avx2,int,1048576,2048,76746040,536870912
r12-cpp-avx2-int-8388608,12,cpp,avx2,int,8388608,256,118334680,536870912
r12-cpp-avx2-int-67108864,12,cpp,avx2,int,67108864,32,160879518,536870912
r12-c-scalar-short-32768,12,c,scalar,short,32768,65536,632385772,0
r12-c-scalar-short-262144,12,c,scalar,short,262144,8192,653516219,0
r12-c-scalar-short-1048576,12,c,scalar,short,1048576,2048,636143306,0
r12-c-scalar-short-8388608,12,c,scalar,short,8388608,256,671224042,0
r12-c-scalar-short-67108864,12,c,scalar,short,67108864,32,673830590,0
r12-c-avx2-string16-32768,12,c,avx2,string16,32768,65536,48284586,2147483648
r12-c-avx2-string16-262144,12,c,avx2,string16,262144,8192,67629719,2147483648
r12-c-avx2-string16-1048576,12,c,avx2,string16,1048576,2048,83944521,2147483648
r12-c-avx2-string16-8388608,12,c,avx2,string16,8388608,256,132780357,2147483648
r12-c-avx2-string16-67108864,12,c,avx2,string16,67108864,32,166038707,2147483648
r12-rust-scalar-double-32768,12,rust,scalar,double,32768,65536,366951022,4733283208366391296
r12-rust-scalar-double-262144,12,rust,scalar,double,262144,8192,367127394,4733283208366391296
r12-rust-scalar-double-1048576,12,rust,scalar,double,1048576,2048,367627678,4733283208366391296
r12-rust-scalar-double-8388608,12,rust,scalar,double,8388608,256,401235507,4733283208366391296
r12-rust-scalar-double-67108864,12,rust,scalar,double,67108864,32,445082836,4733283208366391296
r13-c-scalar-int-32768,13,c,scalar,int,32768,65536,311925722,536870912
r13-c-scalar-int-262144,13,c,scalar,int,262144,8192,317042189,536870912
r13-c-scalar-int-1048576,13,c,scalar,int,1048576,2048,319426183,536870912
r13-c-scalar-int-8388608,13,c,scalar,int,8388608,256,349296247,536870912
r13-c-scalar-int-67108864,13,c,scalar,int,67108864,32,357951680,536870912
r13-cpp-avx2-string16-32768,13,cpp,avx2,string16,32768,65536,72790421,2147483648
r13-cpp-avx2-string16-262144,13,cpp,avx2,string16,262144,8192,79542678,2147483648
r13-cpp-avx2-string16-1048576,13,cpp,avx2,string16,1048576,2048,90224761,2147483648
r13-cpp-avx2-string16-8388608,13,cpp,avx2,string16,8388608,256,149255966,2147483648
r13-cpp-avx2-string16-67108864,13,cpp,avx2,string16,67108864,32,167957710,2147483648
r13-cpp-scalar-string16-32768,13,cpp,scalar,string16,32768,65536,556132402,2147483648
r13-cpp-scalar-string16-262144,13,cpp,scalar,string16,262144,8192,666919824,2147483648
r13-cpp-scalar-string16-1048576,13,cpp,scalar,string16,1048576,2048,674377101,2147483648
r13-cpp-scalar-string16-8388608,13,cpp,scalar,string16,8388608,256,708146720,2147483648
r13-cpp-scalar-string16-67108864,13,cpp,scalar,string16,67108864,32,710203403,2147483648
r13-rust-scalar-double-32768,13,rust,scalar,double,32768,65536,366985623,4733283208366391296
r13-rust-scalar-double-262144,13,rust,scalar,double,262144,8192,367108495,4733283208366391296
r13-rust-scalar-double-1048576,13,rust,scalar,double,1048576,2048,367646624,4733283208366391296
r13-rust-scalar-double-8388608,13,rust,scalar,double,8388608,256,401175144,4733283208366391296
r13-rust-scalar-double-67108864,13,rust,scalar,double,67108864,32,444862882,4733283208366391296
r13-cpp-scalar-float-32768,13,cpp,scalar,float,32768,65536,733847349,1266679808
r13-cpp-scalar-float-262144,13,cpp,scalar,float,262144,8192,733821899,1266679808
r13-cpp-scalar-float-1048576,13,cpp,scalar,float,1048576,2048,733806962,1266679808
r13-cpp-scalar-float-8388608,13,cpp,scalar,float,8388608,256,751358114,1266679808
r13-cpp-scalar-float-67108864,13,cpp,scalar,float,67108864,32,755149955,1266679808
r13-c-avx2-int-32768,13,c,avx2,int,32768,65536,36630434,536870912
r13-c-avx2-int-262144,13,c,avx2,int,262144,8192,57986762,536870912
r13-c-avx2-int-1048576,13,c,avx2,int,1048576,2048,76736753,536870912
r13-c-avx2-int-8388608,13,c,avx2,int,8388608,256,138120160,536870912
r13-c-avx2-int-67108864,13,c,avx2,int,67108864,32,160801773,536870912
r13-c-avx2-double-32768,13,c,avx2,double,32768,65536,88842047,4733283208366391296
r13-c-avx2-double-262144,13,c,avx2,double,262144,8192,91800498,4733283208366391296
r13-c-avx2-double-1048576,13,c,avx2,double,1048576,2048,92136225,4733283208366391296
r13-c-avx2-double-8388608,13,c,avx2,double,8388608,256,122503662,4733283208366391296
r13-c-avx2-double-67108864,13,c,avx2,double,67108864,32,162270452,4733283208366391296
r13-cpp-scalar-int-32768,13,cpp,scalar,int,32768,65536,311679215,536870912
r13-cpp-scalar-int-262144,13,cpp,scalar,int,262144,8192,316625710,536870912
r13-cpp-scalar-int-1048576,13,cpp,scalar,int,1048576,2048,319406559,536870912
r13-cpp-scalar-int-8388608,13,cpp,scalar,int,8388608,256,356906337,536870912
r13-cpp-scalar-int-67108864,13,cpp,scalar,int,67108864,32,358152559,536870912
r13-go-scalar-string16-32768,13,go,scalar,string16,32768,65536,1401786771,2147483648
r13-go-scalar-string16-262144,13,go,scalar,string16,262144,8192,1442033111,2147483648
r13-go-scalar-string16-1048576,13,go,scalar,string16,1048576,2048,1454911882,2147483648
r13-go-scalar-string16-8388608,13,go,scalar,string16,8388608,256,1499816510,2147483648
r13-go-scalar-string16-67108864,13,go,scalar,string16,67108864,32,1570828823,2147483648
r13-c-scalar-double-32768,13,c,scalar,double,32768,65536,366916052,4733283208366391296
r13-c-scalar-double-262144,13,c,scalar,double,262144,8192,366911219,4733283208366391296
r13-c-scalar-double-1048576,13,c,scalar,double,1048576,2048,366904248,4733283208366391296
r13-c-scalar-double-8388608,13,c,scalar,double,8388608,256,386388633,4733283208366391296
r13-c-scalar-double-67108864,13,c,scalar,double,67108864,32,390242366,4733283208366391296
r13-cpp-avx2-float-32768,13,cpp,avx2,float,32768,65536,89234974,1308622848
r13-cpp-avx2-float-262144,13,cpp,avx2,float,262144,8192,92042269,1308622848
r13-cpp-avx2-float-1048576,13,cpp,avx2,float,1048576,2048,92161326,1308622848
r13-cpp-avx2-float-8388608,13,cpp,avx2,float,8388608,256,122880802,1308622848
r13-cpp-avx2-float-67108864,13,cpp,avx2,float,67108864,32,160567107,1308622848
r13-go-scalar-short-32768,13,go,scalar,short,32768,65536,699940144,0
r13-go-scalar-short-262144,13,go,scalar,short,262144,8192,733797926,0
r13-go-scalar-short-1048576,13,go,scalar,short,1048576,2048,741051321,0
r13-go-scalar-short-8388608,13,go,scalar,short,8388608,256,797664186,0
r13-go-scalar-short-67108864,13,go,scalar,short,67108864,32,846950587,0
r13-c-avx2-short-32768,13,c,avx2,short,32768,65536,36931076,0
r13-c-avx2-short-262144,13,c,avx2,short,262144,8192,58119615,0
r13-c-avx2-short-1048576,13,c,avx2,short,1048576,2048,77002888,0
r13-c-avx2-short-8388608,13,c,avx2,short,8388608,256,150888576,0
r13-c-avx2-short-67108864,13,c,avx2,short,67108864,32,164086253,0
r13-c-avx2-float-32768,13,c,avx2,float,32768,65536,89258610,1308622848
r13-c-avx2-float-262144,13,c,avx2,float,262144,8192,92036529,1308622848
r13-c-avx2-float-1048576,13,c,avx2,float,1048576,2048,92196703,1308622848
r13-c-avx2-float-8388608,13,c,avx2,float,8388608,256,147027470,1308622848
r13-c-avx2-float-67108864,13,c,avx2,float,67108864,32,162210482,1308622848
r13-cpp-avx2-double-32768,13,cpp,avx2,double,32768,65536,88851173,4733283208366391296
r13-cpp-avx2-double-262144,13,cpp,avx2,double,262144,8192,91973088,4733283208366391296
r13-cpp-avx2-double-1048576,13,cpp,avx2,double,1048576,2048,92150400,4733283208366391296
r13-cpp-avx2-double-8388608,13,cpp,avx2,double,8388608,256,138984503,4733283208366391296
r13-cpp-avx2-double-67108864,13,cpp,avx2,double,67108864,32,174196189,4733283208366391296
r13-go-scalar-float-32768,13,go,scalar,float,32768,65536,741205976,1266679808
r13-go-scalar-float-262144,13,go,scalar,float,262144,8192,736078206,1266679808
r13-go-scalar-float-1048576,13,go,scalar,float,1048576,2048,736584014,1266679808
r13-go-scalar-float-8388608,13,go,scalar,float,8388608,256,767582261,1266679808
r13-go-scalar-float-67108864,13,go,scalar,float,67108864,32,812627014,1266679808
r13-c-scalar-float-32768,13,c,scalar,float,32768,65536,733846383,1266679808
r13-c-scalar-float-262144,13,c,scalar,float,262144,8192,733815479,1266679808
r13-c-scalar-float-1048576,13,c,scalar,float,1048576,2048,733894590,1266679808
r13-c-scalar-float-8388608,13,c,scalar,float,8388608,256,751225299,1266679808
r13-c-scalar-float-67108864,13,c,scalar,float,67108864,32,755162119,1266679808
r13-cpp-avx2-short-32768,13,cpp,avx2,short,32768,65536,36810088,0
r13-cpp-avx2-short-262144,13,cpp,avx2,short,262144,8192,57179169,0
r13-cpp-avx2-short-1048576,13,cpp,avx2,short,1048576,2048,76812099,0
r13-cpp-avx2-short-8388608,13,cpp,avx2,short,8388608,256,120471752,0
r13-cpp-avx2-short-67108864,13,cpp,avx2,short,67108864,32,161136684,0
r13-rust-scalar-float-32768,13,rust,scalar,float,32768,65536,733854731,1266679808
r13-rust-scalar-float-262144,13,rust,scalar,float,262144,8192,734022905,1266679808
r13-rust-scalar-float-1048576,13,rust,scalar,float,1048576,2048,734673352,1266679808
r13-rust-scalar-float-8388608,13,rust,scalar,float,8388608,256,760231777,1266679808
r13-rust-scalar-float-67108864,13,rust,scalar,float,67108864,32,809661746,1266679808
r13-cpp-scalar-short-32768,13,cpp,scalar,short,32768,65536,638098077,0
r13-cpp-scalar-short-262144,13,cpp,scalar,short,262144,8192,788448653,0
r13-cpp-scalar-short-1048576,13,cpp,scalar,short,1048576,2048,634551165,0
r13-cpp-scalar-short-8388608,13,cpp,scalar,short,8388608,256,664336035,0
r13-cpp-scalar-short-67108864,13,cpp,scalar,short,67108864,32,674222042,0
r13-c-scalar-short-32768,13,c,scalar,short,32768,65536,625229605,0
r13-c-scalar-short-262144,13,c,scalar,short,262144,8192,632061222,0
r13-c-scalar-short-1048576,13,c,scalar,short,1048576,2048,634560709,0
r13-c-scalar-short-8388608,13,c,scalar,short,8388608,256,666682872,0
r13-c-scalar-short-67108864,13,c,scalar,short,67108864,32,673851276,0
r13-go-scalar-int-32768,13,go,scalar,int,32768,65536,350346007,536870912
r13-go-scalar-int-262144,13,go,scalar,int,262144,8192,372051491,536870912
r13-go-scalar-int-1048576,13,go,scalar,int,1048576,2048,375352804,536870912
r13-go-scalar-int-8388608,13,go,scalar,int,8388608,256,419279247,536870912
r13-go-scalar-int-67108864,13,go,scalar,int,67108864,32,471122771,536870912
r13-rust-scalar-string16-32768,13,rust,scalar,string16,32768,65536,553998837,2147483648
r13-rust-scalar-string16-262144,13,rust,scalar,string16,262144,8192,659857021,2147483648
r13-rust-scalar-string16-1048576,13,rust,scalar,string16,1048576,2048,668450853,2147483648
r13-rust-scalar-string16-8388608,13,rust,scalar,string16,8388608,256,699811395,2147483648
r13-rust-scalar-string16-67108864,13,rust,scalar,string16,67108864,32,749899727,2147483648
r13-rust-scalar-short-32768,13,rust,scalar,short,32768,65536,623715569,0
r13-rust-scalar-short-262144,13,rust,scalar,short,262144,8192,633213318,0
r13-rust-scalar-short-1048576,13,rust,scalar,short,1048576,2048,635832128,0
r13-rust-scalar-short-8388608,13,rust,scalar,short,8388608,256,672713073,0
r13-rust-scalar-short-67108864,13,rust,scalar,short,67108864,32,721405792,0
r13-c-avx2-string16-32768,13,c,avx2,string16,32768,65536,48125412,2147483648
r13-c-avx2-string16-262144,13,c,avx2,string16,262144,8192,72541104,2147483648
r13-c-avx2-string16-1048576,13,c,avx2,string16,1048576,2048,83977760,2147483648
r13-c-avx2-string16-8388608,13,c,avx2,string16,8388608,256,127451428,2147483648
r13-c-avx2-string16-67108864,13,c,avx2,string16,67108864,32,164000661,2147483648
r13-cpp-avx2-int-32768,13,cpp,avx2,int,32768,65536,36328420,536870912
r13-cpp-avx2-int-262144,13,cpp,avx2,int,262144,8192,61642033,536870912
r13-cpp-avx2-int-1048576,13,cpp,avx2,int,1048576,2048,76925266,536870912
r13-cpp-avx2-int-8388608,13,cpp,avx2,int,8388608,256,118908422,536870912
r13-cpp-avx2-int-67108864,13,cpp,avx2,int,67108864,32,160841133,536870912
r13-cpp-scalar-double-32768,13,cpp,scalar,double,32768,65536,366929430,4733283208366391296
r13-cpp-scalar-double-262144,13,cpp,scalar,double,262144,8192,366914891,4733283208366391296
r13-cpp-scalar-double-1048576,13,cpp,scalar,double,1048576,2048,366927431,4733283208366391296
r13-cpp-scalar-double-8388608,13,cpp,scalar,double,8388608,256,384447987,4733283208366391296
r13-cpp-scalar-double-67108864,13,cpp,scalar,double,67108864,32,390285110,4733283208366391296
r13-rust-scalar-int-32768,13,rust,scalar,int,32768,65536,312394813,536870912
r13-rust-scalar-int-262144,13,rust,scalar,int,262144,8192,315943483,536870912
r13-rust-scalar-int-1048576,13,rust,scalar,int,1048576,2048,319452697,536870912
r13-rust-scalar-int-8388608,13,rust,scalar,int,8388608,256,355681237,536870912
r13-rust-scalar-int-67108864,13,rust,scalar,int,67108864,32,406984984,536870912
r13-c-scalar-string16-32768,13,c,scalar,string16,32768,65536,555925428,2147483648
r13-c-scalar-string16-262144,13,c,scalar,string16,262144,8192,668490249,2147483648
r13-c-scalar-string16-1048576,13,c,scalar,string16,1048576,2048,674325871,2147483648
r13-c-scalar-string16-8388608,13,c,scalar,string16,8388608,256,707077728,2147483648
r13-c-scalar-string16-67108864,13,c,scalar,string16,67108864,32,710543717,2147483648
r13-go-scalar-double-32768,13,go,scalar,double,32768,65536,368104638,4733283208366391296
r13-go-scalar-double-262144,13,go,scalar,double,262144,8192,368454546,4733283208366391296
r13-go-scalar-double-1048576,13,go,scalar,double,1048576,2048,368910173,4733283208366391296
r13-go-scalar-double-8388608,13,go,scalar,double,8388608,256,397237704,4733283208366391296
r13-go-scalar-double-67108864,13,go,scalar,double,67108864,32,440088968,4733283208366391296
r14-c-scalar-string16-32768,14,c,scalar,string16,32768,65536,555973262,2147483648
r14-c-scalar-string16-262144,14,c,scalar,string16,262144,8192,668159808,2147483648
r14-c-scalar-string16-1048576,14,c,scalar,string16,1048576,2048,674433986,2147483648
r14-c-scalar-string16-8388608,14,c,scalar,string16,8388608,256,706070395,2147483648
r14-c-scalar-string16-67108864,14,c,scalar,string16,67108864,32,710909762,2147483648
r14-cpp-avx2-string16-32768,14,cpp,avx2,string16,32768,65536,72793628,2147483648
r14-cpp-avx2-string16-262144,14,cpp,avx2,string16,262144,8192,82882215,2147483648
r14-cpp-avx2-string16-1048576,14,cpp,avx2,string16,1048576,2048,90252394,2147483648
r14-cpp-avx2-string16-8388608,14,cpp,avx2,string16,8388608,256,150455523,2147483648
r14-cpp-avx2-string16-67108864,14,cpp,avx2,string16,67108864,32,168827456,2147483648
r14-c-avx2-double-32768,14,c,avx2,double,32768,65536,88840893,4733283208366391296
r14-c-avx2-double-262144,14,c,avx2,double,262144,8192,91973249,4733283208366391296
r14-c-avx2-double-1048576,14,c,avx2,double,1048576,2048,92138137,4733283208366391296
r14-c-avx2-double-8388608,14,c,avx2,double,8388608,256,122857209,4733283208366391296
r14-c-avx2-double-67108864,14,c,avx2,double,67108864,32,163237130,4733283208366391296
r14-c-scalar-int-32768,14,c,scalar,int,32768,65536,312042267,536870912
r14-c-scalar-int-262144,14,c,scalar,int,262144,8192,316508267,536870912
r14-c-scalar-int-1048576,14,c,scalar,int,1048576,2048,319624496,536870912
r14-c-scalar-int-8388608,14,c,scalar,int,8388608,256,356142403,536870912
r14-c-scalar-int-67108864,14,c,scalar,int,67108864,32,358323768,536870912
r14-rust-scalar-float-32768,14,rust,scalar,float,32768,65536,734192008,1266679808
r14-rust-scalar-float-262144,14,rust,scalar,float,262144,8192,734026770,1266679808
r14-rust-scalar-float-1048576,14,rust,scalar,float,1048576,2048,734670882,1266679808
r14-rust-scalar-float-8388608,14,rust,scalar,float,8388608,256,763721420,1266679808
r14-rust-scalar-float-67108864,14,rust,scalar,float,67108864,32,809136425,1266679808
r14-rust-scalar-string16-32768,14,rust,scalar,string16,32768,65536,553917433,2147483648
r14-rust-scalar-string16-262144,14,rust,scalar,string16,262144,8192,660722223,2147483648
r14-rust-scalar-string16-1048576,14,rust,scalar,string16,1048576,2048,668360530,2147483648
r14-rust-scalar-string16-8388608,14,rust,scalar,string16,8388608,256,705349542,2147483648
r14-rust-scalar-string16-67108864,14,rust,scalar,string16,67108864,32,750394077,2147483648
r14-cpp-scalar-int-32768,14,cpp,scalar,int,32768,65536,311608606,536870912
r14-cpp-scalar-int-262144,14,cpp,scalar,int,262144,8192,317263529,536870912
r14-cpp-scalar-int-1048576,14,cpp,scalar,int,1048576,2048,319464834,536870912
r14-cpp-scalar-int-8388608,14,cpp,scalar,int,8388608,256,348731255,536870912
r14-cpp-scalar-int-67108864,14,cpp,scalar,int,67108864,32,359135623,536870912
r14-c-avx2-int-32768,14,c,avx2,int,32768,65536,36213940,536870912
r14-c-avx2-int-262144,14,c,avx2,int,262144,8192,52944849,536870912
r14-c-avx2-int-1048576,14,c,avx2,int,1048576,2048,76773648,536870912
r14-c-avx2-int-8388608,14,c,avx2,int,8388608,256,131555090,536870912
r14-c-avx2-int-67108864,14,c,avx2,int,67108864,32,160945422,536870912
r14-c-scalar-double-32768,14,c,scalar,double,32768,65536,366916679,4733283208366391296
r14-c-scalar-double-262144,14,c,scalar,double,262144,8192,366918327,4733283208366391296
r14-c-scalar-double-1048576,14,c,scalar,double,1048576,2048,366931152,4733283208366391296
r14-c-scalar-double-8388608,14,c,scalar,double,8388608,256,384148227,4733283208366391296
r14-c-scalar-double-67108864,14,c,scalar,double,67108864,32,390248743,4733283208366391296
r14-rust-scalar-double-32768,14,rust,scalar,double,32768,65536,366939993,4733283208366391296
r14-rust-scalar-double-262144,14,rust,scalar,double,262144,8192,367163126,4733283208366391296
r14-rust-scalar-double-1048576,14,rust,scalar,double,1048576,2048,367891142,4733283208366391296
r14-rust-scalar-double-8388608,14,rust,scalar,double,8388608,256,402767120,4733283208366391296
r14-rust-scalar-double-67108864,14,rust,scalar,double,67108864,32,444732109,4733283208366391296
r14-c-avx2-string16-32768,14,c,avx2,string16,32768,65536,48122098,2147483648
r14-c-avx2-string16-262144,14,c,avx2,string16,262144,8192,70983327,2147483648
r14-c-avx2-string16-1048576,14,c,avx2,string16,1048576,2048,83974724,2147483648
r14-c-avx2-string16-8388608,14,c,avx2,string16,8388608,256,127554632,2147483648
r14-c-avx2-string16-67108864,14,c,avx2,string16,67108864,32,163800113,2147483648
r14-c-avx2-float-32768,14,c,avx2,float,32768,65536,89236476,1308622848
r14-c-avx2-float-262144,14,c,avx2,float,262144,8192,92016313,1308622848
r14-c-avx2-float-1048576,14,c,avx2,float,1048576,2048,92156084,1308622848
r14-c-avx2-float-8388608,14,c,avx2,float,8388608,256,136973182,1308622848
r14-c-avx2-float-67108864,14,c,avx2,float,67108864,32,162419680,1308622848
r14-cpp-scalar-short-32768,14,cpp,scalar,short,32768,65536,629557678,0
r14-cpp-scalar-short-262144,14,cpp,scalar,short,262144,8192,753589699,0
r14-cpp-scalar-short-1048576,14,cpp,scalar,short,1048576,2048,634431369,0
r14-cpp-scalar-short-8388608,14,cpp,scalar,short,8388608,256,663638166,0
r14-cpp-scalar-short-67108864,14,cpp,scalar,short,67108864,32,673828362,0
r14-c-scalar-float-32768,14,c,scalar,float,32768,65536,733901659,1266679808
r14-c-scalar-float-262144,14,c,scalar,float,262144,8192,733809575,1266679808
r14-c-scalar-float-1048576,14,c,scalar,float,1048576,2048,733805765,1266679808
r14-c-scalar-float-8388608,14,c,scalar,float,8388608,256,752265267,1266679808
r14-c-scalar-float-67108864,14,c,scalar,float,67108864,32,754604218,1266679808
r14-cpp-avx2-float-32768,14,cpp,avx2,float,32768,65536,89239173,1308622848
r14-cpp-avx2-float-262144,14,cpp,avx2,float,262144,8192,91865481,1308622848
r14-cpp-avx2-float-1048576,14,cpp,avx2,float,1048576,2048,92368115,1308622848
r14-cpp-avx2-float-8388608,14,cpp,avx2,float,8388608,256,140913579,1308622848
r14-cpp-avx2-float-67108864,14,cpp,avx2,float,67108864,32,168355619,1308622848
r14-cpp-avx2-double-32768,14,cpp,avx2,double,32768,65536,89187999,4733283208366391296
r14-cpp-avx2-double-262144,14,cpp,avx2,double,262144,8192,92073432,4733283208366391296
r14-cpp-avx2-double-1048576,14,cpp,avx2,double,1048576,2048,92419272,4733283208366391296
r14-cpp-avx2-double-8388608,14,cpp,avx2,double,8388608,256,162028804,4733283208366391296
r14-cpp-avx2-double-67108864,14,cpp,avx2,double,67108864,32,167206623,4733283208366391296
r14-rust-scalar-short-32768,14,rust,scalar,short,32768,65536,629472436,0
r14-rust-scalar-short-262144,14,rust,scalar,short,262144,8192,632992177,0
r14-rust-scalar-short-1048576,14,rust,scalar,short,1048576,2048,637790251,0
r14-rust-scalar-short-8388608,14,rust,scalar,short,8388608,256,680461357,0
r14-rust-scalar-short-67108864,14,rust,scalar,short,67108864,32,722553603,0
r14-c-avx2-short-32768,14,c,avx2,short,32768,65536,36596675,0
r14-c-avx2-short-262144,14,c,avx2,short,262144,8192,52659135,0
r14-c-avx2-short-1048576,14,c,avx2,short,1048576,2048,77047030,0
r14-c-avx2-short-8388608,14,c,avx2,short,8388608,256,171620032,0
r14-c-avx2-short-67108864,14,c,avx2,short,67108864,32,175034653,0
r14-cpp-scalar-double-32768,14,cpp,scalar,double,32768,65536,369226171,4733283208366391296
r14-cpp-scalar-double-262144,14,cpp,scalar,double,262144,8192,366930533,4733283208366391296
r14-cpp-scalar-double-1048576,14,cpp,scalar,double,1048576,2048,366973106,4733283208366391296
r14-cpp-scalar-double-8388608,14,cpp,scalar,double,8388608,256,384144736,4733283208366391296
r14-cpp-scalar-double-67108864,14,cpp,scalar,double,67108864,32,390101074,4733283208366391296
r14-rust-scalar-int-32768,14,rust,scalar,int,32768,65536,312773533,536870912
r14-rust-scalar-int-262144,14,rust,scalar,int,262144,8192,316661128,536870912
r14-rust-scalar-int-1048576,14,rust,scalar,int,1048576,2048,319311371,536870912
r14-rust-scalar-int-8388608,14,rust,scalar,int,8388608,256,356397340,536870912
r14-rust-scalar-int-67108864,14,rust,scalar,int,67108864,32,405726078,536870912
r14-go-scalar-string16-32768,14,go,scalar,string16,32768,65536,1399947519,2147483648
r14-go-scalar-string16-262144,14,go,scalar,string16,262144,8192,1441234585,2147483648
r14-go-scalar-string16-1048576,14,go,scalar,string16,1048576,2048,1455175628,2147483648
r14-go-scalar-string16-8388608,14,go,scalar,string16,8388608,256,1504085642,2147483648
r14-go-scalar-string16-67108864,14,go,scalar,string16,67108864,32,1570045176,2147483648
r14-cpp-scalar-float-32768,14,cpp,scalar,float,32768,65536,733926535,1266679808
r14-cpp-scalar-float-262144,14,cpp,scalar,float,262144,8192,733822877,1266679808
r14-cpp-scalar-float-1048576,14,cpp,scalar,float,1048576,2048,733888913,1266679808
r14-cpp-scalar-float-8388608,14,cpp,scalar,float,8388608,256,751566644,1266679808
r14-cpp-scalar-float-67108864,14,cpp,scalar,float,67108864,32,755126703,1266679808
r14-go-scalar-double-32768,14,go,scalar,double,32768,65536,368102497,4733283208366391296
r14-go-scalar-double-262144,14,go,scalar,double,262144,8192,368355866,4733283208366391296
r14-go-scalar-double-1048576,14,go,scalar,double,1048576,2048,368905986,4733283208366391296
r14-go-scalar-double-8388608,14,go,scalar,double,8388608,256,395787068,4733283208366391296
r14-go-scalar-double-67108864,14,go,scalar,double,67108864,32,439386025,4733283208366391296
r14-go-scalar-short-32768,14,go,scalar,short,32768,65536,699894946,0
r14-go-scalar-short-262144,14,go,scalar,short,262144,8192,733907441,0
r14-go-scalar-short-1048576,14,go,scalar,short,1048576,2048,738134010,0
r14-go-scalar-short-8388608,14,go,scalar,short,8388608,256,788500370,0
r14-go-scalar-short-67108864,14,go,scalar,short,67108864,32,840607338,0
r14-cpp-avx2-short-32768,14,cpp,avx2,short,32768,65536,36380120,0
r14-cpp-avx2-short-262144,14,cpp,avx2,short,262144,8192,58409432,0
r14-cpp-avx2-short-1048576,14,cpp,avx2,short,1048576,2048,76784918,0
r14-cpp-avx2-short-8388608,14,cpp,avx2,short,8388608,256,132558768,0
r14-cpp-avx2-short-67108864,14,cpp,avx2,short,67108864,32,160873257,0
r14-cpp-scalar-string16-32768,14,cpp,scalar,string16,32768,65536,556046710,2147483648
r14-cpp-scalar-string16-262144,14,cpp,scalar,string16,262144,8192,668516244,2147483648
r14-cpp-scalar-string16-1048576,14,cpp,scalar,string16,1048576,2048,674754450,2147483648
r14-cpp-scalar-string16-8388608,14,cpp,scalar,string16,8388608,256,706609298,2147483648
r14-cpp-scalar-string16-67108864,14,cpp,scalar,string16,67108864,32,710180427,2147483648
r14-go-scalar-float-32768,14,go,scalar,float,32768,65536,735882641,1266679808
r14-go-scalar-float-262144,14,go,scalar,float,262144,8192,735912010,1266679808
r14-go-scalar-float-1048576,14,go,scalar,float,1048576,2048,736473973,1266679808
r14-go-scalar-float-8388608,14,go,scalar,float,8388608,256,769202517,1266679808
r14-go-scalar-float-67108864,14,go,scalar,float,67108864,32,812253175,1266679808
r14-cpp-avx2-int-32768,14,cpp,avx2,int,32768,65536,36472847,536870912
r14-cpp-avx2-int-262144,14,cpp,avx2,int,262144,8192,51336758,536870912
r14-cpp-avx2-int-1048576,14,cpp,avx2,int,1048576,2048,76776194,536870912
r14-cpp-avx2-int-8388608,14,cpp,avx2,int,8388608,256,119246438,536870912
r14-cpp-avx2-int-67108864,14,cpp,avx2,int,67108864,32,160913698,536870912
r14-c-scalar-short-32768,14,c,scalar,short,32768,65536,635253851,0
r14-c-scalar-short-262144,14,c,scalar,short,262144,8192,632037271,0
r14-c-scalar-short-1048576,14,c,scalar,short,1048576,2048,634590938,0
r14-c-scalar-short-8388608,14,c,scalar,short,8388608,256,670252899,0
r14-c-scalar-short-67108864,14,c,scalar,short,67108864,32,673854436,0
r14-go-scalar-int-32768,14,go,scalar,int,32768,65536,350585750,536870912
r14-go-scalar-int-262144,14,go,scalar,int,262144,8192,371771420,536870912
r14-go-scalar-int-1048576,14,go,scalar,int,1048576,2048,375490004,536870912
r14-go-scalar-int-8388608,14,go,scalar,int,8388608,256,417223862,536870912
r14-go-scalar-int-67108864,14,go,scalar,int,67108864,32,471312275,536870912
r15-cpp-avx2-double-32768,15,cpp,avx2,double,32768,65536,88846221,4733283208366391296
r15-cpp-avx2-double-262144,15,cpp,avx2,double,262144,8192,91685930,4733283208366391296
r15-cpp-avx2-double-1048576,15,cpp,avx2,double,1048576,2048,92147229,4733283208366391296
r15-cpp-avx2-double-8388608,15,cpp,avx2,double,8388608,256,122064342,4733283208366391296
r15-cpp-avx2-double-67108864,15,cpp,avx2,double,67108864,32,160821159,4733283208366391296
r15-rust-scalar-float-32768,15,rust,scalar,float,32768,65536,734106868,1266679808
r15-rust-scalar-float-262144,15,rust,scalar,float,262144,8192,734009333,1266679808
r15-rust-scalar-float-1048576,15,rust,scalar,float,1048576,2048,734680175,1266679808
r15-rust-scalar-float-8388608,15,rust,scalar,float,8388608,256,768357698,1266679808
r15-rust-scalar-float-67108864,15,rust,scalar,float,67108864,32,809285402,1266679808
r15-rust-scalar-double-32768,15,rust,scalar,double,32768,65536,366938516,4733283208366391296
r15-rust-scalar-double-262144,15,rust,scalar,double,262144,8192,367134945,4733283208366391296
r15-rust-scalar-double-1048576,15,rust,scalar,double,1048576,2048,367816935,4733283208366391296
r15-rust-scalar-double-8388608,15,rust,scalar,double,8388608,256,398469253,4733283208366391296
r15-rust-scalar-double-67108864,15,rust,scalar,double,67108864,32,444823985,4733283208366391296
r15-go-scalar-short-32768,15,go,scalar,short,32768,65536,700207922,0
r15-go-scalar-short-262144,15,go,scalar,short,262144,8192,733743153,0
r15-go-scalar-short-1048576,15,go,scalar,short,1048576,2048,738096674,0
r15-go-scalar-short-8388608,15,go,scalar,short,8388608,256,789532194,0
r15-go-scalar-short-67108864,15,go,scalar,short,67108864,32,839955392,0
r15-go-scalar-double-32768,15,go,scalar,double,32768,65536,368051066,4733283208366391296
r15-go-scalar-double-262144,15,go,scalar,double,262144,8192,368331472,4733283208366391296
r15-go-scalar-double-1048576,15,go,scalar,double,1048576,2048,368977096,4733283208366391296
r15-go-scalar-double-8388608,15,go,scalar,double,8388608,256,397203547,4733283208366391296
r15-go-scalar-double-67108864,15,go,scalar,double,67108864,32,440037932,4733283208366391296
r15-rust-scalar-int-32768,15,rust,scalar,int,32768,65536,312525630,536870912
r15-rust-scalar-int-262144,15,rust,scalar,int,262144,8192,316089632,536870912
r15-rust-scalar-int-1048576,15,rust,scalar,int,1048576,2048,319315683,536870912
r15-rust-scalar-int-8388608,15,rust,scalar,int,8388608,256,364715055,536870912
r15-rust-scalar-int-67108864,15,rust,scalar,int,67108864,32,405488180,536870912
r15-c-scalar-float-32768,15,c,scalar,float,32768,65536,733843102,1266679808
r15-c-scalar-float-262144,15,c,scalar,float,262144,8192,733816047,1266679808
r15-c-scalar-float-1048576,15,c,scalar,float,1048576,2048,733831598,1266679808
r15-c-scalar-float-8388608,15,c,scalar,float,8388608,256,745726307,1266679808
r15-c-scalar-float-67108864,15,c,scalar,float,67108864,32,755010712,1266679808
r15-cpp-scalar-double-32768,15,cpp,scalar,double,32768,65536,366932234,4733283208366391296
r15-cpp-scalar-double-262144,15,cpp,scalar,double,262144,8192,366913808,4733283208366391296
r15-cpp-scalar-double-1048576,15,cpp,scalar,double,1048576,2048,366913014,4733283208366391296
r15-cpp-scalar-double-8388608,15,cpp,scalar,double,8388608,256,385090462,4733283208366391296
r15-cpp-scalar-double-67108864,15,cpp,scalar,double,67108864,32,389909363,4733283208366391296
r15-c-scalar-string16-32768,15,c,scalar,string16,32768,65536,556023562,2147483648
r15-c-scalar-string16-262144,15,c,scalar,string16,262144,8192,667746427,2147483648
r15-c-scalar-string16-1048576,15,c,scalar,string16,1048576,2048,674235386,2147483648
r15-c-scalar-string16-8388608,15,c,scalar,string16,8388608,256,707217438,2147483648
r15-c-scalar-string16-67108864,15,c,scalar,string16,67108864,32,710139201,2147483648
r15-cpp-scalar-short-32768,15,cpp,scalar,short,32768,65536,652308277,0
r15-cpp-scalar-short-262144,15,cpp,scalar,short,262144,8192,643338615,0
r15-cpp-scalar-short-1048576,15,cpp,scalar,short,1048576,2048,634296534,0
r15-cpp-scalar-short-8388608,15,cpp,scalar,short,8388608,256,669780474,0
r15-cpp-scalar-short-67108864,15,cpp,scalar,short,67108864,32,674635986,0
r15-rust-scalar-string16-32768,15,rust,scalar,string16,32768,65536,554399196,2147483648
r15-rust-scalar-string16-262144,15,rust,scalar,string16,262144,8192,658465912,2147483648
r15-rust-scalar-string16-1048576,15,rust,scalar,string16,1048576,2048,668271912,2147483648
r15-rust-scalar-string16-8388608,15,rust,scalar,string16,8388608,256,696845192,2147483648
r15-rust-scalar-string16-67108864,15,rust,scalar,string16,67108864,32,749497422,2147483648
r15-cpp-scalar-int-32768,15,cpp,scalar,int,32768,65536,311202666,536870912
r15-cpp-scalar-int-262144,15,cpp,scalar,int,262144,8192,317042480,536870912
r15-cpp-scalar-int-1048576,15,cpp,scalar,int,1048576,2048,319295727,536870912
r15-cpp-scalar-int-8388608,15,cpp,scalar,int,8388608,256,356239312,536870912
r15-cpp-scalar-int-67108864,15,cpp,scalar,int,67108864,32,357843340,536870912
r15-c-avx2-int-32768,15,c,avx2,int,32768,65536,36268739,536870912
r15-c-avx2-int-262144,15,c,avx2,int,262144,8192,51268871,536870912
r15-c-avx2-int-1048576,15,c,avx2,int,1048576,2048,76762132,536870912
r15-c-avx2-int-8388608,15,c,avx2,int,8388608,256,118642710,536870912
r15-c-avx2-int-67108864,15,c,avx2,int,67108864,32,162609945,536870912
r15-cpp-scalar-float-32768,15,cpp,scalar,float,32768,65536,735463297,1266679808
r15-cpp-scalar-float-262144,15,cpp,scalar,float,262144,8192,733977214,1266679808
r15-cpp-scalar-float-1048576,15,cpp,scalar,float,1048576,2048,734367204,1266679808
r15-cpp-scalar-float-8388608,15,cpp,scalar,float,8388608,256,758591773,1266679808
r15-cpp-scalar-float-67108864,15,cpp,scalar,float,67108864,32,756702020,1266679808
r15-cpp-scalar-string16-32768,15,cpp,scalar,string16,32768,65536,556982997,2147483648
r15-cpp-scalar-string16-262144,15,cpp,scalar,string16,262144,8192,668101767,2147483648
r15-cpp-scalar-string16-1048576,15,cpp,scalar,string16,1048576,2048,675448960,2147483648
r15-cpp-scalar-string16-8388608,15,cpp,scalar,string16,8388608,256,703096489,2147483648
r15-cpp-scalar-string16-67108864,15,cpp,scalar,string16,67108864,32,710345581,2147483648
r15-cpp-avx2-float-32768,15,cpp,avx2,float,32768,65536,89239247,1308622848
r15-cpp-avx2-float-262144,15,cpp,avx2,float,262144,8192,92035873,1308622848
r15-cpp-avx2-float-1048576,15,cpp,avx2,float,1048576,2048,92175170,1308622848
r15-cpp-avx2-float-8388608,15,cpp,avx2,float,8388608,256,140957027,1308622848
r15-cpp-avx2-float-67108864,15,cpp,avx2,float,67108864,32,161034378,1308622848
r15-c-avx2-string16-32768,15,c,avx2,string16,32768,65536,48134598,2147483648
r15-c-avx2-string16-262144,15,c,avx2,string16,262144,8192,72273946,2147483648
r15-c-avx2-string16-1048576,15,c,avx2,string16,1048576,2048,83964385,2147483648
r15-c-avx2-string16-8388608,15,c,avx2,string16,8388608,256,131554809,2147483648
r15-c-avx2-string16-67108864,15,c,avx2,string16,67108864,32,166847058,2147483648
r15-cpp-avx2-short-32768,15,cpp,avx2,short,32768,65536,36744777,0
r15-cpp-avx2-short-262144,15,cpp,avx2,short,262144,8192,56646894,0
r15-cpp-avx2-short-1048576,15,cpp,avx2,short,1048576,2048,76768346,0
r15-cpp-avx2-short-8388608,15,cpp,avx2,short,8388608,256,140731962,0
r15-cpp-avx2-short-67108864,15,cpp,avx2,short,67108864,32,160968533,0
r15-c-avx2-short-32768,15,c,avx2,short,32768,65536,36883946,0
r15-c-avx2-short-262144,15,c,avx2,short,262144,8192,52943001,0
r15-c-avx2-short-1048576,15,c,avx2,short,1048576,2048,76765019,0
r15-c-avx2-short-8388608,15,c,avx2,short,8388608,256,121259934,0
r15-c-avx2-short-67108864,15,c,avx2,short,67108864,32,161369983,0
r15-go-scalar-int-32768,15,go,scalar,int,32768,65536,350440979,536870912
r15-go-scalar-int-262144,15,go,scalar,int,262144,8192,371726284,536870912
r15-go-scalar-int-1048576,15,go,scalar,int,1048576,2048,375305293,536870912
r15-go-scalar-int-8388608,15,go,scalar,int,8388608,256,423696562,536870912
r15-go-scalar-int-67108864,15,go,scalar,int,67108864,32,470090584,536870912
r15-go-scalar-float-32768,15,go,scalar,float,32768,65536,735811208,1266679808
r15-go-scalar-float-262144,15,go,scalar,float,262144,8192,735921192,1266679808
r15-go-scalar-float-1048576,15,go,scalar,float,1048576,2048,736639509,1266679808
r15-go-scalar-float-8388608,15,go,scalar,float,8388608,256,764068392,1266679808
r15-go-scalar-float-67108864,15,go,scalar,float,67108864,32,811798552,1266679808
r15-c-scalar-double-32768,15,c,scalar,double,32768,65536,366918469,4733283208366391296
r15-c-scalar-double-262144,15,c,scalar,double,262144,8192,366912611,4733283208366391296
r15-c-scalar-double-1048576,15,c,scalar,double,1048576,2048,366932415,4733283208366391296
r15-c-scalar-double-8388608,15,c,scalar,double,8388608,256,385555471,4733283208366391296
r15-c-scalar-double-67108864,15,c,scalar,double,67108864,32,389949506,4733283208366391296
r15-c-scalar-short-32768,15,c,scalar,short,32768,65536,643681923,0
r15-c-scalar-short-262144,15,c,scalar,short,262144,8192,632315998,0
r15-c-scalar-short-1048576,15,c,scalar,short,1048576,2048,634432630,0
r15-c-scalar-short-8388608,15,c,scalar,short,8388608,256,664162217,0
r15-c-scalar-short-67108864,15,c,scalar,short,67108864,32,674439788,0
r15-go-scalar-string16-32768,15,go,scalar,string16,32768,65536,1399259184,2147483648
r15-go-scalar-string16-262144,15,go,scalar,string16,262144,8192,1442251831,2147483648
r15-go-scalar-string16-1048576,15,go,scalar,string16,1048576,2048,1453370947,2147483648
r15-go-scalar-string16-8388608,15,go,scalar,string16,8388608,256,1499004069,2147483648
r15-go-scalar-string16-67108864,15,go,scalar,string16,67108864,32,1569579640,2147483648
r15-rust-scalar-short-32768,15,rust,scalar,short,32768,65536,623669612,0
r15-rust-scalar-short-262144,15,rust,scalar,short,262144,8192,632619492,0
r15-rust-scalar-short-1048576,15,rust,scalar,short,1048576,2048,635872239,0
r15-rust-scalar-short-8388608,15,rust,scalar,short,8388608,256,667715979,0
r15-rust-scalar-short-67108864,15,rust,scalar,short,67108864,32,722187918,0
r15-c-scalar-int-32768,15,c,scalar,int,32768,65536,311911761,536870912
r15-c-scalar-int-262144,15,c,scalar,int,262144,8192,316792122,536870912
r15-c-scalar-int-1048576,15,c,scalar,int,1048576,2048,319492913,536870912
r15-c-scalar-int-8388608,15,c,scalar,int,8388608,256,356149641,536870912
r15-c-scalar-int-67108864,15,c,scalar,int,67108864,32,358300142,536870912
r15-cpp-avx2-int-32768,15,cpp,avx2,int,32768,65536,36254565,536870912
r15-cpp-avx2-int-262144,15,cpp,avx2,int,262144,8192,59109429,536870912
r15-cpp-avx2-int-1048576,15,cpp,avx2,int,1048576,2048,76817675,536870912
r15-cpp-avx2-int-8388608,15,cpp,avx2,int,8388608,256,119401245,536870912
r15-cpp-avx2-int-67108864,15,cpp,avx2,int,67108864,32,161058359,536870912
r15-c-avx2-double-32768,15,c,avx2,double,32768,65536,88858586,4733283208366391296
r15-c-avx2-double-262144,15,c,avx2,double,262144,8192,91978671,4733283208366391296
r15-c-avx2-double-1048576,15,c,avx2,double,1048576,2048,92301542,4733283208366391296
r15-c-avx2-double-8388608,15,c,avx2,double,8388608,256,142017455,4733283208366391296
r15-c-avx2-double-67108864,15,c,avx2,double,67108864,32,160977767,4733283208366391296
r15-c-avx2-float-32768,15,c,avx2,float,32768,65536,89236971,1308622848
r15-c-avx2-float-262144,15,c,avx2,float,262144,8192,91769184,1308622848
r15-c-avx2-float-1048576,15,c,avx2,float,1048576,2048,92154958,1308622848
r15-c-avx2-float-8388608,15,c,avx2,float,8388608,256,121846722,1308622848
r15-c-avx2-float-67108864,15,c,avx2,float,67108864,32,162356500,1308622848
r15-cpp-avx2-string16-32768,15,cpp,avx2,string16,32768,65536,72993577,2147483648
r15-cpp-avx2-string16-262144,15,cpp,avx2,string16,262144,8192,80038001,2147483648
r15-cpp-avx2-string16-1048576,15,cpp,avx2,string16,1048576,2048,90593854,2147483648
r15-cpp-avx2-string16-8388608,15,cpp,avx2,string16,8388608,256,149623331,2147483648
r15-cpp-avx2-string16-67108864,15,cpp,avx2,string16,67108864,32,167527690,2147483648
