schema_version,sample_id,build_id,perf_profile,event,value,time_enabled,time_running
1,stride16-gcc13-auto-r0-stride16_scan-auto-warm-branch-65536,stride16-gcc13-auto,branch,cycles,548733404,250036386,250036386
1,stride16-gcc13-auto-r0-stride16_scan-auto-warm-branch-65536,stride16-gcc13-auto,branch,branches,208470043,250034107,250034107
1,stride16-gcc13-auto-r0-stride16_scan-auto-warm-branch-65536,stride16-gcc13-auto,branch,branch_misses,198065,250030079,250030079
1,stride16-gcc13-auto-r0-stride16_scan-auto-warm-basic-4194304,stride16-gcc13-auto,basic,cycles,548774362,250055375,250055375
1,stride16-gcc13-auto-r0-stride16_scan-auto-warm-basic-4194304,stride16-gcc13-auto,basic,instructions,559941150,250054707,250054707
1,stride16-gcc13-auto-r0-stride16_scan-auto-warm-basic-4194304,stride16-gcc13-auto,basic,ref_cycles,548777790,250051514,250051514
1,stride16-gcc13-auto-r0-stride16_scan-auto-cache_evicted-branch-536870912,stride16-gcc13-auto,branch,cycles,594452482,270871165,270871165
1,stride16-gcc13-auto-r0-stride16_scan-auto-cache_evicted-branch-536870912,stride16-gcc13-auto,branch,branches,58720591,270870537,270870537
1,stride16-gcc13-auto-r0-stride16_scan-auto-cache_evicted-branch-536870912,stride16-gcc13-auto,branch,branch_misses,52,270866552,270866552
1,stride16-gcc13-auto-r0-stride16_scan-auto-cache_evicted-basic-536870912,stride16-gcc13-auto,basic,cycles,594871002,271061425,271061425
1,stride16-gcc13-auto-r0-stride16_scan-auto-cache_evicted-basic-536870912,stride16-gcc13-auto,basic,instructions,293602988,271059645,271059645
1,stride16-gcc13-auto-r0-stride16_scan-auto-cache_evicted-basic-536870912,stride16-gcc13-auto,basic,ref_cycles,594874302,271055899,271055899
1,stride16-gcc13-auto-r0-stride16_scan-auto-warm-branch-5242880,stride16-gcc13-auto,branch,cycles,548869176,250100786,250100786
1,stride16-gcc13-auto-r0-stride16_scan-auto-warm-branch-5242880,stride16-gcc13-auto,branch,branches,91946910,250100786,250100786
1,stride16-gcc13-auto-r0-stride16_scan-auto-warm-branch-5242880,stride16-gcc13-auto,branch,branch_misses,1165,250097635,250097635
1,stride16-gcc13-auto-r0-stride16_scan-auto-warm-basic-5242880,stride16-gcc13-auto,basic,cycles,549160096,250232532,250232532
1,stride16-gcc13-auto-r0-stride16_scan-auto-warm-basic-5242880,stride16-gcc13-auto,basic,instructions,435159385,250232947,250232947
1,stride16-gcc13-auto-r0-stride16_scan-auto-warm-basic-5242880,stride16-gcc13-auto,basic,ref_cycles,549163736,250229623,250229623
1,stride16-gcc13-auto-r0-stride16_scan-auto-warm-basic-7340032,stride16-gcc13-auto,basic,cycles,549059947,250189566,250189566
1,stride16-gcc13-auto-r0-stride16_scan-auto-warm-basic-7340032,stride16-gcc13-auto,basic,instructions,337273902,250189071,250189071
1,stride16-gcc13-auto-r0-stride16_scan-auto-warm-basic-7340032,stride16-gcc13-auto,basic,ref_cycles,549063570,250185608,250185608
1,stride16-gcc13-auto-r0-stride16_scan-auto-warm-basic-36864,stride16-gcc13-auto,basic,cycles,548732399,250032652,250032652
1,stride16-gcc13-auto-r0-stride16_scan-auto-warm-basic-36864,stride16-gcc13-auto,basic,instructions,1029649736,250030220,250030220
1,stride16-gcc13-auto-r0-stride16_scan-auto-warm-basic-36864,stride16-gcc13-auto,basic,ref_cycles,548734164,250026924,250026924
1,stride16-gcc13-auto-r0-stride16_scan-auto-warm-branch-33554432,stride16-gcc13-auto,branch,cycles,549945406,250593132,250593132
1,stride16-gcc13-auto-r0-stride16_scan-auto-warm-branch-33554432,stride16-gcc13-auto,branch,branches,54004783,250592834,250592834
1,stride16-gcc13-auto-r0-stride16_scan-auto-warm-branch-33554432,stride16-gcc13-auto,branch,branch_misses,129,250589186,250589186
1,stride16-gcc13-auto-r0-stride16_scan-auto-warm-branch-8192,stride16-gcc13-auto,branch,cycles,548730876,250033201,250033201
1,stride16-gcc13-auto-r0-stride16_scan-auto-warm-branch-8192,stride16-gcc13-auto,branch,branches,320265250,250031114,250031114
1,stride16-gcc13-auto-r0-stride16_scan-auto-warm-branch-8192,stride16-gcc13-auto,branch,branch_misses,2040390,250027719,250027719
1,stride16-gcc13-auto-r0-stride16_scan-auto-warm-basic-393216,stride16-gcc13-auto,basic,cycles,548759237,250046224,250046224
1,stride16-gcc13-auto-r0-stride16_scan-auto-warm-basic-393216,stride16-gcc13-auto,basic,instructions,561383097,250044127,250044127
1,stride16-gcc13-auto-r0-stride16_scan-auto-warm-basic-393216,stride16-gcc13-auto,basic,ref_cycles,548761422,250040969,250040969
1,stride16-gcc13-auto-r0-stride16_scan-auto-warm-basic-28672,stride16-gcc13-auto,basic,cycles,548730948,250031571,250031571
1,stride16-gcc13-auto-r0-stride16_scan-auto-warm-basic-28672,stride16-gcc13-auto,basic,instructions,1767432441,250029001,250029001
1,stride16-gcc13-auto-r0-stride16_scan-auto-warm-basic-28672,stride16-gcc13-auto,basic,ref_cycles,548732118,250025713,250025713
1,stride16-gcc13-auto-r0-stride16_scan-auto-warm-basic-6291456,stride16-gcc13-auto,basic,cycles,549096938,250205178,250205178
1,stride16-gcc13-auto-r0-stride16_scan-auto-warm-basic-6291456,stride16-gcc13-auto,basic,instructions,414973513,250204863,250204863
1,stride16-gcc13-auto-r0-stride16_scan-auto-warm-basic-6291456,stride16-gcc13-auto,basic,ref_cycles,549100442,250201832,250201832
1,stride16-gcc13-auto-r0-stride16_scan-auto-warm-basic-294912,stride16-gcc13-auto,basic,cycles,548732065,250033267,250033267
1,stride16-gcc13-auto-r0-stride16_scan-auto-warm-basic-294912,stride16-gcc13-auto,basic,instructions,664021684,250031483,250031483
1,stride16-gcc13-auto-r0-stride16_scan-auto-warm-basic-294912,stride16-gcc13-auto,basic,ref_cycles,548734450,250028213,250028213
1,stride16-gcc13-auto-r0-stride16_scan-auto-warm-branch-24576,stride16-gcc13-auto,branch,cycles,548731148,250033419,250033419
1,stride16-gcc13-auto-r0-stride16_scan-auto-warm-branch-24576,stride16-gcc13-auto,branch,branches,356188706,250032173,250032173
1,stride16-gcc13-auto-r0-stride16_scan-auto-warm-branch-24576,stride16-gcc13-auto,branch,branch_misses,862703,250029096,250029096
1,stride16-gcc13-auto-r0-stride16_scan-auto-warm-basic-32768,stride16-gcc13-auto,basic,cycles,548730766,250031813,250031813
1,stride16-gcc13-auto-r0-stride16_scan-auto-warm-basic-32768,stride16-gcc13-auto,basic,instructions,1732427031,250029103,250029103
1,stride16-gcc13-auto-r0-stride16_scan-auto-warm-basic-32768,stride16-gcc13-auto,basic,ref_cycles,548731436,250025629,250025629
1,stride16-gcc13-auto-r0-stride16_scan-auto-warm-basic-8388608,stride16-gcc13-auto,basic,cycles,549689046,250473312,250473312
1,stride16-gcc13-auto-r0-stride16_scan-auto-warm-basic-8388608,stride16-gcc13-auto,basic,instructions,374299124,250474207,250474207
1,stride16-gcc13-auto-r0-stride16_scan-auto-warm-basic-8388608,stride16-gcc13-auto,basic,ref_cycles,549692902,250470855,250470855
1,stride16-gcc13-auto-r0-stride16_scan-auto-cache_evicted-branch-6291456,stride16-gcc13-auto,branch,cycles,548906354,250118770,250118770
1,stride16-gcc13-auto-r0-stride16_scan-auto-cache_evicted-branch-6291456,stride16-gcc13-auto,branch,branches,80731531,250119403,250119403
1,stride16-gcc13-auto-r0-stride16_scan-auto-cache_evicted-branch-6291456,stride16-gcc13-auto,branch,branch_misses,872,250116151,250116151
1,stride16-gcc13-auto-r0-stride16_scan-auto-warm-branch-28672,stride16-gcc13-auto,branch,cycles,548730730,250032464,250032464
1,stride16-gcc13-auto-r0-stride16_scan-auto-warm-branch-28672,stride16-gcc13-auto,branch,branches,352169066,250029731,250029731
1,stride16-gcc13-auto-r0-stride16_scan-auto-warm-branch-28672,stride16-gcc13-auto,branch,branch_misses,738554,250025621,250025621
1,stride16-gcc13-auto-r0-stride16_scan-auto-warm-basic-131072,stride16-gcc13-auto,basic,cycles,548730865,250031651,250031651
1,stride16-gcc13-auto-r0-stride16_scan-auto-warm-basic-131072,stride16-gcc13-auto,basic,instructions,1057091420,250028521,250028521
1,stride16-gcc13-auto-r0-stride16_scan-auto-warm-basic-131072,stride16-gcc13-auto,basic,ref_cycles,548731898,250025193,250025193
1,stride16-gcc13-auto-r0-stride16_scan-auto-warm-basic-524288,stride16-gcc13-auto,basic,cycles,548736631,250034318,250034318
1,stride16-gcc13-auto-r0-stride16_scan-auto-warm-basic-524288,stride16-gcc13-auto,basic,instructions,561330079,250031060,250031060
1,stride16-gcc13-auto-r0-stride16_scan-auto-warm-basic-524288,stride16-gcc13-auto,basic,ref_cycles,548738278,250027499,250027499
1,stride16-gcc13-auto-r0-stride16_scan-auto-warm-branch-36864,stride16-gcc13-auto,branch,cycles,548731826,250032907,250032907
1,stride16-gcc13-auto-r0-stride16_scan-auto-warm-branch-36864,stride16-gcc13-auto,branch,branches,207750746,250031147,250031147
1,stride16-gcc13-auto-r0-stride16_scan-auto-warm-branch-36864,stride16-gcc13-auto,branch,branch_misses,343527,250027582,250027582
1,stride16-gcc13-auto-r0-stride16_scan-auto-warm-basic-98304,stride16-gcc13-auto,basic,cycles,548732899,250033982,250033982
1,stride16-gcc13-auto-r0-stride16_scan-auto-warm-basic-98304,stride16-gcc13-auto,basic,instructions,1046046666,250032381,250032381
1,stride16-gcc13-auto-r0-stride16_scan-auto-warm-basic-98304,stride16-gcc13-auto,basic,ref_cycles,548735396,250029392,250029392
1,stride16-gcc13-auto-r0-stride16_scan-auto-warm-branch-536870912,stride16-gcc13-auto,branch,cycles,594608382,270941655,270941655
1,stride16-gcc13-auto-r0-stride16_scan-auto-warm-branch-536870912,stride16-gcc13-auto,branch,branches,58720591,270941994,270941994
1,stride16-gcc13-auto-r0-stride16_scan-auto-warm-branch-536870912,stride16-gcc13-auto,branch,branch_misses,37,270938195,270938195
1,stride16-gcc13-auto-r0-stride16_scan-auto-warm-branch-134217728,stride16-gcc13-auto,branch,cycles,568243011,258929645,258929645
1,stride16-gcc13-auto-r0-stride16_scan-auto-warm-branch-134217728,stride16-gcc13-auto,branch,branches,56624019,258928585,258928585
1,stride16-gcc13-auto-r0-stride16_scan-auto-warm-branch-134217728,stride16-gcc13-auto,branch,branch_misses,57,258924575,258924575
1,stride16-gcc13-auto-r0-stride16_scan-auto-warm-basic-229376,stride16-gcc13-auto,basic,cycles,548738095,250036274,250036274
1,stride16-gcc13-auto-r0-stride16_scan-auto-warm-basic-229376,stride16-gcc13-auto,basic,instructions,848448514,250034064,250034064
1,stride16-gcc13-auto-r0-stride16_scan-auto-warm-basic-229376,stride16-gcc13-auto,basic,ref_cycles,548740544,250031090,250031090
1,stride16-gcc13-auto-r0-stride16_scan-auto-warm-branch-49152,stride16-gcc13-auto,branch,cycles,548730878,250033395,250033395
1,stride16-gcc13-auto-r0-stride16_scan-auto-warm-branch-49152,stride16-gcc13-auto,branch,branches,209868097,250031137,250031137
1,stride16-gcc13-auto-r0-stride16_scan-auto-warm-branch-49152,stride16-gcc13-auto,branch,branch_misses,263442,250027608,250027608
1,stride16-gcc13-auto-r0-stride16_scan-auto-warm-branch-393216,stride16-gcc13-auto,branch,cycles,548752402,250043692,250043692
1,stride16-gcc13-auto-r0-stride16_scan-auto-warm-branch-393216,stride16-gcc13-auto,branch,branches,117243940,250042373,250042373
1,stride16-gcc13-auto-r0-stride16_scan-auto-warm-branch-393216,stride16-gcc13-auto,branch,branch_misses,19043,250038834,250038834
1,stride16-gcc13-auto-r0-stride16_scan-auto-warm-branch-196608,stride16-gcc13-auto,branch,cycles,548735014,250036232,250036232
1,stride16-gcc13-auto-r0-stride16_scan-auto-warm-branch-196608,stride16-gcc13-auto,branch,branches,221771308,250034108,250034108
1,stride16-gcc13-auto-r0-stride16_scan-auto-warm-branch-196608,stride16-gcc13-auto,branch,branch_misses,71582,250030921,250030921
1,stride16-gcc13-auto-r0-stride16_scan-auto-cache_evicted-basic-8388608,stride16-gcc13-auto,basic,cycles,548838225,250089125,250089125
1,stride16-gcc13-auto-r0-stride16_scan-auto-cache_evicted-basic-8388608,stride16-gcc13-auto,basic,instructions,377576694,250089424,250089424
1,stride16-gcc13-auto-r0-stride16_scan-auto-cache_evicted-basic-8388608,stride16-gcc13-auto,basic,ref_cycles,548841678,250085885,250085885
1,stride16-gcc13-auto-r0-stride16_scan-auto-warm-branch-262144,stride16-gcc13-auto,branch,cycles,548731913,250033181,250033181
1,stride16-gcc13-auto-r0-stride16_scan-auto-warm-branch-262144,stride16-gcc13-auto,branch,branches,173638076,250029947,250029947
1,stride16-gcc13-auto-r0-stride16_scan-auto-warm-branch-262144,stride16-gcc13-auto,branch,branch_misses,42148,250026001,250026001
1,stride16-gcc13-auto-r0-stride16_scan-auto-warm-branch-294912,stride16-gcc13-auto,branch,cycles,548732308,250033274,250033274
1,stride16-gcc13-auto-r0-stride16_scan-auto-warm-branch-294912,stride16-gcc13-auto,branch,branches,131741969,250032150,250032150
1,stride16-gcc13-auto-r0-stride16_scan-auto-warm-branch-294912,stride16-gcc13-auto,branch,branch_misses,28470,250028616,250028616
1,stride16-gcc13-auto-r0-stride16_scan-auto-warm-basic-33554432,stride16-gcc13-auto,basic,cycles,553455391,252193896,252193896
1,stride16-gcc13-auto-r0-stride16_scan-auto-warm-basic-33554432,stride16-gcc13-auto,basic,instructions,277889594,252192448,252192448
1,stride16-gcc13-auto-r0-stride16_scan-auto-warm-basic-33554432,stride16-gcc13-auto,basic,ref_cycles,553458994,252188650,252188650
1,stride16-gcc13-auto-r0-stride16_scan-auto-warm-branch-4194304,stride16-gcc13-auto,branch,cycles,548783675,250061858,250061858
1,stride16-gcc13-auto-r0-stride16_scan-auto-warm-branch-4194304,stride16-gcc13-auto,branch,branches,111263937,250060575,250060575
1,stride16-gcc13-auto-r0-stride16_scan-auto-warm-branch-4194304,stride16-gcc13-auto,branch,branch_misses,1743,250056621,250056621
1,stride16-gcc13-auto-r0-stride16_scan-auto-warm-basic-1048576,stride16-gcc13-auto,basic,cycles,548782324,250056262,250056262
1,stride16-gcc13-auto-r0-stride16_scan-auto-warm-basic-1048576,stride16-gcc13-auto,basic,instructions,561879380,250052886,250052886
1,stride16-gcc13-auto-r0-stride16_scan-auto-warm-basic-1048576,stride16-gcc13-auto,basic,ref_cycles,548783818,250049199,250049199
1,stride16-gcc13-auto-r0-stride16_scan-auto-warm-branch-16384,stride16-gcc13-auto,branch,cycles,548730661,250032386,250032386
1,stride16-gcc13-auto-r0-stride16_scan-auto-warm-branch-16384,stride16-gcc13-auto,branch,branches,350718924,250029459,250029459
1,stride16-gcc13-auto-r0-stride16_scan-auto-warm-branch-16384,stride16-gcc13-auto,branch,branch_misses,1230921,250025468,250025468
1,stride16-gcc13-auto-r0-stride16_scan-auto-cache_evicted-basic-262144,stride16-gcc13-auto,basic,cycles,548737925,250036673,250036673
1,stride16-gcc13-auto-r0-stride16_scan-auto-cache_evicted-basic-262144,stride16-gcc13-auto,basic,instructions,678343471,250035468,250035468
1,stride16-gcc13-auto-r0-stride16_scan-auto-cache_evicted-basic-262144,stride16-gcc13-auto,basic,ref_cycles,548740104,250032299,250032299
1,stride16-gcc13-auto-r0-stride16_scan-auto-warm-basic-65536,stride16-gcc13-auto,basic,cycles,548731923,250034025,250034025
1,stride16-gcc13-auto-r0-stride16_scan-auto-warm-basic-65536,stride16-gcc13-auto,basic,instructions,1036516302,250032000,250032000
1,stride16-gcc13-auto-r0-stride16_scan-auto-warm-basic-65536,stride16-gcc13-auto,basic,ref_cycles,548734472,250028736,250028736
1,stride16-gcc13-auto-r0-stride16_scan-auto-cache_evicted-branch-33554432,stride16-gcc13-auto,branch,cycles,553264784,252106014,252106014
1,stride16-gcc13-auto-r0-stride16_scan-auto-cache_evicted-branch-33554432,stride16-gcc13-auto,branch,branches,55577734,252106531,252106531
1,stride16-gcc13-auto-r0-stride16_scan-auto-cache_evicted-branch-33554432,stride16-gcc13-auto,branch,branch_misses,132,252102756,252102756
1,stride16-gcc13-auto-r0-stride16_scan-auto-warm-branch-7340032,stride16-gcc13-auto,branch,cycles,549457756,250369907,250369907
1,stride16-gcc13-auto-r0-stride16_scan-auto-warm-branch-7340032,stride16-gcc13-auto,branch,branches,83972976,250369386,250369386
1,stride16-gcc13-auto-r0-stride16_scan-auto-warm-branch-7340032,stride16-gcc13-auto,branch,branch_misses,778,250365198,250365198
1,stride16-gcc13-auto-r0-stride16_scan-auto-warm-branch-8388608,stride16-gcc13-auto,branch,cycles,549254642,250279136,250279136
1,stride16-gcc13-auto-r0-stride16_scan-auto-warm-branch-8388608,stride16-gcc13-auto,branch,branches,76169813,250279591,250279591
1,stride16-gcc13-auto-r0-stride16_scan-auto-warm-branch-8388608,stride16-gcc13-auto,branch,branch_misses,627,250275601,250275601
1,stride16-gcc13-auto-r0-stride16_scan-auto-warm-basic-49152,stride16-gcc13-auto,basic,cycles,548731627,250032313,250032313
1,stride16-gcc13-auto-r0-stride16_scan-auto-warm-basic-49152,stride16-gcc13-auto,basic,instructions,1046645535,250029438,250029438
1,stride16-gcc13-auto-r0-stride16_scan-auto-warm-basic-49152,stride16-gcc13-auto,basic,ref_cycles,548732448,250025501,250025501
1,stride16-gcc13-auto-r0-stride16_scan-auto-warm-basic-16384,stride16-gcc13-auto,basic,cycles,548731306,250032398,250032398
1,stride16-gcc13-auto-r0-stride16_scan-auto-warm-basic-16384,stride16-gcc13-auto,basic,instructions,1759523967,250031932,250031932
1,stride16-gcc13-auto-r0-stride16_scan-auto-warm-basic-16384,stride16-gcc13-auto,basic,ref_cycles,548734010,250028941,250028941
1,stride16-gcc13-auto-r0-stride16_scan-auto-cache_evicted-branch-1048576,stride16-gcc13-auto,branch,cycles,548765449,250050026,250050026
1,stride16-gcc13-auto-r0-stride16_scan-auto-cache_evicted-branch-1048576,stride16-gcc13-auto,branch,branches,112330714,250048600,250048600
1,stride16-gcc13-auto-r0-stride16_scan-auto-cache_evicted-branch-1048576,stride16-gcc13-auto,branch,branch_misses,6891,250045666,250045666
1,stride16-gcc13-auto-r0-stride16_scan-auto-warm-branch-2097152,stride16-gcc13-auto,branch,cycles,548757200,250046362,250046362
1,stride16-gcc13-auto-r0-stride16_scan-auto-warm-branch-2097152,stride16-gcc13-auto,branch,branches,112264263,250045173,250045173
1,stride16-gcc13-auto-r0-stride16_scan-auto-warm-branch-2097152,stride16-gcc13-auto,branch,branch_misses,3851,250041456,250041456
1,stride16-gcc13-auto-r0-stride16_scan-auto-warm-basic-262144,stride16-gcc13-auto,basic,cycles,548735933,250035748,250035748
1,stride16-gcc13-auto-r0-stride16_scan-auto-warm-basic-262144,stride16-gcc13-auto,basic,instructions,818531575,250033755,250033755
1,stride16-gcc13-auto-r0-stride16_scan-auto-warm-basic-262144,stride16-gcc13-auto,basic,ref_cycles,548738168,250030319,250030319
1,stride16-gcc13-auto-r0-stride16_scan-auto-warm-basic-2097152,stride16-gcc13-auto,basic,cycles,548778125,250054510,250054510
1,stride16-gcc13-auto-r0-stride16_scan-auto-warm-basic-2097152,stride16-gcc13-auto,basic,instructions,561680087,250052489,250052489
1,stride16-gcc13-auto-r0-stride16_scan-auto-warm-basic-2097152,stride16-gcc13-auto,basic,ref_cycles,548780122,250049180,250049180
1,stride16-gcc13-auto-r0-stride16_scan-auto-warm-branch-524288,stride16-gcc13-auto,branch,cycles,548737871,250038058,250038058
1,stride16-gcc13-auto-r0-stride16_scan-auto-warm-branch-524288,stride16-gcc13-auto,branch,branches,112290799,250035000,250035000
1,stride16-gcc13-auto-r0-stride16_scan-auto-warm-branch-524288,stride16-gcc13-auto,branch,branch_misses,13710,250030326,250030326
1,stride16-gcc13-auto-r0-stride16_scan-auto-warm-branch-229376,stride16-gcc13-auto,branch,cycles,548742494,250038341,250038341
1,stride16-gcc13-auto-r0-stride16_scan-auto-warm-branch-229376,stride16-gcc13-auto,branch,branches,165797119,250036784,250036784
1,stride16-gcc13-auto-r0-stride16_scan-auto-warm-branch-229376,stride16-gcc13-auto,branch,branch_misses,45945,250033403,250033403
1,stride16-gcc13-auto-r0-stride16_scan-auto-warm-basic-24576,stride16-gcc13-auto,basic,cycles,548730524,250031405,250031405
1,stride16-gcc13-auto-r0-stride16_scan-auto-warm-basic-24576,stride16-gcc13-auto,basic,instructions,1816859733,250028264,250028264
1,stride16-gcc13-auto-r0-stride16_scan-auto-warm-basic-24576,stride16-gcc13-auto,basic,ref_cycles,548731326,250024462,250024462
1,stride16-gcc13-auto-r0-stride16_scan-auto-cache_evicted-basic-1048576,stride16-gcc13-auto,basic,cycles,548789574,250059660,250059660
1,stride16-gcc13-auto-r0-stride16_scan-auto-cache_evicted-basic-1048576,stride16-gcc13-auto,basic,instructions,561715121,250058665,250058665
1,stride16-gcc13-auto-r0-stride16_scan-auto-cache_evicted-basic-1048576,stride16-gcc13-auto,basic,ref_cycles,548791606,250055485,250055485
1,stride16-gcc13-auto-r0-stride16_scan-auto-warm-basic-134217728,stride16-gcc13-auto,basic,cycles,568120043,258873512,258873512
1,stride16-gcc13-auto-r0-stride16_scan-auto-warm-basic-134217728,stride16-gcc13-auto,basic,instructions,283120308,258871777,258871777
1,stride16-gcc13-auto-r0-stride16_scan-auto-warm-basic-134217728,stride16-gcc13-auto,basic,ref_cycles,568123578,258868417,258868417
1,stride16-gcc13-auto-r0-stride16_scan-auto-cache_evicted-basic-33554432,stride16-gcc13-auto,basic,cycles,550814898,250988362,250988362
1,stride16-gcc13-auto-r0-stride16_scan-auto-cache_evicted-basic-33554432,stride16-gcc13-auto,basic,instructions,270024812,250988410,250988410
1,stride16-gcc13-auto-r0-stride16_scan-auto-cache_evicted-basic-33554432,stride16-gcc13-auto,basic,ref_cycles,550818708,250985268,250985268
1,stride16-gcc13-auto-r0-stride16_scan-auto-warm-basic-12582912,stride16-gcc13-auto,basic,cycles,549316056,250307415,250307415
1,stride16-gcc13-auto-r0-stride16_scan-auto-warm-basic-12582912,stride16-gcc13-auto,basic,instructions,305773964,250305462,250305462
1,stride16-gcc13-auto-r0-stride16_scan-auto-warm-basic-12582912,stride16-gcc13-auto,basic,ref_cycles,549319826,250302771,250302771
1,stride16-gcc13-auto-r0-stride16_scan-auto-cache_evicted-basic-6291456,stride16-gcc13-auto,basic,cycles,548908874,250119140,250119140
1,stride16-gcc13-auto-r0-stride16_scan-auto-cache_evicted-basic-6291456,stride16-gcc13-auto,basic,instructions,489707934,250118969,250118969
1,stride16-gcc13-auto-r0-stride16_scan-auto-cache_evicted-basic-6291456,stride16-gcc13-auto,basic,ref_cycles,548912980,250115857,250115857
1,stride16-gcc13-auto-r0-stride16_scan-auto-cache_evicted-basic-32768,stride16-gcc13-auto,basic,cycles,548731561,250032869,250032869
1,stride16-gcc13-auto-r0-stride16_scan-auto-cache_evicted-basic-32768,stride16-gcc13-auto,basic,instructions,1737791335,250031210,250031210
1,stride16-gcc13-auto-r0-stride16_scan-auto-cache_evicted-basic-32768,stride16-gcc13-auto,basic,ref_cycles,548733988,250028265,250028265
1,stride16-gcc13-auto-r0-stride16_scan-auto-cache_evicted-branch-262144,stride16-gcc13-auto,branch,cycles,548732352,250034502,250034502
1,stride16-gcc13-auto-r0-stride16_scan-auto-cache_evicted-branch-262144,stride16-gcc13-auto,branch,branches,156849169,250033479,250033479
1,stride16-gcc13-auto-r0-stride16_scan-auto-cache_evicted-branch-262144,stride16-gcc13-auto,branch,branch_misses,38078,250029908,250029908
1,stride16-gcc13-auto-r0-stride16_scan-auto-cache_evicted-branch-8388608,stride16-gcc13-auto,branch,cycles,549484124,250383922,250383922
1,stride16-gcc13-auto-r0-stride16_scan-auto-cache_evicted-branch-8388608,stride16-gcc13-auto,branch,branches,77087520,250383073,250383073
1,stride16-gcc13-auto-r0-stride16_scan-auto-cache_evicted-branch-8388608,stride16-gcc13-auto,branch,branch_misses,637,250379300,250379300
1,stride16-gcc13-auto-r0-stride16_scan-auto-warm-branch-98304,stride16-gcc13-auto,branch,cycles,548731026,250033671,250033671
1,stride16-gcc13-auto-r0-stride16_scan-auto-warm-branch-98304,stride16-gcc13-auto,branch,branches,208026235,250030928,250030928
1,stride16-gcc13-auto-r0-stride16_scan-auto-warm-branch-98304,stride16-gcc13-auto,branch,branch_misses,133078,250026969,250026969
1,stride16-gcc13-auto-r0-stride16_scan-auto-warm-basic-536870912,stride16-gcc13-auto,basic,cycles,594897140,271071730,271071730
1,stride16-gcc13-auto-r0-stride16_scan-auto-warm-basic-536870912,stride16-gcc13-auto,basic,instructions,293602988,271072424,271072424
1,stride16-gcc13-auto-r0-stride16_scan-auto-warm-basic-536870912,stride16-gcc13-auto,basic,ref_cycles,594901142,271069058,271069058
1,stride16-gcc13-auto-r0-stride16_scan-auto-warm-branch-6291456,stride16-gcc13-auto,branch,cycles,548953318,250140432,250140432
1,stride16-gcc13-auto-r0-stride16_scan-auto-warm-branch-6291456,stride16-gcc13-auto,branch,branches,83583184,250140072,250140072
1,stride16-gcc13-auto-r0-stride16_scan-auto-warm-branch-6291456,stride16-gcc13-auto,branch,branch_misses,896,250136210,250136210
1,stride16-gcc13-auto-r0-stride16_scan-auto-warm-branch-1048576,stride16-gcc13-auto,branch,cycles,548774237,250053832,250053832
1,stride16-gcc13-auto-r0-stride16_scan-auto-warm-branch-1048576,stride16-gcc13-auto,branch,branches,112363530,250051407,250051407
1,stride16-gcc13-auto-r0-stride16_scan-auto-warm-branch-1048576,stride16-gcc13-auto,branch,branch_misses,6890,250047806,250047806
1,stride16-gcc13-auto-r0-stride16_scan-auto-warm-branch-131072,stride16-gcc13-auto,branch,cycles,548735294,250034235,250034235
1,stride16-gcc13-auto-r0-stride16_scan-auto-warm-branch-131072,stride16-gcc13-auto,branch,branches,212851145,250031068,250031068
1,stride16-gcc13-auto-r0-stride16_scan-auto-warm-branch-131072,stride16-gcc13-auto,branch,branch_misses,102540,250027241,250027241
1,stride16-gcc13-auto-r0-stride16_scan-auto-warm-basic-196608,stride16-gcc13-auto,basic,cycles,548736580,250035572,250035572
1,stride16-gcc13-auto-r0-stride16_scan-auto-warm-basic-196608,stride16-gcc13-auto,basic,instructions,1114448911,250034229,250034229
1,stride16-gcc13-auto-r0-stride16_scan-auto-warm-basic-196608,stride16-gcc13-auto,basic,ref_cycles,548739378,250031345,250031345
1,stride16-gcc13-auto-r0-stride16_scan-auto-warm-basic-8192,stride16-gcc13-auto,basic,cycles,548730841,250032129,250032129
1,stride16-gcc13-auto-r0-stride16_scan-auto-warm-basic-8192,stride16-gcc13-auto,basic,instructions,1627994883,250029768,250029768
1,stride16-gcc13-auto-r0-stride16_scan-auto-warm-basic-8192,stride16-gcc13-auto,basic,ref_cycles,548732448,250026383,250026383
1,stride16-gcc13-auto-r0-stride16_scan-auto-cache_evicted-branch-32768,stride16-gcc13-auto,branch,cycles,548731300,250033573,250033573
1,stride16-gcc13-auto-r0-stride16_scan-auto-cache_evicted-branch-32768,stride16-gcc13-auto,branch,branches,345224587,250031419,250031419
1,stride16-gcc13-auto-r0-stride16_scan-auto-cache_evicted-branch-32768,stride16-gcc13-auto,branch,branch_misses,638314,250027328,250027328
1,stride16-gcc13-auto-r0-stride16_scan-auto-warm-branch-12582912,stride16-gcc13-auto,branch,cycles,549362711,250330165,250330165
1,stride16-gcc13-auto-r0-stride16_scan-auto-warm-branch-12582912,stride16-gcc13-auto,branch,branches,57418136,250327572,250327572
1,stride16-gcc13-auto-r0-stride16_scan-auto-warm-branch-12582912,stride16-gcc13-auto,branch,branch_misses,325,250322648,250322648
1,stride16-gcc13-auto-r0-stride16_scan-auto-warm-branch-32768,stride16-gcc13-auto,branch,cycles,548731628,250034540,250034540
1,stride16-gcc13-auto-r0-stride16_scan-auto-warm-branch-32768,stride16-gcc13-auto,branch,branches,345078003,250032708,250032708
1,stride16-gcc13-auto-r0-stride16_scan-auto-warm-branch-32768,stride16-gcc13-auto,branch,branch_misses,638062,250029299,250029299
1,stride16-gcc13-auto-r1-stride16_scan-auto-warm-branch-536870912,stride16-gcc13-auto,branch,cycles,595075195,271154467,271154467
1,stride16-gcc13-auto-r1-stride16_scan-auto-warm-branch-536870912,stride16-gcc13-auto,branch,branches,58720591,271154025,271154025
1,stride16-gcc13-auto-r1-stride16_scan-auto-warm-branch-536870912,stride16-gcc13-auto,branch,branch_misses,41,271150018,271150018
1,stride16-gcc13-auto-r1-stride16_scan-auto-warm-basic-1048576,stride16-gcc13-auto,basic,cycles,548731619,250032926,250032926
1,stride16-gcc13-auto-r1-stride16_scan-auto-warm-basic-1048576,stride16-gcc13-auto,basic,instructions,561797245,250031739,250031739
1,stride16-gcc13-auto-r1-stride16_scan-auto-warm-basic-1048576,stride16-gcc13-auto,basic,ref_cycles,548733570,250028825,250028825
1,stride16-gcc13-auto-r1-stride16_scan-auto-warm-basic-12582912,stride16-gcc13-auto,basic,cycles,550381055,250792035,250792035
1,stride16-gcc13-auto-r1-stride16_scan-auto-warm-basic-12582912,stride16-gcc13-auto,basic,instructions,307740352,250791406,250791406
1,stride16-gcc13-auto-r1-stride16_scan-auto-warm-basic-12582912,stride16-gcc13-auto,basic,ref_cycles,550384054,250788162,250788162
1,stride16-gcc13-auto-r1-stride16_scan-auto-warm-branch-24576,stride16-gcc13-auto,branch,cycles,548731624,250033969,250033969
1,stride16-gcc13-auto-r1-stride16_scan-auto-warm-branch-24576,stride16-gcc13-auto,branch,branches,360158198,250032206,250032206
1,stride16-gcc13-auto-r1-stride16_scan-auto-warm-branch-24576,stride16-gcc13-auto,branch,branch_misses,872304,250029028,250029028
1,stride16-gcc13-auto-r1-stride16_scan-auto-warm-basic-8192,stride16-gcc13-auto,basic,cycles,548731084,250033552,250033552
1,stride16-gcc13-auto-r1-stride16_scan-auto-warm-basic-8192,stride16-gcc13-auto,basic,instructions,1632905712,250031286,250031286
1,stride16-gcc13-auto-r1-stride16_scan-auto-warm-basic-8192,stride16-gcc13-auto,basic,ref_cycles,548733416,250028282,250028282
1,stride16-gcc13-auto-r1-stride16_scan-auto-warm-basic-134217728,stride16-gcc13-auto,basic,cycles,568371463,258988203,258988203
1,stride16-gcc13-auto-r1-stride16_scan-auto-warm-basic-134217728,stride16-gcc13-auto,basic,instructions,283120308,258987585,258987585
1,stride16-gcc13-auto-r1-stride16_scan-auto-warm-basic-134217728,stride16-gcc13-auto,basic,ref_cycles,568374598,258983792,258983792
1,stride16-gcc13-auto-r1-stride16_scan-auto-warm-basic-36864,stride16-gcc13-auto,basic,cycles,548714294,250031344,250031344
1,stride16-gcc13-auto-r1-stride16_scan-auto-warm-basic-36864,stride16-gcc13-auto,basic,instructions,1117945578,250028726,250028726
1,stride16-gcc13-auto-r1-stride16_scan-auto-warm-basic-36864,stride16-gcc13-auto,basic,ref_cycles,548715948,250025564,250025564
1,stride16-gcc13-auto-r1-stride16_scan-auto-warm-branch-294912,stride16-gcc13-auto,branch,cycles,548745934,250039609,250039609
1,stride16-gcc13-auto-r1-stride16_scan-auto-warm-branch-294912,stride16-gcc13-auto,branch,branches,139699084,250036494,250036494
1,stride16-gcc13-auto-r1-stride16_scan-auto-warm-branch-294912,stride16-gcc13-auto,branch,branch_misses,30191,250032851,250032851
1,stride16-gcc13-auto-r1-stride16_scan-auto-cache_evicted-branch-536870912,stride16-gcc13-auto,branch,cycles,599592805,273212132,273212132
1,stride16-gcc13-auto-r1-stride16_scan-auto-cache_evicted-branch-536870912,stride16-gcc13-auto,branch,branches,58720591,273211092,273211092
1,stride16-gcc13-auto-r1-stride16_scan-auto-cache_evicted-branch-536870912,stride16-gcc13-auto,branch,branch_misses,42,273207148,273207148
1,stride16-gcc13-auto-r1-stride16_scan-auto-warm-basic-65536,stride16-gcc13-auto,basic,cycles,548732948,250033984,250033984
1,stride16-gcc13-auto-r1-stride16_scan-auto-warm-basic-65536,stride16-gcc13-auto,basic,instructions,1038235467,250032254,250032254
1,stride16-gcc13-auto-r1-stride16_scan-auto-warm-basic-65536,stride16-gcc13-auto,basic,ref_cycles,548735176,250028873,250028873
1,stride16-gcc13-auto-r1-stride16_scan-auto-warm-branch-33554432,stride16-gcc13-auto,branch,cycles,549467955,250376519,250376519
1,stride16-gcc13-auto-r1-stride16_scan-auto-warm-branch-33554432,stride16-gcc13-auto,branch,branches,54004783,250375924,250375924
1,stride16-gcc13-auto-r1-stride16_scan-auto-warm-branch-33554432,stride16-gcc13-auto,branch,branch_misses,128,250372185,250372185
1,stride16-gcc13-auto-r1-stride16_scan-auto-cache_evicted-branch-262144,stride16-gcc13-auto,branch,cycles,548736868,250036159,250036159
1,stride16-gcc13-auto-r1-stride16_scan-auto-cache_evicted-branch-262144,stride16-gcc13-auto,branch,branches,164117419,250032956,250032956
1,stride16-gcc13-auto-r1-stride16_scan-auto-cache_evicted-branch-262144,stride16-gcc13-auto,branch,branch_misses,39839,250029126,250029126
1,stride16-gcc13-auto-r1-stride16_scan-auto-warm-branch-134217728,stride16-gcc13-auto,branch,cycles,550344823,250777482,250777482
1,stride16-gcc13-auto-r1-stride16_scan-auto-warm-branch-134217728,stride16-gcc13-auto,branch,branches,54526838,250776205,250776205
1,stride16-gcc13-auto-r1-stride16_scan-auto-warm-branch-134217728,stride16-gcc13-auto,branch,branch_misses,66,250772047,250772047
1,stride16-gcc13-auto-r1-stride16_scan-auto-warm-basic-294912,stride16-gcc13-auto,basic,cycles,548747431,250039494,250039494
1,stride16-gcc13-auto-r1-stride16_scan-auto-warm-basic-294912,stride16-gcc13-auto,basic,instructions,615383962,250036542,250036542
1,stride16-gcc13-auto-r1-stride16_scan-auto-warm-basic-294912,stride16-gcc13-auto,basic,ref_cycles,548748464,250032959,250032959
1,stride16-gcc13-auto-r1-stride16_scan-auto-warm-basic-536870912,stride16-gcc13-auto,basic,cycles,599520128,273179889,273179889
1,stride16-gcc13-auto-r1-stride16_scan-auto-warm-basic-536870912,stride16-gcc13-auto,basic,instructions,293602988,273179066,273179066
1,stride16-gcc13-auto-r1-stride16_scan-auto-warm-basic-536870912,stride16-gcc13-auto,basic,ref_cycles,599523364,273175299,273175299
1,stride16-gcc13-auto-r1-stride16_scan-auto-cache_evicted-basic-32768,stride16-gcc13-auto,basic,cycles,548730738,250032405,250032405
1,stride16-gcc13-auto-r1-stride16_scan-auto-cache_evicted-basic-32768,stride16-gcc13-auto,basic,instructions,1715773655,250029146,250029146
1,stride16-gcc13-auto-r1-stride16_scan-auto-cache_evicted-basic-32768,stride16-gcc13-auto,basic,ref_cycles,548732008,250025429,250025429
1,stride16-gcc13-auto-r1-stride16_scan-auto-cache_evicted-basic-1048576,stride16-gcc13-auto,basic,cycles,548751200,250041460,250041460
1,stride16-gcc13-auto-r1-stride16_scan-auto-cache_evicted-basic-1048576,stride16-gcc13-auto,basic,instructions,561879458,250038527,250038527
1,stride16-gcc13-auto-r1-stride16_scan-auto-cache_evicted-basic-1048576,stride16-gcc13-auto,basic,ref_cycles,548752578,250035135,250035135
1,stride16-gcc13-auto-r1-stride16_scan-auto-warm-basic-196608,stride16-gcc13-auto,basic,cycles,548738501,250036134,250036134
1,stride16-gcc13-auto-r1-stride16_scan-auto-warm-basic-196608,stride16-gcc13-auto,basic,instructions,1118404959,250034211,250034211
1,stride16-gcc13-auto-r1-stride16_scan-auto-warm-basic-196608,stride16-gcc13-auto,basic,ref_cycles,548740500,250031289,250031289
1,stride16-gcc13-auto-r1-stride16_scan-auto-warm-branch-131072,stride16-gcc13-auto,branch,cycles,548733979,250033931,250033931
1,stride16-gcc13-auto-r1-stride16_scan-auto-warm-branch-131072,stride16-gcc13-auto,branch,branches,213519953,250030116,250030116
1,stride16-gcc13-auto-r1-stride16_scan-auto-warm-branch-131072,stride16-gcc13-auto,branch,branch_misses,102868,250026043,250026043
1,stride16-gcc13-auto-r1-stride16_scan-auto-warm-branch-65536,stride16-gcc13-auto,branch,cycles,548733017,250033397,250033397
1,stride16-gcc13-auto-r1-stride16_scan-auto-warm-branch-65536,stride16-gcc13-auto,branch,branches,207229622,250032882,250032882
1,stride16-gcc13-auto-r1-stride16_scan-auto-warm-branch-65536,stride16-gcc13-auto,branch,branch_misses,196902,250029749,250029749
1,stride16-gcc13-auto-r1-stride16_scan-auto-warm-basic-393216,stride16-gcc13-auto,basic,cycles,548752711,250042891,250042891
1,stride16-gcc13-auto-r1-stride16_scan-auto-warm-basic-393216,stride16-gcc13-auto,basic,instructions,585526639,250039978,250039978
1,stride16-gcc13-auto-r1-stride16_scan-auto-warm-basic-393216,stride16-gcc13-auto,basic,ref_cycles,548753854,250036503,250036503
1,stride16-gcc13-auto-r1-stride16_scan-auto-warm-basic-5242880,stride16-gcc13-auto,basic,cycles,548803601,250070408,250070408
1,stride16-gcc13-auto-r1-stride16_scan-auto-warm-basic-5242880,stride16-gcc13-auto,basic,instructions,527354028,250070136,250070136
1,stride16-gcc13-auto-r1-stride16_scan-auto-warm-basic-5242880,stride16-gcc13-auto,basic,ref_cycles,548807886,250067527,250067527
1,stride16-gcc13-auto-r1-stride16_scan-auto-cache_evicted-branch-32768,stride16-gcc13-auto,branch,cycles,548731426,250038468,250038468
1,stride16-gcc13-auto-r1-stride16_scan-auto-cache_evicted-branch-32768,stride16-gcc13-auto,branch,branches,345190054,250036363,250036363
1,stride16-gcc13-auto-r1-stride16_scan-auto-cache_evicted-branch-32768,stride16-gcc13-auto,branch,branch_misses,638290,250031466,250031466
1,stride16-gcc13-auto-r1-stride16_scan-auto-cache_evicted-basic-536870912,stride16-gcc13-auto,basic,cycles,594726781,270993626,270993626
1,stride16-gcc13-auto-r1-stride16_scan-auto-cache_evicted-basic-536870912,stride16-gcc13-auto,basic,instructions,293602988,270993015,270993015
1,stride16-gcc13-auto-r1-stride16_scan-auto-cache_evicted-basic-536870912,stride16-gcc13-auto,basic,ref_cycles,594730180,270990352,270990352
1,stride16-gcc13-auto-r1-stride16_scan-auto-warm-branch-1048576,stride16-gcc13-auto,branch,cycles,548761123,250048334,250048334
1,stride16-gcc13-auto-r1-stride16_scan-auto-warm-branch-1048576,stride16-gcc13-auto,branch,branches,112347158,250047152,250047152
1,stride16-gcc13-auto-r1-stride16_scan-auto-warm-branch-1048576,stride16-gcc13-auto,branch,branch_misses,6901,250043619,250043619
1,stride16-gcc13-auto-r1-stride16_scan-auto-warm-branch-4194304,stride16-gcc13-auto,branch,cycles,548731308,250036928,250036928
1,stride16-gcc13-auto-r1-stride16_scan-auto-warm-branch-4194304,stride16-gcc13-auto,branch,branches,103199446,250035381,250035381
1,stride16-gcc13-auto-r1-stride16_scan-auto-warm-branch-4194304,stride16-gcc13-auto,branch,branch_misses,1620,250031635,250031635
1,stride16-gcc13-auto-r1-stride16_scan-auto-warm-branch-196608,stride16-gcc13-auto,branch,cycles,548738483,250036824,250036824
1,stride16-gcc13-auto-r1-stride16_scan-auto-warm-branch-196608,stride16-gcc13-auto,branch,branches,223476834,250035097,250035097
1,stride16-gcc13-auto-r1-stride16_scan-auto-warm-branch-196608,stride16-gcc13-auto,branch,branch_misses,77690,250031818,250031818
1,stride16-gcc13-auto-r1-stride16_scan-auto-cache_evicted-branch-33554432,stride16-gcc13-auto,branch,cycles,551947809,251506399,251506399
1,stride16-gcc13-auto-r1-stride16_scan-auto-cache_evicted-branch-33554432,stride16-gcc13-auto,branch,branches,52956149,251505486,251505486
1,stride16-gcc13-auto-r1-stride16_scan-auto-cache_evicted-branch-33554432,stride16-gcc13-auto,branch,branch_misses,128,251501498,251501498
1,stride16-gcc13-auto-r1-stride16_scan-auto-warm-branch-6291456,stride16-gcc13-auto,branch,cycles,548785444,250065092,250065092
1,stride16-gcc13-auto-r1-stride16_scan-auto-warm-branch-6291456,stride16-gcc13-auto,branch,branches,91154833,250065136,250065136
1,stride16-gcc13-auto-r1-stride16_scan-auto-warm-branch-6291456,stride16-gcc13-auto,branch,branch_misses,962,250061362,250061362
1,stride16-gcc13-auto-r1-stride16_scan-auto-warm-branch-393216,stride16-gcc13-auto,branch,cycles,548759739,250046758,250046758
1,stride16-gcc13-auto-r1-stride16_scan-auto-warm-branch-393216,stride16-gcc13-auto,branch,branches,112348751,250044683,250044683
1,stride16-gcc13-auto-r1-stride16_scan-auto-warm-branch-393216,stride16-gcc13-auto,branch,branch_misses,18249,250041361,250041361
1,stride16-gcc13-auto-r1-stride16_scan-auto-warm-branch-2097152,stride16-gcc13-auto,branch,cycles,548883058,250103662,250103662
1,stride16-gcc13-auto-r1-stride16_scan-auto-warm-branch-2097152,stride16-gcc13-auto,branch,branches,112329864,250101172,250101172
1,stride16-gcc13-auto-r1-stride16_scan-auto-warm-branch-2097152,stride16-gcc13-auto,branch,branch_misses,3470,250097347,250097347
1,stride16-gcc13-auto-r1-stride16_scan-auto-warm-branch-98304,stride16-gcc13-auto,branch,cycles,548734431,250034972,250034972
1,stride16-gcc13-auto-r1-stride16_scan-auto-warm-branch-98304,stride16-gcc13-auto,branch,branches,209874639,250031311,250031311
1,stride16-gcc13-auto-r1-stride16_scan-auto-warm-branch-98304,stride16-gcc13-auto,branch,branch_misses,134212,250027274,250027274
1,stride16-gcc13-auto-r1-stride16_scan-auto-warm-basic-524288,stride16-gcc13-auto,basic,cycles,548751609,250041452,250041452
1,stride16-gcc13-auto-r1-stride16_scan-auto-warm-basic-524288,stride16-gcc13-auto,basic,instructions,561494949,250038879,250038879
1,stride16-gcc13-auto-r1-stride16_scan-auto-warm-basic-524288,stride16-gcc13-auto,basic,ref_cycles,548752930,250035317,250035317
1,stride16-gcc13-auto-r1-stride16_scan-auto-warm-basic-98304,stride16-gcc13-auto,basic,cycles,548732104,250032097,250032097
1,stride16-gcc13-auto-r1-stride16_scan-auto-warm-basic-98304,stride16-gcc13-auto,basic,instructions,1055796811,250028690,250028690
1,stride16-gcc13-auto-r1-stride16_scan-auto-warm-basic-98304,stride16-gcc13-auto,basic,ref_cycles,548732998,250025059,250025059
1,stride16-gcc13-auto-r1-stride16_scan-auto-warm-basic-4194304,stride16-gcc13-auto,basic,cycles,549058944,250184478,250184478
1,stride16-gcc13-auto-r1-stride16_scan-auto-warm-basic-4194304,stride16-gcc13-auto,basic,instructions,533058714,250183731,250183731
1,stride16-gcc13-auto-r1-stride16_scan-auto-warm-basic-4194304,stride16-gcc13-auto,basic,ref_cycles,549061788,250180178,250180178
1,stride16-gcc13-auto-r1-stride16_scan-auto-warm-basic-131072,stride16-gcc13-auto,basic,cycles,548735822,250035246,250035246
1,stride16-gcc13-auto-r1-stride16_scan-auto-warm-basic-131072,stride16-gcc13-auto,basic,instructions,1073545066,250033660,250033660
1,stride16-gcc13-auto-r1-stride16_scan-auto-warm-basic-131072,stride16-gcc13-auto,basic,ref_cycles,548738344,250030445,250030445
1,stride16-gcc13-auto-r1-stride16_scan-auto-cache_evicted-branch-6291456,stride16-gcc13-auto,branch,cycles,548794765,250070425,250070425
1,stride16-gcc13-auto-r1-stride16_scan-auto-cache_evicted-branch-6291456,stride16-gcc13-auto,branch,branches,80928195,250069192,250069192
1,stride16-gcc13-auto-r1-stride16_scan-auto-cache_evicted-branch-6291456,stride16-gcc13-auto,branch,branch_misses,878,250065456,250065456
1,stride16-gcc13-auto-r1-stride16_scan-auto-warm-basic-24576,stride16-gcc13-auto,basic,cycles,548730871,250032188,250032188
1,stride16-gcc13-auto-r1-stride16_scan-auto-warm-basic-24576,stride16-gcc13-auto,basic,instructions,1823749613,250029791,250029791
1,stride16-gcc13-auto-r1-stride16_scan-auto-warm-basic-24576,stride16-gcc13-auto,basic,ref_cycles,548732448,250026303,250026303
1,stride16-gcc13-auto-r1-stride16_scan-auto-cache_evicted-basic-6291456,stride16-gcc13-auto,basic,cycles,549203059,250253588,250253588
1,stride16-gcc13-auto-r1-stride16_scan-auto-cache_evicted-basic-6291456,stride16-gcc13-auto,basic,instructions,407598376,250252970,250252970
1,stride16-gcc13-auto-r1-stride16_scan-auto-cache_evicted-basic-6291456,stride16-gcc13-auto,basic,ref_cycles,549206856,250249900,250249900
1,stride16-gcc13-auto-r1-stride16_scan-auto-warm-basic-8388608,stride16-gcc13-auto,basic,cycles,549312498,250303527,250303527
1,stride16-gcc13-auto-r1-stride16_scan-auto-warm-basic-8388608,stride16-gcc13-auto,basic,instructions,351356134,250302580,250302580
1,stride16-gcc13-auto-r1-stride16_scan-auto-warm-basic-8388608,stride16-gcc13-auto,basic,ref_cycles,549315888,250299251,250299251
1,stride16-gcc13-auto-r1-stride16_scan-auto-warm-basic-229376,stride16-gcc13-auto,basic,cycles,548734102,250033100,250033100
1,stride16-gcc13-auto-r1-stride16_scan-auto-warm-basic-229376,stride16-gcc13-auto,basic,instructions,741740719,250029264,250029264
1,stride16-gcc13-auto-r1-stride16_scan-auto-warm-basic-229376,stride16-gcc13-auto,basic,ref_cycles,548734934,250025754,250025754
1,stride16-gcc13-auto-r1-stride16_scan-auto-warm-basic-32768,stride16-gcc13-auto,basic,cycles,548731692,250031481,250031481
1,stride16-gcc13-auto-r1-stride16_scan-auto-warm-basic-32768,stride16-gcc13-auto,basic,instructions,1741643722,250031076,250031076
1,stride16-gcc13-auto-r1-stride16_scan-auto-warm-basic-32768,stride16-gcc13-auto,basic,ref_cycles,548734076,250028214,250028214
1,stride16-gcc13-auto-r1-stride16_scan-auto-warm-branch-262144,stride16-gcc13-auto,branch,cycles,548742635,250037684,250037684
1,stride16-gcc13-auto-r1-stride16_scan-auto-warm-branch-262144,stride16-gcc13-auto,branch,branches,154547421,250033789,250033789
1,stride16-gcc13-auto-r1-stride16_scan-auto-warm-branch-262144,stride16-gcc13-auto,branch,branch_misses,37513,250029993,250029993
1,stride16-gcc13-auto-r1-stride16_scan-auto-warm-branch-7340032,stride16-gcc13-auto,branch,cycles,548799459,250070274,250070274
1,stride16-gcc13-auto-r1-stride16_scan-auto-warm-branch-7340032,stride16-gcc13-auto,branch,branches,83169957,250070759,250070759
1,stride16-gcc13-auto-r1-stride16_scan-auto-warm-branch-7340032,stride16-gcc13-auto,branch,branch_misses,764,250067743,250067743
1,stride16-gcc13-auto-r1-stride16_scan-auto-warm-branch-8192,stride16-gcc13-auto,branch,cycles,548731232,250033972,250033972
1,stride16-gcc13-auto-r1-stride16_scan-auto-warm-branch-8192,stride16-gcc13-auto,branch,branches,321845979,250032846,250032846
1,stride16-gcc13-auto-r1-stride16_scan-auto-warm-branch-8192,stride16-gcc13-auto,branch,branch_misses,2050419,250029507,250029507
1,stride16-gcc13-auto-r1-stride16_scan-auto-warm-branch-28672,stride16-gcc13-auto,branch,cycles,548731797,250034659,250034659
1,stride16-gcc13-auto-r1-stride16_scan-auto-warm-branch-28672,stride16-gcc13-auto,branch,branches,347111203,250032493,250032493
1,stride16-gcc13-auto-r1-stride16_scan-auto-warm-branch-28672,stride16-gcc13-auto,branch,branch_misses,727962,250029808,250029808
1,stride16-gcc13-auto-r1-stride16_scan-auto-cache_evicted-basic-33554432,stride16-gcc13-auto,basic,cycles,549672513,250468835,250468835
1,stride16-gcc13-auto-r1-stride16_scan-auto-cache_evicted-basic-33554432,stride16-gcc13-auto,basic,instructions,270024812,250468738,250468738
1,stride16-gcc13-auto-r1-stride16_scan-auto-cache_evicted-basic-33554432,stride16-gcc13-auto,basic,ref_cycles,549676116,250465963,250465963
1,stride16-gcc13-auto-r1-stride16_scan-auto-warm-branch-8388608,stride16-gcc13-auto,branch,cycles,549650937,250459570,250459570
1,stride16-gcc13-auto-r1-stride16_scan-auto-warm-branch-8388608,stride16-gcc13-auto,branch,branches,63059715,250458394,250458394
1,stride16-gcc13-auto-r1-stride16_scan-auto-warm-branch-8388608,stride16-gcc13-auto,branch,branch_misses,521,250454263,250454263
1,stride16-gcc13-auto-r1-stride16_scan-auto-cache_evicted-branch-1048576,stride16-gcc13-auto,branch,cycles,548806264,250066467,250066467
1,stride16-gcc13-auto-r1-stride16_scan-auto-cache_evicted-branch-1048576,stride16-gcc13-auto,branch,branches,112412772,250062921,250062921
1,stride16-gcc13-auto-r1-stride16_scan-auto-cache_evicted-branch-1048576,stride16-gcc13-auto,branch,branch_misses,6876,250059046,250059046
1,stride16-gcc13-auto-r1-stride16_scan-auto-warm-basic-49152,stride16-gcc13-auto,basic,cycles,548731389,250030617,250030617
1,stride16-gcc13-auto-r1-stride16_scan-auto-warm-basic-49152,stride16-gcc13-auto,basic,instructions,1033680275,250027039,250027039
1,stride16-gcc13-auto-r1-stride16_scan-auto-warm-basic-49152,stride16-gcc13-auto,basic,ref_cycles,548732118,250023355,250023355
1,stride16-gcc13-auto-r1-stride16_scan-auto-warm-basic-28672,stride16-gcc13-auto,basic,cycles,548730801,250029900,250029900
1,stride16-gcc13-auto-r1-stride16_scan-auto-warm-basic-28672,stride16-gcc13-auto,basic,instructions,1765694723,250026608,250026608
1,stride16-gcc13-auto-r1-stride16_scan-auto-warm-basic-28672,stride16-gcc13-auto,basic,ref_cycles,548731480,250022865,250022865
1,stride16-gcc13-auto-r1-stride16_scan-auto-warm-branch-49152,stride16-gcc13-auto,branch,cycles,548731201,250030313,250030313
1,stride16-gcc13-auto-r1-stride16_scan-auto-warm-branch-49152,stride16-gcc13-auto,branch,branches,207816723,250028268,250028268
1,stride16-gcc13-auto-r1-stride16_scan-auto-warm-branch-49152,stride16-gcc13-auto,branch,branch_misses,260869,250024404,250024404
1,stride16-gcc13-auto-r1-stride16_scan-auto-warm-branch-16384,stride16-gcc13-auto,branch,cycles,548731720,250033232,250033232
1,stride16-gcc13-auto-r1-stride16_scan-auto-warm-branch-16384,stride16-gcc13-auto,branch,branches,350608664,250032357,250032357
1,stride16-gcc13-auto-r1-stride16_scan-auto-warm-branch-16384,stride16-gcc13-auto,branch,branch_misses,1230578,250029246,250029246
1,stride16-gcc13-auto-r1-stride16_scan-auto-cache_evicted-branch-8388608,stride16-gcc13-auto,branch,cycles,549571554,250424319,250424319
1,stride16-gcc13-auto-r1-stride16_scan-auto-cache_evicted-branch-8388608,stride16-gcc13-auto,branch,branches,59257784,250422753,250422753
1,stride16-gcc13-auto-r1-stride16_scan-auto-cache_evicted-branch-8388608,stride16-gcc13-auto,branch,branch_misses,487,250419102,250419102
1,stride16-gcc13-auto-r1-stride16_scan-auto-warm-basic-6291456,stride16-gcc13-auto,basic,cycles,549245732,250272421,250272421
1,stride16-gcc13-auto-r1-stride16_scan-auto-warm-basic-6291456,stride16-gcc13-auto,basic,instructions,404156658,250271219,250271219
1,stride16-gcc13-auto-r1-stride16_scan-auto-warm-basic-6291456,stride16-gcc13-auto,basic,ref_cycles,549249030,250267770,250267770
1,stride16-gcc13-auto-r1-stride16_scan-auto-warm-branch-5242880,stride16-gcc13-auto,branch,cycles,549072499,250192805,250192805
1,stride16-gcc13-auto-r1-stride16_scan-auto-warm-branch-5242880,stride16-gcc13-auto,branch,branches,97273599,250190751,250190751
1,stride16-gcc13-auto-r1-stride16_scan-auto-warm-branch-5242880,stride16-gcc13-auto,branch,branch_misses,1240,250186904,250186904
1,stride16-gcc13-auto-r1-stride16_scan-auto-cache_evicted-basic-8388608,stride16-gcc13-auto,basic,cycles,549457200,250369390,250369390
1,stride16-gcc13-auto-r1-stride16_scan-auto-cache_evicted-basic-8388608,stride16-gcc13-auto,basic,instructions,314647350,250369188,250369188
1,stride16-gcc13-auto-r1-stride16_scan-auto-cache_evicted-basic-8388608,stride16-gcc13-auto,basic,ref_cycles,549461022,250366023,250366023
1,stride16-gcc13-auto-r1-stride16_scan-auto-warm-branch-229376,stride16-gcc13-auto,branch,cycles,548732854,250032983,250032983
1,stride16-gcc13-auto-r1-stride16_scan-auto-warm-branch-229376,stride16-gcc13-auto,branch,branches,163156040,250028885,250028885
1,stride16-gcc13-auto-r1-stride16_scan-auto-warm-branch-229376,stride16-gcc13-auto,branch,branch_misses,45219,250025150,250025150
1,stride16-gcc13-auto-r1-stride16_scan-auto-warm-branch-12582912,stride16-gcc13-auto,branch,cycles,550113642,250669890,250669890
1,stride16-gcc13-auto-r1-stride16_scan-auto-warm-branch-12582912,stride16-gcc13-auto,branch,branches,55451766,250669893,250669893
1,stride16-gcc13-auto-r1-stride16_scan-auto-warm-branch-12582912,stride16-gcc13-auto,branch,branch_misses,313,250666135,250666135
1,stride16-gcc13-auto-r1-stride16_scan-auto-warm-branch-36864,stride16-gcc13-auto,branch,cycles,548730545,250031556,250031556
1,stride16-gcc13-auto-r1-stride16_scan-auto-warm-branch-36864,stride16-gcc13-auto,branch,branches,205530987,250027774,250027774
1,stride16-gcc13-auto-r1-stride16_scan-auto-warm-branch-36864,stride16-gcc13-auto,branch,branch_misses,339838,250023611,250023611
1,stride16-gcc13-auto-r1-stride16_scan-auto-warm-branch-524288,stride16-gcc13-auto,branch,cycles,548753587,250049242,250049242
1,stride16-gcc13-auto-r1-stride16_scan-auto-warm-branch-524288,stride16-gcc13-auto,branch,branches,112340098,250050300,250050300
1,stride16-gcc13-auto-r1-stride16_scan-auto-warm-branch-524288,stride16-gcc13-auto,branch,branch_misses,13708,250047514,250047514
1,stride16-gcc13-auto-r1-stride16_scan-auto-warm-branch-32768,stride16-gcc13-auto,branch,cycles,548731607,250033995,250033995
1,stride16-gcc13-auto-r1-stride16_scan-auto-warm-branch-32768,stride16-gcc13-auto,branch,branches,342332367,250032614,250032614
1,stride16-gcc13-auto-r1-stride16_scan-auto-warm-branch-32768,stride16-gcc13-auto,branch,branch_misses,632957,250029299,250029299
1,stride16-gcc13-auto-r1-stride16_scan-auto-cache_evicted-basic-262144,stride16-gcc13-auto,basic,cycles,548737468,250039963,250039963
1,stride16-gcc13-auto-r1-stride16_scan-auto-cache_evicted-basic-262144,stride16-gcc13-auto,basic,instructions,715918767,250038693,250038693
1,stride16-gcc13-auto-r1-stride16_scan-auto-cache_evicted-basic-262144,stride16-gcc13-auto,basic,ref_cycles,548740654,250035133,250035133
1,stride16-gcc13-auto-r1-stride16_scan-auto-warm-basic-16384,stride16-gcc13-auto,basic,cycles,548731776,250034258,250034258
1,stride16-gcc13-auto-r1-stride16_scan-auto-warm-basic-16384,stride16-gcc13-auto,basic,instructions,1734142378,250032609,250032609
1,stride16-gcc13-auto-r1-stride16_scan-auto-warm-basic-16384,stride16-gcc13-auto,basic,ref_cycles,548734384,250029511,250029511
1,stride16-gcc13-auto-r1-stride16_scan-auto-warm-basic-33554432,stride16-gcc13-auto,basic,cycles,549573700,250423643,250423643
1,stride16-gcc13-auto-r1-stride16_scan-auto-warm-basic-33554432,stride16-gcc13-auto,basic,instructions,249052060,250422182,250422182
1,stride16-gcc13-auto-r1-stride16_scan-auto-warm-basic-33554432,stride16-gcc13-auto,basic,ref_cycles,549577050,250418746,250418746
1,stride16-gcc13-auto-r1-stride16_scan-auto-warm-basic-2097152,stride16-gcc13-auto,basic,cycles,548877230,250100207,250100207
1,stride16-gcc13-auto-r1-stride16_scan-auto-warm-basic-2097152,stride16-gcc13-auto,basic,instructions,559220170,250098841,250098841
1,stride16-gcc13-auto-r1-stride16_scan-auto-warm-basic-2097152,stride16-gcc13-auto,basic,ref_cycles,548880024,250095480,250095480
1,stride16-gcc13-auto-r1-stride16_scan-auto-warm-basic-7340032,stride16-gcc13-auto,basic,cycles,549441112,250362892,250362892
1,stride16-gcc13-auto-r1-stride16_scan-auto-warm-basic-7340032,stride16-gcc13-auto,basic,instructions,282208890,250362276,250362276
1,stride16-gcc13-auto-r1-stride16_scan-auto-warm-basic-7340032,stride16-gcc13-auto,basic,ref_cycles,549444566,250359025,250359025
1,stride16-gcc13-auto-r1-stride16_scan-auto-warm-basic-262144,stride16-gcc13-auto,basic,cycles,548743681,250039645,250039645
1,stride16-gcc13-auto-r1-stride16_scan-auto-warm-basic-262144,stride16-gcc13-auto,basic,instructions,674691252,250037899,250037899
1,stride16-gcc13-auto-r1-stride16_scan-auto-warm-basic-262144,stride16-gcc13-auto,basic,ref_cycles,548746220,250034502,250034502
1,stride16-gcc13-auto-r2-stride16_scan-auto-warm-branch-16384,stride16-gcc13-auto,branch,cycles,548731797,250034813,250034813
1,stride16-gcc13-auto-r2-stride16_scan-auto-warm-branch-16384,stride16-gcc13-auto,branch,branches,343096557,250033453,250033453
1,stride16-gcc13-auto-r2-stride16_scan-auto-warm-branch-16384,stride16-gcc13-auto,branch,branch_misses,1204388,250030260,250030260
1,stride16-gcc13-auto-r2-stride16_scan-auto-warm-basic-33554432,stride16-gcc13-auto,basic,cycles,552131922,251588086,251588086
1,stride16-gcc13-auto-r2-stride16_scan-auto-warm-basic-33554432,stride16-gcc13-auto,basic,instructions,251673654,251587527,251587527
1,stride16-gcc13-auto-r2-stride16_scan-auto-warm-basic-33554432,stride16-gcc13-auto,basic,ref_cycles,552135232,251583894,251583894
1,stride16-gcc13-auto-r2-stride16_scan-auto-warm-branch-5242880,stride16-gcc13-auto,branch,cycles,549016307,250170145,250170145
1,stride16-gcc13-auto-r2-stride16_scan-auto-warm-branch-5242880,stride16-gcc13-auto,branch,branches,71295765,250168518,250168518
1,stride16-gcc13-auto-r2-stride16_scan-auto-warm-branch-5242880,stride16-gcc13-auto,branch,branch_misses,919,250164743,250164743
1,stride16-gcc13-auto-r2-stride16_scan-auto-warm-branch-8388608,stride16-gcc13-auto,branch,cycles,549609466,250441063,250441063
1,stride16-gcc13-auto-r2-stride16_scan-auto-warm-branch-8388608,stride16-gcc13-auto,branch,branches,48638642,250439354,250439354
1,stride16-gcc13-auto-r2-stride16_scan-auto-warm-branch-8388608,stride16-gcc13-auto,branch,branch_misses,403,250435378,250435378
1,stride16-gcc13-auto-r2-stride16_scan-auto-cache_evicted-branch-6291456,stride16-gcc13-auto,branch,cycles,548811522,250078349,250078349
1,stride16-gcc13-auto-r2-stride16_scan-auto-cache_evicted-branch-6291456,stride16-gcc13-auto,branch,branches,54083282,250077261,250077261
1,stride16-gcc13-auto-r2-stride16_scan-auto-cache_evicted-branch-6291456,stride16-gcc13-auto,branch,branch_misses,598,250073556,250073556
1,stride16-gcc13-auto-r2-stride16_scan-auto-warm-branch-98304,stride16-gcc13-auto,branch,cycles,548734265,250036109,250036109
1,stride16-gcc13-auto-r2-stride16_scan-auto-warm-branch-98304,stride16-gcc13-auto,branch,branches,208706044,250034562,250034562
1,stride16-gcc13-auto-r2-stride16_scan-auto-warm-branch-98304,stride16-gcc13-auto,branch,branch_misses,133478,250031240,250031240
1,stride16-gcc13-auto-r2-stride16_scan-auto-cache_evicted-branch-8388608,stride16-gcc13-auto,branch,cycles,549900397,250574447,250574447
1,stride16-gcc13-auto-r2-stride16_scan-auto-cache_evicted-branch-8388608,stride16-gcc13-auto,branch,branches,59126683,250573167,250573167
1,stride16-gcc13-auto-r2-stride16_scan-auto-cache_evicted-branch-8388608,stride16-gcc13-auto,branch,branch_misses,488,250569498,250569498
1,stride16-gcc13-auto-r2-stride16_scan-auto-warm-basic-49152,stride16-gcc13-auto,basic,cycles,548731291,250033042,250033042
1,stride16-gcc13-auto-r2-stride16_scan-auto-warm-basic-49152,stride16-gcc13-auto,basic,instructions,1033660303,250031841,250031841
1,stride16-gcc13-auto-r2-stride16_scan-auto-warm-basic-49152,stride16-gcc13-auto,basic,ref_cycles,548733922,250028717,250028717
1,stride16-gcc13-auto-r2-stride16_scan-auto-warm-basic-65536,stride16-gcc13-auto,basic,cycles,548732203,250035009,250035009
1,stride16-gcc13-auto-r2-stride16_scan-auto-warm-basic-65536,stride16-gcc13-auto,basic,instructions,1052290415,250034214,250034214
1,stride16-gcc13-auto-r2-stride16_scan-auto-warm-basic-65536,stride16-gcc13-auto,basic,ref_cycles,548736122,250031438,250031438
1,stride16-gcc13-auto-r2-stride16_scan-auto-warm-basic-134217728,stride16-gcc13-auto,basic,cycles,549665148,250465441,250465441
1,stride16-gcc13-auto-r2-stride16_scan-auto-warm-basic-134217728,stride16-gcc13-auto,basic,instructions,272634394,250463386,250463386
1,stride16-gcc13-auto-r2-stride16_scan-auto-warm-basic-134217728,stride16-gcc13-auto,basic,ref_cycles,549670462,250460201,250460201
1,stride16-gcc13-auto-r2-stride16_scan-auto-cache_evicted-basic-33554432,stride16-gcc13-auto,basic,cycles,550114645,250669043,250669043
1,stride16-gcc13-auto-r2-stride16_scan-auto-cache_evicted-basic-33554432,stride16-gcc13-auto,basic,instructions,272646406,250667486,250667486
1,stride16-gcc13-auto-r2-stride16_scan-auto-cache_evicted-basic-33554432,stride16-gcc13-auto,basic,ref_cycles,550118712,250664702,250664702
1,stride16-gcc13-auto-r2-stride16_scan-auto-warm-branch-65536,stride16-gcc13-auto,branch,cycles,548731725,250034448,250034448
1,stride16-gcc13-auto-r2-stride16_scan-auto-warm-branch-65536,stride16-gcc13-auto,branch,branches,209874813,250032552,250032552
1,stride16-gcc13-auto-r2-stride16_scan-auto-warm-branch-65536,stride16-gcc13-auto,branch,branch_misses,199474,250029011,250029011
1,stride16-gcc13-auto-r2-stride16_scan-auto-warm-branch-262144,stride16-gcc13-auto,branch,cycles,548737907,250039932,250039932
1,stride16-gcc13-auto-r2-stride16_scan-auto-warm-branch-262144,stride16-gcc13-auto,branch,branches,139949131,250038655,250038655
1,stride16-gcc13-auto-r2-stride16_scan-auto-warm-branch-262144,stride16-gcc13-auto,branch,branch_misses,35104,250035026,250035026
1,stride16-gcc13-auto-r2-stride16_scan-auto-warm-basic-8192,stride16-gcc13-auto,basic,cycles,548731335,250033379,250033379
1,stride16-gcc13-auto-r2-stride16_scan-auto-warm-basic-8192,stride16-gcc13-auto,basic,instructions,1624297823,250032463,250032463
1,stride16-gcc13-auto-r2-stride16_scan-auto-warm-basic-8192,stride16-gcc13-auto,basic,ref_cycles,548733834,250029526,250029526
1,stride16-gcc13-auto-r2-stride16_scan-auto-warm-branch-7340032,stride16-gcc13-auto,branch,cycles,549200091,250256604,250256604
1,stride16-gcc13-auto-r2-stride16_scan-auto-warm-branch-7340032,stride16-gcc13-auto,branch,branches,56899764,250255107,250255107
1,stride16-gcc13-auto-r2-stride16_scan-auto-warm-branch-7340032,stride16-gcc13-auto,branch,branch_misses,536,250250881,250250881
1,stride16-gcc13-auto-r2-stride16_scan-auto-cache_evicted-basic-262144,stride16-gcc13-auto,basic,cycles,548740097,250036896,250036896
1,stride16-gcc13-auto-r2-stride16_scan-auto-cache_evicted-basic-262144,stride16-gcc13-auto,basic,instructions,872096745,250034781,250034781
1,stride16-gcc13-auto-r2-stride16_scan-auto-cache_evicted-basic-262144,stride16-gcc13-auto,basic,ref_cycles,548741842,250031546,250031546
1,stride16-gcc13-auto-r2-stride16_scan-auto-warm-basic-36864,stride16-gcc13-auto,basic,cycles,548731453,250033575,250033575
1,stride16-gcc13-auto-r2-stride16_scan-auto-warm-basic-36864,stride16-gcc13-auto,basic,instructions,1025987558,250032036,250032036
1,stride16-gcc13-auto-r2-stride16_scan-auto-warm-basic-36864,stride16-gcc13-auto,basic,ref_cycles,548733702,250028304,250028304
1,stride16-gcc13-auto-r2-stride16_scan-auto-warm-branch-28672,stride16-gcc13-auto,branch,cycles,548731179,250033403,250033403
1,stride16-gcc13-auto-r2-stride16_scan-auto-warm-branch-28672,stride16-gcc13-auto,branch,branches,351319707,250031312,250031312
1,stride16-gcc13-auto-r2-stride16_scan-auto-warm-branch-28672,stride16-gcc13-auto,branch,branch_misses,736725,250027417,250027417
1,stride16-gcc13-auto-r2-stride16_scan-auto-warm-basic-32768,stride16-gcc13-auto,basic,cycles,548732177,250033414,250033414
1,stride16-gcc13-auto-r2-stride16_scan-auto-warm-basic-32768,stride16-gcc13-auto,basic,instructions,1729523296,250032045,250032045
1,stride16-gcc13-auto-r2-stride16_scan-auto-warm-basic-32768,stride16-gcc13-auto,basic,ref_cycles,548734912,250028839,250028839
1,stride16-gcc13-auto-r2-stride16_scan-auto-warm-basic-6291456,stride16-gcc13-auto,basic,cycles,548860332,250097129,250097129
1,stride16-gcc13-auto-r2-stride16_scan-auto-warm-basic-6291456,stride16-gcc13-auto,basic,instructions,473974366,250098421,250098421
1,stride16-gcc13-auto-r2-stride16_scan-auto-warm-basic-6291456,stride16-gcc13-auto,basic,ref_cycles,548863810,250094508,250094508
1,stride16-gcc13-auto-r2-stride16_scan-auto-warm-branch-536870912,stride16-gcc13-auto,branch,cycles,596665273,271879090,271879090
1,stride16-gcc13-auto-r2-stride16_scan-auto-warm-branch-536870912,stride16-gcc13-auto,branch,branches,58720591,271879302,271879302
1,stride16-gcc13-auto-r2-stride16_scan-auto-warm-branch-536870912,stride16-gcc13-auto,branch,branch_misses,41,271875320,271875320
1,stride16-gcc13-auto-r2-stride16_scan-auto-warm-branch-33554432,stride16-gcc13-auto,branch,cycles,551433358,251272268,251272268
1,stride16-gcc13-auto-r2-stride16_scan-auto-warm-branch-33554432,stride16-gcc13-auto,branch,branches,55053417,251272320,251272320
1,stride16-gcc13-auto-r2-stride16_scan-auto-warm-branch-33554432,stride16-gcc13-auto,branch,branch_misses,134,251268171,251268171
1,stride16-gcc13-auto-r2-stride16_scan-auto-warm-basic-393216,stride16-gcc13-auto,basic,cycles,548746324,250039388,250039388
1,stride16-gcc13-auto-r2-stride16_scan-auto-warm-basic-393216,stride16-gcc13-auto,basic,instructions,560950391,250036224,250036224
1,stride16-gcc13-auto-r2-stride16_scan-auto-warm-basic-393216,stride16-gcc13-auto,basic,ref_cycles,548747848,250032930,250032930
1,stride16-gcc13-auto-r2-stride16_scan-auto-cache_evicted-branch-262144,stride16-gcc13-auto,branch,cycles,548733846,250036585,250036585
1,stride16-gcc13-auto-r2-stride16_scan-auto-cache_evicted-branch-262144,stride16-gcc13-auto,branch,branches,154605187,250035045,250035045
1,stride16-gcc13-auto-r2-stride16_scan-auto-cache_evicted-branch-262144,stride16-gcc13-auto,branch,branch_misses,42126,250031545,250031545
1,stride16-gcc13-auto-r2-stride16_scan-auto-warm-branch-294912,stride16-gcc13-auto,branch,cycles,548747849,250042020,250042020
1,stride16-gcc13-auto-r2-stride16_scan-auto-warm-branch-294912,stride16-gcc13-auto,branch,branches,138511978,250039945,250039945
1,stride16-gcc13-auto-r2-stride16_scan-auto-warm-branch-294912,stride16-gcc13-auto,branch,branch_misses,29923,250036947,250036947
1,stride16-gcc13-auto-r2-stride16_scan-auto-warm-basic-2097152,stride16-gcc13-auto,basic,cycles,548767665,250052304,250052304
1,stride16-gcc13-auto-r2-stride16_scan-auto-warm-basic-2097152,stride16-gcc13-auto,basic,instructions,561680080,250050197,250050197
1,stride16-gcc13-auto-r2-stride16_scan-auto-warm-basic-2097152,stride16-gcc13-auto,basic,ref_cycles,548770354,250046420,250046420
1,stride16-gcc13-auto-r2-stride16_scan-auto-warm-branch-524288,stride16-gcc13-auto,branch,cycles,548765499,250050040,250050040
1,stride16-gcc13-auto-r2-stride16_scan-auto-warm-branch-524288,stride16-gcc13-auto,branch,branches,112216792,250048286,250048286
1,stride16-gcc13-auto-r2-stride16_scan-auto-warm-branch-524288,stride16-gcc13-auto,branch,branch_misses,13695,250045318,250045318
1,stride16-gcc13-auto-r2-stride16_scan-auto-warm-branch-8192,stride16-gcc13-auto,branch,cycles,548731580,250034253,250034253
1,stride16-gcc13-auto-r2-stride16_scan-auto-warm-branch-8192,stride16-gcc13-auto,branch,branches,324430287,250032311,250032311
1,stride16-gcc13-auto-r2-stride16_scan-auto-warm-branch-8192,stride16-gcc13-auto,branch,branch_misses,2066924,250028922,250028922
1,stride16-gcc13-auto-r2-stride16_scan-auto-warm-basic-28672,stride16-gcc13-auto,basic,cycles,548730971,250032396,250032396
1,stride16-gcc13-auto-r2-stride16_scan-auto-warm-basic-28672,stride16-gcc13-auto,basic,instructions,1782302814,250029243,250029243
1,stride16-gcc13-auto-r2-stride16_scan-auto-warm-basic-28672,stride16-gcc13-auto,basic,ref_cycles,548732514,250025822,250025822
1,stride16-gcc13-auto-r2-stride16_scan-auto-warm-branch-131072,stride16-gcc13-auto,branch,cycles,548734146,250035277,250035277
1,stride16-gcc13-auto-r2-stride16_scan-auto-warm-branch-131072,stride16-gcc13-auto,branch,branches,212655911,250033595,250033595
1,stride16-gcc13-auto-r2-stride16_scan-auto-warm-branch-131072,stride16-gcc13-auto,branch,branch_misses,102445,250030201,250030201
1,stride16-gcc13-auto-r2-stride16_scan-auto-warm-basic-131072,stride16-gcc13-auto,basic,cycles,548734217,250034284,250034284
1,stride16-gcc13-auto-r2-stride16_scan-auto-warm-basic-131072,stride16-gcc13-auto,basic,instructions,1078877264,250031921,250031921
1,stride16-gcc13-auto-r2-stride16_scan-auto-warm-basic-131072,stride16-gcc13-auto,basic,ref_cycles,548736144,250029434,250029434
1,stride16-gcc13-auto-r2-stride16_scan-auto-cache_evicted-basic-32768,stride16-gcc13-auto,basic,cycles,548730659,250032570,250032570
1,stride16-gcc13-auto-r2-stride16_scan-auto-cache_evicted-basic-32768,stride16-gcc13-auto,basic,instructions,1723581883,250029529,250029529
1,stride16-gcc13-auto-r2-stride16_scan-auto-cache_evicted-basic-32768,stride16-gcc13-auto,basic,ref_cycles,548732008,250026023,250026023
1,stride16-gcc13-auto-r2-stride16_scan-auto-warm-branch-134217728,stride16-gcc13-auto,branch,cycles,553896690,252393599,252393599
1,stride16-gcc13-auto-r2-stride16_scan-auto-warm-branch-134217728,stride16-gcc13-auto,branch,branches,54526838,252391552,252391552
1,stride16-gcc13-auto-r2-stride16_scan-auto-warm-branch-134217728,stride16-gcc13-auto,branch,branch_misses,57,252387249,252387249
1,stride16-gcc13-auto-r2-stride16_scan-auto-warm-branch-6291456,stride16-gcc13-auto,branch,cycles,549090694,250202846,250202846
1,stride16-gcc13-auto-r2-stride16_scan-auto-warm-branch-6291456,stride16-gcc13-auto,branch,branches,96661471,250202569,250202569
1,stride16-gcc13-auto-r2-stride16_scan-auto-warm-branch-6291456,stride16-gcc13-auto,branch,branch_misses,1026,250198893,250198893
1,stride16-gcc13-auto-r2-stride16_scan-auto-warm-basic-196608,stride16-gcc13-auto,basic,cycles,548733225,250034416,250034416
1,stride16-gcc13-auto-r2-stride16_scan-auto-warm-basic-196608,stride16-gcc13-auto,basic,instructions,1105016384,250031927,250031927
1,stride16-gcc13-auto-r2-stride16_scan-auto-warm-basic-196608,stride16-gcc13-auto,basic,ref_cycles,548734956,250028325,250028325
1,stride16-gcc13-auto-r2-stride16_scan-auto-warm-branch-1048576,stride16-gcc13-auto,branch,cycles,548810578,250069353,250069353
1,stride16-gcc13-auto-r2-stride16_scan-auto-warm-branch-1048576,stride16-gcc13-auto,branch,branches,112314305,250066467,250066467
1,stride16-gcc13-auto-r2-stride16_scan-auto-warm-branch-1048576,stride16-gcc13-auto,branch,branch_misses,11434,250062610,250062610
1,stride16-gcc13-auto-r2-stride16_scan-auto-warm-branch-24576,stride16-gcc13-auto,branch,cycles,548731430,250033117,250033117
1,stride16-gcc13-auto-r2-stride16_scan-auto-warm-branch-24576,stride16-gcc13-auto,branch,branches,349590773,250031631,250031631
1,stride16-gcc13-auto-r2-stride16_scan-auto-warm-branch-24576,stride16-gcc13-auto,branch,branch_misses,846719,250028183,250028183
1,stride16-gcc13-auto-r2-stride16_scan-auto-cache_evicted-basic-6291456,stride16-gcc13-auto,basic,cycles,548779807,250062777,250062777
1,stride16-gcc13-auto-r2-stride16_scan-auto-cache_evicted-basic-6291456,stride16-gcc13-auto,basic,instructions,479874454,250061432,250061432
1,stride16-gcc13-auto-r2-stride16_scan-auto-cache_evicted-basic-6291456,stride16-gcc13-auto,basic,ref_cycles,548783114,250058218,250058218
1,stride16-gcc13-auto-r2-stride16_scan-auto-warm-basic-536870912,stride16-gcc13-auto,basic,cycles,599324946,273091359,273091359
1,stride16-gcc13-auto-r2-stride16_scan-auto-warm-basic-536870912,stride16-gcc13-auto,basic,instructions,293602988,273088802,273088802
1,stride16-gcc13-auto-r2-stride16_scan-auto-warm-basic-536870912,stride16-gcc13-auto,basic,ref_cycles,599328180,273085277,273085277
1,stride16-gcc13-auto-r2-stride16_scan-auto-warm-branch-4194304,stride16-gcc13-auto,branch,cycles,549039745,250177267,250177267
1,stride16-gcc13-auto-r2-stride16_scan-auto-warm-branch-4194304,stride16-gcc13-auto,branch,branches,106215432,250177163,250177163
1,stride16-gcc13-auto-r2-stride16_scan-auto-warm-branch-4194304,stride16-gcc13-auto,branch,branch_misses,1666,250173563,250173563
1,stride16-gcc13-auto-r2-stride16_scan-auto-warm-basic-4194304,stride16-gcc13-auto,basic,cycles,548776219,250055848,250055848
1,stride16-gcc13-auto-r2-stride16_scan-auto-warm-basic-4194304,stride16-gcc13-auto,basic,instructions,541582452,250055518,250055518
1,stride16-gcc13-auto-r2-stride16_scan-auto-warm-basic-4194304,stride16-gcc13-auto,basic,ref_cycles,548779968,250052501,250052501
1,stride16-gcc13-auto-r2-stride16_scan-auto-cache_evicted-basic-8388608,stride16-gcc13-auto,basic,cycles,549241971,250272239,250272239
1,stride16-gcc13-auto-r2-stride16_scan-auto-cache_evicted-basic-8388608,stride16-gcc13-auto,basic,instructions,378232208,250271880,250271880
1,stride16-gcc13-auto-r2-stride16_scan-auto-cache_evicted-basic-8388608,stride16-gcc13-auto,basic,ref_cycles,549245598,250269500,250269500
1,stride16-gcc13-auto-r2-stride16_scan-auto-warm-basic-24576,stride16-gcc13-auto,basic,cycles,548731123,250032314,250032314
1,stride16-gcc13-auto-r2-stride16_scan-auto-warm-basic-24576,stride16-gcc13-auto,basic,instructions,1715574000,250030014,250030014
1,stride16-gcc13-auto-r2-stride16_scan-auto-warm-basic-24576,stride16-gcc13-auto,basic,ref_cycles,548732580,250027063,250027063
1,stride16-gcc13-auto-r2-stride16_scan-auto-warm-basic-16384,stride16-gcc13-auto,basic,cycles,548730290,250031664,250031664
1,stride16-gcc13-auto-r2-stride16_scan-auto-warm-basic-16384,stride16-gcc13-auto,basic,instructions,1767480379,250028386,250028386
1,stride16-gcc13-auto-r2-stride16_scan-auto-warm-basic-16384,stride16-gcc13-auto,basic,ref_cycles,548731546,250024665,250024665
1,stride16-gcc13-auto-r2-stride16_scan-auto-cache_evicted-branch-536870912,stride16-gcc13-auto,branch,cycles,597278592,272158949,272158949
1,stride16-gcc13-auto-r2-stride16_scan-auto-cache_evicted-branch-536870912,stride16-gcc13-auto,branch,branches,58720591,272157443,272157443
1,stride16-gcc13-auto-r2-stride16_scan-auto-cache_evicted-branch-536870912,stride16-gcc13-auto,branch,branch_misses,42,272153989,272153989
1,stride16-gcc13-auto-r2-stride16_scan-auto-warm-basic-98304,stride16-gcc13-auto,basic,cycles,548731014,250032654,250032654
1,stride16-gcc13-auto-r2-stride16_scan-auto-warm-basic-98304,stride16-gcc13-auto,basic,instructions,1040650253,250030221,250030221
1,stride16-gcc13-auto-r2-stride16_scan-auto-warm-basic-98304,stride16-gcc13-auto,basic,ref_cycles,548732690,250026570,250026570
1,stride16-gcc13-auto-r2-stride16_scan-auto-warm-basic-8388608,stride16-gcc13-auto,basic,cycles,549046558,250181918,250181918
1,stride16-gcc13-auto-r2-stride16_scan-auto-warm-basic-8388608,stride16-gcc13-auto,basic,instructions,382820806,250182182,250182182
1,stride16-gcc13-auto-r2-stride16_scan-auto-warm-basic-8388608,stride16-gcc13-auto,basic,ref_cycles,549050216,250178812,250178812
1,stride16-gcc13-auto-r2-stride16_scan-auto-warm-basic-262144,stride16-gcc13-auto,basic,cycles,548739536,250036460,250036460
1,stride16-gcc13-auto-r2-stride16_scan-auto-warm-basic-262144,stride16-gcc13-auto,basic,instructions,638581745,250034544,250034544
1,stride16-gcc13-auto-r2-stride16_scan-auto-warm-basic-262144,stride16-gcc13-auto,basic,ref_cycles,548741776,250031471,250031471
1,stride16-gcc13-auto-r2-stride16_scan-auto-cache_evicted-branch-32768,stride16-gcc13-auto,branch,cycles,548731335,250035510,250035510
1,stride16-gcc13-auto-r2-stride16_scan-auto-cache_evicted-branch-32768,stride16-gcc13-auto,branch,branches,331520722,250033142,250033142
1,stride16-gcc13-auto-r2-stride16_scan-auto-cache_evicted-branch-32768,stride16-gcc13-auto,branch,branch_misses,613017,250029133,250029133
1,stride16-gcc13-auto-r2-stride16_scan-auto-warm-branch-2097152,stride16-gcc13-auto,branch,cycles,548804522,250067536,250067536
1,stride16-gcc13-auto-r2-stride16_scan-auto-warm-branch-2097152,stride16-gcc13-auto,branch,branches,112329866,250064639,250064639
1,stride16-gcc13-auto-r2-stride16_scan-auto-warm-branch-2097152,stride16-gcc13-auto,branch,branch_misses,5894,250060724,250060724
1,stride16-gcc13-auto-r2-stride16_scan-auto-warm-basic-5242880,stride16-gcc13-auto,basic,cycles,548771315,250054882,250054882
1,stride16-gcc13-auto-r2-stride16_scan-auto-warm-basic-5242880,stride16-gcc13-auto,basic,instructions,506456574,250054731,250054731
1,stride16-gcc13-auto-r2-stride16_scan-auto-warm-basic-5242880,stride16-gcc13-auto,basic,ref_cycles,548774974,250051309,250051309
1,stride16-gcc13-auto-r2-stride16_scan-auto-warm-branch-36864,stride16-gcc13-auto,branch,cycles,548732775,250035303,250035303
1,stride16-gcc13-auto-r2-stride16_scan-auto-warm-branch-36864,stride16-gcc13-auto,branch,branches,207949757,250034382,250034382
1,stride16-gcc13-auto-r2-stride16_scan-auto-warm-branch-36864,stride16-gcc13-auto,branch,branch_misses,343840,250030818,250030818
1,stride16-gcc13-auto-r2-stride16_scan-auto-warm-basic-229376,stride16-gcc13-auto,basic,cycles,548732288,250034024,250034024
1,stride16-gcc13-auto-r2-stride16_scan-auto-warm-basic-229376,stride16-gcc13-auto,basic,instructions,864047980,250032227,250032227
1,stride16-gcc13-auto-r2-stride16_scan-auto-warm-basic-229376,stride16-gcc13-auto,basic,ref_cycles,548734340,250028946,250028946
1,stride16-gcc13-auto-r2-stride16_scan-auto-warm-basic-7340032,stride16-gcc13-auto,basic,cycles,549260925,250278734,250278734
1,stride16-gcc13-auto-r2-stride16_scan-auto-warm-basic-7340032,stride16-gcc13-auto,basic,instructions,412988310,250279598,250279598
1,stride16-gcc13-auto-r2-stride16_scan-auto-warm-basic-7340032,stride16-gcc13-auto,basic,ref_cycles,549264276,250276152,250276152
1,stride16-gcc13-auto-r2-stride16_scan-auto-warm-branch-196608,stride16-gcc13-auto,branch,cycles,548736462,250036484,250036484
1,stride16-gcc13-auto-r2-stride16_scan-auto-warm-branch-196608,stride16-gcc13-auto,branch,branches,190801600,250033388,250033388
1,stride16-gcc13-auto-r2-stride16_scan-auto-warm-branch-196608,stride16-gcc13-auto,branch,branch_misses,64173,250029636,250029636
1,stride16-gcc13-auto-r2-stride16_scan-auto-warm-basic-12582912,stride16-gcc13-auto,basic,cycles,548771461,250057866,250057866
1,stride16-gcc13-auto-r2-stride16_scan-auto-warm-basic-12582912,stride16-gcc13-auto,basic,instructions,306757158,250057652,250057652
1,stride16-gcc13-auto-r2-stride16_scan-auto-warm-basic-12582912,stride16-gcc13-auto,basic,ref_cycles,548775172,250054197,250054197
1,stride16-gcc13-auto-r2-stride16_scan-auto-warm-basic-1048576,stride16-gcc13-auto,basic,cycles,548741695,250038844,250038844
1,stride16-gcc13-auto-r2-stride16_scan-auto-warm-basic-1048576,stride16-gcc13-auto,basic,instructions,561715317,250036418,250036418
1,stride16-gcc13-auto-r2-stride16_scan-auto-warm-basic-1048576,stride16-gcc13-auto,basic,ref_cycles,548744108,250033249,250033249
1,stride16-gcc13-auto-r2-stride16_scan-auto-cache_evicted-basic-1048576,stride16-gcc13-auto,basic,cycles,548749337,250041605,250041605
1,stride16-gcc13-auto-r2-stride16_scan-auto-cache_evicted-basic-1048576,stride16-gcc13-auto,basic,instructions,561797167,250039968,250039968
1,stride16-gcc13-auto-r2-stride16_scan-auto-cache_evicted-basic-1048576,stride16-gcc13-auto,basic,ref_cycles,548751522,250037061,250037061
1,stride16-gcc13-auto-r2-stride16_scan-auto-warm-basic-294912,stride16-gcc13-auto,basic,cycles,548749657,250040853,250040853
1,stride16-gcc13-auto-r2-stride16_scan-auto-warm-basic-294912,stride16-gcc13-auto,basic,instructions,654860103,250037832,250037832
1,stride16-gcc13-auto-r2-stride16_scan-auto-warm-basic-294912,stride16-gcc13-auto,basic,ref_cycles,548750840,250034454,250034454
1,stride16-gcc13-auto-r2-stride16_scan-auto-warm-branch-393216,stride16-gcc13-auto,branch,cycles,548754454,250045095,250045095
1,stride16-gcc13-auto-r2-stride16_scan-auto-warm-branch-393216,stride16-gcc13-auto,branch,branches,119657585,250043658,250043658
1,stride16-gcc13-auto-r2-stride16_scan-auto-warm-branch-393216,stride16-gcc13-auto,branch,branch_misses,19441,250040577,250040577
1,stride16-gcc13-auto-r2-stride16_scan-auto-warm-branch-49152,stride16-gcc13-auto,branch,cycles,548733014,250035148,250035148
1,stride16-gcc13-auto-r2-stride16_scan-auto-warm-branch-49152,stride16-gcc13-auto,branch,branches,208496879,250033190,250033190
1,stride16-gcc13-auto-r2-stride16_scan-auto-warm-branch-49152,stride16-gcc13-auto,branch,branch_misses,261732,250029888,250029888
1,stride16-gcc13-auto-r2-stride16_scan-auto-warm-branch-32768,stride16-gcc13-auto,branch,cycles,548731522,250033978,250033978
1,stride16-gcc13-auto-r2-stride16_scan-auto-warm-branch-32768,stride16-gcc13-auto,branch,branches,348404030,250031886,250031886
1,stride16-gcc13-auto-r2-stride16_scan-auto-warm-branch-32768,stride16-gcc13-auto,branch,branch_misses,644192,250028959,250028959
1,stride16-gcc13-auto-r2-stride16_scan-auto-warm-branch-229376,stride16-gcc13-auto,branch,cycles,548731983,250034776,250034776
1,stride16-gcc13-auto-r2-stride16_scan-auto-warm-branch-229376,stride16-gcc13-auto,branch,branches,167672274,250032299,250032299
1,stride16-gcc13-auto-r2-stride16_scan-auto-warm-branch-229376,stride16-gcc13-auto,branch,branch_misses,46613,250028870,250028870
1,stride16-gcc13-auto-r2-stride16_scan-auto-warm-basic-524288,stride16-gcc13-auto,basic,cycles,548731196,250033029,250033029
1,stride16-gcc13-auto-r2-stride16_scan-auto-warm-basic-524288,stride16-gcc13-auto,basic,instructions,561494563,250031363,250031363
1,stride16-gcc13-auto-r2-stride16_scan-auto-warm-basic-524288,stride16-gcc13-auto,basic,ref_cycles,548733328,250028390,250028390
1,stride16-gcc13-auto-r2-stride16_scan-auto-warm-branch-12582912,stride16-gcc13-auto,branch,cycles,548912130,250124358,250124358
1,stride16-gcc13-auto-r2-stride16_scan-auto-warm-branch-12582912,stride16-gcc13-auto,branch,branches,61154241,250123855,250123855
1,stride16-gcc13-auto-r2-stride16_scan-auto-warm-branch-12582912,stride16-gcc13-auto,branch,branch_misses,351,250119472,250119472
1,stride16-gcc13-auto-r2-stride16_scan-auto-cache_evicted-branch-1048576,stride16-gcc13-auto,branch,cycles,548751269,250043456,250043456
1,stride16-gcc13-auto-r2-stride16_scan-auto-cache_evicted-branch-1048576,stride16-gcc13-auto,branch,branches,112281465,250040337,250040337
1,stride16-gcc13-auto-r2-stride16_scan-auto-cache_evicted-branch-1048576,stride16-gcc13-auto,branch,branch_misses,6884,250036837,250036837
1,stride16-gcc13-auto-r2-stride16_scan-auto-cache_evicted-basic-536870912,stride16-gcc13-auto,basic,cycles,599894410,273348291,273348291
1,stride16-gcc13-auto-r2-stride16_scan-auto-cache_evicted-basic-536870912,stride16-gcc13-auto,basic,instructions,293602988,273347539,273347539
1,stride16-gcc13-auto-r2-stride16_scan-auto-cache_evicted-basic-536870912,stride16-gcc13-auto,basic,ref_cycles,599897606,273344223,273344223
1,stride16-gcc13-auto-r2-stride16_scan-auto-cache_evicted-branch-33554432,stride16-gcc13-auto,branch,cycles,550476975,250837276,250837276
1,stride16-gcc13-auto-r2-stride16_scan-auto-cache_evicted-branch-33554432,stride16-gcc13-auto,branch,branches,54004783,250837385,250837385
1,stride16-gcc13-auto-r2-stride16_scan-auto-cache_evicted-branch-33554432,stride16-gcc13-auto,branch,branch_misses,134,250833633,250833633
1,stride16-gcc13-auto-r3-stride16_scan-auto-warm-basic-49152,stride16-gcc13-auto,basic,cycles,548732215,250032787,250032787
1,stride16-gcc13-auto-r3-stride16_scan-auto-warm-basic-49152,stride16-gcc13-auto,basic,instructions,1034222814,250029795,250029795
1,stride16-gcc13-auto-r3-stride16_scan-auto-warm-basic-49152,stride16-gcc13-auto,basic,ref_cycles,548733658,250026070,250026070
1,stride16-gcc13-auto-r3-stride16_scan-auto-warm-branch-294912,stride16-gcc13-auto,branch,cycles,548734570,250034740,250034740
1,stride16-gcc13-auto-r3-stride16_scan-auto-warm-branch-294912,stride16-gcc13-auto,branch,branches,134514889,250031758,250031758
1,stride16-gcc13-auto-r3-stride16_scan-auto-warm-branch-294912,stride16-gcc13-auto,branch,branch_misses,34226,250027878,250027878
1,stride16-gcc13-auto-r3-stride16_scan-auto-cache_evicted-branch-6291456,stride16-gcc13-auto,branch,cycles,549265001,250282724,250282724
1,stride16-gcc13-auto-r3-stride16_scan-auto-cache_evicted-branch-6291456,stride16-gcc13-auto,branch,branches,87123170,250282113,250282113
1,stride16-gcc13-auto-r3-stride16_scan-auto-cache_evicted-branch-6291456,stride16-gcc13-auto,branch,branch_misses,933,250278814,250278814
1,stride16-gcc13-auto-r3-stride16_scan-auto-warm-branch-8388608,stride16-gcc13-auto,branch,cycles,549540329,250408667,250408667
1,stride16-gcc13-auto-r3-stride16_scan-auto-warm-branch-8388608,stride16-gcc13-auto,branch,branches,61748703,250409004,250409004
1,stride16-gcc13-auto-r3-stride16_scan-auto-warm-branch-8388608,stride16-gcc13-auto,branch,branch_misses,506,250404909,250404909
1,stride16-gcc13-auto-r3-stride16_scan-auto-warm-basic-65536,stride16-gcc13-auto,basic,cycles,548731904,250032707,250032707
1,stride16-gcc13-auto-r3-stride16_scan-auto-warm-basic-65536,stride16-gcc13-auto,basic,instructions,1046336517,250030624,250030624
1,stride16-gcc13-auto-r3-stride16_scan-auto-warm-basic-65536,stride16-gcc13-auto,basic,ref_cycles,548734208,250027688,250027688
1,stride16-gcc13-auto-r3-stride16_scan-auto-warm-basic-393216,stride16-gcc13-auto,basic,cycles,548745378,250039755,250039755
1,stride16-gcc13-auto-r3-stride16_scan-auto-warm-basic-393216,stride16-gcc13-auto,basic,instructions,586112646,250038123,250038123
1,stride16-gcc13-auto-r3-stride16_scan-auto-warm-basic-393216,stride16-gcc13-auto,basic,ref_cycles,548747760,250034872,250034872
1,stride16-gcc13-auto-r3-stride16_scan-auto-cache_evicted-basic-262144,stride16-gcc13-auto,basic,cycles,548738164,250039576,250039576
1,stride16-gcc13-auto-r3-stride16_scan-auto-cache_evicted-basic-262144,stride16-gcc13-auto,basic,instructions,747591200,250037112,250037112
1,stride16-gcc13-auto-r3-stride16_scan-auto-cache_evicted-basic-262144,stride16-gcc13-auto,basic,ref_cycles,548740588,250033357,250033357
1,stride16-gcc13-auto-r3-stride16_scan-auto-cache_evicted-basic-33554432,stride16-gcc13-auto,basic,cycles,550280421,250744493,250744493
1,stride16-gcc13-auto-r3-stride16_scan-auto-cache_evicted-basic-33554432,stride16-gcc13-auto,basic,instructions,270024812,250743703,250743703
1,stride16-gcc13-auto-r3-stride16_scan-auto-cache_evicted-basic-33554432,stride16-gcc13-auto,basic,ref_cycles,550283844,250740808,250740808
1,stride16-gcc13-auto-r3-stride16_scan-auto-warm-branch-5242880,stride16-gcc13-auto,branch,cycles,549206026,250254574,250254574
1,stride16-gcc13-auto-r3-stride16_scan-auto-warm-branch-5242880,stride16-gcc13-auto,branch,branches,95142921,250254321,250254321
1,stride16-gcc13-auto-r3-stride16_scan-auto-warm-branch-5242880,stride16-gcc13-auto,branch,branch_misses,1206,250250041,250250041
1,stride16-gcc13-auto-r3-stride16_scan-auto-warm-branch-393216,stride16-gcc13-auto,branch,cycles,548743346,250039742,250039742
1,stride16-gcc13-auto-r3-stride16_scan-auto-warm-branch-393216,stride16-gcc13-auto,branch,branches,134386370,250037311,250037311
1,stride16-gcc13-auto-r3-stride16_scan-auto-warm-branch-393216,stride16-gcc13-auto,branch,branch_misses,21823,250033838,250033838
1,stride16-gcc13-auto-r3-stride16_scan-auto-cache_evicted-branch-262144,stride16-gcc13-auto,branch,cycles,548742672,250038832,250038832
1,stride16-gcc13-auto-r3-stride16_scan-auto-cache_evicted-branch-262144,stride16-gcc13-auto,branch,branches,128262919,250036631,250036631
1,stride16-gcc13-auto-r3-stride16_scan-auto-cache_evicted-branch-262144,stride16-gcc13-auto,branch,branch_misses,40612,250032759,250032759
1,stride16-gcc13-auto-r3-stride16_scan-auto-warm-basic-196608,stride16-gcc13-auto,basic,cycles,548733881,250033169,250033169
1,stride16-gcc13-auto-r3-stride16_scan-auto-warm-basic-196608,stride16-gcc13-auto,basic,instructions,826076225,250029754,250029754
1,stride16-gcc13-auto-r3-stride16_scan-auto-warm-basic-196608,stride16-gcc13-auto,basic,ref_cycles,548734780,250026022,250026022
1,stride16-gcc13-auto-r3-stride16_scan-auto-cache_evicted-basic-8388608,stride16-gcc13-auto,basic,cycles,549129177,250219969,250219969
1,stride16-gcc13-auto-r3-stride16_scan-auto-cache_evicted-basic-8388608,stride16-gcc13-auto,basic,instructions,380198750,250219712,250219712
1,stride16-gcc13-auto-r3-stride16_scan-auto-cache_evicted-basic-8388608,stride16-gcc13-auto,basic,ref_cycles,549132914,250216743,250216743
1,stride16-gcc13-auto-r3-stride16_scan-auto-warm-branch-36864,stride16-gcc13-auto,branch,cycles,548731890,250034732,250034732
1,stride16-gcc13-auto-r3-stride16_scan-auto-warm-branch-36864,stride16-gcc13-auto,branch,branches,206726478,250033296,250033296
1,stride16-gcc13-auto-r3-stride16_scan-auto-warm-branch-36864,stride16-gcc13-auto,branch,branch_misses,341835,250029629,250029629
1,stride16-gcc13-auto-r3-stride16_scan-auto-warm-branch-262144,stride16-gcc13-auto,branch,cycles,548740040,250037967,250037967
1,stride16-gcc13-auto-r3-stride16_scan-auto-warm-branch-262144,stride16-gcc13-auto,branch,branches,142873647,250036134,250036134
1,stride16-gcc13-auto-r3-stride16_scan-auto-warm-branch-262144,stride16-gcc13-auto,branch,branch_misses,34690,250032920,250032920
1,stride16-gcc13-auto-r3-stride16_scan-auto-warm-basic-32768,stride16-gcc13-auto,basic,cycles,548731634,250032630,250032630
1,stride16-gcc13-auto-r3-stride16_scan-auto-warm-basic-32768,stride16-gcc13-auto,basic,instructions,1731851520,250031122,250031122
1,stride16-gcc13-auto-r3-stride16_scan-auto-warm-basic-32768,stride16-gcc13-auto,basic,ref_cycles,548733988,250028138,250028138
1,stride16-gcc13-auto-r3-stride16_scan-auto-warm-branch-32768,stride16-gcc13-auto,branch,cycles,548730596,250032288,250032288
1,stride16-gcc13-auto-r3-stride16_scan-auto-warm-branch-32768,stride16-gcc13-auto,branch,branches,347819810,250029243,250029243
1,stride16-gcc13-auto-r3-stride16_scan-auto-warm-branch-32768,stride16-gcc13-auto,branch,branch_misses,643133,250025615,250025615
1,stride16-gcc13-auto-r3-stride16_scan-auto-warm-branch-12582912,stride16-gcc13-auto,branch,cycles,550639267,250909772,250909772
1,stride16-gcc13-auto-r3-stride16_scan-auto-warm-branch-12582912,stride16-gcc13-auto,branch,branches,55451766,250909150,250909150
1,stride16-gcc13-auto-r3-stride16_scan-auto-warm-branch-12582912,stride16-gcc13-auto,branch,branch_misses,308,250904996,250904996
1,stride16-gcc13-auto-r3-stride16_scan-auto-warm-branch-229376,stride16-gcc13-auto,branch,cycles,548731362,250032690,250032690
1,stride16-gcc13-auto-r3-stride16_scan-auto-warm-branch-229376,stride16-gcc13-auto,branch,branches,159174494,250029831,250029831
1,stride16-gcc13-auto-r3-stride16_scan-auto-warm-branch-229376,stride16-gcc13-auto,branch,branch_misses,44109,250026037,250026037
1,stride16-gcc13-auto-r3-stride16_scan-auto-warm-basic-36864,stride16-gcc13-auto,basic,cycles,548730551,250031817,250031817
1,stride16-gcc13-auto-r3-stride16_scan-auto-warm-basic-36864,stride16-gcc13-auto,basic,instructions,1027807685,250028343,250028343
1,stride16-gcc13-auto-r3-stride16_scan-auto-warm-basic-36864,stride16-gcc13-auto,basic,ref_cycles,548732008,250024739,250024739
1,stride16-gcc13-auto-r3-stride16_scan-auto-warm-basic-536870912,stride16-gcc13-auto,basic,cycles,601175845,273932893,273932893
1,stride16-gcc13-auto-r3-stride16_scan-auto-warm-basic-536870912,stride16-gcc13-auto,basic,instructions,293602988,273931999,273931999
1,stride16-gcc13-auto-r3-stride16_scan-auto-warm-basic-536870912,stride16-gcc13-auto,basic,ref_cycles,601179546,273928863,273928863
1,stride16-gcc13-auto-r3-stride16_scan-auto-warm-branch-134217728,stride16-gcc13-auto,branch,cycles,568339263,258975252,258975252
1,stride16-gcc13-auto-r3-stride16_scan-auto-warm-branch-134217728,stride16-gcc13-auto,branch,branches,56624019,258973408,258973408
1,stride16-gcc13-auto-r3-stride16_scan-auto-warm-branch-134217728,stride16-gcc13-auto,branch,branch_misses,55,258969112,258969112
1,stride16-gcc13-auto-r3-stride16_scan-auto-warm-basic-8388608,stride16-gcc13-auto,basic,cycles,549140829,250224890,250224890
1,stride16-gcc13-auto-r3-stride16_scan-auto-warm-basic-8388608,stride16-gcc13-auto,basic,instructions,383476320,250224552,250224552
1,stride16-gcc13-auto-r3-stride16_scan-auto-warm-basic-8388608,stride16-gcc13-auto,basic,ref_cycles,549144420,250221456,250221456
1,stride16-gcc13-auto-r3-stride16_scan-auto-warm-branch-7340032,stride16-gcc13-auto,branch,cycles,548996522,250160432,250160432
1,stride16-gcc13-auto-r3-stride16_scan-auto-warm-branch-7340032,stride16-gcc13-auto,branch,branches,84317130,250159900,250159900
1,stride16-gcc13-auto-r3-stride16_scan-auto-warm-branch-7340032,stride16-gcc13-auto,branch,branch_misses,785,250155916,250155916
1,stride16-gcc13-auto-r3-stride16_scan-auto-warm-basic-16384,stride16-gcc13-auto,basic,cycles,548731025,250032539,250032539
1,stride16-gcc13-auto-r3-stride16_scan-auto-warm-basic-16384,stride16-gcc13-auto,basic,instructions,1741706735,250029629,250029629
1,stride16-gcc13-auto-r3-stride16_scan-auto-warm-basic-16384,stride16-gcc13-auto,basic,ref_cycles,548732932,250026126,250026126
1,stride16-gcc13-auto-r3-stride16_scan-auto-warm-basic-24576,stride16-gcc13-auto,basic,cycles,548731628,250032678,250032678
1,stride16-gcc13-auto-r3-stride16_scan-auto-warm-basic-24576,stride16-gcc13-auto,basic,instructions,1821783209,250031138,250031138
1,stride16-gcc13-auto-r3-stride16_scan-auto-warm-basic-24576,stride16-gcc13-auto,basic,ref_cycles,548733570,250027909,250027909
1,stride16-gcc13-auto-r3-stride16_scan-auto-warm-branch-28672,stride16-gcc13-auto,branch,cycles,548730584,250032234,250032234
1,stride16-gcc13-auto-r3-stride16_scan-auto-warm-branch-28672,stride16-gcc13-auto,branch,branches,345087245,250029784,250029784
1,stride16-gcc13-auto-r3-stride16_scan-auto-warm-branch-28672,stride16-gcc13-auto,branch,branch_misses,723661,250026112,250026112
1,stride16-gcc13-auto-r3-stride16_scan-auto-cache_evicted-basic-32768,stride16-gcc13-auto,basic,cycles,548731632,250033500,250033500
1,stride16-gcc13-auto-r3-stride16_scan-auto-cache_evicted-basic-32768,stride16-gcc13-auto,basic,instructions,1732720683,250032607,250032607
1,stride16-gcc13-auto-r3-stride16_scan-auto-cache_evicted-basic-32768,stride16-gcc13-auto,basic,ref_cycles,548734186,250029527,250029527
1,stride16-gcc13-auto-r3-stride16_scan-auto-warm-basic-524288,stride16-gcc13-auto,basic,cycles,548744810,250040440,250040440
1,stride16-gcc13-auto-r3-stride16_scan-auto-warm-basic-524288,stride16-gcc13-auto,basic,instructions,561330140,250038867,250038867
1,stride16-gcc13-auto-r3-stride16_scan-auto-warm-basic-524288,stride16-gcc13-auto,basic,ref_cycles,548747320,250035556,250035556
1,stride16-gcc13-auto-r3-stride16_scan-auto-warm-branch-33554432,stride16-gcc13-auto,branch,cycles,552262921,251649060,251649060
1,stride16-gcc13-auto-r3-stride16_scan-auto-warm-branch-33554432,stride16-gcc13-auto,branch,branches,55577734,251648644,251648644
1,stride16-gcc13-auto-r3-stride16_scan-auto-warm-branch-33554432,stride16-gcc13-auto,branch,branch_misses,138,251644980,251644980
1,stride16-gcc13-auto-r3-stride16_scan-auto-warm-branch-6291456,stride16-gcc13-auto,branch,cycles,548775139,250058365,250058365
1,stride16-gcc13-auto-r3-stride16_scan-auto-warm-branch-6291456,stride16-gcc13-auto,branch,branches,93121483,250058722,250058722
1,stride16-gcc13-auto-r3-stride16_scan-auto-warm-branch-6291456,stride16-gcc13-auto,branch,branch_misses,988,250054868,250054868
1,stride16-gcc13-auto-r3-stride16_scan-auto-warm-branch-49152,stride16-gcc13-auto,branch,cycles,548732874,250035308,250035308
1,stride16-gcc13-auto-r3-stride16_scan-auto-warm-branch-49152,stride16-gcc13-auto,branch,branches,207780804,250033194,250033194
1,stride16-gcc13-auto-r3-stride16_scan-auto-warm-branch-49152,stride16-gcc13-auto,branch,branch_misses,260829,250029917,250029917
1,stride16-gcc13-auto-r3-stride16_scan-auto-warm-branch-16384,stride16-gcc13-auto,branch,cycles,548730488,250032125,250032125
1,stride16-gcc13-auto-r3-stride16_scan-auto-warm-branch-16384,stride16-gcc13-auto,branch,branches,350758170,250029274,250029274
1,stride16-gcc13-auto-r3-stride16_scan-auto-warm-branch-16384,stride16-gcc13-auto,branch,branch_misses,1231131,250025610,250025610
1,stride16-gcc13-auto-r3-stride16_scan-auto-warm-basic-134217728,stride16-gcc13-auto,basic,cycles,567975135,258807120,258807120
1,stride16-gcc13-auto-r3-stride16_scan-auto-warm-basic-134217728,stride16-gcc13-auto,basic,instructions,283120308,258806370,258806370
1,stride16-gcc13-auto-r3-stride16_scan-auto-warm-basic-134217728,stride16-gcc13-auto,basic,ref_cycles,567979742,258803502,258803502
1,stride16-gcc13-auto-r3-stride16_scan-auto-warm-basic-33554432,stride16-gcc13-auto,basic,cycles,551386777,251248961,251248961
1,stride16-gcc13-auto-r3-stride16_scan-auto-warm-basic-33554432,stride16-gcc13-auto,basic,instructions,275268000,251248704,251248704
1,stride16-gcc13-auto-r3-stride16_scan-auto-warm-basic-33554432,stride16-gcc13-auto,basic,ref_cycles,551390004,251245493,251245493
1,stride16-gcc13-auto-r3-stride16_scan-auto-cache_evicted-basic-536870912,stride16-gcc13-auto,basic,cycles,595464039,271330362,271330362
1,stride16-gcc13-auto-r3-stride16_scan-auto-cache_evicted-basic-536870912,stride16-gcc13-auto,basic,instructions,293602988,271330016,271330016
1,stride16-gcc13-auto-r3-stride16_scan-auto-cache_evicted-basic-536870912,stride16-gcc13-auto,basic,ref_cycles,595467818,271327129,271327129
1,stride16-gcc13-auto-r3-stride16_scan-auto-warm-basic-131072,stride16-gcc13-auto,basic,cycles,548734093,250033963,250033963
1,stride16-gcc13-auto-r3-stride16_scan-auto-warm-basic-131072,stride16-gcc13-auto,basic,instructions,1062912107,250031266,250031266
1,stride16-gcc13-auto-r3-stride16_scan-auto-warm-basic-131072,stride16-gcc13-auto,basic,ref_cycles,548735638,250027584,250027584
1,stride16-gcc13-auto-r3-stride16_scan-auto-warm-basic-262144,stride16-gcc13-auto,basic,cycles,548732134,250032444,250032444
1,stride16-gcc13-auto-r3-stride16_scan-auto-warm-basic-262144,stride16-gcc13-auto,basic,instructions,772991607,250030041,250030041
1,stride16-gcc13-auto-r3-stride16_scan-auto-warm-basic-262144,stride16-gcc13-auto,basic,ref_cycles,548733372,250026762,250026762
1,stride16-gcc13-auto-r3-stride16_scan-auto-warm-basic-12582912,stride16-gcc13-auto,basic,cycles,549692692,250476356,250476356
1,stride16-gcc13-auto-r3-stride16_scan-auto-warm-basic-12582912,stride16-gcc13-auto,basic,instructions,276278150,250475200,250475200
1,stride16-gcc13-auto-r3-stride16_scan-auto-warm-basic-12582912,stride16-gcc13-auto,basic,ref_cycles,549696466,250471913,250471913
1,stride16-gcc13-auto-r3-stride16_scan-auto-warm-branch-1048576,stride16-gcc13-auto,branch,cycles,548767876,250050976,250050976
1,stride16-gcc13-auto-r3-stride16_scan-auto-warm-branch-1048576,stride16-gcc13-auto,branch,branches,112347117,250048701,250048701
1,stride16-gcc13-auto-r3-stride16_scan-auto-warm-branch-1048576,stride16-gcc13-auto,branch,branch_misses,6894,250045699,250045699
1,stride16-gcc13-auto-r3-stride16_scan-auto-warm-branch-2097152,stride16-gcc13-auto,branch,cycles,548758920,250046825,250046825
1,stride16-gcc13-auto-r3-stride16_scan-auto-warm-branch-2097152,stride16-gcc13-auto,branch,branches,112165872,250045449,250045449
1,stride16-gcc13-auto-r3-stride16_scan-auto-warm-branch-2097152,stride16-gcc13-auto,branch,branch_misses,3463,250041852,250041852
1,stride16-gcc13-auto-r3-stride16_scan-auto-warm-basic-4194304,stride16-gcc13-auto,basic,cycles,548780497,250059393,250059393
1,stride16-gcc13-auto-r3-stride16_scan-auto-warm-basic-4194304,stride16-gcc13-auto,basic,instructions,546827742,250058357,250058357
1,stride16-gcc13-auto-r3-stride16_scan-auto-warm-basic-4194304,stride16-gcc13-auto,basic,ref_cycles,548784104,250054722,250054722
1,stride16-gcc13-auto-r3-stride16_scan-auto-warm-basic-229376,stride16-gcc13-auto,basic,cycles,548742849,250038963,250038963
1,stride16-gcc13-auto-r3-stride16_scan-auto-warm-basic-229376,stride16-gcc13-auto,basic,instructions,777021037,250036986,250036986
1,stride16-gcc13-auto-r3-stride16_scan-auto-warm-basic-229376,stride16-gcc13-auto,basic,ref_cycles,548745186,250033604,250033604
1,stride16-gcc13-auto-r3-stride16_scan-auto-warm-branch-4194304,stride16-gcc13-auto,branch,cycles,548985739,250153386,250153386
1,stride16-gcc13-auto-r3-stride16_scan-auto-warm-branch-4194304,stride16-gcc13-auto,branch,branches,109100295,250152111,250152111
1,stride16-gcc13-auto-r3-stride16_scan-auto-warm-branch-4194304,stride16-gcc13-auto,branch,branch_misses,1710,250148670,250148670
1,stride16-gcc13-auto-r3-stride16_scan-auto-warm-branch-24576,stride16-gcc13-auto,branch,cycles,548730994,250033351,250033351
1,stride16-gcc13-auto-r3-stride16_scan-auto-warm-branch-24576,stride16-gcc13-auto,branch,branches,363568837,250030322,250030322
1,stride16-gcc13-auto-r3-stride16_scan-auto-warm-branch-24576,stride16-gcc13-auto,branch,branch_misses,880576,250026348,250026348
1,stride16-gcc13-auto-r3-stride16_scan-auto-warm-basic-98304,stride16-gcc13-auto,basic,cycles,548731936,250032582,250032582
1,stride16-gcc13-auto-r3-stride16_scan-auto-warm-basic-98304,stride16-gcc13-auto,basic,instructions,1051104406,250029390,250029390
1,stride16-gcc13-auto-r3-stride16_scan-auto-warm-basic-98304,stride16-gcc13-auto,basic,ref_cycles,548733548,250025880,250025880
1,stride16-gcc13-auto-r3-stride16_scan-auto-warm-basic-6291456,stride16-gcc13-auto,basic,cycles,549063654,250189315,250189315
1,stride16-gcc13-auto-r3-stride16_scan-auto-warm-basic-6291456,stride16-gcc13-auto,basic,instructions,458732490,250189216,250189216
1,stride16-gcc13-auto-r3-stride16_scan-auto-warm-basic-6291456,stride16-gcc13-auto,basic,ref_cycles,549067574,250186147,250186147
1,stride16-gcc13-auto-r3-stride16_scan-auto-warm-branch-524288,stride16-gcc13-auto,branch,cycles,548762223,250047590,250047590
1,stride16-gcc13-auto-r3-stride16_scan-auto-warm-branch-524288,stride16-gcc13-auto,branch,branches,112290785,250045854,250045854
1,stride16-gcc13-auto-r3-stride16_scan-auto-warm-branch-524288,stride16-gcc13-auto,branch,branch_misses,13704,250042144,250042144
1,stride16-gcc13-auto-r3-stride16_scan-auto-warm-branch-131072,stride16-gcc13-auto,branch,cycles,548734177,250033973,250033973
1,stride16-gcc13-auto-r3-stride16_scan-auto-warm-branch-131072,stride16-gcc13-auto,branch,branches,214890755,250030936,250030936
1,stride16-gcc13-auto-r3-stride16_scan-auto-warm-branch-131072,stride16-gcc13-auto,branch,branch_misses,103682,250027197,250027197
1,stride16-gcc13-auto-r3-stride16_scan-auto-warm-basic-8192,stride16-gcc13-auto,basic,cycles,548731205,250032470,250032470
1,stride16-gcc13-auto-r3-stride16_scan-auto-warm-basic-8192,stride16-gcc13-auto,basic,instructions,1633354371,250031554,250031554
1,stride16-gcc13-auto-r3-stride16_scan-auto-warm-basic-8192,stride16-gcc13-auto,basic,ref_cycles,548733834,250028233,250028233
1,stride16-gcc13-auto-r3-stride16_scan-auto-warm-basic-7340032,stride16-gcc13-auto,basic,cycles,549162300,250235317,250235317
1,stride16-gcc13-auto-r3-stride16_scan-auto-warm-basic-7340032,stride16-gcc13-auto,basic,instructions,410120352,250235521,250235521
1,stride16-gcc13-auto-r3-stride16_scan-auto-warm-basic-7340032,stride16-gcc13-auto,basic,ref_cycles,549166200,250232622,250232622
1,stride16-gcc13-auto-r3-stride16_scan-auto-cache_evicted-branch-32768,stride16-gcc13-auto,branch,cycles,548731222,250035197,250035197
1,stride16-gcc13-auto-r3-stride16_scan-auto-cache_evicted-branch-32768,stride16-gcc13-auto,branch,branches,343085520,250033417,250033417
1,stride16-gcc13-auto-r3-stride16_scan-auto-cache_evicted-branch-32768,stride16-gcc13-auto,branch,branch_misses,634385,250030072,250030072
1,stride16-gcc13-auto-r3-stride16_scan-auto-warm-basic-294912,stride16-gcc13-auto,basic,cycles,548733329,250033883,250033883
1,stride16-gcc13-auto-r3-stride16_scan-auto-warm-basic-294912,stride16-gcc13-auto,basic,instructions,624823859,250031704,250031704
1,stride16-gcc13-auto-r3-stride16_scan-auto-warm-basic-294912,stride16-gcc13-auto,basic,ref_cycles,548734978,250028471,250028471
1,stride16-gcc13-auto-r3-stride16_scan-auto-warm-basic-2097152,stride16-gcc13-auto,basic,cycles,548744391,250039835,250039835
1,stride16-gcc13-auto-r3-stride16_scan-auto-warm-basic-2097152,stride16-gcc13-auto,basic,instructions,561680080,250038363,250038363
1,stride16-gcc13-auto-r3-stride16_scan-auto-warm-basic-2097152,stride16-gcc13-auto,basic,ref_cycles,548747100,250034852,250034852
1,stride16-gcc13-auto-r3-stride16_scan-auto-cache_evicted-branch-536870912,stride16-gcc13-auto,branch,cycles,599986041,273391478,273391478
1,stride16-gcc13-auto-r3-stride16_scan-auto-cache_evicted-branch-536870912,stride16-gcc13-auto,branch,branches,58720591,273390606,273390606
1,stride16-gcc13-auto-r3-stride16_scan-auto-cache_evicted-branch-536870912,stride16-gcc13-auto,branch,branch_misses,46,273388015,273388015
1,stride16-gcc13-auto-r3-stride16_scan-auto-cache_evicted-basic-1048576,stride16-gcc13-auto,basic,cycles,548739832,250040683,250040683
1,stride16-gcc13-auto-r3-stride16_scan-auto-cache_evicted-basic-1048576,stride16-gcc13-auto,basic,instructions,561304730,250037441,250037441
1,stride16-gcc13-auto-r3-stride16_scan-auto-cache_evicted-basic-1048576,stride16-gcc13-auto,basic,ref_cycles,548742260,250033950,250033950
1,stride16-gcc13-auto-r3-stride16_scan-auto-warm-branch-98304,stride16-gcc13-auto,branch,cycles,548732459,250034429,250034429
1,stride16-gcc13-auto-r3-stride16_scan-auto-warm-branch-98304,stride16-gcc13-auto,branch,branches,203824327,250032185,250032185
1,stride16-gcc13-auto-r3-stride16_scan-auto-warm-branch-98304,stride16-gcc13-auto,branch,branch_misses,130330,250028875,250028875
1,stride16-gcc13-auto-r3-stride16_scan-auto-warm-basic-28672,stride16-gcc13-auto,basic,cycles,548730292,250031218,250031218
1,stride16-gcc13-auto-r3-stride16_scan-auto-warm-basic-28672,stride16-gcc13-auto,basic,instructions,1769352382,250028086,250028086
1,stride16-gcc13-auto-r3-stride16_scan-auto-warm-basic-28672,stride16-gcc13-auto,basic,ref_cycles,548731062,250024537,250024537
1,stride16-gcc13-auto-r3-stride16_scan-auto-cache_evicted-branch-1048576,stride16-gcc13-auto,branch,cycles,548793478,250062324,250062324
1,stride16-gcc13-auto-r3-stride16_scan-auto-cache_evicted-branch-1048576,stride16-gcc13-auto,branch,branches,112347135,250060312,250060312
1,stride16-gcc13-auto-r3-stride16_scan-auto-cache_evicted-branch-1048576,stride16-gcc13-auto,branch,branch_misses,6895,250056440,250056440
1,stride16-gcc13-auto-r3-stride16_scan-auto-cache_evicted-branch-33554432,stride16-gcc13-auto,branch,cycles,549167107,250240861,250240861
1,stride16-gcc13-auto-r3-stride16_scan-auto-cache_evicted-branch-33554432,stride16-gcc13-auto,branch,branches,55053417,250240910,250240910
1,stride16-gcc13-auto-r3-stride16_scan-auto-cache_evicted-branch-33554432,stride16-gcc13-auto,branch,branch_misses,134,250237448,250237448
1,stride16-gcc13-auto-r3-stride16_scan-auto-warm-basic-1048576,stride16-gcc13-auto,basic,cycles,548760546,250046017,250046017
1,stride16-gcc13-auto-r3-stride16_scan-auto-warm-basic-1048576,stride16-gcc13-auto,basic,instructions,561715086,250043867,250043867
1,stride16-gcc13-auto-r3-stride16_scan-auto-warm-basic-1048576,stride16-gcc13-auto,basic,ref_cycles,548762676,250040834,250040834
1,stride16-gcc13-auto-r3-stride16_scan-auto-warm-basic-5242880,stride16-gcc13-auto,basic,cycles,549069886,250194514,250194514
1,stride16-gcc13-auto-r3-stride16_scan-auto-warm-basic-5242880,stride16-gcc13-auto,basic,instructions,550300252,250192187,250192187
1,stride16-gcc13-auto-r3-stride16_scan-auto-warm-basic-5242880,stride16-gcc13-auto,basic,ref_cycles,549073096,250188458,250188458
1,stride16-gcc13-auto-r3-stride16_scan-auto-cache_evicted-branch-8388608,stride16-gcc13-auto,branch,cycles,549605576,250438579,250438579
1,stride16-gcc13-auto-r3-stride16_scan-auto-cache_evicted-branch-8388608,stride16-gcc13-auto,branch,branches,74727703,250438126,250438126
1,stride16-gcc13-auto-r3-stride16_scan-auto-cache_evicted-branch-8388608,stride16-gcc13-auto,branch,branch_misses,617,250434801,250434801
1,stride16-gcc13-auto-r3-stride16_scan-auto-warm-branch-536870912,stride16-gcc13-auto,branch,cycles,596955140,272011020,272011020
1,stride16-gcc13-auto-r3-stride16_scan-auto-warm-branch-536870912,stride16-gcc13-auto,branch,branches,58720591,272010615,272010615
1,stride16-gcc13-auto-r3-stride16_scan-auto-warm-branch-536870912,stride16-gcc13-auto,branch,branch_misses,43,272006774,272006774
1,stride16-gcc13-auto-r3-stride16_scan-auto-warm-branch-8192,stride16-gcc13-auto,branch,cycles,548730726,250032966,250032966
1,stride16-gcc13-auto-r3-stride16_scan-auto-warm-branch-8192,stride16-gcc13-auto,branch,branches,321605194,250030703,250030703
1,stride16-gcc13-auto-r3-stride16_scan-auto-warm-branch-8192,stride16-gcc13-auto,branch,branch_misses,2048955,250027078,250027078
1,stride16-gcc13-auto-r3-stride16_scan-auto-warm-branch-196608,stride16-gcc13-auto,branch,cycles,548732269,250034983,250034983
1,stride16-gcc13-auto-r3-stride16_scan-auto-warm-branch-196608,stride16-gcc13-auto,branch,branches,225542118,250032985,250032985
1,stride16-gcc13-auto-r3-stride16_scan-auto-warm-branch-196608,stride16-gcc13-auto,branch,branch_misses,78783,250029720,250029720
1,stride16-gcc13-auto-r3-stride16_scan-auto-cache_evicted-basic-6291456,stride16-gcc13-auto,basic,cycles,549148852,250229010,250229010
1,stride16-gcc13-auto-r3-stride16_scan-auto-cache_evicted-basic-6291456,stride16-gcc13-auto,basic,instructions,467090942,250227915,250227915
1,stride16-gcc13-auto-r3-stride16_scan-auto-cache_evicted-basic-6291456,stride16-gcc13-auto,basic,ref_cycles,549152252,250224603,250224603
1,stride16-gcc13-auto-r3-stride16_scan-auto-warm-branch-65536,stride16-gcc13-auto,branch,cycles,548733055,250034125,250034125
1,stride16-gcc13-auto-r3-stride16_scan-auto-warm-branch-65536,stride16-gcc13-auto,branch,branches,207429690,250031004,250031004
1,stride16-gcc13-auto-r3-stride16_scan-auto-warm-branch-65536,stride16-gcc13-auto,branch,branch_misses,197078,250027539,250027539
1,stride16-gcc13-auto-r4-stride16_scan-auto-cache_evicted-basic-536870912,stride16-gcc13-auto,basic,cycles,596418203,271765943,271765943
1,stride16-gcc13-auto-r4-stride16_scan-auto-cache_evicted-basic-536870912,stride16-gcc13-auto,basic,instructions,293602988,271765228,271765228
1,stride16-gcc13-auto-r4-stride16_scan-auto-cache_evicted-basic-536870912,stride16-gcc13-auto,basic,ref_cycles,596421650,271762411,271762411
1,stride16-gcc13-auto-r4-stride16_scan-auto-cache_evicted-basic-8388608,stride16-gcc13-auto,basic,cycles,549350751,250320663,250320663
1,stride16-gcc13-auto-r4-stride16_scan-auto-cache_evicted-basic-8388608,stride16-gcc13-auto,basic,instructions,380854264,250320738,250320738
1,stride16-gcc13-auto-r4-stride16_scan-auto-cache_evicted-basic-8388608,stride16-gcc13-auto,basic,ref_cycles,549354630,250317547,250317547
1,stride16-gcc13-auto-r4-stride16_scan-auto-warm-basic-393216,stride16-gcc13-auto,basic,cycles,548744682,250039344,250039344
1,stride16-gcc13-auto-r4-stride16_scan-auto-warm-basic-393216,stride16-gcc13-auto,basic,instructions,561444327,250036616,250036616
1,stride16-gcc13-auto-r4-stride16_scan-auto-warm-basic-393216,stride16-gcc13-auto,basic,ref_cycles,548746308,250033023,250033023
1,stride16-gcc13-auto-r4-stride16_scan-auto-cache_evicted-basic-1048576,stride16-gcc13-auto,basic,cycles,548795494,250063017,250063017
1,stride16-gcc13-auto-r4-stride16_scan-auto-cache_evicted-basic-1048576,stride16-gcc13-auto,basic,instructions,561797264,250061840,250061840
1,stride16-gcc13-auto-r4-stride16_scan-auto-cache_evicted-basic-1048576,stride16-gcc13-auto,basic,ref_cycles,548798096,250058271,250058271
1,stride16-gcc13-auto-r4-stride16_scan-auto-warm-basic-229376,stride16-gcc13-auto,basic,cycles,548733704,250034368,250034368
1,stride16-gcc13-auto-r4-stride16_scan-auto-warm-basic-229376,stride16-gcc13-auto,basic,instructions,975364137,250032485,250032485
1,stride16-gcc13-auto-r4-stride16_scan-auto-warm-basic-229376,stride16-gcc13-auto,basic,ref_cycles,548736760,250029418,250029418
1,stride16-gcc13-auto-r4-stride16_scan-auto-warm-branch-6291456,stride16-gcc13-auto,branch,cycles,549269519,250283744,250283744
1,stride16-gcc13-auto-r4-stride16_scan-auto-warm-branch-6291456,stride16-gcc13-auto,branch,branches,85058180,250283353,250283353
1,stride16-gcc13-auto-r4-stride16_scan-auto-warm-branch-6291456,stride16-gcc13-auto,branch,branch_misses,907,250279839,250279839
1,stride16-gcc13-auto-r4-stride16_scan-auto-warm-basic-32768,stride16-gcc13-auto,basic,cycles,548731479,250034185,250034185
1,stride16-gcc13-auto-r4-stride16_scan-auto-warm-basic-32768,stride16-gcc13-auto,basic,instructions,1725359698,250032643,250032643
1,stride16-gcc13-auto-r4-stride16_scan-auto-warm-basic-32768,stride16-gcc13-auto,basic,ref_cycles,548734340,250029520,250029520
1,stride16-gcc13-auto-r4-stride16_scan-auto-warm-basic-5242880,stride16-gcc13-auto,basic,cycles,548896427,250111705,250111705
1,stride16-gcc13-auto-r4-stride16_scan-auto-warm-basic-5242880,stride16-gcc13-auto,basic,instructions,508915116,250111488,250111488
1,stride16-gcc13-auto-r4-stride16_scan-auto-warm-basic-5242880,stride16-gcc13-auto,basic,ref_cycles,548899648,250108164,250108164
1,stride16-gcc13-auto-r4-stride16_scan-auto-cache_evicted-branch-536870912,stride16-gcc13-auto,branch,cycles,596259920,271694712,271694712
1,stride16-gcc13-auto-r4-stride16_scan-auto-cache_evicted-branch-536870912,stride16-gcc13-auto,branch,branches,58720591,271693833,271693833
1,stride16-gcc13-auto-r4-stride16_scan-auto-cache_evicted-branch-536870912,stride16-gcc13-auto,branch,branch_misses,41,271690205,271690205
1,stride16-gcc13-auto-r4-stride16_scan-auto-warm-branch-2097152,stride16-gcc13-auto,branch,cycles,548882632,250102301,250102301
1,stride16-gcc13-auto-r4-stride16_scan-auto-warm-branch-2097152,stride16-gcc13-auto,branch,branches,112428254,250099742,250099742
1,stride16-gcc13-auto-r4-stride16_scan-auto-warm-branch-2097152,stride16-gcc13-auto,branch,branch_misses,3471,250095917,250095917
1,stride16-gcc13-auto-r4-stride16_scan-auto-warm-branch-16384,stride16-gcc13-auto,branch,cycles,548731226,250032658,250032658
1,stride16-gcc13-auto-r4-stride16_scan-auto-warm-branch-16384,stride16-gcc13-auto,branch,branches,350744495,250031365,250031365
1,stride16-gcc13-auto-r4-stride16_scan-auto-warm-branch-16384,stride16-gcc13-auto,branch,branch_misses,1231012,250027968,250027968
1,stride16-gcc13-auto-r4-stride16_scan-auto-cache_evicted-branch-262144,stride16-gcc13-auto,branch,cycles,548737916,250040218,250040218
1,stride16-gcc13-auto-r4-stride16_scan-auto-cache_evicted-branch-262144,stride16-gcc13-auto,branch,branches,153466848,250038789,250038789
1,stride16-gcc13-auto-r4-stride16_scan-auto-cache_evicted-branch-262144,stride16-gcc13-auto,branch,branch_misses,37637,250034870,250034870
1,stride16-gcc13-auto-r4-stride16_scan-auto-warm-basic-262144,stride16-gcc13-auto,basic,cycles,548744933,250039685,250039685
1,stride16-gcc13-auto-r4-stride16_scan-auto-warm-basic-262144,stride16-gcc13-auto,basic,instructions,671245298,250037586,250037586
1,stride16-gcc13-auto-r4-stride16_scan-auto-warm-basic-262144,stride16-gcc13-auto,basic,ref_cycles,548746968,250034479,250034479
1,stride16-gcc13-auto-r4-stride16_scan-auto-cache_evicted-basic-262144,stride16-gcc13-auto,basic,cycles,548735889,250035362,250035362
1,stride16-gcc13-auto-r4-stride16_scan-auto-cache_evicted-basic-262144,stride16-gcc13-auto,basic,instructions,806625110,250032531,250032531
1,stride16-gcc13-auto-r4-stride16_scan-auto-cache_evicted-basic-262144,stride16-gcc13-auto,basic,ref_cycles,548737156,250028902,250028902
1,stride16-gcc13-auto-r4-stride16_scan-auto-warm-basic-8192,stride16-gcc13-auto,basic,cycles,548731190,250032111,250032111
1,stride16-gcc13-auto-r4-stride16_scan-auto-warm-basic-8192,stride16-gcc13-auto,basic,instructions,1626402711,250031657,250031657
1,stride16-gcc13-auto-r4-stride16_scan-auto-warm-basic-8192,stride16-gcc13-auto,basic,ref_cycles,548733746,250028474,250028474
1,stride16-gcc13-auto-r4-stride16_scan-auto-warm-branch-8192,stride16-gcc13-auto,branch,cycles,548730772,250032678,250032678
1,stride16-gcc13-auto-r4-stride16_scan-auto-warm-branch-8192,stride16-gcc13-auto,branch,branches,322755859,250030169,250030169
1,stride16-gcc13-auto-r4-stride16_scan-auto-warm-branch-8192,stride16-gcc13-auto,branch,branch_misses,2056188,250026425,250026425
1,stride16-gcc13-auto-r4-stride16_scan-auto-warm-basic-524288,stride16-gcc13-auto,basic,cycles,548745238,250039297,250039297
1,stride16-gcc13-auto-r4-stride16_scan-auto-warm-basic-524288,stride16-gcc13-auto,basic,instructions,560877852,250036496,250036496
1,stride16-gcc13-auto-r4-stride16_scan-auto-warm-basic-524288,stride16-gcc13-auto,basic,ref_cycles,548746682,250032840,250032840
1,stride16-gcc13-auto-r4-stride16_scan-auto-warm-branch-262144,stride16-gcc13-auto,branch,cycles,548737731,250036651,250036651
1,stride16-gcc13-auto-r4-stride16_scan-auto-warm-branch-262144,stride16-gcc13-auto,branch,branches,146722314,250034925,250034925
1,stride16-gcc13-auto-r4-stride16_scan-auto-warm-branch-262144,stride16-gcc13-auto,branch,branch_misses,35732,250031749,250031749
1,stride16-gcc13-auto-r4-stride16_scan-auto-warm-basic-33554432,stride16-gcc13-auto,basic,cycles,550150452,250685493,250685493
1,stride16-gcc13-auto-r4-stride16_scan-auto-warm-basic-33554432,stride16-gcc13-auto,basic,instructions,270024812,250685361,250685361
1,stride16-gcc13-auto-r4-stride16_scan-auto-warm-basic-33554432,stride16-gcc13-auto,basic,ref_cycles,550154022,250682288,250682288
1,stride16-gcc13-auto-r4-stride16_scan-auto-warm-basic-196608,stride16-gcc13-auto,basic,cycles,548736601,250035236,250035236
1,stride16-gcc13-auto-r4-stride16_scan-auto-warm-basic-196608,stride16-gcc13-auto,basic,instructions,1137784497,250033233,250033233
1,stride16-gcc13-auto-r4-stride16_scan-auto-warm-basic-196608,stride16-gcc13-auto,basic,ref_cycles,548738784,250030366,250030366
1,stride16-gcc13-auto-r4-stride16_scan-auto-warm-basic-1048576,stride16-gcc13-auto,basic,cycles,548777400,250054713,250054713
1,stride16-gcc13-auto-r4-stride16_scan-auto-warm-basic-1048576,stride16-gcc13-auto,basic,instructions,561715086,250052662,250052662
1,stride16-gcc13-auto-r4-stride16_scan-auto-warm-basic-1048576,stride16-gcc13-auto,basic,ref_cycles,548779814,250049234,250049234
1,stride16-gcc13-auto-r4-stride16_scan-auto-warm-branch-33554432,stride16-gcc13-auto,branch,cycles,550796694,250981465,250981465
1,stride16-gcc13-auto-r4-stride16_scan-auto-warm-branch-33554432,stride16-gcc13-auto,branch,branches,54004783,250980885,250980885
1,stride16-gcc13-auto-r4-stride16_scan-auto-warm-branch-33554432,stride16-gcc13-auto,branch,branch_misses,129,250976874,250976874
1,stride16-gcc13-auto-r4-stride16_scan-auto-warm-branch-24576,stride16-gcc13-auto,branch,cycles,548731417,250032964,250032964
1,stride16-gcc13-auto-r4-stride16_scan-auto-warm-branch-24576,stride16-gcc13-auto,branch,branches,363550774,250030968,250030968
1,stride16-gcc13-auto-r4-stride16_scan-auto-warm-branch-24576,stride16-gcc13-auto,branch,branch_misses,880551,250027858,250027858
1,stride16-gcc13-auto-r4-stride16_scan-auto-warm-basic-28672,stride16-gcc13-auto,basic,cycles,548731480,250032833,250032833
1,stride16-gcc13-auto-r4-stride16_scan-auto-warm-basic-28672,stride16-gcc13-auto,basic,instructions,1760358134,250031419,250031419
1,stride16-gcc13-auto-r4-stride16_scan-auto-warm-basic-28672,stride16-gcc13-auto,basic,ref_cycles,548734560,250028518,250028518
1,stride16-gcc13-auto-r4-stride16_scan-auto-cache_evicted-basic-33554432,stride16-gcc13-auto,basic,cycles,550477071,250835297,250835297
1,stride16-gcc13-auto-r4-stride16_scan-auto-cache_evicted-basic-33554432,stride16-gcc13-auto,basic,instructions,270024812,250834371,250834371
1,stride16-gcc13-auto-r4-stride16_scan-auto-cache_evicted-basic-33554432,stride16-gcc13-auto,basic,ref_cycles,550480678,250831419,250831419
1,stride16-gcc13-auto-r4-stride16_scan-auto-warm-branch-65536,stride16-gcc13-auto,branch,cycles,548732013,250033921,250033921
1,stride16-gcc13-auto-r4-stride16_scan-auto-warm-branch-65536,stride16-gcc13-auto,branch,branches,208547998,250031978,250031978
1,stride16-gcc13-auto-r4-stride16_scan-auto-warm-branch-65536,stride16-gcc13-auto,branch,branch_misses,198153,250028566,250028566
1,stride16-gcc13-auto-r4-stride16_scan-auto-warm-basic-4194304,stride16-gcc13-auto,basic,cycles,548925723,250123546,250123546
1,stride16-gcc13-auto-r4-stride16_scan-auto-warm-basic-4194304,stride16-gcc13-auto,basic,instructions,542238120,250122726,250122726
1,stride16-gcc13-auto-r4-stride16_scan-auto-warm-basic-4194304,stride16-gcc13-auto,basic,ref_cycles,548928622,250119383,250119383
1,stride16-gcc13-auto-r4-stride16_scan-auto-warm-branch-49152,stride16-gcc13-auto,branch,cycles,548731281,250035169,250035169
1,stride16-gcc13-auto-r4-stride16_scan-auto-warm-branch-49152,stride16-gcc13-auto,branch,branches,210233846,250033305,250033305
1,stride16-gcc13-auto-r4-stride16_scan-auto-warm-branch-49152,stride16-gcc13-auto,branch,branch_misses,263912,250029552,250029552
1,stride16-gcc13-auto-r4-stride16_scan-auto-warm-basic-131072,stride16-gcc13-auto,basic,cycles,548734891,250035400,250035400
1,stride16-gcc13-auto-r4-stride16_scan-auto-warm-basic-131072,stride16-gcc13-auto,basic,instructions,1079906235,250033243,250033243
1,stride16-gcc13-auto-r4-stride16_scan-auto-warm-basic-131072,stride16-gcc13-auto,basic,ref_cycles,548737288,250029978,250029978
1,stride16-gcc13-auto-r4-stride16_scan-auto-warm-branch-98304,stride16-gcc13-auto,branch,cycles,548733838,250034622,250034622
1,stride16-gcc13-auto-r4-stride16_scan-auto-warm-branch-98304,stride16-gcc13-auto,branch,branches,209175010,250031858,250031858
1,stride16-gcc13-auto-r4-stride16_scan-auto-warm-branch-98304,stride16-gcc13-auto,branch,branch_misses,133754,250028192,250028192
1,stride16-gcc13-auto-r4-stride16_scan-auto-warm-basic-49152,stride16-gcc13-auto,basic,cycles,548731900,250033607,250033607
1,stride16-gcc13-auto-r4-stride16_scan-auto-warm-basic-49152,stride16-gcc13-auto,basic,instructions,1035042462,250031260,250031260
1,stride16-gcc13-auto-r4-stride16_scan-auto-warm-basic-49152,stride16-gcc13-auto,basic,ref_cycles,548733878,250027448,250027448
1,stride16-gcc13-auto-r4-stride16_scan-auto-warm-basic-12582912,stride16-gcc13-auto,basic,cycles,548898919,250126563,250126563
1,stride16-gcc13-auto-r4-stride16_scan-auto-warm-basic-12582912,stride16-gcc13-auto,basic,instructions,297908414,250127031,250127031
1,stride16-gcc13-auto-r4-stride16_scan-auto-warm-basic-12582912,stride16-gcc13-auto,basic,ref_cycles,548904268,250123722,250123722
1,stride16-gcc13-auto-r4-stride16_scan-auto-warm-basic-8388608,stride16-gcc13-auto,basic,cycles,549068074,250192257,250192257
1,stride16-gcc13-auto-r4-stride16_scan-auto-warm-basic-8388608,stride16-gcc13-auto,basic,instructions,368399498,250192114,250192114
1,stride16-gcc13-auto-r4-stride16_scan-auto-warm-basic-8388608,stride16-gcc13-auto,basic,ref_cycles,549071622,250188964,250188964
1,stride16-gcc13-auto-r4-stride16_scan-auto-warm-branch-536870912,stride16-gcc13-auto,branch,cycles,601988909,274304843,274304843
1,stride16-gcc13-auto-r4-stride16_scan-auto-warm-branch-536870912,stride16-gcc13-auto,branch,branches,58720591,274304162,274304162
1,stride16-gcc13-auto-r4-stride16_scan-auto-warm-branch-536870912,stride16-gcc13-auto,branch,branch_misses,36,274300618,274300618
1,stride16-gcc13-auto-r4-stride16_scan-auto-warm-basic-2097152,stride16-gcc13-auto,basic,cycles,548786705,250060086,250060086
1,stride16-gcc13-auto-r4-stride16_scan-auto-warm-basic-2097152,stride16-gcc13-auto,basic,instructions,561680087,250057664,250057664
1,stride16-gcc13-auto-r4-stride16_scan-auto-warm-basic-2097152,stride16-gcc13-auto,basic,ref_cycles,548789120,250053996,250053996
1,stride16-gcc13-auto-r4-stride16_scan-auto-cache_evicted-basic-32768,stride16-gcc13-auto,basic,cycles,548730732,250032452,250032452
1,stride16-gcc13-auto-r4-stride16_scan-auto-cache_evicted-basic-32768,stride16-gcc13-auto,basic,instructions,1703864308,250030292,250030292
1,stride16-gcc13-auto-r4-stride16_scan-auto-cache_evicted-basic-32768,stride16-gcc13-auto,basic,ref_cycles,548732756,250027110,250027110
1,stride16-gcc13-auto-r4-stride16_scan-auto-cache_evicted-basic-6291456,stride16-gcc13-auto,basic,cycles,549282402,250289036,250289036
1,stride16-gcc13-auto-r4-stride16_scan-auto-cache_evicted-basic-6291456,stride16-gcc13-auto,basic,instructions,459224223,250289355,250289355
1,stride16-gcc13-auto-r4-stride16_scan-auto-cache_evicted-basic-6291456,stride16-gcc13-auto,basic,ref_cycles,549285660,250286082,250286082
1,stride16-gcc13-auto-r4-stride16_scan-auto-cache_evicted-branch-6291456,stride16-gcc13-auto,branch,cycles,549134227,250222981,250222981
1,stride16-gcc13-auto-r4-stride16_scan-auto-cache_evicted-branch-6291456,stride16-gcc13-auto,branch,branches,90269826,250222960,250222960
1,stride16-gcc13-auto-r4-stride16_scan-auto-cache_evicted-branch-6291456,stride16-gcc13-auto,branch,branch_misses,964,250219369,250219369
1,stride16-gcc13-auto-r4-stride16_scan-auto-warm-branch-12582912,stride16-gcc13-auto,branch,cycles,549138708,250228238,250228238
1,stride16-gcc13-auto-r4-stride16_scan-auto-warm-branch-12582912,stride16-gcc13-auto,branch,branches,61154240,250226630,250226630
1,stride16-gcc13-auto-r4-stride16_scan-auto-warm-branch-12582912,stride16-gcc13-auto,branch,branch_misses,352,250222105,250222105
1,stride16-gcc13-auto-r4-stride16_scan-auto-warm-branch-196608,stride16-gcc13-auto,branch,cycles,548734897,250034945,250034945
1,stride16-gcc13-auto-r4-stride16_scan-auto-warm-branch-196608,stride16-gcc13-auto,branch,branches,223852068,250031960,250031960
1,stride16-gcc13-auto-r4-stride16_scan-auto-warm-branch-196608,stride16-gcc13-auto,branch,branch_misses,72249,250028665,250028665
1,stride16-gcc13-auto-r4-stride16_scan-auto-warm-branch-1048576,stride16-gcc13-auto,branch,cycles,548757119,250045661,250045661
1,stride16-gcc13-auto-r4-stride16_scan-auto-warm-branch-1048576,stride16-gcc13-auto,branch,branches,112347117,250043075,250043075
1,stride16-gcc13-auto-r4-stride16_scan-auto-warm-branch-1048576,stride16-gcc13-auto,branch,branch_misses,6885,250039745,250039745
1,stride16-gcc13-auto-r4-stride16_scan-auto-warm-branch-5242880,stride16-gcc13-auto,branch,cycles,548853482,250094931,250094931
1,stride16-gcc13-auto-r4-stride16_scan-auto-warm-branch-5242880,stride16-gcc13-auto,branch,branches,99568167,250094406,250094406
1,stride16-gcc13-auto-r4-stride16_scan-auto-warm-branch-5242880,stride16-gcc13-auto,branch,branch_misses,1346,250090502,250090502
1,stride16-gcc13-auto-r4-stride16_scan-auto-cache_evicted-branch-1048576,stride16-gcc13-auto,branch,cycles,548765966,250054444,250054444
1,stride16-gcc13-auto-r4-stride16_scan-auto-cache_evicted-branch-1048576,stride16-gcc13-auto,branch,branches,112265088,250052527,250052527
1,stride16-gcc13-auto-r4-stride16_scan-auto-cache_evicted-branch-1048576,stride16-gcc13-auto,branch,branch_misses,6892,250048606,250048606
1,stride16-gcc13-auto-r4-stride16_scan-auto-warm-branch-8388608,stride16-gcc13-auto,branch,cycles,549173013,250241121,250241121
1,stride16-gcc13-auto-r4-stride16_scan-auto-warm-branch-8388608,stride16-gcc13-auto,branch,branches,75383207,250241012,250241012
1,stride16-gcc13-auto-r4-stride16_scan-auto-warm-branch-8388608,stride16-gcc13-auto,branch,branch_misses,621,250237350,250237350
1,stride16-gcc13-auto-r4-stride16_scan-auto-warm-branch-393216,stride16-gcc13-auto,branch,cycles,548758777,250046560,250046560
1,stride16-gcc13-auto-r4-stride16_scan-auto-warm-branch-393216,stride16-gcc13-auto,branch,branches,116657489,250044021,250044021
1,stride16-gcc13-auto-r4-stride16_scan-auto-warm-branch-393216,stride16-gcc13-auto,branch,branch_misses,18942,250040220,250040220
1,stride16-gcc13-auto-r4-stride16_scan-auto-warm-basic-7340032,stride16-gcc13-auto,basic,cycles,549306366,250300623,250300623
1,stride16-gcc13-auto-r4-stride16_scan-auto-warm-basic-7340032,stride16-gcc13-auto,basic,instructions,413561904,250300579,250300579
1,stride16-gcc13-auto-r4-stride16_scan-auto-warm-basic-7340032,stride16-gcc13-auto,basic,ref_cycles,549310300,250297506,250297506
1,stride16-gcc13-auto-r4-stride16_scan-auto-warm-basic-294912,stride16-gcc13-auto,basic,cycles,548743369,250037566,250037566
1,stride16-gcc13-auto-r4-stride16_scan-auto-warm-basic-294912,stride16-gcc13-auto,basic,instructions,709134970,250034411,250034411
1,stride16-gcc13-auto-r4-stride16_scan-auto-warm-basic-294912,stride16-gcc13-auto,basic,ref_cycles,548744636,250030763,250030763
1,stride16-gcc13-auto-r4-stride16_scan-auto-warm-basic-65536,stride16-gcc13-auto,basic,cycles,548731049,250031219,250031219
1,stride16-gcc13-auto-r4-stride16_scan-auto-warm-basic-65536,stride16-gcc13-auto,basic,instructions,1047913202,250028793,250028793
1,stride16-gcc13-auto-r4-stride16_scan-auto-warm-basic-65536,stride16-gcc13-auto,basic,ref_cycles,548732668,250025361,250025361
1,stride16-gcc13-auto-r4-stride16_scan-auto-warm-basic-6291456,stride16-gcc13-auto,basic,cycles,548951980,250138471,250138471
1,stride16-gcc13-auto-r4-stride16_scan-auto-warm-basic-6291456,stride16-gcc13-auto,basic,instructions,459224146,250138357,250138357
1,stride16-gcc13-auto-r4-stride16_scan-auto-warm-basic-6291456,stride16-gcc13-auto,basic,ref_cycles,548956034,250135468,250135468
1,stride16-gcc13-auto-r4-stride16_scan-auto-warm-basic-98304,stride16-gcc13-auto,basic,cycles,548735692,250035040,250035040
1,stride16-gcc13-auto-r4-stride16_scan-auto-warm-basic-98304,stride16-gcc13-auto,basic,instructions,800322196,250033503,250033503
1,stride16-gcc13-auto-r4-stride16_scan-auto-warm-basic-98304,stride16-gcc13-auto,basic,ref_cycles,548738234,250030457,250030457
1,stride16-gcc13-auto-r4-stride16_scan-auto-warm-branch-36864,stride16-gcc13-auto,branch,cycles,548732645,250034251,250034251
1,stride16-gcc13-auto-r4-stride16_scan-auto-warm-branch-36864,stride16-gcc13-auto,branch,branches,204991604,250032948,250032948
1,stride16-gcc13-auto-r4-stride16_scan-auto-warm-branch-36864,stride16-gcc13-auto,branch,branch_misses,338945,250029755,250029755
1,stride16-gcc13-auto-r4-stride16_scan-auto-warm-branch-4194304,stride16-gcc13-auto,branch,cycles,548858069,250095920,250095920
1,stride16-gcc13-auto-r4-stride16_scan-auto-warm-branch-4194304,stride16-gcc13-auto,branch,branches,107198907,250095126,250095126
1,stride16-gcc13-auto-r4-stride16_scan-auto-warm-branch-4194304,stride16-gcc13-auto,branch,branch_misses,1678,250090794,250090794
1,stride16-gcc13-auto-r4-stride16_scan-auto-warm-basic-134217728,stride16-gcc13-auto,basic,cycles,569317335,259420045,259420045
1,stride16-gcc13-auto-r4-stride16_scan-auto-warm-basic-134217728,stride16-gcc13-auto,basic,instructions,283120308,259419313,259419313
1,stride16-gcc13-auto-r4-stride16_scan-auto-warm-basic-134217728,stride16-gcc13-auto,basic,ref_cycles,569320972,259415343,259415343
1,stride16-gcc13-auto-r4-stride16_scan-auto-warm-basic-24576,stride16-gcc13-auto,basic,cycles,548712532,250031309,250031309
1,stride16-gcc13-auto-r4-stride16_scan-auto-warm-basic-24576,stride16-gcc13-auto,basic,instructions,1787715162,250029059,250029059
1,stride16-gcc13-auto-r4-stride16_scan-auto-warm-basic-24576,stride16-gcc13-auto,basic,ref_cycles,548714672,250025974,250025974
1,stride16-gcc13-auto-r4-stride16_scan-auto-warm-branch-32768,stride16-gcc13-auto,branch,cycles,548731583,250033495,250033495
1,stride16-gcc13-auto-r4-stride16_scan-auto-warm-branch-32768,stride16-gcc13-auto,branch,branches,343005074,250032142,250032142
1,stride16-gcc13-auto-r4-stride16_scan-auto-warm-branch-32768,stride16-gcc13-auto,branch,branch_misses,634284,250028747,250028747
1,stride16-gcc13-auto-r4-stride16_scan-auto-warm-branch-524288,stride16-gcc13-auto,branch,cycles,548751977,250043188,250043188
1,stride16-gcc13-auto-r4-stride16_scan-auto-warm-branch-524288,stride16-gcc13-auto,branch,branches,112266127,250040275,250040275
1,stride16-gcc13-auto-r4-stride16_scan-auto-warm-branch-524288,stride16-gcc13-auto,branch,branch_misses,13708,250036332,250036332
1,stride16-gcc13-auto-r4-stride16_scan-auto-warm-branch-229376,stride16-gcc13-auto,branch,cycles,548738456,250035974,250035974
1,stride16-gcc13-auto-r4-stride16_scan-auto-warm-branch-229376,stride16-gcc13-auto,branch,branches,172358338,250033550,250033550
1,stride16-gcc13-auto-r4-stride16_scan-auto-warm-branch-229376,stride16-gcc13-auto,branch,branch_misses,47767,250029967,250029967
1,stride16-gcc13-auto-r4-stride16_scan-auto-warm-branch-134217728,stride16-gcc13-auto,branch,cycles,548835176,250089589,250089589
1,stride16-gcc13-auto-r4-stride16_scan-auto-warm-branch-134217728,stride16-gcc13-auto,branch,branches,54526838,250088507,250088507
1,stride16-gcc13-auto-r4-stride16_scan-auto-warm-branch-134217728,stride16-gcc13-auto,branch,branch_misses,53,250084563,250084563
1,stride16-gcc13-auto-r4-stride16_scan-auto-warm-basic-36864,stride16-gcc13-auto,basic,cycles,548731836,250033521,250033521
1,stride16-gcc13-auto-r4-stride16_scan-auto-warm-basic-36864,stride16-gcc13-auto,basic,instructions,1042292962,250032581,250032581
1,stride16-gcc13-auto-r4-stride16_scan-auto-warm-basic-36864,stride16-gcc13-auto,basic,ref_cycles,548734296,250029413,250029413
1,stride16-gcc13-auto-r4-stride16_scan-auto-warm-basic-16384,stride16-gcc13-auto,basic,cycles,548731493,250032529,250032529
1,stride16-gcc13-auto-r4-stride16_scan-auto-warm-basic-16384,stride16-gcc13-auto,basic,instructions,1765614208,250031215,250031215
1,stride16-gcc13-auto-r4-stride16_scan-auto-warm-basic-16384,stride16-gcc13-auto,basic,ref_cycles,548734076,250028109,250028109
1,stride16-gcc13-auto-r4-stride16_scan-auto-warm-branch-28672,stride16-gcc13-auto,branch,cycles,548730939,250033013,250033013
1,stride16-gcc13-auto-r4-stride16_scan-auto-warm-branch-28672,stride16-gcc13-auto,branch,branches,353066822,250030114,250030114
1,stride16-gcc13-auto-r4-stride16_scan-auto-warm-branch-28672,stride16-gcc13-auto,branch,branch_misses,740401,250026336,250026336
1,stride16-gcc13-auto-r4-stride16_scan-auto-cache_evicted-branch-33554432,stride16-gcc13-auto,branch,cycles,549759158,250509767,250509767
1,stride16-gcc13-auto-r4-stride16_scan-auto-cache_evicted-branch-33554432,stride16-gcc13-auto,branch,branches,55053417,250509187,250509187
1,stride16-gcc13-auto-r4-stride16_scan-auto-cache_evicted-branch-33554432,stride16-gcc13-auto,branch,branch_misses,136,250505563,250505563
1,stride16-gcc13-auto-r4-stride16_scan-auto-warm-branch-294912,stride16-gcc13-auto,branch,cycles,548737358,250036282,250036282
1,stride16-gcc13-auto-r4-stride16_scan-auto-warm-branch-294912,stride16-gcc13-auto,branch,branches,131626042,250032725,250032725
1,stride16-gcc13-auto-r4-stride16_scan-auto-warm-branch-294912,stride16-gcc13-auto,branch,branch_misses,28436,250028981,250028981
1,stride16-gcc13-auto-r4-stride16_scan-auto-warm-branch-7340032,stride16-gcc13-auto,branch,cycles,548972310,250149906,250149906
1,stride16-gcc13-auto-r4-stride16_scan-auto-warm-branch-7340032,stride16-gcc13-auto,branch,branches,85923165,250150149,250150149
1,stride16-gcc13-auto-r4-stride16_scan-auto-warm-branch-7340032,stride16-gcc13-auto,branch,branch_misses,791,250146142,250146142
1,stride16-gcc13-auto-r4-stride16_scan-auto-warm-basic-536870912,stride16-gcc13-auto,basic,cycles,600236822,273504461,273504461
1,stride16-gcc13-auto-r4-stride16_scan-auto-warm-basic-536870912,stride16-gcc13-auto,basic,instructions,293602988,273503879,273503879
1,stride16-gcc13-auto-r4-stride16_scan-auto-warm-basic-536870912,stride16-gcc13-auto,basic,ref_cycles,600240124,273500400,273500400
1,stride16-gcc13-auto-r4-stride16_scan-auto-cache_evicted-branch-8388608,stride16-gcc13-auto,branch,cycles,548949033,250139705,250139705
1,stride16-gcc13-auto-r4-stride16_scan-auto-cache_evicted-branch-8388608,stride16-gcc13-auto,branch,branches,73810000,250139995,250139995
1,stride16-gcc13-auto-r4-stride16_scan-auto-cache_evicted-branch-8388608,stride16-gcc13-auto,branch,branch_misses,613,250136184,250136184
1,stride16-gcc13-auto-r4-stride16_scan-auto-warm-branch-131072,stride16-gcc13-auto,branch,cycles,548732741,250034191,250034191
1,stride16-gcc13-auto-r4-stride16_scan-auto-warm-branch-131072,stride16-gcc13-auto,branch,branches,214425538,250030902,250030902
1,stride16-gcc13-auto-r4-stride16_scan-auto-warm-branch-131072,stride16-gcc13-auto,branch,branch_misses,103309,250026816,250026816
1,stride16-gcc13-auto-r4-stride16_scan-auto-cache_evicted-branch-32768,stride16-gcc13-auto,branch,cycles,548732040,250039852,250039852
1,stride16-gcc13-auto-r4-stride16_scan-auto-cache_evicted-branch-32768,stride16-gcc13-auto,branch,branches,344269403,250037043,250037043
1,stride16-gcc13-auto-r4-stride16_scan-auto-cache_evicted-branch-32768,stride16-gcc13-auto,branch,branch_misses,636632,250032914,250032914
1,stride16-gcc13-auto-r5-stride16_scan-auto-warm-branch-196608,stride16-gcc13-auto,branch,cycles,548735042,250036050,250036050
1,stride16-gcc13-auto-r5-stride16_scan-auto-warm-branch-196608,stride16-gcc13-auto,branch,branches,223970188,250032399,250032399
1,stride16-gcc13-auto-r5-stride16_scan-auto-warm-branch-196608,stride16-gcc13-auto,branch,branch_misses,72287,250028055,250028055
1,stride16-gcc13-auto-r5-stride16_scan-auto-warm-basic-32768,stride16-gcc13-auto,basic,cycles,548731089,250031342,250031342
1,stride16-gcc13-auto-r5-stride16_scan-auto-warm-basic-32768,stride16-gcc13-auto,basic,instructions,1737341766,250029269,250029269
1,stride16-gcc13-auto-r5-stride16_scan-auto-warm-basic-32768,stride16-gcc13-auto,basic,ref_cycles,548732382,250025870,250025870
1,stride16-gcc13-auto-r5-stride16_scan-auto-warm-branch-524288,stride16-gcc13-auto,branch,cycles,548745112,250039199,250039199
1,stride16-gcc13-auto-r5-stride16_scan-auto-warm-branch-524288,stride16-gcc13-auto,branch,branches,112282562,250035677,250035677
1,stride16-gcc13-auto-r5-stride16_scan-auto-warm-branch-524288,stride16-gcc13-auto,branch,branch_misses,13704,250031856,250031856
1,stride16-gcc13-auto-r5-stride16_scan-auto-cache_evicted-branch-33554432,stride16-gcc13-auto,branch,cycles,553718630,252313176,252313176
1,stride16-gcc13-auto-r5-stride16_scan-auto-cache_evicted-branch-33554432,stride16-gcc13-auto,branch,branches,53480466,252312161,252312161
1,stride16-gcc13-auto-r5-stride16_scan-auto-cache_evicted-branch-33554432,stride16-gcc13-auto,branch,branch_misses,137,252308147,252308147
1,stride16-gcc13-auto-r5-stride16_scan-auto-cache_evicted-branch-8388608,stride16-gcc13-auto,branch,cycles,549284443,250293101,250293101
1,stride16-gcc13-auto-r5-stride16_scan-auto-cache_evicted-branch-8388608,stride16-gcc13-auto,branch,branches,70925775,250292657,250292657
1,stride16-gcc13-auto-r5-stride16_scan-auto-cache_evicted-branch-8388608,stride16-gcc13-auto,branch,branch_misses,584,250288900,250288900
1,stride16-gcc13-auto-r5-stride16_scan-auto-warm-basic-28672,stride16-gcc13-auto,basic,cycles,548730760,250032096,250032096
1,stride16-gcc13-auto-r5-stride16_scan-auto-warm-basic-28672,stride16-gcc13-auto,basic,instructions,1765079328,250028722,250028722
1,stride16-gcc13-auto-r5-stride16_scan-auto-warm-basic-28672,stride16-gcc13-auto,basic,ref_cycles,548731766,250025065,250025065
1,stride16-gcc13-auto-r5-stride16_scan-auto-warm-basic-8192,stride16-gcc13-auto,basic,cycles,548730850,250031355,250031355
1,stride16-gcc13-auto-r5-stride16_scan-auto-warm-basic-8192,stride16-gcc13-auto,basic,instructions,1627904718,250028803,250028803
1,stride16-gcc13-auto-r5-stride16_scan-auto-warm-basic-8192,stride16-gcc13-auto,basic,ref_cycles,548731964,250025211,250025211
1,stride16-gcc13-auto-r5-stride16_scan-auto-warm-branch-6291456,stride16-gcc13-auto,branch,cycles,548803243,250073044,250073044
1,stride16-gcc13-auto-r5-stride16_scan-auto-warm-branch-6291456,stride16-gcc13-auto,branch,branches,89089833,250072250,250072250
1,stride16-gcc13-auto-r5-stride16_scan-auto-warm-branch-6291456,stride16-gcc13-auto,branch,branch_misses,947,250067865,250067865
1,stride16-gcc13-auto-r5-stride16_scan-auto-cache_evicted-basic-32768,stride16-gcc13-auto,basic,cycles,548730980,250032788,250032788
1,stride16-gcc13-auto-r5-stride16_scan-auto-cache_evicted-basic-32768,stride16-gcc13-auto,basic,instructions,1736427941,250030349,250030349
1,stride16-gcc13-auto-r5-stride16_scan-auto-cache_evicted-basic-32768,stride16-gcc13-auto,basic,ref_cycles,548732492,250026966,250026966
1,stride16-gcc13-auto-r5-stride16_scan-auto-warm-basic-2097152,stride16-gcc13-auto,basic,cycles,548769837,250051649,250051649
1,stride16-gcc13-auto-r5-stride16_scan-auto-warm-basic-2097152,stride16-gcc13-auto,basic,instructions,561516107,250049064,250049064
1,stride16-gcc13-auto-r5-stride16_scan-auto-warm-basic-2097152,stride16-gcc13-auto,basic,ref_cycles,548771982,250045310,250045310
1,stride16-gcc13-auto-r5-stride16_scan-auto-warm-basic-294912,stride16-gcc13-auto,basic,cycles,548742289,250036387,250036387
1,stride16-gcc13-auto-r5-stride16_scan-auto-warm-basic-294912,stride16-gcc13-auto,basic,instructions,641755621,250033503,250033503
1,stride16-gcc13-auto-r5-stride16_scan-auto-warm-basic-294912,stride16-gcc13-auto,basic,ref_cycles,548743514,250029869,250029869
1,stride16-gcc13-auto-r5-stride16_scan-auto-warm-branch-134217728,stride16-gcc13-auto,branch,cycles,557489723,254030938,254030938
1,stride16-gcc13-auto-r5-stride16_scan-auto-warm-branch-134217728,stride16-gcc13-auto,branch,branches,54526838,254029646,254029646
1,stride16-gcc13-auto-r5-stride16_scan-auto-warm-branch-134217728,stride16-gcc13-auto,branch,branch_misses,60,254025416,254025416
1,stride16-gcc13-auto-r5-stride16_scan-auto-warm-branch-33554432,stride16-gcc13-auto,branch,cycles,549445553,250366708,250366708
1,stride16-gcc13-auto-r5-stride16_scan-auto-warm-branch-33554432,stride16-gcc13-auto,branch,branches,55053417,250365907,250365907
1,stride16-gcc13-auto-r5-stride16_scan-auto-warm-branch-33554432,stride16-gcc13-auto,branch,branch_misses,131,250361810,250361810
1,stride16-gcc13-auto-r5-stride16_scan-auto-warm-basic-16384,stride16-gcc13-auto,basic,cycles,548689245,250031996,250031996
1,stride16-gcc13-auto-r5-stride16_scan-auto-warm-basic-16384,stride16-gcc13-auto,basic,instructions,1761386917,250028550,250028550
1,stride16-gcc13-auto-r5-stride16_scan-auto-warm-basic-16384,stride16-gcc13-auto,basic,ref_cycles,548690670,250025314,250025314
1,stride16-gcc13-auto-r5-stride16_scan-auto-warm-basic-5242880,stride16-gcc13-auto,basic,cycles,548869116,250099381,250099381
1,stride16-gcc13-auto-r5-stride16_scan-auto-warm-basic-5242880,stride16-gcc13-auto,basic,instructions,552758776,250099424,250099424
1,stride16-gcc13-auto-r5-stride16_scan-auto-warm-basic-5242880,stride16-gcc13-auto,basic,ref_cycles,548872610,250095859,250095859
1,stride16-gcc13-auto-r5-stride16_scan-auto-warm-basic-36864,stride16-gcc13-auto,basic,cycles,548732760,250034036,250034036
1,stride16-gcc13-auto-r5-stride16_scan-auto-warm-basic-36864,stride16-gcc13-auto,basic,instructions,1030782691,250031749,250031749
1,stride16-gcc13-auto-r5-stride16_scan-auto-warm-basic-36864,stride16-gcc13-auto,basic,ref_cycles,548735484,250028388,250028388
1,stride16-gcc13-auto-r5-stride16_scan-auto-warm-basic-7340032,stride16-gcc13-auto,basic,cycles,549292649,250295147,250295147
1,stride16-gcc13-auto-r5-stride16_scan-auto-warm-basic-7340032,stride16-gcc13-auto,basic,instructions,424460190,250293918,250293918
1,stride16-gcc13-auto-r5-stride16_scan-auto-warm-basic-7340032,stride16-gcc13-auto,basic,ref_cycles,549296550,250290971,250290971
1,stride16-gcc13-auto-r5-stride16_scan-auto-cache_evicted-branch-536870912,stride16-gcc13-auto,branch,cycles,605187771,275762661,275762661
1,stride16-gcc13-auto-r5-stride16_scan-auto-cache_evicted-branch-536870912,stride16-gcc13-auto,branch,branches,58720591,275760911,275760911
1,stride16-gcc13-auto-r5-stride16_scan-auto-cache_evicted-branch-536870912,stride16-gcc13-auto,branch,branch_misses,38,275757226,275757226
1,stride16-gcc13-auto-r5-stride16_scan-auto-warm-basic-12582912,stride16-gcc13-auto,basic,cycles,549102414,250209995,250209995
1,stride16-gcc13-auto-r5-stride16_scan-auto-warm-basic-12582912,stride16-gcc13-auto,basic,instructions,308723546,250208696,250208696
1,stride16-gcc13-auto-r5-stride16_scan-auto-warm-basic-12582912,stride16-gcc13-auto,basic,ref_cycles,549105392,250204866,250204866
1,stride16-gcc13-auto-r5-stride16_scan-auto-warm-branch-4194304,stride16-gcc13-auto,branch,cycles,548833160,250083115,250083115
1,stride16-gcc13-auto-r5-stride16_scan-auto-warm-branch-4194304,stride16-gcc13-auto,branch,branches,108903609,250081078,250081078
1,stride16-gcc13-auto-r5-stride16_scan-auto-warm-branch-4194304,stride16-gcc13-auto,branch,branch_misses,1697,250076971,250076971
1,stride16-gcc13-auto-r5-stride16_scan-auto-warm-basic-65536,stride16-gcc13-auto,basic,cycles,548732480,250032586,250032586
1,stride16-gcc13-auto-r5-stride16_scan-auto-warm-basic-65536,stride16-gcc13-auto,basic,instructions,1043799475,250029478,250029478
1,stride16-gcc13-auto-r5-stride16_scan-auto-warm-basic-65536,stride16-gcc13-auto,basic,ref_cycles,548733504,250025899,250025899
1,stride16-gcc13-auto-r5-stride16_scan-auto-warm-basic-134217728,stride16-gcc13-auto,basic,cycles,567065083,258393591,258393591
1,stride16-gcc13-auto-r5-stride16_scan-auto-warm-basic-134217728,stride16-gcc13-auto,basic,instructions,283120308,258391890,258391890
1,stride16-gcc13-auto-r5-stride16_scan-auto-warm-basic-134217728,stride16-gcc13-auto,basic,ref_cycles,567068370,258388517,258388517
1,stride16-gcc13-auto-r5-stride16_scan-auto-warm-branch-49152,stride16-gcc13-auto,branch,cycles,548730910,250031951,250031951
1,stride16-gcc13-auto-r5-stride16_scan-auto-warm-branch-49152,stride16-gcc13-auto,branch,branches,208258064,250028017,250028017
1,stride16-gcc13-auto-r5-stride16_scan-auto-warm-branch-49152,stride16-gcc13-auto,branch,branch_misses,261419,250024206,250024206
1,stride16-gcc13-auto-r5-stride16_scan-auto-warm-branch-28672,stride16-gcc13-auto,branch,cycles,548730942,250030469,250030469
1,stride16-gcc13-auto-r5-stride16_scan-auto-warm-branch-28672,stride16-gcc13-auto,branch,branches,351099004,250028197,250028197
1,stride16-gcc13-auto-r5-stride16_scan-auto-warm-branch-28672,stride16-gcc13-auto,branch,branch_misses,736293,250024529,250024529
1,stride16-gcc13-auto-r5-stride16_scan-auto-warm-branch-98304,stride16-gcc13-auto,branch,cycles,548733872,250033970,250033970
1,stride16-gcc13-auto-r5-stride16_scan-auto-warm-branch-98304,stride16-gcc13-auto,branch,branches,207912047,250033343,250033343
1,stride16-gcc13-auto-r5-stride16_scan-auto-warm-branch-98304,stride16-gcc13-auto,branch,branch_misses,132942,250030095,250030095
1,stride16-gcc13-auto-r5-stride16_scan-auto-warm-branch-131072,stride16-gcc13-auto,branch,cycles,548735276,250035958,250035958
1,stride16-gcc13-auto-r5-stride16_scan-auto-warm-branch-131072,stride16-gcc13-auto,branch,branches,212051531,250033746,250033746
1,stride16-gcc13-auto-r5-stride16_scan-auto-warm-branch-131072,stride16-gcc13-auto,branch,branch_misses,102174,250030534,250030534
1,stride16-gcc13-auto-r5-stride16_scan-auto-warm-basic-262144,stride16-gcc13-auto,basic,cycles,548740731,250035706,250035706
1,stride16-gcc13-auto-r5-stride16_scan-auto-warm-basic-262144,stride16-gcc13-auto,basic,instructions,794864351,250032157,250032157
1,stride16-gcc13-auto-r5-stride16_scan-auto-warm-basic-262144,stride16-gcc13-auto,basic,ref_cycles,548741578,250028523,250028523
1,stride16-gcc13-auto-r5-stride16_scan-auto-warm-basic-524288,stride16-gcc13-auto,basic,cycles,548769262,250047109,250047109
1,stride16-gcc13-auto-r5-stride16_scan-auto-warm-basic-524288,stride16-gcc13-auto,basic,instructions,561576763,250044910,250044910
1,stride16-gcc13-auto-r5-stride16_scan-auto-warm-basic-524288,stride16-gcc13-auto,basic,ref_cycles,548770200,250041342,250041342
1,stride16-gcc13-auto-r5-stride16_scan-auto-cache_evicted-basic-6291456,stride16-gcc13-auto,basic,cycles,549155753,250230742,250230742
1,stride16-gcc13-auto-r5-stride16_scan-auto-cache_evicted-basic-6291456,stride16-gcc13-auto,basic,instructions,481349476,250231046,250231046
1,stride16-gcc13-auto-r5-stride16_scan-auto-cache_evicted-basic-6291456,stride16-gcc13-auto,basic,ref_cycles,549159138,250228535,250228535
1,stride16-gcc13-auto-r5-stride16_scan-auto-cache_evicted-branch-262144,stride16-gcc13-auto,branch,cycles,548735431,250035250,250035250
1,stride16-gcc13-auto-r5-stride16_scan-auto-cache_evicted-branch-262144,stride16-gcc13-auto,branch,branches,197628921,250032194,250032194
1,stride16-gcc13-auto-r5-stride16_scan-auto-cache_evicted-branch-262144,stride16-gcc13-auto,branch,branch_misses,47960,250027898,250027898
1,stride16-gcc13-auto-r5-stride16_scan-auto-cache_evicted-branch-32768,stride16-gcc13-auto,branch,cycles,548730918,250031247,250031247
1,stride16-gcc13-auto-r5-stride16_scan-auto-cache_evicted-branch-32768,stride16-gcc13-auto,branch,branches,348313409,250028222,250028222
1,stride16-gcc13-auto-r5-stride16_scan-auto-cache_evicted-branch-32768,stride16-gcc13-auto,branch,branch_misses,644025,250024633,250024633
1,stride16-gcc13-auto-r5-stride16_scan-auto-warm-basic-98304,stride16-gcc13-auto,basic,cycles,548734139,250031443,250031443
1,stride16-gcc13-auto-r5-stride16_scan-auto-warm-basic-98304,stride16-gcc13-auto,basic,instructions,1049999631,250028783,250028783
1,stride16-gcc13-auto-r5-stride16_scan-auto-warm-basic-98304,stride16-gcc13-auto,basic,ref_cycles,548735198,250025383,250025383
1,stride16-gcc13-auto-r5-stride16_scan-auto-cache_evicted-basic-536870912,stride16-gcc13-auto,basic,cycles,622893010,283827512,283827512
1,stride16-gcc13-auto-r5-stride16_scan-auto-cache_evicted-basic-536870912,stride16-gcc13-auto,basic,instructions,293602988,283825117,283825117
1,stride16-gcc13-auto-r5-stride16_scan-auto-cache_evicted-basic-536870912,stride16-gcc13-auto,basic,ref_cycles,622896494,283821648,283821648
1,stride16-gcc13-auto-r5-stride16_scan-auto-warm-branch-536870912,stride16-gcc13-auto,branch,cycles,556233038,253459045,253459045
1,stride16-gcc13-auto-r5-stride16_scan-auto-warm-branch-536870912,stride16-gcc13-auto,branch,branches,50331954,253457389,253457389
1,stride16-gcc13-auto-r5-stride16_scan-auto-warm-branch-536870912,stride16-gcc13-auto,branch,branch_misses,63,253452896,253452896
1,stride16-gcc13-auto-r5-stride16_scan-auto-warm-branch-12582912,stride16-gcc13-auto,branch,cycles,549963856,250603220,250603220
1,stride16-gcc13-auto-r5-stride16_scan-auto-warm-branch-12582912,stride16-gcc13-auto,branch,branches,53288759,250602721,250602721
1,stride16-gcc13-auto-r5-stride16_scan-auto-warm-branch-12582912,stride16-gcc13-auto,branch,branch_misses,309,250598582,250598582
1,stride16-gcc13-auto-r5-stride16_scan-auto-warm-basic-196608,stride16-gcc13-auto,basic,cycles,548737906,250036592,250036592
1,stride16-gcc13-auto-r5-stride16_scan-auto-warm-basic-196608,stride16-gcc13-auto,basic,instructions,1125666797,250034419,250034419
1,stride16-gcc13-auto-r5-stride16_scan-auto-warm-basic-196608,stride16-gcc13-auto,basic,ref_cycles,548740236,250031417,250031417
1,stride16-gcc13-auto-r5-stride16_scan-auto-warm-branch-32768,stride16-gcc13-auto,branch,cycles,548731985,250036729,250036729
1,stride16-gcc13-auto-r5-stride16_scan-auto-warm-branch-32768,stride16-gcc13-auto,branch,branches,342128044,250034427,250034427
1,stride16-gcc13-auto-r5-stride16_scan-auto-warm-branch-32768,stride16-gcc13-auto,branch,branch_misses,632660,250030507,250030507
1,stride16-gcc13-auto-r5-stride16_scan-auto-cache_evicted-basic-8388608,stride16-gcc13-auto,basic,cycles,549153814,250231938,250231938
1,stride16-gcc13-auto-r5-stride16_scan-auto-cache_evicted-basic-8388608,stride16-gcc13-auto,basic,instructions,308747724,250230955,250230955
1,stride16-gcc13-auto-r5-stride16_scan-auto-cache_evicted-basic-8388608,stride16-gcc13-auto,basic,ref_cycles,549156828,250228568,250228568
1,stride16-gcc13-auto-r5-stride16_scan-auto-warm-branch-294912,stride16-gcc13-auto,branch,cycles,548736526,250037255,250037255
1,stride16-gcc13-auto-r5-stride16_scan-auto-warm-branch-294912,stride16-gcc13-auto,branch,branches,141322000,250035554,250035554
1,stride16-gcc13-auto-r5-stride16_scan-auto-warm-branch-294912,stride16-gcc13-auto,branch,branch_misses,32901,250032979,250032979
1,stride16-gcc13-auto-r5-stride16_scan-auto-warm-basic-393216,stride16-gcc13-auto,basic,cycles,548749918,250042149,250042149
1,stride16-gcc13-auto-r5-stride16_scan-auto-warm-basic-393216,stride16-gcc13-auto,basic,instructions,586452625,250040143,250040143
1,stride16-gcc13-auto-r5-stride16_scan-auto-warm-basic-393216,stride16-gcc13-auto,basic,ref_cycles,548752248,250036901,250036901
1,stride16-gcc13-auto-r5-stride16_scan-auto-warm-branch-8388608,stride16-gcc13-auto,branch,cycles,549585365,250431387,250431387
1,stride16-gcc13-auto-r5-stride16_scan-auto-warm-branch-8388608,stride16-gcc13-auto,branch,branches,55586956,250429450,250429450
1,stride16-gcc13-auto-r5-stride16_scan-auto-warm-branch-8388608,stride16-gcc13-auto,branch,branch_misses,464,250425872,250425872
1,stride16-gcc13-auto-r5-stride16_scan-auto-warm-branch-393216,stride16-gcc13-auto,branch,cycles,548761168,250049668,250049668
1,stride16-gcc13-auto-r5-stride16_scan-auto-warm-branch-393216,stride16-gcc13-auto,branch,branches,111891942,250048244,250048244
1,stride16-gcc13-auto-r5-stride16_scan-auto-warm-branch-393216,stride16-gcc13-auto,branch,branch_misses,18178,250044815,250044815
1,stride16-gcc13-auto-r5-stride16_scan-auto-warm-basic-49152,stride16-gcc13-auto,basic,cycles,548733200,250035925,250035925
1,stride16-gcc13-auto-r5-stride16_scan-auto-warm-basic-49152,stride16-gcc13-auto,basic,instructions,1033213117,250034302,250034302
1,stride16-gcc13-auto-r5-stride16_scan-auto-warm-basic-49152,stride16-gcc13-auto,basic,ref_cycles,548736320,250030744,250030744
1,stride16-gcc13-auto-r5-stride16_scan-auto-cache_evicted-basic-1048576,stride16-gcc13-auto,basic,cycles,548795626,250070540,250070540
1,stride16-gcc13-auto-r5-stride16_scan-auto-cache_evicted-basic-1048576,stride16-gcc13-auto,basic,instructions,560976523,250068020,250068020
1,stride16-gcc13-auto-r5-stride16_scan-auto-cache_evicted-basic-1048576,stride16-gcc13-auto,basic,ref_cycles,548798536,250063229,250063229
1,stride16-gcc13-auto-r5-stride16_scan-auto-warm-branch-24576,stride16-gcc13-auto,branch,cycles,548731355,250034206,250034206
1,stride16-gcc13-auto-r5-stride16_scan-auto-warm-branch-24576,stride16-gcc13-auto,branch,branches,354434936,250032690,250032690
1,stride16-gcc13-auto-r5-stride16_scan-auto-warm-branch-24576,stride16-gcc13-auto,branch,branch_misses,858492,250029658,250029658
1,stride16-gcc13-auto-r5-stride16_scan-auto-warm-basic-4194304,stride16-gcc13-auto,basic,cycles,548755747,250050821,250050821
1,stride16-gcc13-auto-r5-stride16_scan-auto-warm-basic-4194304,stride16-gcc13-auto,basic,instructions,530763876,250048944,250048944
1,stride16-gcc13-auto-r5-stride16_scan-auto-warm-basic-4194304,stride16-gcc13-auto,basic,ref_cycles,548758914,250044691,250044691
1,stride16-gcc13-auto-r5-stride16_scan-auto-warm-branch-7340032,stride16-gcc13-auto,branch,cycles,549293625,250297481,250297481
1,stride16-gcc13-auto-r5-stride16_scan-auto-warm-branch-7340032,stride16-gcc13-auto,branch,branches,85005429,250296661,250296661
1,stride16-gcc13-auto-r5-stride16_scan-auto-warm-branch-7340032,stride16-gcc13-auto,branch,branch_misses,782,250292476,250292476
1,stride16-gcc13-auto-r5-stride16_scan-auto-warm-basic-24576,stride16-gcc13-auto,basic,cycles,548731407,250032838,250032838
1,stride16-gcc13-auto-r5-stride16_scan-auto-warm-basic-24576,stride16-gcc13-auto,basic,instructions,1808287068,250031829,250031829
1,stride16-gcc13-auto-r5-stride16_scan-auto-warm-basic-24576,stride16-gcc13-auto,basic,ref_cycles,548734318,250028596,250028596
1,stride16-gcc13-auto-r5-stride16_scan-auto-warm-basic-33554432,stride16-gcc13-auto,basic,cycles,550082404,250655278,250655278
1,stride16-gcc13-auto-r5-stride16_scan-auto-warm-basic-33554432,stride16-gcc13-auto,basic,instructions,272646406,250654384,250654384
1,stride16-gcc13-auto-r5-stride16_scan-auto-warm-basic-33554432,stride16-gcc13-auto,basic,ref_cycles,550085844,250651006,250651006
1,stride16-gcc13-auto-r5-stride16_scan-auto-warm-basic-536870912,stride16-gcc13-auto,basic,cycles,562193597,256175037,256175037
1,stride16-gcc13-auto-r5-stride16_scan-auto-warm-basic-536870912,stride16-gcc13-auto,basic,instructions,251659794,256173065,256173065
1,stride16-gcc13-auto-r5-stride16_scan-auto-warm-basic-536870912,stride16-gcc13-auto,basic,ref_cycles,562196624,256169357,256169357
1,stride16-gcc13-auto-r5-stride16_scan-auto-warm-basic-131072,stride16-gcc13-auto,basic,cycles,548736315,250036157,250036157
1,stride16-gcc13-auto-r5-stride16_scan-auto-warm-basic-131072,stride16-gcc13-auto,basic,instructions,1063410916,250034125,250034125
1,stride16-gcc13-auto-r5-stride16_scan-auto-warm-basic-131072,stride16-gcc13-auto,basic,ref_cycles,548739246,250030940,250030940
1,stride16-gcc13-auto-r5-stride16_scan-auto-warm-branch-16384,stride16-gcc13-auto,branch,cycles,548731162,250034058,250034058
1,stride16-gcc13-auto-r5-stride16_scan-auto-warm-branch-16384,stride16-gcc13-auto,branch,branches,343201711,250032771,250032771
1,stride16-gcc13-auto-r5-stride16_scan-auto-warm-branch-16384,stride16-gcc13-auto,branch,branch_misses,1204592,250029655,250029655
1,stride16-gcc13-auto-r5-stride16_scan-auto-cache_evicted-branch-6291456,stride16-gcc13-auto,branch,cycles,549049783,250184938,250184938
1,stride16-gcc13-auto-r5-stride16_scan-auto-cache_evicted-branch-6291456,stride16-gcc13-auto,branch,branches,91056493,250184241,250184241
1,stride16-gcc13-auto-r5-stride16_scan-auto-cache_evicted-branch-6291456,stride16-gcc13-auto,branch,branch_misses,967,250180382,250180382
1,stride16-gcc13-auto-r5-stride16_scan-auto-warm-basic-1048576,stride16-gcc13-auto,basic,cycles,548807626,250068399,250068399
1,stride16-gcc13-auto-r5-stride16_scan-auto-warm-basic-1048576,stride16-gcc13-auto,basic,instructions,561797160,250065456,250065456
1,stride16-gcc13-auto-r5-stride16_scan-auto-warm-basic-1048576,stride16-gcc13-auto,basic,ref_cycles,548809294,250062013,250062013
1,stride16-gcc13-auto-r5-stride16_scan-auto-warm-branch-2097152,stride16-gcc13-auto,branch,cycles,548873573,250099787,250099787
1,stride16-gcc13-auto-r5-stride16_scan-auto-warm-branch-2097152,stride16-gcc13-auto,branch,branches,112362654,250097511,250097511
1,stride16-gcc13-auto-r5-stride16_scan-auto-warm-branch-2097152,stride16-gcc13-auto,branch,branch_misses,3471,250093911,250093911
1,stride16-gcc13-auto-r5-stride16_scan-auto-warm-basic-229376,stride16-gcc13-auto,basic,cycles,548732668,250033942,250033942
1,stride16-gcc13-auto-r5-stride16_scan-auto-warm-basic-229376,stride16-gcc13-auto,basic,instructions,984799407,250031689,250031689
1,stride16-gcc13-auto-r5-stride16_scan-auto-warm-basic-229376,stride16-gcc13-auto,basic,ref_cycles,548735176,250029068,250029068
1,stride16-gcc13-auto-r5-stride16_scan-auto-warm-branch-1048576,stride16-gcc13-auto,branch,cycles,548785828,250059494,250059494
1,stride16-gcc13-auto-r5-stride16_scan-auto-warm-branch-1048576,stride16-gcc13-auto,branch,branches,112150161,250057025,250057025
1,stride16-gcc13-auto-r5-stride16_scan-auto-warm-branch-1048576,stride16-gcc13-auto,branch,branch_misses,24351,250053205,250053205
1,stride16-gcc13-auto-r5-stride16_scan-auto-cache_evicted-basic-33554432,stride16-gcc13-auto,basic,cycles,551309103,251214203,251214203
1,stride16-gcc13-auto-r5-stride16_scan-auto-cache_evicted-basic-33554432,stride16-gcc13-auto,basic,instructions,272646406,251212275,251212275
1,stride16-gcc13-auto-r5-stride16_scan-auto-cache_evicted-basic-33554432,stride16-gcc13-auto,basic,ref_cycles,551312718,251208681,251208681
1,stride16-gcc13-auto-r5-stride16_scan-auto-warm-basic-8388608,stride16-gcc13-auto,basic,cycles,549588286,250428660,250428660
1,stride16-gcc13-auto-r5-stride16_scan-auto-warm-basic-8388608,stride16-gcc13-auto,basic,instructions,362499872,250428586,250428586
1,stride16-gcc13-auto-r5-stride16_scan-auto-warm-basic-8388608,stride16-gcc13-auto,basic,ref_cycles,549591702,250425365,250425365
1,stride16-gcc13-auto-r5-stride16_scan-auto-warm-branch-229376,stride16-gcc13-auto,branch,cycles,548740061,250038503,250038503
1,stride16-gcc13-auto-r5-stride16_scan-auto-warm-branch-229376,stride16-gcc13-auto,branch,branches,143739988,250037334,250037334
1,stride16-gcc13-auto-r5-stride16_scan-auto-warm-branch-229376,stride16-gcc13-auto,branch,branch_misses,39846,250033675,250033675
1,stride16-gcc13-auto-r5-stride16_scan-auto-cache_evicted-basic-262144,stride16-gcc13-auto,basic,cycles,548735673,250034623,250034623
1,stride16-gcc13-auto-r5-stride16_scan-auto-cache_evicted-basic-262144,stride16-gcc13-auto,basic,instructions,789952714,250032283,250032283
1,stride16-gcc13-auto-r5-stride16_scan-auto-cache_evicted-basic-262144,stride16-gcc13-auto,basic,ref_cycles,548737640,250029229,250029229
1,stride16-gcc13-auto-r5-stride16_scan-auto-warm-basic-6291456,stride16-gcc13-auto,basic,cycles,549382049,250336630,250336630
1,stride16-gcc13-auto-r5-stride16_scan-auto-warm-basic-6291456,stride16-gcc13-auto,basic,instructions,378589610,250335529,250335529
1,stride16-gcc13-auto-r5-stride16_scan-auto-warm-basic-6291456,stride16-gcc13-auto,basic,ref_cycles,549385364,250332242,250332242
1,stride16-gcc13-auto-r5-stride16_scan-auto-cache_evicted-branch-1048576,stride16-gcc13-auto,branch,cycles,548737478,250037351,250037351
1,stride16-gcc13-auto-r5-stride16_scan-auto-cache_evicted-branch-1048576,stride16-gcc13-auto,branch,branches,112363545,250036016,250036016
1,stride16-gcc13-auto-r5-stride16_scan-auto-cache_evicted-branch-1048576,stride16-gcc13-auto,branch,branch_misses,6891,250032469,250032469
1,stride16-gcc13-auto-r5-stride16_scan-auto-warm-branch-8192,stride16-gcc13-auto,branch,cycles,548730861,250033605,250033605
1,stride16-gcc13-auto-r5-stride16_scan-auto-warm-branch-8192,stride16-gcc13-auto,branch,branches,321476413,250030994,250030994
1,stride16-gcc13-auto-r5-stride16_scan-auto-warm-branch-8192,stride16-gcc13-auto,branch,branch_misses,2048022,250027066,250027066
1,stride16-gcc13-auto-r5-stride16_scan-auto-warm-branch-5242880,stride16-gcc13-auto,branch,cycles,548905401,250131727,250131727
1,stride16-gcc13-auto-r5-stride16_scan-auto-warm-branch-5242880,stride16-gcc13-auto,branch,branches,88095314,250132283,250132283
1,stride16-gcc13-auto-r5-stride16_scan-auto-warm-branch-5242880,stride16-gcc13-auto,branch,branch_misses,1117,250128575,250128575
1,stride16-gcc13-auto-r5-stride16_scan-auto-warm-branch-65536,stride16-gcc13-auto,branch,cycles,548731795,250035140,250035140
1,stride16-gcc13-auto-r5-stride16_scan-auto-warm-branch-65536,stride16-gcc13-auto,branch,branches,207336998,250033086,250033086
1,stride16-gcc13-auto-r5-stride16_scan-auto-warm-branch-65536,stride16-gcc13-auto,branch,branch_misses,196981,250029310,250029310
1,stride16-gcc13-auto-r5-stride16_scan-auto-warm-branch-36864,stride16-gcc13-auto,branch,cycles,548731983,250033122,250033122
1,stride16-gcc13-auto-r5-stride16_scan-auto-warm-branch-36864,stride16-gcc13-auto,branch,branches,205472303,250030848,250030848
1,stride16-gcc13-auto-r5-stride16_scan-auto-warm-branch-36864,stride16-gcc13-auto,branch,branch_misses,339761,250027198,250027198
1,stride16-gcc13-auto-r5-stride16_scan-auto-warm-branch-262144,stride16-gcc13-auto,branch,cycles,548655908,250025582,250025582
1,stride16-gcc13-auto-r5-stride16_scan-auto-warm-branch-262144,stride16-gcc13-auto,branch,branches,151152748,250025698,250025698
1,stride16-gcc13-auto-r5-stride16_scan-auto-warm-branch-262144,stride16-gcc13-auto,branch,branch_misses,39080,250023160,250023160
1,stride16-gcc13-auto-r6-stride16_scan-auto-cache_evicted-branch-6291456,stride16-gcc13-auto,branch,cycles,548777846,250063131,250063131
1,stride16-gcc13-auto-r6-stride16_scan-auto-cache_evicted-branch-6291456,stride16-gcc13-auto,branch,branches,74733212,250061849,250061849
1,stride16-gcc13-auto-r6-stride16_scan-auto-cache_evicted-branch-6291456,stride16-gcc13-auto,branch,branch_misses,807,250057604,250057604
1,stride16-gcc13-auto-r6-stride16_scan-auto-warm-basic-229376,stride16-gcc13-auto,basic,cycles,548732242,250033146,250033146
1,stride16-gcc13-auto-r6-stride16_scan-auto-warm-basic-229376,stride16-gcc13-auto,basic,instructions,766266100,250030609,250030609
1,stride16-gcc13-auto-r6-stride16_scan-auto-warm-basic-229376,stride16-gcc13-auto,basic,ref_cycles,548734318,250027242,250027242
1,stride16-gcc13-auto-r6-stride16_scan-auto-warm-branch-536870912,stride16-gcc13-auto,branch,cycles,595569924,271380523,271380523
1,stride16-gcc13-auto-r6-stride16_scan-auto-warm-branch-536870912,stride16-gcc13-auto,branch,branches,58720591,271379402,271379402
1,stride16-gcc13-auto-r6-stride16_scan-auto-warm-branch-536870912,stride16-gcc13-auto,branch,branch_misses,42,271375620,271375620
1,stride16-gcc13-auto-r6-stride16_scan-auto-warm-branch-2097152,stride16-gcc13-auto,branch,cycles,548760336,250047098,250047098
1,stride16-gcc13-auto-r6-stride16_scan-auto-warm-branch-2097152,stride16-gcc13-auto,branch,branches,112395473,250046353,250046353
1,stride16-gcc13-auto-r6-stride16_scan-auto-warm-branch-2097152,stride16-gcc13-auto,branch,branch_misses,3478,250043386,250043386
1,stride16-gcc13-auto-r6-stride16_scan-auto-warm-basic-294912,stride16-gcc13-auto,basic,cycles,548747492,250041010,250041010
1,stride16-gcc13-auto-r6-stride16_scan-auto-warm-basic-294912,stride16-gcc13-auto,basic,instructions,660728163,250038892,250038892
1,stride16-gcc13-auto-r6-stride16_scan-auto-warm-basic-294912,stride16-gcc13-auto,basic,ref_cycles,548749806,250035595,250035595
1,stride16-gcc13-auto-r6-stride16_scan-auto-warm-basic-2097152,stride16-gcc13-auto,basic,cycles,548888820,250105413,250105413
1,stride16-gcc13-auto-r6-stride16_scan-auto-warm-basic-2097152,stride16-gcc13-auto,basic,instructions,561844074,250103700,250103700
1,stride16-gcc13-auto-r6-stride16_scan-auto-warm-basic-2097152,stride16-gcc13-auto,basic,ref_cycles,548891266,250100512,250100512
1,stride16-gcc13-auto-r6-stride16_scan-auto-warm-basic-36864,stride16-gcc13-auto,basic,cycles,548731523,250032830,250032830
1,stride16-gcc13-auto-r6-stride16_scan-auto-warm-basic-36864,stride16-gcc13-auto,basic,instructions,1039943997,250031051,250031051
1,stride16-gcc13-auto-r6-stride16_scan-auto-warm-basic-36864,stride16-gcc13-auto,basic,ref_cycles,548733460,250027586,250027586
1,stride16-gcc13-auto-r6-stride16_scan-auto-warm-branch-393216,stride16-gcc13-auto,branch,cycles,548744096,250039944,250039944
1,stride16-gcc13-auto-r6-stride16_scan-auto-warm-branch-393216,stride16-gcc13-auto,branch,branches,112151320,250037170,250037170
1,stride16-gcc13-auto-r6-stride16_scan-auto-warm-branch-393216,stride16-gcc13-auto,branch,branch_misses,18231,250033082,250033082
1,stride16-gcc13-auto-r6-stride16_scan-auto-warm-branch-134217728,stride16-gcc13-auto,branch,cycles,568453653,259027226,259027226
1,stride16-gcc13-auto-r6-stride16_scan-auto-warm-branch-134217728,stride16-gcc13-auto,branch,branches,56624019,259025525,259025525
1,stride16-gcc13-auto-r6-stride16_scan-auto-warm-branch-134217728,stride16-gcc13-auto,branch,branch_misses,58,259021610,259021610
1,stride16-gcc13-auto-r6-stride16_scan-auto-cache_evicted-branch-33554432,stride16-gcc13-auto,branch,cycles,552391158,251709576,251709576
1,stride16-gcc13-auto-r6-stride16_scan-auto-cache_evicted-branch-33554432,stride16-gcc13-auto,branch,branches,55577734,251708390,251708390
1,stride16-gcc13-auto-r6-stride16_scan-auto-cache_evicted-branch-33554432,stride16-gcc13-auto,branch,branch_misses,137,251704530,251704530
1,stride16-gcc13-auto-r6-stride16_scan-auto-warm-basic-5242880,stride16-gcc13-auto,basic,cycles,548960684,250141475,250141475
1,stride16-gcc13-auto-r6-stride16_scan-auto-warm-basic-5242880,stride16-gcc13-auto,basic,instructions,546202754,250140623,250140623
1,stride16-gcc13-auto-r6-stride16_scan-auto-warm-basic-5242880,stride16-gcc13-auto,basic,ref_cycles,548963998,250137171,250137171
1,stride16-gcc13-auto-r6-stride16_scan-auto-warm-basic-6291456,stride16-gcc13-auto,basic,cycles,549115593,250214211,250214211
1,stride16-gcc13-auto-r6-stride16_scan-auto-warm-basic-6291456,stride16-gcc13-auto,basic,instructions,490691282,250213003,250213003
1,stride16-gcc13-auto-r6-stride16_scan-auto-warm-basic-6291456,stride16-gcc13-auto,basic,ref_cycles,549118922,250209916,250209916
1,stride16-gcc13-auto-r6-stride16_scan-auto-warm-basic-49152,stride16-gcc13-auto,basic,cycles,548732185,250033437,250033437
1,stride16-gcc13-auto-r6-stride16_scan-auto-warm-basic-49152,stride16-gcc13-auto,basic,instructions,1036212649,250031659,250031659
1,stride16-gcc13-auto-r6-stride16_scan-auto-warm-basic-49152,stride16-gcc13-auto,basic,ref_cycles,548734802,250029206,250029206
1,stride16-gcc13-auto-r6-stride16_scan-auto-warm-branch-36864,stride16-gcc13-auto,branch,cycles,548733019,250035643,250035643
1,stride16-gcc13-auto-r6-stride16_scan-auto-warm-branch-36864,stride16-gcc13-auto,branch,branches,205522526,250033670,250033670
1,stride16-gcc13-auto-r6-stride16_scan-auto-warm-branch-36864,stride16-gcc13-auto,branch,branch_misses,339829,250030055,250030055
1,stride16-gcc13-auto-r6-stride16_scan-auto-cache_evicted-basic-1048576,stride16-gcc13-auto,basic,cycles,548796838,250064273,250064273
1,stride16-gcc13-auto-r6-stride16_scan-auto-cache_evicted-basic-1048576,stride16-gcc13-auto,basic,instructions,561797370,250061807,250061807
1,stride16-gcc13-auto-r6-stride16_scan-auto-cache_evicted-basic-1048576,stride16-gcc13-auto,basic,ref_cycles,548798448,250058155,250058155
1,stride16-gcc13-auto-r6-stride16_scan-auto-cache_evicted-basic-33554432,stride16-gcc13-auto,basic,cycles,550959062,251054250,251054250
1,stride16-gcc13-auto-r6-stride16_scan-auto-cache_evicted-basic-33554432,stride16-gcc13-auto,basic,instructions,275268000,251053837,251053837
1,stride16-gcc13-auto-r6-stride16_scan-auto-cache_evicted-basic-33554432,stride16-gcc13-auto,basic,ref_cycles,550963028,251050921,251050921
1,stride16-gcc13-auto-r6-stride16_scan-auto-warm-branch-294912,stride16-gcc13-auto,branch,cycles,548733853,250035197,250035197
1,stride16-gcc13-auto-r6-stride16_scan-auto-warm-branch-294912,stride16-gcc13-auto,branch,branches,143246373,250031793,250031793
1,stride16-gcc13-auto-r6-stride16_scan-auto-warm-branch-294912,stride16-gcc13-auto,branch,branch_misses,30949,250027958,250027958
1,stride16-gcc13-auto-r6-stride16_scan-auto-warm-branch-8192,stride16-gcc13-auto,branch,cycles,548730779,250033155,250033155
1,stride16-gcc13-auto-r6-stride16_scan-auto-warm-branch-8192,stride16-gcc13-auto,branch,branches,321555128,250030455,250030455
1,stride16-gcc13-auto-r6-stride16_scan-auto-warm-branch-8192,stride16-gcc13-auto,branch,branch_misses,2048636,250026478,250026478
1,stride16-gcc13-auto-r6-stride16_scan-auto-warm-basic-393216,stride16-gcc13-auto,basic,cycles,548730942,250033319,250033319
1,stride16-gcc13-auto-r6-stride16_scan-auto-warm-basic-393216,stride16-gcc13-auto,basic,instructions,561414026,250031032,250031032
1,stride16-gcc13-auto-r6-stride16_scan-auto-warm-basic-393216,stride16-gcc13-auto,basic,ref_cycles,548732844,250027670,250027670
1,stride16-gcc13-auto-r6-stride16_scan-auto-warm-basic-4194304,stride16-gcc13-auto,basic,cycles,548794810,250065883,250065883
1,stride16-gcc13-auto-r6-stride16_scan-auto-warm-basic-4194304,stride16-gcc13-auto,basic,instructions,515355678,250065140,250065140
1,stride16-gcc13-auto-r6-stride16_scan-auto-warm-basic-4194304,stride16-gcc13-auto,basic,ref_cycles,548798184,250062032,250062032
1,stride16-gcc13-auto-r6-stride16_scan-auto-cache_evicted-branch-32768,stride16-gcc13-auto,branch,cycles,548731011,250034249,250034249
1,stride16-gcc13-auto-r6-stride16_scan-auto-cache_evicted-branch-32768,stride16-gcc13-auto,branch,branches,348279091,250032476,250032476
1,stride16-gcc13-auto-r6-stride16_scan-auto-cache_evicted-branch-32768,stride16-gcc13-auto,branch,branch_misses,643971,250028682,250028682
1,stride16-gcc13-auto-r6-stride16_scan-auto-warm-basic-16384,stride16-gcc13-auto,basic,cycles,548731237,250032676,250032676
1,stride16-gcc13-auto-r6-stride16_scan-auto-warm-basic-16384,stride16-gcc13-auto,basic,instructions,1783835349,250031107,250031107
1,stride16-gcc13-auto-r6-stride16_scan-auto-warm-basic-16384,stride16-gcc13-auto,basic,ref_cycles,548733746,250028313,250028313
1,stride16-gcc13-auto-r6-stride16_scan-auto-warm-branch-1048576,stride16-gcc13-auto,branch,cycles,548796751,250064723,250064723
1,stride16-gcc13-auto-r6-stride16_scan-auto-warm-branch-1048576,stride16-gcc13-auto,branch,branches,112265064,250062476,250062476
1,stride16-gcc13-auto-r6-stride16_scan-auto-warm-branch-1048576,stride16-gcc13-auto,branch,branch_misses,12841,250058485,250058485
1,stride16-gcc13-auto-r6-stride16_scan-auto-warm-branch-5242880,stride16-gcc13-auto,branch,cycles,548853380,250094362,250094362
1,stride16-gcc13-auto-r6-stride16_scan-auto-warm-branch-5242880,stride16-gcc13-auto,branch,branches,97355544,250093307,250093307
1,stride16-gcc13-auto-r6-stride16_scan-auto-warm-branch-5242880,stride16-gcc13-auto,branch,branch_misses,1232,250089556,250089556
1,stride16-gcc13-auto-r6-stride16_scan-auto-warm-branch-6291456,stride16-gcc13-auto,branch,cycles,549272844,250286056,250286056
1,stride16-gcc13-auto-r6-stride16_scan-auto-warm-branch-6291456,stride16-gcc13-auto,branch,branches,88598165,250285599,250285599
1,stride16-gcc13-auto-r6-stride16_scan-auto-warm-branch-6291456,stride16-gcc13-auto,branch,branch_misses,946,250281407,250281407
1,stride16-gcc13-auto-r6-stride16_scan-auto-warm-basic-1048576,stride16-gcc13-auto,basic,cycles,548763261,250047958,250047958
1,stride16-gcc13-auto-r6-stride16_scan-auto-warm-basic-1048576,stride16-gcc13-auto,basic,instructions,561797358,250045663,250045663
1,stride16-gcc13-auto-r6-stride16_scan-auto-warm-basic-1048576,stride16-gcc13-auto,basic,ref_cycles,548765074,250042589,250042589
1,stride16-gcc13-auto-r6-stride16_scan-auto-warm-basic-32768,stride16-gcc13-auto,basic,cycles,548731147,250031483,250031483
1,stride16-gcc13-auto-r6-stride16_scan-auto-warm-basic-32768,stride16-gcc13-auto,basic,instructions,1742004673,250028786,250028786
1,stride16-gcc13-auto-r6-stride16_scan-auto-warm-basic-32768,stride16-gcc13-auto,basic,ref_cycles,548732404,250025577,250025577
1,stride16-gcc13-auto-r6-stride16_scan-auto-warm-basic-524288,stride16-gcc13-auto,basic,cycles,548753768,250044013,250044013
1,stride16-gcc13-auto-r6-stride16_scan-auto-warm-basic-524288,stride16-gcc13-auto,basic,instructions,561535649,250041972,250041972
1,stride16-gcc13-auto-r6-stride16_scan-auto-warm-basic-524288,stride16-gcc13-auto,basic,ref_cycles,548757132,250039186,250039186
1,stride16-gcc13-auto-r6-stride16_scan-auto-warm-basic-536870912,stride16-gcc13-auto,basic,cycles,596711137,271898406,271898406
1,stride16-gcc13-auto-r6-stride16_scan-auto-warm-basic-536870912,stride16-gcc13-auto,basic,instructions,293602988,271899798,271899798
1,stride16-gcc13-auto-r6-stride16_scan-auto-warm-basic-536870912,stride16-gcc13-auto,basic,ref_cycles,596714932,271896938,271896938
1,stride16-gcc13-auto-r6-stride16_scan-auto-warm-basic-98304,stride16-gcc13-auto,basic,cycles,548731477,250032279,250032279
1,stride16-gcc13-auto-r6-stride16_scan-auto-warm-basic-98304,stride16-gcc13-auto,basic,instructions,1041954321,250028667,250028667
1,stride16-gcc13-auto-r6-stride16_scan-auto-warm-basic-98304,stride16-gcc13-auto,basic,ref_cycles,548732360,250025024,250025024
1,stride16-gcc13-auto-r6-stride16_scan-auto-warm-basic-12582912,stride16-gcc13-auto,basic,cycles,549000722,250162086,250162086
1,stride16-gcc13-auto-r6-stride16_scan-auto-warm-basic-12582912,stride16-gcc13-auto,basic,instructions,307740358,250162813,250162813
1,stride16-gcc13-auto-r6-stride16_scan-auto-warm-basic-12582912,stride16-gcc13-auto,basic,ref_cycles,549004588,250159645,250159645
1,stride16-gcc13-auto-r6-stride16_scan-auto-warm-branch-98304,stride16-gcc13-auto,branch,cycles,548732157,250033881,250033881
1,stride16-gcc13-auto-r6-stride16_scan-auto-warm-branch-98304,stride16-gcc13-auto,branch,branches,208644441,250032172,250032172
1,stride16-gcc13-auto-r6-stride16_scan-auto-warm-branch-98304,stride16-gcc13-auto,branch,branch_misses,133391,250028974,250028974
1,stride16-gcc13-auto-r6-stride16_scan-auto-warm-basic-65536,stride16-gcc13-auto,basic,cycles,548731269,250032161,250032161
1,stride16-gcc13-auto-r6-stride16_scan-auto-warm-basic-65536,stride16-gcc13-auto,basic,instructions,1047412213,250030005,250030005
1,stride16-gcc13-auto-r6-stride16_scan-auto-warm-basic-65536,stride16-gcc13-auto,basic,ref_cycles,548733460,250027015,250027015
1,stride16-gcc13-auto-r6-stride16_scan-auto-warm-branch-32768,stride16-gcc13-auto,branch,cycles,548730823,250032201,250032201
1,stride16-gcc13-auto-r6-stride16_scan-auto-warm-branch-32768,stride16-gcc13-auto,branch,branches,345333938,250029158,250029158
1,stride16-gcc13-auto-r6-stride16_scan-auto-warm-branch-32768,stride16-gcc13-auto,branch,branch_misses,638544,250025225,250025225
1,stride16-gcc13-auto-r6-stride16_scan-auto-cache_evicted-basic-6291456,stride16-gcc13-auto,basic,cycles,548903169,250115883,250115883
1,stride16-gcc13-auto-r6-stride16_scan-auto-cache_evicted-basic-6291456,stride16-gcc13-auto,basic,instructions,460699192,250116990,250116990
1,stride16-gcc13-auto-r6-stride16_scan-auto-cache_evicted-basic-6291456,stride16-gcc13-auto,basic,ref_cycles,548906600,250113870,250113870
1,stride16-gcc13-auto-r6-stride16_scan-auto-cache_evicted-branch-262144,stride16-gcc13-auto,branch,cycles,548741576,250040179,250040179
1,stride16-gcc13-auto-r6-stride16_scan-auto-cache_evicted-branch-262144,stride16-gcc13-auto,branch,branches,159315923,250038274,250038274
1,stride16-gcc13-auto-r6-stride16_scan-auto-cache_evicted-branch-262144,stride16-gcc13-auto,branch,branch_misses,48013,250034650,250034650
1,stride16-gcc13-auto-r6-stride16_scan-auto-warm-branch-131072,stride16-gcc13-auto,branch,cycles,548736062,250037240,250037240
1,stride16-gcc13-auto-r6-stride16_scan-auto-warm-branch-131072,stride16-gcc13-auto,branch,branches,214049598,250035176,250035176
1,stride16-gcc13-auto-r6-stride16_scan-auto-warm-branch-131072,stride16-gcc13-auto,branch,branch_misses,103396,250031916,250031916
1,stride16-gcc13-auto-r6-stride16_scan-auto-warm-branch-229376,stride16-gcc13-auto,branch,cycles,548739187,250037728,250037728
1,stride16-gcc13-auto-r6-stride16_scan-auto-warm-branch-229376,stride16-gcc13-auto,branch,branches,190271613,250035503,250035503
1,stride16-gcc13-auto-r6-stride16_scan-auto-warm-branch-229376,stride16-gcc13-auto,branch,branch_misses,52723,250032142,250032142
1,stride16-gcc13-auto-r6-stride16_scan-auto-warm-branch-196608,stride16-gcc13-auto,branch,cycles,548733945,250033727,250033727
1,stride16-gcc13-auto-r6-stride16_scan-auto-warm-branch-196608,stride16-gcc13-auto,branch,branches,189666939,250030619,250030619
1,stride16-gcc13-auto-r6-stride16_scan-auto-warm-branch-196608,stride16-gcc13-auto,branch,branch_misses,61240,250026818,250026818
1,stride16-gcc13-auto-r6-stride16_scan-auto-warm-basic-28672,stride16-gcc13-auto,basic,cycles,548731092,250031596,250031596
1,stride16-gcc13-auto-r6-stride16_scan-auto-warm-basic-28672,stride16-gcc13-auto,basic,instructions,1764183772,250030412,250030412
1,stride16-gcc13-auto-r6-stride16_scan-auto-warm-basic-28672,stride16-gcc13-auto,basic,ref_cycles,548732536,250027013,250027013
1,stride16-gcc13-auto-r6-stride16_scan-auto-cache_evicted-branch-1048576,stride16-gcc13-auto,branch,cycles,548740203,250038892,250038892
1,stride16-gcc13-auto-r6-stride16_scan-auto-cache_evicted-branch-1048576,stride16-gcc13-auto,branch,branches,112215826,250036819,250036819
1,stride16-gcc13-auto-r6-stride16_scan-auto-cache_evicted-branch-1048576,stride16-gcc13-auto,branch,branch_misses,18434,250033199,250033199
1,stride16-gcc13-auto-r6-stride16_scan-auto-warm-basic-134217728,stride16-gcc13-auto,basic,cycles,569768127,259622741,259622741
1,stride16-gcc13-auto-r6-stride16_scan-auto-warm-basic-134217728,stride16-gcc13-auto,basic,instructions,283120308,259623158,259623158
1,stride16-gcc13-auto-r6-stride16_scan-auto-warm-basic-134217728,stride16-gcc13-auto,basic,ref_cycles,569771554,259620052,259620052
1,stride16-gcc13-auto-r6-stride16_scan-auto-warm-branch-24576,stride16-gcc13-auto,branch,cycles,548731619,250033720,250033720
1,stride16-gcc13-auto-r6-stride16_scan-auto-warm-branch-24576,stride16-gcc13-auto,branch,branches,356980578,250032350,250032350
1,stride16-gcc13-auto-r6-stride16_scan-auto-warm-branch-24576,stride16-gcc13-auto,branch,branch_misses,864589,250028846,250028846
1,stride16-gcc13-auto-r6-stride16_scan-auto-warm-branch-28672,stride16-gcc13-auto,branch,cycles,548731496,250033368,250033368
1,stride16-gcc13-auto-r6-stride16_scan-auto-warm-branch-28672,stride16-gcc13-auto,branch,branches,351029715,250032591,250032591
1,stride16-gcc13-auto-r6-stride16_scan-auto-warm-branch-28672,stride16-gcc13-auto,branch,branch_misses,736177,250029280,250029280
1,stride16-gcc13-auto-r6-stride16_scan-auto-cache_evicted-basic-536870912,stride16-gcc13-auto,basic,cycles,596852671,271963798,271963798
1,stride16-gcc13-auto-r6-stride16_scan-auto-cache_evicted-basic-536870912,stride16-gcc13-auto,basic,instructions,293602988,271963699,271963699
1,stride16-gcc13-auto-r6-stride16_scan-auto-cache_evicted-basic-536870912,stride16-gcc13-auto,basic,ref_cycles,596856590,271960908,271960908
1,stride16-gcc13-auto-r6-stride16_scan-auto-warm-branch-65536,stride16-gcc13-auto,branch,cycles,548731782,250034719,250034719
1,stride16-gcc13-auto-r6-stride16_scan-auto-warm-branch-65536,stride16-gcc13-auto,branch,branches,211747832,250033075,250033075
1,stride16-gcc13-auto-r6-stride16_scan-auto-warm-branch-65536,stride16-gcc13-auto,branch,branch_misses,201205,250029496,250029496
1,stride16-gcc13-auto-r6-stride16_scan-auto-cache_evicted-branch-536870912,stride16-gcc13-auto,branch,cycles,601771468,274207474,274207474
1,stride16-gcc13-auto-r6-stride16_scan-auto-cache_evicted-branch-536870912,stride16-gcc13-auto,branch,branches,58720591,274205945,274205945
1,stride16-gcc13-auto-r6-stride16_scan-auto-cache_evicted-branch-536870912,stride16-gcc13-auto,branch,branch_misses,35,274201135,274201135
1,stride16-gcc13-auto-r6-stride16_scan-auto-warm-branch-7340032,stride16-gcc13-auto,branch,cycles,549146394,250229417,250229417
1,stride16-gcc13-auto-r6-stride16_scan-auto-warm-branch-7340032,stride16-gcc13-auto,branch,branches,83628825,250228807,250228807
1,stride16-gcc13-auto-r6-stride16_scan-auto-warm-branch-7340032,stride16-gcc13-auto,branch,branch_misses,771,250225233,250225233
1,stride16-gcc13-auto-r6-stride16_scan-auto-warm-basic-131072,stride16-gcc13-auto,basic,cycles,548734843,250033686,250033686
1,stride16-gcc13-auto-r6-stride16_scan-auto-warm-basic-131072,stride16-gcc13-auto,basic,instructions,1066674619,250030481,250030481
1,stride16-gcc13-auto-r6-stride16_scan-auto-warm-basic-131072,stride16-gcc13-auto,basic,ref_cycles,548736056,250026876,250026876
1,stride16-gcc13-auto-r6-stride16_scan-auto-warm-basic-33554432,stride16-gcc13-auto,basic,cycles,549415749,250352660,250352660
1,stride16-gcc13-auto-r6-stride16_scan-auto-warm-basic-33554432,stride16-gcc13-auto,basic,instructions,272646406,250351763,250351763
1,stride16-gcc13-auto-r6-stride16_scan-auto-warm-basic-33554432,stride16-gcc13-auto,basic,ref_cycles,549419508,250347868,250347868
1,stride16-gcc13-auto-r6-stride16_scan-auto-warm-basic-24576,stride16-gcc13-auto,basic,cycles,548730537,250030887,250030887
1,stride16-gcc13-auto-r6-stride16_scan-auto-warm-basic-24576,stride16-gcc13-auto,basic,instructions,1824565545,250027262,250027262
1,stride16-gcc13-auto-r6-stride16_scan-auto-warm-basic-24576,stride16-gcc13-auto,basic,ref_cycles,548731546,250023862,250023862
1,stride16-gcc13-auto-r6-stride16_scan-auto-warm-basic-7340032,stride16-gcc13-auto,basic,cycles,548861087,250097193,250097193
1,stride16-gcc13-auto-r6-stride16_scan-auto-warm-basic-7340032,stride16-gcc13-auto,basic,instructions,399222054,250097378,250097378
1,stride16-gcc13-auto-r6-stride16_scan-auto-warm-basic-7340032,stride16-gcc13-auto,basic,ref_cycles,548864734,250094378,250094378
1,stride16-gcc13-auto-r6-stride16_scan-auto-warm-branch-49152,stride16-gcc13-auto,branch,cycles,548732184,250033088,250033088
1,stride16-gcc13-auto-r6-stride16_scan-auto-warm-branch-49152,stride16-gcc13-auto,branch,branches,206086213,250030000,250030000
1,stride16-gcc13-auto-r6-stride16_scan-auto-warm-branch-49152,stride16-gcc13-auto,branch,branch_misses,258689,250026172,250026172
1,stride16-gcc13-auto-r6-stride16_scan-auto-warm-branch-262144,stride16-gcc13-auto,branch,cycles,548735777,250036039,250036039
1,stride16-gcc13-auto-r6-stride16_scan-auto-warm-branch-262144,stride16-gcc13-auto,branch,branches,127000660,250034374,250034374
1,stride16-gcc13-auto-r6-stride16_scan-auto-warm-branch-262144,stride16-gcc13-auto,branch,branch_misses,30844,250031140,250031140
1,stride16-gcc13-auto-r6-stride16_scan-auto-warm-branch-33554432,stride16-gcc13-auto,branch,cycles,552790367,251891412,251891412
1,stride16-gcc13-auto-r6-stride16_scan-auto-warm-branch-33554432,stride16-gcc13-auto,branch,branches,53480466,251889769,251889769
1,stride16-gcc13-auto-r6-stride16_scan-auto-warm-branch-33554432,stride16-gcc13-auto,branch,branch_misses,130,251885619,251885619
1,stride16-gcc13-auto-r6-stride16_scan-auto-warm-branch-524288,stride16-gcc13-auto,branch,cycles,548755215,250044068,250044068
1,stride16-gcc13-auto-r6-stride16_scan-auto-warm-branch-524288,stride16-gcc13-auto,branch,branches,112274344,250041054,250041054
1,stride16-gcc13-auto-r6-stride16_scan-auto-warm-branch-524288,stride16-gcc13-auto,branch,branch_misses,13709,250037672,250037672
1,stride16-gcc13-auto-r6-stride16_scan-auto-warm-basic-8192,stride16-gcc13-auto,basic,cycles,548731127,250032414,250032414
1,stride16-gcc13-auto-r6-stride16_scan-auto-warm-basic-8192,stride16-gcc13-auto,basic,instructions,1627910835,250030373,250030373
1,stride16-gcc13-auto-r6-stride16_scan-auto-warm-basic-8192,stride16-gcc13-auto,basic,ref_cycles,548732668,250027246,250027246
1,stride16-gcc13-auto-r6-stride16_scan-auto-cache_evicted-branch-8388608,stride16-gcc13-auto,branch,cycles,549052263,250185976,250185976
1,stride16-gcc13-auto-r6-stride16_scan-auto-cache_evicted-branch-8388608,stride16-gcc13-auto,branch,branches,75907613,250185784,250185784
1,stride16-gcc13-auto-r6-stride16_scan-auto-cache_evicted-branch-8388608,stride16-gcc13-auto,branch,branch_misses,624,250182324,250182324
1,stride16-gcc13-auto-r6-stride16_scan-auto-cache_evicted-basic-32768,stride16-gcc13-auto,basic,cycles,548731318,250035492,250035492
1,stride16-gcc13-auto-r6-stride16_scan-auto-cache_evicted-basic-32768,stride16-gcc13-auto,basic,instructions,1724360866,250033136,250033136
1,stride16-gcc13-auto-r6-stride16_scan-auto-cache_evicted-basic-32768,stride16-gcc13-auto,basic,ref_cycles,548733680,250029827,250029827
1,stride16-gcc13-auto-r6-stride16_scan-auto-warm-branch-12582912,stride16-gcc13-auto,branch,cycles,548837978,250089743,250089743
1,stride16-gcc13-auto-r6-stride16_scan-auto-warm-branch-12582912,stride16-gcc13-auto,branch,branches,61547513,250088957,250088957
1,stride16-gcc13-auto-r6-stride16_scan-auto-warm-branch-12582912,stride16-gcc13-auto,branch,branch_misses,357,250085119,250085119
1,stride16-gcc13-auto-r6-stride16_scan-auto-cache_evicted-basic-8388608,stride16-gcc13-auto,basic,cycles,549459516,250370909,250370909
1,stride16-gcc13-auto-r6-stride16_scan-auto-cache_evicted-basic-8388608,stride16-gcc13-auto,basic,instructions,380854264,250370372,250370372
1,stride16-gcc13-auto-r6-stride16_scan-auto-cache_evicted-basic-8388608,stride16-gcc13-auto,basic,ref_cycles,549463068,250367634,250367634
1,stride16-gcc13-auto-r6-stride16_scan-auto-warm-basic-8388608,stride16-gcc13-auto,basic,cycles,549610977,250441550,250441550
1,stride16-gcc13-auto-r6-stride16_scan-auto-warm-basic-8388608,stride16-gcc13-auto,basic,instructions,382165304,250441318,250441318
1,stride16-gcc13-auto-r6-stride16_scan-auto-warm-basic-8388608,stride16-gcc13-auto,basic,ref_cycles,549614890,250438305,250438305
1,stride16-gcc13-auto-r6-stride16_scan-auto-warm-branch-16384,stride16-gcc13-auto,branch,cycles,548731648,250034128,250034128
1,stride16-gcc13-auto-r6-stride16_scan-auto-warm-branch-16384,stride16-gcc13-auto,branch,branches,346466819,250032951,250032951
1,stride16-gcc13-auto-r6-stride16_scan-auto-warm-branch-16384,stride16-gcc13-auto,branch,branch_misses,1216082,250029642,250029642
1,stride16-gcc13-auto-r6-stride16_scan-auto-warm-branch-8388608,stride16-gcc13-auto,branch,cycles,549156389,250235498,250235498
1,stride16-gcc13-auto-r6-stride16_scan-auto-warm-branch-8388608,stride16-gcc13-auto,branch,branches,74858803,250234051,250234051
1,stride16-gcc13-auto-r6-stride16_scan-auto-warm-branch-8388608,stride16-gcc13-auto,branch,branch_misses,616,250229682,250229682
1,stride16-gcc13-auto-r6-stride16_scan-auto-warm-basic-196608,stride16-gcc13-auto,basic,cycles,548735586,250035280,250035280
1,stride16-gcc13-auto-r6-stride16_scan-auto-warm-basic-196608,stride16-gcc13-auto,basic,instructions,1099602094,250032756,250032756
1,stride16-gcc13-auto-r6-stride16_scan-auto-warm-basic-196608,stride16-gcc13-auto,basic,ref_cycles,548737574,250029755,250029755
1,stride16-gcc13-auto-r6-stride16_scan-auto-cache_evicted-basic-262144,stride16-gcc13-auto,basic,cycles,548744676,250039616,250039616
1,stride16-gcc13-auto-r6-stride16_scan-auto-cache_evicted-basic-262144,stride16-gcc13-auto,basic,instructions,780812644,250037103,250037103
1,stride16-gcc13-auto-r6-stride16_scan-auto-cache_evicted-basic-262144,stride16-gcc13-auto,basic,ref_cycles,548746022,250033840,250033840
1,stride16-gcc13-auto-r6-stride16_scan-auto-warm-branch-4194304,stride16-gcc13-auto,branch,cycles,548906551,250118430,250118430
1,stride16-gcc13-auto-r6-stride16_scan-auto-warm-branch-4194304,stride16-gcc13-auto,branch,branches,106871082,250116712,250116712
1,stride16-gcc13-auto-r6-stride16_scan-auto-warm-branch-4194304,stride16-gcc13-auto,branch,branch_misses,1674,250112695,250112695
1,stride16-gcc13-auto-r6-stride16_scan-auto-warm-basic-262144,stride16-gcc13-auto,basic,cycles,548741415,250038376,250038376
1,stride16-gcc13-auto-r6-stride16_scan-auto-warm-basic-262144,stride16-gcc13-auto,basic,instructions,935071677,250036272,250036272
1,stride16-gcc13-auto-r6-stride16_scan-auto-warm-basic-262144,stride16-gcc13-auto,basic,ref_cycles,548743382,250033225,250033225
1,stride16-gcc13-auto-r7-stride16_scan-auto-warm-basic-7340032,stride16-gcc13-auto,basic,cycles,549051892,250184436,250184436
1,stride16-gcc13-auto-r7-stride16_scan-auto-warm-basic-7340032,stride16-gcc13-auto,basic,instructions,411267528,250184817,250184817
1,stride16-gcc13-auto-r7-stride16_scan-auto-warm-basic-7340032,stride16-gcc13-auto,basic,ref_cycles,549055210,250181592,250181592
1,stride16-gcc13-auto-r7-stride16_scan-auto-cache_evicted-branch-32768,stride16-gcc13-auto,branch,cycles,548731459,250036634,250036634
1,stride16-gcc13-auto-r7-stride16_scan-auto-cache_evicted-branch-32768,stride16-gcc13-auto,branch,branches,347710520,250034397,250034397
1,stride16-gcc13-auto-r7-stride16_scan-auto-cache_evicted-branch-32768,stride16-gcc13-auto,branch,branch_misses,642924,250030737,250030737
1,stride16-gcc13-auto-r7-stride16_scan-auto-warm-branch-524288,stride16-gcc13-auto,branch,cycles,548746964,250041513,250041513
1,stride16-gcc13-auto-r7-stride16_scan-auto-warm-branch-524288,stride16-gcc13-auto,branch,branches,112274344,250039644,250039644
1,stride16-gcc13-auto-r7-stride16_scan-auto-warm-branch-524288,stride16-gcc13-auto,branch,branch_misses,13705,250036415,250036415
1,stride16-gcc13-auto-r7-stride16_scan-auto-cache_evicted-branch-8388608,stride16-gcc13-auto,branch,cycles,549308467,250305344,250305344
1,stride16-gcc13-auto-r7-stride16_scan-auto-cache_evicted-branch-8388608,stride16-gcc13-auto,branch,branches,72105682,250304743,250304743
1,stride16-gcc13-auto-r7-stride16_scan-auto-cache_evicted-branch-8388608,stride16-gcc13-auto,branch,branch_misses,593,250300475,250300475
1,stride16-gcc13-auto-r7-stride16_scan-auto-cache_evicted-basic-262144,stride16-gcc13-auto,basic,cycles,548740880,250037500,250037500
1,stride16-gcc13-auto-r7-stride16_scan-auto-cache_evicted-basic-262144,stride16-gcc13-auto,basic,instructions,798764291,250036022,250036022
1,stride16-gcc13-auto-r7-stride16_scan-auto-cache_evicted-basic-262144,stride16-gcc13-auto,basic,ref_cycles,548742744,250032977,250032977
1,stride16-gcc13-auto-r7-stride16_scan-auto-warm-branch-49152,stride16-gcc13-auto,branch,cycles,548732280,250032990,250032990
1,stride16-gcc13-auto-r7-stride16_scan-auto-warm-branch-49152,stride16-gcc13-auto,branch,branches,209834516,250029138,250029138
1,stride16-gcc13-auto-r7-stride16_scan-auto-warm-branch-49152,stride16-gcc13-auto,branch,branch_misses,263408,250025423,250025423
1,stride16-gcc13-auto-r7-stride16_scan-auto-warm-basic-49152,stride16-gcc13-auto,basic,cycles,548732240,250031786,250031786
1,stride16-gcc13-auto-r7-stride16_scan-auto-warm-basic-49152,stride16-gcc13-auto,basic,instructions,1043150124,250030797,250030797
1,stride16-gcc13-auto-r7-stride16_scan-auto-warm-basic-49152,stride16-gcc13-auto,basic,ref_cycles,548734142,250027940,250027940
1,stride16-gcc13-auto-r7-stride16_scan-auto-warm-branch-196608,stride16-gcc13-auto,branch,cycles,548733589,250035061,250035061
1,stride16-gcc13-auto-r7-stride16_scan-auto-warm-branch-196608,stride16-gcc13-auto,branch,branches,184258517,250032715,250032715
1,stride16-gcc13-auto-r7-stride16_scan-auto-warm-branch-196608,stride16-gcc13-auto,branch,branch_misses,63681,250029098,250029098
1,stride16-gcc13-auto-r7-stride16_scan-auto-cache_evicted-basic-536870912,stride16-gcc13-auto,basic,cycles,605532467,275916879,275916879
1,stride16-gcc13-auto-r7-stride16_scan-auto-cache_evicted-basic-536870912,stride16-gcc13-auto,basic,instructions,293602988,275915737,275915737
1,stride16-gcc13-auto-r7-stride16_scan-auto-cache_evicted-basic-536870912,stride16-gcc13-auto,basic,ref_cycles,605535480,275912562,275912562
1,stride16-gcc13-auto-r7-stride16_scan-auto-warm-branch-1048576,stride16-gcc13-auto,branch,cycles,548785857,250060261,250060261
1,stride16-gcc13-auto-r7-stride16_scan-auto-warm-branch-1048576,stride16-gcc13-auto,branch,branches,112330725,250057956,250057956
1,stride16-gcc13-auto-r7-stride16_scan-auto-warm-branch-1048576,stride16-gcc13-auto,branch,branch_misses,6895,250054408,250054408
1,stride16-gcc13-auto-r7-stride16_scan-auto-warm-branch-33554432,stride16-gcc13-auto,branch,cycles,549854979,250552556,250552556
1,stride16-gcc13-auto-r7-stride16_scan-auto-warm-branch-33554432,stride16-gcc13-auto,branch,branches,55053417,250552743,250552743
1,stride16-gcc13-auto-r7-stride16_scan-auto-warm-branch-33554432,stride16-gcc13-auto,branch,branch_misses,134,250548830,250548830
1,stride16-gcc13-auto-r7-stride16_scan-auto-warm-branch-24576,stride16-gcc13-auto,branch,cycles,548730372,250032258,250032258
1,stride16-gcc13-auto-r7-stride16_scan-auto-warm-branch-24576,stride16-gcc13-auto,branch,branches,359399962,250028975,250028975
1,stride16-gcc13-auto-r7-stride16_scan-auto-warm-branch-24576,stride16-gcc13-auto,branch,branch_misses,870454,250025511,250025511
1,stride16-gcc13-auto-r7-stride16_scan-auto-warm-branch-393216,stride16-gcc13-auto,branch,cycles,548752528,250043543,250043543
1,stride16-gcc13-auto-r7-stride16_scan-auto-warm-branch-393216,stride16-gcc13-auto,branch,branches,112145026,250041786,250041786
1,stride16-gcc13-auto-r7-stride16_scan-auto-warm-branch-393216,stride16-gcc13-auto,branch,branch_misses,18210,250038325,250038325
1,stride16-gcc13-auto-r7-stride16_scan-auto-cache_evicted-basic-1048576,stride16-gcc13-auto,basic,cycles,548737247,250037785,250037785
1,stride16-gcc13-auto-r7-stride16_scan-auto-cache_evicted-basic-1048576,stride16-gcc13-auto,basic,instructions,561633139,250035330,250035330
1,stride16-gcc13-auto-r7-stride16_scan-auto-cache_evicted-basic-1048576,stride16-gcc13-auto,basic,ref_cycles,548738784,250031406,250031406
1,stride16-gcc13-auto-r7-stride16_scan-auto-warm-basic-524288,stride16-gcc13-auto,basic,cycles,548732699,250034177,250034177
1,stride16-gcc13-auto-r7-stride16_scan-auto-warm-basic-524288,stride16-gcc13-auto,basic,instructions,561288965,250032103,250032103
1,stride16-gcc13-auto-r7-stride16_scan-auto-warm-basic-524288,stride16-gcc13-auto,basic,ref_cycles,548734912,250028973,250028973
1,stride16-gcc13-auto-r7-stride16_scan-auto-warm-basic-5242880,stride16-gcc13-auto,basic,cycles,548832156,250083131,250083131
1,stride16-gcc13-auto-r7-stride16_scan-auto-warm-basic-5242880,stride16-gcc13-auto,basic,instructions,544973450,250083012,250083012
1,stride16-gcc13-auto-r7-stride16_scan-auto-warm-basic-5242880,stride16-gcc13-auto,basic,ref_cycles,548835650,250080157,250080157
1,stride16-gcc13-auto-r7-stride16_scan-auto-warm-basic-536870912,stride16-gcc13-auto,basic,cycles,596478695,271792397,271792397
1,stride16-gcc13-auto-r7-stride16_scan-auto-warm-basic-536870912,stride16-gcc13-auto,basic,instructions,293602988,271792608,271792608
1,stride16-gcc13-auto-r7-stride16_scan-auto-warm-basic-536870912,stride16-gcc13-auto,basic,ref_cycles,596482392,271789206,271789206
1,stride16-gcc13-auto-r7-stride16_scan-auto-warm-basic-134217728,stride16-gcc13-auto,basic,cycles,569537639,259520576,259520576
1,stride16-gcc13-auto-r7-stride16_scan-auto-warm-basic-134217728,stride16-gcc13-auto,basic,instructions,283120314,259519319,259519319
1,stride16-gcc13-auto-r7-stride16_scan-auto-warm-basic-134217728,stride16-gcc13-auto,basic,ref_cycles,569540752,259515438,259515438
1,stride16-gcc13-auto-r7-stride16_scan-auto-warm-branch-8388608,stride16-gcc13-auto,branch,cycles,548746259,250047137,250047137
1,stride16-gcc13-auto-r7-stride16_scan-auto-warm-branch-8388608,stride16-gcc13-auto,branch,branches,76825318,250047096,250047096
1,stride16-gcc13-auto-r7-stride16_scan-auto-warm-branch-8388608,stride16-gcc13-auto,branch,branch_misses,627,250043200,250043200
1,stride16-gcc13-auto-r7-stride16_scan-auto-warm-branch-5242880,stride16-gcc13-auto,branch,cycles,548937545,250131893,250131893
1,stride16-gcc13-auto-r7-stride16_scan-auto-warm-branch-5242880,stride16-gcc13-auto,branch,branches,103583668,250131900,250131900
1,stride16-gcc13-auto-r7-stride16_scan-auto-warm-branch-5242880,stride16-gcc13-auto,branch,branch_misses,1307,250128296,250128296
1,stride16-gcc13-auto-r7-stride16_scan-auto-warm-basic-28672,stride16-gcc13-auto,basic,cycles,548731293,250033194,250033194
1,stride16-gcc13-auto-r7-stride16_scan-auto-warm-basic-28672,stride16-gcc13-auto,basic,instructions,1738974801,250031581,250031581
1,stride16-gcc13-auto-r7-stride16_scan-auto-warm-basic-28672,stride16-gcc13-auto,basic,ref_cycles,548733174,250028276,250028276
1,stride16-gcc13-auto-r7-stride16_scan-auto-warm-basic-262144,stride16-gcc13-auto,basic,cycles,548739462,250036992,250036992
1,stride16-gcc13-auto-r7-stride16_scan-auto-warm-basic-262144,stride16-gcc13-auto,basic,instructions,893948095,250035298,250035298
1,stride16-gcc13-auto-r7-stride16_scan-auto-warm-basic-262144,stride16-gcc13-auto,basic,ref_cycles,548742304,250032152,250032152
1,stride16-gcc13-auto-r7-stride16_scan-auto-warm-branch-8192,stride16-gcc13-auto,branch,cycles,548731206,250033378,250033378
1,stride16-gcc13-auto-r7-stride16_scan-auto-warm-branch-8192,stride16-gcc13-auto,branch,branches,323114542,250031693,250031693
1,stride16-gcc13-auto-r7-stride16_scan-auto-warm-branch-8192,stride16-gcc13-auto,branch,branch_misses,2058585,250028754,250028754
1,stride16-gcc13-auto-r7-stride16_scan-auto-warm-branch-131072,stride16-gcc13-auto,branch,cycles,548732700,250033270,250033270
1,stride16-gcc13-auto-r7-stride16_scan-auto-warm-branch-131072,stride16-gcc13-auto,branch,branches,213198011,250029894,250029894
1,stride16-gcc13-auto-r7-stride16_scan-auto-warm-branch-131072,stride16-gcc13-auto,branch,branch_misses,102709,250026083,250026083
1,stride16-gcc13-auto-r7-stride16_scan-auto-warm-basic-65536,stride16-gcc13-auto,basic,cycles,548731041,250031435,250031435
1,stride16-gcc13-auto-r7-stride16_scan-auto-warm-basic-65536,stride16-gcc13-auto,basic,instructions,1044556694,250029263,250029263
1,stride16-gcc13-auto-r7-stride16_scan-auto-warm-basic-65536,stride16-gcc13-auto,basic,ref_cycles,548732184,250025762,250025762
1,stride16-gcc13-auto-r7-stride16_scan-auto-warm-branch-6291456,stride16-gcc13-auto,branch,cycles,549101468,250207654,250207654
1,stride16-gcc13-auto-r7-stride16_scan-auto-warm-branch-6291456,stride16-gcc13-auto,branch,branches,95088143,250206823,250206823
1,stride16-gcc13-auto-r7-stride16_scan-auto-warm-branch-6291456,stride16-gcc13-auto,branch,branch_misses,1013,250202709,250202709
1,stride16-gcc13-auto-r7-stride16_scan-auto-warm-basic-393216,stride16-gcc13-auto,basic,cycles,548747632,250041043,250041043
1,stride16-gcc13-auto-r7-stride16_scan-auto-warm-basic-393216,stride16-gcc13-auto,basic,instructions,561536976,250037999,250037999
1,stride16-gcc13-auto-r7-stride16_scan-auto-warm-basic-393216,stride16-gcc13-auto,basic,ref_cycles,548749300,250034523,250034523
1,stride16-gcc13-auto-r7-stride16_scan-auto-warm-basic-1048576,stride16-gcc13-auto,basic,cycles,548756451,250043940,250043940
1,stride16-gcc13-auto-r7-stride16_scan-auto-warm-basic-1048576,stride16-gcc13-auto,basic,instructions,561715120,250040637,250040637
1,stride16-gcc13-auto-r7-stride16_scan-auto-warm-basic-1048576,stride16-gcc13-auto,basic,ref_cycles,548757880,250037296,250037296
1,stride16-gcc13-auto-r7-stride16_scan-auto-warm-basic-12582912,stride16-gcc13-auto,basic,cycles,549519077,250398477,250398477
1,stride16-gcc13-auto-r7-stride16_scan-auto-warm-basic-12582912,stride16-gcc13-auto,basic,instructions,305773964,250397925,250397925
1,stride16-gcc13-auto-r7-stride16_scan-auto-warm-basic-12582912,stride16-gcc13-auto,basic,ref_cycles,549522688,250394490,250394490
1,stride16-gcc13-auto-r7-stride16_scan-auto-warm-branch-12582912,stride16-gcc13-auto,branch,cycles,549613744,250442844,250442844
1,stride16-gcc13-auto-r7-stride16_scan-auto-warm-branch-12582912,stride16-gcc13-auto,branch,branches,61350876,250442236,250442236
1,stride16-gcc13-auto-r7-stride16_scan-auto-warm-branch-12582912,stride16-gcc13-auto,branch,branch_misses,353,250438421,250438421
1,stride16-gcc13-auto-r7-stride16_scan-auto-warm-basic-8192,stride16-gcc13-auto,basic,cycles,548731099,250032882,250032882
1,stride16-gcc13-auto-r7-stride16_scan-auto-warm-basic-8192,stride16-gcc13-auto,basic,instructions,1630853005,250030862,250030862
1,stride16-gcc13-auto-r7-stride16_scan-auto-warm-basic-8192,stride16-gcc13-auto,basic,ref_cycles,548733284,250027965,250027965
1,stride16-gcc13-auto-r7-stride16_scan-auto-warm-basic-36864,stride16-gcc13-auto,basic,cycles,548730646,250031022,250031022
1,stride16-gcc13-auto-r7-stride16_scan-auto-warm-basic-36864,stride16-gcc13-auto,basic,instructions,1031273128,250027851,250027851
1,stride16-gcc13-auto-r7-stride16_scan-auto-warm-basic-36864,stride16-gcc13-auto,basic,ref_cycles,548731876,250024465,250024465
1,stride16-gcc13-auto-r7-stride16_scan-auto-warm-branch-16384,stride16-gcc13-auto,branch,cycles,548730264,250032119,250032119
1,stride16-gcc13-auto-r7-stride16_scan-auto-warm-branch-16384,stride16-gcc13-auto,branch,branches,350649540,250029646,250029646
1,stride16-gcc13-auto-r7-stride16_scan-auto-warm-branch-16384,stride16-gcc13-auto,branch,branch_misses,1230722,250025797,250025797
1,stride16-gcc13-auto-r7-stride16_scan-auto-warm-basic-196608,stride16-gcc13-auto,basic,cycles,548095073,249871823,249871823
1,stride16-gcc13-auto-r7-stride16_scan-auto-warm-basic-196608,stride16-gcc13-auto,basic,instructions,862253387,249872619,249872619
1,stride16-gcc13-auto-r7-stride16_scan-auto-warm-basic-196608,stride16-gcc13-auto,basic,ref_cycles,548103534,249869750,249869750
1,stride16-gcc13-auto-r7-stride16_scan-auto-warm-basic-32768,stride16-gcc13-auto,basic,cycles,548731382,250032503,250032503
1,stride16-gcc13-auto-r7-stride16_scan-auto-warm-basic-32768,stride16-gcc13-auto,basic,instructions,1736017789,250031162,250031162
1,stride16-gcc13-auto-r7-stride16_scan-auto-warm-basic-32768,stride16-gcc13-auto,basic,ref_cycles,548733658,250027701,250027701
1,stride16-gcc13-auto-r7-stride16_scan-auto-warm-branch-4194304,stride16-gcc13-auto,branch,cycles,548759520,250051807,250051807
1,stride16-gcc13-auto-r7-stride16_scan-auto-warm-branch-4194304,stride16-gcc13-auto,branch,branches,109559247,250050335,250050335
1,stride16-gcc13-auto-r7-stride16_scan-auto-warm-branch-4194304,stride16-gcc13-auto,branch,branch_misses,1711,250045945,250045945
1,stride16-gcc13-auto-r7-stride16_scan-auto-warm-basic-6291456,stride16-gcc13-auto,basic,cycles,549077507,250196018,250196018
1,stride16-gcc13-auto-r7-stride16_scan-auto-warm-basic-6291456,stride16-gcc13-auto,basic,instructions,474466087,250195050,250195050
1,stride16-gcc13-auto-r7-stride16_scan-auto-warm-basic-6291456,stride16-gcc13-auto,basic,ref_cycles,549081324,250191977,250191977
1,stride16-gcc13-auto-r7-stride16_scan-auto-warm-basic-4194304,stride16-gcc13-auto,basic,cycles,548786786,250062040,250062040
1,stride16-gcc13-auto-r7-stride16_scan-auto-warm-basic-4194304,stride16-gcc13-auto,basic,instructions,551745252,250061104,250061104
1,stride16-gcc13-auto-r7-stride16_scan-auto-warm-basic-4194304,stride16-gcc13-auto,basic,ref_cycles,548790286,250057880,250057880
1,stride16-gcc13-auto-r7-stride16_scan-auto-cache_evicted-branch-6291456,stride16-gcc13-auto,branch,cycles,549055952,250188084,250188084
1,stride16-gcc13-auto-r7-stride16_scan-auto-cache_evicted-branch-6291456,stride16-gcc13-auto,branch,branches,91941487,250187856,250187856
1,stride16-gcc13-auto-r7-stride16_scan-auto-cache_evicted-branch-6291456,stride16-gcc13-auto,branch,branch_misses,982,250184368,250184368
1,stride16-gcc13-auto-r7-stride16_scan-auto-cache_evicted-basic-33554432,stride16-gcc13-auto,basic,cycles,549033980,250178058,250178058
1,stride16-gcc13-auto-r7-stride16_scan-auto-cache_evicted-basic-33554432,stride16-gcc13-auto,basic,instructions,272646412,250176735,250176735
1,stride16-gcc13-auto-r7-stride16_scan-auto-cache_evicted-basic-33554432,stride16-gcc13-auto,basic,ref_cycles,549037412,250173517,250173517
1,stride16-gcc13-auto-r7-stride16_scan-auto-warm-basic-8388608,stride16-gcc13-auto,basic,cycles,549151464,250230036,250230036
1,stride16-gcc13-auto-r7-stride16_scan-auto-warm-basic-8388608,stride16-gcc13-auto,basic,instructions,382165292,250230014,250230014
1,stride16-gcc13-auto-r7-stride16_scan-auto-warm-basic-8388608,stride16-gcc13-auto,basic,ref_cycles,549154958,250226637,250226637
1,stride16-gcc13-auto-r7-stride16_scan-auto-warm-branch-134217728,stride16-gcc13-auto,branch,cycles,569452648,259480604,259480604
1,stride16-gcc13-auto-r7-stride16_scan-auto-warm-branch-134217728,stride16-gcc13-auto,branch,branches,56624019,259479300,259479300
1,stride16-gcc13-auto-r7-stride16_scan-auto-warm-branch-134217728,stride16-gcc13-auto,branch,branch_misses,55,259475203,259475203
1,stride16-gcc13-auto-r7-stride16_scan-auto-warm-branch-7340032,stride16-gcc13-auto,branch,cycles,549282834,250291305,250291305
1,stride16-gcc13-auto-r7-stride16_scan-auto-warm-branch-7340032,stride16-gcc13-auto,branch,branches,83055240,250289786,250289786
1,stride16-gcc13-auto-r7-stride16_scan-auto-warm-branch-7340032,stride16-gcc13-auto,branch,branch_misses,761,250285978,250285978
1,stride16-gcc13-auto-r7-stride16_scan-auto-warm-basic-16384,stride16-gcc13-auto,basic,cycles,548731079,250033007,250033007
1,stride16-gcc13-auto-r7-stride16_scan-auto-warm-basic-16384,stride16-gcc13-auto,basic,instructions,1756753034,250030435,250030435
1,stride16-gcc13-auto-r7-stride16_scan-auto-warm-basic-16384,stride16-gcc13-auto,basic,ref_cycles,548732558,250026973,250026973
1,stride16-gcc13-auto-r7-stride16_scan-auto-warm-basic-24576,stride16-gcc13-auto,basic,cycles,548731233,250032066,250032066
1,stride16-gcc13-auto-r7-stride16_scan-auto-warm-basic-24576,stride16-gcc13-auto,basic,instructions,1832906139,250029469,250029469
1,stride16-gcc13-auto-r7-stride16_scan-auto-warm-basic-24576,stride16-gcc13-auto,basic,ref_cycles,548732382,250025857,250025857
1,stride16-gcc13-auto-r7-stride16_scan-auto-warm-branch-28672,stride16-gcc13-auto,branch,cycles,548731296,250034506,250034506
1,stride16-gcc13-auto-r7-stride16_scan-auto-warm-branch-28672,stride16-gcc13-auto,branch,branches,349142180,250032427,250032427
1,stride16-gcc13-auto-r7-stride16_scan-auto-warm-branch-28672,stride16-gcc13-auto,branch,branch_misses,732159,250029281,250029281
1,stride16-gcc13-auto-r7-stride16_scan-auto-cache_evicted-basic-6291456,stride16-gcc13-auto,basic,cycles,549098109,250205839,250205839
1,stride16-gcc13-auto-r7-stride16_scan-auto-cache_evicted-basic-6291456,stride16-gcc13-auto,basic,instructions,430215386,250204680,250204680
1,stride16-gcc13-auto-r7-stride16_scan-auto-cache_evicted-basic-6291456,stride16-gcc13-auto,basic,ref_cycles,549101454,250201639,250201639
1,stride16-gcc13-auto-r7-stride16_scan-auto-warm-basic-98304,stride16-gcc13-auto,basic,cycles,548731334,250033621,250033621
1,stride16-gcc13-auto-r7-stride16_scan-auto-warm-basic-98304,stride16-gcc13-auto,basic,instructions,1055710761,250032499,250032499
1,stride16-gcc13-auto-r7-stride16_scan-auto-warm-basic-98304,stride16-gcc13-auto,basic,ref_cycles,548734076,250029664,250029664
1,stride16-gcc13-auto-r7-stride16_scan-auto-warm-branch-229376,stride16-gcc13-auto,branch,cycles,548734697,250035070,250035070
1,stride16-gcc13-auto-r7-stride16_scan-auto-warm-branch-229376,stride16-gcc13-auto,branch,branches,193490767,250031821,250031821
1,stride16-gcc13-auto-r7-stride16_scan-auto-warm-branch-229376,stride16-gcc13-auto,branch,branch_misses,53605,250028197,250028197
1,stride16-gcc13-auto-r7-stride16_scan-auto-warm-branch-262144,stride16-gcc13-auto,branch,cycles,548731159,250034111,250034111
1,stride16-gcc13-auto-r7-stride16_scan-auto-warm-branch-262144,stride16-gcc13-auto,branch,branches,172557175,250031997,250031997
1,stride16-gcc13-auto-r7-stride16_scan-auto-warm-branch-262144,stride16-gcc13-auto,branch,branch_misses,46665,250028914,250028914
1,stride16-gcc13-auto-r7-stride16_scan-auto-warm-basic-229376,stride16-gcc13-auto,basic,cycles,548734464,250033999,250033999
1,stride16-gcc13-auto-r7-stride16_scan-auto-warm-basic-229376,stride16-gcc13-auto,basic,instructions,866035063,250030557,250030557
1,stride16-gcc13-auto-r7-stride16_scan-auto-warm-basic-229376,stride16-gcc13-auto,basic,ref_cycles,548735924,250027200,250027200
1,stride16-gcc13-auto-r7-stride16_scan-auto-warm-basic-33554432,stride16-gcc13-auto,basic,cycles,549675314,250469327,250469327
1,stride16-gcc13-auto-r7-stride16_scan-auto-warm-basic-33554432,stride16-gcc13-auto,basic,instructions,272646406,250469373,250469373
1,stride16-gcc13-auto-r7-stride16_scan-auto-warm-basic-33554432,stride16-gcc13-auto,basic,ref_cycles,549678844,250465628,250465628
1,stride16-gcc13-auto-r7-stride16_scan-auto-cache_evicted-branch-1048576,stride16-gcc13-auto,branch,cycles,548770151,250051815,250051815
1,stride16-gcc13-auto-r7-stride16_scan-auto-cache_evicted-branch-1048576,stride16-gcc13-auto,branch,branches,112363540,250050744,250050744
1,stride16-gcc13-auto-r7-stride16_scan-auto-cache_evicted-branch-1048576,stride16-gcc13-auto,branch,branch_misses,6894,250047445,250047445
1,stride16-gcc13-auto-r7-stride16_scan-auto-warm-branch-65536,stride16-gcc13-auto,branch,cycles,548731828,250033250,250033250
1,stride16-gcc13-auto-r7-stride16_scan-auto-warm-branch-65536,stride16-gcc13-auto,branch,branches,207917199,250030094,250030094
1,stride16-gcc13-auto-r7-stride16_scan-auto-warm-branch-65536,stride16-gcc13-auto,branch,branch_misses,197526,250026501,250026501
1,stride16-gcc13-auto-r7-stride16_scan-auto-cache_evicted-basic-8388608,stride16-gcc13-auto,basic,cycles,549216540,250260366,250260366
1,stride16-gcc13-auto-r7-stride16_scan-auto-cache_evicted-basic-8388608,stride16-gcc13-auto,basic,instructions,366432974,250259728,250259728
1,stride16-gcc13-auto-r7-stride16_scan-auto-cache_evicted-basic-8388608,stride16-gcc13-auto,basic,ref_cycles,549219990,250256820,250256820
1,stride16-gcc13-auto-r7-stride16_scan-auto-warm-basic-294912,stride16-gcc13-auto,basic,cycles,548731861,250032944,250032944
1,stride16-gcc13-auto-r7-stride16_scan-auto-warm-basic-294912,stride16-gcc13-auto,basic,instructions,659475673,250031392,250031392
1,stride16-gcc13-auto-r7-stride16_scan-auto-warm-basic-294912,stride16-gcc13-auto,basic,ref_cycles,548733900,250028330,250028330
1,stride16-gcc13-auto-r7-stride16_scan-auto-warm-branch-536870912,stride16-gcc13-auto,branch,cycles,596582248,271841370,271841370
1,stride16-gcc13-auto-r7-stride16_scan-auto-warm-branch-536870912,stride16-gcc13-auto,branch,branches,58720591,271839510,271839510
1,stride16-gcc13-auto-r7-stride16_scan-auto-warm-branch-536870912,stride16-gcc13-auto,branch,branch_misses,39,271835616,271835616
1,stride16-gcc13-auto-r7-stride16_scan-auto-warm-basic-2097152,stride16-gcc13-auto,basic,cycles,548734611,250034199,250034199
1,stride16-gcc13-auto-r7-stride16_scan-auto-warm-basic-2097152,stride16-gcc13-auto,basic,instructions,561844074,250033559,250033559
1,stride16-gcc13-auto-r7-stride16_scan-auto-warm-basic-2097152,stride16-gcc13-auto,basic,ref_cycles,548736958,250030679,250030679
1,stride16-gcc13-auto-r7-stride16_scan-auto-cache_evicted-branch-33554432,stride16-gcc13-auto,branch,cycles,552315913,251672859,251672859
1,stride16-gcc13-auto-r7-stride16_scan-auto-cache_evicted-branch-33554432,stride16-gcc13-auto,branch,branches,55577735,251672128,251672128
1,stride16-gcc13-auto-r7-stride16_scan-auto-cache_evicted-branch-33554432,stride16-gcc13-auto,branch,branch_misses,134,251668517,251668517
1,stride16-gcc13-auto-r7-stride16_scan-auto-warm-branch-32768,stride16-gcc13-auto,branch,cycles,548731489,250032877,250032877
1,stride16-gcc13-auto-r7-stride16_scan-auto-warm-branch-32768,stride16-gcc13-auto,branch,branches,345835447,250031039,250031039
1,stride16-gcc13-auto-r7-stride16_scan-auto-warm-branch-32768,stride16-gcc13-auto,branch,branch_misses,639472,250027965,250027965
1,stride16-gcc13-auto-r7-stride16_scan-auto-cache_evicted-branch-262144,stride16-gcc13-auto,branch,cycles,548732565,250036169,250036169
1,stride16-gcc13-auto-r7-stride16_scan-auto-cache_evicted-branch-262144,stride16-gcc13-auto,branch,branches,139313797,250034898,250034898
1,stride16-gcc13-auto-r7-stride16_scan-auto-cache_evicted-branch-262144,stride16-gcc13-auto,branch,branch_misses,38003,250031329,250031329
1,stride16-gcc13-auto-r7-stride16_scan-auto-warm-branch-98304,stride16-gcc13-auto,branch,cycles,548730735,250034444,250034444
1,stride16-gcc13-auto-r7-stride16_scan-auto-warm-branch-98304,stride16-gcc13-auto,branch,branches,209273613,250031897,250031897
1,stride16-gcc13-auto-r7-stride16_scan-auto-warm-branch-98304,stride16-gcc13-auto,branch,branch_misses,133933,250027734,250027734
1,stride16-gcc13-auto-r7-stride16_scan-auto-cache_evicted-basic-32768,stride16-gcc13-auto,basic,cycles,548731285,250033208,250033208
1,stride16-gcc13-auto-r7-stride16_scan-auto-cache_evicted-basic-32768,stride16-gcc13-auto,basic,instructions,1742291684,250031523,250031523
1,stride16-gcc13-auto-r7-stride16_scan-auto-cache_evicted-basic-32768,stride16-gcc13-auto,basic,ref_cycles,548733218,250028376,250028376
1,stride16-gcc13-auto-r7-stride16_scan-auto-cache_evicted-branch-536870912,stride16-gcc13-auto,branch,cycles,596499983,271803706,271803706
1,stride16-gcc13-auto-r7-stride16_scan-auto-cache_evicted-branch-536870912,stride16-gcc13-auto,branch,branches,58720591,271804264,271804264
1,stride16-gcc13-auto-r7-stride16_scan-auto-cache_evicted-branch-536870912,stride16-gcc13-auto,branch,branch_misses,37,271800537,271800537
1,stride16-gcc13-auto-r7-stride16_scan-auto-warm-branch-294912,stride16-gcc13-auto,branch,cycles,548741901,250039051,250039051
1,stride16-gcc13-auto-r7-stride16_scan-auto-warm-branch-294912,stride16-gcc13-auto,branch,branches,133550394,250037388,250037388
1,stride16-gcc13-auto-r7-stride16_scan-auto-warm-branch-294912,stride16-gcc13-auto,branch,branch_misses,44226,250034240,250034240
1,stride16-gcc13-auto-r7-stride16_scan-auto-warm-basic-131072,stride16-gcc13-auto,basic,cycles,548731695,250032782,250032782
1,stride16-gcc13-auto-r7-stride16_scan-auto-warm-basic-131072,stride16-gcc13-auto,basic,instructions,864719157,250031204,250031204
1,stride16-gcc13-auto-r7-stride16_scan-auto-warm-basic-131072,stride16-gcc13-auto,basic,ref_cycles,548733966,250028144,250028144
1,stride16-gcc13-auto-r7-stride16_scan-auto-warm-branch-36864,stride16-gcc13-auto,branch,cycles,548731402,250033914,250033914
1,stride16-gcc13-auto-r7-stride16_scan-auto-warm-branch-36864,stride16-gcc13-auto,branch,branches,208217770,250032678,250032678
1,stride16-gcc13-auto-r7-stride16_scan-auto-warm-branch-36864,stride16-gcc13-auto,branch,branch_misses,344289,250029708,250029708
1,stride16-gcc13-auto-r7-stride16_scan-auto-warm-branch-2097152,stride16-gcc13-auto,branch,cycles,548815418,250072141,250072141
1,stride16-gcc13-auto-r7-stride16_scan-auto-warm-branch-2097152,stride16-gcc13-auto,branch,branches,112395469,250070693,250070693
1,stride16-gcc13-auto-r7-stride16_scan-auto-warm-branch-2097152,stride16-gcc13-auto,branch,branch_misses,3471,250067258,250067258
1,stride16-gcc13-auto-r8-stride16_scan-auto-cache_evicted-branch-33554432,stride16-gcc13-auto,branch,cycles,550386206,250794234,250794234
1,stride16-gcc13-auto-r8-stride16_scan-auto-cache_evicted-branch-33554432,stride16-gcc13-auto,branch,branches,54529100,250792617,250792617
1,stride16-gcc13-auto-r8-stride16_scan-auto-cache_evicted-branch-33554432,stride16-gcc13-auto,branch,branch_misses,136,250788579,250788579
1,stride16-gcc13-auto-r8-stride16_scan-auto-warm-basic-2097152,stride16-gcc13-auto,basic,cycles,548796815,250063475,250063475
1,stride16-gcc13-auto-r8-stride16_scan-auto-warm-basic-2097152,stride16-gcc13-auto,basic,instructions,562008075,250061313,250061313
1,stride16-gcc13-auto-r8-stride16_scan-auto-warm-basic-2097152,stride16-gcc13-auto,basic,ref_cycles,548798800,250058427,250058427
1,stride16-gcc13-auto-r8-stride16_scan-auto-warm-basic-16384,stride16-gcc13-auto,basic,cycles,548730701,250032666,250032666
1,stride16-gcc13-auto-r8-stride16_scan-auto-warm-basic-16384,stride16-gcc13-auto,basic,instructions,1766409445,250029884,250029884
1,stride16-gcc13-auto-r8-stride16_scan-auto-warm-basic-16384,stride16-gcc13-auto,basic,ref_cycles,548732250,250026289,250026289
1,stride16-gcc13-auto-r8-stride16_scan-auto-warm-branch-393216,stride16-gcc13-auto,branch,cycles,548744834,250039451,250039451
1,stride16-gcc13-auto-r8-stride16_scan-auto-warm-branch-393216,stride16-gcc13-auto,branch,branches,112175915,250035669,250035669
1,stride16-gcc13-auto-r8-stride16_scan-auto-warm-branch-393216,stride16-gcc13-auto,branch,branch_misses,18230,250031613,250031613
1,stride16-gcc13-auto-r8-stride16_scan-auto-cache_evicted-basic-8388608,stride16-gcc13-auto,basic,cycles,549112124,250213065,250213065
1,stride16-gcc13-auto-r8-stride16_scan-auto-cache_evicted-basic-8388608,stride16-gcc13-auto,basic,instructions,372988103,250213243,250213243
1,stride16-gcc13-auto-r8-stride16_scan-auto-cache_evicted-basic-8388608,stride16-gcc13-auto,basic,ref_cycles,549116502,250210719,250210719
1,stride16-gcc13-auto-r8-stride16_scan-auto-warm-basic-536870912,stride16-gcc13-auto,basic,cycles,595810655,271489703,271489703
1,stride16-gcc13-auto-r8-stride16_scan-auto-warm-basic-536870912,stride16-gcc13-auto,basic,instructions,293602988,271489627,271489627
1,stride16-gcc13-auto-r8-stride16_scan-auto-warm-basic-536870912,stride16-gcc13-auto,basic,ref_cycles,595815088,271486439,271486439
1,stride16-gcc13-auto-r8-stride16_scan-auto-warm-branch-32768,stride16-gcc13-auto,branch,cycles,548730738,250033421,250033421
1,stride16-gcc13-auto-r8-stride16_scan-auto-warm-branch-32768,stride16-gcc13-auto,branch,branches,348231518,250031247,250031247
1,stride16-gcc13-auto-r8-stride16_scan-auto-warm-branch-32768,stride16-gcc13-auto,branch,branch_misses,643903,250027688,250027688
1,stride16-gcc13-auto-r8-stride16_scan-auto-warm-branch-7340032,stride16-gcc13-auto,branch,cycles,549459884,250372196,250372196
1,stride16-gcc13-auto-r8-stride16_scan-auto-warm-branch-7340032,stride16-gcc13-auto,branch,branches,82596376,250371851,250371851
1,stride16-gcc13-auto-r8-stride16_scan-auto-warm-branch-7340032,stride16-gcc13-auto,branch,branch_misses,769,250368769,250368769
1,stride16-gcc13-auto-r8-stride16_scan-auto-warm-basic-134217728,stride16-gcc13-auto,basic,cycles,569406917,259460558,259460558
1,stride16-gcc13-auto-r8-stride16_scan-auto-warm-basic-134217728,stride16-gcc13-auto,basic,instructions,283120308,259459155,259459155
1,stride16-gcc13-auto-r8-stride16_scan-auto-warm-basic-134217728,stride16-gcc13-auto,basic,ref_cycles,569410314,259454929,259454929
1,stride16-gcc13-auto-r8-stride16_scan-auto-warm-basic-33554432,stride16-gcc13-auto,basic,cycles,552073239,251562955,251562955
1,stride16-gcc13-auto-r8-stride16_scan-auto-warm-basic-33554432,stride16-gcc13-auto,basic,instructions,277889594,251563293,251563293
1,stride16-gcc13-auto-r8-stride16_scan-auto-warm-basic-33554432,stride16-gcc13-auto,basic,ref_cycles,552077086,251559727,251559727
1,stride16-gcc13-auto-r8-stride16_scan-auto-warm-branch-16384,stride16-gcc13-auto,branch,cycles,548731085,250033656,250033656
1,stride16-gcc13-auto-r8-stride16_scan-auto-warm-branch-16384,stride16-gcc13-auto,branch,branches,351156202,250031794,250031794
1,stride16-gcc13-auto-r8-stride16_scan-auto-warm-branch-16384,stride16-gcc13-auto,branch,branch_misses,1232541,250028593,250028593
1,stride16-gcc13-auto-r8-stride16_scan-auto-warm-basic-98304,stride16-gcc13-auto,basic,cycles,548733394,250034783,250034783
1,stride16-gcc13-auto-r8-stride16_scan-auto-warm-basic-98304,stride16-gcc13-auto,basic,instructions,1041382346,250032992,250032992
1,stride16-gcc13-auto-r8-stride16_scan-auto-warm-basic-98304,stride16-gcc13-auto,basic,ref_cycles,548735770,250029962,250029962
1,stride16-gcc13-auto-r8-stride16_scan-auto-warm-branch-8388608,stride16-gcc13-auto,branch,cycles,549277245,250290061,250290061
1,stride16-gcc13-auto-r8-stride16_scan-auto-warm-branch-8388608,stride16-gcc13-auto,branch,branches,77611924,250288551,250288551
1,stride16-gcc13-auto-r8-stride16_scan-auto-warm-branch-8388608,stride16-gcc13-auto,branch,branch_misses,638,250284178,250284178
1,stride16-gcc13-auto-r8-stride16_scan-auto-warm-branch-8192,stride16-gcc13-auto,branch,cycles,548730547,250033584,250033584
1,stride16-gcc13-auto-r8-stride16_scan-auto-warm-branch-8192,stride16-gcc13-auto,branch,branches,319661757,250031132,250031132
1,stride16-gcc13-auto-r8-stride16_scan-auto-warm-branch-8192,stride16-gcc13-auto,branch,branch_misses,2036539,250027347,250027347
1,stride16-gcc13-auto-r8-stride16_scan-auto-cache_evicted-basic-1048576,stride16-gcc13-auto,basic,cycles,548761580,250047892,250047892
1,stride16-gcc13-auto-r8-stride16_scan-auto-cache_evicted-basic-1048576,stride16-gcc13-auto,basic,instructions,561633224,250045927,250045927
1,stride16-gcc13-auto-r8-stride16_scan-auto-cache_evicted-basic-1048576,stride16-gcc13-auto,basic,ref_cycles,548763402,250042744,250042744
1,stride16-gcc13-auto-r8-stride16_scan-auto-warm-basic-12582912,stride16-gcc13-auto,basic,cycles,550148756,250685073,250685073
1,stride16-gcc13-auto-r8-stride16_scan-auto-warm-basic-12582912,stride16-gcc13-auto,basic,instructions,307740352,250684790,250684790
1,stride16-gcc13-auto-r8-stride16_scan-auto-warm-basic-12582912,stride16-gcc13-auto,basic,ref_cycles,550152570,250681432,250681432
1,stride16-gcc13-auto-r8-stride16_scan-auto-cache_evicted-branch-536870912,stride16-gcc13-auto,branch,cycles,607769406,276939219,276939219
1,stride16-gcc13-auto-r8-stride16_scan-auto-cache_evicted-branch-536870912,stride16-gcc13-auto,branch,branches,58720591,276937989,276937989
1,stride16-gcc13-auto-r8-stride16_scan-auto-cache_evicted-branch-536870912,stride16-gcc13-auto,branch,branch_misses,46,276934206,276934206
1,stride16-gcc13-auto-r8-stride16_scan-auto-cache_evicted-basic-33554432,stride16-gcc13-auto,basic,cycles,549109188,250211180,250211180
1,stride16-gcc13-auto-r8-stride16_scan-auto-cache_evicted-basic-33554432,stride16-gcc13-auto,basic,instructions,272646406,250209702,250209702
1,stride16-gcc13-auto-r8-stride16_scan-auto-cache_evicted-basic-33554432,stride16-gcc13-auto,basic,ref_cycles,549112674,250206206,250206206
1,stride16-gcc13-auto-r8-stride16_scan-auto-warm-basic-196608,stride16-gcc13-auto,basic,cycles,548740757,250037770,250037770
1,stride16-gcc13-auto-r8-stride16_scan-auto-warm-basic-196608,stride16-gcc13-auto,basic,instructions,811074155,250036103,250036103
1,stride16-gcc13-auto-r8-stride16_scan-auto-warm-basic-196608,stride16-gcc13-auto,basic,ref_cycles,548743008,250032966,250032966
1,stride16-gcc13-auto-r8-stride16_scan-auto-warm-basic-28672,stride16-gcc13-auto,basic,cycles,548731582,250033234,250033234
1,stride16-gcc13-auto-r8-stride16_scan-auto-warm-basic-28672,stride16-gcc13-auto,basic,instructions,1758854981,250030703,250030703
1,stride16-gcc13-auto-r8-stride16_scan-auto-warm-basic-28672,stride16-gcc13-auto,basic,ref_cycles,548733504,250027663,250027663
1,stride16-gcc13-auto-r8-stride16_scan-auto-warm-branch-229376,stride16-gcc13-auto,branch,cycles,548731315,250033962,250033962
1,stride16-gcc13-auto-r8-stride16_scan-auto-warm-branch-229376,stride16-gcc13-auto,branch,branches,148581153,250030896,250030896
1,stride16-gcc13-auto-r8-stride16_scan-auto-warm-branch-229376,stride16-gcc13-auto,branch,branch_misses,41167,250026765,250026765
1,stride16-gcc13-auto-r8-stride16_scan-auto-warm-basic-36864,stride16-gcc13-auto,basic,cycles,548731120,250030947,250030947
1,stride16-gcc13-auto-r8-stride16_scan-auto-warm-basic-36864,stride16-gcc13-auto,basic,instructions,1029746992,250028524,250028524
1,stride16-gcc13-auto-r8-stride16_scan-auto-warm-basic-36864,stride16-gcc13-auto,basic,ref_cycles,548732668,250024983,250024983
1,stride16-gcc13-auto-r8-stride16_scan-auto-warm-basic-393216,stride16-gcc13-auto,basic,cycles,548741297,250036108,250036108
1,stride16-gcc13-auto-r8-stride16_scan-auto-warm-basic-393216,stride16-gcc13-auto,basic,instructions,596178146,250034043,250034043
1,stride16-gcc13-auto-r8-stride16_scan-auto-warm-basic-393216,stride16-gcc13-auto,basic,ref_cycles,548742744,250030664,250030664
1,stride16-gcc13-auto-r8-stride16_scan-auto-warm-basic-1048576,stride16-gcc13-auto,basic,cycles,548796229,250062681,250062681
1,stride16-gcc13-auto-r8-stride16_scan-auto-warm-basic-1048576,stride16-gcc13-auto,basic,instructions,561715086,250060171,250060171
1,stride16-gcc13-auto-r8-stride16_scan-auto-warm-basic-1048576,stride16-gcc13-auto,basic,ref_cycles,548797590,250057099,250057099
1,stride16-gcc13-auto-r8-stride16_scan-auto-warm-branch-134217728,stride16-gcc13-auto,branch,cycles,555197140,252990130,252990130
1,stride16-gcc13-auto-r8-stride16_scan-auto-warm-branch-134217728,stride16-gcc13-auto,branch,branches,54526838,252988137,252988137
1,stride16-gcc13-auto-r8-stride16_scan-auto-warm-branch-134217728,stride16-gcc13-auto,branch,branch_misses,57,252983497,252983497
1,stride16-gcc13-auto-r8-stride16_scan-auto-warm-branch-28672,stride16-gcc13-auto,branch,cycles,548730694,250032637,250032637
1,stride16-gcc13-auto-r8-stride16_scan-auto-warm-branch-28672,stride16-gcc13-auto,branch,branches,354284296,250029010,250029010
1,stride16-gcc13-auto-r8-stride16_scan-auto-warm-branch-28672,stride16-gcc13-auto,branch,branch_misses,742976,250025306,250025306
1,stride16-gcc13-auto-r8-stride16_scan-auto-warm-basic-229376,stride16-gcc13-auto,basic,cycles,548738714,250035226,250035226
1,stride16-gcc13-auto-r8-stride16_scan-auto-warm-basic-229376,stride16-gcc13-auto,basic,instructions,841236962,250031873,250031873
1,stride16-gcc13-auto-r8-stride16_scan-auto-warm-basic-229376,stride16-gcc13-auto,basic,ref_cycles,548740082,250028370,250028370
1,stride16-gcc13-auto-r8-stride16_scan-auto-warm-branch-536870912,stride16-gcc13-auto,branch,cycles,597240481,272141034,272141034
1,stride16-gcc13-auto-r8-stride16_scan-auto-warm-branch-536870912,stride16-gcc13-auto,branch,branches,58720591,272141974,272141974
1,stride16-gcc13-auto-r8-stride16_scan-auto-warm-branch-536870912,stride16-gcc13-auto,branch,branch_misses,31,272138375,272138375
1,stride16-gcc13-auto-r8-stride16_scan-auto-warm-branch-1048576,stride16-gcc13-auto,branch,cycles,548773722,250053327,250053327
1,stride16-gcc13-auto-r8-stride16_scan-auto-warm-branch-1048576,stride16-gcc13-auto,branch,branches,112330711,250049930,250049930
1,stride16-gcc13-auto-r8-stride16_scan-auto-warm-branch-1048576,stride16-gcc13-auto,branch,branch_misses,6888,250046171,250046171
1,stride16-gcc13-auto-r8-stride16_scan-auto-warm-branch-262144,stride16-gcc13-auto,branch,cycles,548742983,250040268,250040268
1,stride16-gcc13-auto-r8-stride16_scan-auto-warm-branch-262144,stride16-gcc13-auto,branch,branches,155339408,250038315,250038315
1,stride16-gcc13-auto-r8-stride16_scan-auto-warm-branch-262144,stride16-gcc13-auto,branch,branch_misses,38542,250034780,250034780
1,stride16-gcc13-auto-r8-stride16_scan-auto-warm-branch-65536,stride16-gcc13-auto,branch,cycles,548731524,250034486,250034486
1,stride16-gcc13-auto-r8-stride16_scan-auto-warm-branch-65536,stride16-gcc13-auto,branch,branches,208965840,250032990,250032990
1,stride16-gcc13-auto-r8-stride16_scan-auto-warm-branch-65536,stride16-gcc13-auto,branch,branch_misses,198572,250029963,250029963
1,stride16-gcc13-auto-r8-stride16_scan-auto-warm-branch-2097152,stride16-gcc13-auto,branch,cycles,548868506,250097097,250097097
1,stride16-gcc13-auto-r8-stride16_scan-auto-warm-branch-2097152,stride16-gcc13-auto,branch,branches,112428248,250093471,250093471
1,stride16-gcc13-auto-r8-stride16_scan-auto-warm-branch-2097152,stride16-gcc13-auto,branch,branch_misses,3467,250089393,250089393
1,stride16-gcc13-auto-r8-stride16_scan-auto-warm-basic-24576,stride16-gcc13-auto,basic,cycles,548731065,250032518,250032518
1,stride16-gcc13-auto-r8-stride16_scan-auto-warm-basic-24576,stride16-gcc13-auto,basic,instructions,1800592959,250030657,250030657
1,stride16-gcc13-auto-r8-stride16_scan-auto-warm-basic-24576,stride16-gcc13-auto,basic,ref_cycles,548732624,250027342,250027342
1,stride16-gcc13-auto-r8-stride16_scan-auto-cache_evicted-branch-262144,stride16-gcc13-auto,branch,cycles,548738436,250037320,250037320
1,stride16-gcc13-auto-r8-stride16_scan-auto-cache_evicted-branch-262144,stride16-gcc13-auto,branch,branches,150055275,250035616,250035616
1,stride16-gcc13-auto-r8-stride16_scan-auto-cache_evicted-branch-262144,stride16-gcc13-auto,branch,branch_misses,36429,250031979,250031979
1,stride16-gcc13-auto-r8-stride16_scan-auto-warm-branch-49152,stride16-gcc13-auto,branch,cycles,548731231,250033116,250033116
1,stride16-gcc13-auto-r8-stride16_scan-auto-warm-branch-49152,stride16-gcc13-auto,branch,branches,208057482,250030656,250030656
1,stride16-gcc13-auto-r8-stride16_scan-auto-warm-branch-49152,stride16-gcc13-auto,branch,branch_misses,261168,250027281,250027281
1,stride16-gcc13-auto-r8-stride16_scan-auto-warm-basic-49152,stride16-gcc13-auto,basic,cycles,548732958,250033854,250033854
1,stride16-gcc13-auto-r8-stride16_scan-auto-warm-basic-49152,stride16-gcc13-auto,basic,instructions,1041500721,250032619,250032619
1,stride16-gcc13-auto-r8-stride16_scan-auto-warm-basic-49152,stride16-gcc13-auto,basic,ref_cycles,548735462,250029193,250029193
1,stride16-gcc13-auto-r8-stride16_scan-auto-warm-branch-98304,stride16-gcc13-auto,branch,cycles,548734414,250036295,250036295
1,stride16-gcc13-auto-r8-stride16_scan-auto-warm-branch-98304,stride16-gcc13-auto,branch,branches,210801062,250034468,250034468
1,stride16-gcc13-auto-r8-stride16_scan-auto-warm-branch-98304,stride16-gcc13-auto,branch,branch_misses,134794,250031131,250031131
1,stride16-gcc13-auto-r8-stride16_scan-auto-warm-branch-196608,stride16-gcc13-auto,branch,cycles,548731659,250032898,250032898
1,stride16-gcc13-auto-r8-stride16_scan-auto-warm-branch-196608,stride16-gcc13-auto,branch,branches,165289676,250029641,250029641
1,stride16-gcc13-auto-r8-stride16_scan-auto-warm-branch-196608,stride16-gcc13-auto,branch,branch_misses,53361,250026127,250026127
1,stride16-gcc13-auto-r8-stride16_scan-auto-warm-basic-131072,stride16-gcc13-auto,basic,cycles,548731501,250032087,250032087
1,stride16-gcc13-auto-r8-stride16_scan-auto-warm-basic-131072,stride16-gcc13-auto,basic,instructions,1070044973,250031576,250031576
1,stride16-gcc13-auto-r8-stride16_scan-auto-warm-basic-131072,stride16-gcc13-auto,basic,ref_cycles,548734384,250028435,250028435
1,stride16-gcc13-auto-r8-stride16_scan-auto-cache_evicted-basic-536870912,stride16-gcc13-auto,basic,cycles,595835243,271498778,271498778
1,stride16-gcc13-auto-r8-stride16_scan-auto-cache_evicted-basic-536870912,stride16-gcc13-auto,basic,instructions,293602988,271498189,271498189
1,stride16-gcc13-auto-r8-stride16_scan-auto-cache_evicted-basic-536870912,stride16-gcc13-auto,basic,ref_cycles,595838848,271495208,271495208
1,stride16-gcc13-auto-r8-stride16_scan-auto-warm-basic-524288,stride16-gcc13-auto,basic,cycles,548761412,250047139,250047139
1,stride16-gcc13-auto-r8-stride16_scan-auto-warm-basic-524288,stride16-gcc13-auto,basic,instructions,561330086,250044419,250044419
1,stride16-gcc13-auto-r8-stride16_scan-auto-warm-basic-524288,stride16-gcc13-auto,basic,ref_cycles,548763446,250040951,250040951
1,stride16-gcc13-auto-r8-stride16_scan-auto-cache_evicted-branch-6291456,stride16-gcc13-auto,branch,cycles,548845917,250091853,250091853
1,stride16-gcc13-auto-r8-stride16_scan-auto-cache_evicted-branch-6291456,stride16-gcc13-auto,branch,branches,97448135,250092168,250092168
1,stride16-gcc13-auto-r8-stride16_scan-auto-cache_evicted-branch-6291456,stride16-gcc13-auto,branch,branch_misses,1039,250088371,250088371
1,stride16-gcc13-auto-r8-stride16_scan-auto-warm-basic-7340032,stride16-gcc13-auto,basic,cycles,549053077,250185047,250185047
1,stride16-gcc13-auto-r8-stride16_scan-auto-warm-basic-7340032,stride16-gcc13-auto,basic,instructions,427328172,250184904,250184904
1,stride16-gcc13-auto-r8-stride16_scan-auto-warm-basic-7340032,stride16-gcc13-auto,basic,ref_cycles,549057212,250181689,250181689
1,stride16-gcc13-auto-r8-stride16_scan-auto-warm-branch-33554432,stride16-gcc13-auto,branch,cycles,551938303,251503049,251503049
1,stride16-gcc13-auto-r8-stride16_scan-auto-warm-branch-33554432,stride16-gcc13-auto,branch,branches,53480466,251502175,251502175
1,stride16-gcc13-auto-r8-stride16_scan-auto-warm-branch-33554432,stride16-gcc13-auto,branch,branch_misses,128,251498098,251498098
1,stride16-gcc13-auto-r8-stride16_scan-auto-cache_evicted-basic-262144,stride16-gcc13-auto,basic,cycles,548739157,250038106,250038106
1,stride16-gcc13-auto-r8-stride16_scan-auto-cache_evicted-basic-262144,stride16-gcc13-auto,basic,instructions,753925832,250036704,250036704
1,stride16-gcc13-auto-r8-stride16_scan-auto-cache_evicted-basic-262144,stride16-gcc13-auto,basic,ref_cycles,548741864,250033433,250033433
1,stride16-gcc13-auto-r8-stride16_scan-auto-cache_evicted-branch-1048576,stride16-gcc13-auto,branch,cycles,548765437,250048312,250048312
1,stride16-gcc13-auto-r8-stride16_scan-auto-cache_evicted-branch-1048576,stride16-gcc13-auto,branch,branches,112363530,250045519,250045519
1,stride16-gcc13-auto-r8-stride16_scan-auto-cache_evicted-branch-1048576,stride16-gcc13-auto,branch,branch_misses,6887,250041702,250041702
1,stride16-gcc13-auto-r8-stride16_scan-auto-warm-basic-65536,stride16-gcc13-auto,basic,cycles,548730522,250030885,250030885
1,stride16-gcc13-auto-r8-stride16_scan-auto-warm-basic-65536,stride16-gcc13-auto,basic,instructions,1044774283,250027871,250027871
1,stride16-gcc13-auto-r8-stride16_scan-auto-warm-basic-65536,stride16-gcc13-auto,basic,ref_cycles,548731458,250024381,250024381
1,stride16-gcc13-auto-r8-stride16_scan-auto-cache_evicted-branch-32768,stride16-gcc13-auto,branch,cycles,548730933,250032272,250032272
1,stride16-gcc13-auto-r8-stride16_scan-auto-cache_evicted-branch-32768,stride16-gcc13-auto,branch,branches,348038336,250029055,250029055
1,stride16-gcc13-auto-r8-stride16_scan-auto-cache_evicted-branch-32768,stride16-gcc13-auto,branch,branch_misses,643521,250025045,250025045
1,stride16-gcc13-auto-r8-stride16_scan-auto-warm-branch-524288,stride16-gcc13-auto,branch,cycles,548734248,250033158,250033158
1,stride16-gcc13-auto-r8-stride16_scan-auto-warm-branch-524288,stride16-gcc13-auto,branch,branches,112216791,250030708,250030708
1,stride16-gcc13-auto-r8-stride16_scan-auto-warm-branch-524288,stride16-gcc13-auto,branch,branch_misses,13698,250027025,250027025
1,stride16-gcc13-auto-r8-stride16_scan-auto-warm-basic-8388608,stride16-gcc13-auto,basic,cycles,548805576,250073154,250073154
1,stride16-gcc13-auto-r8-stride16_scan-auto-warm-basic-8388608,stride16-gcc13-auto,basic,instructions,373643610,250072814,250072814
1,stride16-gcc13-auto-r8-stride16_scan-auto-warm-basic-8388608,stride16-gcc13-auto,basic,ref_cycles,548808744,250069898,250069898
1,stride16-gcc13-auto-r8-stride16_scan-auto-cache_evicted-basic-32768,stride16-gcc13-auto,basic,cycles,548731244,250034438,250034438
1,stride16-gcc13-auto-r8-stride16_scan-auto-cache_evicted-basic-32768,stride16-gcc13-auto,basic,instructions,1737700803,250031587,250031587
1,stride16-gcc13-auto-r8-stride16_scan-auto-cache_evicted-basic-32768,stride16-gcc13-auto,basic,ref_cycles,548732932,250028315,250028315
1,stride16-gcc13-auto-r8-stride16_scan-auto-warm-branch-131072,stride16-gcc13-auto,branch,cycles,548731193,250033912,250033912
1,stride16-gcc13-auto-r8-stride16_scan-auto-warm-branch-131072,stride16-gcc13-auto,branch,branches,211372348,250032172,250032172
1,stride16-gcc13-auto-r8-stride16_scan-auto-warm-branch-131072,stride16-gcc13-auto,branch,branch_misses,101846,250028646,250028646
1,stride16-gcc13-auto-r8-stride16_scan-auto-warm-branch-4194304,stride16-gcc13-auto,branch,cycles,548970048,250145948,250145948
1,stride16-gcc13-auto-r8-stride16_scan-auto-warm-branch-4194304,stride16-gcc13-auto,branch,branches,96577377,250145734,250145734
1,stride16-gcc13-auto-r8-stride16_scan-auto-warm-branch-4194304,stride16-gcc13-auto,branch,branch_misses,1514,250142254,250142254
1,stride16-gcc13-auto-r8-stride16_scan-auto-warm-branch-6291456,stride16-gcc13-auto,branch,cycles,549291724,250295688,250295688
1,stride16-gcc13-auto-r8-stride16_scan-auto-warm-branch-6291456,stride16-gcc13-auto,branch,branches,80436526,250294431,250294431
1,stride16-gcc13-auto-r8-stride16_scan-auto-warm-branch-6291456,stride16-gcc13-auto,branch,branch_misses,861,250290866,250290866
1,stride16-gcc13-auto-r8-stride16_scan-auto-warm-branch-36864,stride16-gcc13-auto,branch,cycles,548731682,250034150,250034150
1,stride16-gcc13-auto-r8-stride16_scan-auto-warm-branch-36864,stride16-gcc13-auto,branch,branches,205415552,250032859,250032859
1,stride16-gcc13-auto-r8-stride16_scan-auto-warm-branch-36864,stride16-gcc13-auto,branch,branch_misses,339744,250029612,250029612
1,stride16-gcc13-auto-r8-stride16_scan-auto-cache_evicted-branch-8388608,stride16-gcc13-auto,branch,cycles,549137171,250225440,250225440
1,stride16-gcc13-auto-r8-stride16_scan-auto-cache_evicted-branch-8388608,stride16-gcc13-auto,branch,branches,61617602,250225339,250225339
1,stride16-gcc13-auto-r8-stride16_scan-auto-cache_evicted-branch-8388608,stride16-gcc13-auto,branch,branch_misses,510,250221336,250221336
1,stride16-gcc13-auto-r8-stride16_scan-auto-cache_evicted-basic-6291456,stride16-gcc13-auto,basic,cycles,549268238,250283398,250283398
1,stride16-gcc13-auto-r8-stride16_scan-auto-cache_evicted-basic-6291456,stride16-gcc13-auto,basic,instructions,457749131,250283119,250283119
1,stride16-gcc13-auto-r8-stride16_scan-auto-cache_evicted-basic-6291456,stride16-gcc13-auto,basic,ref_cycles,549271822,250280159,250280159
1,stride16-gcc13-auto-r8-stride16_scan-auto-warm-basic-294912,stride16-gcc13-auto,basic,cycles,548741809,250036527,250036527
1,stride16-gcc13-auto-r8-stride16_scan-auto-warm-basic-294912,stride16-gcc13-auto,basic,instructions,663442469,250032814,250032814
1,stride16-gcc13-auto-r8-stride16_scan-auto-warm-basic-294912,stride16-gcc13-auto,basic,ref_cycles,548742964,250029050,250029050
1,stride16-gcc13-auto-r8-stride16_scan-auto-warm-branch-294912,stride16-gcc13-auto,branch,cycles,548735532,250034027,250034027
1,stride16-gcc13-auto-r8-stride16_scan-auto-warm-branch-294912,stride16-gcc13-auto,branch,branches,138720664,250030446,250030446
1,stride16-gcc13-auto-r8-stride16_scan-auto-warm-branch-294912,stride16-gcc13-auto,branch,branch_misses,29964,250026468,250026468
1,stride16-gcc13-auto-r8-stride16_scan-auto-warm-basic-262144,stride16-gcc13-auto,basic,cycles,548739028,250033916,250033916
1,stride16-gcc13-auto-r8-stride16_scan-auto-warm-basic-262144,stride16-gcc13-auto,basic,instructions,730361756,250031267,250031267
1,stride16-gcc13-auto-r8-stride16_scan-auto-warm-basic-262144,stride16-gcc13-auto,basic,ref_cycles,548740104,250027699,250027699
1,stride16-gcc13-auto-r8-stride16_scan-auto-warm-branch-12582912,stride16-gcc13-auto,branch,cycles,549454354,250368680,250368680
1,stride16-gcc13-auto-r8-stride16_scan-auto-warm-branch-12582912,stride16-gcc13-auto,branch,branches,58794595,250369754,250369754
1,stride16-gcc13-auto-r8-stride16_scan-auto-warm-branch-12582912,stride16-gcc13-auto,branch,branch_misses,331,250366891,250366891
1,stride16-gcc13-auto-r8-stride16_scan-auto-warm-basic-6291456,stride16-gcc13-auto,basic,cycles,549393445,250340342,250340342
1,stride16-gcc13-auto-r8-stride16_scan-auto-warm-basic-6291456,stride16-gcc13-auto,basic,instructions,395798218,250340123,250340123
1,stride16-gcc13-auto-r8-stride16_scan-auto-warm-basic-6291456,stride16-gcc13-auto,basic,ref_cycles,549396958,250336834,250336834
1,stride16-gcc13-auto-r8-stride16_scan-auto-warm-basic-4194304,stride16-gcc13-auto,basic,cycles,548749876,250043604,250043604
1,stride16-gcc13-auto-r8-stride16_scan-auto-warm-basic-4194304,stride16-gcc13-auto,basic,instructions,508471171,250042029,250042029
1,stride16-gcc13-auto-r8-stride16_scan-auto-warm-basic-4194304,stride16-gcc13-auto,basic,ref_cycles,548752556,250038812,250038812
1,stride16-gcc13-auto-r8-stride16_scan-auto-warm-basic-8192,stride16-gcc13-auto,basic,cycles,548730376,250030736,250030736
1,stride16-gcc13-auto-r8-stride16_scan-auto-warm-basic-8192,stride16-gcc13-auto,basic,instructions,1629560083,250026661,250026661
1,stride16-gcc13-auto-r8-stride16_scan-auto-warm-basic-8192,stride16-gcc13-auto,basic,ref_cycles,548731106,250022988,250022988
1,stride16-gcc13-auto-r8-stride16_scan-auto-warm-basic-5242880,stride16-gcc13-auto,basic,cycles,549228776,250262655,250262655
1,stride16-gcc13-auto-r8-stride16_scan-auto-warm-basic-5242880,stride16-gcc13-auto,basic,instructions,452778800,250261566,250261566
1,stride16-gcc13-auto-r8-stride16_scan-auto-warm-basic-5242880,stride16-gcc13-auto,basic,ref_cycles,549231716,250258086,250258086
1,stride16-gcc13-auto-r8-stride16_scan-auto-warm-branch-24576,stride16-gcc13-auto,branch,cycles,548730350,250031719,250031719
1,stride16-gcc13-auto-r8-stride16_scan-auto-warm-branch-24576,stride16-gcc13-auto,branch,branches,363285883,250027644,250027644
1,stride16-gcc13-auto-r8-stride16_scan-auto-warm-branch-24576,stride16-gcc13-auto,branch,branch_misses,879897,250023540,250023540
1,stride16-gcc13-auto-r8-stride16_scan-auto-warm-branch-5242880,stride16-gcc13-auto,branch,cycles,548984989,250153084,250153084
1,stride16-gcc13-auto-r8-stride16_scan-auto-warm-branch-5242880,stride16-gcc13-auto,branch,branches,89898185,250152186,250152186
1,stride16-gcc13-auto-r8-stride16_scan-auto-warm-branch-5242880,stride16-gcc13-auto,branch,branch_misses,1139,250148236,250148236
1,stride16-gcc13-auto-r8-stride16_scan-auto-warm-basic-32768,stride16-gcc13-auto,basic,cycles,548713681,250033450,250033450
1,stride16-gcc13-auto-r8-stride16_scan-auto-warm-basic-32768,stride16-gcc13-auto,basic,instructions,1737279425,250031946,250031946
1,stride16-gcc13-auto-r8-stride16_scan-auto-warm-basic-32768,stride16-gcc13-auto,basic,ref_cycles,548717356,250028886,250028886
1,stride16-gcc13-auto-r9-stride16_scan-auto-warm-branch-32768,stride16-gcc13-auto,branch,cycles,548731046,250032113,250032113
1,stride16-gcc13-auto-r9-stride16_scan-auto-warm-branch-32768,stride16-gcc13-auto,branch,branches,345514619,250028335,250028335
1,stride16-gcc13-auto-r9-stride16_scan-auto-warm-branch-32768,stride16-gcc13-auto,branch,branch_misses,638865,250024144,250024144
1,stride16-gcc13-auto-r9-stride16_scan-auto-warm-branch-196608,stride16-gcc13-auto,branch,cycles,548739651,250036470,250036470
1,stride16-gcc13-auto-r9-stride16_scan-auto-warm-branch-196608,stride16-gcc13-auto,branch,branches,186140981,250035967,250035967
1,stride16-gcc13-auto-r9-stride16_scan-auto-warm-branch-196608,stride16-gcc13-auto,branch,branch_misses,60088,250032824,250032824
1,stride16-gcc13-auto-r9-stride16_scan-auto-warm-basic-134217728,stride16-gcc13-auto,basic,cycles,568569363,259076546,259076546
1,stride16-gcc13-auto-r9-stride16_scan-auto-warm-basic-134217728,stride16-gcc13-auto,basic,instructions,283120308,259076290,259076290
1,stride16-gcc13-auto-r9-stride16_scan-auto-warm-basic-134217728,stride16-gcc13-auto,basic,ref_cycles,568573082,259073002,259073002
1,stride16-gcc13-auto-r9-stride16_scan-auto-warm-branch-294912,stride16-gcc13-auto,branch,cycles,548718773,250037682,250037682
1,stride16-gcc13-auto-r9-stride16_scan-auto-warm-branch-294912,stride16-gcc13-auto,branch,branches,143686870,250034304,250034304
1,stride16-gcc13-auto-r9-stride16_scan-auto-warm-branch-294912,stride16-gcc13-auto,branch,branch_misses,31031,250030446,250030446
1,stride16-gcc13-auto-r9-stride16_scan-auto-warm-basic-262144,stride16-gcc13-auto,basic,cycles,548736721,250034500,250034500
1,stride16-gcc13-auto-r9-stride16_scan-auto-warm-basic-262144,stride16-gcc13-auto,basic,instructions,798723002,250033590,250033590
1,stride16-gcc13-auto-r9-stride16_scan-auto-warm-basic-262144,stride16-gcc13-auto,basic,ref_cycles,548739290,250030613,250030613
1,stride16-gcc13-auto-r9-stride16_scan-auto-cache_evicted-basic-6291456,stride16-gcc13-auto,basic,cycles,549260409,250280867,250280867
1,stride16-gcc13-auto-r9-stride16_scan-auto-cache_evicted-basic-6291456,stride16-gcc13-auto,basic,instructions,384489698,250279731,250279731
1,stride16-gcc13-auto-r9-stride16_scan-auto-cache_evicted-basic-6291456,stride16-gcc13-auto,basic,ref_cycles,549264188,250276433,250276433
1,stride16-gcc13-auto-r9-stride16_scan-auto-warm-branch-36864,stride16-gcc13-auto,branch,cycles,548732109,250034755,250034755
1,stride16-gcc13-auto-r9-stride16_scan-auto-warm-branch-36864,stride16-gcc13-auto,branch,branches,204988317,250033081,250033081
1,stride16-gcc13-auto-r9-stride16_scan-auto-warm-branch-36864,stride16-gcc13-auto,branch,branch_misses,338967,250029675,250029675
1,stride16-gcc13-auto-r9-stride16_scan-auto-warm-basic-1048576,stride16-gcc13-auto,basic,cycles,548797930,250066423,250066423
1,stride16-gcc13-auto-r9-stride16_scan-auto-warm-basic-1048576,stride16-gcc13-auto,basic,instructions,561058508,250064964,250064964
1,stride16-gcc13-auto-r9-stride16_scan-auto-warm-basic-1048576,stride16-gcc13-auto,basic,ref_cycles,548801462,250061450,250061450
1,stride16-gcc13-auto-r9-stride16_scan-auto-cache_evicted-branch-536870912,stride16-gcc13-auto,branch,cycles,552676969,251840264,251840264
1,stride16-gcc13-auto-r9-stride16_scan-auto-cache_evicted-branch-536870912,stride16-gcc13-auto,branch,branches,50331954,251838568,251838568
1,stride16-gcc13-auto-r9-stride16_scan-auto-cache_evicted-branch-536870912,stride16-gcc13-auto,branch,branch_misses,61,251834594,251834594
1,stride16-gcc13-auto-r9-stride16_scan-auto-warm-branch-24576,stride16-gcc13-auto,branch,cycles,548731806,250035807,250035807
1,stride16-gcc13-auto-r9-stride16_scan-auto-warm-branch-24576,stride16-gcc13-auto,branch,branches,356131492,250034597,250034597
1,stride16-gcc13-auto-r9-stride16_scan-auto-warm-branch-24576,stride16-gcc13-auto,branch,branch_misses,862575,250030966,250030966
1,stride16-gcc13-auto-r9-stride16_scan-auto-warm-branch-6291456,stride16-gcc13-auto,branch,cycles,549433255,250359111,250359111
1,stride16-gcc13-auto-r9-stride16_scan-auto-warm-branch-6291456,stride16-gcc13-auto,branch,branches,76011548,250358992,250358992
1,stride16-gcc13-auto-r9-stride16_scan-auto-warm-branch-6291456,stride16-gcc13-auto,branch,branch_misses,860,250355839,250355839
1,stride16-gcc13-auto-r9-stride16_scan-auto-warm-basic-196608,stride16-gcc13-auto,basic,cycles,548732623,250035550,250035550
1,stride16-gcc13-auto-r9-stride16_scan-auto-warm-basic-196608,stride16-gcc13-auto,basic,instructions,1119025595,250033881,250033881
1,stride16-gcc13-auto-r9-stride16_scan-auto-warm-basic-196608,stride16-gcc13-auto,basic,ref_cycles,548735088,250030185,250030185
1,stride16-gcc13-auto-r9-stride16_scan-auto-warm-branch-7340032,stride16-gcc13-auto,branch,cycles,549240915,250273494,250273494
1,stride16-gcc13-auto-r9-stride16_scan-auto-warm-branch-7340032,stride16-gcc13-auto,branch,branches,66650711,250272773,250272773
1,stride16-gcc13-auto-r9-stride16_scan-auto-warm-branch-7340032,stride16-gcc13-auto,branch,branch_misses,623,250268651,250268651
1,stride16-gcc13-auto-r9-stride16_scan-auto-warm-basic-16384,stride16-gcc13-auto,basic,cycles,548731612,250034470,250034470
1,stride16-gcc13-auto-r9-stride16_scan-auto-warm-basic-16384,stride16-gcc13-auto,basic,instructions,1708525195,250033632,250033632
1,stride16-gcc13-auto-r9-stride16_scan-auto-warm-basic-16384,stride16-gcc13-auto,basic,ref_cycles,548735176,250030401,250030401
1,stride16-gcc13-auto-r9-stride16_scan-auto-warm-branch-8388608,stride16-gcc13-auto,branch,cycles,549911243,250580460,250580460
1,stride16-gcc13-auto-r9-stride16_scan-auto-warm-branch-8388608,stride16-gcc13-auto,branch,branches,57553471,250579481,250579481
1,stride16-gcc13-auto-r9-stride16_scan-auto-warm-branch-8388608,stride16-gcc13-auto,branch,branch_misses,487,250574458,250574458
1,stride16-gcc13-auto-r9-stride16_scan-auto-cache_evicted-branch-6291456,stride16-gcc13-auto,branch,cycles,548761157,250054076,250054076
1,stride16-gcc13-auto-r9-stride16_scan-auto-cache_evicted-branch-6291456,stride16-gcc13-auto,branch,branches,66669906,250052684,250052684
1,stride16-gcc13-auto-r9-stride16_scan-auto-cache_evicted-branch-6291456,stride16-gcc13-auto,branch,branch_misses,789,250048957,250048957
1,stride16-gcc13-auto-r9-stride16_scan-auto-warm-branch-5242880,stride16-gcc13-auto,branch,cycles,548758710,250051882,250051882
1,stride16-gcc13-auto-r9-stride16_scan-auto-warm-branch-5242880,stride16-gcc13-auto,branch,branches,104730988,250051245,250051245
1,stride16-gcc13-auto-r9-stride16_scan-auto-warm-branch-5242880,stride16-gcc13-auto,branch,branch_misses,1336,250046870,250046870
1,stride16-gcc13-auto-r9-stride16_scan-auto-warm-branch-4194304,stride16-gcc13-auto,branch,cycles,549009251,250166345,250166345
1,stride16-gcc13-auto-r9-stride16_scan-auto-warm-branch-4194304,stride16-gcc13-auto,branch,branches,110149338,250167233,250167233
1,stride16-gcc13-auto-r9-stride16_scan-auto-warm-branch-4194304,stride16-gcc13-auto,branch,branch_misses,1724,250164403,250164403
1,stride16-gcc13-auto-r9-stride16_scan-auto-warm-basic-49152,stride16-gcc13-auto,basic,cycles,548731305,250034014,250034014
1,stride16-gcc13-auto-r9-stride16_scan-auto-warm-basic-49152,stride16-gcc13-auto,basic,instructions,1043281946,250032651,250032651
1,stride16-gcc13-auto-r9-stride16_scan-auto-warm-basic-49152,stride16-gcc13-auto,basic,ref_cycles,548733834,250029480,250029480
1,stride16-gcc13-auto-r9-stride16_scan-auto-warm-basic-8388608,stride16-gcc13-auto,basic,cycles,549565027,250420058,250420058
1,stride16-gcc13-auto-r9-stride16_scan-auto-warm-basic-8388608,stride16-gcc13-auto,basic,instructions,381509778,250419654,250419654
1,stride16-gcc13-auto-r9-stride16_scan-auto-warm-basic-8388608,stride16-gcc13-auto,basic,ref_cycles,549568668,250416467,250416467
1,stride16-gcc13-auto-r9-stride16_scan-auto-warm-branch-262144,stride16-gcc13-auto,branch,cycles,548732479,250035363,250035363
1,stride16-gcc13-auto-r9-stride16_scan-auto-warm-branch-262144,stride16-gcc13-auto,branch,branches,138843647,250034216,250034216
1,stride16-gcc13-auto-r9-stride16_scan-auto-warm-branch-262144,stride16-gcc13-auto,branch,branch_misses,50957,250031422,250031422
1,stride16-gcc13-auto-r9-stride16_scan-auto-warm-basic-7340032,stride16-gcc13-auto,basic,cycles,548962119,250143830,250143830
1,stride16-gcc13-auto-r9-stride16_scan-auto-warm-basic-7340032,stride16-gcc13-auto,basic,instructions,406678776,250143047,250143047
1,stride16-gcc13-auto-r9-stride16_scan-auto-warm-basic-7340032,stride16-gcc13-auto,basic,ref_cycles,548965714,250139585,250139585
1,stride16-gcc13-auto-r9-stride16_scan-auto-cache_evicted-branch-8388608,stride16-gcc13-auto,branch,cycles,549474155,250380323,250380323
1,stride16-gcc13-auto-r9-stride16_scan-auto-cache_evicted-branch-8388608,stride16-gcc13-auto,branch,branches,58733380,250378619,250378619
1,stride16-gcc13-auto-r9-stride16_scan-auto-cache_evicted-branch-8388608,stride16-gcc13-auto,branch,branch_misses,492,250374934,250374934
1,stride16-gcc13-auto-r9-stride16_scan-auto-warm-branch-98304,stride16-gcc13-auto,branch,cycles,548731714,250036551,250036551
1,stride16-gcc13-auto-r9-stride16_scan-auto-warm-branch-98304,stride16-gcc13-auto,branch,branches,208752505,250034209,250034209
1,stride16-gcc13-auto-r9-stride16_scan-auto-warm-branch-98304,stride16-gcc13-auto,branch,branch_misses,133527,250030644,250030644
1,stride16-gcc13-auto-r9-stride16_scan-auto-warm-basic-36864,stride16-gcc13-auto,basic,cycles,548732732,250034632,250034632
1,stride16-gcc13-auto-r9-stride16_scan-auto-warm-basic-36864,stride16-gcc13-auto,basic,instructions,1028969559,250033589,250033589
1,stride16-gcc13-auto-r9-stride16_scan-auto-warm-basic-36864,stride16-gcc13-auto,basic,ref_cycles,548735418,250030732,250030732
1,stride16-gcc13-auto-r9-stride16_scan-auto-warm-branch-12582912,stride16-gcc13-auto,branch,cycles,550628775,250908561,250908561
1,stride16-gcc13-auto-r9-stride16_scan-auto-warm-branch-12582912,stride16-gcc13-auto,branch,branches,49552656,250905774,250905774
1,stride16-gcc13-auto-r9-stride16_scan-auto-warm-branch-12582912,stride16-gcc13-auto,branch,branch_misses,293,250902017,250902017
1,stride16-gcc13-auto-r9-stride16_scan-auto-warm-basic-28672,stride16-gcc13-auto,basic,cycles,548731515,250033150,250033150
1,stride16-gcc13-auto-r9-stride16_scan-auto-warm-basic-28672,stride16-gcc13-auto,basic,instructions,1725056466,250031843,250031843
1,stride16-gcc13-auto-r9-stride16_scan-auto-warm-basic-28672,stride16-gcc13-auto,basic,ref_cycles,548734406,250028937,250028937
1,stride16-gcc13-auto-r9-stride16_scan-auto-cache_evicted-branch-32768,stride16-gcc13-auto,branch,cycles,548730965,250033778,250033778
1,stride16-gcc13-auto-r9-stride16_scan-auto-cache_evicted-branch-32768,stride16-gcc13-auto,branch,branches,345832653,250031605,250031605
1,stride16-gcc13-auto-r9-stride16_scan-auto-cache_evicted-branch-32768,stride16-gcc13-auto,branch,branch_misses,639435,250027439,250027439
1,stride16-gcc13-auto-r9-stride16_scan-auto-warm-branch-536870912,stride16-gcc13-auto,branch,cycles,597229608,272136220,272136220
1,stride16-gcc13-auto-r9-stride16_scan-auto-warm-branch-536870912,stride16-gcc13-auto,branch,branches,58720591,272136258,272136258
1,stride16-gcc13-auto-r9-stride16_scan-auto-warm-branch-536870912,stride16-gcc13-auto,branch,branch_misses,34,272132551,272132551
1,stride16-gcc13-auto-r9-stride16_scan-auto-warm-basic-33554432,stride16-gcc13-auto,basic,cycles,552857075,251918808,251918808
1,stride16-gcc13-auto-r9-stride16_scan-auto-warm-basic-33554432,stride16-gcc13-auto,basic,instructions,272646406,251918023,251918023
1,stride16-gcc13-auto-r9-stride16_scan-auto-warm-basic-33554432,stride16-gcc13-auto,basic,ref_cycles,552860396,251914621,251914621
1,stride16-gcc13-auto-r9-stride16_scan-auto-warm-branch-1048576,stride16-gcc13-auto,branch,cycles,548763636,250049905,250049905
1,stride16-gcc13-auto-r9-stride16_scan-auto-warm-branch-1048576,stride16-gcc13-auto,branch,branches,112314309,250048139,250048139
1,stride16-gcc13-auto-r9-stride16_scan-auto-warm-branch-1048576,stride16-gcc13-auto,branch,branch_misses,6893,250043588,250043588
1,stride16-gcc13-auto-r9-stride16_scan-auto-warm-branch-33554432,stride16-gcc13-auto,branch,cycles,550740876,250956544,250956544
1,stride16-gcc13-auto-r9-stride16_scan-auto-warm-branch-33554432,stride16-gcc13-auto,branch,branches,54529100,250955456,250955456
1,stride16-gcc13-auto-r9-stride16_scan-auto-warm-branch-33554432,stride16-gcc13-auto,branch,branch_misses,133,250951594,250951594
1,stride16-gcc13-auto-r9-stride16_scan-auto-warm-branch-134217728,stride16-gcc13-auto,branch,cycles,548823063,250081845,250081845
1,stride16-gcc13-auto-r9-stride16_scan-auto-warm-branch-134217728,stride16-gcc13-auto,branch,branches,54526838,250081868,250081868
1,stride16-gcc13-auto-r9-stride16_scan-auto-warm-branch-134217728,stride16-gcc13-auto,branch,branch_misses,53,250078671,250078671
1,stride16-gcc13-auto-r9-stride16_scan-auto-warm-basic-229376,stride16-gcc13-auto,basic,cycles,548734127,250034757,250034757
1,stride16-gcc13-auto-r9-stride16_scan-auto-warm-basic-229376,stride16-gcc13-auto,basic,instructions,941204283,250032061,250032061
1,stride16-gcc13-auto-r9-stride16_scan-auto-warm-basic-229376,stride16-gcc13-auto,basic,ref_cycles,548735638,250028565,250028565
1,stride16-gcc13-auto-r9-stride16_scan-auto-warm-branch-2097152,stride16-gcc13-auto,branch,cycles,548769720,250051226,250051226
1,stride16-gcc13-auto-r9-stride16_scan-auto-warm-branch-2097152,stride16-gcc13-auto,branch,branches,112395451,250049779,250049779
1,stride16-gcc13-auto-r9-stride16_scan-auto-warm-branch-2097152,stride16-gcc13-auto,branch,branch_misses,3470,250046657,250046657
1,stride16-gcc13-auto-r9-stride16_scan-auto-cache_evicted-branch-33554432,stride16-gcc13-auto,branch,cycles,552374307,251702043,251702043
1,stride16-gcc13-auto-r9-stride16_scan-auto-cache_evicted-branch-33554432,stride16-gcc13-auto,branch,branches,55577734,251700627,251700627
1,stride16-gcc13-auto-r9-stride16_scan-auto-cache_evicted-branch-33554432,stride16-gcc13-auto,branch,branch_misses,135,251696374,251696374
1,stride16-gcc13-auto-r9-stride16_scan-auto-warm-branch-16384,stride16-gcc13-auto,branch,cycles,548731467,250033396,250033396
1,stride16-gcc13-auto-r9-stride16_scan-auto-warm-branch-16384,stride16-gcc13-auto,branch,branches,350719801,250031066,250031066
1,stride16-gcc13-auto-r9-stride16_scan-auto-warm-branch-16384,stride16-gcc13-auto,branch,branch_misses,1230950,250027395,250027395
1,stride16-gcc13-auto-r9-stride16_scan-auto-warm-basic-294912,stride16-gcc13-auto,basic,cycles,548744734,250039158,250039158
1,stride16-gcc13-auto-r9-stride16_scan-auto-warm-basic-294912,stride16-gcc13-auto,basic,instructions,592329050,250037474,250037474
1,stride16-gcc13-auto-r9-stride16_scan-auto-warm-basic-294912,stride16-gcc13-auto,basic,ref_cycles,548747100,250034314,250034314
1,stride16-gcc13-auto-r9-stride16_scan-auto-warm-basic-4194304,stride16-gcc13-auto,basic,cycles,549027897,250171102,250171102
1,stride16-gcc13-auto-r9-stride16_scan-auto-warm-basic-4194304,stride16-gcc13-auto,basic,instructions,558629766,250170512,250170512
1,stride16-gcc13-auto-r9-stride16_scan-auto-warm-basic-4194304,stride16-gcc13-auto,basic,ref_cycles,549031450,250167150,250167150
1,stride16-gcc13-auto-r9-stride16_scan-auto-cache_evicted-basic-8388608,stride16-gcc13-auto,basic,cycles,548774901,250059938,250059938
1,stride16-gcc13-auto-r9-stride16_scan-auto-cache_evicted-basic-8388608,stride16-gcc13-auto,basic,instructions,384131840,250059644,250059644
1,stride16-gcc13-auto-r9-stride16_scan-auto-cache_evicted-basic-8388608,stride16-gcc13-auto,basic,ref_cycles,548778252,250056386,250056386
1,stride16-gcc13-auto-r9-stride16_scan-auto-warm-basic-536870912,stride16-gcc13-auto,basic,cycles,596257734,271691945,271691945
1,stride16-gcc13-auto-r9-stride16_scan-auto-warm-basic-536870912,stride16-gcc13-auto,basic,instructions,293602988,271692429,271692429
1,stride16-gcc13-auto-r9-stride16_scan-auto-warm-basic-536870912,stride16-gcc13-auto,basic,ref_cycles,596261380,271689346,271689346
1,stride16-gcc13-auto-r9-stride16_scan-auto-warm-basic-524288,stride16-gcc13-auto,basic,cycles,548766126,250048990,250048990
1,stride16-gcc13-auto-r9-stride16_scan-auto-warm-basic-524288,stride16-gcc13-auto,basic,instructions,561494611,250046702,250046702
1,stride16-gcc13-auto-r9-stride16_scan-auto-warm-basic-524288,stride16-gcc13-auto,basic,ref_cycles,548767802,250043458,250043458
1,stride16-gcc13-auto-r9-stride16_scan-auto-warm-basic-32768,stride16-gcc13-auto,basic,cycles,548731302,250033197,250033197
1,stride16-gcc13-auto-r9-stride16_scan-auto-warm-basic-32768,stride16-gcc13-auto,basic,instructions,1732541060,250031001,250031001
1,stride16-gcc13-auto-r9-stride16_scan-auto-warm-basic-32768,stride16-gcc13-auto,basic,ref_cycles,548733548,250028114,250028114
1,stride16-gcc13-auto-r9-stride16_scan-auto-cache_evicted-basic-1048576,stride16-gcc13-auto,basic,cycles,548797043,250065837,250065837
1,stride16-gcc13-auto-r9-stride16_scan-auto-cache_evicted-basic-1048576,stride16-gcc13-auto,basic,instructions,561551064,250064374,250064374
1,stride16-gcc13-auto-r9-stride16_scan-auto-cache_evicted-basic-1048576,stride16-gcc13-auto,basic,ref_cycles,548799790,250061236,250061236
1,stride16-gcc13-auto-r9-stride16_scan-auto-cache_evicted-basic-33554432,stride16-gcc13-auto,basic,cycles,549331548,250314369,250314369
1,stride16-gcc13-auto-r9-stride16_scan-auto-cache_evicted-basic-33554432,stride16-gcc13-auto,basic,instructions,275268000,250313745,250313745
1,stride16-gcc13-auto-r9-stride16_scan-auto-cache_evicted-basic-33554432,stride16-gcc13-auto,basic,ref_cycles,549335512,250310536,250310536
1,stride16-gcc13-auto-r9-stride16_scan-auto-warm-branch-393216,stride16-gcc13-auto,branch,cycles,548758935,250046475,250046475
1,stride16-gcc13-auto-r9-stride16_scan-auto-warm-branch-393216,stride16-gcc13-auto,branch,branches,112219111,250044294,250044294
1,stride16-gcc13-auto-r9-stride16_scan-auto-warm-branch-393216,stride16-gcc13-auto,branch,branch_misses,18226,250040859,250040859
1,stride16-gcc13-auto-r9-stride16_scan-auto-warm-basic-393216,stride16-gcc13-auto,basic,cycles,548735332,250034549,250034549
1,stride16-gcc13-auto-r9-stride16_scan-auto-warm-basic-393216,stride16-gcc13-auto,basic,instructions,561969295,250031960,250031960
1,stride16-gcc13-auto-r9-stride16_scan-auto-warm-basic-393216,stride16-gcc13-auto,basic,ref_cycles,548736518,250028618,250028618
1,stride16-gcc13-auto-r9-stride16_scan-auto-warm-branch-65536,stride16-gcc13-auto,branch,cycles,548731128,250033008,250033008
1,stride16-gcc13-auto-r9-stride16_scan-auto-warm-branch-65536,stride16-gcc13-auto,branch,branches,208865054,250031211,250031211
1,stride16-gcc13-auto-r9-stride16_scan-auto-warm-branch-65536,stride16-gcc13-auto,branch,branch_misses,198462,250027784,250027784
1,stride16-gcc13-auto-r9-stride16_scan-auto-warm-basic-12582912,stride16-gcc13-auto,basic,cycles,549305744,250301224,250301224
1,stride16-gcc13-auto-r9-stride16_scan-auto-warm-basic-12582912,stride16-gcc13-auto,basic,instructions,308723546,250300648,250300648
1,stride16-gcc13-auto-r9-stride16_scan-auto-warm-basic-12582912,stride16-gcc13-auto,basic,ref_cycles,549309068,250297408,250297408
1,stride16-gcc13-auto-r9-stride16_scan-auto-cache_evicted-basic-536870912,stride16-gcc13-auto,basic,cycles,599273233,273066547,273066547
1,stride16-gcc13-auto-r9-stride16_scan-auto-cache_evicted-basic-536870912,stride16-gcc13-auto,basic,instructions,293602988,273066231,273066231
1,stride16-gcc13-auto-r9-stride16_scan-auto-cache_evicted-basic-536870912,stride16-gcc13-auto,basic,ref_cycles,599276788,273063859,273063859
1,stride16-gcc13-auto-r9-stride16_scan-auto-warm-branch-8192,stride16-gcc13-auto,branch,cycles,548730645,250033833,250033833
1,stride16-gcc13-auto-r9-stride16_scan-auto-warm-branch-8192,stride16-gcc13-auto,branch,branches,321931673,250031279,250031279
1,stride16-gcc13-auto-r9-stride16_scan-auto-warm-branch-8192,stride16-gcc13-auto,branch,branch_misses,2051037,250027583,250027583
1,stride16-gcc13-auto-r9-stride16_scan-auto-warm-branch-131072,stride16-gcc13-auto,branch,cycles,548733493,250034047,250034047
1,stride16-gcc13-auto-r9-stride16_scan-auto-warm-branch-131072,stride16-gcc13-auto,branch,branches,215493099,250031274,250031274
1,stride16-gcc13-auto-r9-stride16_scan-auto-warm-branch-131072,stride16-gcc13-auto,branch,branch_misses,103813,250027383,250027383
1,stride16-gcc13-auto-r9-stride16_scan-auto-warm-basic-131072,stride16-gcc13-auto,basic,cycles,548734271,250034459,250034459
1,stride16-gcc13-auto-r9-stride16_scan-auto-warm-basic-131072,stride16-gcc13-auto,basic,instructions,1066314506,250032474,250032474
1,stride16-gcc13-auto-r9-stride16_scan-auto-warm-basic-131072,stride16-gcc13-auto,basic,ref_cycles,548736914,250029339,250029339
1,stride16-gcc13-auto-r9-stride16_scan-auto-cache_evicted-branch-1048576,stride16-gcc13-auto,branch,cycles,548757590,250045939,250045939
1,stride16-gcc13-auto-r9-stride16_scan-auto-cache_evicted-branch-1048576,stride16-gcc13-auto,branch,branches,112347127,250044020,250044020
1,stride16-gcc13-auto-r9-stride16_scan-auto-cache_evicted-branch-1048576,stride16-gcc13-auto,branch,branch_misses,6893,250040577,250040577
1,stride16-gcc13-auto-r9-stride16_scan-auto-cache_evicted-basic-32768,stride16-gcc13-auto,basic,cycles,548731522,250033082,250033082
1,stride16-gcc13-auto-r9-stride16_scan-auto-cache_evicted-basic-32768,stride16-gcc13-auto,basic,instructions,1730882611,250030098,250030098
1,stride16-gcc13-auto-r9-stride16_scan-auto-cache_evicted-basic-32768,stride16-gcc13-auto,basic,ref_cycles,548732976,250026669,250026669
1,stride16-gcc13-auto-r9-stride16_scan-auto-cache_evicted-basic-262144,stride16-gcc13-auto,basic,cycles,548734196,250034969,250034969
1,stride16-gcc13-auto-r9-stride16_scan-auto-cache_evicted-basic-262144,stride16-gcc13-auto,basic,instructions,641781061,250033349,250033349
1,stride16-gcc13-auto-r9-stride16_scan-auto-cache_evicted-basic-262144,stride16-gcc13-auto,basic,ref_cycles,548736342,250030280,250030280
1,stride16-gcc13-auto-r9-stride16_scan-auto-warm-basic-8192,stride16-gcc13-auto,basic,cycles,548731593,250033646,250033646
1,stride16-gcc13-auto-r9-stride16_scan-auto-warm-basic-8192,stride16-gcc13-auto,basic,instructions,1624045054,250032023,250032023
1,stride16-gcc13-auto-r9-stride16_scan-auto-warm-basic-8192,stride16-gcc13-auto,basic,ref_cycles,548734868,250028965,250028965
1,stride16-gcc13-auto-r9-stride16_scan-auto-warm-basic-98304,stride16-gcc13-auto,basic,cycles,548731222,250032530,250032530
1,stride16-gcc13-auto-r9-stride16_scan-auto-warm-basic-98304,stride16-gcc13-auto,basic,instructions,1046294302,250031364,250031364
1,stride16-gcc13-auto-r9-stride16_scan-auto-warm-basic-98304,stride16-gcc13-auto,basic,ref_cycles,548733570,250028341,250028341
1,stride16-gcc13-auto-r9-stride16_scan-auto-warm-basic-24576,stride16-gcc13-auto,basic,cycles,548730851,250032268,250032268
1,stride16-gcc13-auto-r9-stride16_scan-auto-warm-basic-24576,stride16-gcc13-auto,basic,instructions,1821275129,250029430,250029430
1,stride16-gcc13-auto-r9-stride16_scan-auto-warm-basic-24576,stride16-gcc13-auto,basic,ref_cycles,548732668,250026703,250026703
1,stride16-gcc13-auto-r9-stride16_scan-auto-warm-basic-65536,stride16-gcc13-auto,basic,cycles,548733540,250034145,250034145
1,stride16-gcc13-auto-r9-stride16_scan-auto-warm-basic-65536,stride16-gcc13-auto,basic,instructions,1044022262,250032875,250032875
1,stride16-gcc13-auto-r9-stride16_scan-auto-warm-basic-65536,stride16-gcc13-auto,basic,ref_cycles,548736320,250029850,250029850
1,stride16-gcc13-auto-r9-stride16_scan-auto-warm-basic-2097152,stride16-gcc13-auto,basic,cycles,548765894,250050136,250050136
1,stride16-gcc13-auto-r9-stride16_scan-auto-warm-basic-2097152,stride16-gcc13-auto,basic,instructions,561680087,250047742,250047742
1,stride16-gcc13-auto-r9-stride16_scan-auto-warm-basic-2097152,stride16-gcc13-auto,basic,ref_cycles,548767912,250044163,250044163
1,stride16-gcc13-auto-r9-stride16_scan-auto-warm-basic-5242880,stride16-gcc13-auto,basic,cycles,548791861,250064751,250064751
1,stride16-gcc13-auto-r9-stride16_scan-auto-warm-basic-5242880,stride16-gcc13-auto,basic,instructions,484329858,250064851,250064851
1,stride16-gcc13-auto-r9-stride16_scan-auto-warm-basic-5242880,stride16-gcc13-auto,basic,ref_cycles,548795346,250061085,250061085
1,stride16-gcc13-auto-r9-stride16_scan-auto-warm-branch-28672,stride16-gcc13-auto,branch,cycles,548731372,250033622,250033622
1,stride16-gcc13-auto-r9-stride16_scan-auto-warm-branch-28672,stride16-gcc13-auto,branch,branches,352033809,250031420,250031420
1,stride16-gcc13-auto-r9-stride16_scan-auto-warm-branch-28672,stride16-gcc13-auto,branch,branch_misses,738244,250027976,250027976
1,stride16-gcc13-auto-r9-stride16_scan-auto-warm-branch-229376,stride16-gcc13-auto,branch,cycles,548738283,250036996,250036996
1,stride16-gcc13-auto-r9-stride16_scan-auto-warm-branch-229376,stride16-gcc13-auto,branch,branches,193028576,250034392,250034392
1,stride16-gcc13-auto-r9-stride16_scan-auto-warm-branch-229376,stride16-gcc13-auto,branch,branch_misses,54989,250031161,250031161
1,stride16-gcc13-auto-r9-stride16_scan-auto-warm-branch-524288,stride16-gcc13-auto,branch,cycles,548731827,250034490,250034490
1,stride16-gcc13-auto-r9-stride16_scan-auto-warm-branch-524288,stride16-gcc13-auto,branch,branches,112266111,250031000,250031000
1,stride16-gcc13-auto-r9-stride16_scan-auto-warm-branch-524288,stride16-gcc13-auto,branch,branch_misses,13698,250027624,250027624
1,stride16-gcc13-auto-r9-stride16_scan-auto-warm-basic-6291456,stride16-gcc13-auto,basic,cycles,548866813,250098562,250098562
1,stride16-gcc13-auto-r9-stride16_scan-auto-warm-basic-6291456,stride16-gcc13-auto,basic,instructions,387931416,250098087,250098087
1,stride16-gcc13-auto-r9-stride16_scan-auto-warm-basic-6291456,stride16-gcc13-auto,basic,ref_cycles,548870344,250094535,250094535
1,stride16-gcc13-auto-r9-stride16_scan-auto-warm-branch-49152,stride16-gcc13-auto,branch,cycles,548731488,250034885,250034885
1,stride16-gcc13-auto-r9-stride16_scan-auto-warm-branch-49152,stride16-gcc13-auto,branch,branches,206642512,250033087,250033087
1,stride16-gcc13-auto-r9-stride16_scan-auto-warm-branch-49152,stride16-gcc13-auto,branch,branch_misses,259389,250029384,250029384
1,stride16-gcc13-auto-r9-stride16_scan-auto-cache_evicted-branch-262144,stride16-gcc13-auto,branch,cycles,548732840,250036675,250036675
1,stride16-gcc13-auto-r9-stride16_scan-auto-cache_evicted-branch-262144,stride16-gcc13-auto,branch,branches,149407824,250035036,250035036
1,stride16-gcc13-auto-r9-stride16_scan-auto-cache_evicted-branch-262144,stride16-gcc13-auto,branch,branch_misses,36269,250031567,250031567
1,stride16-gcc13-auto-r10-stride16_scan-auto-cache_evicted-branch-6291456,stride16-gcc13-auto,branch,cycles,549247485,250274043,250274043
1,stride16-gcc13-auto-r10-stride16_scan-auto-cache_evicted-branch-6291456,stride16-gcc13-auto,branch,branches,82501519,250273632,250273632
1,stride16-gcc13-auto-r10-stride16_scan-auto-cache_evicted-branch-6291456,stride16-gcc13-auto,branch,branch_misses,886,250269987,250269987
1,stride16-gcc13-auto-r10-stride16_scan-auto-warm-branch-229376,stride16-gcc13-auto,branch,cycles,548731007,250033633,250033633
1,stride16-gcc13-auto-r10-stride16_scan-auto-warm-branch-229376,stride16-gcc13-auto,branch,branches,170830043,250030115,250030115
1,stride16-gcc13-auto-r10-stride16_scan-auto-warm-branch-229376,stride16-gcc13-auto,branch,branch_misses,47338,250026216,250026216
1,stride16-gcc13-auto-r10-stride16_scan-auto-cache_evicted-branch-32768,stride16-gcc13-auto,branch,cycles,548730825,250032874,250032874
1,stride16-gcc13-auto-r10-stride16_scan-auto-cache_evicted-branch-32768,stride16-gcc13-auto,branch,branches,338236018,250029575,250029575
1,stride16-gcc13-auto-r10-stride16_scan-auto-cache_evicted-branch-32768,stride16-gcc13-auto,branch,branch_misses,625419,250025523,250025523
1,stride16-gcc13-auto-r10-stride16_scan-auto-warm-branch-7340032,stride16-gcc13-auto,branch,cycles,549090910,250203906,250203906
1,stride16-gcc13-auto-r10-stride16_scan-auto-warm-branch-7340032,stride16-gcc13-auto,branch,branches,83169960,250203799,250203799
1,stride16-gcc13-auto-r10-stride16_scan-auto-warm-branch-7340032,stride16-gcc13-auto,branch,branch_misses,773,250200014,250200014
1,stride16-gcc13-auto-r10-stride16_scan-auto-warm-basic-134217728,stride16-gcc13-auto,basic,cycles,549010449,250165662,250165662
1,stride16-gcc13-auto-r10-stride16_scan-auto-warm-basic-134217728,stride16-gcc13-auto,basic,instructions,272634394,250165452,250165452
1,stride16-gcc13-auto-r10-stride16_scan-auto-warm-basic-134217728,stride16-gcc13-auto,basic,ref_cycles,549014400,250162235,250162235
1,stride16-gcc13-auto-r10-stride16_scan-auto-warm-branch-6291456,stride16-gcc13-auto,branch,cycles,549349707,250321445,250321445
1,stride16-gcc13-auto-r10-stride16_scan-auto-warm-branch-6291456,stride16-gcc13-auto,branch,branches,88991497,250321148,250321148
1,stride16-gcc13-auto-r10-stride16_scan-auto-warm-branch-6291456,stride16-gcc13-auto,branch,branch_misses,956,250317670,250317670
1,stride16-gcc13-auto-r10-stride16_scan-auto-warm-branch-294912,stride16-gcc13-auto,branch,cycles,548731591,250034292,250034292
1,stride16-gcc13-auto-r10-stride16_scan-auto-warm-branch-294912,stride16-gcc13-auto,branch,branches,132136244,250032077,250032077
1,stride16-gcc13-auto-r10-stride16_scan-auto-warm-branch-294912,stride16-gcc13-auto,branch,branch_misses,28745,250028710,250028710
1,stride16-gcc13-auto-r10-stride16_scan-auto-warm-branch-262144,stride16-gcc13-auto,branch,cycles,548738692,250036976,250036976
1,stride16-gcc13-auto-r10-stride16_scan-auto-warm-branch-262144,stride16-gcc13-auto,branch,branches,155834450,250035044,250035044
1,stride16-gcc13-auto-r10-stride16_scan-auto-warm-branch-262144,stride16-gcc13-auto,branch,branch_misses,37843,250031518,250031518
1,stride16-gcc13-auto-r10-stride16_scan-auto-warm-basic-536870912,stride16-gcc13-auto,basic,cycles,595400381,271299589,271299589
1,stride16-gcc13-auto-r10-stride16_scan-auto-warm-basic-536870912,stride16-gcc13-auto,basic,instructions,293602988,271300120,271300120
1,stride16-gcc13-auto-r10-stride16_scan-auto-warm-basic-536870912,stride16-gcc13-auto,basic,ref_cycles,595403930,271296952,271296952
1,stride16-gcc13-auto-r10-stride16_scan-auto-warm-branch-98304,stride16-gcc13-auto,branch,cycles,548732319,250033688,250033688
1,stride16-gcc13-auto-r10-stride16_scan-auto-warm-branch-98304,stride16-gcc13-auto,branch,branches,208134269,250031225,250031225
1,stride16-gcc13-auto-r10-stride16_scan-auto-warm-branch-98304,stride16-gcc13-auto,branch,branch_misses,133104,250027223,250027223
1,stride16-gcc13-auto-r10-stride16_scan-auto-warm-basic-524288,stride16-gcc13-auto,basic,cycles,548762648,250047604,250047604
1,stride16-gcc13-auto-r10-stride16_scan-auto-warm-basic-524288,stride16-gcc13-auto,basic,instructions,561617918,250043984,250043984
1,stride16-gcc13-auto-r10-stride16_scan-auto-warm-basic-524288,stride16-gcc13-auto,basic,ref_cycles,548764150,250040559,250040559
1,stride16-gcc13-auto-r10-stride16_scan-auto-warm-basic-33554432,stride16-gcc13-auto,basic,cycles,548984779,250155519,250155519
1,stride16-gcc13-auto-r10-stride16_scan-auto-warm-basic-33554432,stride16-gcc13-auto,basic,instructions,270024812,250154448,250154448
1,stride16-gcc13-auto-r10-stride16_scan-auto-warm-basic-33554432,stride16-gcc13-auto,basic,ref_cycles,548988154,250150726,250150726
1,stride16-gcc13-auto-r10-stride16_scan-auto-warm-basic-1048576,stride16-gcc13-auto,basic,cycles,548794720,250062314,250062314
1,stride16-gcc13-auto-r10-stride16_scan-auto-warm-basic-1048576,stride16-gcc13-auto,basic,instructions,561797160,250059540,250059540
1,stride16-gcc13-auto-r10-stride16_scan-auto-warm-basic-1048576,stride16-gcc13-auto,basic,ref_cycles,548796336,250056189,250056189
1,stride16-gcc13-auto-r10-stride16_scan-auto-warm-branch-5242880,stride16-gcc13-auto,branch,cycles,549007510,250164102,250164102
1,stride16-gcc13-auto-r10-stride16_scan-auto-warm-branch-5242880,stride16-gcc13-auto,branch,branches,93749788,250163133,250163133
1,stride16-gcc13-auto-r10-stride16_scan-auto-warm-branch-5242880,stride16-gcc13-auto,branch,branch_misses,1187,250159866,250159866
1,stride16-gcc13-auto-r10-stride16_scan-auto-cache_evicted-basic-536870912,stride16-gcc13-auto,basic,cycles,594906210,271076217,271076217
1,stride16-gcc13-auto-r10-stride16_scan-auto-cache_evicted-basic-536870912,stride16-gcc13-auto,basic,instructions,293602988,271074434,271074434
1,stride16-gcc13-auto-r10-stride16_scan-auto-cache_evicted-basic-536870912,stride16-gcc13-auto,basic,ref_cycles,594910250,271071206,271071206
1,stride16-gcc13-auto-r10-stride16_scan-auto-warm-basic-4194304,stride16-gcc13-auto,basic,cycles,548994321,250156161,250156161
1,stride16-gcc13-auto-r10-stride16_scan-auto-warm-basic-4194304,stride16-gcc13-auto,basic,instructions,526502082,250156313,250156313
1,stride16-gcc13-auto-r10-stride16_scan-auto-warm-basic-4194304,stride16-gcc13-auto,basic,ref_cycles,548998032,250152962,250152962
1,stride16-gcc13-auto-r10-stride16_scan-auto-warm-basic-98304,stride16-gcc13-auto,basic,cycles,548732785,250033694,250033694
1,stride16-gcc13-auto-r10-stride16_scan-auto-warm-basic-98304,stride16-gcc13-auto,basic,instructions,1051370706,250032438,250032438
1,stride16-gcc13-auto-r10-stride16_scan-auto-warm-basic-98304,stride16-gcc13-auto,basic,ref_cycles,548735506,250029350,250029350
1,stride16-gcc13-auto-r10-stride16_scan-auto-warm-branch-24576,stride16-gcc13-auto,branch,cycles,548731390,250033689,250033689
1,stride16-gcc13-auto-r10-stride16_scan-auto-warm-branch-24576,stride16-gcc13-auto,branch,branches,364039217,250031961,250031961
1,stride16-gcc13-auto-r10-stride16_scan-auto-warm-branch-24576,stride16-gcc13-auto,branch,branch_misses,881703,250028768,250028768
1,stride16-gcc13-auto-r10-stride16_scan-auto-warm-basic-2097152,stride16-gcc13-auto,basic,cycles,548856151,250090228,250090228
1,stride16-gcc13-auto-r10-stride16_scan-auto-warm-basic-2097152,stride16-gcc13-auto,basic,instructions,561680114,250087296,250087296
1,stride16-gcc13-auto-r10-stride16_scan-auto-warm-basic-2097152,stride16-gcc13-auto,basic,ref_cycles,548857760,250083848,250083848
1,stride16-gcc13-auto-r10-stride16_scan-auto-warm-basic-5242880,stride16-gcc13-auto,basic,cycles,549140302,250222761,250222761
1,stride16-gcc13-auto-r10-stride16_scan-auto-warm-basic-5242880,stride16-gcc13-auto,basic,instructions,463022686,250222139,250222139
1,stride16-gcc13-auto-r10-stride16_scan-auto-warm-basic-5242880,stride16-gcc13-auto,basic,ref_cycles,549143606,250219363,250219363
1,stride16-gcc13-auto-r10-stride16_scan-auto-warm-branch-12582912,stride16-gcc13-auto,branch,cycles,548748282,250048085,250048085
1,stride16-gcc13-auto-r10-stride16_scan-auto-warm-branch-12582912,stride16-gcc13-auto,branch,branches,61154239,250046825,250046825
1,stride16-gcc13-auto-r10-stride16_scan-auto-warm-branch-12582912,stride16-gcc13-auto,branch,branch_misses,348,250043207,250043207
1,stride16-gcc13-auto-r10-stride16_scan-auto-warm-basic-196608,stride16-gcc13-auto,basic,cycles,548735607,250034475,250034475
1,stride16-gcc13-auto-r10-stride16_scan-auto-warm-basic-196608,stride16-gcc13-auto,basic,instructions,1122966178,250032492,250032492
1,stride16-gcc13-auto-r10-stride16_scan-auto-warm-basic-196608,stride16-gcc13-auto,basic,ref_cycles,548737838,250029082,250029082
1,stride16-gcc13-auto-r10-stride16_scan-auto-cache_evicted-basic-32768,stride16-gcc13-auto,basic,cycles,548731345,250033077,250033077
1,stride16-gcc13-auto-r10-stride16_scan-auto-cache_evicted-basic-32768,stride16-gcc13-auto,basic,instructions,1733213950,250029769,250029769
1,stride16-gcc13-auto-r10-stride16_scan-auto-cache_evicted-basic-32768,stride16-gcc13-auto,basic,ref_cycles,548732228,250025977,250025977
1,stride16-gcc13-auto-r10-stride16_scan-auto-warm-basic-28672,stride16-gcc13-auto,basic,cycles,548731034,250032224,250032224
1,stride16-gcc13-auto-r10-stride16_scan-auto-warm-basic-28672,stride16-gcc13-auto,basic,instructions,1752823269,250030219,250030219
1,stride16-gcc13-auto-r10-stride16_scan-auto-warm-basic-28672,stride16-gcc13-auto,basic,ref_cycles,548732602,250026644,250026644
1,stride16-gcc13-auto-r10-stride16_scan-auto-warm-branch-28672,stride16-gcc13-auto,branch,cycles,548731683,250033648,250033648
1,stride16-gcc13-auto-r10-stride16_scan-auto-warm-branch-28672,stride16-gcc13-auto,branch,branches,347781832,250031972,250031972
1,stride16-gcc13-auto-r10-stride16_scan-auto-warm-branch-28672,stride16-gcc13-auto,branch,branch_misses,729329,250028583,250028583
1,stride16-gcc13-auto-r10-stride16_scan-auto-warm-branch-2097152,stride16-gcc13-auto,branch,cycles,548767462,250052383,250052383
1,stride16-gcc13-auto-r10-stride16_scan-auto-warm-branch-2097152,stride16-gcc13-auto,branch,branches,112165879,250049571,250049571
1,stride16-gcc13-auto-r10-stride16_scan-auto-warm-branch-2097152,stride16-gcc13-auto,branch,branch_misses,3464,250045850,250045850
1,stride16-gcc13-auto-r10-stride16_scan-auto-warm-basic-8192,stride16-gcc13-auto,basic,cycles,548730884,250031909,250031909
1,stride16-gcc13-auto-r10-stride16_scan-auto-warm-basic-8192,stride16-gcc13-auto,basic,instructions,1632301127,250029595,250029595
1,stride16-gcc13-auto-r10-stride16_scan-auto-warm-basic-8192,stride16-gcc13-auto,basic,ref_cycles,548732800,250026458,250026458
1,stride16-gcc13-auto-r10-stride16_scan-auto-warm-basic-12582912,stride16-gcc13-auto,basic,cycles,550444115,250819754,250819754
1,stride16-gcc13-auto-r10-stride16_scan-auto-warm-basic-12582912,stride16-gcc13-auto,basic,instructions,306757170,250819555,250819555
1,stride16-gcc13-auto-r10-stride16_scan-auto-warm-basic-12582912,stride16-gcc13-auto,basic,ref_cycles,550447392,250816076,250816076
1,stride16-gcc13-auto-r10-stride16_scan-auto-warm-basic-131072,stride16-gcc13-auto,basic,cycles,548735105,250033959,250033959
1,stride16-gcc13-auto-r10-stride16_scan-auto-warm-basic-131072,stride16-gcc13-auto,basic,instructions,1079199519,250031334,250031334
1,stride16-gcc13-auto-r10-stride16_scan-auto-warm-basic-131072,stride16-gcc13-auto,basic,ref_cycles,548736254,250028044,250028044
1,stride16-gcc13-auto-r10-stride16_scan-auto-warm-basic-6291456,stride16-gcc13-auto,basic,cycles,549245681,250272410,250272410
1,stride16-gcc13-auto-r10-stride16_scan-auto-warm-basic-6291456,stride16-gcc13-auto,basic,instructions,441523882,250271120,250271120
1,stride16-gcc13-auto-r10-stride16_scan-auto-warm-basic-6291456,stride16-gcc13-auto,basic,ref_cycles,549249008,250267997,250267997
1,stride16-gcc13-auto-r10-stride16_scan-auto-warm-basic-16384,stride16-gcc13-auto,basic,cycles,548730781,250032286,250032286
1,stride16-gcc13-auto-r10-stride16_scan-auto-warm-basic-16384,stride16-gcc13-auto,basic,instructions,1766223642,250029002,250029002
1,stride16-gcc13-auto-r10-stride16_scan-auto-warm-basic-16384,stride16-gcc13-auto,basic,ref_cycles,548731920,250025471,250025471
1,stride16-gcc13-auto-r10-stride16_scan-auto-cache_evicted-branch-8388608,stride16-gcc13-auto,branch,cycles,549365765,250329578,250329578
1,stride16-gcc13-auto-r10-stride16_scan-auto-cache_evicted-branch-8388608,stride16-gcc13-auto,branch,branches,75383207,250328768,250328768
1,stride16-gcc13-auto-r10-stride16_scan-auto-cache_evicted-branch-8388608,stride16-gcc13-auto,branch,branch_misses,620,250325314,250325314
1,stride16-gcc13-auto-r10-stride16_scan-auto-warm-branch-131072,stride16-gcc13-auto,branch,cycles,548733092,250034726,250034726
1,stride16-gcc13-auto-r10-stride16_scan-auto-warm-branch-131072,stride16-gcc13-auto,branch,branches,173249007,250032471,250032471
1,stride16-gcc13-auto-r10-stride16_scan-auto-warm-branch-131072,stride16-gcc13-auto,branch,branch_misses,83484,250028813,250028813
1,stride16-gcc13-auto-r10-stride16_scan-auto-warm-branch-49152,stride16-gcc13-auto,branch,cycles,548635096,250022469,250022469
1,stride16-gcc13-auto-r10-stride16_scan-auto-warm-branch-49152,stride16-gcc13-auto,branch,branches,208206245,250022942,250022942
1,stride16-gcc13-auto-r10-stride16_scan-auto-warm-branch-49152,stride16-gcc13-auto,branch,branch_misses,261373,250020430,250020430
1,stride16-gcc13-auto-r10-stride16_scan-auto-warm-basic-393216,stride16-gcc13-auto,basic,cycles,548757204,250045018,250045018
1,stride16-gcc13-auto-r10-stride16_scan-auto-warm-basic-393216,stride16-gcc13-auto,basic,instructions,586576255,250043654,250043654
1,stride16-gcc13-auto-r10-stride16_scan-auto-warm-basic-393216,stride16-gcc13-auto,basic,ref_cycles,548759398,250040642,250040642
1,stride16-gcc13-auto-r10-stride16_scan-auto-cache_evicted-branch-262144,stride16-gcc13-auto,branch,cycles,548734296,250035909,250035909
1,stride16-gcc13-auto-r10-stride16_scan-auto-cache_evicted-branch-262144,stride16-gcc13-auto,branch,branches,152777791,250033870,250033870
1,stride16-gcc13-auto-r10-stride16_scan-auto-cache_evicted-branch-262144,stride16-gcc13-auto,branch,branch_misses,37098,250030751,250030751
1,stride16-gcc13-auto-r10-stride16_scan-auto-warm-branch-134217728,stride16-gcc13-auto,branch,cycles,549211316,250259146,250259146
1,stride16-gcc13-auto-r10-stride16_scan-auto-warm-branch-134217728,stride16-gcc13-auto,branch,branches,54526838,250258084,250258084
1,stride16-gcc13-auto-r10-stride16_scan-auto-warm-branch-134217728,stride16-gcc13-auto,branch,branch_misses,54,250253855,250253855
1,stride16-gcc13-auto-r10-stride16_scan-auto-warm-branch-16384,stride16-gcc13-auto,branch,cycles,548711505,250032214,250032214
1,stride16-gcc13-auto-r10-stride16_scan-auto-warm-branch-16384,stride16-gcc13-auto,branch,branches,351196279,250029114,250029114
1,stride16-gcc13-auto-r10-stride16_scan-auto-warm-branch-16384,stride16-gcc13-auto,branch,branch_misses,1232600,250025481,250025481
1,stride16-gcc13-auto-r10-stride16_scan-auto-warm-branch-536870912,stride16-gcc13-auto,branch,cycles,600601500,273671644,273671644
1,stride16-gcc13-auto-r10-stride16_scan-auto-warm-branch-536870912,stride16-gcc13-auto,branch,branches,58720591,273671298,273671298
1,stride16-gcc13-auto-r10-stride16_scan-auto-warm-branch-536870912,stride16-gcc13-auto,branch,branch_misses,46,273667614,273667614
1,stride16-gcc13-auto-r10-stride16_scan-auto-warm-branch-524288,stride16-gcc13-auto,branch,cycles,548741676,250040505,250040505
1,stride16-gcc13-auto-r10-stride16_scan-auto-warm-branch-524288,stride16-gcc13-auto,branch,branches,112257887,250038362,250038362
1,stride16-gcc13-auto-r10-stride16_scan-auto-warm-branch-524288,stride16-gcc13-auto,branch,branch_misses,13694,250034558,250034558
1,stride16-gcc13-auto-r10-stride16_scan-auto-cache_evicted-branch-536870912,stride16-gcc13-auto,branch,cycles,596286374,271707030,271707030
1,stride16-gcc13-auto-r10-stride16_scan-auto-cache_evicted-branch-536870912,stride16-gcc13-auto,branch,branches,58720591,271705580,271705580
1,stride16-gcc13-auto-r10-stride16_scan-auto-cache_evicted-branch-536870912,stride16-gcc13-auto,branch,branch_misses,42,271701607,271701607
1,stride16-gcc13-auto-r10-stride16_scan-auto-cache_evicted-basic-33554432,stride16-gcc13-auto,basic,cycles,548921928,250125694,250125694
1,stride16-gcc13-auto-r10-stride16_scan-auto-cache_evicted-basic-33554432,stride16-gcc13-auto,basic,instructions,272646406,250124525,250124525
1,stride16-gcc13-auto-r10-stride16_scan-auto-cache_evicted-basic-33554432,stride16-gcc13-auto,basic,ref_cycles,548925850,250121115,250121115
1,stride16-gcc13-auto-r10-stride16_scan-auto-warm-branch-8388608,stride16-gcc13-auto,branch,cycles,549474071,250378334,250378334
1,stride16-gcc13-auto-r10-stride16_scan-auto-warm-branch-8388608,stride16-gcc13-auto,branch,branches,74596601,250379205,250379205
1,stride16-gcc13-auto-r10-stride16_scan-auto-warm-branch-8388608,stride16-gcc13-auto,branch,branch_misses,610,250375760,250375760
1,stride16-gcc13-auto-r10-stride16_scan-auto-warm-branch-393216,stride16-gcc13-auto,branch,cycles,548745250,250040309,250040309
1,stride16-gcc13-auto-r10-stride16_scan-auto-warm-branch-393216,stride16-gcc13-auto,branch,branches,116688435,250038486,250038486
1,stride16-gcc13-auto-r10-stride16_scan-auto-warm-branch-393216,stride16-gcc13-auto,branch,branch_misses,18960,250034942,250034942
1,stride16-gcc13-auto-r10-stride16_scan-auto-warm-basic-229376,stride16-gcc13-auto,basic,cycles,548740765,250037692,250037692
1,stride16-gcc13-auto-r10-stride16_scan-auto-warm-basic-229376,stride16-gcc13-auto,basic,instructions,840477902,250036026,250036026
1,stride16-gcc13-auto-r10-stride16_scan-auto-warm-basic-229376,stride16-gcc13-auto,basic,ref_cycles,548743184,250033001,250033001
1,stride16-gcc13-auto-r10-stride16_scan-auto-warm-branch-8192,stride16-gcc13-auto,branch,cycles,548730637,250032268,250032268
1,stride16-gcc13-auto-r10-stride16_scan-auto-warm-branch-8192,stride16-gcc13-auto,branch,branches,321806759,250029754,250029754
1,stride16-gcc13-auto-r10-stride16_scan-auto-warm-branch-8192,stride16-gcc13-auto,branch,branch_misses,2050212,250026882,250026882
1,stride16-gcc13-auto-r10-stride16_scan-auto-warm-basic-7340032,stride16-gcc13-auto,basic,cycles,548829810,250083202,250083202
1,stride16-gcc13-auto-r10-stride16_scan-auto-warm-basic-7340032,stride16-gcc13-auto,basic,instructions,407252370,250084033,250084033
1,stride16-gcc13-auto-r10-stride16_scan-auto-warm-basic-7340032,stride16-gcc13-auto,basic,ref_cycles,548834066,250081439,250081439
1,stride16-gcc13-auto-r10-stride16_scan-auto-cache_evicted-basic-1048576,stride16-gcc13-auto,basic,cycles,548769420,250052873,250052873
1,stride16-gcc13-auto-r10-stride16_scan-auto-cache_evicted-basic-1048576,stride16-gcc13-auto,basic,instructions,561304878,250050820,250050820
1,stride16-gcc13-auto-r10-stride16_scan-auto-cache_evicted-basic-1048576,stride16-gcc13-auto,basic,ref_cycles,548771762,250047012,250047012
1,stride16-gcc13-auto-r10-stride16_scan-auto-warm-branch-4194304,stride16-gcc13-auto,branch,cycles,548830230,250082461,250082461
1,stride16-gcc13-auto-r10-stride16_scan-auto-warm-branch-4194304,stride16-gcc13-auto,branch,branches,109755942,250082729,250082729
1,stride16-gcc13-auto-r10-stride16_scan-auto-warm-branch-4194304,stride16-gcc13-auto,branch,branch_misses,1716,250079160,250079160
1,stride16-gcc13-auto-r10-stride16_scan-auto-warm-basic-49152,stride16-gcc13-auto,basic,cycles,548732167,250033221,250033221
1,stride16-gcc13-auto-r10-stride16_scan-auto-warm-basic-49152,stride16-gcc13-auto,basic,instructions,1030852619,250030658,250030658
1,stride16-gcc13-auto-r10-stride16_scan-auto-warm-basic-49152,stride16-gcc13-auto,basic,ref_cycles,548734186,250027355,250027355
1,stride16-gcc13-auto-r10-stride16_scan-auto-warm-basic-294912,stride16-gcc13-auto,basic,cycles,548748088,250040774,250040774
1,stride16-gcc13-auto-r10-stride16_scan-auto-warm-basic-294912,stride16-gcc13-auto,basic,instructions,675920886,250038860,250038860
1,stride16-gcc13-auto-r10-stride16_scan-auto-warm-basic-294912,stride16-gcc13-auto,basic,ref_cycles,548750466,250036083,250036083
1,stride16-gcc13-auto-r10-stride16_scan-auto-warm-basic-262144,stride16-gcc13-auto,basic,cycles,548740650,250037440,250037440
1,stride16-gcc13-auto-r10-stride16_scan-auto-warm-basic-262144,stride16-gcc13-auto,basic,instructions,807945652,250035248,250035248
1,stride16-gcc13-auto-r10-stride16_scan-auto-warm-basic-262144,stride16-gcc13-auto,basic,ref_cycles,548743030,250032078,250032078
1,stride16-gcc13-auto-r10-stride16_scan-auto-cache_evicted-branch-33554432,stride16-gcc13-auto,branch,cycles,553762357,252333830,252333830
1,stride16-gcc13-auto-r10-stride16_scan-auto-cache_evicted-branch-33554432,stride16-gcc13-auto,branch,branches,53480466,252332813,252332813
1,stride16-gcc13-auto-r10-stride16_scan-auto-cache_evicted-branch-33554432,stride16-gcc13-auto,branch,branch_misses,130,252329047,252329047
1,stride16-gcc13-auto-r10-stride16_scan-auto-warm-basic-36864,stride16-gcc13-auto,basic,cycles,548731517,250033469,250033469
1,stride16-gcc13-auto-r10-stride16_scan-auto-warm-basic-36864,stride16-gcc13-auto,basic,instructions,1029346670,250032118,250032118
1,stride16-gcc13-auto-r10-stride16_scan-auto-warm-basic-36864,stride16-gcc13-auto,basic,ref_cycles,548734274,250028846,250028846
1,stride16-gcc13-auto-r10-stride16_scan-auto-warm-basic-32768,stride16-gcc13-auto,basic,cycles,548730243,250031665,250031665
1,stride16-gcc13-auto-r10-stride16_scan-auto-warm-basic-32768,stride16-gcc13-auto,basic,instructions,1716642718,250028545,250028545
1,stride16-gcc13-auto-r10-stride16_scan-auto-warm-basic-32768,stride16-gcc13-auto,basic,ref_cycles,548731326,250024752,250024752
1,stride16-gcc13-auto-r10-stride16_scan-auto-cache_evicted-basic-8388608,stride16-gcc13-auto,basic,cycles,549393260,250340694,250340694
1,stride16-gcc13-auto-r10-stride16_scan-auto-cache_evicted-basic-8388608,stride16-gcc13-auto,basic,instructions,375610152,250339357,250339357
1,stride16-gcc13-auto-r10-stride16_scan-auto-cache_evicted-basic-8388608,stride16-gcc13-auto,basic,ref_cycles,549396342,250336301,250336301
1,stride16-gcc13-auto-r10-stride16_scan-auto-warm-branch-196608,stride16-gcc13-auto,branch,cycles,548730663,250032270,250032270
1,stride16-gcc13-auto-r10-stride16_scan-auto-warm-branch-196608,stride16-gcc13-auto,branch,branches,191744317,250029371,250029371
1,stride16-gcc13-auto-r10-stride16_scan-auto-warm-branch-196608,stride16-gcc13-auto,branch,branch_misses,64193,250025824,250025824
1,stride16-gcc13-auto-r10-stride16_scan-auto-warm-basic-24576,stride16-gcc13-auto,basic,cycles,548730753,250030823,250030823
1,stride16-gcc13-auto-r10-stride16_scan-auto-warm-basic-24576,stride16-gcc13-auto,basic,instructions,1810233179,250028386,250028386
1,stride16-gcc13-auto-r10-stride16_scan-auto-warm-basic-24576,stride16-gcc13-auto,basic,ref_cycles,548731766,250024967,250024967
1,stride16-gcc13-auto-r10-stride16_scan-auto-cache_evicted-branch-1048576,stride16-gcc13-auto,branch,cycles,548808500,250068263,250068263
1,stride16-gcc13-auto-r10-stride16_scan-auto-cache_evicted-branch-1048576,stride16-gcc13-auto,branch,branches,112330731,250065180,250065180
1,stride16-gcc13-auto-r10-stride16_scan-auto-cache_evicted-branch-1048576,stride16-gcc13-auto,branch,branch_misses,6893,250061455,250061455
1,stride16-gcc13-auto-r10-stride16_scan-auto-warm-branch-33554432,stride16-gcc13-auto,branch,cycles,548888869,250112912,250112912
1,stride16-gcc13-auto-r10-stride16_scan-auto-warm-branch-33554432,stride16-gcc13-auto,branch,branches,54529100,250112556,250112556
1,stride16-gcc13-auto-r10-stride16_scan-auto-warm-branch-33554432,stride16-gcc13-auto,branch,branch_misses,135,250108808,250108808
1,stride16-gcc13-auto-r10-stride16_scan-auto-warm-basic-8388608,stride16-gcc13-auto,basic,cycles,549264974,250281883,250281883
1,stride16-gcc13-auto-r10-stride16_scan-auto-warm-basic-8388608,stride16-gcc13-auto,basic,instructions,354633704,250281172,250281172
1,stride16-gcc13-auto-r10-stride16_scan-auto-warm-basic-8388608,stride16-gcc13-auto,basic,ref_cycles,549268302,250278463,250278463
1,stride16-gcc13-auto-r10-stride16_scan-auto-warm-basic-65536,stride16-gcc13-auto,basic,cycles,548732772,250034286,250034286
1,stride16-gcc13-auto-r10-stride16_scan-auto-warm-basic-65536,stride16-gcc13-auto,basic,instructions,1046262399,250032551,250032551
1,stride16-gcc13-auto-r10-stride16_scan-auto-warm-basic-65536,stride16-gcc13-auto,basic,ref_cycles,548735616,250029629,250029629
1,stride16-gcc13-auto-r10-stride16_scan-auto-cache_evicted-basic-6291456,stride16-gcc13-auto,basic,cycles,548808572,250073151,250073151
1,stride16-gcc13-auto-r10-stride16_scan-auto-cache_evicted-basic-6291456,stride16-gcc13-auto,basic,instructions,452340728,250073005,250073005
1,stride16-gcc13-auto-r10-stride16_scan-auto-cache_evicted-basic-6291456,stride16-gcc13-auto,basic,ref_cycles,548812132,250069673,250069673
1,stride16-gcc13-auto-r10-stride16_scan-auto-cache_evicted-basic-262144,stride16-gcc13-auto,basic,cycles,548730499,250033389,250033389
1,stride16-gcc13-auto-r10-stride16_scan-auto-cache_evicted-basic-262144,stride16-gcc13-auto,basic,instructions,723346238,250030012,250030012
1,stride16-gcc13-auto-r10-stride16_scan-auto-cache_evicted-basic-262144,stride16-gcc13-auto,basic,ref_cycles,548731656,250026285,250026285
1,stride16-gcc13-auto-r10-stride16_scan-auto-warm-branch-65536,stride16-gcc13-auto,branch,cycles,548731112,250033153,250033153
1,stride16-gcc13-auto-r10-stride16_scan-auto-warm-branch-65536,stride16-gcc13-auto,branch,branches,209989551,250031143,250031143
1,stride16-gcc13-auto-r10-stride16_scan-auto-warm-branch-65536,stride16-gcc13-auto,branch,branch_misses,199513,250027503,250027503
1,stride16-gcc13-auto-r10-stride16_scan-auto-warm-branch-32768,stride16-gcc13-auto,branch,cycles,548730215,250031441,250031441
1,stride16-gcc13-auto-r10-stride16_scan-auto-warm-branch-32768,stride16-gcc13-auto,branch,branches,344263356,250028287,250028287
1,stride16-gcc13-auto-r10-stride16_scan-auto-warm-branch-32768,stride16-gcc13-auto,branch,branch_misses,636569,250024514,250024514
1,stride16-gcc13-auto-r10-stride16_scan-auto-warm-branch-36864,stride16-gcc13-auto,branch,cycles,548732285,250033385,250033385
1,stride16-gcc13-auto-r10-stride16_scan-auto-warm-branch-36864,stride16-gcc13-auto,branch,branches,207870524,250032535,250032535
1,stride16-gcc13-auto-r10-stride16_scan-auto-warm-branch-36864,stride16-gcc13-auto,branch,branch_misses,343721,250029403,250029403
1,stride16-gcc13-auto-r10-stride16_scan-auto-warm-branch-1048576,stride16-gcc13-auto,branch,cycles,548775362,250053573,250053573
1,stride16-gcc13-auto-r10-stride16_scan-auto-warm-branch-1048576,stride16-gcc13-auto,branch,branches,112347120,250050984,250050984
1,stride16-gcc13-auto-r10-stride16_scan-auto-warm-branch-1048576,stride16-gcc13-auto,branch,branch_misses,6887,250046909,250046909
1,stride16-gcc13-auto-r11-stride16_scan-auto-warm-branch-36864,stride16-gcc13-auto,branch,cycles,548731008,250033334,250033334
1,stride16-gcc13-auto-r11-stride16_scan-auto-warm-branch-36864,stride16-gcc13-auto,branch,branches,207307872,250030200,250030200
1,stride16-gcc13-auto-r11-stride16_scan-auto-warm-branch-36864,stride16-gcc13-auto,branch,branch_misses,342788,250026351,250026351
1,stride16-gcc13-auto-r11-stride16_scan-auto-warm-basic-33554432,stride16-gcc13-auto,basic,cycles,551369906,251243781,251243781
1,stride16-gcc13-auto-r11-stride16_scan-auto-warm-basic-33554432,stride16-gcc13-auto,basic,instructions,267403224,251242009,251242009
1,stride16-gcc13-auto-r11-stride16_scan-auto-warm-basic-33554432,stride16-gcc13-auto,basic,ref_cycles,551373482,251238078,251238078
1,stride16-gcc13-auto-r11-stride16_scan-auto-warm-branch-131072,stride16-gcc13-auto,branch,cycles,548732585,250034792,250034792
1,stride16-gcc13-auto-r11-stride16_scan-auto-warm-branch-131072,stride16-gcc13-auto,branch,branches,215245971,250032860,250032860
1,stride16-gcc13-auto-r11-stride16_scan-auto-warm-branch-131072,stride16-gcc13-auto,branch,branch_misses,103871,250030160,250030160
1,stride16-gcc13-auto-r11-stride16_scan-auto-cache_evicted-branch-33554432,stride16-gcc13-auto,branch,cycles,549870272,250561314,250561314
1,stride16-gcc13-auto-r11-stride16_scan-auto-cache_evicted-branch-33554432,stride16-gcc13-auto,branch,branches,54529100,250559666,250559666
1,stride16-gcc13-auto-r11-stride16_scan-auto-cache_evicted-branch-33554432,stride16-gcc13-auto,branch,branch_misses,133,250555277,250555277
1,stride16-gcc13-auto-r11-stride16_scan-auto-warm-basic-24576,stride16-gcc13-auto,basic,cycles,548730275,250030510,250030510
1,stride16-gcc13-auto-r11-stride16_scan-auto-warm-basic-24576,stride16-gcc13-auto,basic,instructions,1824695226,250027307,250027307
1,stride16-gcc13-auto-r11-stride16_scan-auto-warm-basic-24576,stride16-gcc13-auto,basic,ref_cycles,548731304,250023936,250023936
1,stride16-gcc13-auto-r11-stride16_scan-auto-warm-basic-5242880,stride16-gcc13-auto,basic,cycles,548998318,250159743,250159743
1,stride16-gcc13-auto-r11-stride16_scan-auto-warm-basic-5242880,stride16-gcc13-auto,basic,instructions,499081033,250159511,250159511
1,stride16-gcc13-auto-r11-stride16_scan-auto-warm-basic-5242880,stride16-gcc13-auto,basic,ref_cycles,549001640,250156423,250156423
1,stride16-gcc13-auto-r11-stride16_scan-auto-warm-branch-32768,stride16-gcc13-auto,branch,cycles,548731249,250033661,250033661
1,stride16-gcc13-auto-r11-stride16_scan-auto-warm-branch-32768,stride16-gcc13-auto,branch,branches,340650471,250031304,250031304
1,stride16-gcc13-auto-r11-stride16_scan-auto-warm-branch-32768,stride16-gcc13-auto,branch,branch_misses,629881,250027734,250027734
1,stride16-gcc13-auto-r11-stride16_scan-auto-warm-basic-12582912,stride16-gcc13-auto,basic,cycles,549851890,250549666,250549666
1,stride16-gcc13-auto-r11-stride16_scan-auto-warm-basic-12582912,stride16-gcc13-auto,basic,instructions,303807576,250548294,250548294
1,stride16-gcc13-auto-r11-stride16_scan-auto-warm-basic-12582912,stride16-gcc13-auto,basic,ref_cycles,549855328,250545306,250545306
1,stride16-gcc13-auto-r11-stride16_scan-auto-warm-basic-16384,stride16-gcc13-auto,basic,cycles,548730942,250032680,250032680
1,stride16-gcc13-auto-r11-stride16_scan-auto-warm-basic-16384,stride16-gcc13-auto,basic,instructions,1690048594,250031001,250031001
1,stride16-gcc13-auto-r11-stride16_scan-auto-warm-basic-16384,stride16-gcc13-auto,basic,ref_cycles,548732888,250028193,250028193
1,stride16-gcc13-auto-r11-stride16_scan-auto-cache_evicted-branch-1048576,stride16-gcc13-auto,branch,cycles,548737637,250038258,250038258
1,stride16-gcc13-auto-r11-stride16_scan-auto-cache_evicted-branch-1048576,stride16-gcc13-auto,branch,branches,112281465,250036878,250036878
1,stride16-gcc13-auto-r11-stride16_scan-auto-cache_evicted-branch-1048576,stride16-gcc13-auto,branch,branch_misses,6884,250033593,250033593
1,stride16-gcc13-auto-r11-stride16_scan-auto-cache_evicted-branch-6291456,stride16-gcc13-auto,branch,cycles,548825910,250082028,250082028
1,stride16-gcc13-auto-r11-stride16_scan-auto-cache_evicted-branch-6291456,stride16-gcc13-auto,branch,branches,76503206,250081203,250081203
1,stride16-gcc13-auto-r11-stride16_scan-auto-cache_evicted-branch-6291456,stride16-gcc13-auto,branch,branch_misses,822,250077716,250077716
1,stride16-gcc13-auto-r11-stride16_scan-auto-cache_evicted-basic-262144,stride16-gcc13-auto,basic,cycles,548736074,250034370,250034370
1,stride16-gcc13-auto-r11-stride16_scan-auto-cache_evicted-basic-262144,stride16-gcc13-auto,basic,instructions,662310893,250031424,250031424
1,stride16-gcc13-auto-r11-stride16_scan-auto-cache_evicted-basic-262144,stride16-gcc13-auto,basic,ref_cycles,548737046,250027878,250027878
1,stride16-gcc13-auto-r11-stride16_scan-auto-cache_evicted-basic-536870912,stride16-gcc13-auto,basic,cycles,595609850,271397242,271397242
1,stride16-gcc13-auto-r11-stride16_scan-auto-cache_evicted-basic-536870912,stride16-gcc13-auto,basic,instructions,293602988,271395782,271395782
1,stride16-gcc13-auto-r11-stride16_scan-auto-cache_evicted-basic-536870912,stride16-gcc13-auto,basic,ref_cycles,595613414,271392247,271392247
1,stride16-gcc13-auto-r11-stride16_scan-auto-warm-basic-8388608,stride16-gcc13-auto,basic,cycles,549199854,250255628,250255628
1,stride16-gcc13-auto-r11-stride16_scan-auto-warm-basic-8388608,stride16-gcc13-auto,basic,instructions,390031466,250253995,250253995
1,stride16-gcc13-auto-r11-stride16_scan-auto-warm-basic-8388608,stride16-gcc13-auto,basic,ref_cycles,549203270,250249977,250249977
1,stride16-gcc13-auto-r11-stride16_scan-auto-warm-branch-28672,stride16-gcc13-auto,branch,cycles,548731594,250034362,250034362
1,stride16-gcc13-auto-r11-stride16_scan-auto-warm-branch-28672,stride16-gcc13-auto,branch,branches,351846837,250032670,250032670
1,stride16-gcc13-auto-r11-stride16_scan-auto-warm-branch-28672,stride16-gcc13-auto,branch,branch_misses,737858,250029460,250029460
1,stride16-gcc13-auto-r11-stride16_scan-auto-warm-branch-536870912,stride16-gcc13-auto,branch,cycles,595599569,271393793,271393793
1,stride16-gcc13-auto-r11-stride16_scan-auto-warm-branch-536870912,stride16-gcc13-auto,branch,branches,58720591,271393389,271393389
1,stride16-gcc13-auto-r11-stride16_scan-auto-warm-branch-536870912,stride16-gcc13-auto,branch,branch_misses,40,271389785,271389785
1,stride16-gcc13-auto-r11-stride16_scan-auto-warm-basic-28672,stride16-gcc13-auto,basic,cycles,548731376,250033556,250033556
1,stride16-gcc13-auto-r11-stride16_scan-auto-warm-basic-28672,stride16-gcc13-auto,basic,instructions,1763365227,250031483,250031483
1,stride16-gcc13-auto-r11-stride16_scan-auto-warm-basic-28672,stride16-gcc13-auto,basic,ref_cycles,548733834,250028089,250028089
1,stride16-gcc13-auto-r11-stride16_scan-auto-warm-basic-134217728,stride16-gcc13-auto,basic,cycles,569104762,259321609,259321609
1,stride16-gcc13-auto-r11-stride16_scan-auto-warm-basic-134217728,stride16-gcc13-auto,basic,instructions,283120308,259320084,259320084
1,stride16-gcc13-auto-r11-stride16_scan-auto-warm-basic-134217728,stride16-gcc13-auto,basic,ref_cycles,569108100,259316475,259316475
1,stride16-gcc13-auto-r11-stride16_scan-auto-warm-branch-8192,stride16-gcc13-auto,branch,cycles,548731205,250033935,250033935
1,stride16-gcc13-auto-r11-stride16_scan-auto-warm-branch-8192,stride16-gcc13-auto,branch,branches,321645535,250032629,250032629
1,stride16-gcc13-auto-r11-stride16_scan-auto-warm-branch-8192,stride16-gcc13-auto,branch,branch_misses,2049219,250029138,250029138
1,stride16-gcc13-auto-r11-stride16_scan-auto-warm-basic-2097152,stride16-gcc13-auto,basic,cycles,548859271,250091769,250091769
1,stride16-gcc13-auto-r11-stride16_scan-auto-warm-basic-2097152,stride16-gcc13-auto,basic,instructions,562008075,250089946,250089946
1,stride16-gcc13-auto-r11-stride16_scan-auto-warm-basic-2097152,stride16-gcc13-auto,basic,ref_cycles,548861434,250086632,250086632
1,stride16-gcc13-auto-r11-stride16_scan-auto-warm-branch-229376,stride16-gcc13-auto,branch,cycles,548736651,250036813,250036813
1,stride16-gcc13-auto-r11-stride16_scan-auto-warm-branch-229376,stride16-gcc13-auto,branch,branches,218366279,250034634,250034634
1,stride16-gcc13-auto-r11-stride16_scan-auto-warm-branch-229376,stride16-gcc13-auto,branch,branch_misses,60500,250031085,250031085
1,stride16-gcc13-auto-r11-stride16_scan-auto-warm-basic-4194304,stride16-gcc13-auto,basic,cycles,548933285,250129132,250129132
1,stride16-gcc13-auto-r11-stride16_scan-auto-warm-basic-4194304,stride16-gcc13-auto,basic,instructions,546499979,250128062,250128062
1,stride16-gcc13-auto-r11-stride16_scan-auto-warm-basic-4194304,stride16-gcc13-auto,basic,ref_cycles,548936674,250124321,250124321
1,stride16-gcc13-auto-r11-stride16_scan-auto-warm-basic-536870912,stride16-gcc13-auto,basic,cycles,596092951,271615716,271615716
1,stride16-gcc13-auto-r11-stride16_scan-auto-warm-basic-536870912,stride16-gcc13-auto,basic,instructions,293602988,271615542,271615542
1,stride16-gcc13-auto-r11-stride16_scan-auto-warm-basic-536870912,stride16-gcc13-auto,basic,ref_cycles,596096468,271612174,271612174
1,stride16-gcc13-auto-r11-stride16_scan-auto-warm-branch-4194304,stride16-gcc13-auto,branch,cycles,548806150,250069826,250069826
1,stride16-gcc13-auto-r11-stride16_scan-auto-warm-branch-4194304,stride16-gcc13-auto,branch,branches,112050717,250069384,250069384
1,stride16-gcc13-auto-r11-stride16_scan-auto-warm-branch-4194304,stride16-gcc13-auto,branch,branch_misses,1748,250065496,250065496
1,stride16-gcc13-auto-r11-stride16_scan-auto-warm-branch-8388608,stride16-gcc13-auto,branch,cycles,549579871,250427704,250427704
1,stride16-gcc13-auto-r11-stride16_scan-auto-warm-branch-8388608,stride16-gcc13-auto,branch,branches,77480823,250427636,250427636
1,stride16-gcc13-auto-r11-stride16_scan-auto-warm-branch-8388608,stride16-gcc13-auto,branch,branch_misses,636,250424087,250424087
1,stride16-gcc13-auto-r11-stride16_scan-auto-warm-basic-196608,stride16-gcc13-auto,basic,cycles,548733406,250034355,250034355
1,stride16-gcc13-auto-r11-stride16_scan-auto-warm-basic-196608,stride16-gcc13-auto,basic,instructions,956128596,250033208,250033208
1,stride16-gcc13-auto-r11-stride16_scan-auto-warm-basic-196608,stride16-gcc13-auto,basic,ref_cycles,548736452,250030243,250030243
1,stride16-gcc13-auto-r11-stride16_scan-auto-warm-basic-8192,stride16-gcc13-auto,basic,cycles,548731299,250033192,250033192
1,stride16-gcc13-auto-r11-stride16_scan-auto-warm-basic-8192,stride16-gcc13-auto,basic,instructions,1635158605,250031942,250031942
1,stride16-gcc13-auto-r11-stride16_scan-auto-warm-basic-8192,stride16-gcc13-auto,basic,ref_cycles,548733900,250029258,250029258
1,stride16-gcc13-auto-r11-stride16_scan-auto-cache_evicted-branch-262144,stride16-gcc13-auto,branch,cycles,548733470,250035975,250035975
1,stride16-gcc13-auto-r11-stride16_scan-auto-cache_evicted-branch-262144,stride16-gcc13-auto,branch,branches,151383526,250034121,250034121
1,stride16-gcc13-auto-r11-stride16_scan-auto-cache_evicted-branch-262144,stride16-gcc13-auto,branch,branch_misses,47490,250030614,250030614
1,stride16-gcc13-auto-r11-stride16_scan-auto-warm-branch-98304,stride16-gcc13-auto,branch,cycles,548733209,250035118,250035118
1,stride16-gcc13-auto-r11-stride16_scan-auto-warm-branch-98304,stride16-gcc13-auto,branch,branches,210062364,250033122,250033122
1,stride16-gcc13-auto-r11-stride16_scan-auto-warm-branch-98304,stride16-gcc13-auto,branch,branch_misses,134299,250029699,250029699
1,stride16-gcc13-auto-r11-stride16_scan-auto-warm-branch-33554432,stride16-gcc13-auto,branch,cycles,552430820,251725922,251725922
1,stride16-gcc13-auto-r11-stride16_scan-auto-warm-branch-33554432,stride16-gcc13-auto,branch,branches,55577735,251725229,251725229
1,stride16-gcc13-auto-r11-stride16_scan-auto-warm-branch-33554432,stride16-gcc13-auto,branch,branch_misses,136,251721403,251721403
1,stride16-gcc13-auto-r11-stride16_scan-auto-warm-basic-294912,stride16-gcc13-auto,basic,cycles,548736379,250034749,250034749
1,stride16-gcc13-auto-r11-stride16_scan-auto-warm-basic-294912,stride16-gcc13-auto,basic,instructions,663140312,250031660,250031660
1,stride16-gcc13-auto-r11-stride16_scan-auto-warm-basic-294912,stride16-gcc13-auto,basic,ref_cycles,548737618,250028398,250028398
1,stride16-gcc13-auto-r11-stride16_scan-auto-warm-branch-7340032,stride16-gcc13-auto,branch,cycles,549417850,250354218,250354218
1,stride16-gcc13-auto-r11-stride16_scan-auto-warm-branch-7340032,stride16-gcc13-auto,branch,branches,85120146,250354118,250354118
1,stride16-gcc13-auto-r11-stride16_scan-auto-warm-branch-7340032,stride16-gcc13-auto,branch,branch_misses,785,250350923,250350923
1,stride16-gcc13-auto-r11-stride16_scan-auto-warm-branch-524288,stride16-gcc13-auto,branch,cycles,548769835,250051073,250051073
1,stride16-gcc13-auto-r11-stride16_scan-auto-warm-branch-524288,stride16-gcc13-auto,branch,branches,112249714,250047366,250047366
1,stride16-gcc13-auto-r11-stride16_scan-auto-warm-branch-524288,stride16-gcc13-auto,branch,branch_misses,13714,250043770,250043770
1,stride16-gcc13-auto-r11-stride16_scan-auto-warm-basic-65536,stride16-gcc13-auto,basic,cycles,548732259,250033047,250033047
1,stride16-gcc13-auto-r11-stride16_scan-auto-warm-basic-65536,stride16-gcc13-auto,basic,instructions,1042104043,250031800,250031800
1,stride16-gcc13-auto-r11-stride16_scan-auto-warm-basic-65536,stride16-gcc13-auto,basic,ref_cycles,548734560,250029443,250029443
1,stride16-gcc13-auto-r11-stride16_scan-auto-cache_evicted-basic-6291456,stride16-gcc13-auto,basic,cycles,548848107,250093242,250093242
1,stride16-gcc13-auto-r11-stride16_scan-auto-cache_evicted-basic-6291456,stride16-gcc13-auto,basic,instructions,442998938,250090305,250090305
1,stride16-gcc13-auto-r11-stride16_scan-auto-cache_evicted-basic-6291456,stride16-gcc13-auto,basic,ref_cycles,548851358,250087123,250087123
1,stride16-gcc13-auto-r11-stride16_scan-auto-cache_evicted-branch-32768,stride16-gcc13-auto,branch,cycles,548731335,250033941,250033941
1,stride16-gcc13-auto-r11-stride16_scan-auto-cache_evicted-branch-32768,stride16-gcc13-auto,branch,branches,346808715,250030532,250030532
1,stride16-gcc13-auto-r11-stride16_scan-auto-cache_evicted-branch-32768,stride16-gcc13-auto,branch,branch_misses,641275,250026205,250026205
1,stride16-gcc13-auto-r11-stride16_scan-auto-cache_evicted-basic-32768,stride16-gcc13-auto,basic,cycles,548730467,250031833,250031833
1,stride16-gcc13-auto-r11-stride16_scan-auto-cache_evicted-basic-32768,stride16-gcc13-auto,basic,instructions,1742737530,250028849,250028849
1,stride16-gcc13-auto-r11-stride16_scan-auto-cache_evicted-basic-32768,stride16-gcc13-auto,basic,ref_cycles,548731744,250025374,250025374
1,stride16-gcc13-auto-r11-stride16_scan-auto-warm-basic-36864,stride16-gcc13-auto,basic,cycles,548731094,250031703,250031703
1,stride16-gcc13-auto-r11-stride16_scan-auto-warm-basic-36864,stride16-gcc13-auto,basic,instructions,1028261908,250028039,250028039
1,stride16-gcc13-auto-r11-stride16_scan-auto-warm-basic-36864,stride16-gcc13-auto,basic,ref_cycles,548731920,250024749,250024749
1,stride16-gcc13-auto-r11-stride16_scan-auto-warm-basic-229376,stride16-gcc13-auto,basic,cycles,548736361,250035154,250035154
1,stride16-gcc13-auto-r11-stride16_scan-auto-warm-basic-229376,stride16-gcc13-auto,basic,instructions,830410650,250034121,250034121
1,stride16-gcc13-auto-r11-stride16_scan-auto-warm-basic-229376,stride16-gcc13-auto,basic,ref_cycles,548738674,250030863,250030863
1,stride16-gcc13-auto-r11-stride16_scan-auto-warm-branch-2097152,stride16-gcc13-auto,branch,cycles,548861001,250093194,250093194
1,stride16-gcc13-auto-r11-stride16_scan-auto-warm-branch-2097152,stride16-gcc13-auto,branch,branches,112362660,250090691,250090691
1,stride16-gcc13-auto-r11-stride16_scan-auto-warm-branch-2097152,stride16-gcc13-auto,branch,branch_misses,3472,250086997,250086997
1,stride16-gcc13-auto-r11-stride16_scan-auto-cache_evicted-basic-33554432,stride16-gcc13-auto,basic,cycles,552705469,251850861,251850861
1,stride16-gcc13-auto-r11-stride16_scan-auto-cache_evicted-basic-33554432,stride16-gcc13-auto,basic,instructions,277889594,251850392,251850392
1,stride16-gcc13-auto-r11-stride16_scan-auto-cache_evicted-basic-33554432,stride16-gcc13-auto,basic,ref_cycles,552708882,251847300,251847300
1,stride16-gcc13-auto-r11-stride16_scan-auto-warm-branch-294912,stride16-gcc13-auto,branch,cycles,548735711,250034699,250034699
1,stride16-gcc13-auto-r11-stride16_scan-auto-warm-branch-294912,stride16-gcc13-auto,branch,branches,122801880,250032111,250032111
1,stride16-gcc13-auto-r11-stride16_scan-auto-warm-branch-294912,stride16-gcc13-auto,branch,branch_misses,26539,250028441,250028441
1,stride16-gcc13-auto-r11-stride16_scan-auto-warm-branch-65536,stride16-gcc13-auto,branch,cycles,548733786,250034480,250034480
1,stride16-gcc13-auto-r11-stride16_scan-auto-warm-branch-65536,stride16-gcc13-auto,branch,branches,207095861,250033439,250033439
1,stride16-gcc13-auto-r11-stride16_scan-auto-warm-branch-65536,stride16-gcc13-auto,branch,branch_misses,196767,250030003,250030003
1,stride16-gcc13-auto-r11-stride16_scan-auto-warm-branch-5242880,stride16-gcc13-auto,branch,cycles,548990810,250157312,250157312
1,stride16-gcc13-auto-r11-stride16_scan-auto-warm-branch-5242880,stride16-gcc13-auto,branch,branches,109975690,250156705,250156705
1,stride16-gcc13-auto-r11-stride16_scan-auto-warm-branch-5242880,stride16-gcc13-auto,branch,branch_misses,1387,250152933,250152933
1,stride16-gcc13-auto-r11-stride16_scan-auto-warm-branch-49152,stride16-gcc13-auto,branch,cycles,548730411,250032019,250032019
1,stride16-gcc13-auto-r11-stride16_scan-auto-warm-branch-49152,stride16-gcc13-auto,branch,branches,208268142,250029170,250029170
1,stride16-gcc13-auto-r11-stride16_scan-auto-warm-branch-49152,stride16-gcc13-auto,branch,branch_misses,261430,250025293,250025293
1,stride16-gcc13-auto-r11-stride16_scan-auto-cache_evicted-branch-536870912,stride16-gcc13-auto,branch,cycles,595562671,271376833,271376833
1,stride16-gcc13-auto-r11-stride16_scan-auto-cache_evicted-branch-536870912,stride16-gcc13-auto,branch,branches,58720591,271376324,271376324
1,stride16-gcc13-auto-r11-stride16_scan-auto-cache_evicted-branch-536870912,stride16-gcc13-auto,branch,branch_misses,43,271372906,271372906
1,stride16-gcc13-auto-r11-stride16_scan-auto-warm-basic-49152,stride16-gcc13-auto,basic,cycles,548731561,250032121,250032121
1,stride16-gcc13-auto-r11-stride16_scan-auto-warm-basic-49152,stride16-gcc13-auto,basic,instructions,1044903395,250029543,250029543
1,stride16-gcc13-auto-r11-stride16_scan-auto-warm-basic-49152,stride16-gcc13-auto,basic,ref_cycles,548733174,250026369,250026369
1,stride16-gcc13-auto-r11-stride16_scan-auto-warm-branch-393216,stride16-gcc13-auto,branch,cycles,548744010,250040035,250040035
1,stride16-gcc13-auto-r11-stride16_scan-auto-warm-branch-393216,stride16-gcc13-auto,branch,branches,112138866,250038463,250038463
1,stride16-gcc13-auto-r11-stride16_scan-auto-warm-branch-393216,stride16-gcc13-auto,branch,branch_misses,19379,250034842,250034842
1,stride16-gcc13-auto-r11-stride16_scan-auto-warm-branch-262144,stride16-gcc13-auto,branch,cycles,548735315,250036437,250036437
1,stride16-gcc13-auto-r11-stride16_scan-auto-warm-branch-262144,stride16-gcc13-auto,branch,branches,154349428,250034298,250034298
1,stride16-gcc13-auto-r11-stride16_scan-auto-warm-branch-262144,stride16-gcc13-auto,branch,branch_misses,37474,250030814,250030814
1,stride16-gcc13-auto-r11-stride16_scan-auto-warm-branch-24576,stride16-gcc13-auto,branch,cycles,548730740,250032583,250032583
1,stride16-gcc13-auto-r11-stride16_scan-auto-warm-branch-24576,stride16-gcc13-auto,branch,branches,349673105,250029027,250029027
1,stride16-gcc13-auto-r11-stride16_scan-auto-warm-branch-24576,stride16-gcc13-auto,branch,branch_misses,846942,250025165,250025165
1,stride16-gcc13-auto-r11-stride16_scan-auto-warm-branch-12582912,stride16-gcc13-auto,branch,cycles,549208292,250259176,250259176
1,stride16-gcc13-auto-r11-stride16_scan-auto-warm-branch-12582912,stride16-gcc13-auto,branch,branches,61547513,250258496,250258496
1,stride16-gcc13-auto-r11-stride16_scan-auto-warm-branch-12582912,stride16-gcc13-auto,branch,branch_misses,351,250254441,250254441
1,stride16-gcc13-auto-r11-stride16_scan-auto-warm-basic-524288,stride16-gcc13-auto,basic,cycles,548763436,250046464,250046464
1,stride16-gcc13-auto-r11-stride16_scan-auto-warm-basic-524288,stride16-gcc13-auto,basic,instructions,561371207,250043335,250043335
1,stride16-gcc13-auto-r11-stride16_scan-auto-warm-basic-524288,stride16-gcc13-auto,basic,ref_cycles,548764634,250039914,250039914
1,stride16-gcc13-auto-r11-stride16_scan-auto-warm-basic-98304,stride16-gcc13-auto,basic,cycles,548731977,250032010,250032010
1,stride16-gcc13-auto-r11-stride16_scan-auto-warm-basic-98304,stride16-gcc13-auto,basic,instructions,1055303359,250029134,250029134
1,stride16-gcc13-auto-r11-stride16_scan-auto-warm-basic-98304,stride16-gcc13-auto,basic,ref_cycles,548733064,250025726,250025726
1,stride16-gcc13-auto-r11-stride16_scan-auto-warm-branch-1048576,stride16-gcc13-auto,branch,cycles,548759341,250046677,250046677
1,stride16-gcc13-auto-r11-stride16_scan-auto-warm-branch-1048576,stride16-gcc13-auto,branch,branches,112330717,250044138,250044138
1,stride16-gcc13-auto-r11-stride16_scan-auto-warm-branch-1048576,stride16-gcc13-auto,branch,branch_misses,6896,250040427,250040427
1,stride16-gcc13-auto-r11-stride16_scan-auto-warm-branch-134217728,stride16-gcc13-auto,branch,cycles,552713299,251854627,251854627
1,stride16-gcc13-auto-r11-stride16_scan-auto-warm-branch-134217728,stride16-gcc13-auto,branch,branches,54526838,251853993,251853993
1,stride16-gcc13-auto-r11-stride16_scan-auto-warm-branch-134217728,stride16-gcc13-auto,branch,branch_misses,57,251850287,251850287
1,stride16-gcc13-auto-r11-stride16_scan-auto-warm-basic-6291456,stride16-gcc13-auto,basic,cycles,549156241,250231966,250231966
1,stride16-gcc13-auto-r11-stride16_scan-auto-warm-basic-6291456,stride16-gcc13-auto,basic,instructions,456765817,250231235,250231235
1,stride16-gcc13-auto-r11-stride16_scan-auto-warm-basic-6291456,stride16-gcc13-auto,basic,ref_cycles,549159512,250227830,250227830
1,stride16-gcc13-auto-r11-stride16_scan-auto-cache_evicted-branch-8388608,stride16-gcc13-auto,branch,cycles,549601918,250438186,250438186
1,stride16-gcc13-auto-r11-stride16_scan-auto-cache_evicted-branch-8388608,stride16-gcc13-auto,branch,branches,72367888,250437213,250437213
1,stride16-gcc13-auto-r11-stride16_scan-auto-cache_evicted-branch-8388608,stride16-gcc13-auto,branch,branch_misses,606,250433352,250433352
1,stride16-gcc13-auto-r11-stride16_scan-auto-warm-basic-32768,stride16-gcc13-auto,basic,cycles,548731390,250032434,250032434
1,stride16-gcc13-auto-r11-stride16_scan-auto-warm-basic-32768,stride16-gcc13-auto,basic,instructions,1700350069,250030531,250030531
1,stride16-gcc13-auto-r11-stride16_scan-auto-warm-basic-32768,stride16-gcc13-auto,basic,ref_cycles,548733328,250027248,250027248
1,stride16-gcc13-auto-r11-stride16_scan-auto-warm-branch-196608,stride16-gcc13-auto,branch,cycles,548736800,250035608,250035608
1,stride16-gcc13-auto-r11-stride16_scan-auto-warm-branch-196608,stride16-gcc13-auto,branch,branches,186413680,250032009,250032009
1,stride16-gcc13-auto-r11-stride16_scan-auto-warm-branch-196608,stride16-gcc13-auto,branch,branch_misses,60165,250028220,250028220
1,stride16-gcc13-auto-r11-stride16_scan-auto-warm-basic-1048576,stride16-gcc13-auto,basic,cycles,548735269,250035249,250035249
1,stride16-gcc13-auto-r11-stride16_scan-auto-warm-basic-1048576,stride16-gcc13-auto,basic,instructions,561715093,250033062,250033062
1,stride16-gcc13-auto-r11-stride16_scan-auto-warm-basic-1048576,stride16-gcc13-auto,basic,ref_cycles,548737464,250030534,250030534
1,stride16-gcc13-auto-r11-stride16_scan-auto-cache_evicted-basic-8388608,stride16-gcc13-auto,basic,cycles,549215333,250260459,250260459
1,stride16-gcc13-auto-r11-stride16_scan-auto-cache_evicted-basic-8388608,stride16-gcc13-auto,basic,instructions,384787372,250260189,250260189
1,stride16-gcc13-auto-r11-stride16_scan-auto-cache_evicted-basic-8388608,stride16-gcc13-auto,basic,ref_cycles,549219154,250256797,250256797
1,stride16-gcc13-auto-r11-stride16_scan-auto-warm-basic-7340032,stride16-gcc13-auto,basic,cycles,548840259,250087795,250087795
1,stride16-gcc13-auto-r11-stride16_scan-auto-warm-basic-7340032,stride16-gcc13-auto,basic,instructions,422739408,250088424,250088424
1,stride16-gcc13-auto-r11-stride16_scan-auto-warm-basic-7340032,stride16-gcc13-auto,basic,ref_cycles,548844318,250084709,250084709
1,stride16-gcc13-auto-r11-stride16_scan-auto-warm-basic-131072,stride16-gcc13-auto,basic,cycles,548735857,250034262,250034262
1,stride16-gcc13-auto-r11-stride16_scan-auto-warm-basic-131072,stride16-gcc13-auto,basic,instructions,1091183712,250031849,250031849
1,stride16-gcc13-auto-r11-stride16_scan-auto-warm-basic-131072,stride16-gcc13-auto,basic,ref_cycles,548736914,250028612,250028612
1,stride16-gcc13-auto-r11-stride16_scan-auto-warm-basic-262144,stride16-gcc13-auto,basic,cycles,548736278,250034552,250034552
1,stride16-gcc13-auto-r11-stride16_scan-auto-warm-basic-262144,stride16-gcc13-auto,basic,instructions,833139718,250031876,250031876
1,stride16-gcc13-auto-r11-stride16_scan-auto-warm-basic-262144,stride16-gcc13-auto,basic,ref_cycles,548737574,250028850,250028850
1,stride16-gcc13-auto-r11-stride16_scan-auto-warm-branch-6291456,stride16-gcc13-auto,branch,cycles,549299593,250298598,250298598
1,stride16-gcc13-auto-r11-stride16_scan-auto-warm-branch-6291456,stride16-gcc13-auto,branch,branches,87614840,250298255,250298255
1,stride16-gcc13-auto-r11-stride16_scan-auto-warm-branch-6291456,stride16-gcc13-auto,branch,branch_misses,935,250294531,250294531
1,stride16-gcc13-auto-r11-stride16_scan-auto-cache_evicted-basic-1048576,stride16-gcc13-auto,basic,cycles,548739382,250039739,250039739
1,stride16-gcc13-auto-r11-stride16_scan-auto-cache_evicted-basic-1048576,stride16-gcc13-auto,basic,instructions,561633019,250038198,250038198
1,stride16-gcc13-auto-r11-stride16_scan-auto-cache_evicted-basic-1048576,stride16-gcc13-auto,basic,ref_cycles,548742106,250034797,250034797
1,stride16-gcc13-auto-r11-stride16_scan-auto-warm-branch-16384,stride16-gcc13-auto,branch,cycles,548731387,250034124,250034124
1,stride16-gcc13-auto-r11-stride16_scan-auto-warm-branch-16384,stride16-gcc13-auto,branch,branches,350725678,250032675,250032675
1,stride16-gcc13-auto-r11-stride16_scan-auto-warm-branch-16384,stride16-gcc13-auto,branch,branch_misses,1230953,250029241,250029241
1,stride16-gcc13-auto-r11-stride16_scan-auto-warm-basic-393216,stride16-gcc13-auto,basic,cycles,548576513,250019147,250019147
1,stride16-gcc13-auto-r11-stride16_scan-auto-warm-basic-393216,stride16-gcc13-auto,basic,instructions,560734260,250019443,250019443
1,stride16-gcc13-auto-r11-stride16_scan-auto-warm-basic-393216,stride16-gcc13-auto,basic,ref_cycles,548582936,250017108,250017108
1,stride16-gcc13-auto-r12-stride16_scan-auto-cache_evicted-branch-32768,stride16-gcc13-auto,branch,cycles,548731413,250035497,250035497
1,stride16-gcc13-auto-r12-stride16_scan-auto-cache_evicted-branch-32768,stride16-gcc13-auto,branch,branches,345257588,250033471,250033471
1,stride16-gcc13-auto-r12-stride16_scan-auto-cache_evicted-branch-32768,stride16-gcc13-auto,branch,branch_misses,638391,250029984,250029984
1,stride16-gcc13-auto-r12-stride16_scan-auto-cache_evicted-branch-536870912,stride16-gcc13-auto,branch,cycles,599121663,272997102,272997102
1,stride16-gcc13-auto-r12-stride16_scan-auto-cache_evicted-branch-536870912,stride16-gcc13-auto,branch,branches,58720591,272996268,272996268
1,stride16-gcc13-auto-r12-stride16_scan-auto-cache_evicted-branch-536870912,stride16-gcc13-auto,branch,branch_misses,48,272992699,272992699
1,stride16-gcc13-auto-r12-stride16_scan-auto-cache_evicted-basic-536870912,stride16-gcc13-auto,basic,cycles,595684505,271430953,271430953
1,stride16-gcc13-auto-r12-stride16_scan-auto-cache_evicted-basic-536870912,stride16-gcc13-auto,basic,instructions,293602988,271429451,271429451
1,stride16-gcc13-auto-r12-stride16_scan-auto-cache_evicted-basic-536870912,stride16-gcc13-auto,basic,ref_cycles,595688214,271425976,271425976
1,stride16-gcc13-auto-r12-stride16_scan-auto-warm-branch-12582912,stride16-gcc13-auto,branch,cycles,548769558,250058113,250058113
1,stride16-gcc13-auto-r12-stride16_scan-auto-warm-branch-12582912,stride16-gcc13-auto,branch,branches,61350876,250057291,250057291
1,stride16-gcc13-auto-r12-stride16_scan-auto-warm-branch-12582912,stride16-gcc13-auto,branch,branch_misses,346,250053469,250053469
1,stride16-gcc13-auto-r12-stride16_scan-auto-warm-basic-229376,stride16-gcc13-auto,basic,cycles,548738085,250036075,250036075
1,stride16-gcc13-auto-r12-stride16_scan-auto-warm-basic-229376,stride16-gcc13-auto,basic,instructions,949861702,250034175,250034175
1,stride16-gcc13-auto-r12-stride16_scan-auto-warm-basic-229376,stride16-gcc13-auto,basic,ref_cycles,548739994,250031065,250031065
1,stride16-gcc13-auto-r12-stride16_scan-auto-warm-basic-8388608,stride16-gcc13-auto,basic,cycles,548997406,250159569,250159569
1,stride16-gcc13-auto-r12-stride16_scan-auto-warm-basic-8388608,stride16-gcc13-auto,basic,instructions,380854282,250158797,250158797
1,stride16-gcc13-auto-r12-stride16_scan-auto-warm-basic-8388608,stride16-gcc13-auto,basic,ref_cycles,549000782,250155342,250155342
1,stride16-gcc13-auto-r12-stride16_scan-auto-warm-branch-134217728,stride16-gcc13-auto,branch,cycles,564192411,257084489,257084489
1,stride16-gcc13-auto-r12-stride16_scan-auto-warm-branch-134217728,stride16-gcc13-auto,branch,branches,52429657,257084117,257084117
1,stride16-gcc13-auto-r12-stride16_scan-auto-warm-branch-134217728,stride16-gcc13-auto,branch,branch_misses,71,257080002,257080002
1,stride16-gcc13-auto-r12-stride16_scan-auto-warm-branch-196608,stride16-gcc13-auto,branch,cycles,548736817,250036895,250036895
1,stride16-gcc13-auto-r12-stride16_scan-auto-warm-branch-196608,stride16-gcc13-auto,branch,branches,228528368,250034665,250034665
1,stride16-gcc13-auto-r12-stride16_scan-auto-warm-branch-196608,stride16-gcc13-auto,branch,branch_misses,73927,250031068,250031068
1,stride16-gcc13-auto-r12-stride16_scan-auto-warm-basic-49152,stride16-gcc13-auto,basic,cycles,548731202,250031276,250031276
1,stride16-gcc13-auto-r12-stride16_scan-auto-warm-basic-49152,stride16-gcc13-auto,basic,instructions,1034319243,250027879,250027879
1,stride16-gcc13-auto-r12-stride16_scan-auto-warm-basic-49152,stride16-gcc13-auto,basic,ref_cycles,548732052,250024282,250024282
1,stride16-gcc13-auto-r12-stride16_scan-auto-warm-branch-393216,stride16-gcc13-auto,branch,cycles,548743108,250039631,250039631
1,stride16-gcc13-auto-r12-stride16_scan-auto-warm-branch-393216,stride16-gcc13-auto,branch,branches,112212932,250037585,250037585
1,stride16-gcc13-auto-r12-stride16_scan-auto-warm-branch-393216,stride16-gcc13-auto,branch,branch_misses,18222,250034547,250034547
1,stride16-gcc13-auto-r12-stride16_scan-auto-cache_evicted-basic-32768,stride16-gcc13-auto,basic,cycles,548730682,250032984,250032984
1,stride16-gcc13-auto-r12-stride16_scan-auto-cache_evicted-basic-32768,stride16-gcc13-auto,basic,instructions,1719796050,250029699,250029699
1,stride16-gcc13-auto-r12-stride16_scan-auto-cache_evicted-basic-32768,stride16-gcc13-auto,basic,ref_cycles,548731920,250026076,250026076
1,stride16-gcc13-auto-r12-stride16_scan-auto-warm-basic-262144,stride16-gcc13-auto,basic,cycles,548735845,250033623,250033623
1,stride16-gcc13-auto-r12-stride16_scan-auto-warm-basic-262144,stride16-gcc13-auto,basic,instructions,791768520,250031324,250031324
1,stride16-gcc13-auto-r12-stride16_scan-auto-warm-basic-262144,stride16-gcc13-auto,basic,ref_cycles,548737200,250028122,250028122
1,stride16-gcc13-auto-r12-stride16_scan-auto-warm-branch-524288,stride16-gcc13-auto,branch,cycles,548741479,250036751,250036751
1,stride16-gcc13-auto-r12-stride16_scan-auto-warm-branch-524288,stride16-gcc13-auto,branch,branches,112266196,250033896,250033896
1,stride16-gcc13-auto-r12-stride16_scan-auto-warm-branch-524288,stride16-gcc13-auto,branch,branch_misses,15892,250030232,250030232
1,stride16-gcc13-auto-r12-stride16_scan-auto-warm-basic-524288,stride16-gcc13-auto,basic,cycles,548769534,250049869,250049869
1,stride16-gcc13-auto-r12-stride16_scan-auto-warm-basic-524288,stride16-gcc13-auto,basic,instructions,561371262,250048228,250048228
1,stride16-gcc13-auto-r12-stride16_scan-auto-warm-basic-524288,stride16-gcc13-auto,basic,ref_cycles,548771388,250045475,250045475
1,stride16-gcc13-auto-r12-stride16_scan-auto-warm-branch-131072,stride16-gcc13-auto,branch,cycles,548734262,250034161,250034161
1,stride16-gcc13-auto-r12-stride16_scan-auto-warm-branch-131072,stride16-gcc13-auto,branch,branches,212711982,250030558,250030558
1,stride16-gcc13-auto-r12-stride16_scan-auto-warm-branch-131072,stride16-gcc13-auto,branch,branch_misses,102468,250026887,250026887
1,stride16-gcc13-auto-r12-stride16_scan-auto-cache_evicted-basic-33554432,stride16-gcc13-auto,basic,cycles,549548496,250412241,250412241
1,stride16-gcc13-auto-r12-stride16_scan-auto-cache_evicted-basic-33554432,stride16-gcc13-auto,basic,instructions,270024812,250411504,250411504
1,stride16-gcc13-auto-r12-stride16_scan-auto-cache_evicted-basic-33554432,stride16-gcc13-auto,basic,ref_cycles,549552410,250408088,250408088
1,stride16-gcc13-auto-r12-stride16_scan-auto-warm-basic-5242880,stride16-gcc13-auto,basic,cycles,548784754,250060973,250060973
1,stride16-gcc13-auto-r12-stride16_scan-auto-warm-basic-5242880,stride16-gcc13-auto,basic,instructions,551119767,250060821,250060821
1,stride16-gcc13-auto-r12-stride16_scan-auto-warm-basic-5242880,stride16-gcc13-auto,basic,ref_cycles,548788350,250057843,250057843
1,stride16-gcc13-auto-r12-stride16_scan-auto-cache_evicted-branch-33554432,stride16-gcc13-auto,branch,cycles,552250700,251644703,251644703
1,stride16-gcc13-auto-r12-stride16_scan-auto-cache_evicted-branch-33554432,stride16-gcc13-auto,branch,branches,55577734,251643456,251643456
1,stride16-gcc13-auto-r12-stride16_scan-auto-cache_evicted-branch-33554432,stride16-gcc13-auto,branch,branch_misses,144,251639979,251639979
1,stride16-gcc13-auto-r12-stride16_scan-auto-warm-branch-8192,stride16-gcc13-auto,branch,cycles,548730500,250031977,250031977
1,stride16-gcc13-auto-r12-stride16_scan-auto-warm-branch-8192,stride16-gcc13-auto,branch,branches,314105726,250028706,250028706
1,stride16-gcc13-auto-r12-stride16_scan-auto-warm-branch-8192,stride16-gcc13-auto,branch,branch_misses,2001217,250025178,250025178
1,stride16-gcc13-auto-r12-stride16_scan-auto-warm-basic-8192,stride16-gcc13-auto,basic,cycles,548730576,250030998,250030998
1,stride16-gcc13-auto-r12-stride16_scan-auto-warm-basic-8192,stride16-gcc13-auto,basic,instructions,1627887330,250028285,250028285
1,stride16-gcc13-auto-r12-stride16_scan-auto-warm-basic-8192,stride16-gcc13-auto,basic,ref_cycles,548731876,250024601,250024601
1,stride16-gcc13-auto-r12-stride16_scan-auto-warm-basic-1048576,stride16-gcc13-auto,basic,cycles,548780561,250054712,250054712
1,stride16-gcc13-auto-r12-stride16_scan-auto-warm-basic-1048576,stride16-gcc13-auto,basic,instructions,561633019,250051713,250051713
1,stride16-gcc13-auto-r12-stride16_scan-auto-warm-basic-1048576,stride16-gcc13-auto,basic,ref_cycles,548782036,250048199,250048199
1,stride16-gcc13-auto-r12-stride16_scan-auto-warm-branch-98304,stride16-gcc13-auto,branch,cycles,548733430,250033279,250033279
1,stride16-gcc13-auto-r12-stride16_scan-auto-warm-branch-98304,stride16-gcc13-auto,branch,branches,208791588,250030090,250030090
1,stride16-gcc13-auto-r12-stride16_scan-auto-warm-branch-98304,stride16-gcc13-auto,branch,branch_misses,133499,250026333,250026333
1,stride16-gcc13-auto-r12-stride16_scan-auto-warm-basic-196608,stride16-gcc13-auto,basic,cycles,548737292,250034169,250034169
1,stride16-gcc13-auto-r12-stride16_scan-auto-warm-basic-196608,stride16-gcc13-auto,basic,instructions,952001982,250031588,250031588
1,stride16-gcc13-auto-r12-stride16_scan-auto-warm-basic-196608,stride16-gcc13-auto,basic,ref_cycles,548738388,250028107,250028107
1,stride16-gcc13-auto-r12-stride16_scan-auto-warm-branch-1048576,stride16-gcc13-auto,branch,cycles,548741210,250039194,250039194
1,stride16-gcc13-auto-r12-stride16_scan-auto-warm-branch-1048576,stride16-gcc13-auto,branch,branches,112297912,250037837,250037837
1,stride16-gcc13-auto-r12-stride16_scan-auto-warm-branch-1048576,stride16-gcc13-auto,branch,branch_misses,6890,250034208,250034208
1,stride16-gcc13-auto-r12-stride16_scan-auto-warm-basic-294912,stride16-gcc13-auto,basic,cycles,548748441,250041574,250041574
1,stride16-gcc13-auto-r12-stride16_scan-auto-warm-basic-294912,stride16-gcc13-auto,basic,instructions,695240842,250039571,250039571
1,stride16-gcc13-auto-r12-stride16_scan-auto-warm-basic-294912,stride16-gcc13-auto,basic,ref_cycles,548750906,250036416,250036416
1,stride16-gcc13-auto-r12-stride16_scan-auto-warm-branch-8388608,stride16-gcc13-auto,branch,cycles,549048941,250184328,250184328
1,stride16-gcc13-auto-r12-stride16_scan-auto-warm-branch-8388608,stride16-gcc13-auto,branch,branches,76825325,250185415,250185415
1,stride16-gcc13-auto-r12-stride16_scan-auto-warm-branch-8388608,stride16-gcc13-auto,branch,branch_misses,627,250181356,250181356
1,stride16-gcc13-auto-r12-stride16_scan-auto-warm-basic-16384,stride16-gcc13-auto,basic,cycles,548731438,250032444,250032444
1,stride16-gcc13-auto-r12-stride16_scan-auto-warm-basic-16384,stride16-gcc13-auto,basic,instructions,1756508688,250031577,250031577
1,stride16-gcc13-auto-r12-stride16_scan-auto-warm-basic-16384,stride16-gcc13-auto,basic,ref_cycles,548733614,250028488,250028488
1,stride16-gcc13-auto-r12-stride16_scan-auto-warm-basic-32768,stride16-gcc13-auto,basic,cycles,548731042,250032990,250032990
1,stride16-gcc13-auto-r12-stride16_scan-auto-warm-basic-32768,stride16-gcc13-auto,basic,instructions,1746056197,250031427,250031427
1,stride16-gcc13-auto-r12-stride16_scan-auto-warm-basic-32768,stride16-gcc13-auto,basic,ref_cycles,548733614,250028354,250028354
1,stride16-gcc13-auto-r12-stride16_scan-auto-warm-branch-32768,stride16-gcc13-auto,branch,cycles,548731033,250032481,250032481
1,stride16-gcc13-auto-r12-stride16_scan-auto-warm-branch-32768,stride16-gcc13-auto,branch,branches,350151502,250028703,250028703
1,stride16-gcc13-auto-r12-stride16_scan-auto-warm-branch-32768,stride16-gcc13-auto,branch,branch_misses,647435,250024805,250024805
1,stride16-gcc13-auto-r12-stride16_scan-auto-warm-basic-393216,stride16-gcc13-auto,basic,cycles,548735183,250032616,250032616
1,stride16-gcc13-auto-r12-stride16_scan-auto-warm-basic-393216,stride16-gcc13-auto,basic,instructions,561506204,250029693,250029693
1,stride16-gcc13-auto-r12-stride16_scan-auto-warm-basic-393216,stride16-gcc13-auto,basic,ref_cycles,548736122,250026039,250026039
1,stride16-gcc13-auto-r12-stride16_scan-auto-warm-basic-131072,stride16-gcc13-auto,basic,cycles,548733851,250031087,250031087
1,stride16-gcc13-auto-r12-stride16_scan-auto-warm-basic-131072,stride16-gcc13-auto,basic,instructions,1067495963,250028802,250028802
1,stride16-gcc13-auto-r12-stride16_scan-auto-warm-basic-131072,stride16-gcc13-auto,basic,ref_cycles,548734670,250025233,250025233
1,stride16-gcc13-auto-r12-stride16_scan-auto-warm-basic-7340032,stride16-gcc13-auto,basic,cycles,549304083,250299606,250299606
1,stride16-gcc13-auto-r12-stride16_scan-auto-warm-basic-7340032,stride16-gcc13-auto,basic,instructions,428475372,250299007,250299007
1,stride16-gcc13-auto-r12-stride16_scan-auto-warm-basic-7340032,stride16-gcc13-auto,basic,ref_cycles,549307792,250296007,250296007
1,stride16-gcc13-auto-r12-stride16_scan-auto-warm-branch-49152,stride16-gcc13-auto,branch,cycles,548731864,250034305,250034305
1,stride16-gcc13-auto-r12-stride16_scan-auto-warm-branch-49152,stride16-gcc13-auto,branch,branches,206406557,250033201,250033201
1,stride16-gcc13-auto-r12-stride16_scan-auto-warm-branch-49152,stride16-gcc13-auto,branch,branch_misses,259084,250029544,250029544
1,stride16-gcc13-auto-r12-stride16_scan-auto-cache_evicted-branch-8388608,stride16-gcc13-auto,branch,cycles,549292289,250296623,250296623
1,stride16-gcc13-auto-r12-stride16_scan-auto-cache_evicted-branch-8388608,stride16-gcc13-auto,branch,branches,65419531,250296135,250296135
1,stride16-gcc13-auto-r12-stride16_scan-auto-cache_evicted-branch-8388608,stride16-gcc13-auto,branch,branch_misses,537,250293011,250293011
1,stride16-gcc13-auto-r12-stride16_scan-auto-cache_evicted-basic-262144,stride16-gcc13-auto,basic,cycles,548733503,250032743,250032743
1,stride16-gcc13-auto-r12-stride16_scan-auto-cache_evicted-basic-262144,stride16-gcc13-auto,basic,instructions,691116811,250029117,250029117
1,stride16-gcc13-auto-r12-stride16_scan-auto-cache_evicted-basic-262144,stride16-gcc13-auto,basic,ref_cycles,548734428,250025489,250025489
1,stride16-gcc13-auto-r12-stride16_scan-auto-warm-basic-65536,stride16-gcc13-auto,basic,cycles,548732847,250031042,250031042
1,stride16-gcc13-auto-r12-stride16_scan-auto-warm-basic-65536,stride16-gcc13-auto,basic,instructions,1037739629,250027709,250027709
1,stride16-gcc13-auto-r12-stride16_scan-auto-warm-basic-65536,stride16-gcc13-auto,basic,ref_cycles,548733504,250023918,250023918
1,stride16-gcc13-auto-r12-stride16_scan-auto-warm-basic-4194304,stride16-gcc13-auto,basic,cycles,548978705,250147758,250147758
1,stride16-gcc13-auto-r12-stride16_scan-auto-warm-basic-4194304,stride16-gcc13-auto,basic,instructions,557646312,250146484,250146484
1,stride16-gcc13-auto-r12-stride16_scan-auto-warm-basic-4194304,stride16-gcc13-auto,basic,ref_cycles,548981224,250143195,250143195
1,stride16-gcc13-auto-r12-stride16_scan-auto-warm-branch-294912,stride16-gcc13-auto,branch,cycles,548735323,250033861,250033861
1,stride16-gcc13-auto-r12-stride16_scan-auto-warm-branch-294912,stride16-gcc13-auto,branch,branches,138331156,250030132,250030132
1,stride16-gcc13-auto-r12-stride16_scan-auto-warm-branch-294912,stride16-gcc13-auto,branch,branch_misses,29891,250026258,250026258
1,stride16-gcc13-auto-r12-stride16_scan-auto-warm-basic-98304,stride16-gcc13-auto,basic,cycles,548730478,250029075,250029075
1,stride16-gcc13-auto-r12-stride16_scan-auto-warm-basic-98304,stride16-gcc13-auto,basic,instructions,1045600651,250026421,250026421
1,stride16-gcc13-auto-r12-stride16_scan-auto-warm-basic-98304,stride16-gcc13-auto,basic,ref_cycles,548731304,250022961,250022961
1,stride16-gcc13-auto-r12-stride16_scan-auto-warm-basic-2097152,stride16-gcc13-auto,basic,cycles,548848260,250084459,250084459
1,stride16-gcc13-auto-r12-stride16_scan-auto-warm-basic-2097152,stride16-gcc13-auto,basic,instructions,562172069,250081246,250081246
1,stride16-gcc13-auto-r12-stride16_scan-auto-warm-basic-2097152,stride16-gcc13-auto,basic,ref_cycles,548849400,250077597,250077597
1,stride16-gcc13-auto-r12-stride16_scan-auto-cache_evicted-basic-8388608,stride16-gcc13-auto,basic,cycles,549661002,250463484,250463484
1,stride16-gcc13-auto-r12-stride16_scan-auto-cache_evicted-basic-8388608,stride16-gcc13-auto,basic,instructions,374954638,250463113,250463113
1,stride16-gcc13-auto-r12-stride16_scan-auto-cache_evicted-basic-8388608,stride16-gcc13-auto,basic,ref_cycles,549664500,250460155,250460155
1,stride16-gcc13-auto-r12-stride16_scan-auto-warm-branch-2097152,stride16-gcc13-auto,branch,cycles,548810933,250071736,250071736
1,stride16-gcc13-auto-r12-stride16_scan-auto-warm-branch-2097152,stride16-gcc13-auto,branch,branches,112297060,250070210,250070210
1,stride16-gcc13-auto-r12-stride16_scan-auto-warm-branch-2097152,stride16-gcc13-auto,branch,branch_misses,3465,250066573,250066573
1,stride16-gcc13-auto-r12-stride16_scan-auto-warm-branch-24576,stride16-gcc13-auto,branch,cycles,548730425,250031761,250031761
1,stride16-gcc13-auto-r12-stride16_scan-auto-warm-branch-24576,stride16-gcc13-auto,branch,branches,350538801,250028073,250028073
1,stride16-gcc13-auto-r12-stride16_scan-auto-warm-branch-24576,stride16-gcc13-auto,branch,branch_misses,849025,250024531,250024531
1,stride16-gcc13-auto-r12-stride16_scan-auto-warm-branch-28672,stride16-gcc13-auto,branch,cycles,548730646,250031511,250031511
1,stride16-gcc13-auto-r12-stride16_scan-auto-warm-branch-28672,stride16-gcc13-auto,branch,branches,352472189,250029153,250029153
1,stride16-gcc13-auto-r12-stride16_scan-auto-warm-branch-28672,stride16-gcc13-auto,branch,branch_misses,739151,250025549,250025549
1,stride16-gcc13-auto-r12-stride16_scan-auto-warm-branch-6291456,stride16-gcc13-auto,branch,cycles,549012976,250166577,250166577
1,stride16-gcc13-auto-r12-stride16_scan-auto-warm-branch-6291456,stride16-gcc13-auto,branch,branches,92138153,250167046,250167046
1,stride16-gcc13-auto-r12-stride16_scan-auto-warm-branch-6291456,stride16-gcc13-auto,branch,branch_misses,973,250163952,250163952
1,stride16-gcc13-auto-r12-stride16_scan-auto-warm-basic-33554432,stride16-gcc13-auto,basic,cycles,552935778,251955799,251955799
1,stride16-gcc13-auto-r12-stride16_scan-auto-warm-basic-33554432,stride16-gcc13-auto,basic,instructions,277889594,251954593,251954593
1,stride16-gcc13-auto-r12-stride16_scan-auto-warm-basic-33554432,stride16-gcc13-auto,basic,ref_cycles,552939750,251951507,251951507
1,stride16-gcc13-auto-r12-stride16_scan-auto-warm-branch-5242880,stride16-gcc13-auto,branch,cycles,548790376,250065753,250065753
1,stride16-gcc13-auto-r12-stride16_scan-auto-warm-branch-5242880,stride16-gcc13-auto,branch,branches,108008920,250065682,250065682
1,stride16-gcc13-auto-r12-stride16_scan-auto-warm-branch-5242880,stride16-gcc13-auto,branch,branch_misses,1366,250061778,250061778
1,stride16-gcc13-auto-r12-stride16_scan-auto-warm-branch-33554432,stride16-gcc13-auto,branch,cycles,551157275,251145646,251145646
1,stride16-gcc13-auto-r12-stride16_scan-auto-warm-branch-33554432,stride16-gcc13-auto,branch,branches,52431832,251143577,251143577
1,stride16-gcc13-auto-r12-stride16_scan-auto-warm-branch-33554432,stride16-gcc13-auto,branch,branch_misses,137,251139539,251139539
1,stride16-gcc13-auto-r12-stride16_scan-auto-warm-branch-536870912,stride16-gcc13-auto,branch,cycles,639437443,291366016,291366016
1,stride16-gcc13-auto-r12-stride16_scan-auto-warm-branch-536870912,stride16-gcc13-auto,branch,branches,58720591,291364947,291364947
1,stride16-gcc13-auto-r12-stride16_scan-auto-warm-branch-536870912,stride16-gcc13-auto,branch,branch_misses,51,291361583,291361583
1,stride16-gcc13-auto-r12-stride16_scan-auto-warm-basic-12582912,stride16-gcc13-auto,basic,cycles,548984084,250153987,250153987
1,stride16-gcc13-auto-r12-stride16_scan-auto-warm-basic-12582912,stride16-gcc13-auto,basic,instructions,266446204,250152957,250152957
1,stride16-gcc13-auto-r12-stride16_scan-auto-warm-basic-12582912,stride16-gcc13-auto,basic,ref_cycles,548988396,250149329,250149329
1,stride16-gcc13-auto-r12-stride16_scan-auto-warm-branch-7340032,stride16-gcc13-auto,branch,cycles,549122982,250218362,250218362
1,stride16-gcc13-auto-r12-stride16_scan-auto-warm-branch-7340032,stride16-gcc13-auto,branch,branches,62406182,250218158,250218158
1,stride16-gcc13-auto-r12-stride16_scan-auto-warm-branch-7340032,stride16-gcc13-auto,branch,branch_misses,593,250213954,250213954
1,stride16-gcc13-auto-r12-stride16_scan-auto-warm-basic-28672,stride16-gcc13-auto,basic,cycles,548732378,250034707,250034707
1,stride16-gcc13-auto-r12-stride16_scan-auto-warm-basic-28672,stride16-gcc13-auto,basic,instructions,1738173070,250033170,250033170
1,stride16-gcc13-auto-r12-stride16_scan-auto-warm-basic-28672,stride16-gcc13-auto,basic,ref_cycles,548735022,250029890,250029890
1,stride16-gcc13-auto-r12-stride16_scan-auto-warm-branch-4194304,stride16-gcc13-auto,branch,cycles,548846843,250093681,250093681
1,stride16-gcc13-auto-r12-stride16_scan-auto-warm-branch-4194304,stride16-gcc13-auto,branch,branches,104117352,250092801,250092801
1,stride16-gcc13-auto-r12-stride16_scan-auto-warm-branch-4194304,stride16-gcc13-auto,branch,branch_misses,1710,250088452,250088452
1,stride16-gcc13-auto-r12-stride16_scan-auto-cache_evicted-basic-6291456,stride16-gcc13-auto,basic,cycles,549170290,250240192,250240192
1,stride16-gcc13-auto-r12-stride16_scan-auto-cache_evicted-basic-6291456,stride16-gcc13-auto,basic,instructions,390881460,250239494,250239494
1,stride16-gcc13-auto-r12-stride16_scan-auto-cache_evicted-basic-6291456,stride16-gcc13-auto,basic,ref_cycles,549173658,250236068,250236068
1,stride16-gcc13-auto-r12-stride16_scan-auto-warm-branch-262144,stride16-gcc13-auto,branch,cycles,548734494,250036174,250036174
1,stride16-gcc13-auto-r12-stride16_scan-auto-warm-branch-262144,stride16-gcc13-auto,branch,branches,172891453,250034182,250034182
1,stride16-gcc13-auto-r12-stride16_scan-auto-warm-branch-262144,stride16-gcc13-auto,branch,branch_misses,43252,250030949,250030949
1,stride16-gcc13-auto-r12-stride16_scan-auto-cache_evicted-branch-6291456,stride16-gcc13-auto,branch,cycles,549576282,250425954,250425954
1,stride16-gcc13-auto-r12-stride16_scan-auto-cache_evicted-branch-6291456,stride16-gcc13-auto,branch,branches,62048255,250424450,250424450
1,stride16-gcc13-auto-r12-stride16_scan-auto-cache_evicted-branch-6291456,stride16-gcc13-auto,branch,branch_misses,682,250420758,250420758
1,stride16-gcc13-auto-r12-stride16_scan-auto-cache_evicted-branch-1048576,stride16-gcc13-auto,branch,cycles,548765918,250056737,250056737
1,stride16-gcc13-auto-r12-stride16_scan-auto-cache_evicted-branch-1048576,stride16-gcc13-auto,branch,branches,112035276,250053386,250053386
1,stride16-gcc13-auto-r12-stride16_scan-auto-cache_evicted-branch-1048576,stride16-gcc13-auto,branch,branch_misses,6875,250049439,250049439
1,stride16-gcc13-auto-r12-stride16_scan-auto-warm-branch-65536,stride16-gcc13-auto,branch,cycles,548731927,250035200,250035200
1,stride16-gcc13-auto-r12-stride16_scan-auto-warm-branch-65536,stride16-gcc13-auto,branch,branches,210043306,250034070,250034070
1,stride16-gcc13-auto-r12-stride16_scan-auto-warm-branch-65536,stride16-gcc13-auto,branch,branch_misses,199585,250030606,250030606
1,stride16-gcc13-auto-r12-stride16_scan-auto-warm-basic-6291456,stride16-gcc13-auto,basic,cycles,549391377,250339283,250339283
1,stride16-gcc13-auto-r12-stride16_scan-auto-warm-basic-6291456,stride16-gcc13-auto,basic,instructions,419398576,250338888,250338888
1,stride16-gcc13-auto-r12-stride16_scan-auto-warm-basic-6291456,stride16-gcc13-auto,basic,ref_cycles,549395022,250335373,250335373
1,stride16-gcc13-auto-r12-stride16_scan-auto-warm-basic-536870912,stride16-gcc13-auto,basic,cycles,597584994,272296746,272296746
1,stride16-gcc13-auto-r12-stride16_scan-auto-warm-basic-536870912,stride16-gcc13-auto,basic,instructions,293602988,272296107,272296107
1,stride16-gcc13-auto-r12-stride16_scan-auto-warm-basic-536870912,stride16-gcc13-auto,basic,ref_cycles,597588728,272292835,272292835
1,stride16-gcc13-auto-r12-stride16_scan-auto-warm-branch-36864,stride16-gcc13-auto,branch,cycles,548732462,250034872,250034872
1,stride16-gcc13-auto-r12-stride16_scan-auto-warm-branch-36864,stride16-gcc13-auto,branch,branches,205145690,250033413,250033413
1,stride16-gcc13-auto-r12-stride16_scan-auto-warm-branch-36864,stride16-gcc13-auto,branch,branch_misses,339233,250029799,250029799
1,stride16-gcc13-auto-r12-stride16_scan-auto-cache_evicted-basic-1048576,stride16-gcc13-auto,basic,cycles,548776773,250056525,250056525
1,stride16-gcc13-auto-r12-stride16_scan-auto-cache_evicted-basic-1048576,stride16-gcc13-auto,basic,instructions,560812279,250055009,250055009
1,stride16-gcc13-auto-r12-stride16_scan-auto-cache_evicted-basic-1048576,stride16-gcc13-auto,basic,ref_cycles,548779066,250051441,250051441
1,stride16-gcc13-auto-r12-stride16_scan-auto-warm-branch-229376,stride16-gcc13-auto,branch,cycles,548738894,250038996,250038996
1,stride16-gcc13-auto-r12-stride16_scan-auto-warm-branch-229376,stride16-gcc13-auto,branch,branches,163390930,250037833,250037833
1,stride16-gcc13-auto-r12-stride16_scan-auto-warm-branch-229376,stride16-gcc13-auto,branch,branch_misses,49981,250034776,250034776
1,stride16-gcc13-auto-r12-stride16_scan-auto-warm-basic-36864,stride16-gcc13-auto,basic,cycles,548732630,250034090,250034090
1,stride16-gcc13-auto-r12-stride16_scan-auto-warm-basic-36864,stride16-gcc13-auto,basic,instructions,1040583372,250033294,250033294
1,stride16-gcc13-auto-r12-stride16_scan-auto-warm-basic-36864,stride16-gcc13-auto,basic,ref_cycles,548735550,250030285,250030285
1,stride16-gcc13-auto-r12-stride16_scan-auto-warm-branch-16384,stride16-gcc13-auto,branch,cycles,548731355,250036246,250036246
1,stride16-gcc13-auto-r12-stride16_scan-auto-warm-branch-16384,stride16-gcc13-auto,branch,branches,339127162,250035863,250035863
1,stride16-gcc13-auto-r12-stride16_scan-auto-warm-branch-16384,stride16-gcc13-auto,branch,branch_misses,1190468,250031853,250031853
1,stride16-gcc13-auto-r12-stride16_scan-auto-cache_evicted-branch-262144,stride16-gcc13-auto,branch,cycles,548735147,250038565,250038565
1,stride16-gcc13-auto-r12-stride16_scan-auto-cache_evicted-branch-262144,stride16-gcc13-auto,branch,branches,156350031,250036459,250036459
1,stride16-gcc13-auto-r12-stride16_scan-auto-cache_evicted-branch-262144,stride16-gcc13-auto,branch,branch_misses,41542,250031845,250031845
1,stride16-gcc13-auto-r12-stride16_scan-auto-warm-basic-134217728,stride16-gcc13-auto,basic,cycles,548755021,250050279,250050279
1,stride16-gcc13-auto-r12-stride16_scan-auto-warm-basic-134217728,stride16-gcc13-auto,basic,instructions,272634394,250049325,250049325
1,stride16-gcc13-auto-r12-stride16_scan-auto-warm-basic-134217728,stride16-gcc13-auto,basic,ref_cycles,548758364,250045900,250045900
1,stride16-gcc13-auto-r12-stride16_scan-auto-warm-basic-24576,stride16-gcc13-auto,basic,cycles,548731066,250031887,250031887
1,stride16-gcc13-auto-r12-stride16_scan-auto-warm-basic-24576,stride16-gcc13-auto,basic,instructions,1809841347,250029019,250029019
1,stride16-gcc13-auto-r12-stride16_scan-auto-warm-basic-24576,stride16-gcc13-auto,basic,ref_cycles,548732404,250025473,250025473
1,stride16-gcc13-auto-r13-stride16_scan-auto-warm-basic-134217728,stride16-gcc13-auto,basic,cycles,549539489,250407873,250407873
1,stride16-gcc13-auto-r13-stride16_scan-auto-warm-basic-134217728,stride16-gcc13-auto,basic,instructions,272634394,250406642,250406642
1,stride16-gcc13-auto-r13-stride16_scan-auto-warm-basic-134217728,stride16-gcc13-auto,basic,ref_cycles,549543060,250403076,250403076
1,stride16-gcc13-auto-r13-stride16_scan-auto-warm-basic-2097152,stride16-gcc13-auto,basic,cycles,548857109,250090177,250090177
1,stride16-gcc13-auto-r13-stride16_scan-auto-warm-basic-2097152,stride16-gcc13-auto,basic,instructions,561680199,250089350,250089350
1,stride16-gcc13-auto-r13-stride16_scan-auto-warm-basic-2097152,stride16-gcc13-auto,basic,ref_cycles,548859454,250086242,250086242
1,stride16-gcc13-auto-r13-stride16_scan-auto-warm-branch-229376,stride16-gcc13-auto,branch,cycles,548734640,250036058,250036058
1,stride16-gcc13-auto-r13-stride16_scan-auto-warm-branch-229376,stride16-gcc13-auto,branch,branches,195087711,250033776,250033776
1,stride16-gcc13-auto-r13-stride16_scan-auto-warm-branch-229376,stride16-gcc13-auto,branch,branch_misses,54046,250030533,250030533
1,stride16-gcc13-auto-r13-stride16_scan-auto-warm-branch-36864,stride16-gcc13-auto,branch,cycles,548731260,250033294,250033294
1,stride16-gcc13-auto-r13-stride16_scan-auto-warm-branch-36864,stride16-gcc13-auto,branch,branches,205208568,250031851,250031851
1,stride16-gcc13-auto-r13-stride16_scan-auto-warm-branch-36864,stride16-gcc13-auto,branch,branch_misses,339340,250028263,250028263
1,stride16-gcc13-auto-r13-stride16_scan-auto-warm-branch-524288,stride16-gcc13-auto,branch,cycles,548735393,250036602,250036602
1,stride16-gcc13-auto-r13-stride16_scan-auto-warm-branch-524288,stride16-gcc13-auto,branch,branches,112266117,250034735,250034735
1,stride16-gcc13-auto-r13-stride16_scan-auto-warm-branch-524288,stride16-gcc13-auto,branch,branch_misses,13728,250030902,250030902
1,stride16-gcc13-auto-r13-stride16_scan-auto-cache_evicted-branch-536870912,stride16-gcc13-auto,branch,cycles,594502231,270894458,270894458
1,stride16-gcc13-auto-r13-stride16_scan-auto-cache_evicted-branch-536870912,stride16-gcc13-auto,branch,branches,58720591,270892848,270892848
1,stride16-gcc13-auto-r13-stride16_scan-auto-cache_evicted-branch-536870912,stride16-gcc13-auto,branch,branch_misses,41,270889179,270889179
1,stride16-gcc13-auto-r13-stride16_scan-auto-warm-branch-7340032,stride16-gcc13-auto,branch,cycles,549082366,250199970,250199970
1,stride16-gcc13-auto-r13-stride16_scan-auto-warm-branch-7340032,stride16-gcc13-auto,branch,branches,80646183,250198787,250198787
1,stride16-gcc13-auto-r13-stride16_scan-auto-warm-branch-7340032,stride16-gcc13-auto,branch,branch_misses,742,250194656,250194656
1,stride16-gcc13-auto-r13-stride16_scan-auto-warm-branch-28672,stride16-gcc13-auto,branch,cycles,548731216,250033733,250033733
1,stride16-gcc13-auto-r13-stride16_scan-auto-warm-branch-28672,stride16-gcc13-auto,branch,branches,345990199,250032411,250032411
1,stride16-gcc13-auto-r13-stride16_scan-auto-warm-branch-28672,stride16-gcc13-auto,branch,branch_misses,725590,250028977,250028977
1,stride16-gcc13-auto-r13-stride16_scan-auto-warm-basic-229376,stride16-gcc13-auto,basic,cycles,548738124,250035846,250035846
1,stride16-gcc13-auto-r13-stride16_scan-auto-warm-basic-229376,stride16-gcc13-auto,basic,instructions,776929705,250034162,250034162
1,stride16-gcc13-auto-r13-stride16_scan-auto-warm-basic-229376,stride16-gcc13-auto,basic,ref_cycles,548740258,250031250,250031250
1,stride16-gcc13-auto-r13-stride16_scan-auto-cache_evicted-basic-32768,stride16-gcc13-auto,basic,cycles,548731202,250033304,250033304
1,stride16-gcc13-auto-r13-stride16_scan-auto-cache_evicted-basic-32768,stride16-gcc13-auto,basic,instructions,1696232203,250031300,250031300
1,stride16-gcc13-auto-r13-stride16_scan-auto-cache_evicted-basic-32768,stride16-gcc13-auto,basic,ref_cycles,548733328,250028112,250028112
1,stride16-gcc13-auto-r13-stride16_scan-auto-cache_evicted-branch-1048576,stride16-gcc13-auto,branch,cycles,548767615,250053248,250053248
1,stride16-gcc13-auto-r13-stride16_scan-auto-cache_evicted-branch-1048576,stride16-gcc13-auto,branch,branches,112314295,250050658,250050658
1,stride16-gcc13-auto-r13-stride16_scan-auto-cache_evicted-branch-1048576,stride16-gcc13-auto,branch,branch_misses,6887,250046635,250046635
1,stride16-gcc13-auto-r13-stride16_scan-auto-warm-basic-536870912,stride16-gcc13-auto,basic,cycles,596248409,271689074,271689074
1,stride16-gcc13-auto-r13-stride16_scan-auto-warm-basic-536870912,stride16-gcc13-auto,basic,instructions,293602988,271687033,271687033
1,stride16-gcc13-auto-r13-stride16_scan-auto-warm-basic-536870912,stride16-gcc13-auto,basic,ref_cycles,596251942,271683437,271683437
1,stride16-gcc13-auto-r13-stride16_scan-auto-warm-basic-32768,stride16-gcc13-auto,basic,cycles,548731571,250033391,250033391
1,stride16-gcc13-auto-r13-stride16_scan-auto-warm-basic-32768,stride16-gcc13-auto,basic,instructions,1747017671,250031651,250031651
1,stride16-gcc13-auto-r13-stride16_scan-auto-warm-basic-32768,stride16-gcc13-auto,basic,ref_cycles,548733878,250028537,250028537
1,stride16-gcc13-auto-r13-stride16_scan-auto-warm-basic-28672,stride16-gcc13-auto,basic,cycles,548731639,250033013,250033013
1,stride16-gcc13-auto-r13-stride16_scan-auto-warm-basic-28672,stride16-gcc13-auto,basic,instructions,1724512860,250031596,250031596
1,stride16-gcc13-auto-r13-stride16_scan-auto-warm-basic-28672,stride16-gcc13-auto,basic,ref_cycles,548734560,250029135,250029135
1,stride16-gcc13-auto-r13-stride16_scan-auto-warm-branch-131072,stride16-gcc13-auto,branch,cycles,548731327,250032795,250032795
1,stride16-gcc13-auto-r13-stride16_scan-auto-warm-branch-131072,stride16-gcc13-auto,branch,branches,214160056,250030036,250030036
1,stride16-gcc13-auto-r13-stride16_scan-auto-warm-branch-131072,stride16-gcc13-auto,branch,branch_misses,103194,250026370,250026370
1,stride16-gcc13-auto-r13-stride16_scan-auto-warm-branch-294912,stride16-gcc13-auto,branch,cycles,548738902,250037135,250037135
1,stride16-gcc13-auto-r13-stride16_scan-auto-warm-branch-294912,stride16-gcc13-auto,branch,branches,146747299,250035242,250035242
1,stride16-gcc13-auto-r13-stride16_scan-auto-warm-branch-294912,stride16-gcc13-auto,branch,branch_misses,31698,250031864,250031864
1,stride16-gcc13-auto-r13-stride16_scan-auto-warm-branch-12582912,stride16-gcc13-auto,branch,cycles,550176158,250699209,250699209
1,stride16-gcc13-auto-r13-stride16_scan-auto-warm-branch-12582912,stride16-gcc13-auto,branch,branches,61547513,250698297,250698297
1,stride16-gcc13-auto-r13-stride16_scan-auto-warm-branch-12582912,stride16-gcc13-auto,branch,branch_misses,352,250694525,250694525
1,stride16-gcc13-auto-r13-stride16_scan-auto-warm-branch-33554432,stride16-gcc13-auto,branch,cycles,549878160,250561761,250561761
1,stride16-gcc13-auto-r13-stride16_scan-auto-warm-branch-33554432,stride16-gcc13-auto,branch,branches,54004783,250560348,250560348
1,stride16-gcc13-auto-r13-stride16_scan-auto-warm-branch-33554432,stride16-gcc13-auto,branch,branch_misses,131,250556698,250556698
1,stride16-gcc13-auto-r13-stride16_scan-auto-warm-basic-12582912,stride16-gcc13-auto,basic,cycles,549575147,250423651,250423651
1,stride16-gcc13-auto-r13-stride16_scan-auto-warm-basic-12582912,stride16-gcc13-auto,basic,instructions,269395792,250423091,250423091
1,stride16-gcc13-auto-r13-stride16_scan-auto-warm-basic-12582912,stride16-gcc13-auto,basic,ref_cycles,549578546,250419588,250419588
1,stride16-gcc13-auto-r13-stride16_scan-auto-cache_evicted-basic-33554432,stride16-gcc13-auto,basic,cycles,549522019,250398195,250398195
1,stride16-gcc13-auto-r13-stride16_scan-auto-cache_evicted-basic-33554432,stride16-gcc13-auto,basic,instructions,270024812,250398035,250398035
1,stride16-gcc13-auto-r13-stride16_scan-auto-cache_evicted-basic-33554432,stride16-gcc13-auto,basic,ref_cycles,549525680,250394962,250394962
1,stride16-gcc13-auto-r13-stride16_scan-auto-warm-branch-196608,stride16-gcc13-auto,branch,cycles,548735389,250035757,250035757
1,stride16-gcc13-auto-r13-stride16_scan-auto-warm-branch-196608,stride16-gcc13-auto,branch,branches,225380881,250034048,250034048
1,stride16-gcc13-auto-r13-stride16_scan-auto-warm-branch-196608,stride16-gcc13-auto,branch,branch_misses,75130,250030722,250030722
1,stride16-gcc13-auto-r13-stride16_scan-auto-warm-branch-8388608,stride16-gcc13-auto,branch,cycles,549351123,250323040,250323040
1,stride16-gcc13-auto-r13-stride16_scan-auto-warm-branch-8388608,stride16-gcc13-auto,branch,branches,73416694,250321449,250321449
1,stride16-gcc13-auto-r13-stride16_scan-auto-warm-branch-8388608,stride16-gcc13-auto,branch,branch_misses,607,250317298,250317298
1,stride16-gcc13-auto-r13-stride16_scan-auto-warm-branch-536870912,stride16-gcc13-auto,branch,cycles,596366364,271742325,271742325
1,stride16-gcc13-auto-r13-stride16_scan-auto-warm-branch-536870912,stride16-gcc13-auto,branch,branches,58720591,271742098,271742098
1,stride16-gcc13-auto-r13-stride16_scan-auto-warm-branch-536870912,stride16-gcc13-auto,branch,branch_misses,36,271738405,271738405
1,stride16-gcc13-auto-r13-stride16_scan-auto-warm-basic-6291456,stride16-gcc13-auto,basic,cycles,549042219,250180817,250180817
1,stride16-gcc13-auto-r13-stride16_scan-auto-warm-basic-6291456,stride16-gcc13-auto,basic,instructions,482332824,250180255,250180255
1,stride16-gcc13-auto-r13-stride16_scan-auto-warm-basic-6291456,stride16-gcc13-auto,basic,ref_cycles,549045816,250176935,250176935
1,stride16-gcc13-auto-r13-stride16_scan-auto-cache_evicted-branch-8388608,stride16-gcc13-auto,branch,cycles,549612043,250442534,250442534
1,stride16-gcc13-auto-r13-stride16_scan-auto-cache_evicted-branch-8388608,stride16-gcc13-auto,branch,branches,77349722,250442118,250442118
1,stride16-gcc13-auto-r13-stride16_scan-auto-cache_evicted-branch-8388608,stride16-gcc13-auto,branch,branch_misses,641,250438495,250438495
1,stride16-gcc13-auto-r13-stride16_scan-auto-warm-branch-98304,stride16-gcc13-auto,branch,cycles,548734467,250035975,250035975
1,stride16-gcc13-auto-r13-stride16_scan-auto-warm-branch-98304,stride16-gcc13-auto,branch,branches,208307979,250033919,250033919
1,stride16-gcc13-auto-r13-stride16_scan-auto-warm-branch-98304,stride16-gcc13-auto,branch,branch_misses,133177,250030585,250030585
1,stride16-gcc13-auto-r13-stride16_scan-auto-warm-branch-6291456,stride16-gcc13-auto,branch,cycles,548998105,250161297,250161297
1,stride16-gcc13-auto-r13-stride16_scan-auto-warm-branch-6291456,stride16-gcc13-auto,branch,branches,85746511,250160160,250160160
1,stride16-gcc13-auto-r13-stride16_scan-auto-warm-branch-6291456,stride16-gcc13-auto,branch,branch_misses,924,250156624,250156624
1,stride16-gcc13-auto-r13-stride16_scan-auto-cache_evicted-branch-33554432,stride16-gcc13-auto,branch,cycles,549905664,250575068,250575068
1,stride16-gcc13-auto-r13-stride16_scan-auto-cache_evicted-branch-33554432,stride16-gcc13-auto,branch,branches,55053417,250574640,250574640
1,stride16-gcc13-auto-r13-stride16_scan-auto-cache_evicted-branch-33554432,stride16-gcc13-auto,branch,branch_misses,134,250570984,250570984
1,stride16-gcc13-auto-r13-stride16_scan-auto-warm-branch-2097152,stride16-gcc13-auto,branch,cycles,548822967,250077096,250077096
1,stride16-gcc13-auto-r13-stride16_scan-auto-warm-branch-2097152,stride16-gcc13-auto,branch,branches,112329863,250074877,250074877
1,stride16-gcc13-auto-r13-stride16_scan-auto-warm-branch-2097152,stride16-gcc13-auto,branch,branch_misses,3468,250070769,250070769
1,stride16-gcc13-auto-r13-stride16_scan-auto-warm-branch-1048576,stride16-gcc13-auto,branch,cycles,548742197,250039766,250039766
1,stride16-gcc13-auto-r13-stride16_scan-auto-warm-branch-1048576,stride16-gcc13-auto,branch,branches,112314318,250037921,250037921
1,stride16-gcc13-auto-r13-stride16_scan-auto-warm-branch-1048576,stride16-gcc13-auto,branch,branch_misses,6892,250034005,250034005
1,stride16-gcc13-auto-r13-stride16_scan-auto-warm-basic-524288,stride16-gcc13-auto,basic,cycles,548770083,250050412,250050412
1,stride16-gcc13-auto-r13-stride16_scan-auto-warm-basic-524288,stride16-gcc13-auto,basic,instructions,561412307,250048329,250048329
1,stride16-gcc13-auto-r13-stride16_scan-auto-warm-basic-524288,stride16-gcc13-auto,basic,ref_cycles,548771828,250045011,250045011
1,stride16-gcc13-auto-r13-stride16_scan-auto-warm-basic-4194304,stride16-gcc13-auto,basic,cycles,548773267,250054883,250054883
1,stride16-gcc13-auto-r13-stride16_scan-auto-warm-basic-4194304,stride16-gcc13-auto,basic,instructions,556662762,250053986,250053986
1,stride16-gcc13-auto-r13-stride16_scan-auto-warm-basic-4194304,stride16-gcc13-auto,basic,ref_cycles,548776470,250050682,250050682
1,stride16-gcc13-auto-r13-stride16_scan-auto-cache_evicted-branch-262144,stride16-gcc13-auto,branch,cycles,548737223,250037690,250037690
1,stride16-gcc13-auto-r13-stride16_scan-auto-cache_evicted-branch-262144,stride16-gcc13-auto,branch,branches,166839924,250035456,250035456
1,stride16-gcc13-auto-r13-stride16_scan-auto-cache_evicted-branch-262144,stride16-gcc13-auto,branch,branch_misses,53140,250031521,250031521
1,stride16-gcc13-auto-r13-stride16_scan-auto-warm-branch-4194304,stride16-gcc13-auto,branch,cycles,548832868,250083935,250083935
1,stride16-gcc13-auto-r13-stride16_scan-auto-warm-branch-4194304,stride16-gcc13-auto,branch,branches,111591767,250083091,250083091
1,stride16-gcc13-auto-r13-stride16_scan-auto-warm-branch-4194304,stride16-gcc13-auto,branch,branch_misses,1746,250079697,250079697
1,stride16-gcc13-auto-r13-stride16_scan-auto-warm-branch-16384,stride16-gcc13-auto,branch,cycles,548731502,250033813,250033813
1,stride16-gcc13-auto-r13-stride16_scan-auto-warm-branch-16384,stride16-gcc13-auto,branch,branches,346657425,250032454,250032454
1,stride16-gcc13-auto-r13-stride16_scan-auto-warm-branch-16384,stride16-gcc13-auto,branch,branch_misses,1216727,250029457,250029457
1,stride16-gcc13-auto-r13-stride16_scan-auto-warm-basic-196608,stride16-gcc13-auto,basic,cycles,548734852,250034807,250034807
1,stride16-gcc13-auto-r13-stride16_scan-auto-warm-basic-196608,stride16-gcc13-auto,basic,instructions,946106517,250033024,250033024
1,stride16-gcc13-auto-r13-stride16_scan-auto-warm-basic-196608,stride16-gcc13-auto,basic,ref_cycles,548737266,250030492,250030492
1,stride16-gcc13-auto-r13-stride16_scan-auto-cache_evicted-branch-6291456,stride16-gcc13-auto,branch,cycles,548789060,250066622,250066622
1,stride16-gcc13-auto-r13-stride16_scan-auto-cache_evicted-branch-6291456,stride16-gcc13-auto,branch,branches,91154823,250066197,250066197
1,stride16-gcc13-auto-r13-stride16_scan-auto-cache_evicted-branch-6291456,stride16-gcc13-auto,branch,branch_misses,968,250062586,250062586
1,stride16-gcc13-auto-r13-stride16_scan-auto-warm-basic-8388608,stride16-gcc13-auto,basic,cycles,549207204,250255081,250255081
1,stride16-gcc13-auto-r13-stride16_scan-auto-warm-basic-8388608,stride16-gcc13-auto,basic,instructions,374954650,250256710,250256710
1,stride16-gcc13-auto-r13-stride16_scan-auto-warm-basic-8388608,stride16-gcc13-auto,basic,ref_cycles,549211102,250253357,250253357
1,stride16-gcc13-auto-r13-stride16_scan-auto-warm-basic-262144,stride16-gcc13-auto,basic,cycles,548733566,250034361,250034361
1,stride16-gcc13-auto-r13-stride16_scan-auto-warm-basic-262144,stride16-gcc13-auto,basic,instructions,864482764,250031582,250031582
1,stride16-gcc13-auto-r13-stride16_scan-auto-warm-basic-262144,stride16-gcc13-auto,basic,ref_cycles,548735418,250028185,250028185
1,stride16-gcc13-auto-r13-stride16_scan-auto-warm-basic-8192,stride16-gcc13-auto,basic,cycles,548731265,250032629,250032629
1,stride16-gcc13-auto-r13-stride16_scan-auto-warm-basic-8192,stride16-gcc13-auto,basic,instructions,1629108651,250031171,250031171
1,stride16-gcc13-auto-r13-stride16_scan-auto-warm-basic-8192,stride16-gcc13-auto,basic,ref_cycles,548733306,250027754,250027754
1,stride16-gcc13-auto-r13-stride16_scan-auto-warm-basic-24576,stride16-gcc13-auto,basic,cycles,548731324,250032024,250032024
1,stride16-gcc13-auto-r13-stride16_scan-auto-warm-basic-24576,stride16-gcc13-auto,basic,instructions,1821337472,250029556,250029556
1,stride16-gcc13-auto-r13-stride16_scan-auto-warm-basic-24576,stride16-gcc13-auto,basic,ref_cycles,548733240,250026192,250026192
1,stride16-gcc13-auto-r13-stride16_scan-auto-cache_evicted-basic-262144,stride16-gcc13-auto,basic,cycles,548742942,250039266,250039266
1,stride16-gcc13-auto-r13-stride16_scan-auto-cache_evicted-basic-262144,stride16-gcc13-auto,basic,instructions,769814576,250037733,250037733
1,stride16-gcc13-auto-r13-stride16_scan-auto-cache_evicted-basic-262144,stride16-gcc13-auto,basic,ref_cycles,548744944,250034704,250034704
1,stride16-gcc13-auto-r13-stride16_scan-auto-cache_evicted-basic-6291456,stride16-gcc13-auto,basic,cycles,549155830,250232410,250232410
1,stride16-gcc13-auto-r13-stride16_scan-auto-cache_evicted-basic-6291456,stride16-gcc13-auto,basic,instructions,462665864,250232564,250232564
1,stride16-gcc13-auto-r13-stride16_scan-auto-cache_evicted-basic-6291456,stride16-gcc13-auto,basic,ref_cycles,549159600,250229342,250229342
1,stride16-gcc13-auto-r13-stride16_scan-auto-warm-basic-294912,stride16-gcc13-auto,basic,cycles,548739052,250037327,250037327
1,stride16-gcc13-auto-r13-stride16_scan-auto-warm-basic-294912,stride16-gcc13-auto,basic,instructions,749352444,250035507,250035507
1,stride16-gcc13-auto-r13-stride16_scan-auto-warm-basic-294912,stride16-gcc13-auto,basic,ref_cycles,548741732,250032651,250032651
1,stride16-gcc13-auto-r13-stride16_scan-auto-warm-branch-32768,stride16-gcc13-auto,branch,cycles,548731287,250033785,250033785
1,stride16-gcc13-auto-r13-stride16_scan-auto-warm-branch-32768,stride16-gcc13-auto,branch,branches,339474281,250032152,250032152
1,stride16-gcc13-auto-r13-stride16_scan-auto-warm-branch-32768,stride16-gcc13-auto,branch,branch_misses,627680,250028926,250028926
1,stride16-gcc13-auto-r13-stride16_scan-auto-warm-basic-49152,stride16-gcc13-auto,basic,cycles,548730926,250032004,250032004
1,stride16-gcc13-auto-r13-stride16_scan-auto-warm-basic-49152,stride16-gcc13-auto,basic,instructions,1062317615,250030103,250030103
1,stride16-gcc13-auto-r13-stride16_scan-auto-warm-basic-49152,stride16-gcc13-auto,basic,ref_cycles,548732448,250027007,250027007
1,stride16-gcc13-auto-r13-stride16_scan-auto-warm-basic-65536,stride16-gcc13-auto,basic,cycles,548732051,250033204,250033204
1,stride16-gcc13-auto-r13-stride16_scan-auto-warm-basic-65536,stride16-gcc13-auto,basic,instructions,1059479302,250029388,250029388
1,stride16-gcc13-auto-r13-stride16_scan-auto-warm-basic-65536,stride16-gcc13-auto,basic,ref_cycles,548732778,250025756,250025756
1,stride16-gcc13-auto-r13-stride16_scan-auto-warm-branch-393216,stride16-gcc13-auto,branch,cycles,548752438,250043806,250043806
1,stride16-gcc13-auto-r13-stride16_scan-auto-warm-branch-393216,stride16-gcc13-auto,branch,branches,112367263,250042284,250042284
1,stride16-gcc13-auto-r13-stride16_scan-auto-warm-branch-393216,stride16-gcc13-auto,branch,branch_misses,18256,250038519,250038519
1,stride16-gcc13-auto-r13-stride16_scan-auto-warm-basic-36864,stride16-gcc13-auto,basic,cycles,548731566,250032022,250032022
1,stride16-gcc13-auto-r13-stride16_scan-auto-warm-basic-36864,stride16-gcc13-auto,basic,instructions,1037693051,250029066,250029066
1,stride16-gcc13-auto-r13-stride16_scan-auto-warm-basic-36864,stride16-gcc13-auto,basic,ref_cycles,548732998,250025912,250025912
1,stride16-gcc13-auto-r13-stride16_scan-auto-warm-branch-5242880,stride16-gcc13-auto,branch,cycles,548882160,250106787,250106787
1,stride16-gcc13-auto-r13-stride16_scan-auto-warm-branch-5242880,stride16-gcc13-auto,branch,branches,104321212,250106402,250106402
1,stride16-gcc13-auto-r13-stride16_scan-auto-warm-branch-5242880,stride16-gcc13-auto,branch,branch_misses,1320,250102772,250102772
1,stride16-gcc13-auto-r13-stride16_scan-auto-warm-basic-1048576,stride16-gcc13-auto,basic,cycles,548750110,250042553,250042553
1,stride16-gcc13-auto-r13-stride16_scan-auto-warm-basic-1048576,stride16-gcc13-auto,basic,instructions,561797160,250040824,250040824
1,stride16-gcc13-auto-r13-stride16_scan-auto-warm-basic-1048576,stride16-gcc13-auto,basic,ref_cycles,548752798,250037993,250037993
1,stride16-gcc13-auto-r13-stride16_scan-auto-cache_evicted-basic-1048576,stride16-gcc13-auto,basic,cycles,548795387,250063806,250063806
1,stride16-gcc13-auto-r13-stride16_scan-auto-cache_evicted-basic-1048576,stride16-gcc13-auto,basic,instructions,561715100,250061573,250061573
1,stride16-gcc13-auto-r13-stride16_scan-auto-cache_evicted-basic-1048576,stride16-gcc13-auto,basic,ref_cycles,548798074,250058505,250058505
1,stride16-gcc13-auto-r13-stride16_scan-auto-warm-basic-7340032,stride16-gcc13-auto,basic,cycles,549000616,250163436,250163436
1,stride16-gcc13-auto-r13-stride16_scan-auto-warm-basic-7340032,stride16-gcc13-auto,basic,instructions,391191738,250162045,250162045
1,stride16-gcc13-auto-r13-stride16_scan-auto-warm-basic-7340032,stride16-gcc13-auto,basic,ref_cycles,549005116,250158223,250158223
1,stride16-gcc13-auto-r13-stride16_scan-auto-warm-branch-8192,stride16-gcc13-auto,branch,cycles,548730780,250032371,250032371
1,stride16-gcc13-auto-r13-stride16_scan-auto-warm-branch-8192,stride16-gcc13-auto,branch,branches,326871594,250030442,250030442
1,stride16-gcc13-auto-r13-stride16_scan-auto-warm-branch-8192,stride16-gcc13-auto,branch,branch_misses,2082455,250026982,250026982
1,stride16-gcc13-auto-r13-stride16_scan-auto-warm-branch-262144,stride16-gcc13-auto,branch,cycles,548733721,250034817,250034817
1,stride16-gcc13-auto-r13-stride16_scan-auto-warm-branch-262144,stride16-gcc13-auto,branch,branches,154848535,250031255,250031255
1,stride16-gcc13-auto-r13-stride16_scan-auto-warm-branch-262144,stride16-gcc13-auto,branch,branch_misses,37593,250027390,250027390
1,stride16-gcc13-auto-r13-stride16_scan-auto-warm-basic-5242880,stride16-gcc13-auto,basic,cycles,549130124,250218813,250218813
1,stride16-gcc13-auto-r13-stride16_scan-auto-warm-basic-5242880,stride16-gcc13-auto,basic,instructions,511373622,250219260,250219260
1,stride16-gcc13-auto-r13-stride16_scan-auto-warm-basic-5242880,stride16-gcc13-auto,basic,ref_cycles,549133794,250215850,250215850
1,stride16-gcc13-auto-r13-stride16_scan-auto-warm-branch-49152,stride16-gcc13-auto,branch,cycles,548732474,250034688,250034688
1,stride16-gcc13-auto-r13-stride16_scan-auto-warm-branch-49152,stride16-gcc13-auto,branch,branches,206258228,250033102,250033102
1,stride16-gcc13-auto-r13-stride16_scan-auto-warm-branch-49152,stride16-gcc13-auto,branch,branch_misses,258924,250029469,250029469
1,stride16-gcc13-auto-r13-stride16_scan-auto-warm-branch-134217728,stride16-gcc13-auto,branch,cycles,567746942,258704893,258704893
1,stride16-gcc13-auto-r13-stride16_scan-auto-warm-branch-134217728,stride16-gcc13-auto,branch,branches,56624022,258704173,258704173
1,stride16-gcc13-auto-r13-stride16_scan-auto-warm-branch-134217728,stride16-gcc13-auto,branch,branch_misses,60,258700361,258700361
1,stride16-gcc13-auto-r13-stride16_scan-auto-cache_evicted-basic-536870912,stride16-gcc13-auto,basic,cycles,595845389,271504183,271504183
1,stride16-gcc13-auto-r13-stride16_scan-auto-cache_evicted-basic-536870912,stride16-gcc13-auto,basic,instructions,293602988,271503343,271503343
1,stride16-gcc13-auto-r13-stride16_scan-auto-cache_evicted-basic-536870912,stride16-gcc13-auto,basic,ref_cycles,595848836,271500218,271500218
1,stride16-gcc13-auto-r13-stride16_scan-auto-cache_evicted-branch-32768,stride16-gcc13-auto,branch,cycles,548730886,250034329,250034329
1,stride16-gcc13-auto-r13-stride16_scan-auto-cache_evicted-branch-32768,stride16-gcc13-auto,branch,branches,345519901,250029909,250029909
1,stride16-gcc13-auto-r13-stride16_scan-auto-cache_evicted-branch-32768,stride16-gcc13-auto,branch,branch_misses,638847,250025761,250025761
1,stride16-gcc13-auto-r13-stride16_scan-auto-cache_evicted-basic-8388608,stride16-gcc13-auto,basic,cycles,549195564,250251149,250251149
1,stride16-gcc13-auto-r13-stride16_scan-auto-cache_evicted-basic-8388608,stride16-gcc13-auto,basic,instructions,382165298,250250912,250250912
1,stride16-gcc13-auto-r13-stride16_scan-auto-cache_evicted-basic-8388608,stride16-gcc13-auto,basic,ref_cycles,549199200,250247899,250247899
1,stride16-gcc13-auto-r13-stride16_scan-auto-warm-basic-393216,stride16-gcc13-auto,basic,cycles,548747423,250039805,250039805
1,stride16-gcc13-auto-r13-stride16_scan-auto-warm-basic-393216,stride16-gcc13-auto,basic,instructions,561382572,250037644,250037644
1,stride16-gcc13-auto-r13-stride16_scan-auto-warm-basic-393216,stride16-gcc13-auto,basic,ref_cycles,548748948,250034472,250034472
1,stride16-gcc13-auto-r13-stride16_scan-auto-warm-basic-98304,stride16-gcc13-auto,basic,cycles,548733827,250033787,250033787
1,stride16-gcc13-auto-r13-stride16_scan-auto-warm-basic-98304,stride16-gcc13-auto,basic,instructions,1045534332,250032844,250032844
1,stride16-gcc13-auto-r13-stride16_scan-auto-warm-basic-98304,stride16-gcc13-auto,basic,ref_cycles,548736276,250029974,250029974
1,stride16-gcc13-auto-r13-stride16_scan-auto-warm-basic-33554432,stride16-gcc13-auto,basic,cycles,553446928,252186587,252186587
1,stride16-gcc13-auto-r13-stride16_scan-auto-warm-basic-33554432,stride16-gcc13-auto,basic,instructions,272646406,252186397,252186397
1,stride16-gcc13-auto-r13-stride16_scan-auto-warm-basic-33554432,stride16-gcc13-auto,basic,ref_cycles,553450502,252183040,252183040
1,stride16-gcc13-auto-r13-stride16_scan-auto-warm-basic-131072,stride16-gcc13-auto,basic,cycles,548736240,250035142,250035142
1,stride16-gcc13-auto-r13-stride16_scan-auto-warm-basic-131072,stride16-gcc13-auto,basic,instructions,1056427473,250033119,250033119
1,stride16-gcc13-auto-r13-stride16_scan-auto-warm-basic-131072,stride16-gcc13-auto,basic,ref_cycles,548738476,250030076,250030076
1,stride16-gcc13-auto-r13-stride16_scan-auto-warm-basic-16384,stride16-gcc13-auto,basic,cycles,548731436,250033153,250033153
1,stride16-gcc13-auto-r13-stride16_scan-auto-warm-basic-16384,stride16-gcc13-auto,basic,instructions,1723420679,250032029,250032029
1,stride16-gcc13-auto-r13-stride16_scan-auto-warm-basic-16384,stride16-gcc13-auto,basic,ref_cycles,548734296,250029146,250029146
1,stride16-gcc13-auto-r13-stride16_scan-auto-warm-branch-65536,stride16-gcc13-auto,branch,cycles,548730584,250033334,250033334
1,stride16-gcc13-auto-r13-stride16_scan-auto-warm-branch-65536,stride16-gcc13-auto,branch,branches,207101135,250031197,250031197
1,stride16-gcc13-auto-r13-stride16_scan-auto-warm-branch-65536,stride16-gcc13-auto,branch,branch_misses,196763,250027382,250027382
1,stride16-gcc13-auto-r13-stride16_scan-auto-warm-branch-24576,stride16-gcc13-auto,branch,cycles,548731200,250033395,250033395
1,stride16-gcc13-auto-r13-stride16_scan-auto-warm-branch-24576,stride16-gcc13-auto,branch,branches,362363272,250031419,250031419
1,stride16-gcc13-auto-r13-stride16_scan-auto-warm-branch-24576,stride16-gcc13-auto,branch,branch_misses,877656,250027715,250027715
1,stride16-gcc13-auto-r14-stride16_scan-auto-warm-basic-36864,stride16-gcc13-auto,basic,cycles,548730561,250032547,250032547
1,stride16-gcc13-auto-r14-stride16_scan-auto-warm-basic-36864,stride16-gcc13-auto,basic,instructions,1031756605,250029613,250029613
1,stride16-gcc13-auto-r14-stride16_scan-auto-warm-basic-36864,stride16-gcc13-auto,basic,ref_cycles,548731876,250025973,250025973
1,stride16-gcc13-auto-r14-stride16_scan-auto-warm-branch-196608,stride16-gcc13-auto,branch,cycles,548733306,250034594,250034594
1,stride16-gcc13-auto-r14-stride16_scan-auto-warm-branch-196608,stride16-gcc13-auto,branch,branches,184717448,250032729,250032729
1,stride16-gcc13-auto-r14-stride16_scan-auto-warm-branch-196608,stride16-gcc13-auto,branch,branch_misses,59939,250029291,250029291
1,stride16-gcc13-auto-r14-stride16_scan-auto-cache_evicted-basic-1048576,stride16-gcc13-auto,basic,cycles,548799999,250064965,250064965
1,stride16-gcc13-auto-r14-stride16_scan-auto-cache_evicted-basic-1048576,stride16-gcc13-auto,basic,instructions,561715086,250062146,250062146
1,stride16-gcc13-auto-r14-stride16_scan-auto-cache_evicted-basic-1048576,stride16-gcc13-auto,basic,ref_cycles,548801660,250058782,250058782
1,stride16-gcc13-auto-r14-stride16_scan-auto-warm-basic-6291456,stride16-gcc13-auto,basic,cycles,549150099,250229745,250229745
1,stride16-gcc13-auto-r14-stride16_scan-auto-warm-basic-6291456,stride16-gcc13-auto,basic,instructions,448407318,250229079,250229079
1,stride16-gcc13-auto-r14-stride16_scan-auto-warm-basic-6291456,stride16-gcc13-auto,basic,ref_cycles,549153704,250225054,250225054
1,stride16-gcc13-auto-r14-stride16_scan-auto-warm-branch-134217728,stride16-gcc13-auto,branch,cycles,553249771,252098332,252098332
1,stride16-gcc13-auto-r14-stride16_scan-auto-warm-branch-134217728,stride16-gcc13-auto,branch,branches,54526838,252097281,252097281
1,stride16-gcc13-auto-r14-stride16_scan-auto-warm-branch-134217728,stride16-gcc13-auto,branch,branch_misses,53,252093388,252093388
1,stride16-gcc13-auto-r14-stride16_scan-auto-warm-branch-49152,stride16-gcc13-auto,branch,cycles,548731410,250034051,250034051
1,stride16-gcc13-auto-r14-stride16_scan-auto-warm-branch-49152,stride16-gcc13-auto,branch,branches,206283049,250032414,250032414
1,stride16-gcc13-auto-r14-stride16_scan-auto-warm-branch-49152,stride16-gcc13-auto,branch,branch_misses,258939,250029298,250029298
1,stride16-gcc13-auto-r14-stride16_scan-auto-warm-basic-131072,stride16-gcc13-auto,basic,cycles,548732749,250032882,250032882
1,stride16-gcc13-auto-r14-stride16_scan-auto-warm-basic-131072,stride16-gcc13-auto,basic,instructions,1073087779,250028776,250028776
1,stride16-gcc13-auto-r14-stride16_scan-auto-warm-basic-131072,stride16-gcc13-auto,basic,ref_cycles,548733724,250024913,250024913
1,stride16-gcc13-auto-r14-stride16_scan-auto-warm-branch-524288,stride16-gcc13-auto,branch,cycles,548746004,250040230,250040230
1,stride16-gcc13-auto-r14-stride16_scan-auto-warm-branch-524288,stride16-gcc13-auto,branch,branches,112241485,250039188,250039188
1,stride16-gcc13-auto-r14-stride16_scan-auto-warm-branch-524288,stride16-gcc13-auto,branch,branch_misses,13703,250035662,250035662
1,stride16-gcc13-auto-r14-stride16_scan-auto-warm-branch-28672,stride16-gcc13-auto,branch,cycles,548730967,250032501,250032501
1,stride16-gcc13-auto-r14-stride16_scan-auto-warm-branch-28672,stride16-gcc13-auto,branch,branches,352658244,250029875,250029875
1,stride16-gcc13-auto-r14-stride16_scan-auto-warm-branch-28672,stride16-gcc13-auto,branch,branch_misses,739546,250026160,250026160
1,stride16-gcc13-auto-r14-stride16_scan-auto-warm-branch-2097152,stride16-gcc13-auto,branch,cycles,548775340,250054996,250054996
1,stride16-gcc13-auto-r14-stride16_scan-auto-warm-branch-2097152,stride16-gcc13-auto,branch,branches,112329864,250052720,250052720
1,stride16-gcc13-auto-r14-stride16_scan-auto-warm-branch-2097152,stride16-gcc13-auto,branch,branch_misses,3474,250049463,250049463
1,stride16-gcc13-auto-r14-stride16_scan-auto-warm-basic-24576,stride16-gcc13-auto,basic,cycles,548730894,250032551,250032551
1,stride16-gcc13-auto-r14-stride16_scan-auto-warm-basic-24576,stride16-gcc13-auto,basic,instructions,1823145772,250030318,250030318
1,stride16-gcc13-auto-r14-stride16_scan-auto-warm-basic-24576,stride16-gcc13-auto,basic,ref_cycles,548732734,250026584,250026584
1,stride16-gcc13-auto-r14-stride16_scan-auto-warm-branch-536870912,stride16-gcc13-auto,branch,cycles,600097717,273443430,273443430
1,stride16-gcc13-auto-r14-stride16_scan-auto-warm-branch-536870912,stride16-gcc13-auto,branch,branches,58720591,273442892,273442892
1,stride16-gcc13-auto-r14-stride16_scan-auto-warm-branch-536870912,stride16-gcc13-auto,branch,branch_misses,39,273438855,273438855
1,stride16-gcc13-auto-r14-stride16_scan-auto-warm-branch-7340032,stride16-gcc13-auto,branch,cycles,548988960,250157599,250157599
1,stride16-gcc13-auto-r14-stride16_scan-auto-warm-branch-7340032,stride16-gcc13-auto,branch,branches,85579018,250157235,250157235
1,stride16-gcc13-auto-r14-stride16_scan-auto-warm-branch-7340032,stride16-gcc13-auto,branch,branch_misses,798,250153377,250153377
1,stride16-gcc13-auto-r14-stride16_scan-auto-warm-branch-6291456,stride16-gcc13-auto,branch,cycles,549304493,250301232,250301232
1,stride16-gcc13-auto-r14-stride16_scan-auto-warm-branch-6291456,stride16-gcc13-auto,branch,branches,97743134,250301082,250301082
1,stride16-gcc13-auto-r14-stride16_scan-auto-warm-branch-6291456,stride16-gcc13-auto,branch,branch_misses,1037,250297000,250297000
1,stride16-gcc13-auto-r14-stride16_scan-auto-warm-basic-196608,stride16-gcc13-auto,basic,cycles,548734442,250034211,250034211
1,stride16-gcc13-auto-r14-stride16_scan-auto-warm-basic-196608,stride16-gcc13-auto,basic,instructions,1123633281,250031751,250031751
1,stride16-gcc13-auto-r14-stride16_scan-auto-warm-basic-196608,stride16-gcc13-auto,basic,ref_cycles,548736122,250028255,250028255
1,stride16-gcc13-auto-r14-stride16_scan-auto-cache_evicted-branch-262144,stride16-gcc13-auto,branch,cycles,548742003,250039187,250039187
1,stride16-gcc13-auto-r14-stride16_scan-auto-cache_evicted-branch-262144,stride16-gcc13-auto,branch,branches,167669255,250037271,250037271
1,stride16-gcc13-auto-r14-stride16_scan-auto-cache_evicted-branch-262144,stride16-gcc13-auto,branch,branch_misses,47089,250033606,250033606
1,stride16-gcc13-auto-r14-stride16_scan-auto-warm-basic-8388608,stride16-gcc13-auto,basic,cycles,548746833,250045271,250045271
1,stride16-gcc13-auto-r14-stride16_scan-auto-warm-basic-8388608,stride16-gcc13-auto,basic,instructions,386098376,250045594,250045594
1,stride16-gcc13-auto-r14-stride16_scan-auto-warm-basic-8388608,stride16-gcc13-auto,basic,ref_cycles,548751016,250042718,250042718
1,stride16-gcc13-auto-r14-stride16_scan-auto-warm-branch-16384,stride16-gcc13-auto,branch,cycles,548730906,250033442,250033442
1,stride16-gcc13-auto-r14-stride16_scan-auto-warm-branch-16384,stride16-gcc13-auto,branch,branches,350517600,250031723,250031723
1,stride16-gcc13-auto-r14-stride16_scan-auto-warm-branch-16384,stride16-gcc13-auto,branch,branch_misses,1230260,250028090,250028090
1,stride16-gcc13-auto-r14-stride16_scan-auto-warm-branch-33554432,stride16-gcc13-auto,branch,cycles,553600329,252258452,252258452
1,stride16-gcc13-auto-r14-stride16_scan-auto-warm-branch-33554432,stride16-gcc13-auto,branch,branches,55053417,252258584,252258584
1,stride16-gcc13-auto-r14-stride16_scan-auto-warm-branch-33554432,stride16-gcc13-auto,branch,branch_misses,139,252254742,252254742
1,stride16-gcc13-auto-r14-stride16_scan-auto-cache_evicted-branch-32768,stride16-gcc13-auto,branch,cycles,548731191,250036665,250036665
1,stride16-gcc13-auto-r14-stride16_scan-auto-cache_evicted-branch-32768,stride16-gcc13-auto,branch,branches,343203265,250034173,250034173
1,stride16-gcc13-auto-r14-stride16_scan-auto-cache_evicted-branch-32768,stride16-gcc13-auto,branch,branch_misses,634624,250030344,250030344
1,stride16-gcc13-auto-r14-stride16_scan-auto-warm-branch-229376,stride16-gcc13-auto,branch,cycles,548738101,250037906,250037906
1,stride16-gcc13-auto-r14-stride16_scan-auto-warm-branch-229376,stride16-gcc13-auto,branch,branches,168929616,250034990,250034990
1,stride16-gcc13-auto-r14-stride16_scan-auto-warm-branch-229376,stride16-gcc13-auto,branch,branch_misses,46862,250031354,250031354
1,stride16-gcc13-auto-r14-stride16_scan-auto-warm-branch-393216,stride16-gcc13-auto,branch,cycles,548759115,250046704,250046704
1,stride16-gcc13-auto-r14-stride16_scan-auto-warm-branch-393216,stride16-gcc13-auto,branch,branches,112274681,250045153,250045153
1,stride16-gcc13-auto-r14-stride16_scan-auto-warm-branch-393216,stride16-gcc13-auto,branch,branch_misses,18246,250041884,250041884
1,stride16-gcc13-auto-r14-stride16_scan-auto-warm-branch-12582912,stride16-gcc13-auto,branch,cycles,549901124,250573168,250573168
1,stride16-gcc13-auto-r14-stride16_scan-auto-warm-branch-12582912,stride16-gcc13-auto,branch,branches,61744150,250573056,250573056
1,stride16-gcc13-auto-r14-stride16_scan-auto-warm-branch-12582912,stride16-gcc13-auto,branch,branch_misses,346,250569312,250569312
1,stride16-gcc13-auto-r14-stride16_scan-auto-warm-basic-229376,stride16-gcc13-auto,basic,cycles,548731442,250032367,250032367
1,stride16-gcc13-auto-r14-stride16_scan-auto-warm-basic-229376,stride16-gcc13-auto,basic,instructions,812573092,250030043,250030043
1,stride16-gcc13-auto-r14-stride16_scan-auto-warm-basic-229376,stride16-gcc13-auto,basic,ref_cycles,548732998,250027017,250027017
1,stride16-gcc13-auto-r14-stride16_scan-auto-warm-basic-12582912,stride16-gcc13-auto,basic,cycles,548861181,250098828,250098828
1,stride16-gcc13-auto-r14-stride16_scan-auto-warm-basic-12582912,stride16-gcc13-auto,basic,instructions,306757158,250099145,250099145
1,stride16-gcc13-auto-r14-stride16_scan-auto-warm-basic-12582912,stride16-gcc13-auto,basic,ref_cycles,548864646,250095917,250095917
1,stride16-gcc13-auto-r14-stride16_scan-auto-warm-basic-4194304,stride16-gcc13-auto,basic,cycles,549023500,250169784,250169784
1,stride16-gcc13-auto-r14-stride16_scan-auto-warm-basic-4194304,stride16-gcc13-auto,basic,instructions,557974112,250169605,250169605
1,stride16-gcc13-auto-r14-stride16_scan-auto-warm-basic-4194304,stride16-gcc13-auto,basic,ref_cycles,549026896,250166347,250166347
1,stride16-gcc13-auto-r14-stride16_scan-auto-cache_evicted-basic-536870912,stride16-gcc13-auto,basic,cycles,597080259,272066501,272066501
1,stride16-gcc13-auto-r14-stride16_scan-auto-cache_evicted-basic-536870912,stride16-gcc13-auto,basic,instructions,293602988,272066166,272066166
1,stride16-gcc13-auto-r14-stride16_scan-auto-cache_evicted-basic-536870912,stride16-gcc13-auto,basic,ref_cycles,597085038,272063223,272063223
1,stride16-gcc13-auto-r14-stride16_scan-auto-warm-basic-98304,stride16-gcc13-auto,basic,cycles,548733678,250035192,250035192
1,stride16-gcc13-auto-r14-stride16_scan-auto-warm-basic-98304,stride16-gcc13-auto,basic,instructions,1051798094,250031376,250031376
1,stride16-gcc13-auto-r14-stride16_scan-auto-warm-basic-98304,stride16-gcc13-auto,basic,ref_cycles,548734890,250027244,250027244
1,stride16-gcc13-auto-r14-stride16_scan-auto-warm-basic-32768,stride16-gcc13-auto,basic,cycles,548732014,250032932,250032932
1,stride16-gcc13-auto-r14-stride16_scan-auto-warm-basic-32768,stride16-gcc13-auto,basic,instructions,1730820280,250031882,250031882
1,stride16-gcc13-auto-r14-stride16_scan-auto-warm-basic-32768,stride16-gcc13-auto,basic,ref_cycles,548734868,250028573,250028573
1,stride16-gcc13-auto-r14-stride16_scan-auto-warm-branch-294912,stride16-gcc13-auto,branch,cycles,548737675,250036341,250036341
1,stride16-gcc13-auto-r14-stride16_scan-auto-warm-branch-294912,stride16-gcc13-auto,branch,branches,133615317,250033870,250033870
1,stride16-gcc13-auto-r14-stride16_scan-auto-warm-branch-294912,stride16-gcc13-auto,branch,branch_misses,28879,250030492,250030492
1,stride16-gcc13-auto-r14-stride16_scan-auto-warm-branch-8192,stride16-gcc13-auto,branch,cycles,548730325,250032481,250032481
1,stride16-gcc13-auto-r14-stride16_scan-auto-warm-branch-8192,stride16-gcc13-auto,branch,branches,320832713,250028920,250028920
1,stride16-gcc13-auto-r14-stride16_scan-auto-warm-branch-8192,stride16-gcc13-auto,branch,branch_misses,2044004,250025041,250025041
1,stride16-gcc13-auto-r14-stride16_scan-auto-warm-branch-24576,stride16-gcc13-auto,branch,cycles,548730790,250032020,250032020
1,stride16-gcc13-auto-r14-stride16_scan-auto-warm-branch-24576,stride16-gcc13-auto,branch,branches,364048751,250029212,250029212
1,stride16-gcc13-auto-r14-stride16_scan-auto-warm-branch-24576,stride16-gcc13-auto,branch,branch_misses,881716,250025758,250025758
1,stride16-gcc13-auto-r14-stride16_scan-auto-warm-basic-536870912,stride16-gcc13-auto,basic,cycles,595645914,271413565,271413565
1,stride16-gcc13-auto-r14-stride16_scan-auto-warm-basic-536870912,stride16-gcc13-auto,basic,instructions,293602988,271413301,271413301
1,stride16-gcc13-auto-r14-stride16_scan-auto-warm-basic-536870912,stride16-gcc13-auto,basic,ref_cycles,595650242,271410076,271410076
1,stride16-gcc13-auto-r14-stride16_scan-auto-warm-branch-32768,stride16-gcc13-auto,branch,cycles,548730708,250032464,250032464
1,stride16-gcc13-auto-r14-stride16_scan-auto-warm-branch-32768,stride16-gcc13-auto,branch,branches,341294284,250029462,250029462
1,stride16-gcc13-auto-r14-stride16_scan-auto-warm-branch-32768,stride16-gcc13-auto,branch,branch_misses,631072,250025461,250025461
1,stride16-gcc13-auto-r14-stride16_scan-auto-warm-branch-98304,stride16-gcc13-auto,branch,cycles,548733519,250034332,250034332
1,stride16-gcc13-auto-r14-stride16_scan-auto-warm-branch-98304,stride16-gcc13-auto,branch,branches,208882365,250031300,250031300
1,stride16-gcc13-auto-r14-stride16_scan-auto-warm-branch-98304,stride16-gcc13-auto,branch,branch_misses,133594,250027939,250027939
1,stride16-gcc13-auto-r14-stride16_scan-auto-cache_evicted-basic-262144,stride16-gcc13-auto,basic,cycles,548734800,250036076,250036076
1,stride16-gcc13-auto-r14-stride16_scan-auto-cache_evicted-basic-262144,stride16-gcc13-auto,basic,instructions,779945273,250034577,250034577
1,stride16-gcc13-auto-r14-stride16_scan-auto-cache_evicted-basic-262144,stride16-gcc13-auto,basic,ref_cycles,548737156,250031607,250031607
1,stride16-gcc13-auto-r14-stride16_scan-auto-cache_evicted-basic-32768,stride16-gcc13-auto,basic,cycles,548730813,250032078,250032078
1,stride16-gcc13-auto-r14-stride16_scan-auto-cache_evicted-basic-32768,stride16-gcc13-auto,basic,instructions,1729534314,250028994,250028994
1,stride16-gcc13-auto-r14-stride16_scan-auto-cache_evicted-basic-32768,stride16-gcc13-auto,basic,ref_cycles,548731986,250025393,250025393
1,stride16-gcc13-auto-r14-stride16_scan-auto-warm-basic-2097152,stride16-gcc13-auto,basic,cycles,548832040,250079632,250079632
1,stride16-gcc13-auto-r14-stride16_scan-auto-warm-basic-2097152,stride16-gcc13-auto,basic,instructions,561680080,250077377,250077377
1,stride16-gcc13-auto-r14-stride16_scan-auto-warm-basic-2097152,stride16-gcc13-auto,basic,ref_cycles,548833978,250073838,250073838
1,stride16-gcc13-auto-r14-stride16_scan-auto-warm-basic-524288,stride16-gcc13-auto,basic,cycles,548765399,250049235,250049235
1,stride16-gcc13-auto-r14-stride16_scan-auto-warm-basic-524288,stride16-gcc13-auto,basic,instructions,561247885,250047223,250047223
1,stride16-gcc13-auto-r14-stride16_scan-auto-warm-basic-524288,stride16-gcc13-auto,basic,ref_cycles,548768572,250044452,250044452
1,stride16-gcc13-auto-r14-stride16_scan-auto-cache_evicted-branch-6291456,stride16-gcc13-auto,branch,cycles,549197905,250252294,250252294
1,stride16-gcc13-auto-r14-stride16_scan-auto-cache_evicted-branch-6291456,stride16-gcc13-auto,branch,branches,94301479,250251851,250251851
1,stride16-gcc13-auto-r14-stride16_scan-auto-cache_evicted-branch-6291456,stride16-gcc13-auto,branch,branch_misses,1003,250247835,250247835
1,stride16-gcc13-auto-r14-stride16_scan-auto-cache_evicted-basic-6291456,stride16-gcc13-auto,basic,cycles,549051760,250185468,250185468
1,stride16-gcc13-auto-r14-stride16_scan-auto-cache_evicted-basic-6291456,stride16-gcc13-auto,basic,instructions,492658008,250184862,250184862
1,stride16-gcc13-auto-r14-stride16_scan-auto-cache_evicted-basic-6291456,stride16-gcc13-auto,basic,ref_cycles,549055144,250181650,250181650
1,stride16-gcc13-auto-r14-stride16_scan-auto-cache_evicted-branch-8388608,stride16-gcc13-auto,branch,cycles,549473722,250378876,250378876
1,stride16-gcc13-auto-r14-stride16_scan-auto-cache_evicted-branch-8388608,stride16-gcc13-auto,branch,branches,77480830,250378107,250378107
1,stride16-gcc13-auto-r14-stride16_scan-auto-cache_evicted-branch-8388608,stride16-gcc13-auto,branch,branch_misses,638,250374280,250374280
1,stride16-gcc13-auto-r14-stride16_scan-auto-warm-branch-5242880,stride16-gcc13-auto,branch,cycles,548835684,250086290,250086290
1,stride16-gcc13-auto-r14-stride16_scan-auto-warm-branch-5242880,stride16-gcc13-auto,branch,branches,108090863,250085761,250085761
1,stride16-gcc13-auto-r14-stride16_scan-auto-warm-branch-5242880,stride16-gcc13-auto,branch,branch_misses,1363,250082391,250082391
1,stride16-gcc13-auto-r14-stride16_scan-auto-warm-basic-393216,stride16-gcc13-auto,basic,cycles,548731369,250032769,250032769
1,stride16-gcc13-auto-r14-stride16_scan-auto-warm-basic-393216,stride16-gcc13-auto,basic,instructions,561259104,250029136,250029136
1,stride16-gcc13-auto-r14-stride16_scan-auto-warm-basic-393216,stride16-gcc13-auto,basic,ref_cycles,548732602,250025761,250025761
1,stride16-gcc13-auto-r14-stride16_scan-auto-cache_evicted-branch-33554432,stride16-gcc13-auto,branch,cycles,552850702,251917839,251917839
1,stride16-gcc13-auto-r14-stride16_scan-auto-cache_evicted-branch-33554432,stride16-gcc13-auto,branch,branches,55577734,251917227,251917227
1,stride16-gcc13-auto-r14-stride16_scan-auto-cache_evicted-branch-33554432,stride16-gcc13-auto,branch,branch_misses,140,251913250,251913250
1,stride16-gcc13-auto-r14-stride16_scan-auto-warm-branch-4194304,stride16-gcc13-auto,branch,cycles,548811703,250074494,250074494
1,stride16-gcc13-auto-r14-stride16_scan-auto-warm-branch-4194304,stride16-gcc13-auto,branch,branches,111329502,250073692,250073692
1,stride16-gcc13-auto-r14-stride16_scan-auto-warm-branch-4194304,stride16-gcc13-auto,branch,branch_misses,1743,250069686,250069686
1,stride16-gcc13-auto-r14-stride16_scan-auto-cache_evicted-basic-33554432,stride16-gcc13-auto,basic,cycles,552341934,251684325,251684325
1,stride16-gcc13-auto-r14-stride16_scan-auto-cache_evicted-basic-33554432,stride16-gcc13-auto,basic,instructions,272646406,251682868,251682868
1,stride16-gcc13-auto-r14-stride16_scan-auto-cache_evicted-basic-33554432,stride16-gcc13-auto,basic,ref_cycles,552344936,251679509,251679509
1,stride16-gcc13-auto-r14-stride16_scan-auto-warm-basic-16384,stride16-gcc13-auto,basic,cycles,548732179,250033340,250033340
1,stride16-gcc13-auto-r14-stride16_scan-auto-warm-basic-16384,stride16-gcc13-auto,basic,instructions,1737117363,250032147,250032147
1,stride16-gcc13-auto-r14-stride16_scan-auto-warm-basic-16384,stride16-gcc13-auto,basic,ref_cycles,548734758,250029205,250029205
1,stride16-gcc13-auto-r14-stride16_scan-auto-warm-basic-262144,stride16-gcc13-auto,basic,cycles,548740433,250036062,250036062
1,stride16-gcc13-auto-r14-stride16_scan-auto-warm-basic-262144,stride16-gcc13-auto,basic,instructions,798619103,250032435,250032435
1,stride16-gcc13-auto-r14-stride16_scan-auto-warm-basic-262144,stride16-gcc13-auto,basic,ref_cycles,548741688,250028946,250028946
1,stride16-gcc13-auto-r14-stride16_scan-auto-warm-branch-131072,stride16-gcc13-auto,branch,cycles,548733392,250034094,250034094
1,stride16-gcc13-auto-r14-stride16_scan-auto-warm-branch-131072,stride16-gcc13-auto,branch,branches,211378581,250031215,250031215
1,stride16-gcc13-auto-r14-stride16_scan-auto-warm-branch-131072,stride16-gcc13-auto,branch,branch_misses,101951,250027519,250027519
1,stride16-gcc13-auto-r14-stride16_scan-auto-warm-basic-65536,stride16-gcc13-auto,basic,cycles,548731016,250032354,250032354
1,stride16-gcc13-auto-r14-stride16_scan-auto-warm-basic-65536,stride16-gcc13-auto,basic,instructions,1052322421,250030282,250030282
1,stride16-gcc13-auto-r14-stride16_scan-auto-warm-basic-65536,stride16-gcc13-auto,basic,ref_cycles,548732866,250027154,250027154
1,stride16-gcc13-auto-r14-stride16_scan-auto-warm-branch-36864,stride16-gcc13-auto,branch,cycles,548731969,250033897,250033897
1,stride16-gcc13-auto-r14-stride16_scan-auto-warm-branch-36864,stride16-gcc13-auto,branch,branches,205191967,250032584,250032584
1,stride16-gcc13-auto-r14-stride16_scan-auto-warm-branch-36864,stride16-gcc13-auto,branch,branch_misses,339272,250029506,250029506
1,stride16-gcc13-auto-r14-stride16_scan-auto-warm-basic-1048576,stride16-gcc13-auto,basic,cycles,548799353,250064127,250064127
1,stride16-gcc13-auto-r14-stride16_scan-auto-warm-basic-1048576,stride16-gcc13-auto,basic,instructions,561797160,250060444,250060444
1,stride16-gcc13-auto-r14-stride16_scan-auto-warm-basic-1048576,stride16-gcc13-auto,basic,ref_cycles,548800824,250057096,250057096
1,stride16-gcc13-auto-r14-stride16_scan-auto-cache_evicted-basic-8388608,stride16-gcc13-auto,basic,cycles,548769146,250055579,250055579
1,stride16-gcc13-auto-r14-stride16_scan-auto-cache_evicted-basic-8388608,stride16-gcc13-auto,basic,instructions,385442862,250055512,250055512
1,stride16-gcc13-auto-r14-stride16_scan-auto-cache_evicted-basic-8388608,stride16-gcc13-auto,basic,ref_cycles,548772862,250052465,250052465
1,stride16-gcc13-auto-r14-stride16_scan-auto-warm-basic-134217728,stride16-gcc13-auto,basic,cycles,557660941,254108425,254108425
1,stride16-gcc13-auto-r14-stride16_scan-auto-warm-basic-134217728,stride16-gcc13-auto,basic,instructions,272634394,254107601,254107601
1,stride16-gcc13-auto-r14-stride16_scan-auto-warm-basic-134217728,stride16-gcc13-auto,basic,ref_cycles,557664470,254104196,254104196
1,stride16-gcc13-auto-r14-stride16_scan-auto-warm-branch-8388608,stride16-gcc13-auto,branch,cycles,548978826,250153716,250153716
1,stride16-gcc13-auto-r14-stride16_scan-auto-warm-branch-8388608,stride16-gcc13-auto,branch,branches,72236783,250150873,250150873
1,stride16-gcc13-auto-r14-stride16_scan-auto-warm-branch-8388608,stride16-gcc13-auto,branch,branch_misses,589,250147403,250147403
1,stride16-gcc13-auto-r14-stride16_scan-auto-cache_evicted-branch-1048576,stride16-gcc13-auto,branch,cycles,548776694,250055974,250055974
1,stride16-gcc13-auto-r14-stride16_scan-auto-cache_evicted-branch-1048576,stride16-gcc13-auto,branch,branches,112347124,250053617,250053617
1,stride16-gcc13-auto-r14-stride16_scan-auto-cache_evicted-branch-1048576,stride16-gcc13-auto,branch,branch_misses,6887,250049596,250049596
1,stride16-gcc13-auto-r14-stride16_scan-auto-cache_evicted-branch-536870912,stride16-gcc13-auto,branch,cycles,594627801,270952558,270952558
1,stride16-gcc13-auto-r14-stride16_scan-auto-cache_evicted-branch-536870912,stride16-gcc13-auto,branch,branches,58720591,270951231,270951231
1,stride16-gcc13-auto-r14-stride16_scan-auto-cache_evicted-branch-536870912,stride16-gcc13-auto,branch,branch_misses,37,270947891,270947891
1,stride16-gcc13-auto-r14-stride16_scan-auto-warm-basic-8192,stride16-gcc13-auto,basic,cycles,548731140,250032438,250032438
1,stride16-gcc13-auto-r14-stride16_scan-auto-warm-basic-8192,stride16-gcc13-auto,basic,instructions,1626077420,250031354,250031354
1,stride16-gcc13-auto-r14-stride16_scan-auto-warm-basic-8192,stride16-gcc13-auto,basic,ref_cycles,548733570,250028523,250028523
1,stride16-gcc13-auto-r14-stride16_scan-auto-warm-basic-7340032,stride16-gcc13-auto,basic,cycles,549205389,250254563,250254563
1,stride16-gcc13-auto-r14-stride16_scan-auto-warm-basic-7340032,stride16-gcc13-auto,basic,instructions,404384400,250254341,250254341
1,stride16-gcc13-auto-r14-stride16_scan-auto-warm-basic-7340032,stride16-gcc13-auto,basic,ref_cycles,549209606,250250932,250250932
1,stride16-gcc13-auto-r14-stride16_scan-auto-warm-branch-262144,stride16-gcc13-auto,branch,cycles,548739743,250039001,250039001
1,stride16-gcc13-auto-r14-stride16_scan-auto-warm-branch-262144,stride16-gcc13-auto,branch,branches,174780553,250036995,250036995
1,stride16-gcc13-auto-r14-stride16_scan-auto-warm-branch-262144,stride16-gcc13-auto,branch,branch_misses,63591,250033170,250033170
1,stride16-gcc13-auto-r14-stride16_scan-auto-warm-branch-65536,stride16-gcc13-auto,branch,cycles,548731558,250033485,250033485
1,stride16-gcc13-auto-r14-stride16_scan-auto-warm-branch-65536,stride16-gcc13-auto,branch,branches,210280153,250031719,250031719
1,stride16-gcc13-auto-r14-stride16_scan-auto-warm-branch-65536,stride16-gcc13-auto,branch,branch_misses,199791,250027989,250027989
1,stride16-gcc13-auto-r14-stride16_scan-auto-warm-basic-49152,stride16-gcc13-auto,basic,cycles,548731518,250032319,250032319
1,stride16-gcc13-auto-r14-stride16_scan-auto-warm-basic-49152,stride16-gcc13-auto,basic,instructions,1036183524,250029686,250029686
1,stride16-gcc13-auto-r14-stride16_scan-auto-warm-basic-49152,stride16-gcc13-auto,basic,ref_cycles,548732800,250025784,250025784
1,stride16-gcc13-auto-r14-stride16_scan-auto-warm-basic-33554432,stride16-gcc13-auto,basic,cycles,552850230,251915829,251915829
1,stride16-gcc13-auto-r14-stride16_scan-auto-warm-basic-33554432,stride16-gcc13-auto,basic,instructions,272646406,251916782,251916782
1,stride16-gcc13-auto-r14-stride16_scan-auto-warm-basic-33554432,stride16-gcc13-auto,basic,ref_cycles,552854148,251913443,251913443
1,stride16-gcc13-auto-r14-stride16_scan-auto-warm-branch-1048576,stride16-gcc13-auto,branch,cycles,548749663,250042497,250042497
1,stride16-gcc13-auto-r14-stride16_scan-auto-warm-branch-1048576,stride16-gcc13-auto,branch,branches,112363536,250041149,250041149
1,stride16-gcc13-auto-r14-stride16_scan-auto-warm-branch-1048576,stride16-gcc13-auto,branch,branch_misses,6895,250038207,250038207
1,stride16-gcc13-auto-r14-stride16_scan-auto-warm-basic-294912,stride16-gcc13-auto,basic,cycles,548744117,250038719,250038719
1,stride16-gcc13-auto-r14-stride16_scan-auto-warm-basic-294912,stride16-gcc13-auto,basic,instructions,682252147,250035155,250035155
1,stride16-gcc13-auto-r14-stride16_scan-auto-warm-basic-294912,stride16-gcc13-auto,basic,ref_cycles,548745384,250031339,250031339
1,stride16-gcc13-auto-r14-stride16_scan-auto-warm-basic-28672,stride16-gcc13-auto,basic,cycles,548730663,250031349,250031349
1,stride16-gcc13-auto-r14-stride16_scan-auto-warm-basic-28672,stride16-gcc13-auto,basic,instructions,1770222363,250028554,250028554
1,stride16-gcc13-auto-r14-stride16_scan-auto-warm-basic-28672,stride16-gcc13-auto,basic,ref_cycles,548732382,250025295,250025295
1,stride16-gcc13-auto-r14-stride16_scan-auto-warm-basic-5242880,stride16-gcc13-auto,basic,cycles,548917006,250119542,250119542
1,stride16-gcc13-auto-r14-stride16_scan-auto-warm-basic-5242880,stride16-gcc13-auto,basic,instructions,469168960,250119545,250119545
1,stride16-gcc13-auto-r14-stride16_scan-auto-warm-basic-5242880,stride16-gcc13-auto,basic,ref_cycles,548920328,250116140,250116140
