schema_version,sample_id,build_id,round,mode,implementation,state,perf_profile,footprint_bytes,physical_footprint_bytes,logical_operations,passes,wall_ns,tsc_ticks,cpu_before,cpu_after,minor_faults,major_faults,checksum,first_touch_exception
1,stride16-gcc13-scalar-r0-stride16_scan-scalar-warm-l3_miss-5242880,stride16-gcc13-scalar,0,stride16_scan,scalar,warm,l3_miss,5242880,5242880,97484800,1190,250093845,548934776,4,4,0,0,0,0
1,stride16-gcc13-scalar-r0-stride16_scan-scalar-warm-l1_miss-28672,stride16-gcc13-scalar,0,stride16_scan,scalar,warm,l1_miss,28672,28672,327028352,729974,250000259,548729600,4,4,0,0,0,0
1,stride16-gcc13-scalar-r0-stride16_scan-scalar-warm-l2_miss-393216,stride16-gcc13-scalar,0,stride16_scan,scalar,warm,l2_miss,393216,393216,111765504,18191,250003797,548737272,4,4,0,0,13163560371852,0
1,stride16-gcc13-scalar-r0-stride16_scan-scalar-warm-l2_miss-131072,stride16-gcc13-scalar,0,stride16_scan,scalar,warm,l2_miss,131072,131072,209684480,102385,250000407,548729948,4,4,0,0,4387134588690,0
1,stride16-gcc13-scalar-r0-stride16_scan-scalar-warm-l2_miss-524288,stride16-gcc13-scalar,0,stride16_scan,scalar,warm,l2_miss,524288,524288,111796224,13647,250006397,548743092,4,4,0,0,17635518056580,0
1,stride16-gcc13-scalar-r0-stride16_scan-scalar-warm-l2_miss-32768,stride16-gcc13-scalar,0,stride16_scan,scalar,warm,l2_miss,32768,32768,324456960,633705,250000141,548729356,4,4,0,0,1103962522432,0
1,stride16-gcc13-scalar-r0-stride16_scan-scalar-warm-l3_miss-36864,stride16-gcc13-scalar,0,stride16_scan,scalar,warm,l3_miss,36864,36864,197796096,343396,250000496,548729888,4,4,0,0,0,0
1,stride16-gcc13-scalar-r0-stride16_scan-scalar-warm-l1_miss-131072,stride16-gcc13-scalar,0,stride16_scan,scalar,warm,l1_miss,131072,131072,209831936,102457,250002326,548733928,4,4,0,0,4387134588690,0
1,stride16-gcc13-scalar-r0-stride16_scan-scalar-warm-l1_miss-524288,stride16-gcc13-scalar,0,stride16_scan,scalar,warm,l1_miss,524288,524288,111878144,13657,250003556,548736856,4,4,0,0,17635518056580,0
1,stride16-gcc13-scalar-r0-stride16_scan-scalar-warm-l2_miss-8388608,stride16-gcc13-scalar,0,stride16_scan,scalar,warm,l2_miss,8388608,8388608,75628544,577,250288150,549361232,4,4,0,0,282530597735604,0
1,stride16-gcc13-scalar-r0-stride16_scan-scalar-warm-l1_miss-33554432,stride16-gcc13-scalar,0,stride16_scan,scalar,warm,l1_miss,33554432,33554432,55050240,105,252508229,554234124,4,4,0,0,1126673945468506,0
1,stride16-gcc13-scalar-r0-stride16_scan-scalar-warm-l1_miss-536870912,stride16-gcc13-scalar,0,stride16_scan,scalar,warm,l1_miss,536870912,536870912,58720256,7,271144310,595139032,4,4,0,0,18006694042731052,0
1,stride16-gcc13-scalar-r0-stride16_scan-scalar-warm-l3_miss-134217728,stride16-gcc13-scalar,0,stride16_scan,scalar,warm,l3_miss,134217728,134217728,56623104,27,258387245,567138096,4,4,0,0,4503877605846831,0
1,stride16-gcc13-scalar-r0-stride16_scan-scalar-warm-l2_miss-24576,stride16-gcc13-scalar,0,stride16_scan,scalar,warm,l2_miss,24576,24576,333075072,867383,250000141,548729256,4,4,0,0,829473446522,0
1,stride16-gcc13-scalar-r0-stride16_scan-scalar-warm-l1_miss-196608,stride16-gcc13-scalar,0,stride16_scan,scalar,warm,l1_miss,196608,196608,186123264,60587,250002158,548733448,4,4,0,0,6667115048227,0
1,stride16-gcc13-scalar-r0-stride16_scan-scalar-cache_evicted-l1_miss-32768,stride16-gcc13-scalar,0,stride16_scan,scalar,cache_evicted,l1_miss,32768,32768,322868224,630602,250000276,548729644,4,4,0,0,0,0
1,stride16-gcc13-scalar-r0-stride16_scan-scalar-cache_evicted-l3_miss-32768,stride16-gcc13-scalar,0,stride16_scan,scalar,cache_evicted,l3_miss,32768,32768,322921984,630707,250000418,548729880,4,4,0,0,1072378616068,0
1,stride16-gcc13-scalar-r0-stride16_scan-scalar-warm-l2_miss-33554432,stride16-gcc13-scalar,0,stride16_scan,scalar,warm,l2_miss,33554432,33554432,55574528,106,251470783,551957020,4,4,0,0,0,0
1,stride16-gcc13-scalar-r0-stride16_scan-scalar-warm-l1_miss-24576,stride16-gcc13-scalar,0,stride16_scan,scalar,warm,l1_miss,24576,24576,328437504,855306,250000141,548729248,4,4,0,0,0,0
1,stride16-gcc13-scalar-r0-stride16_scan-scalar-warm-l2_miss-2097152,stride16-gcc13-scalar,0,stride16_scan,scalar,warm,l2_miss,2097152,2097152,112197632,3424,250056400,548852448,4,4,0,0,0,0
1,stride16-gcc13-scalar-r0-stride16_scan-scalar-warm-l1_miss-393216,stride16-gcc13-scalar,0,stride16_scan,scalar,warm,l1_miss,393216,393216,111704064,18181,250013907,548759308,4,4,0,0,13163560371852,0
1,stride16-gcc13-scalar-r0-stride16_scan-scalar-warm-l3_miss-524288,stride16-gcc13-scalar,0,stride16_scan,scalar,warm,l3_miss,524288,524288,111878144,13657,250010592,548752048,4,4,0,0,17635518056580,0
1,stride16-gcc13-scalar-r0-stride16_scan-scalar-cache_evicted-l3_miss-33554432,stride16-gcc13-scalar,0,stride16_scan,scalar,cache_evicted,l3_miss,33554432,33554432,55574528,106,251799638,552678824,4,4,0,0,0,0
1,stride16-gcc13-scalar-r0-stride16_scan-scalar-cache_evicted-l3_miss-6291456,stride16-gcc13-scalar,0,stride16_scan,scalar,cache_evicted,l3_miss,6291456,6291456,88670208,902,250155457,549069904,4,4,0,0,0,0
1,stride16-gcc13-scalar-r0-stride16_scan-scalar-warm-l2_miss-7340032,stride16-gcc13-scalar,0,stride16_scan,scalar,warm,l2_miss,7340032,7340032,81657856,712,250331658,549456744,4,4,0,0,0,0
1,stride16-gcc13-scalar-r0-stride16_scan-scalar-warm-l1_miss-98304,stride16-gcc13-scalar,0,stride16_scan,scalar,warm,l1_miss,98304,98304,203885568,132738,250001622,548732528,4,4,0,0,0,0
1,stride16-gcc13-scalar-r0-stride16_scan-scalar-warm-l2_miss-6291456,stride16-gcc13-scalar,0,stride16_scan,scalar,warm,l2_miss,6291456,6291456,88670208,902,250023314,548779968,4,4,0,0,0,0
1,stride16-gcc13-scalar-r0-stride16_scan-scalar-warm-l1_miss-4194304,stride16-gcc13-scalar,0,stride16_scan,scalar,warm,l1_miss,4194304,4194304,103153664,1574,250058572,548857340,4,4,0,0,0,0
1,stride16-gcc13-scalar-r0-stride16_scan-scalar-warm-l3_miss-16384,stride16-gcc13-scalar,0,stride16_scan,scalar,warm,l3_miss,16384,16384,298896896,1167566,250000356,548729564,4,4,0,0,0,0
1,stride16-gcc13-scalar-r0-stride16_scan-scalar-warm-l2_miss-1048576,stride16-gcc13-scalar,0,stride16_scan,scalar,warm,l2_miss,1048576,1048576,112115712,6843,250005158,548739560,4,4,0,0,35367931870377,0
1,stride16-gcc13-scalar-r0-stride16_scan-scalar-warm-l1_miss-2097152,stride16-gcc13-scalar,0,stride16_scan,scalar,warm,l1_miss,2097152,2097152,112230400,3425,250034130,548803788,4,4,0,0,70689683411531,0
1,stride16-gcc13-scalar-r0-stride16_scan-scalar-warm-l1_miss-16384,stride16-gcc13-scalar,0,stride16_scan,scalar,warm,l1_miss,16384,16384,311900672,1218362,250000163,548729264,4,4,0,0,0,0
1,stride16-gcc13-scalar-r0-stride16_scan-scalar-warm-l2_miss-294912,stride16-gcc13-scalar,0,stride16_scan,scalar,warm,l2_miss,294912,294912,136995840,29730,250008365,548747140,4,4,0,0,0,0
1,stride16-gcc13-scalar-r0-stride16_scan-scalar-cache_evicted-l2_miss-32768,stride16-gcc13-scalar,0,stride16_scan,scalar,cache_evicted,l2_miss,32768,32768,323874304,632567,250000488,548729964,4,4,0,0,1072378616068,0
1,stride16-gcc13-scalar-r0-stride16_scan-scalar-warm-l2_miss-5242880,stride16-gcc13-scalar,0,stride16_scan,scalar,warm,l2_miss,5242880,5242880,91996160,1123,250201234,549170468,4,4,0,0,176728404966152,0
1,stride16-gcc13-scalar-r0-stride16_scan-scalar-warm-l3_miss-1048576,stride16-gcc13-scalar,0,stride16_scan,scalar,warm,l3_miss,1048576,1048576,112132096,6844,250006006,548742244,4,4,0,0,0,0
1,stride16-gcc13-scalar-r0-stride16_scan-scalar-cache_evicted-l1_miss-536870912,stride16-gcc13-scalar,0,stride16_scan,scalar,cache_evicted,l1_miss,536870912,536870912,58720256,7,270193875,593052624,4,4,0,0,18015042600573679,0
1,stride16-gcc13-scalar-r0-stride16_scan-scalar-warm-l3_miss-196608,stride16-gcc13-scalar,0,stride16_scan,scalar,warm,l3_miss,196608,196608,188233728,61274,250001320,548731832,4,4,0,0,0,0
1,stride16-gcc13-scalar-r0-stride16_scan-scalar-warm-l1_miss-12582912,stride16-gcc13-scalar,0,stride16_scan,scalar,warm,l1_miss,12582912,12582912,61931520,315,250506345,549840156,4,4,0,0,423455210179455,0
1,stride16-gcc13-scalar-r0-stride16_scan-scalar-warm-l3_miss-33554432,stride16-gcc13-scalar,0,stride16_scan,scalar,warm,l3_miss,33554432,33554432,54525952,104,250335676,549465512,4,4,0,0,0,0
1,stride16-gcc13-scalar-r0-stride16_scan-scalar-warm-l3_miss-536870912,stride16-gcc13-scalar,0,stride16_scan,scalar,warm,l3_miss,536870912,536870912,58720256,7,270762532,594301104,4,4,0,0,18006694042731052,0
1,stride16-gcc13-scalar-r0-stride16_scan-scalar-warm-l1_miss-134217728,stride16-gcc13-scalar,0,stride16_scan,scalar,warm,l1_miss,134217728,134217728,56623104,27,258740730,567913956,4,4,0,0,4503877605846831,0
1,stride16-gcc13-scalar-r0-stride16_scan-scalar-warm-l3_miss-131072,stride16-gcc13-scalar,0,stride16_scan,scalar,warm,l3_miss,131072,131072,214976512,104969,250001901,548732948,4,4,0,0,4387134588690,0
1,stride16-gcc13-scalar-r0-stride16_scan-scalar-warm-l1_miss-1048576,stride16-gcc13-scalar,0,stride16_scan,scalar,warm,l1_miss,1048576,1048576,112148480,6845,250019400,548771508,4,4,0,0,35367931870377,0
1,stride16-gcc13-scalar-r0-stride16_scan-scalar-warm-l3_miss-294912,stride16-gcc13-scalar,0,stride16_scan,scalar,warm,l3_miss,294912,294912,133129728,28891,250001714,548732712,4,4,0,0,9959122970823,0
1,stride16-gcc13-scalar-r0-stride16_scan-scalar-warm-l3_miss-393216,stride16-gcc13-scalar,0,stride16_scan,scalar,warm,l3_miss,393216,393216,111722496,18184,250010576,548752264,4,4,0,0,0,0
1,stride16-gcc13-scalar-r0-stride16_scan-scalar-warm-l2_miss-8192,stride16-gcc13-scalar,0,stride16_scan,scalar,warm,l2_miss,8192,8192,251458688,1964521,250000291,548729416,4,4,0,0,277544750740,0
1,stride16-gcc13-scalar-r0-stride16_scan-scalar-warm-l2_miss-4194304,stride16-gcc13-scalar,0,stride16_scan,scalar,warm,l2_miss,4194304,4194304,111542272,1702,250100861,548950312,4,4,0,0,0,0
1,stride16-gcc13-scalar-r0-stride16_scan-scalar-warm-l3_miss-8192,stride16-gcc13-scalar,0,stride16_scan,scalar,warm,l3_miss,8192,8192,262183424,2048308,250000132,548729240,4,4,0,0,0,0
1,stride16-gcc13-scalar-r0-stride16_scan-scalar-cache_evicted-l1_miss-262144,stride16-gcc13-scalar,0,stride16_scan,scalar,cache_evicted,l1_miss,262144,262144,154001408,37598,250004508,548738972,4,4,0,0,0,0
1,stride16-gcc13-scalar-r0-stride16_scan-scalar-warm-l3_miss-8388608,stride16-gcc13-scalar,0,stride16_scan,scalar,warm,l3_miss,8388608,8388608,74711040,570,250362770,549525012,4,4,0,0,0,0
1,stride16-gcc13-scalar-r0-stride16_scan-scalar-warm-l1_miss-36864,stride16-gcc13-scalar,0,stride16_scan,scalar,warm,l1_miss,36864,36864,195091200,338700,250000559,548730168,4,4,0,0,0,0
1,stride16-gcc13-scalar-r0-stride16_scan-scalar-warm-l3_miss-24576,stride16-gcc13-scalar,0,stride16_scan,scalar,warm,l3_miss,24576,24576,328532736,855554,250000356,548729564,4,4,0,0,0,0
1,stride16-gcc13-scalar-r0-stride16_scan-scalar-warm-l3_miss-28672,stride16-gcc13-scalar,0,stride16_scan,scalar,warm,l3_miss,28672,28672,329189504,734798,250000097,548729260,4,4,0,0,0,0
1,stride16-gcc13-scalar-r0-stride16_scan-scalar-warm-l3_miss-65536,stride16-gcc13-scalar,0,stride16_scan,scalar,warm,l3_miss,65536,65536,203089920,198330,250001365,548731784,4,4,0,0,0,0
1,stride16-gcc13-scalar-r0-stride16_scan-scalar-warm-l2_miss-12582912,stride16-gcc13-scalar,0,stride16_scan,scalar,warm,l2_miss,12582912,12582912,58195968,296,250486361,549796280,4,4,0,0,0,0
1,stride16-gcc13-scalar-r0-stride16_scan-scalar-warm-l3_miss-262144,stride16-gcc13-scalar,0,stride16_scan,scalar,warm,l3_miss,262144,262144,170594304,41649,250006185,548742520,4,4,0,0,8846565440051,0
1,stride16-gcc13-scalar-r0-stride16_scan-scalar-cache_evicted-l2_miss-1048576,stride16-gcc13-scalar,0,stride16_scan,scalar,cache_evicted,l2_miss,1048576,1048576,112148480,6845,250005431,548740968,4,4,0,0,35348285803208,0
1,stride16-gcc13-scalar-r0-stride16_scan-scalar-warm-l1_miss-49152,stride16-gcc13-scalar,0,stride16_scan,scalar,warm,l1_miss,49152,49152,200686080,261310,250000673,548730256,4,4,0,0,0,0
1,stride16-gcc13-scalar-r0-stride16_scan-scalar-warm-l1_miss-262144,stride16-gcc13-scalar,0,stride16_scan,scalar,warm,l1_miss,262144,262144,148115456,36161,250004443,548738804,4,4,0,0,8846565440051,0
1,stride16-gcc13-scalar-r0-stride16_scan-scalar-cache_evicted-l3_miss-262144,stride16-gcc13-scalar,0,stride16_scan,scalar,cache_evicted,l3_miss,262144,262144,139849728,34143,250002091,548733532,4,4,0,0,8842951601924,0
1,stride16-gcc13-scalar-r0-stride16_scan-scalar-cache_evicted-l1_miss-8388608,stride16-gcc13-scalar,0,stride16_scan,scalar,cache_evicted,l1_miss,8388608,8388608,77594624,592,250100994,548950464,4,4,0,0,0,0
1,stride16-gcc13-scalar-r0-stride16_scan-scalar-cache_evicted-l2_miss-262144,stride16-gcc13-scalar,0,stride16_scan,scalar,cache_evicted,l2_miss,262144,262144,156639232,38242,250004783,548739464,4,4,0,0,0,0
1,stride16-gcc13-scalar-r0-stride16_scan-scalar-cache_evicted-l2_miss-6291456,stride16-gcc13-scalar,0,stride16_scan,scalar,cache_evicted,l2_miss,6291456,6291456,87588864,891,250139494,549033944,4,4,0,0,210920685449919,0
1,stride16-gcc13-scalar-r0-stride16_scan-scalar-warm-l1_miss-7340032,stride16-gcc13-scalar,0,stride16_scan,scalar,warm,l1_miss,7340032,7340032,82690048,721,250001722,548732556,4,4,0,0,247228875589121,0
1,stride16-gcc13-scalar-r0-stride16_scan-scalar-warm-l1_miss-294912,stride16-gcc13-scalar,0,stride16_scan,scalar,warm,l1_miss,294912,294912,124351488,26986,250009335,548749428,4,4,0,0,0,0
1,stride16-gcc13-scalar-r0-stride16_scan-scalar-warm-l2_miss-65536,stride16-gcc13-scalar,0,stride16_scan,scalar,warm,l2_miss,65536,65536,202804224,198051,250000350,548729720,4,4,0,0,2211460699481,0
1,stride16-gcc13-scalar-r0-stride16_scan-scalar-warm-l1_miss-6291456,stride16-gcc13-scalar,0,stride16_scan,scalar,warm,l1_miss,6291456,6291456,96141312,978,250242188,549260340,4,4,0,0,0,0
1,stride16-gcc13-scalar-r0-stride16_scan-scalar-warm-l3_miss-4194304,stride16-gcc13-scalar,0,stride16_scan,scalar,warm,l3_miss,4194304,4194304,110952448,1693,250058119,548856368,4,4,0,0,141368020905390,0
1,stride16-gcc13-scalar-r0-stride16_scan-scalar-cache_evicted-l2_miss-8388608,stride16-gcc13-scalar,0,stride16_scan,scalar,cache_evicted,l2_miss,8388608,8388608,76677120,585,250037139,548810300,4,4,0,0,281507542950063,0
1,stride16-gcc13-scalar-r0-stride16_scan-scalar-warm-l1_miss-65536,stride16-gcc13-scalar,0,stride16_scan,scalar,warm,l1_miss,65536,65536,201441280,196720,250000294,548729724,4,4,0,0,0,0
1,stride16-gcc13-scalar-r0-stride16_scan-scalar-cache_evicted-l1_miss-6291456,stride16-gcc13-scalar,0,stride16_scan,scalar,cache_evicted,l1_miss,6291456,6291456,94863360,965,250064954,548871296,4,4,0,0,210920685449919,0
1,stride16-gcc13-scalar-r0-stride16_scan-scalar-warm-l3_miss-6291456,stride16-gcc13-scalar,0,stride16_scan,scalar,warm,l3_miss,6291456,6291456,85721088,872,250189258,549144176,4,4,0,0,0,0
1,stride16-gcc13-scalar-r0-stride16_scan-scalar-warm-l2_miss-36864,stride16-gcc13-scalar,0,stride16_scan,scalar,warm,l2_miss,36864,36864,195853824,340024,250000682,548730436,4,4,0,0,0,0
1,stride16-gcc13-scalar-r0-stride16_scan-scalar-warm-l2_miss-28672,stride16-gcc13-scalar,0,stride16_scan,scalar,warm,l2_miss,28672,28672,329086464,734568,250000379,548729772,4,4,0,0,0,0
1,stride16-gcc13-scalar-r0-stride16_scan-scalar-cache_evicted-l2_miss-536870912,stride16-gcc13-scalar,0,stride16_scan,scalar,cache_evicted,l2_miss,536870912,536870912,58720256,7,270129955,592912648,4,4,0,0,18015042600573679,0
1,stride16-gcc13-scalar-r0-stride16_scan-scalar-warm-l2_miss-229376,stride16-gcc13-scalar,0,stride16_scan,scalar,warm,l2_miss,229376,229376,222419456,62059,250001427,548732072,4,4,0,0,7738132306021,0
1,stride16-gcc13-scalar-r0-stride16_scan-scalar-warm-l2_miss-16384,stride16-gcc13-scalar,0,stride16_scan,scalar,warm,l2_miss,16384,16384,309729024,1209879,250000410,548729684,4,4,0,0,565111506682,0
1,stride16-gcc13-scalar-r0-stride16_scan-scalar-warm-l2_miss-134217728,stride16-gcc13-scalar,0,stride16_scan,scalar,warm,l2_miss,134217728,134217728,54525952,26,250415105,549639880,4,4,0,0,0,0
1,stride16-gcc13-scalar-r0-stride16_scan-scalar-warm-l3_miss-12582912,stride16-gcc13-scalar,0,stride16_scan,scalar,warm,l3_miss,12582912,12582912,61538304,313,250170117,549102160,4,4,0,0,423455210179455,0
1,stride16-gcc13-scalar-r0-stride16_scan-scalar-cache_evicted-l3_miss-536870912,stride16-gcc13-scalar,0,stride16_scan,scalar,cache_evicted,l3_miss,536870912,536870912,58720256,7,270834700,594459488,4,4,0,0,18015042600573679,0
1,stride16-gcc13-scalar-r0-stride16_scan-scalar-warm-l2_miss-49152,stride16-gcc13-scalar,0,stride16_scan,scalar,warm,l2_miss,49152,49152,198989568,259101,250001087,548731092,4,4,0,0,1698083955936,0
1,stride16-gcc13-scalar-r0-stride16_scan-scalar-warm-l1_miss-32768,stride16-gcc13-scalar,0,stride16_scan,scalar,warm,l1_miss,32768,32768,323552768,631939,250000571,548729996,4,4,0,0,1103962522432,0
1,stride16-gcc13-scalar-r0-stride16_scan-scalar-warm-l2_miss-196608,stride16-gcc13-scalar,0,stride16_scan,scalar,warm,l2_miss,196608,196608,177500160,57780,250004220,548738076,4,4,0,0,0,0
1,stride16-gcc13-scalar-r0-stride16_scan-scalar-warm-l3_miss-2097152,stride16-gcc13-scalar,0,stride16_scan,scalar,warm,l3_miss,2097152,2097152,112295936,3427,250036316,548808656,4,4,0,0,70689683411531,0
1,stride16-gcc13-scalar-r0-stride16_scan-scalar-warm-l3_miss-98304,stride16-gcc13-scalar,0,stride16_scan,scalar,warm,l3_miss,98304,98304,205016064,133474,250001293,548731804,4,4,0,0,0,0
1,stride16-gcc13-scalar-r0-stride16_scan-scalar-warm-l3_miss-49152,stride16-gcc13-scalar,0,stride16_scan,scalar,warm,l3_miss,49152,49152,200779008,261431,250000794,548730648,4,4,0,0,1698083955936,0
1,stride16-gcc13-scalar-r0-stride16_scan-scalar-warm-l3_miss-7340032,stride16-gcc13-scalar,0,stride16_scan,scalar,warm,l3_miss,7340032,7340032,71450624,623,250209476,549188560,4,4,0,0,247228875589121,0
1,stride16-gcc13-scalar-r0-stride16_scan-scalar-warm-l2_miss-536870912,stride16-gcc13-scalar,0,stride16_scan,scalar,warm,l2_miss,536870912,536870912,58720256,7,274463709,602424824,4,4,0,0,18006694042731052,0
1,stride16-gcc13-scalar-r0-stride16_scan-scalar-cache_evicted-l1_miss-1048576,stride16-gcc13-scalar,0,stride16_scan,scalar,cache_evicted,l1_miss,1048576,1048576,112164864,6846,250009644,548750132,4,4,0,0,0,0
1,stride16-gcc13-scalar-r0-stride16_scan-scalar-cache_evicted-l2_miss-33554432,stride16-gcc13-scalar,0,stride16_scan,scalar,cache_evicted,l2_miss,33554432,33554432,55050240,105,251698993,552457912,4,4,0,0,1126183803982906,0
1,stride16-gcc13-scalar-r0-stride16_scan-scalar-warm-l2_miss-98304,stride16-gcc13-scalar,0,stride16_scan,scalar,warm,l2_miss,98304,98304,205937664,134074,250000363,548729572,4,4,0,0,0,0
1,stride16-gcc13-scalar-r0-stride16_scan-scalar-cache_evicted-l1_miss-33554432,stride16-gcc13-scalar,0,stride16_scan,scalar,cache_evicted,l1_miss,33554432,33554432,55050240,105,252196734,553550364,4,4,0,0,1126183803982906,0
1,stride16-gcc13-scalar-r0-stride16_scan-scalar-cache_evicted-l3_miss-1048576,stride16-gcc13-scalar,0,stride16_scan,scalar,cache_evicted,l3_miss,1048576,1048576,112148480,6845,250018808,548770340,4,4,0,0,35348285803208,0
1,stride16-gcc13-scalar-r0-stride16_scan-scalar-warm-l1_miss-5242880,stride16-gcc13-scalar,0,stride16_scan,scalar,warm,l1_miss,5242880,5242880,91340800,1115,250075511,548894504,4,4,0,0,176728404966152,0
1,stride16-gcc13-scalar-r0-stride16_scan-scalar-warm-l1_miss-8192,stride16-gcc13-scalar,0,stride16_scan,scalar,warm,l1_miss,8192,8192,256255872,2001999,250000207,548729228,4,4,0,0,277544750740,0
1,stride16-gcc13-scalar-r0-stride16_scan-scalar-warm-l3_miss-32768,stride16-gcc13-scalar,0,stride16_scan,scalar,warm,l3_miss,32768,32768,322426880,629740,250000369,548729420,4,4,0,0,0,0
1,stride16-gcc13-scalar-r0-stride16_scan-scalar-cache_evicted-l3_miss-8388608,stride16-gcc13-scalar,0,stride16_scan,scalar,cache_evicted,l3_miss,8388608,8388608,75366400,575,250180900,549125824,4,4,0,0,281507542950063,0
1,stride16-gcc13-scalar-r0-stride16_scan-scalar-warm-l1_miss-229376,stride16-gcc13-scalar,0,stride16_scan,scalar,warm,l1_miss,229376,229376,222132736,61979,250002384,548734200,4,4,0,0,7738132306021,0
1,stride16-gcc13-scalar-r0-stride16_scan-scalar-warm-l3_miss-229376,stride16-gcc13-scalar,0,stride16_scan,scalar,warm,l3_miss,229376,229376,224297472,62583,250002093,548733524,4,4,0,0,7738132306021,0
1,stride16-gcc13-scalar-r0-stride16_scan-scalar-warm-l2_miss-262144,stride16-gcc13-scalar,0,stride16_scan,scalar,warm,l2_miss,262144,262144,168833024,41219,250004987,548739884,4,4,0,0,8846565440051,0
1,stride16-gcc13-scalar-r0-stride16_scan-scalar-warm-l1_miss-8388608,stride16-gcc13-scalar,0,stride16_scan,scalar,warm,l1_miss,8388608,8388608,75366400,575,250262391,549304680,4,4,0,0,282530597735604,0
1,stride16-gcc13-scalar-r1-stride16_scan-scalar-warm-l2_miss-294912,stride16-gcc13-scalar,1,stride16_scan,scalar,warm,l2_miss,294912,294912,125402112,27214,250004181,548737972,4,4,0,0,0,0
1,stride16-gcc13-scalar-r1-stride16_scan-scalar-warm-l1_miss-33554432,stride16-gcc13-scalar,1,stride16_scan,scalar,warm,l1_miss,33554432,33554432,54525952,104,252150471,553448892,4,4,0,0,0,0
1,stride16-gcc13-scalar-r1-stride16_scan-scalar-warm-l3_miss-7340032,stride16-gcc13-scalar,1,stride16_scan,scalar,warm,l3_miss,7340032,7340032,75579392,659,250266697,549314144,4,4,0,0,245806271394985,0
1,stride16-gcc13-scalar-r1-stride16_scan-scalar-warm-l3_miss-6291456,stride16-gcc13-scalar,1,stride16_scan,scalar,warm,l3_miss,6291456,6291456,88965120,905,250147738,549053204,4,4,0,0,210435711695743,0
1,stride16-gcc13-scalar-r1-stride16_scan-scalar-cache_evicted-l2_miss-33554432,stride16-gcc13-scalar,1,stride16_scan,scalar,cache_evicted,l2_miss,33554432,33554432,54525952,104,250079213,548902632,4,4,0,0,0,0
1,stride16-gcc13-scalar-r1-stride16_scan-scalar-cache_evicted-l2_miss-32768,stride16-gcc13-scalar,1,stride16_scan,scalar,cache_evicted,l2_miss,32768,32768,319067136,623178,250000454,548730076,4,4,0,0,0,0
1,stride16-gcc13-scalar-r1-stride16_scan-scalar-warm-l2_miss-7340032,stride16-gcc13-scalar,1,stride16_scan,scalar,warm,l2_miss,7340032,7340032,81428480,710,250316574,549423616,4,4,0,0,0,0
1,stride16-gcc13-scalar-r1-stride16_scan-scalar-warm-l2_miss-8192,stride16-gcc13-scalar,1,stride16_scan,scalar,warm,l2_miss,8192,8192,262200960,2048445,250000097,548729260,4,4,0,0,288938756522,0
1,stride16-gcc13-scalar-r1-stride16_scan-scalar-warm-l3_miss-536870912,stride16-gcc13-scalar,1,stride16_scan,scalar,warm,l3_miss,536870912,536870912,58720256,7,270336117,593364864,4,4,0,0,18013998530839609,0
1,stride16-gcc13-scalar-r1-stride16_scan-scalar-cache_evicted-l1_miss-32768,stride16-gcc13-scalar,1,stride16_scan,scalar,cache_evicted,l1_miss,32768,32768,319360000,623750,250000275,548729684,4,4,0,0,0,0
1,stride16-gcc13-scalar-r1-stride16_scan-scalar-warm-l2_miss-5242880,stride16-gcc13-scalar,1,stride16_scan,scalar,warm,l2_miss,5242880,5242880,103792640,1267,250132664,549019972,4,4,0,0,175321634073494,0
1,stride16-gcc13-scalar-r1-stride16_scan-scalar-warm-l2_miss-16384,stride16-gcc13-scalar,1,stride16_scan,scalar,warm,l2_miss,16384,16384,311932928,1218488,250000196,548729480,4,4,0,0,0,0
1,stride16-gcc13-scalar-r1-stride16_scan-scalar-warm-l1_miss-8388608,stride16-gcc13-scalar,1,stride16_scan,scalar,warm,l1_miss,8388608,8388608,76152832,581,250257145,549293180,4,4,0,0,281000156621322,0
1,stride16-gcc13-scalar-r1-stride16_scan-scalar-warm-l2_miss-536870912,stride16-gcc13-scalar,1,stride16_scan,scalar,warm,l2_miss,536870912,536870912,58720256,7,272716179,598589180,4,4,0,0,18013998530839609,0
1,stride16-gcc13-scalar-r1-stride16_scan-scalar-warm-l2_miss-524288,stride16-gcc13-scalar,1,stride16_scan,scalar,warm,l2_miss,524288,524288,111935488,13664,250004174,548737948,4,4,0,0,0,0
1,stride16-gcc13-scalar-r1-stride16_scan-scalar-cache_evicted-l1_miss-33554432,stride16-gcc13-scalar,1,stride16_scan,scalar,cache_evicted,l1_miss,33554432,33554432,55050240,105,251748062,552565520,4,4,0,0,1125643461760403,0
1,stride16-gcc13-scalar-r1-stride16_scan-scalar-cache_evicted-l3_miss-33554432,stride16-gcc13-scalar,1,stride16_scan,scalar,cache_evicted,l3_miss,33554432,33554432,54525952,104,250823686,550536600,4,4,0,0,0,0
1,stride16-gcc13-scalar-r1-stride16_scan-scalar-warm-l3_miss-65536,stride16-gcc13-scalar,1,stride16_scan,scalar,warm,l3_miss,65536,65536,202935296,198179,250000254,548729608,4,4,0,0,2271258088339,0
1,stride16-gcc13-scalar-r1-stride16_scan-scalar-warm-l3_miss-8192,stride16-gcc13-scalar,1,stride16_scan,scalar,warm,l3_miss,8192,8192,262103296,2047682,250000141,548729256,4,4,0,0,0,0
1,stride16-gcc13-scalar-r1-stride16_scan-scalar-warm-l3_miss-134217728,stride16-gcc13-scalar,1,stride16_scan,scalar,warm,l3_miss,134217728,134217728,54525952,26,251056788,551048336,4,4,0,0,0,0
1,stride16-gcc13-scalar-r1-stride16_scan-scalar-warm-l1_miss-36864,stride16-gcc13-scalar,1,stride16_scan,scalar,warm,l1_miss,36864,36864,195531840,339465,250000571,548730056,4,4,0,0,1270803500608,0
1,stride16-gcc13-scalar-r1-stride16_scan-scalar-warm-l2_miss-65536,stride16-gcc13-scalar,1,stride16_scan,scalar,warm,l2_miss,65536,65536,201307136,196589,250000917,548730960,4,4,0,0,2271258088339,0
1,stride16-gcc13-scalar-r1-stride16_scan-scalar-warm-l2_miss-98304,stride16-gcc13-scalar,1,stride16_scan,scalar,warm,l2_miss,98304,98304,204225024,132959,250000431,548729752,4,4,0,0,3375903763914,0
1,stride16-gcc13-scalar-r1-stride16_scan-scalar-warm-l3_miss-36864,stride16-gcc13-scalar,1,stride16_scan,scalar,warm,l3_miss,36864,36864,194946048,338448,250000314,548729624,4,4,0,0,0,0
1,stride16-gcc13-scalar-r1-stride16_scan-scalar-cache_evicted-l2_miss-6291456,stride16-gcc13-scalar,1,stride16_scan,scalar,cache_evicted,l2_miss,6291456,6291456,98009088,997,250093929,548934884,4,4,0,0,211017895228268,0
1,stride16-gcc13-scalar-r1-stride16_scan-scalar-warm-l3_miss-2097152,stride16-gcc13-scalar,1,stride16_scan,scalar,warm,l3_miss,2097152,2097152,112328704,3428,250064776,548871124,4,4,0,0,0,0
1,stride16-gcc13-scalar-r1-stride16_scan-scalar-warm-l2_miss-262144,stride16-gcc13-scalar,1,stride16_scan,scalar,warm,l2_miss,262144,262144,156504064,38209,250004424,548738676,4,4,0,0,8865436883495,0
1,stride16-gcc13-scalar-r1-stride16_scan-scalar-cache_evicted-l1_miss-8388608,stride16-gcc13-scalar,1,stride16_scan,scalar,cache_evicted,l1_miss,8388608,8388608,77332480,590,250064690,548870784,4,4,0,0,0,0
1,stride16-gcc13-scalar-r1-stride16_scan-scalar-warm-l1_miss-131072,stride16-gcc13-scalar,1,stride16_scan,scalar,warm,l1_miss,131072,131072,206346240,100755,250002162,548733532,4,4,0,0,4517661751626,0
1,stride16-gcc13-scalar-r1-stride16_scan-scalar-warm-l2_miss-49152,stride16-gcc13-scalar,1,stride16_scan,scalar,warm,l2_miss,49152,49152,198779136,258827,250000345,548729532,4,4,0,0,1702057685768,0
1,stride16-gcc13-scalar-r1-stride16_scan-scalar-warm-l3_miss-4194304,stride16-gcc13-scalar,1,stride16_scan,scalar,warm,l3_miss,4194304,4194304,111804416,1706,250052930,548844956,4,4,0,0,0,0
1,stride16-gcc13-scalar-r1-stride16_scan-scalar-cache_evicted-l3_miss-536870912,stride16-gcc13-scalar,1,stride16_scan,scalar,cache_evicted,l3_miss,536870912,536870912,58720256,7,270839816,594470424,4,4,0,0,18015631118446742,0
1,stride16-gcc13-scalar-r1-stride16_scan-scalar-warm-l3_miss-49152,stride16-gcc13-scalar,1,stride16_scan,scalar,warm,l3_miss,49152,49152,202335744,263458,250001022,548731188,4,4,0,0,0,0
1,stride16-gcc13-scalar-r1-stride16_scan-scalar-warm-l1_miss-32768,stride16-gcc13-scalar,1,stride16_scan,scalar,warm,l1_miss,32768,32768,321352704,627642,250000278,548729412,4,4,0,0,0,0
1,stride16-gcc13-scalar-r1-stride16_scan-scalar-warm-l1_miss-6291456,stride16-gcc13-scalar,1,stride16_scan,scalar,warm,l1_miss,6291456,6291456,80412672,818,250021224,548775364,4,4,0,0,0,0
1,stride16-gcc13-scalar-r1-stride16_scan-scalar-warm-l2_miss-196608,stride16-gcc13-scalar,1,stride16_scan,scalar,warm,l2_miss,196608,196608,161685504,52632,250004555,548738932,4,4,0,0,0,0
1,stride16-gcc13-scalar-r1-stride16_scan-scalar-warm-l2_miss-134217728,stride16-gcc13-scalar,1,stride16_scan,scalar,warm,l2_miss,134217728,134217728,56623104,27,258170164,566661624,4,4,0,0,4503114319312443,0
1,stride16-gcc13-scalar-r1-stride16_scan-scalar-warm-l3_miss-12582912,stride16-gcc13-scalar,1,stride16_scan,scalar,warm,l3_miss,12582912,12582912,61734912,314,250695810,550256024,4,4,0,0,0,0
1,stride16-gcc13-scalar-r1-stride16_scan-scalar-cache_evicted-l2_miss-262144,stride16-gcc13-scalar,1,stride16_scan,scalar,cache_evicted,l2_miss,262144,262144,142454784,34779,250001018,548731172,4,4,0,0,8799471600115,0
1,stride16-gcc13-scalar-r1-stride16_scan-scalar-warm-l2_miss-28672,stride16-gcc13-scalar,1,stride16_scan,scalar,warm,l2_miss,28672,28672,328537664,733343,250000133,548729244,4,4,0,0,978716121332,0
1,stride16-gcc13-scalar-r1-stride16_scan-scalar-warm-l3_miss-16384,stride16-gcc13-scalar,1,stride16_scan,scalar,warm,l3_miss,16384,16384,311886592,1218307,250000257,548729504,4,4,0,0,575513862304,0
1,stride16-gcc13-scalar-r1-stride16_scan-scalar-warm-l2_miss-36864,stride16-gcc13-scalar,1,stride16_scan,scalar,warm,l2_miss,36864,36864,199961280,347155,250000467,548729756,4,4,0,0,1270803500608,0
1,stride16-gcc13-scalar-r1-stride16_scan-scalar-warm-l1_miss-196608,stride16-gcc13-scalar,1,stride16_scan,scalar,warm,l1_miss,196608,196608,175592448,57159,250001745,548732792,4,4,0,0,6715415286962,0
1,stride16-gcc13-scalar-r1-stride16_scan-scalar-cache_evicted-l3_miss-6291456,stride16-gcc13-scalar,1,stride16_scan,scalar,cache_evicted,l3_miss,6291456,6291456,89260032,908,250128935,549011932,4,4,0,0,0,0
1,stride16-gcc13-scalar-r1-stride16_scan-scalar-warm-l3_miss-1048576,stride16-gcc13-scalar,1,stride16_scan,scalar,warm,l3_miss,1048576,1048576,112148480,6845,250004826,548739556,4,4,0,0,34910553176740,0
1,stride16-gcc13-scalar-r1-stride16_scan-scalar-warm-l1_miss-98304,stride16-gcc13-scalar,1,stride16_scan,scalar,warm,l1_miss,98304,98304,204092928,132873,250001857,548733152,4,4,0,0,3375903763914,0
1,stride16-gcc13-scalar-r1-stride16_scan-scalar-cache_evicted-l3_miss-1048576,stride16-gcc13-scalar,1,stride16_scan,scalar,cache_evicted,l3_miss,1048576,1048576,112132096,6844,250032470,548800328,4,4,0,0,0,0
1,stride16-gcc13-scalar-r1-stride16_scan-scalar-warm-l3_miss-294912,stride16-gcc13-scalar,1,stride16_scan,scalar,warm,l3_miss,294912,294912,132337152,28719,250001852,548733028,4,4,0,0,9981269687085,0
1,stride16-gcc13-scalar-r1-stride16_scan-scalar-warm-l2_miss-2097152,stride16-gcc13-scalar,1,stride16_scan,scalar,warm,l2_miss,2097152,2097152,112230400,3425,250071961,548886892,4,4,0,0,69916255170150,0
1,stride16-gcc13-scalar-r1-stride16_scan-scalar-warm-l1_miss-4194304,stride16-gcc13-scalar,1,stride16_scan,scalar,warm,l1_miss,4194304,4194304,106233856,1621,250049683,548837832,4,4,0,0,139852012449408,0
1,stride16-gcc13-scalar-r1-stride16_scan-scalar-warm-l2_miss-24576,stride16-gcc13-scalar,1,stride16_scan,scalar,warm,l2_miss,24576,24576,329278464,857496,250000345,548729560,4,4,0,0,0,0
1,stride16-gcc13-scalar-r1-stride16_scan-scalar-warm-l2_miss-393216,stride16-gcc13-scalar,1,stride16_scan,scalar,warm,l2_miss,393216,393216,116649984,18986,250000524,548730196,4,4,0,0,0,0
1,stride16-gcc13-scalar-r1-stride16_scan-scalar-warm-l2_miss-32768,stride16-gcc13-scalar,1,stride16_scan,scalar,warm,l2_miss,32768,32768,321504256,627938,250000267,548729636,4,4,0,0,0,0
1,stride16-gcc13-scalar-r1-stride16_scan-scalar-warm-l3_miss-131072,stride16-gcc13-scalar,1,stride16_scan,scalar,warm,l3_miss,131072,131072,211324928,103186,250000355,548729832,4,4,0,0,0,0
1,stride16-gcc13-scalar-r1-stride16_scan-scalar-warm-l2_miss-131072,stride16-gcc13-scalar,1,stride16_scan,scalar,warm,l2_miss,131072,131072,210595840,102830,250002260,548734036,4,4,0,0,0,0
1,stride16-gcc13-scalar-r1-stride16_scan-scalar-warm-l1_miss-524288,stride16-gcc13-scalar,1,stride16_scan,scalar,warm,l1_miss,524288,524288,111927296,13663,250014514,548760904,4,4,0,0,17612306784503,0
1,stride16-gcc13-scalar-r1-stride16_scan-scalar-warm-l1_miss-2097152,stride16-gcc13-scalar,1,stride16_scan,scalar,warm,l1_miss,2097152,2097152,112328704,3428,250057233,548854672,4,4,0,0,0,0
1,stride16-gcc13-scalar-r1-stride16_scan-scalar-warm-l3_miss-5242880,stride16-gcc13-scalar,1,stride16_scan,scalar,warm,l3_miss,5242880,5242880,92078080,1124,250059164,548858632,4,4,0,0,0,0
1,stride16-gcc13-scalar-r1-stride16_scan-scalar-warm-l1_miss-5242880,stride16-gcc13-scalar,1,stride16_scan,scalar,warm,l1_miss,5242880,5242880,94863360,1158,250061653,548864088,4,4,0,0,0,0
1,stride16-gcc13-scalar-r1-stride16_scan-scalar-warm-l2_miss-8388608,stride16-gcc13-scalar,1,stride16_scan,scalar,warm,l2_miss,8388608,8388608,71434240,545,250322276,549436168,4,4,0,0,281000156621322,0
1,stride16-gcc13-scalar-r1-stride16_scan-scalar-warm-l3_miss-262144,stride16-gcc13-scalar,1,stride16_scan,scalar,warm,l3_miss,262144,262144,149041152,36387,250005796,548741800,4,4,0,0,8865436883495,0
1,stride16-gcc13-scalar-r1-stride16_scan-scalar-warm-l2_miss-229376,stride16-gcc13-scalar,1,stride16_scan,scalar,warm,l2_miss,229376,229376,182637056,50959,250002268,548734028,4,4,0,0,7789868461353,0
1,stride16-gcc13-scalar-r1-stride16_scan-scalar-warm-l2_miss-12582912,stride16-gcc13-scalar,1,stride16_scan,scalar,warm,l2_miss,12582912,12582912,61538304,313,250550926,549938004,4,4,0,0,421428453443259,0
1,stride16-gcc13-scalar-r1-stride16_scan-scalar-warm-l3_miss-98304,stride16-gcc13-scalar,1,stride16_scan,scalar,warm,l3_miss,98304,98304,204254208,132978,250001218,548731732,4,4,0,0,0,0
1,stride16-gcc13-scalar-r1-stride16_scan-scalar-cache_evicted-l1_miss-262144,stride16-gcc13-scalar,1,stride16_scan,scalar,cache_evicted,l1_miss,262144,262144,144416768,35258,250001043,548731352,4,4,0,0,0,0
1,stride16-gcc13-scalar-r1-stride16_scan-scalar-warm-l3_miss-524288,stride16-gcc13-scalar,1,stride16_scan,scalar,warm,l3_miss,524288,524288,111837184,13652,250017565,548767600,4,4,0,0,0,0
1,stride16-gcc13-scalar-r1-stride16_scan-scalar-warm-l1_miss-229376,stride16-gcc13-scalar,1,stride16_scan,scalar,warm,l1_miss,229376,229376,225068032,62798,250004045,548737928,4,4,0,0,0,0
1,stride16-gcc13-scalar-r1-stride16_scan-scalar-warm-l3_miss-24576,stride16-gcc13-scalar,1,stride16_scan,scalar,warm,l3_miss,24576,24576,324158592,844163,250000381,548729552,4,4,0,0,825266969302,0
1,stride16-gcc13-scalar-r1-stride16_scan-scalar-warm-l1_miss-49152,stride16-gcc13-scalar,1,stride16_scan,scalar,warm,l1_miss,49152,49152,200924928,261621,250000243,548729460,4,4,0,0,1702057685768,0
1,stride16-gcc13-scalar-r1-stride16_scan-scalar-warm-l3_miss-393216,stride16-gcc13-scalar,1,stride16_scan,scalar,warm,l3_miss,393216,393216,111685632,18178,250009789,548750284,4,4,0,0,0,0
1,stride16-gcc13-scalar-r1-stride16_scan-scalar-warm-l3_miss-229376,stride16-gcc13-scalar,1,stride16_scan,scalar,warm,l3_miss,229376,229376,163201024,45536,250003739,548737284,4,4,0,0,0,0
1,stride16-gcc13-scalar-r1-stride16_scan-scalar-warm-l1_miss-65536,stride16-gcc13-scalar,1,stride16_scan,scalar,warm,l1_miss,65536,65536,204403712,199613,250001233,548731480,4,4,0,0,2271258088339,0
1,stride16-gcc13-scalar-r1-stride16_scan-scalar-cache_evicted-l3_miss-262144,stride16-gcc13-scalar,1,stride16_scan,scalar,cache_evicted,l3_miss,262144,262144,154054656,37611,250002567,548734416,4,4,0,0,8799471600115,0
1,stride16-gcc13-scalar-r1-stride16_scan-scalar-cache_evicted-l1_miss-1048576,stride16-gcc13-scalar,1,stride16_scan,scalar,cache_evicted,l1_miss,1048576,1048576,111935488,6832,250002410,548734068,4,4,0,0,0,0
1,stride16-gcc13-scalar-r1-stride16_scan-scalar-warm-l3_miss-32768,stride16-gcc13-scalar,1,stride16_scan,scalar,warm,l3_miss,32768,32768,319424512,623876,250000237,548729300,4,4,0,0,0,0
1,stride16-gcc13-scalar-r1-stride16_scan-scalar-warm-l1_miss-12582912,stride16-gcc13-scalar,1,stride16_scan,scalar,warm,l1_miss,12582912,12582912,52297728,266,250145644,549048344,4,4,0,0,0,0
1,stride16-gcc13-scalar-r1-stride16_scan-scalar-warm-l3_miss-28672,stride16-gcc13-scalar,1,stride16_scan,scalar,warm,l3_miss,28672,28672,320739776,715937,250000513,548729908,4,4,0,0,978716121332,0
1,stride16-gcc13-scalar-r1-stride16_scan-scalar-warm-l2_miss-6291456,stride16-gcc13-scalar,1,stride16_scan,scalar,warm,l2_miss,6291456,6291456,68321280,695,250233968,549242292,4,4,0,0,210435711695743,0
1,stride16-gcc13-scalar-r1-stride16_scan-scalar-warm-l1_miss-28672,stride16-gcc13-scalar,1,stride16_scan,scalar,warm,l1_miss,28672,28672,326864832,729609,250000514,548729904,4,4,0,0,978716121332,0
1,stride16-gcc13-scalar-r1-stride16_scan-scalar-warm-l2_miss-33554432,stride16-gcc13-scalar,1,stride16_scan,scalar,warm,l2_miss,33554432,33554432,51380224,98,250307312,549403328,4,4,0,0,0,0
1,stride16-gcc13-scalar-r1-stride16_scan-scalar-warm-l2_miss-4194304,stride16-gcc13-scalar,1,stride16_scan,scalar,warm,l2_miss,4194304,4194304,101056512,1542,250016171,548764268,4,4,0,0,0,0
1,stride16-gcc13-scalar-r1-stride16_scan-scalar-warm-l1_miss-7340032,stride16-gcc13-scalar,1,stride16_scan,scalar,warm,l1_miss,7340032,7340032,69156864,603,250159085,549077900,4,4,0,0,245806271394985,0
1,stride16-gcc13-scalar-r1-stride16_scan-scalar-cache_evicted-l2_miss-536870912,stride16-gcc13-scalar,1,stride16_scan,scalar,cache_evicted,l2_miss,536870912,536870912,58720256,7,279754434,614037436,4,4,0,0,18015631118446742,0
1,stride16-gcc13-scalar-r1-stride16_scan-scalar-warm-l1_miss-536870912,stride16-gcc13-scalar,1,stride16_scan,scalar,warm,l1_miss,536870912,536870912,58720256,7,272134581,597312620,4,4,0,0,18013998530839609,0
1,stride16-gcc13-scalar-r1-stride16_scan-scalar-cache_evicted-l2_miss-8388608,stride16-gcc13-scalar,1,stride16_scan,scalar,cache_evicted,l2_miss,8388608,8388608,62259200,475,250044310,548826040,4,4,0,0,280977992419931,0
1,stride16-gcc13-scalar-r1-stride16_scan-scalar-warm-l1_miss-262144,stride16-gcc13-scalar,1,stride16_scan,scalar,warm,l1_miss,262144,262144,151416832,36967,250005787,548741500,4,4,0,0,8865436883495,0
1,stride16-gcc13-scalar-r1-stride16_scan-scalar-warm-l1_miss-8192,stride16-gcc13-scalar,1,stride16_scan,scalar,warm,l1_miss,8192,8192,258372352,2018534,250000245,548729312,4,4,0,0,0,0
1,stride16-gcc13-scalar-r1-stride16_scan-scalar-warm-l3_miss-8388608,stride16-gcc13-scalar,1,stride16_scan,scalar,warm,l3_miss,8388608,8388608,53215232,406,250058665,548857540,4,4,0,0,0,0
1,stride16-gcc13-scalar-r1-stride16_scan-scalar-warm-l1_miss-393216,stride16-gcc13-scalar,1,stride16_scan,scalar,warm,l1_miss,393216,393216,111587328,18162,250001364,548731712,4,4,0,0,0,0
1,stride16-gcc13-scalar-r1-stride16_scan-scalar-warm-l1_miss-134217728,stride16-gcc13-scalar,1,stride16_scan,scalar,warm,l1_miss,134217728,134217728,54525952,26,250538926,549911608,4,4,0,0,0,0
1,stride16-gcc13-scalar-r1-stride16_scan-scalar-warm-l3_miss-196608,stride16-gcc13-scalar,1,stride16_scan,scalar,warm,l3_miss,196608,196608,219580416,71478,250002446,548734136,4,4,0,0,0,0
1,stride16-gcc13-scalar-r1-stride16_scan-scalar-warm-l1_miss-294912,stride16-gcc13-scalar,1,stride16_scan,scalar,warm,l1_miss,294912,294912,132807168,28821,250005892,548741716,4,4,0,0,9981269687085,0
1,stride16-gcc13-scalar-r1-stride16_scan-scalar-cache_evicted-l1_miss-6291456,stride16-gcc13-scalar,1,stride16_scan,scalar,cache_evicted,l1_miss,6291456,6291456,87392256,889,250058667,548857544,4,4,0,0,211017895228268,0
1,stride16-gcc13-scalar-r1-stride16_scan-scalar-warm-l1_miss-1048576,stride16-gcc13-scalar,1,stride16_scan,scalar,warm,l1_miss,1048576,1048576,112115712,6843,250010800,548752620,4,4,0,0,34910553176740,0
1,stride16-gcc13-scalar-r1-stride16_scan-scalar-cache_evicted-l2_miss-1048576,stride16-gcc13-scalar,1,stride16_scan,scalar,cache_evicted,l2_miss,1048576,1048576,112132096,6844,250010708,548752284,4,4,0,0,0,0
1,stride16-gcc13-scalar-r1-stride16_scan-scalar-warm-l1_miss-16384,stride16-gcc13-scalar,1,stride16_scan,scalar,warm,l1_miss,16384,16384,310843904,1214234,250000317,548729452,4,4,0,0,0,0
1,stride16-gcc13-scalar-r1-stride16_scan-scalar-cache_evicted-l3_miss-32768,stride16-gcc13-scalar,1,stride16_scan,scalar,cache_evicted,l3_miss,32768,32768,319725056,624463,250000615,548730096,4,4,0,0,1114331772438,0
1,stride16-gcc13-scalar-r1-stride16_scan-scalar-cache_evicted-l1_miss-536870912,stride16-gcc13-scalar,1,stride16_scan,scalar,cache_evicted,l1_miss,536870912,536870912,58720256,7,270710660,594187248,4,4,0,0,18015631118446742,0
1,stride16-gcc13-scalar-r1-stride16_scan-scalar-warm-l3_miss-33554432,stride16-gcc13-scalar,1,stride16_scan,scalar,warm,l3_miss,33554432,33554432,54525952,104,250466001,549751600,4,4,0,0,0,0
1,stride16-gcc13-scalar-r1-stride16_scan-scalar-warm-l1_miss-24576,stride16-gcc13-scalar,1,stride16_scan,scalar,warm,l1_miss,24576,24576,326115072,849258,250000392,548729640,4,4,0,0,0,0
1,stride16-gcc13-scalar-r1-stride16_scan-scalar-warm-l2_miss-1048576,stride16-gcc13-scalar,1,stride16_scan,scalar,warm,l2_miss,1048576,1048576,112115712,6843,250001289,548731592,4,4,0,0,34910553176740,0
1,stride16-gcc13-scalar-r1-stride16_scan-scalar-cache_evicted-l3_miss-8388608,stride16-gcc13-scalar,1,stride16_scan,scalar,cache_evicted,l3_miss,8388608,8388608,72351744,552,250056284,548852296,4,4,0,0,0,0
1,stride16-gcc13-scalar-r2-stride16_scan-scalar-warm-l3_miss-7340032,stride16-gcc13-scalar,2,stride16_scan,scalar,warm,l3_miss,7340032,7340032,80510976,702,250321380,549434168,4,4,0,0,0,0
1,stride16-gcc13-scalar-r2-stride16_scan-scalar-warm-l3_miss-8388608,stride16-gcc13-scalar,2,stride16_scan,scalar,warm,l3_miss,8388608,8388608,73269248,559,250212426,549194920,4,4,0,0,282372550479532,0
1,stride16-gcc13-scalar-r2-stride16_scan-scalar-cache_evicted-l3_miss-1048576,stride16-gcc13-scalar,2,stride16_scan,scalar,cache_evicted,l3_miss,1048576,1048576,112132096,6844,250001009,548730988,4,4,0,0,0,0
1,stride16-gcc13-scalar-r2-stride16_scan-scalar-warm-l1_miss-4194304,stride16-gcc13-scalar,2,stride16_scan,scalar,warm,l1_miss,4194304,4194304,103284736,1576,250084208,548913624,4,4,0,0,0,0
1,stride16-gcc13-scalar-r2-stride16_scan-scalar-cache_evicted-l2_miss-8388608,stride16-gcc13-scalar,2,stride16_scan,scalar,cache_evicted,l2_miss,8388608,8388608,72876032,556,250173636,549109820,4,4,0,0,0,0
1,stride16-gcc13-scalar-r2-stride16_scan-scalar-warm-l3_miss-131072,stride16-gcc13-scalar,2,stride16_scan,scalar,warm,l3_miss,131072,131072,211150848,103101,250000922,548730948,4,4,0,0,4435220212417,0
1,stride16-gcc13-scalar-r2-stride16_scan-scalar-cache_evicted-l2_miss-262144,stride16-gcc13-scalar,2,stride16_scan,scalar,cache_evicted,l2_miss,262144,262144,152985600,37350,250002059,548733284,4,4,0,0,0,0
1,stride16-gcc13-scalar-r2-stride16_scan-scalar-warm-l3_miss-28672,stride16-gcc13-scalar,2,stride16_scan,scalar,warm,l3_miss,28672,28672,324777152,724949,250000313,548729400,4,4,0,0,995922852696,0
1,stride16-gcc13-scalar-r2-stride16_scan-scalar-warm-l2_miss-196608,stride16-gcc13-scalar,2,stride16_scan,scalar,warm,l2_miss,196608,196608,176679936,57513,250002224,548733684,4,4,0,0,6614988883088,0
1,stride16-gcc13-scalar-r2-stride16_scan-scalar-cache_evicted-l3_miss-262144,stride16-gcc13-scalar,2,stride16_scan,scalar,cache_evicted,l3_miss,262144,262144,155336704,37924,250001783,548732844,4,4,0,0,0,0
1,stride16-gcc13-scalar-r2-stride16_scan-scalar-warm-l1_miss-7340032,stride16-gcc13-scalar,2,stride16_scan,scalar,warm,l1_miss,7340032,7340032,80052224,698,250015503,548762796,4,4,0,0,0,0
1,stride16-gcc13-scalar-r2-stride16_scan-scalar-warm-l3_miss-5242880,stride16-gcc13-scalar,2,stride16_scan,scalar,warm,l3_miss,5242880,5242880,90603520,1106,250129449,549012916,4,4,0,0,0,0
1,stride16-gcc13-scalar-r2-stride16_scan-scalar-cache_evicted-l2_miss-6291456,stride16-gcc13-scalar,2,stride16_scan,scalar,cache_evicted,l2_miss,6291456,6291456,88670208,902,250082220,548909256,4,4,0,0,0,0
1,stride16-gcc13-scalar-r2-stride16_scan-scalar-cache_evicted-l1_miss-32768,stride16-gcc13-scalar,2,stride16_scan,scalar,cache_evicted,l1_miss,32768,32768,326079488,636874,250000123,548729320,4,4,0,0,0,0
1,stride16-gcc13-scalar-r2-stride16_scan-scalar-warm-l3_miss-524288,stride16-gcc13-scalar,2,stride16_scan,scalar,warm,l3_miss,524288,524288,114057216,13923,250010626,548752244,4,4,0,0,17838961015015,0
1,stride16-gcc13-scalar-r2-stride16_scan-scalar-warm-l1_miss-134217728,stride16-gcc13-scalar,2,stride16_scan,scalar,warm,l1_miss,134217728,134217728,54525952,26,251544605,552119044,4,4,0,0,0,0
1,stride16-gcc13-scalar-r2-stride16_scan-scalar-cache_evicted-l3_miss-6291456,stride16-gcc13-scalar,2,stride16_scan,scalar,cache_evicted,l3_miss,6291456,6291456,94076928,957,250212867,549195996,4,4,0,0,211312469851834,0
1,stride16-gcc13-scalar-r2-stride16_scan-scalar-warm-l2_miss-4194304,stride16-gcc13-scalar,2,stride16_scan,scalar,warm,l2_miss,4194304,4194304,111542272,1702,250119373,548990908,4,4,0,0,0,0
1,stride16-gcc13-scalar-r2-stride16_scan-scalar-cache_evicted-l1_miss-6291456,stride16-gcc13-scalar,2,stride16_scan,scalar,cache_evicted,l1_miss,6291456,6291456,93093888,947,250138493,549032768,4,4,0,0,211312469851834,0
1,stride16-gcc13-scalar-r2-stride16_scan-scalar-warm-l1_miss-262144,stride16-gcc13-scalar,2,stride16_scan,scalar,warm,l1_miss,262144,262144,162942976,39781,250001127,548731360,4,4,0,0,8899956482080,0
1,stride16-gcc13-scalar-r2-stride16_scan-scalar-warm-l3_miss-294912,stride16-gcc13-scalar,2,stride16_scan,scalar,warm,l3_miss,294912,294912,141414912,30689,250002093,548733496,4,4,0,0,10043047323091,0
1,stride16-gcc13-scalar-r2-stride16_scan-scalar-warm-l2_miss-24576,stride16-gcc13-scalar,2,stride16_scan,scalar,warm,l2_miss,24576,24576,323206656,841684,250000248,548729324,4,4,0,0,0,0
1,stride16-gcc13-scalar-r2-stride16_scan-scalar-cache_evicted-l1_miss-33554432,stride16-gcc13-scalar,2,stride16_scan,scalar,cache_evicted,l1_miss,33554432,33554432,54525952,104,251075694,551089832,4,4,0,0,0,0
1,stride16-gcc13-scalar-r2-stride16_scan-scalar-warm-l1_miss-16384,stride16-gcc13-scalar,2,stride16_scan,scalar,warm,l1_miss,16384,16384,307553280,1201380,250000343,548729544,4,4,0,0,0,0
1,stride16-gcc13-scalar-r2-stride16_scan-scalar-warm-l1_miss-5242880,stride16-gcc13-scalar,2,stride16_scan,scalar,warm,l1_miss,5242880,5242880,109936640,1342,250103460,548955856,4,4,0,0,0,0
1,stride16-gcc13-scalar-r2-stride16_scan-scalar-warm-l1_miss-12582912,stride16-gcc13-scalar,2,stride16_scan,scalar,warm,l1_miss,12582912,12582912,61341696,312,250019073,548770624,4,4,0,0,0,0
1,stride16-gcc13-scalar-r2-stride16_scan-scalar-cache_evicted-l2_miss-536870912,stride16-gcc13-scalar,2,stride16_scan,scalar,cache_evicted,l2_miss,536870912,536870912,58720256,7,270413711,593535448,4,4,0,0,18018138236334544,0
1,stride16-gcc13-scalar-r2-stride16_scan-scalar-warm-l2_miss-8192,stride16-gcc13-scalar,2,stride16_scan,scalar,warm,l2_miss,8192,8192,262705024,2052383,250000283,548729368,4,4,0,0,278285643378,0
1,stride16-gcc13-scalar-r2-stride16_scan-scalar-warm-l3_miss-2097152,stride16-gcc13-scalar,2,stride16_scan,scalar,warm,l3_miss,2097152,2097152,112132096,3422,250044334,548826360,4,4,0,0,0,0
1,stride16-gcc13-scalar-r2-stride16_scan-scalar-warm-l1_miss-196608,stride16-gcc13-scalar,2,stride16_scan,scalar,warm,l1_miss,196608,196608,188580864,61387,250001049,548731088,4,4,0,0,6614988883088,0
1,stride16-gcc13-scalar-r2-stride16_scan-scalar-warm-l3_miss-33554432,stride16-gcc13-scalar,2,stride16_scan,scalar,warm,l3_miss,33554432,33554432,55050240,105,251381245,551760496,4,4,0,0,1125609418673861,0
1,stride16-gcc13-scalar-r2-stride16_scan-scalar-warm-l3_miss-134217728,stride16-gcc13-scalar,2,stride16_scan,scalar,warm,l3_miss,134217728,134217728,56623104,27,258866988,568191076,4,4,0,0,4504549468052054,0
1,stride16-gcc13-scalar-r2-stride16_scan-scalar-warm-l2_miss-98304,stride16-gcc13-scalar,2,stride16_scan,scalar,warm,l2_miss,98304,98304,222557184,144894,250000631,548730312,4,4,0,0,0,0
1,stride16-gcc13-scalar-r2-stride16_scan-scalar-warm-l2_miss-131072,stride16-gcc13-scalar,2,stride16_scan,scalar,warm,l2_miss,131072,131072,209864704,102473,250000584,548730184,4,4,0,0,4435220212417,0
1,stride16-gcc13-scalar-r2-stride16_scan-scalar-warm-l1_miss-98304,stride16-gcc13-scalar,2,stride16_scan,scalar,warm,l1_miss,98304,98304,205188096,133586,250001752,548732656,4,4,0,0,0,0
1,stride16-gcc13-scalar-r2-stride16_scan-scalar-warm-l2_miss-7340032,stride16-gcc13-scalar,2,stride16_scan,scalar,warm,l2_miss,7340032,7340032,75005952,654,250378608,549559776,4,4,0,0,0,0
1,stride16-gcc13-scalar-r2-stride16_scan-scalar-warm-l2_miss-12582912,stride16-gcc13-scalar,2,stride16_scan,scalar,warm,l2_miss,12582912,12582912,59768832,304,250635186,550122800,4,4,0,0,0,0
1,stride16-gcc13-scalar-r2-stride16_scan-scalar-warm-l1_miss-8192,stride16-gcc13-scalar,2,stride16_scan,scalar,warm,l1_miss,8192,8192,262224768,2048631,250000119,548729280,4,4,0,0,278285643378,0
1,stride16-gcc13-scalar-r2-stride16_scan-scalar-warm-l1_miss-294912,stride16-gcc13-scalar,2,stride16_scan,scalar,warm,l1_miss,294912,294912,132300288,28711,250008243,548746884,4,4,0,0,10043047323091,0
1,stride16-gcc13-scalar-r2-stride16_scan-scalar-warm-l2_miss-49152,stride16-gcc13-scalar,2,stride16_scan,scalar,warm,l2_miss,49152,49152,201894144,262883,250000637,548730448,4,4,0,0,1678557819729,0
1,stride16-gcc13-scalar-r2-stride16_scan-scalar-warm-l1_miss-1048576,stride16-gcc13-scalar,2,stride16_scan,scalar,warm,l1_miss,1048576,1048576,112148480,6845,250031402,548797856,4,4,0,0,35633181691364,0
1,stride16-gcc13-scalar-r2-stride16_scan-scalar-warm-l1_miss-2097152,stride16-gcc13-scalar,2,stride16_scan,scalar,warm,l1_miss,2097152,2097152,112263168,3426,250015294,548762340,4,4,0,0,0,0
1,stride16-gcc13-scalar-r2-stride16_scan-scalar-warm-l1_miss-36864,stride16-gcc13-scalar,2,stride16_scan,scalar,warm,l1_miss,36864,36864,197172864,342314,250000733,548730660,4,4,0,0,0,0
1,stride16-gcc13-scalar-r2-stride16_scan-scalar-warm-l1_miss-28672,stride16-gcc13-scalar,2,stride16_scan,scalar,warm,l1_miss,28672,28672,328504512,733269,250000369,548729612,4,4,0,0,995922852696,0
1,stride16-gcc13-scalar-r2-stride16_scan-scalar-cache_evicted-l1_miss-536870912,stride16-gcc13-scalar,2,stride16_scan,scalar,cache_evicted,l1_miss,536870912,536870912,58720256,7,270609643,593965496,4,4,0,0,18018138236334544,0
1,stride16-gcc13-scalar-r2-stride16_scan-scalar-warm-l2_miss-2097152,stride16-gcc13-scalar,2,stride16_scan,scalar,warm,l2_miss,2097152,2097152,112295936,3427,250013967,548759428,4,4,0,0,71080920162527,0
1,stride16-gcc13-scalar-r2-stride16_scan-scalar-warm-l2_miss-524288,stride16-gcc13-scalar,2,stride16_scan,scalar,warm,l2_miss,524288,524288,111910912,13661,250013798,548759200,4,4,0,0,17838961015015,0
1,stride16-gcc13-scalar-r2-stride16_scan-scalar-warm-l3_miss-65536,stride16-gcc13-scalar,2,stride16_scan,scalar,warm,l3_miss,65536,65536,201474048,196752,250000988,548731220,4,4,0,0,0,0
1,stride16-gcc13-scalar-r2-stride16_scan-scalar-warm-l2_miss-33554432,stride16-gcc13-scalar,2,stride16_scan,scalar,warm,l2_miss,33554432,33554432,54525952,104,250250463,549278508,4,4,0,0,0,0
1,stride16-gcc13-scalar-r2-stride16_scan-scalar-cache_evicted-l3_miss-536870912,stride16-gcc13-scalar,2,stride16_scan,scalar,cache_evicted,l3_miss,536870912,536870912,58720256,7,270474115,593667744,4,4,0,0,18018138236334544,0
1,stride16-gcc13-scalar-r2-stride16_scan-scalar-cache_evicted-l2_miss-33554432,stride16-gcc13-scalar,2,stride16_scan,scalar,cache_evicted,l2_miss,33554432,33554432,55050240,105,251404775,551812068,4,4,0,0,1127447314741974,0
1,stride16-gcc13-scalar-r2-stride16_scan-scalar-warm-l1_miss-6291456,stride16-gcc13-scalar,2,stride16_scan,scalar,warm,l1_miss,6291456,6291456,97124352,988,250045030,548827600,4,4,0,0,0,0
1,stride16-gcc13-scalar-r2-stride16_scan-scalar-warm-l2_miss-294912,stride16-gcc13-scalar,2,stride16_scan,scalar,warm,l2_miss,294912,294912,122522112,26589,250002778,548735060,4,4,0,0,10043047323091,0
1,stride16-gcc13-scalar-r2-stride16_scan-scalar-cache_evicted-l3_miss-32768,stride16-gcc13-scalar,2,stride16_scan,scalar,cache_evicted,l3_miss,32768,32768,322211840,629320,250000298,548729452,4,4,0,0,0,0
1,stride16-gcc13-scalar-r2-stride16_scan-scalar-warm-l1_miss-8388608,stride16-gcc13-scalar,2,stride16_scan,scalar,warm,l1_miss,8388608,8388608,71696384,547,250113211,548977256,4,4,0,0,282372550479532,0
1,stride16-gcc13-scalar-r2-stride16_scan-scalar-warm-l2_miss-229376,stride16-gcc13-scalar,2,stride16_scan,scalar,warm,l2_miss,229376,229376,191202816,53349,250002425,548734092,4,4,0,0,7748276730430,0
1,stride16-gcc13-scalar-r2-stride16_scan-scalar-warm-l1_miss-32768,stride16-gcc13-scalar,2,stride16_scan,scalar,warm,l1_miss,32768,32768,323822592,632466,250000309,548729592,4,4,0,0,0,0
1,stride16-gcc13-scalar-r2-stride16_scan-scalar-warm-l2_miss-6291456,stride16-gcc13-scalar,2,stride16_scan,scalar,warm,l2_miss,6291456,6291456,98992128,1007,250024660,548782872,4,4,0,0,211946221951501,0
1,stride16-gcc13-scalar-r2-stride16_scan-scalar-warm-l3_miss-16384,stride16-gcc13-scalar,2,stride16_scan,scalar,warm,l3_miss,16384,16384,311311872,1216062,250000326,548729376,4,4,0,0,0,0
1,stride16-gcc13-scalar-r2-stride16_scan-scalar-warm-l2_miss-5242880,stride16-gcc13-scalar,2,stride16_scan,scalar,warm,l2_miss,5242880,5242880,109854720,1341,250167493,549096408,4,4,0,0,176834230349933,0
1,stride16-gcc13-scalar-r2-stride16_scan-scalar-warm-l2_miss-8388608,stride16-gcc13-scalar,2,stride16_scan,scalar,warm,l2_miss,8388608,8388608,77201408,589,250343948,549483704,4,4,0,0,282372550479532,0
1,stride16-gcc13-scalar-r2-stride16_scan-scalar-warm-l1_miss-131072,stride16-gcc13-scalar,2,stride16_scan,scalar,warm,l1_miss,131072,131072,208091136,101607,250000805,548730632,4,4,0,0,4435220212417,0
1,stride16-gcc13-scalar-r2-stride16_scan-scalar-warm-l1_miss-524288,stride16-gcc13-scalar,2,stride16_scan,scalar,warm,l1_miss,524288,524288,111861760,13655,250001021,548730996,4,4,0,0,17838961015015,0
1,stride16-gcc13-scalar-r2-stride16_scan-scalar-warm-l3_miss-229376,stride16-gcc13-scalar,2,stride16_scan,scalar,warm,l3_miss,229376,229376,192883712,53818,250001273,548731568,4,4,0,0,0,0
1,stride16-gcc13-scalar-r2-stride16_scan-scalar-warm-l2_miss-262144,stride16-gcc13-scalar,2,stride16_scan,scalar,warm,l2_miss,262144,262144,149454848,36488,250004092,548737928,4,4,0,0,0,0
1,stride16-gcc13-scalar-r2-stride16_scan-scalar-warm-l1_miss-229376,stride16-gcc13-scalar,2,stride16_scan,scalar,warm,l1_miss,229376,229376,171279360,47790,250000290,548729404,4,4,0,0,0,0
1,stride16-gcc13-scalar-r2-stride16_scan-scalar-warm-l2_miss-28672,stride16-gcc13-scalar,2,stride16_scan,scalar,warm,l2_miss,28672,28672,324813440,725030,250000097,548729264,4,4,0,0,0,0
1,stride16-gcc13-scalar-r2-stride16_scan-scalar-warm-l2_miss-536870912,stride16-gcc13-scalar,2,stride16_scan,scalar,warm,l2_miss,536870912,536870912,58720256,7,270452992,593621672,4,4,0,0,18017015376263269,0
1,stride16-gcc13-scalar-r2-stride16_scan-scalar-warm-l3_miss-4194304,stride16-gcc13-scalar,2,stride16_scan,scalar,warm,l3_miss,4194304,4194304,105644032,1612,250053914,548847128,4,4,0,0,0,0
1,stride16-gcc13-scalar-r2-stride16_scan-scalar-cache_evicted-l1_miss-262144,stride16-gcc13-scalar,2,stride16_scan,scalar,cache_evicted,l1_miss,262144,262144,173338624,42319,250005745,548741412,4,4,0,0,8927489887915,0
1,stride16-gcc13-scalar-r2-stride16_scan-scalar-cache_evicted-l3_miss-33554432,stride16-gcc13-scalar,2,stride16_scan,scalar,cache_evicted,l3_miss,33554432,33554432,54525952,104,250410759,549630364,4,4,0,0,0,0
1,stride16-gcc13-scalar-r2-stride16_scan-scalar-warm-l3_miss-36864,stride16-gcc13-scalar,2,stride16_scan,scalar,warm,l3_miss,36864,36864,196620480,341355,250000263,548729624,4,4,0,0,1268435412712,0
1,stride16-gcc13-scalar-r2-stride16_scan-scalar-warm-l2_miss-36864,stride16-gcc13-scalar,2,stride16_scan,scalar,warm,l2_miss,36864,36864,200305152,347752,250000185,548729464,4,4,0,0,0,0
1,stride16-gcc13-scalar-r2-stride16_scan-scalar-cache_evicted-l2_miss-32768,stride16-gcc13-scalar,2,stride16_scan,scalar,cache_evicted,l2_miss,32768,32768,321379328,627694,250000471,548730092,4,4,0,0,0,0
1,stride16-gcc13-scalar-r2-stride16_scan-scalar-warm-l1_miss-393216,stride16-gcc13-scalar,2,stride16_scan,scalar,warm,l1_miss,393216,393216,111710208,18182,250007105,548744348,4,4,0,0,0,0
1,stride16-gcc13-scalar-r2-stride16_scan-scalar-warm-l3_miss-8192,stride16-gcc13-scalar,2,stride16_scan,scalar,warm,l3_miss,8192,8192,261806848,2045366,250000286,548729412,4,4,0,0,0,0
1,stride16-gcc13-scalar-r2-stride16_scan-scalar-warm-l2_miss-32768,stride16-gcc13-scalar,2,stride16_scan,scalar,warm,l2_miss,32768,32768,324451328,633694,250000325,548729488,4,4,0,0,0,0
1,stride16-gcc13-scalar-r2-stride16_scan-scalar-warm-l3_miss-12582912,stride16-gcc13-scalar,2,stride16_scan,scalar,warm,l3_miss,12582912,12582912,57212928,291,250075360,548894084,4,4,0,0,422705609180667,0
1,stride16-gcc13-scalar-r2-stride16_scan-scalar-warm-l2_miss-1048576,stride16-gcc13-scalar,2,stride16_scan,scalar,warm,l2_miss,1048576,1048576,112148480,6845,250030993,548797076,4,4,0,0,35633181691364,0
1,stride16-gcc13-scalar-r2-stride16_scan-scalar-warm-l3_miss-536870912,stride16-gcc13-scalar,2,stride16_scan,scalar,warm,l3_miss,536870912,536870912,58720256,7,270107760,592863888,4,4,0,0,18017015376263269,0
1,stride16-gcc13-scalar-r2-stride16_scan-scalar-warm-l2_miss-16384,stride16-gcc13-scalar,2,stride16_scan,scalar,warm,l2_miss,16384,16384,311568896,1217066,250000261,548729360,4,4,0,0,0,0
1,stride16-gcc13-scalar-r2-stride16_scan-scalar-warm-l3_miss-98304,stride16-gcc13-scalar,2,stride16_scan,scalar,warm,l3_miss,98304,98304,205515264,133799,250000879,548730748,4,4,0,0,3362549240476,0
1,stride16-gcc13-scalar-r2-stride16_scan-scalar-warm-l3_miss-1048576,stride16-gcc13-scalar,2,stride16_scan,scalar,warm,l3_miss,1048576,1048576,112132096,6844,250031782,548798540,4,4,0,0,0,0
1,stride16-gcc13-scalar-r2-stride16_scan-scalar-cache_evicted-l1_miss-1048576,stride16-gcc13-scalar,2,stride16_scan,scalar,cache_evicted,l1_miss,1048576,1048576,112148480,6845,250001995,548733420,4,4,0,0,35417408889455,0
1,stride16-gcc13-scalar-r2-stride16_scan-scalar-warm-l1_miss-536870912,stride16-gcc13-scalar,2,stride16_scan,scalar,warm,l1_miss,536870912,536870912,58720256,7,270441132,593595640,4,4,0,0,18017015376263269,0
1,stride16-gcc13-scalar-r2-stride16_scan-scalar-cache_evicted-l1_miss-8388608,stride16-gcc13-scalar,2,stride16_scan,scalar,cache_evicted,l1_miss,8388608,8388608,76414976,583,250421086,549653004,4,4,0,0,281904633947272,0
1,stride16-gcc13-scalar-r2-stride16_scan-scalar-warm-l3_miss-6291456,stride16-gcc13-scalar,2,stride16_scan,scalar,warm,l3_miss,6291456,6291456,82968576,844,250187771,549140924,4,4,0,0,0,0
1,stride16-gcc13-scalar-r2-stride16_scan-scalar-warm-l2_miss-65536,stride16-gcc13-scalar,2,stride16_scan,scalar,warm,l2_miss,65536,65536,203273216,198509,250000248,548729268,4,4,0,0,2258195232138,0
1,stride16-gcc13-scalar-r2-stride16_scan-scalar-cache_evicted-l2_miss-1048576,stride16-gcc13-scalar,2,stride16_scan,scalar,cache_evicted,l2_miss,1048576,1048576,112099328,6842,250030933,548796456,4,4,0,0,0,0
1,stride16-gcc13-scalar-r2-stride16_scan-scalar-warm-l1_miss-33554432,stride16-gcc13-scalar,2,stride16_scan,scalar,warm,l1_miss,33554432,33554432,54525952,104,250367299,549534968,4,4,0,0,0,0
1,stride16-gcc13-scalar-r2-stride16_scan-scalar-warm-l2_miss-393216,stride16-gcc13-scalar,2,stride16_scan,scalar,warm,l2_miss,393216,393216,111728640,18185,250004057,548737136,4,4,0,0,13385687496061,0
1,stride16-gcc13-scalar-r2-stride16_scan-scalar-warm-l3_miss-24576,stride16-gcc13-scalar,2,stride16_scan,scalar,warm,l3_miss,24576,24576,328320000,855000,250000248,548729596,4,4,0,0,0,0
1,stride16-gcc13-scalar-r2-stride16_scan-scalar-warm-l3_miss-393216,stride16-gcc13-scalar,2,stride16_scan,scalar,warm,l3_miss,393216,393216,114739200,18675,250012397,548755952,4,4,0,0,13385687496061,0
1,stride16-gcc13-scalar-r2-stride16_scan-scalar-warm-l1_miss-24576,stride16-gcc13-scalar,2,stride16_scan,scalar,warm,l1_miss,24576,24576,327922560,853965,250000363,548729700,4,4,0,0,854043843132,0
1,stride16-gcc13-scalar-r2-stride16_scan-scalar-cache_evicted-l3_miss-8388608,stride16-gcc13-scalar,2,stride16_scan,scalar,cache_evicted,l3_miss,8388608,8388608,74448896,568,250192604,549151536,4,4,0,0,0,0
1,stride16-gcc13-scalar-r2-stride16_scan-scalar-warm-l1_miss-65536,stride16-gcc13-scalar,2,stride16_scan,scalar,warm,l1_miss,65536,65536,201006080,196295,250000762,548730380,4,4,1,0,2258195232138,0
1,stride16-gcc13-scalar-r2-stride16_scan-scalar-warm-l3_miss-32768,stride16-gcc13-scalar,2,stride16_scan,scalar,warm,l3_miss,32768,32768,322411520,629710,250000597,548730112,4,4,0,0,0,0
1,stride16-gcc13-scalar-r2-stride16_scan-scalar-warm-l2_miss-134217728,stride16-gcc13-scalar,2,stride16_scan,scalar,warm,l2_miss,134217728,134217728,56623104,27,259529790,569645868,4,4,0,0,4504549468052054,0
1,stride16-gcc13-scalar-r2-stride16_scan-scalar-warm-l3_miss-49152,stride16-gcc13-scalar,2,stride16_scan,scalar,warm,l3_miss,49152,49152,218157312,284059,250000868,548730696,4,4,0,0,1678557819729,0
1,stride16-gcc13-scalar-r2-stride16_scan-scalar-warm-l3_miss-262144,stride16-gcc13-scalar,2,stride16_scan,scalar,warm,l3_miss,262144,262144,167227392,40827,250002333,548733920,4,4,0,0,8899956482080,0
1,stride16-gcc13-scalar-r2-stride16_scan-scalar-warm-l3_miss-196608,stride16-gcc13-scalar,2,stride16_scan,scalar,warm,l3_miss,196608,196608,184326144,60002,250003417,548736564,4,4,0,0,0,0
1,stride16-gcc13-scalar-r2-stride16_scan-scalar-warm-l1_miss-49152,stride16-gcc13-scalar,2,stride16_scan,scalar,warm,l1_miss,49152,49152,200900352,261589,250000985,548731076,4,4,0,0,1678557819729,0
1,stride16-gcc13-scalar-r3-stride16_scan-scalar-warm-l1_miss-8388608,stride16-gcc13-scalar,3,stride16_scan,scalar,warm,l1_miss,8388608,8388608,76546048,584,250174463,549111700,4,4,0,0,0,0
1,stride16-gcc13-scalar-r3-stride16_scan-scalar-warm-l1_miss-294912,stride16-gcc13-scalar,3,stride16_scan,scalar,warm,l1_miss,294912,294912,131470848,28531,250003026,548735416,4,4,0,0,9782795075421,0
1,stride16-gcc13-scalar-r3-stride16_scan-scalar-warm-l1_miss-24576,stride16-gcc13-scalar,3,stride16_scan,scalar,warm,l1_miss,24576,24576,326247936,849604,250000451,548729764,4,4,0,0,0,0
1,stride16-gcc13-scalar-r3-stride16_scan-scalar-warm-l2_miss-1048576,stride16-gcc13-scalar,3,stride16_scan,scalar,warm,l2_miss,1048576,1048576,112115712,6843,250004904,548739164,4,4,0,0,35080806240091,0
1,stride16-gcc13-scalar-r3-stride16_scan-scalar-warm-l1_miss-262144,stride16-gcc13-scalar,3,stride16_scan,scalar,warm,l1_miss,262144,262144,166096896,40551,250000977,548730736,4,4,0,0,8706677305771,0
1,stride16-gcc13-scalar-r3-stride16_scan-scalar-warm-l3_miss-536870912,stride16-gcc13-scalar,3,stride16_scan,scalar,warm,l3_miss,536870912,536870912,58720256,7,270081660,592806644,4,4,0,0,18017378678603339,0
1,stride16-gcc13-scalar-r3-stride16_scan-scalar-warm-l2_miss-36864,stride16-gcc13-scalar,3,stride16_scan,scalar,warm,l2_miss,36864,36864,197502336,342886,250000856,548730652,4,4,0,0,0,0
1,stride16-gcc13-scalar-r3-stride16_scan-scalar-warm-l1_miss-536870912,stride16-gcc13-scalar,3,stride16_scan,scalar,warm,l1_miss,536870912,536870912,58720256,7,270506235,593738508,4,4,0,0,18017378678603339,0
1,stride16-gcc13-scalar-r3-stride16_scan-scalar-cache_evicted-l1_miss-8388608,stride16-gcc13-scalar,3,stride16_scan,scalar,cache_evicted,l1_miss,8388608,8388608,76283904,582,250229249,549231976,4,4,0,0,0,0
1,stride16-gcc13-scalar-r3-stride16_scan-scalar-warm-l2_miss-393216,stride16-gcc13-scalar,3,stride16_scan,scalar,warm,l2_miss,393216,393216,116084736,18894,250012138,548755408,4,4,0,0,0,0
1,stride16-gcc13-scalar-r3-stride16_scan-scalar-warm-l2_miss-7340032,stride16-gcc13-scalar,3,stride16_scan,scalar,warm,l2_miss,7340032,7340032,83722240,730,250085935,548917332,4,4,0,0,0,0
1,stride16-gcc13-scalar-r3-stride16_scan-scalar-cache_evicted-l1_miss-32768,stride16-gcc13-scalar,3,stride16_scan,scalar,cache_evicted,l1_miss,32768,32768,322135552,629171,250000159,548729396,4,4,0,0,1081822647018,0
1,stride16-gcc13-scalar-r3-stride16_scan-scalar-warm-l2_miss-262144,stride16-gcc13-scalar,3,stride16_scan,scalar,warm,l2_miss,262144,262144,155930624,38069,250002514,548734300,4,4,0,0,8706677305771,0
1,stride16-gcc13-scalar-r3-stride16_scan-scalar-cache_evicted-l3_miss-32768,stride16-gcc13-scalar,3,stride16_scan,scalar,cache_evicted,l3_miss,32768,32768,322419712,629726,250000518,548729916,4,4,0,0,0,0
1,stride16-gcc13-scalar-r3-stride16_scan-scalar-warm-l3_miss-49152,stride16-gcc13-scalar,3,stride16_scan,scalar,warm,l3_miss,49152,49152,198827520,258890,250000207,548729228,4,4,0,0,0,0
1,stride16-gcc13-scalar-r3-stride16_scan-scalar-warm-l3_miss-98304,stride16-gcc13-scalar,3,stride16_scan,scalar,warm,l3_miss,98304,98304,206094336,134176,250000234,548729576,4,4,0,0,0,0
1,stride16-gcc13-scalar-r3-stride16_scan-scalar-warm-l1_miss-32768,stride16-gcc13-scalar,3,stride16_scan,scalar,warm,l1_miss,32768,32768,321671680,628265,250000263,548729656,4,4,0,0,1119805800818,0
1,stride16-gcc13-scalar-r3-stride16_scan-scalar-warm-l1_miss-33554432,stride16-gcc13-scalar,3,stride16_scan,scalar,warm,l1_miss,33554432,33554432,54525952,104,250213108,549196524,4,4,0,0,0,0
1,stride16-gcc13-scalar-r3-stride16_scan-scalar-warm-l3_miss-7340032,stride16-gcc13-scalar,3,stride16_scan,scalar,warm,l3_miss,7340032,7340032,67780608,591,250325773,549443340,4,4,0,0,246617036804768,0
1,stride16-gcc13-scalar-r3-stride16_scan-scalar-warm-l2_miss-196608,stride16-gcc13-scalar,3,stride16_scan,scalar,warm,l2_miss,196608,196608,162066432,52756,250001058,548731380,4,4,0,0,0,0
1,stride16-gcc13-scalar-r3-stride16_scan-scalar-cache_evicted-l2_miss-262144,stride16-gcc13-scalar,3,stride16_scan,scalar,cache_evicted,l2_miss,262144,262144,145129472,35432,250001593,548732192,4,4,0,0,0,0
1,stride16-gcc13-scalar-r3-stride16_scan-scalar-warm-l2_miss-2097152,stride16-gcc13-scalar,3,stride16_scan,scalar,warm,l2_miss,2097152,2097152,112230400,3425,250052459,548843884,4,4,0,0,70221165544626,0
1,stride16-gcc13-scalar-r3-stride16_scan-scalar-warm-l3_miss-32768,stride16-gcc13-scalar,3,stride16_scan,scalar,warm,l3_miss,32768,32768,322554880,629990,250000552,548730016,4,4,0,0,0,0
1,stride16-gcc13-scalar-r3-stride16_scan-scalar-warm-l3_miss-5242880,stride16-gcc13-scalar,3,stride16_scan,scalar,warm,l3_miss,5242880,5242880,91013120,1111,250131470,549017292,4,4,0,0,176156593025837,0
1,stride16-gcc13-scalar-r3-stride16_scan-scalar-warm-l3_miss-294912,stride16-gcc13-scalar,3,stride16_scan,scalar,warm,l3_miss,294912,294912,138673152,30094,250005868,548741960,4,4,0,0,0,0
1,stride16-gcc13-scalar-r3-stride16_scan-scalar-warm-l2_miss-33554432,stride16-gcc13-scalar,3,stride16_scan,scalar,warm,l2_miss,33554432,33554432,54525952,104,250263398,549306908,4,4,0,0,0,0
1,stride16-gcc13-scalar-r3-stride16_scan-scalar-warm-l1_miss-36864,stride16-gcc13-scalar,3,stride16_scan,scalar,warm,l1_miss,36864,36864,197368704,342654,250000208,548729520,4,4,0,0,0,0
1,stride16-gcc13-scalar-r3-stride16_scan-scalar-warm-l3_miss-8388608,stride16-gcc13-scalar,3,stride16_scan,scalar,warm,l3_miss,8388608,8388608,76021760,580,250198787,549165084,4,4,0,0,0,0
1,stride16-gcc13-scalar-r3-stride16_scan-scalar-warm-l2_miss-294912,stride16-gcc13-scalar,3,stride16_scan,scalar,warm,l2_miss,294912,294912,131355648,28506,250003771,548737340,4,4,0,0,0,0
1,stride16-gcc13-scalar-r3-stride16_scan-scalar-warm-l3_miss-28672,stride16-gcc13-scalar,3,stride16_scan,scalar,warm,l3_miss,28672,28672,328580672,733439,250000337,548729448,4,4,0,0,969954667736,0
1,stride16-gcc13-scalar-r3-stride16_scan-scalar-warm-l2_miss-32768,stride16-gcc13-scalar,3,stride16_scan,scalar,warm,l2_miss,32768,32768,318822400,622700,250000520,548729608,4,4,0,0,0,0
1,stride16-gcc13-scalar-r3-stride16_scan-scalar-warm-l1_miss-16384,stride16-gcc13-scalar,3,stride16_scan,scalar,warm,l1_miss,16384,16384,311807744,1217999,250000172,548729440,4,4,0,0,580605274617,0
1,stride16-gcc13-scalar-r3-stride16_scan-scalar-cache_evicted-l2_miss-8388608,stride16-gcc13-scalar,3,stride16_scan,scalar,cache_evicted,l2_miss,8388608,8388608,76283904,582,250087231,548919964,4,4,0,0,0,0
1,stride16-gcc13-scalar-r3-stride16_scan-scalar-warm-l3_miss-393216,stride16-gcc13-scalar,3,stride16_scan,scalar,warm,l3_miss,393216,393216,111747072,18188,250005731,548741380,4,4,0,0,0,0
1,stride16-gcc13-scalar-r3-stride16_scan-scalar-warm-l3_miss-134217728,stride16-gcc13-scalar,3,stride16_scan,scalar,warm,l3_miss,134217728,134217728,56623104,27,259625276,569855448,4,4,0,0,4504961647483134,0
1,stride16-gcc13-scalar-r3-stride16_scan-scalar-warm-l2_miss-536870912,stride16-gcc13-scalar,3,stride16_scan,scalar,warm,l2_miss,536870912,536870912,58720256,7,273760883,600882212,4,4,0,0,18017378678603339,0
1,stride16-gcc13-scalar-r3-stride16_scan-scalar-warm-l2_miss-98304,stride16-gcc13-scalar,3,stride16_scan,scalar,warm,l2_miss,98304,98304,204040704,132839,250001553,548732488,4,4,0,0,3270808815657,0
1,stride16-gcc13-scalar-r3-stride16_scan-scalar-warm-l1_miss-12582912,stride16-gcc13-scalar,3,stride16_scan,scalar,warm,l1_miss,12582912,12582912,61538304,313,250702234,550270140,4,4,0,0,422589347643191,0
1,stride16-gcc13-scalar-r3-stride16_scan-scalar-cache_evicted-l1_miss-6291456,stride16-gcc13-scalar,3,stride16_scan,scalar,cache_evicted,l1_miss,6291456,6291456,97124352,988,250027871,548789928,4,4,0,0,0,0
1,stride16-gcc13-scalar-r3-stride16_scan-scalar-warm-l1_miss-49152,stride16-gcc13-scalar,3,stride16_scan,scalar,warm,l1_miss,49152,49152,200225280,260710,250000538,548729948,4,4,0,0,0,0
1,stride16-gcc13-scalar-r3-stride16_scan-scalar-warm-l1_miss-98304,stride16-gcc13-scalar,3,stride16_scan,scalar,warm,l1_miss,98304,98304,204281856,132996,250001465,548732280,4,4,0,0,0,0
1,stride16-gcc13-scalar-r3-stride16_scan-scalar-warm-l2_miss-4194304,stride16-gcc13-scalar,3,stride16_scan,scalar,warm,l2_miss,4194304,4194304,111935488,1708,250037392,548810824,4,4,0,0,0,0
1,stride16-gcc13-scalar-r3-stride16_scan-scalar-warm-l2_miss-24576,stride16-gcc13-scalar,3,stride16_scan,scalar,warm,l2_miss,24576,24576,333346944,868091,250000132,548729340,4,4,0,0,836648715053,0
1,stride16-gcc13-scalar-r3-stride16_scan-scalar-warm-l3_miss-2097152,stride16-gcc13-scalar,3,stride16_scan,scalar,warm,l3_miss,2097152,2097152,112263168,3426,250052617,548844292,4,4,0,0,0,0
1,stride16-gcc13-scalar-r3-stride16_scan-scalar-warm-l2_miss-5242880,stride16-gcc13-scalar,3,stride16_scan,scalar,warm,l2_miss,5242880,5242880,110264320,1346,250167460,549096364,4,4,0,0,0,0
1,stride16-gcc13-scalar-r3-stride16_scan-scalar-warm-l3_miss-16384,stride16-gcc13-scalar,3,stride16_scan,scalar,warm,l3_miss,16384,16384,311693568,1217553,250000298,548729456,4,4,0,0,580605274617,0
1,stride16-gcc13-scalar-r3-stride16_scan-scalar-warm-l3_miss-24576,stride16-gcc13-scalar,3,stride16_scan,scalar,warm,l3_miss,24576,24576,319562880,832195,250000088,548729244,4,4,0,0,836648715053,0
1,stride16-gcc13-scalar-r3-stride16_scan-scalar-warm-l3_miss-229376,stride16-gcc13-scalar,3,stride16_scan,scalar,warm,l3_miss,229376,229376,151599616,42299,250004733,548739164,4,4,0,0,7585174759353,0
1,stride16-gcc13-scalar-r3-stride16_scan-scalar-warm-l2_miss-28672,stride16-gcc13-scalar,3,stride16_scan,scalar,warm,l2_miss,28672,28672,328449408,733146,250000193,548729424,4,4,0,0,0,0
1,stride16-gcc13-scalar-r3-stride16_scan-scalar-warm-l1_miss-28672,stride16-gcc13-scalar,3,stride16_scan,scalar,warm,l1_miss,28672,28672,327743360,731570,250000369,548729720,4,4,0,0,0,0
1,stride16-gcc13-scalar-r3-stride16_scan-scalar-warm-l1_miss-5242880,stride16-gcc13-scalar,3,stride16_scan,scalar,warm,l1_miss,5242880,5242880,106414080,1299,250119216,548990580,4,4,0,0,176156593025837,0
1,stride16-gcc13-scalar-r3-stride16_scan-scalar-warm-l2_miss-65536,stride16-gcc13-scalar,3,stride16_scan,scalar,warm,l2_miss,65536,65536,204453888,199662,250001347,548731736,4,4,0,0,0,0
1,stride16-gcc13-scalar-r3-stride16_scan-scalar-warm-l3_miss-6291456,stride16-gcc13-scalar,3,stride16_scan,scalar,warm,l3_miss,6291456,6291456,78741504,801,250071108,548884788,4,4,0,0,211268679159789,0
1,stride16-gcc13-scalar-r3-stride16_scan-scalar-warm-l1_miss-131072,stride16-gcc13-scalar,3,stride16_scan,scalar,warm,l1_miss,131072,131072,210677760,102870,250000962,548731192,4,4,0,0,0,0
1,stride16-gcc13-scalar-r3-stride16_scan-scalar-warm-l3_miss-196608,stride16-gcc13-scalar,3,stride16_scan,scalar,warm,l3_miss,196608,196608,222222336,72338,250002989,548735640,4,4,0,0,0,0
1,stride16-gcc13-scalar-r3-stride16_scan-scalar-warm-l1_miss-524288,stride16-gcc13-scalar,3,stride16_scan,scalar,warm,l1_miss,524288,524288,111853568,13654,250016216,548764672,4,4,0,0,0,0
1,stride16-gcc13-scalar-r3-stride16_scan-scalar-warm-l1_miss-1048576,stride16-gcc13-scalar,3,stride16_scan,scalar,warm,l1_miss,1048576,1048576,112164864,6846,250013510,548758616,4,4,0,0,0,0
1,stride16-gcc13-scalar-r3-stride16_scan-scalar-warm-l3_miss-1048576,stride16-gcc13-scalar,3,stride16_scan,scalar,warm,l3_miss,1048576,1048576,112148480,6845,250022871,548779092,4,4,0,0,35080806240091,0
1,stride16-gcc13-scalar-r3-stride16_scan-scalar-warm-l3_miss-131072,stride16-gcc13-scalar,3,stride16_scan,scalar,warm,l3_miss,131072,131072,212731904,103873,250001852,548732956,4,4,0,0,4334813000201,0
1,stride16-gcc13-scalar-r3-stride16_scan-scalar-cache_evicted-l3_miss-536870912,stride16-gcc13-scalar,3,stride16_scan,scalar,cache_evicted,l3_miss,536870912,536870912,58720256,7,270558749,593853516,4,4,0,0,18022305741371962,0
1,stride16-gcc13-scalar-r3-stride16_scan-scalar-cache_evicted-l1_miss-536870912,stride16-gcc13-scalar,3,stride16_scan,scalar,cache_evicted,l1_miss,536870912,536870912,58720256,7,270723910,594216296,4,4,0,0,18022305741371962,0
1,stride16-gcc13-scalar-r3-stride16_scan-scalar-cache_evicted-l3_miss-1048576,stride16-gcc13-scalar,3,stride16_scan,scalar,cache_evicted,l3_miss,1048576,1048576,112132096,6844,250005938,548741836,4,4,0,0,0,0
1,stride16-gcc13-scalar-r3-stride16_scan-scalar-warm-l3_miss-12582912,stride16-gcc13-scalar,3,stride16_scan,scalar,warm,l3_miss,12582912,12582912,59179008,301,250081884,548908492,4,4,0,0,422589347643191,0
1,stride16-gcc13-scalar-r3-stride16_scan-scalar-warm-l2_miss-49152,stride16-gcc13-scalar,3,stride16_scan,scalar,warm,l2_miss,49152,49152,200689920,261315,250000400,548729580,4,4,0,0,1653144300599,0
1,stride16-gcc13-scalar-r3-stride16_scan-scalar-cache_evicted-l2_miss-536870912,stride16-gcc13-scalar,3,stride16_scan,scalar,cache_evicted,l2_miss,536870912,536870912,58720256,7,270427688,593566100,4,4,0,0,18022305741371962,0
1,stride16-gcc13-scalar-r3-stride16_scan-scalar-warm-l2_miss-229376,stride16-gcc13-scalar,3,stride16_scan,scalar,warm,l2_miss,229376,229376,214373376,59814,250003175,548736032,4,4,0,0,0,0
1,stride16-gcc13-scalar-r3-stride16_scan-scalar-warm-l3_miss-262144,stride16-gcc13-scalar,3,stride16_scan,scalar,warm,l3_miss,262144,262144,145088512,35422,250004367,548738388,4,4,0,0,0,0
1,stride16-gcc13-scalar-r3-stride16_scan-scalar-warm-l1_miss-8192,stride16-gcc13-scalar,3,stride16_scan,scalar,warm,l1_miss,8192,8192,254386432,1987394,250000317,548729444,4,4,0,0,0,0
1,stride16-gcc13-scalar-r3-stride16_scan-scalar-warm-l1_miss-4194304,stride16-gcc13-scalar,3,stride16_scan,scalar,warm,l1_miss,4194304,4194304,107937792,1647,250011110,548753148,4,4,0,0,140723773294051,0
1,stride16-gcc13-scalar-r3-stride16_scan-scalar-warm-l1_miss-393216,stride16-gcc13-scalar,3,stride16_scan,scalar,warm,l1_miss,393216,393216,111704064,18181,250001890,548733200,4,4,0,0,13123223841934,0
1,stride16-gcc13-scalar-r3-stride16_scan-scalar-cache_evicted-l2_miss-32768,stride16-gcc13-scalar,3,stride16_scan,scalar,cache_evicted,l2_miss,32768,32768,322788352,630446,250000447,548730060,4,4,0,0,0,0
1,stride16-gcc13-scalar-r3-stride16_scan-scalar-warm-l2_miss-8192,stride16-gcc13-scalar,3,stride16_scan,scalar,warm,l2_miss,8192,8192,262982400,2054550,250000132,548729336,4,4,0,0,0,0
1,stride16-gcc13-scalar-r3-stride16_scan-scalar-warm-l2_miss-16384,stride16-gcc13-scalar,3,stride16_scan,scalar,warm,l2_miss,16384,16384,311973376,1218646,250000110,548729324,4,4,0,0,0,0
1,stride16-gcc13-scalar-r3-stride16_scan-scalar-cache_evicted-l2_miss-6291456,stride16-gcc13-scalar,3,stride16_scan,scalar,cache_evicted,l2_miss,6291456,6291456,93487104,951,250121724,548995940,4,4,0,0,210880173279116,0
1,stride16-gcc13-scalar-r3-stride16_scan-scalar-warm-l1_miss-7340032,stride16-gcc13-scalar,3,stride16_scan,scalar,warm,l1_miss,7340032,7340032,83378176,727,250282619,549348948,4,4,0,0,246617036804768,0
1,stride16-gcc13-scalar-r3-stride16_scan-scalar-warm-l3_miss-4194304,stride16-gcc13-scalar,3,stride16_scan,scalar,warm,l3_miss,4194304,4194304,109838336,1676,250061251,548863388,4,4,0,0,0,0
1,stride16-gcc13-scalar-r3-stride16_scan-scalar-cache_evicted-l1_miss-1048576,stride16-gcc13-scalar,3,stride16_scan,scalar,cache_evicted,l1_miss,1048576,1048576,112115712,6843,250025332,548784404,4,4,0,0,35014271474139,0
1,stride16-gcc13-scalar-r3-stride16_scan-scalar-warm-l1_miss-2097152,stride16-gcc13-scalar,3,stride16_scan,scalar,warm,l1_miss,2097152,2097152,112230400,3425,250011503,548754032,4,4,0,0,70221165544626,0
1,stride16-gcc13-scalar-r3-stride16_scan-scalar-warm-l1_miss-196608,stride16-gcc13-scalar,3,stride16_scan,scalar,warm,l1_miss,196608,196608,219869184,71572,250001150,548731588,4,4,0,0,0,0
1,stride16-gcc13-scalar-r3-stride16_scan-scalar-warm-l1_miss-6291456,stride16-gcc13-scalar,3,stride16_scan,scalar,warm,l1_miss,6291456,6291456,91226112,928,250134180,549023212,4,4,0,0,0,0
1,stride16-gcc13-scalar-r3-stride16_scan-scalar-cache_evicted-l3_miss-33554432,stride16-gcc13-scalar,3,stride16_scan,scalar,cache_evicted,l3_miss,33554432,33554432,54525952,104,250281415,549346464,4,4,0,0,0,0
1,stride16-gcc13-scalar-r3-stride16_scan-scalar-warm-l2_miss-134217728,stride16-gcc13-scalar,3,stride16_scan,scalar,warm,l2_miss,134217728,134217728,56623104,27,259094778,568691052,4,4,0,0,4504961647483134,0
1,stride16-gcc13-scalar-r3-stride16_scan-scalar-warm-l2_miss-524288,stride16-gcc13-scalar,3,stride16_scan,scalar,warm,l2_miss,524288,524288,111886336,13658,250008698,548748164,4,4,0,0,0,0
1,stride16-gcc13-scalar-r3-stride16_scan-scalar-warm-l3_miss-33554432,stride16-gcc13-scalar,3,stride16_scan,scalar,warm,l3_miss,33554432,33554432,55050240,105,250010019,548750728,4,4,0,0,1125583027973696,0
1,stride16-gcc13-scalar-r3-stride16_scan-scalar-warm-l2_miss-6291456,stride16-gcc13-scalar,3,stride16_scan,scalar,warm,l2_miss,6291456,6291456,87392256,889,250175871,549114792,4,4,0,0,211268679159789,0
1,stride16-gcc13-scalar-r3-stride16_scan-scalar-cache_evicted-l3_miss-6291456,stride16-gcc13-scalar,3,stride16_scan,scalar,cache_evicted,l3_miss,6291456,6291456,91521024,931,250194866,549156480,4,4,0,0,210880173279116,0
1,stride16-gcc13-scalar-r3-stride16_scan-scalar-cache_evicted-l2_miss-33554432,stride16-gcc13-scalar,3,stride16_scan,scalar,cache_evicted,l2_miss,33554432,33554432,55050240,105,251014718,550955968,4,4,0,0,1127470638920906,0
1,stride16-gcc13-scalar-r3-stride16_scan-scalar-warm-l1_miss-65536,stride16-gcc13-scalar,3,stride16_scan,scalar,warm,l1_miss,65536,65536,202601472,197853,250000414,548729960,4,4,0,0,2191374536516,0
1,stride16-gcc13-scalar-r3-stride16_scan-scalar-warm-l3_miss-36864,stride16-gcc13-scalar,3,stride16_scan,scalar,warm,l3_miss,36864,36864,195701760,339760,250000492,548730136,4,4,0,0,0,0
1,stride16-gcc13-scalar-r3-stride16_scan-scalar-cache_evicted-l3_miss-262144,stride16-gcc13-scalar,3,stride16_scan,scalar,cache_evicted,l3_miss,262144,262144,135208960,33010,250000781,548730772,4,4,0,0,0,0
1,stride16-gcc13-scalar-r3-stride16_scan-scalar-warm-l1_miss-229376,stride16-gcc13-scalar,3,stride16_scan,scalar,warm,l1_miss,229376,229376,161222656,44984,250005090,548740252,4,4,0,0,0,0
1,stride16-gcc13-scalar-r3-stride16_scan-scalar-warm-l3_miss-65536,stride16-gcc13-scalar,3,stride16_scan,scalar,warm,l3_miss,65536,65536,202744832,197993,250000996,548731260,4,4,0,0,2191374536516,0
1,stride16-gcc13-scalar-r3-stride16_scan-scalar-cache_evicted-l1_miss-262144,stride16-gcc13-scalar,3,stride16_scan,scalar,cache_evicted,l1_miss,262144,262144,159440896,38926,250006129,548742256,4,4,0,0,0,0
1,stride16-gcc13-scalar-r3-stride16_scan-scalar-warm-l3_miss-8192,stride16-gcc13-scalar,3,stride16_scan,scalar,warm,l3_miss,8192,8192,261899776,2046092,250000279,548729416,4,4,0,0,0,0
1,stride16-gcc13-scalar-r3-stride16_scan-scalar-warm-l1_miss-134217728,stride16-gcc13-scalar,3,stride16_scan,scalar,warm,l1_miss,134217728,134217728,54525952,26,257335233,564828936,4,4,0,0,0,0
1,stride16-gcc13-scalar-r3-stride16_scan-scalar-cache_evicted-l1_miss-33554432,stride16-gcc13-scalar,3,stride16_scan,scalar,cache_evicted,l1_miss,33554432,33554432,55050240,105,252275405,553723092,4,4,0,0,1127470638920906,0
1,stride16-gcc13-scalar-r3-stride16_scan-scalar-warm-l3_miss-524288,stride16-gcc13-scalar,3,stride16_scan,scalar,warm,l3_miss,524288,524288,111910912,13661,250013528,548758744,4,4,0,0,17540853279023,0
1,stride16-gcc13-scalar-r3-stride16_scan-scalar-cache_evicted-l3_miss-8388608,stride16-gcc13-scalar,3,stride16_scan,scalar,cache_evicted,l3_miss,8388608,8388608,76546048,584,250365517,549531016,4,4,0,0,0,0
1,stride16-gcc13-scalar-r3-stride16_scan-scalar-warm-l2_miss-8388608,stride16-gcc13-scalar,3,stride16_scan,scalar,warm,l2_miss,8388608,8388608,76414976,583,250123639,549000164,4,4,0,0,281849610020793,0
1,stride16-gcc13-scalar-r3-stride16_scan-scalar-warm-l2_miss-131072,stride16-gcc13-scalar,3,stride16_scan,scalar,warm,l2_miss,131072,131072,209584128,102336,250001418,548731896,4,4,0,0,0,0
1,stride16-gcc13-scalar-r3-stride16_scan-scalar-cache_evicted-l2_miss-1048576,stride16-gcc13-scalar,3,stride16_scan,scalar,cache_evicted,l2_miss,1048576,1048576,112066560,6840,250005854,548741604,4,4,0,0,0,0
1,stride16-gcc13-scalar-r3-stride16_scan-scalar-warm-l2_miss-12582912,stride16-gcc13-scalar,3,stride16_scan,scalar,warm,l2_miss,12582912,12582912,61734912,314,250424810,549661180,4,4,0,0,0,0
1,stride16-gcc13-scalar-r4-stride16_scan-scalar-warm-l3_miss-4194304,stride16-gcc13-scalar,4,stride16_scan,scalar,warm,l3_miss,4194304,4194304,109641728,1673,250058399,548857120,4,4,0,0,140333085323022,0
1,stride16-gcc13-scalar-r4-stride16_scan-scalar-warm-l2_miss-4194304,stride16-gcc13-scalar,4,stride16_scan,scalar,warm,l2_miss,4194304,4194304,108593152,1657,250104954,548959280,4,4,0,0,140333085323022,0
1,stride16-gcc13-scalar-r4-stride16_scan-scalar-warm-l1_miss-33554432,stride16-gcc13-scalar,4,stride16_scan,scalar,warm,l1_miss,33554432,33554432,55050240,105,252338547,553861668,4,4,0,0,1124115648051249,0
1,stride16-gcc13-scalar-r4-stride16_scan-scalar-warm-l1_miss-229376,stride16-gcc13-scalar,4,stride16_scan,scalar,warm,l1_miss,229376,229376,190306816,53099,250001304,548731564,4,4,0,0,7633951322737,0
1,stride16-gcc13-scalar-r4-stride16_scan-scalar-cache_evicted-l1_miss-32768,stride16-gcc13-scalar,4,stride16_scan,scalar,cache_evicted,l1_miss,32768,32768,322408960,629705,250000309,548729452,4,4,0,0,1116469165256,0
1,stride16-gcc13-scalar-r4-stride16_scan-scalar-cache_evicted-l3_miss-8388608,stride16-gcc13-scalar,4,stride16_scan,scalar,cache_evicted,l3_miss,8388608,8388608,53346304,407,250350390,549497828,4,4,0,0,281937011751577,0
1,stride16-gcc13-scalar-r4-stride16_scan-scalar-warm-l3_miss-65536,stride16-gcc13-scalar,4,stride16_scan,scalar,warm,l3_miss,65536,65536,204262400,199475,250000383,548729612,4,4,0,0,2164623106110,0
1,stride16-gcc13-scalar-r4-stride16_scan-scalar-warm-l2_miss-7340032,stride16-gcc13-scalar,4,stride16_scan,scalar,warm,l2_miss,7340032,7340032,53903360,470,250219183,549209836,4,4,0,0,0,0
1,stride16-gcc13-scalar-r4-stride16_scan-scalar-warm-l1_miss-524288,stride16-gcc13-scalar,4,stride16_scan,scalar,warm,l1_miss,524288,524288,111788032,13646,250018285,548768904,4,4,0,0,0,0
1,stride16-gcc13-scalar-r4-stride16_scan-scalar-warm-l1_miss-28672,stride16-gcc13-scalar,4,stride16_scan,scalar,warm,l1_miss,28672,28672,325683456,726972,250000469,548729768,4,4,0,0,0,0
1,stride16-gcc13-scalar-r4-stride16_scan-scalar-warm-l3_miss-12582912,stride16-gcc13-scalar,4,stride16_scan,scalar,warm,l3_miss,12582912,12582912,51904512,264,250107061,548963764,4,4,0,0,0,0
1,stride16-gcc13-scalar-r4-stride16_scan-scalar-warm-l3_miss-49152,stride16-gcc13-scalar,4,stride16_scan,scalar,warm,l3_miss,49152,49152,198673152,258689,250000572,548730012,4,4,0,0,1629620994100,0
1,stride16-gcc13-scalar-r4-stride16_scan-scalar-cache_evicted-l1_miss-6291456,stride16-gcc13-scalar,4,stride16_scan,scalar,cache_evicted,l1_miss,6291456,6291456,62619648,637,250222121,549216316,4,4,0,0,211369940324693,0
1,stride16-gcc13-scalar-r4-stride16_scan-scalar-warm-l2_miss-229376,stride16-gcc13-scalar,4,stride16_scan,scalar,warm,l2_miss,229376,229376,190636544,53191,250004041,548737620,4,4,0,0,7633951322737,0
1,stride16-gcc13-scalar-r4-stride16_scan-scalar-warm-l3_miss-28672,stride16-gcc13-scalar,4,stride16_scan,scalar,warm,l3_miss,28672,28672,322139776,719062,250000526,548729952,4,4,0,0,0,0
1,stride16-gcc13-scalar-r4-stride16_scan-scalar-warm-l3_miss-16384,stride16-gcc13-scalar,4,stride16_scan,scalar,warm,l3_miss,16384,16384,306122752,1195792,250000330,548729388,4,4,0,0,0,0
1,stride16-gcc13-scalar-r4-stride16_scan-scalar-warm-l3_miss-8192,stride16-gcc13-scalar,4,stride16_scan,scalar,warm,l3_miss,8192,8192,259436544,2026848,250000234,548729240,4,4,0,0,0,0
1,stride16-gcc13-scalar-r4-stride16_scan-scalar-warm-l3_miss-262144,stride16-gcc13-scalar,4,stride16_scan,scalar,warm,l3_miss,262144,262144,149655552,36537,250003020,548735436,4,4,0,0,8716315336334,0
1,stride16-gcc13-scalar-r4-stride16_scan-scalar-cache_evicted-l1_miss-262144,stride16-gcc13-scalar,4,stride16_scan,scalar,cache_evicted,l1_miss,262144,262144,148291584,36204,250004648,548738976,4,4,0,0,0,0
1,stride16-gcc13-scalar-r4-stride16_scan-scalar-cache_evicted-l3_miss-33554432,stride16-gcc13-scalar,4,stride16_scan,scalar,cache_evicted,l3_miss,33554432,33554432,53477376,102,250256351,549291432,4,4,0,0,0,0
1,stride16-gcc13-scalar-r4-stride16_scan-scalar-cache_evicted-l1_miss-536870912,stride16-gcc13-scalar,4,stride16_scan,scalar,cache_evicted,l1_miss,536870912,536870912,50331648,6,250846983,550588100,4,4,0,0,0,0
1,stride16-gcc13-scalar-r4-stride16_scan-scalar-warm-l1_miss-36864,stride16-gcc13-scalar,4,stride16_scan,scalar,warm,l1_miss,36864,36864,199924992,347092,250000458,548729712,4,4,0,0,0,0
1,stride16-gcc13-scalar-r4-stride16_scan-scalar-warm-l3_miss-536870912,stride16-gcc13-scalar,4,stride16_scan,scalar,warm,l3_miss,536870912,536870912,58720256,7,270235908,593145180,4,4,0,0,18015733430633011,0
1,stride16-gcc13-scalar-r4-stride16_scan-scalar-cache_evicted-l2_miss-8388608,stride16-gcc13-scalar,4,stride16_scan,scalar,cache_evicted,l2_miss,8388608,8388608,74317824,567,250219183,549209292,4,4,0,0,281937011751577,0
1,stride16-gcc13-scalar-r4-stride16_scan-scalar-warm-l1_miss-131072,stride16-gcc13-scalar,4,stride16_scan,scalar,warm,l1_miss,131072,131072,209885184,102483,250000472,548730084,4,4,0,0,4368190345489,0
1,stride16-gcc13-scalar-r4-stride16_scan-scalar-cache_evicted-l2_miss-33554432,stride16-gcc13-scalar,4,stride16_scan,scalar,cache_evicted,l2_miss,33554432,33554432,54525952,104,251823649,552731516,4,4,0,0,0,0
1,stride16-gcc13-scalar-r4-stride16_scan-scalar-warm-l1_miss-8192,stride16-gcc13-scalar,4,stride16_scan,scalar,warm,l1_miss,8192,8192,261766656,2045052,250000291,548729392,4,4,0,0,0,0
1,stride16-gcc13-scalar-r4-stride16_scan-scalar-cache_evicted-l3_miss-1048576,stride16-gcc13-scalar,4,stride16_scan,scalar,cache_evicted,l3_miss,1048576,1048576,112132096,6844,250005073,548739940,4,4,0,0,0,0
1,stride16-gcc13-scalar-r4-stride16_scan-scalar-warm-l2_miss-294912,stride16-gcc13-scalar,4,stride16_scan,scalar,warm,l2_miss,294912,294912,128650752,27919,250002620,548734528,4,4,0,0,9797940573625,0
1,stride16-gcc13-scalar-r4-stride16_scan-scalar-warm-l1_miss-5242880,stride16-gcc13-scalar,4,stride16_scan,scalar,warm,l1_miss,5242880,5242880,97320960,1188,250173268,549109076,4,4,0,0,0,0
1,stride16-gcc13-scalar-r4-stride16_scan-scalar-warm-l3_miss-6291456,stride16-gcc13-scalar,4,stride16_scan,scalar,warm,l3_miss,6291456,6291456,86999040,885,250175922,549114868,4,4,0,0,210849592540580,0
1,stride16-gcc13-scalar-r4-stride16_scan-scalar-warm-l2_miss-16384,stride16-gcc13-scalar,4,stride16_scan,scalar,warm,l2_miss,16384,16384,312018176,1218821,250000406,548729672,4,4,0,0,504764471523,0
1,stride16-gcc13-scalar-r4-stride16_scan-scalar-warm-l1_miss-4194304,stride16-gcc13-scalar,4,stride16_scan,scalar,warm,l1_miss,4194304,4194304,106758144,1629,250105846,548961092,4,4,0,0,140333085323022,0
1,stride16-gcc13-scalar-r4-stride16_scan-scalar-warm-l2_miss-65536,stride16-gcc13-scalar,4,stride16_scan,scalar,warm,l2_miss,65536,65536,201395200,196675,250001338,548731716,4,4,0,0,2164623106110,0
1,stride16-gcc13-scalar-r4-stride16_scan-scalar-warm-l2_miss-536870912,stride16-gcc13-scalar,4,stride16_scan,scalar,warm,l2_miss,536870912,536870912,58720256,7,270680727,594121252,4,4,0,0,18015733430633011,0
1,stride16-gcc13-scalar-r4-stride16_scan-scalar-cache_evicted-l2_miss-262144,stride16-gcc13-scalar,4,stride16_scan,scalar,cache_evicted,l2_miss,262144,262144,163299328,39868,250003993,548737696,4,4,0,0,0,0
1,stride16-gcc13-scalar-r4-stride16_scan-scalar-warm-l1_miss-32768,stride16-gcc13-scalar,4,stride16_scan,scalar,warm,l1_miss,32768,32768,323214336,631278,250000263,548729548,4,4,0,0,0,0
1,stride16-gcc13-scalar-r4-stride16_scan-scalar-cache_evicted-l1_miss-33554432,stride16-gcc13-scalar,4,stride16_scan,scalar,cache_evicted,l1_miss,33554432,33554432,55050240,105,250502500,549831736,4,4,0,0,1126419427349883,0
1,stride16-gcc13-scalar-r4-stride16_scan-scalar-warm-l3_miss-24576,stride16-gcc13-scalar,4,stride16_scan,scalar,warm,l3_miss,24576,24576,332218752,865153,250000333,548729508,4,4,0,0,784714941279,0
1,stride16-gcc13-scalar-r4-stride16_scan-scalar-warm-l1_miss-393216,stride16-gcc13-scalar,4,stride16_scan,scalar,warm,l1_miss,393216,393216,115113984,18736,250008369,548747160,4,4,0,0,0,0
1,stride16-gcc13-scalar-r4-stride16_scan-scalar-cache_evicted-l3_miss-536870912,stride16-gcc13-scalar,4,stride16_scan,scalar,cache_evicted,l3_miss,536870912,536870912,58720256,7,270966145,594747984,4,4,0,0,18012855125309380,0
1,stride16-gcc13-scalar-r4-stride16_scan-scalar-warm-l3_miss-2097152,stride16-gcc13-scalar,4,stride16_scan,scalar,warm,l3_miss,2097152,2097152,112295936,3427,250024961,548783580,4,4,0,0,70183020256429,0
1,stride16-gcc13-scalar-r4-stride16_scan-scalar-warm-l3_miss-524288,stride16-gcc13-scalar,4,stride16_scan,scalar,warm,l3_miss,524288,524288,111837184,13652,250001061,548731264,4,4,0,0,0,0
1,stride16-gcc13-scalar-r4-stride16_scan-scalar-warm-l1_miss-7340032,stride16-gcc13-scalar,4,stride16_scan,scalar,warm,l1_miss,7340032,7340032,81313792,709,250242539,549261116,4,4,0,0,245805770010846,0
1,stride16-gcc13-scalar-r4-stride16_scan-scalar-warm-l3_miss-196608,stride16-gcc13-scalar,4,stride16_scan,scalar,warm,l3_miss,196608,196608,185610240,60420,250002705,548734720,4,4,0,0,0,0
1,stride16-gcc13-scalar-r4-stride16_scan-scalar-cache_evicted-l2_miss-1048576,stride16-gcc13-scalar,4,stride16_scan,scalar,cache_evicted,l2_miss,1048576,1048576,112099328,6842,250026452,548786788,4,4,0,0,0,0
1,stride16-gcc13-scalar-r4-stride16_scan-scalar-warm-l3_miss-393216,stride16-gcc13-scalar,4,stride16_scan,scalar,warm,l3_miss,393216,393216,111747072,18188,250011706,548754468,4,4,0,0,0,0
1,stride16-gcc13-scalar-r4-stride16_scan-scalar-warm-l2_miss-24576,stride16-gcc13-scalar,4,stride16_scan,scalar,warm,l2_miss,24576,24576,325010688,846382,250000216,548729244,4,4,0,0,0,0
1,stride16-gcc13-scalar-r4-stride16_scan-scalar-warm-l1_miss-49152,stride16-gcc13-scalar,4,stride16_scan,scalar,warm,l1_miss,49152,49152,199303680,259510,250000695,548730604,4,4,0,0,0,0
1,stride16-gcc13-scalar-r4-stride16_scan-scalar-warm-l3_miss-7340032,stride16-gcc13-scalar,4,stride16_scan,scalar,warm,l3_miss,7340032,7340032,79937536,697,250294608,549375420,4,4,0,0,245805770010846,0
1,stride16-gcc13-scalar-r4-stride16_scan-scalar-warm-l1_miss-262144,stride16-gcc13-scalar,4,stride16_scan,scalar,warm,l1_miss,262144,262144,180256768,44008,250002940,548735516,4,4,0,0,0,0
1,stride16-gcc13-scalar-r4-stride16_scan-scalar-cache_evicted-l2_miss-536870912,stride16-gcc13-scalar,4,stride16_scan,scalar,cache_evicted,l2_miss,536870912,536870912,58720256,7,275341131,604350444,4,4,0,0,18012855125309380,0
1,stride16-gcc13-scalar-r4-stride16_scan-scalar-cache_evicted-l3_miss-6291456,stride16-gcc13-scalar,4,stride16_scan,scalar,cache_evicted,l3_miss,6291456,6291456,90046464,916,250252765,549283564,4,4,0,0,0,0
1,stride16-gcc13-scalar-r4-stride16_scan-scalar-warm-l1_miss-98304,stride16-gcc13-scalar,4,stride16_scan,scalar,warm,l1_miss,98304,98304,205158912,133567,250001633,548732496,4,4,0,0,3281461908305,0
1,stride16-gcc13-scalar-r4-stride16_scan-scalar-warm-l1_miss-24576,stride16-gcc13-scalar,4,stride16_scan,scalar,warm,l1_miss,24576,24576,329415168,857852,250000420,548729572,4,4,0,0,0,0
1,stride16-gcc13-scalar-r4-stride16_scan-scalar-cache_evicted-l3_miss-32768,stride16-gcc13-scalar,4,stride16_scan,scalar,cache_evicted,l3_miss,32768,32768,323629056,632088,250000243,548729452,4,4,0,0,0,0
1,stride16-gcc13-scalar-r4-stride16_scan-scalar-cache_evicted-l3_miss-262144,stride16-gcc13-scalar,4,stride16_scan,scalar,cache_evicted,l3_miss,262144,262144,157196288,38378,250006467,548743272,4,4,0,0,0,0
1,stride16-gcc13-scalar-r4-stride16_scan-scalar-warm-l3_miss-33554432,stride16-gcc13-scalar,4,stride16_scan,scalar,warm,l3_miss,33554432,33554432,55574528,106,252039050,553204336,4,4,0,0,0,0
1,stride16-gcc13-scalar-r4-stride16_scan-scalar-warm-l2_miss-49152,stride16-gcc13-scalar,4,stride16_scan,scalar,warm,l2_miss,49152,49152,200843520,261515,250000430,548729472,4,4,0,0,1629620994100,0
1,stride16-gcc13-scalar-r4-stride16_scan-scalar-warm-l2_miss-2097152,stride16-gcc13-scalar,4,stride16_scan,scalar,warm,l2_miss,2097152,2097152,112164864,3423,250022542,548778260,4,4,0,0,70183020256429,0
1,stride16-gcc13-scalar-r4-stride16_scan-scalar-warm-l3_miss-1048576,stride16-gcc13-scalar,4,stride16_scan,scalar,warm,l3_miss,1048576,1048576,112132096,6844,250017150,548766704,4,4,0,0,0,0
1,stride16-gcc13-scalar-r4-stride16_scan-scalar-warm-l3_miss-131072,stride16-gcc13-scalar,4,stride16_scan,scalar,warm,l3_miss,131072,131072,210683904,102873,250001952,548733056,4,4,0,0,4368190345489,0
1,stride16-gcc13-scalar-r4-stride16_scan-scalar-warm-l2_miss-393216,stride16-gcc13-scalar,4,stride16_scan,scalar,warm,l2_miss,393216,393216,111802368,18197,250006807,548744000,4,4,0,0,13050551073294,0
1,stride16-gcc13-scalar-r4-stride16_scan-scalar-warm-l1_miss-12582912,stride16-gcc13-scalar,4,stride16_scan,scalar,warm,l1_miss,12582912,12582912,61145088,311,250183608,549131780,4,4,0,0,421465328814538,0
1,stride16-gcc13-scalar-r4-stride16_scan-scalar-warm-l3_miss-32768,stride16-gcc13-scalar,4,stride16_scan,scalar,warm,l3_miss,32768,32768,324268032,633336,250000248,548729596,4,4,0,0,0,0
1,stride16-gcc13-scalar-r4-stride16_scan-scalar-cache_evicted-l2_miss-32768,stride16-gcc13-scalar,4,stride16_scan,scalar,cache_evicted,l2_miss,32768,32768,324107264,633022,250000296,548729452,4,4,0,0,0,0
1,stride16-gcc13-scalar-r4-stride16_scan-scalar-warm-l1_miss-2097152,stride16-gcc13-scalar,4,stride16_scan,scalar,warm,l1_miss,2097152,2097152,112230400,3425,250009956,548750620,4,4,0,0,70183020256429,0
1,stride16-gcc13-scalar-r4-stride16_scan-scalar-warm-l2_miss-1048576,stride16-gcc13-scalar,4,stride16_scan,scalar,warm,l2_miss,1048576,1048576,112132096,6844,250030457,548795648,4,4,0,0,0,0
1,stride16-gcc13-scalar-r4-stride16_scan-scalar-warm-l2_miss-12582912,stride16-gcc13-scalar,4,stride16_scan,scalar,warm,l2_miss,12582912,12582912,57802752,294,250266095,549312832,4,4,0,0,0,0
1,stride16-gcc13-scalar-r4-stride16_scan-scalar-warm-l1_miss-294912,stride16-gcc13-scalar,4,stride16_scan,scalar,warm,l1_miss,294912,294912,148741632,32279,250006479,548743004,4,4,0,0,9797940573625,0
1,stride16-gcc13-scalar-r4-stride16_scan-scalar-warm-l1_miss-1048576,stride16-gcc13-scalar,4,stride16_scan,scalar,warm,l1_miss,1048576,1048576,112148480,6845,250004916,548739724,4,4,0,0,34892935430792,0
1,stride16-gcc13-scalar-r4-stride16_scan-scalar-warm-l2_miss-8388608,stride16-gcc13-scalar,4,stride16_scan,scalar,warm,l2_miss,8388608,8388608,77201408,589,250194475,549155652,4,4,0,0,280846292562348,0
1,stride16-gcc13-scalar-r4-stride16_scan-scalar-cache_evicted-l1_miss-1048576,stride16-gcc13-scalar,4,stride16_scan,scalar,cache_evicted,l1_miss,1048576,1048576,112132096,6844,250008478,548747520,4,4,0,0,0,0
1,stride16-gcc13-scalar-r4-stride16_scan-scalar-warm-l2_miss-134217728,stride16-gcc13-scalar,4,stride16_scan,scalar,warm,l2_miss,134217728,134217728,56623104,27,258773409,567985672,4,4,0,0,4503720186931531,0
1,stride16-gcc13-scalar-r4-stride16_scan-scalar-warm-l3_miss-229376,stride16-gcc13-scalar,4,stride16_scan,scalar,warm,l3_miss,229376,229376,150026240,41860,250006058,548742072,4,4,0,0,0,0
1,stride16-gcc13-scalar-r4-stride16_scan-scalar-warm-l3_miss-294912,stride16-gcc13-scalar,4,stride16_scan,scalar,warm,l3_miss,294912,294912,118609920,25740,250009419,548749444,4,4,0,0,0,0
1,stride16-gcc13-scalar-r4-stride16_scan-scalar-warm-l2_miss-131072,stride16-gcc13-scalar,4,stride16_scan,scalar,warm,l2_miss,131072,131072,210722816,102892,250002354,548733936,4,4,0,0,0,0
1,stride16-gcc13-scalar-r4-stride16_scan-scalar-warm-l1_miss-196608,stride16-gcc13-scalar,4,stride16_scan,scalar,warm,l1_miss,196608,196608,179960832,58581,250003452,548736532,4,4,0,0,6532194166792,0
1,stride16-gcc13-scalar-r4-stride16_scan-scalar-warm-l3_miss-134217728,stride16-gcc13-scalar,4,stride16_scan,scalar,warm,l3_miss,134217728,134217728,56623104,27,258697000,567817956,4,4,0,0,4503720186931531,0
1,stride16-gcc13-scalar-r4-stride16_scan-scalar-warm-l1_miss-16384,stride16-gcc13-scalar,4,stride16_scan,scalar,warm,l1_miss,16384,16384,311978496,1218666,250000097,548729236,4,4,0,0,0,0
1,stride16-gcc13-scalar-r4-stride16_scan-scalar-warm-l2_miss-5242880,stride16-gcc13-scalar,4,stride16_scan,scalar,warm,l2_miss,5242880,5242880,109281280,1334,250152237,549062944,4,4,0,0,0,0
1,stride16-gcc13-scalar-r4-stride16_scan-scalar-warm-l2_miss-524288,stride16-gcc13-scalar,4,stride16_scan,scalar,warm,l2_miss,524288,524288,111837184,13652,250001753,548732648,4,4,0,0,0,0
1,stride16-gcc13-scalar-r4-stride16_scan-scalar-warm-l1_miss-8388608,stride16-gcc13-scalar,4,stride16_scan,scalar,warm,l1_miss,8388608,8388608,77201408,589,250183462,549131460,4,4,0,0,280846292562348,0
1,stride16-gcc13-scalar-r4-stride16_scan-scalar-warm-l3_miss-8388608,stride16-gcc13-scalar,4,stride16_scan,scalar,warm,l3_miss,8388608,8388608,73531392,561,250087292,548919956,4,4,0,0,280846292562348,0
1,stride16-gcc13-scalar-r4-stride16_scan-scalar-warm-l3_miss-98304,stride16-gcc13-scalar,4,stride16_scan,scalar,warm,l3_miss,98304,98304,204174336,132926,250000616,548730076,4,4,0,0,0,0
1,stride16-gcc13-scalar-r4-stride16_scan-scalar-warm-l3_miss-5242880,stride16-gcc13-scalar,4,stride16_scan,scalar,warm,l3_miss,5242880,5242880,108134400,1320,250105545,548959936,4,4,0,0,0,0
1,stride16-gcc13-scalar-r4-stride16_scan-scalar-warm-l2_miss-32768,stride16-gcc13-scalar,4,stride16_scan,scalar,warm,l2_miss,32768,32768,321245184,627432,250000226,548729548,4,4,0,0,0,0
1,stride16-gcc13-scalar-r4-stride16_scan-scalar-warm-l2_miss-98304,stride16-gcc13-scalar,4,stride16_scan,scalar,warm,l2_miss,98304,98304,204352512,133042,250000669,548730272,4,4,0,0,0,0
1,stride16-gcc13-scalar-r4-stride16_scan-scalar-warm-l2_miss-262144,stride16-gcc13-scalar,4,stride16_scan,scalar,warm,l2_miss,262144,262144,126406656,30861,250000385,548729924,4,4,0,0,8716315336334,0
1,stride16-gcc13-scalar-r4-stride16_scan-scalar-warm-l1_miss-134217728,stride16-gcc13-scalar,4,stride16_scan,scalar,warm,l1_miss,134217728,134217728,56623104,27,259050284,568593360,4,4,0,0,4503720186931531,0
1,stride16-gcc13-scalar-r4-stride16_scan-scalar-warm-l1_miss-536870912,stride16-gcc13-scalar,4,stride16_scan,scalar,warm,l1_miss,536870912,536870912,58720256,7,270131074,592915076,4,4,0,0,18015733430633011,0
1,stride16-gcc13-scalar-r4-stride16_scan-scalar-warm-l1_miss-6291456,stride16-gcc13-scalar,4,stride16_scan,scalar,warm,l1_miss,6291456,6291456,88276992,898,250262536,549305036,4,4,0,0,0,0
1,stride16-gcc13-scalar-r4-stride16_scan-scalar-warm-l3_miss-36864,stride16-gcc13-scalar,4,stride16_scan,scalar,warm,l3_miss,36864,36864,197241408,342433,250000374,548729872,4,4,0,0,1205687502153,0
1,stride16-gcc13-scalar-r4-stride16_scan-scalar-warm-l2_miss-8192,stride16-gcc13-scalar,4,stride16_scan,scalar,warm,l2_miss,8192,8192,249239936,1947187,250000249,548729344,4,4,0,0,249709441335,0
1,stride16-gcc13-scalar-r4-stride16_scan-scalar-warm-l2_miss-36864,stride16-gcc13-scalar,4,stride16_scan,scalar,warm,l2_miss,36864,36864,202905792,352267,250000471,548730084,4,4,0,0,1205687502153,0
1,stride16-gcc13-scalar-r4-stride16_scan-scalar-warm-l1_miss-65536,stride16-gcc13-scalar,4,stride16_scan,scalar,warm,l1_miss,65536,65536,204341248,199552,250000943,548730868,4,4,0,0,0,0
1,stride16-gcc13-scalar-r4-stride16_scan-scalar-cache_evicted-l2_miss-6291456,stride16-gcc13-scalar,4,stride16_scan,scalar,cache_evicted,l2_miss,6291456,6291456,88866816,904,250075357,548894076,4,4,0,0,0,0
1,stride16-gcc13-scalar-r4-stride16_scan-scalar-warm-l2_miss-196608,stride16-gcc13-scalar,4,stride16_scan,scalar,warm,l2_miss,196608,196608,188184576,61258,250001489,548732044,4,4,0,0,0,0
1,stride16-gcc13-scalar-r4-stride16_scan-scalar-warm-l2_miss-33554432,stride16-gcc13-scalar,4,stride16_scan,scalar,warm,l2_miss,33554432,33554432,54525952,104,250295850,549378108,4,4,0,0,0,0
1,stride16-gcc13-scalar-r4-stride16_scan-scalar-warm-l2_miss-28672,stride16-gcc13-scalar,4,stride16_scan,scalar,warm,l2_miss,28672,28672,329555072,735614,250000135,548729348,4,4,0,0,0,0
1,stride16-gcc13-scalar-r4-stride16_scan-scalar-warm-l2_miss-6291456,stride16-gcc13-scalar,4,stride16_scan,scalar,warm,l2_miss,6291456,6291456,76578816,779,250021075,548775024,4,4,0,0,210849592540580,0
1,stride16-gcc13-scalar-r4-stride16_scan-scalar-cache_evicted-l1_miss-8388608,stride16-gcc13-scalar,4,stride16_scan,scalar,cache_evicted,l1_miss,8388608,8388608,73662464,562,250270436,549322360,4,4,0,0,0,0
1,stride16-gcc13-scalar-r5-stride16_scan-scalar-cache_evicted-l3_miss-536870912,stride16-gcc13-scalar,5,stride16_scan,scalar,cache_evicted,l3_miss,536870912,536870912,58720256,7,275492456,604682872,4,4,0,0,18012226726777630,0
1,stride16-gcc13-scalar-r5-stride16_scan-scalar-warm-l3_miss-24576,stride16-gcc13-scalar,5,stride16_scan,scalar,warm,l3_miss,24576,24576,329845248,858972,250000283,548729556,4,4,0,0,0,0
1,stride16-gcc13-scalar-r5-stride16_scan-scalar-warm-l1_miss-134217728,stride16-gcc13-scalar,5,stride16_scan,scalar,warm,l1_miss,134217728,134217728,56623104,27,258998098,568478844,4,4,0,0,4504067175786675,0
1,stride16-gcc13-scalar-r5-stride16_scan-scalar-warm-l3_miss-6291456,stride16-gcc13-scalar,5,stride16_scan,scalar,warm,l3_miss,6291456,6291456,99287040,1010,250062068,548864992,4,4,0,0,0,0
1,stride16-gcc13-scalar-r5-stride16_scan-scalar-warm-l1_miss-36864,stride16-gcc13-scalar,5,stride16_scan,scalar,warm,l1_miss,36864,36864,197360064,342639,250000773,548730472,4,4,0,0,1246948212458,0
1,stride16-gcc13-scalar-r5-stride16_scan-scalar-warm-l3_miss-196608,stride16-gcc13-scalar,5,stride16_scan,scalar,warm,l3_miss,196608,196608,220904448,71909,250001251,548731792,4,4,0,0,6570104355684,0
1,stride16-gcc13-scalar-r5-stride16_scan-scalar-warm-l3_miss-4194304,stride16-gcc13-scalar,5,stride16_scan,scalar,warm,l3_miss,4194304,4194304,111804416,1706,250130843,549015960,4,4,0,0,0,0
1,stride16-gcc13-scalar-r5-stride16_scan-scalar-warm-l3_miss-49152,stride16-gcc13-scalar,5,stride16_scan,scalar,warm,l3_miss,49152,49152,200491776,261057,250001150,548731332,4,4,0,0,1664340032120,0
1,stride16-gcc13-scalar-r5-stride16_scan-scalar-cache_evicted-l3_miss-8388608,stride16-gcc13-scalar,5,stride16_scan,scalar,cache_evicted,l3_miss,8388608,8388608,69206016,528,250048141,548834456,4,4,0,0,0,0
1,stride16-gcc13-scalar-r5-stride16_scan-scalar-warm-l2_miss-196608,stride16-gcc13-scalar,5,stride16_scan,scalar,warm,l2_miss,196608,196608,221571072,72126,250002313,548734152,4,4,0,0,0,0
1,stride16-gcc13-scalar-r5-stride16_scan-scalar-warm-l3_miss-65536,stride16-gcc13-scalar,5,stride16_scan,scalar,warm,l3_miss,65536,65536,202920960,198165,250001353,548731928,4,4,0,0,2208874284837,0
1,stride16-gcc13-scalar-r5-stride16_scan-scalar-warm-l3_miss-1048576,stride16-gcc13-scalar,5,stride16_scan,scalar,warm,l3_miss,1048576,1048576,112115712,6843,250006262,548742528,4,4,0,0,35185090564000,0
1,stride16-gcc13-scalar-r5-stride16_scan-scalar-warm-l1_miss-2097152,stride16-gcc13-scalar,5,stride16_scan,scalar,warm,l1_miss,2097152,2097152,112230400,3425,250029846,548794308,4,4,0,0,70255563338767,0
1,stride16-gcc13-scalar-r5-stride16_scan-scalar-cache_evicted-l2_miss-33554432,stride16-gcc13-scalar,5,stride16_scan,scalar,cache_evicted,l2_miss,33554432,33554432,55574528,106,252131824,553407972,4,4,0,0,0,0
1,stride16-gcc13-scalar-r5-stride16_scan-scalar-warm-l2_miss-6291456,stride16-gcc13-scalar,5,stride16_scan,scalar,warm,l2_miss,6291456,6291456,95748096,974,250038961,548814312,4,4,0,0,0,0
1,stride16-gcc13-scalar-r5-stride16_scan-scalar-warm-l1_miss-32768,stride16-gcc13-scalar,5,stride16_scan,scalar,warm,l1_miss,32768,32768,318991360,623030,250000540,548729976,4,4,0,0,0,0
1,stride16-gcc13-scalar-r5-stride16_scan-scalar-warm-l3_miss-131072,stride16-gcc13-scalar,5,stride16_scan,scalar,warm,l3_miss,131072,131072,170072064,83043,250001657,548732384,4,4,0,0,4399883329278,0
1,stride16-gcc13-scalar-r5-stride16_scan-scalar-cache_evicted-l2_miss-536870912,stride16-gcc13-scalar,5,stride16_scan,scalar,cache_evicted,l2_miss,536870912,536870912,58720256,7,270790427,594362032,4,4,0,0,18012226726777630,0
1,stride16-gcc13-scalar-r5-stride16_scan-scalar-warm-l2_miss-8388608,stride16-gcc13-scalar,5,stride16_scan,scalar,warm,l2_miss,8388608,8388608,75890688,579,250268851,549318876,4,4,0,0,281453299980227,0
1,stride16-gcc13-scalar-r5-stride16_scan-scalar-warm-l1_miss-536870912,stride16-gcc13-scalar,5,stride16_scan,scalar,warm,l1_miss,536870912,536870912,58720256,7,274064495,601548620,4,4,0,0,18014085047108678,0
1,stride16-gcc13-scalar-r5-stride16_scan-scalar-warm-l1_miss-131072,stride16-gcc13-scalar,5,stride16_scan,scalar,warm,l1_miss,131072,131072,210008064,102543,250000423,548729740,4,4,0,0,4399883329278,0
1,stride16-gcc13-scalar-r5-stride16_scan-scalar-warm-l2_miss-2097152,stride16-gcc13-scalar,5,stride16_scan,scalar,warm,l2_miss,2097152,2097152,112295936,3427,250019609,548771812,4,4,0,0,70255563338767,0
1,stride16-gcc13-scalar-r5-stride16_scan-scalar-warm-l2_miss-131072,stride16-gcc13-scalar,5,stride16_scan,scalar,warm,l2_miss,131072,131072,211810304,103423,250000383,548729644,4,4,0,0,4399883329278,0
1,stride16-gcc13-scalar-r5-stride16_scan-scalar-warm-l2_miss-12582912,stride16-gcc13-scalar,5,stride16_scan,scalar,warm,l2_miss,12582912,12582912,61145088,311,250745040,550364064,4,4,0,0,421879653074115,0
1,stride16-gcc13-scalar-r5-stride16_scan-scalar-cache_evicted-l1_miss-262144,stride16-gcc13-scalar,5,stride16_scan,scalar,cache_evicted,l1_miss,262144,262144,171855872,41957,250005090,548740112,4,4,0,0,8800341606381,0
1,stride16-gcc13-scalar-r5-stride16_scan-scalar-cache_evicted-l3_miss-262144,stride16-gcc13-scalar,5,stride16_scan,scalar,cache_evicted,l3_miss,262144,262144,138240000,33750,250002095,548733656,4,4,0,0,0,0
1,stride16-gcc13-scalar-r5-stride16_scan-scalar-warm-l2_miss-49152,stride16-gcc13-scalar,5,stride16_scan,scalar,warm,l2_miss,49152,49152,200850432,261524,250000992,548730968,4,4,0,0,0,0
1,stride16-gcc13-scalar-r5-stride16_scan-scalar-warm-l3_miss-36864,stride16-gcc13-scalar,5,stride16_scan,scalar,warm,l3_miss,36864,36864,197409600,342725,250000616,548730032,4,4,0,0,1246948212458,0
1,stride16-gcc13-scalar-r5-stride16_scan-scalar-cache_evicted-l3_miss-32768,stride16-gcc13-scalar,5,stride16_scan,scalar,cache_evicted,l3_miss,32768,32768,317155840,619445,250000407,548729784,4,4,0,0,1078022582094,0
1,stride16-gcc13-scalar-r5-stride16_scan-scalar-warm-l1_miss-24576,stride16-gcc13-scalar,5,stride16_scan,scalar,warm,l1_miss,24576,24576,327647616,853249,250000315,548729596,4,4,0,0,832819788323,0
1,stride16-gcc13-scalar-r5-stride16_scan-scalar-warm-l3_miss-524288,stride16-gcc13-scalar,5,stride16_scan,scalar,warm,l3_miss,524288,524288,111894528,13659,250004658,548739156,4,4,0,0,17555514137435,0
1,stride16-gcc13-scalar-r5-stride16_scan-scalar-warm-l3_miss-393216,stride16-gcc13-scalar,5,stride16_scan,scalar,warm,l3_miss,393216,393216,119285760,19415,250008812,548748276,4,4,0,0,13183762961315,0
1,stride16-gcc13-scalar-r5-stride16_scan-scalar-warm-l3_miss-2097152,stride16-gcc13-scalar,5,stride16_scan,scalar,warm,l3_miss,2097152,2097152,112230400,3425,250028091,548790584,4,4,0,0,70255563338767,0
1,stride16-gcc13-scalar-r5-stride16_scan-scalar-warm-l3_miss-134217728,stride16-gcc13-scalar,5,stride16_scan,scalar,warm,l3_miss,134217728,134217728,56623104,27,258487899,567359000,4,4,0,0,4504067175786675,0
1,stride16-gcc13-scalar-r5-stride16_scan-scalar-warm-l3_miss-8388608,stride16-gcc13-scalar,5,stride16_scan,scalar,warm,l3_miss,8388608,8388608,74317824,567,250016727,548765504,4,4,0,0,281453299980227,0
1,stride16-gcc13-scalar-r5-stride16_scan-scalar-warm-l1_miss-294912,stride16-gcc13-scalar,5,stride16_scan,scalar,warm,l1_miss,294912,294912,132788736,28817,250005780,548741456,4,4,0,0,9858757596067,0
1,stride16-gcc13-scalar-r5-stride16_scan-scalar-cache_evicted-l1_miss-33554432,stride16-gcc13-scalar,5,stride16_scan,scalar,cache_evicted,l1_miss,33554432,33554432,55574528,106,251539474,552107360,4,4,0,0,0,0
1,stride16-gcc13-scalar-r5-stride16_scan-scalar-warm-l3_miss-7340032,stride16-gcc13-scalar,5,stride16_scan,scalar,warm,l3_miss,7340032,7340032,85671936,747,250024290,548782088,4,4,0,0,246131906538143,0
1,stride16-gcc13-scalar-r5-stride16_scan-scalar-warm-l3_miss-12582912,stride16-gcc13-scalar,5,stride16_scan,scalar,warm,l3_miss,12582912,12582912,61341696,312,250269033,549318768,4,4,0,0,0,0
1,stride16-gcc13-scalar-r5-stride16_scan-scalar-warm-l1_miss-8388608,stride16-gcc13-scalar,5,stride16_scan,scalar,warm,l1_miss,8388608,8388608,77463552,591,250102614,548953332,4,4,0,0,281453299980227,0
1,stride16-gcc13-scalar-r5-stride16_scan-scalar-cache_evicted-l2_miss-1048576,stride16-gcc13-scalar,5,stride16_scan,scalar,cache_evicted,l2_miss,1048576,1048576,112148480,6845,250020810,548774436,4,4,0,0,35308345443750,0
1,stride16-gcc13-scalar-r5-stride16_scan-scalar-warm-l3_miss-536870912,stride16-gcc13-scalar,5,stride16_scan,scalar,warm,l3_miss,536870912,536870912,58720256,7,270757933,594290960,4,4,0,0,18014085047108678,0
1,stride16-gcc13-scalar-r5-stride16_scan-scalar-warm-l1_miss-393216,stride16-gcc13-scalar,5,stride16_scan,scalar,warm,l1_miss,393216,393216,111697920,18180,250010053,548750988,4,4,0,0,0,0
1,stride16-gcc13-scalar-r5-stride16_scan-scalar-warm-l1_miss-12582912,stride16-gcc13-scalar,5,stride16_scan,scalar,warm,l1_miss,12582912,12582912,61734912,314,250189925,549145640,4,4,0,0,0,0
1,stride16-gcc13-scalar-r5-stride16_scan-scalar-warm-l2_miss-294912,stride16-gcc13-scalar,5,stride16_scan,scalar,warm,l2_miss,294912,294912,132258816,28702,250008904,548748360,4,4,0,0,0,0
1,stride16-gcc13-scalar-r5-stride16_scan-scalar-warm-l3_miss-16384,stride16-gcc13-scalar,5,stride16_scan,scalar,warm,l3_miss,16384,16384,304150528,1188088,250000310,548729392,4,4,0,0,0,0
1,stride16-gcc13-scalar-r5-stride16_scan-scalar-cache_evicted-l1_miss-6291456,stride16-gcc13-scalar,5,stride16_scan,scalar,cache_evicted,l1_miss,6291456,6291456,89161728,907,250006483,548742996,4,4,0,0,211040262588749,0
1,stride16-gcc13-scalar-r5-stride16_scan-scalar-warm-l2_miss-393216,stride16-gcc13-scalar,5,stride16_scan,scalar,warm,l2_miss,393216,393216,111654912,18173,250008130,548746652,4,4,0,0,13183762961315,0
1,stride16-gcc13-scalar-r5-stride16_scan-scalar-warm-l1_miss-5242880,stride16-gcc13-scalar,5,stride16_scan,scalar,warm,l1_miss,5242880,5242880,93470720,1141,250204821,549178344,4,4,0,0,175532494968030,0
1,stride16-gcc13-scalar-r5-stride16_scan-scalar-warm-l2_miss-98304,stride16-gcc13-scalar,5,stride16_scan,scalar,warm,l2_miss,98304,98304,204997632,133462,250001737,548732592,4,4,0,0,0,0
1,stride16-gcc13-scalar-r5-stride16_scan-scalar-cache_evicted-l3_miss-1048576,stride16-gcc13-scalar,5,stride16_scan,scalar,cache_evicted,l3_miss,1048576,1048576,112148480,6845,250015897,548763972,4,4,0,0,35308345443750,0
1,stride16-gcc13-scalar-r5-stride16_scan-scalar-cache_evicted-l1_miss-32768,stride16-gcc13-scalar,5,stride16_scan,scalar,cache_evicted,l1_miss,32768,32768,324893184,634557,250000400,548729844,4,4,0,0,1078022582094,0
1,stride16-gcc13-scalar-r5-stride16_scan-scalar-warm-l1_miss-16384,stride16-gcc13-scalar,5,stride16_scan,scalar,warm,l1_miss,16384,16384,311338752,1216167,250000356,548729568,4,4,0,0,568073388658,0
1,stride16-gcc13-scalar-r5-stride16_scan-scalar-warm-l2_miss-134217728,stride16-gcc13-scalar,5,stride16_scan,scalar,warm,l2_miss,134217728,134217728,54525952,26,251220393,551407372,4,4,0,0,0,0
1,stride16-gcc13-scalar-r5-stride16_scan-scalar-warm-l1_miss-7340032,stride16-gcc13-scalar,5,stride16_scan,scalar,warm,l1_miss,7340032,7340032,85786624,748,250071240,548885132,4,4,0,0,0,0
1,stride16-gcc13-scalar-r5-stride16_scan-scalar-cache_evicted-l2_miss-32768,stride16-gcc13-scalar,5,stride16_scan,scalar,cache_evicted,l2_miss,32768,32768,323233792,631316,250000308,548729464,4,4,0,0,0,0
1,stride16-gcc13-scalar-r5-stride16_scan-scalar-warm-l2_miss-24576,stride16-gcc13-scalar,5,stride16_scan,scalar,warm,l2_miss,24576,24576,328019328,854217,250000361,548729560,4,4,0,0,832819788323,0
1,stride16-gcc13-scalar-r5-stride16_scan-scalar-warm-l1_miss-4194304,stride16-gcc13-scalar,5,stride16_scan,scalar,warm,l1_miss,4194304,4194304,111149056,1696,250009404,548749440,4,4,0,0,0,0
1,stride16-gcc13-scalar-r5-stride16_scan-scalar-cache_evicted-l2_miss-8388608,stride16-gcc13-scalar,5,stride16_scan,scalar,cache_evicted,l2_miss,8388608,8388608,76414976,583,250332026,549457472,4,4,0,0,281345558333087,0
1,stride16-gcc13-scalar-r5-stride16_scan-scalar-warm-l2_miss-536870912,stride16-gcc13-scalar,5,stride16_scan,scalar,warm,l2_miss,536870912,536870912,58720256,7,270261476,593201328,4,4,0,0,18014085047108678,0
1,stride16-gcc13-scalar-r5-stride16_scan-scalar-warm-l3_miss-5242880,stride16-gcc13-scalar,5,stride16_scan,scalar,warm,l3_miss,5242880,5242880,105512960,1288,250060805,548862212,4,4,0,0,0,0
1,stride16-gcc13-scalar-r5-stride16_scan-scalar-warm-l2_miss-5242880,stride16-gcc13-scalar,5,stride16_scan,scalar,warm,l2_miss,5242880,5242880,100024320,1221,250116433,548984320,4,4,0,0,175532494968030,0
1,stride16-gcc13-scalar-r5-stride16_scan-scalar-cache_evicted-l1_miss-8388608,stride16-gcc13-scalar,5,stride16_scan,scalar,cache_evicted,l1_miss,8388608,8388608,71303168,544,250393200,549591760,4,4,0,0,0,0
1,stride16-gcc13-scalar-r5-stride16_scan-scalar-warm-l3_miss-32768,stride16-gcc13-scalar,5,stride16_scan,scalar,warm,l3_miss,32768,32768,320625664,626222,250000369,548729776,4,4,0,0,0,0
1,stride16-gcc13-scalar-r5-stride16_scan-scalar-warm-l2_miss-229376,stride16-gcc13-scalar,5,stride16_scan,scalar,warm,l2_miss,229376,229376,166208000,46375,250004644,548738996,4,4,0,0,7667507616310,0
1,stride16-gcc13-scalar-r5-stride16_scan-scalar-warm-l2_miss-7340032,stride16-gcc13-scalar,5,stride16_scan,scalar,warm,l2_miss,7340032,7340032,85098496,742,250072441,548887740,4,4,0,0,0,0
1,stride16-gcc13-scalar-r5-stride16_scan-scalar-warm-l1_miss-524288,stride16-gcc13-scalar,5,stride16_scan,scalar,warm,l1_miss,524288,524288,111869952,13656,250005374,548740560,4,4,0,0,0,0
1,stride16-gcc13-scalar-r5-stride16_scan-scalar-cache_evicted-l2_miss-262144,stride16-gcc13-scalar,5,stride16_scan,scalar,cache_evicted,l2_miss,262144,262144,137023488,33453,250000272,548729536,4,4,0,0,8800341606381,0
1,stride16-gcc13-scalar-r5-stride16_scan-scalar-warm-l2_miss-32768,stride16-gcc13-scalar,5,stride16_scan,scalar,warm,l2_miss,32768,32768,325068800,634900,250000368,548729776,4,4,0,0,0,0
1,stride16-gcc13-scalar-r5-stride16_scan-scalar-warm-l1_miss-65536,stride16-gcc13-scalar,5,stride16_scan,scalar,warm,l1_miss,65536,65536,202369024,197626,250001356,548731720,4,4,0,0,0,0
1,stride16-gcc13-scalar-r5-stride16_scan-scalar-cache_evicted-l2_miss-6291456,stride16-gcc13-scalar,5,stride16_scan,scalar,cache_evicted,l2_miss,6291456,6291456,86409216,879,250110620,548971580,4,4,0,0,211040262588749,0
1,stride16-gcc13-scalar-r5-stride16_scan-scalar-warm-l2_miss-28672,stride16-gcc13-scalar,5,stride16_scan,scalar,warm,l2_miss,28672,28672,328236608,732671,250000297,548729456,4,4,0,0,981415199124,0
1,stride16-gcc13-scalar-r5-stride16_scan-scalar-warm-l1_miss-262144,stride16-gcc13-scalar,5,stride16_scan,scalar,warm,l1_miss,262144,262144,141529088,34553,250004538,548738896,4,4,0,0,8754495699321,0
1,stride16-gcc13-scalar-r5-stride16_scan-scalar-warm-l2_miss-33554432,stride16-gcc13-scalar,5,stride16_scan,scalar,warm,l2_miss,33554432,33554432,55050240,105,250645880,550146420,4,4,0,0,1125584612103552,0
1,stride16-gcc13-scalar-r5-stride16_scan-scalar-warm-l1_miss-6291456,stride16-gcc13-scalar,5,stride16_scan,scalar,warm,l1_miss,6291456,6291456,99876864,1016,250258596,549296220,4,4,0,0,0,0
1,stride16-gcc13-scalar-r5-stride16_scan-scalar-warm-l2_miss-65536,stride16-gcc13-scalar,5,stride16_scan,scalar,warm,l2_miss,65536,65536,202858496,198104,250000334,548729664,4,4,0,0,0,0
1,stride16-gcc13-scalar-r5-stride16_scan-scalar-warm-l1_miss-229376,stride16-gcc13-scalar,5,stride16_scan,scalar,warm,l1_miss,229376,229376,165734912,46243,250004017,548737592,4,4,0,0,7667507616310,0
1,stride16-gcc13-scalar-r5-stride16_scan-scalar-warm-l1_miss-28672,stride16-gcc13-scalar,5,stride16_scan,scalar,warm,l1_miss,28672,28672,329746816,736042,250000166,548729444,4,4,0,0,0,0
1,stride16-gcc13-scalar-r5-stride16_scan-scalar-cache_evicted-l3_miss-33554432,stride16-gcc13-scalar,5,stride16_scan,scalar,cache_evicted,l3_miss,33554432,33554432,54525952,104,251039122,551009036,4,4,0,0,0,0
1,stride16-gcc13-scalar-r5-stride16_scan-scalar-warm-l1_miss-49152,stride16-gcc13-scalar,5,stride16_scan,scalar,warm,l1_miss,49152,49152,200825856,261492,250000637,548730204,4,4,0,0,0,0
1,stride16-gcc13-scalar-r5-stride16_scan-scalar-warm-l1_miss-196608,stride16-gcc13-scalar,5,stride16_scan,scalar,warm,l1_miss,196608,196608,221030400,71950,250001654,548732692,4,4,0,0,0,0
1,stride16-gcc13-scalar-r5-stride16_scan-scalar-warm-l3_miss-294912,stride16-gcc13-scalar,5,stride16_scan,scalar,warm,l3_miss,294912,294912,148796928,32291,250005427,548740712,4,4,0,0,9858757596067,0
1,stride16-gcc13-scalar-r5-stride16_scan-scalar-warm-l3_miss-33554432,stride16-gcc13-scalar,5,stride16_scan,scalar,warm,l3_miss,33554432,33554432,55574528,106,252268640,553708252,4,4,0,0,0,0
1,stride16-gcc13-scalar-r5-stride16_scan-scalar-warm-l1_miss-33554432,stride16-gcc13-scalar,5,stride16_scan,scalar,warm,l1_miss,33554432,33554432,55050240,105,250138198,549032012,4,4,0,0,1125584612103552,0
1,stride16-gcc13-scalar-r5-stride16_scan-scalar-warm-l3_miss-262144,stride16-gcc13-scalar,5,stride16_scan,scalar,warm,l3_miss,262144,262144,140312576,34256,250000730,548730680,4,4,0,0,0,0
1,stride16-gcc13-scalar-r5-stride16_scan-scalar-warm-l3_miss-28672,stride16-gcc13-scalar,5,stride16_scan,scalar,warm,l3_miss,28672,28672,329506688,735506,250000227,548729464,4,4,0,0,0,0
1,stride16-gcc13-scalar-r5-stride16_scan-scalar-cache_evicted-l1_miss-536870912,stride16-gcc13-scalar,5,stride16_scan,scalar,cache_evicted,l1_miss,536870912,536870912,58720256,7,270092050,592829132,4,4,0,0,18012226726777630,0
1,stride16-gcc13-scalar-r5-stride16_scan-scalar-warm-l3_miss-98304,stride16-gcc13-scalar,5,stride16_scan,scalar,warm,l3_miss,98304,98304,205131264,133549,250001801,548732720,4,4,0,0,3303582545396,0
1,stride16-gcc13-scalar-r5-stride16_scan-scalar-warm-l2_miss-4194304,stride16-gcc13-scalar,5,stride16_scan,scalar,warm,l2_miss,4194304,4194304,101580800,1550,250141863,549040176,4,4,0,0,0,0
1,stride16-gcc13-scalar-r5-stride16_scan-scalar-warm-l1_miss-1048576,stride16-gcc13-scalar,5,stride16_scan,scalar,warm,l1_miss,1048576,1048576,112132096,6844,250023447,548780240,4,4,0,0,0,0
1,stride16-gcc13-scalar-r5-stride16_scan-scalar-warm-l2_miss-262144,stride16-gcc13-scalar,5,stride16_scan,scalar,warm,l2_miss,262144,262144,142245888,34728,250006857,548744004,4,4,0,0,0,0
1,stride16-gcc13-scalar-r5-stride16_scan-scalar-warm-l2_miss-36864,stride16-gcc13-scalar,5,stride16_scan,scalar,warm,l2_miss,36864,36864,197495424,342874,250000554,548730164,4,4,0,0,0,0
1,stride16-gcc13-scalar-r5-stride16_scan-scalar-warm-l2_miss-1048576,stride16-gcc13-scalar,5,stride16_scan,scalar,warm,l2_miss,1048576,1048576,112066560,6840,250006856,548743820,4,4,0,0,0,0
1,stride16-gcc13-scalar-r5-stride16_scan-scalar-warm-l1_miss-98304,stride16-gcc13-scalar,5,stride16_scan,scalar,warm,l1_miss,98304,98304,204449280,133105,250001980,548733028,4,4,0,0,3303582545396,0
1,stride16-gcc13-scalar-r5-stride16_scan-scalar-warm-l3_miss-229376,stride16-gcc13-scalar,5,stride16_scan,scalar,warm,l3_miss,229376,229376,164595200,45925,250003100,548735860,4,4,0,0,7667507616310,0
1,stride16-gcc13-scalar-r5-stride16_scan-scalar-warm-l2_miss-8192,stride16-gcc13-scalar,5,stride16_scan,scalar,warm,l2_miss,8192,8192,262630400,2051800,250000227,548729444,4,4,0,0,0,0
1,stride16-gcc13-scalar-r5-stride16_scan-scalar-warm-l2_miss-524288,stride16-gcc13-scalar,5,stride16_scan,scalar,warm,l2_miss,524288,524288,111722496,13638,250015159,548762056,4,4,0,0,0,0
1,stride16-gcc13-scalar-r5-stride16_scan-scalar-cache_evicted-l1_miss-1048576,stride16-gcc13-scalar,5,stride16_scan,scalar,cache_evicted,l1_miss,1048576,1048576,112164864,6846,250031380,548797632,4,4,0,0,0,0
1,stride16-gcc13-scalar-r5-stride16_scan-scalar-warm-l1_miss-8192,stride16-gcc13-scalar,5,stride16_scan,scalar,warm,l1_miss,8192,8192,261971200,2046650,250000249,548729444,4,4,0,0,0,0
1,stride16-gcc13-scalar-r5-stride16_scan-scalar-cache_evicted-l3_miss-6291456,stride16-gcc13-scalar,5,stride16_scan,scalar,cache_evicted,l3_miss,6291456,6291456,90636288,922,250054904,548849280,4,4,0,0,0,0
1,stride16-gcc13-scalar-r5-stride16_scan-scalar-warm-l2_miss-16384,stride16-gcc13-scalar,5,stride16_scan,scalar,warm,l2_miss,16384,16384,308912896,1206691,250000217,548729248,4,4,0,0,568073388658,0
1,stride16-gcc13-scalar-r5-stride16_scan-scalar-warm-l3_miss-8192,stride16-gcc13-scalar,5,stride16_scan,scalar,warm,l3_miss,8192,8192,262140928,2047976,250000280,548729388,4,4,0,0,0,0
1,stride16-gcc13-scalar-r6-stride16_scan-scalar-warm-l2_miss-8388608,stride16-gcc13-scalar,6,stride16_scan,scalar,warm,l2_miss,8388608,8388608,75497472,576,250301456,549390440,4,4,0,0,0,0
1,stride16-gcc13-scalar-r6-stride16_scan-scalar-warm-l1_miss-536870912,stride16-gcc13-scalar,6,stride16_scan,scalar,warm,l1_miss,536870912,536870912,58720256,7,270160522,592979448,4,4,0,0,18017320474022258,0
1,stride16-gcc13-scalar-r6-stride16_scan-scalar-cache_evicted-l2_miss-32768,stride16-gcc13-scalar,6,stride16_scan,scalar,cache_evicted,l2_miss,32768,32768,322115072,629131,250000378,548729776,4,4,0,0,1125176984465,0
1,stride16-gcc13-scalar-r6-stride16_scan-scalar-warm-l2_miss-6291456,stride16-gcc13-scalar,6,stride16_scan,scalar,warm,l2_miss,6291456,6291456,94568448,962,250226949,549226900,4,4,0,0,0,0
1,stride16-gcc13-scalar-r6-stride16_scan-scalar-cache_evicted-l3_miss-536870912,stride16-gcc13-scalar,6,stride16_scan,scalar,cache_evicted,l3_miss,536870912,536870912,58720256,7,270102774,592852680,4,4,0,0,18019584462135554,0
1,stride16-gcc13-scalar-r6-stride16_scan-scalar-cache_evicted-l3_miss-262144,stride16-gcc13-scalar,6,stride16_scan,scalar,cache_evicted,l3_miss,262144,262144,171356160,41835,250004542,548739032,4,4,0,0,8733491042970,0
1,stride16-gcc13-scalar-r6-stride16_scan-scalar-warm-l3_miss-229376,stride16-gcc13-scalar,6,stride16_scan,scalar,warm,l3_miss,229376,229376,195059200,54425,250002918,548735348,4,4,0,0,7675419882056,0
1,stride16-gcc13-scalar-r6-stride16_scan-scalar-warm-l3_miss-262144,stride16-gcc13-scalar,6,stride16_scan,scalar,warm,l3_miss,262144,262144,137351168,33533,250001913,548733276,4,4,0,0,8804380657272,0
1,stride16-gcc13-scalar-r6-stride16_scan-scalar-cache_evicted-l3_miss-8388608,stride16-gcc13-scalar,6,stride16_scan,scalar,cache_evicted,l3_miss,8388608,8388608,75628544,577,250278007,549338972,4,4,0,0,281188778869009,0
1,stride16-gcc13-scalar-r6-stride16_scan-scalar-warm-l2_miss-393216,stride16-gcc13-scalar,6,stride16_scan,scalar,warm,l2_miss,393216,393216,127414272,20738,250002091,548733360,4,4,0,0,0,0
1,stride16-gcc13-scalar-r6-stride16_scan-scalar-warm-l3_miss-4194304,stride16-gcc13-scalar,6,stride16_scan,scalar,warm,l3_miss,4194304,4194304,104267776,1591,250073989,548891184,4,4,0,0,140989181693895,0
1,stride16-gcc13-scalar-r6-stride16_scan-scalar-cache_evicted-l3_miss-1048576,stride16-gcc13-scalar,6,stride16_scan,scalar,cache_evicted,l3_miss,1048576,1048576,112148480,6845,250031227,548797332,4,4,0,0,35123074066786,0
1,stride16-gcc13-scalar-r6-stride16_scan-scalar-warm-l1_miss-28672,stride16-gcc13-scalar,6,stride16_scan,scalar,warm,l1_miss,28672,28672,330631616,738017,250000261,548729620,4,4,0,0,928218861283,0
1,stride16-gcc13-scalar-r6-stride16_scan-scalar-warm-l1_miss-524288,stride16-gcc13-scalar,6,stride16_scan,scalar,warm,l1_miss,524288,524288,111861760,13655,250006578,548743176,4,4,0,0,17484762846937,0
1,stride16-gcc13-scalar-r6-stride16_scan-scalar-warm-l1_miss-8388608,stride16-gcc13-scalar,6,stride16_scan,scalar,warm,l1_miss,8388608,8388608,75628544,577,250329305,549451560,4,4,0,0,281609680908359,0
1,stride16-gcc13-scalar-r6-stride16_scan-scalar-warm-l1_miss-24576,stride16-gcc13-scalar,6,stride16_scan,scalar,warm,l1_miss,24576,24576,328265088,854857,250000158,548729396,4,4,0,0,781515989925,0
1,stride16-gcc13-scalar-r6-stride16_scan-scalar-warm-l2_miss-7340032,stride16-gcc13-scalar,6,stride16_scan,scalar,warm,l2_miss,7340032,7340032,82345984,718,250272725,549327380,4,4,0,0,0,0
1,stride16-gcc13-scalar-r6-stride16_scan-scalar-warm-l2_miss-16384,stride16-gcc13-scalar,6,stride16_scan,scalar,warm,l2_miss,16384,16384,311828992,1218082,250000201,548729356,4,4,0,0,0,0
1,stride16-gcc13-scalar-r6-stride16_scan-scalar-warm-l2_miss-4194304,stride16-gcc13-scalar,6,stride16_scan,scalar,warm,l2_miss,4194304,4194304,102825984,1569,250091512,548929660,4,4,0,0,140989181693895,0
1,stride16-gcc13-scalar-r6-stride16_scan-scalar-cache_evicted-l3_miss-32768,stride16-gcc13-scalar,6,stride16_scan,scalar,cache_evicted,l3_miss,32768,32768,320986112,626926,250000506,548729896,4,4,0,0,0,0
1,stride16-gcc13-scalar-r6-stride16_scan-scalar-warm-l3_miss-524288,stride16-gcc13-scalar,6,stride16_scan,scalar,warm,l3_miss,524288,524288,111730688,13639,250012834,548757248,4,4,0,0,17484762846937,0
1,stride16-gcc13-scalar-r6-stride16_scan-scalar-warm-l1_miss-65536,stride16-gcc13-scalar,6,stride16_scan,scalar,warm,l1_miss,65536,65536,202986496,198229,250000713,548730372,4,4,0,0,2213159990745,0
1,stride16-gcc13-scalar-r6-stride16_scan-scalar-warm-l2_miss-12582912,stride16-gcc13-scalar,6,stride16_scan,scalar,warm,l2_miss,12582912,12582912,61145088,311,250637516,550128064,4,4,0,0,422095060024579,0
1,stride16-gcc13-scalar-r6-stride16_scan-scalar-warm-l2_miss-262144,stride16-gcc13-scalar,6,stride16_scan,scalar,warm,l2_miss,262144,262144,144117760,35185,250003549,548736728,4,4,0,0,8804380657272,0
1,stride16-gcc13-scalar-r6-stride16_scan-scalar-warm-l3_miss-393216,stride16-gcc13-scalar,6,stride16_scan,scalar,warm,l3_miss,393216,393216,121786368,19822,250001123,548731508,4,4,0,0,0,0
1,stride16-gcc13-scalar-r6-stride16_scan-scalar-cache_evicted-l2_miss-1048576,stride16-gcc13-scalar,6,stride16_scan,scalar,cache_evicted,l2_miss,1048576,1048576,112164864,6846,250023139,548779728,4,4,0,0,0,0
1,stride16-gcc13-scalar-r6-stride16_scan-scalar-warm-l1_miss-6291456,stride16-gcc13-scalar,6,stride16_scan,scalar,warm,l1_miss,6291456,6291456,88670208,902,250062912,548866396,4,4,0,0,0,0
1,stride16-gcc13-scalar-r6-stride16_scan-scalar-cache_evicted-l1_miss-8388608,stride16-gcc13-scalar,6,stride16_scan,scalar,cache_evicted,l1_miss,8388608,8388608,69730304,532,250063992,548869224,4,4,0,0,0,0
1,stride16-gcc13-scalar-r6-stride16_scan-scalar-warm-l2_miss-49152,stride16-gcc13-scalar,6,stride16_scan,scalar,warm,l2_miss,49152,49152,198667008,258681,250000098,548729276,4,4,0,0,1659287475586,0
1,stride16-gcc13-scalar-r6-stride16_scan-scalar-cache_evicted-l2_miss-262144,stride16-gcc13-scalar,6,stride16_scan,scalar,cache_evicted,l2_miss,262144,262144,155127808,37873,250000913,548731068,4,4,0,0,8733491042970,0
1,stride16-gcc13-scalar-r6-stride16_scan-scalar-warm-l1_miss-98304,stride16-gcc13-scalar,6,stride16_scan,scalar,warm,l1_miss,98304,98304,203911680,132755,250000289,548729408,4,4,0,0,3311926389759,0
1,stride16-gcc13-scalar-r6-stride16_scan-scalar-cache_evicted-l1_miss-6291456,stride16-gcc13-scalar,6,stride16_scan,scalar,cache_evicted,l1_miss,6291456,6291456,91127808,927,250034021,548803476,4,4,0,0,210771078058620,0
1,stride16-gcc13-scalar-r6-stride16_scan-scalar-warm-l2_miss-24576,stride16-gcc13-scalar,6,stride16_scan,scalar,warm,l2_miss,24576,24576,327819264,853696,250000201,548729492,4,4,0,0,0,0
1,stride16-gcc13-scalar-r6-stride16_scan-scalar-warm-l3_miss-28672,stride16-gcc13-scalar,6,stride16_scan,scalar,warm,l3_miss,28672,28672,325803968,727241,250000387,548729928,4,4,0,0,928218861283,0
1,stride16-gcc13-scalar-r6-stride16_scan-scalar-warm-l1_miss-294912,stride16-gcc13-scalar,6,stride16_scan,scalar,warm,l1_miss,294912,294912,136369152,29594,250004179,548738228,4,4,0,0,0,0
1,stride16-gcc13-scalar-r6-stride16_scan-scalar-warm-l3_miss-131072,stride16-gcc13-scalar,6,stride16_scan,scalar,warm,l3_miss,131072,131072,172605440,84280,250001349,548731748,4,4,0,0,0,0
1,stride16-gcc13-scalar-r6-stride16_scan-scalar-warm-l2_miss-5242880,stride16-gcc13-scalar,6,stride16_scan,scalar,warm,l2_miss,5242880,5242880,97075200,1185,250163821,549088356,4,4,0,0,176246545983057,0
1,stride16-gcc13-scalar-r6-stride16_scan-scalar-warm-l3_miss-24576,stride16-gcc13-scalar,6,stride16_scan,scalar,warm,l3_miss,24576,24576,327393792,852588,250000134,548729344,4,4,0,0,0,0
1,stride16-gcc13-scalar-r6-stride16_scan-scalar-warm-l1_miss-134217728,stride16-gcc13-scalar,6,stride16_scan,scalar,warm,l1_miss,134217728,134217728,54525952,26,250595256,550035304,4,4,0,0,0,0
1,stride16-gcc13-scalar-r6-stride16_scan-scalar-warm-l3_miss-33554432,stride16-gcc13-scalar,6,stride16_scan,scalar,warm,l3_miss,33554432,33554432,55050240,105,252265143,553700232,4,4,0,0,1124709832046585,0
1,stride16-gcc13-scalar-r6-stride16_scan-scalar-warm-l3_miss-12582912,stride16-gcc13-scalar,6,stride16_scan,scalar,warm,l3_miss,12582912,12582912,62128128,316,250680039,550221408,4,4,0,0,0,0
1,stride16-gcc13-scalar-r6-stride16_scan-scalar-warm-l1_miss-32768,stride16-gcc13-scalar,6,stride16_scan,scalar,warm,l1_miss,32768,32768,324518400,633825,250000278,548729328,4,4,0,0,1063854543209,0
1,stride16-gcc13-scalar-r6-stride16_scan-scalar-warm-l2_miss-28672,stride16-gcc13-scalar,6,stride16_scan,scalar,warm,l2_miss,28672,28672,322254912,719319,250000247,548729328,4,4,0,0,928218861283,0
1,stride16-gcc13-scalar-r6-stride16_scan-scalar-cache_evicted-l2_miss-8388608,stride16-gcc13-scalar,6,stride16_scan,scalar,cache_evicted,l2_miss,8388608,8388608,59637760,455,250510726,549849780,4,4,0,0,281188778869009,0
1,stride16-gcc13-scalar-r6-stride16_scan-scalar-cache_evicted-l1_miss-32768,stride16-gcc13-scalar,6,stride16_scan,scalar,cache_evicted,l1_miss,32768,32768,318507520,622085,250000234,548729292,4,4,0,0,1125176984465,0
1,stride16-gcc13-scalar-r6-stride16_scan-scalar-warm-l1_miss-229376,stride16-gcc13-scalar,6,stride16_scan,scalar,warm,l1_miss,229376,229376,172734464,48196,250002710,548734608,4,4,0,0,0,0
1,stride16-gcc13-scalar-r6-stride16_scan-scalar-warm-l3_miss-65536,stride16-gcc13-scalar,6,stride16_scan,scalar,warm,l3_miss,65536,65536,201313280,196595,250000852,548730584,4,4,0,0,2213159990745,0
1,stride16-gcc13-scalar-r6-stride16_scan-scalar-warm-l1_miss-16384,stride16-gcc13-scalar,6,stride16_scan,scalar,warm,l1_miss,16384,16384,307010048,1199258,250000231,548729288,4,4,0,0,0,0
1,stride16-gcc13-scalar-r6-stride16_scan-scalar-warm-l3_miss-294912,stride16-gcc13-scalar,6,stride16_scan,scalar,warm,l3_miss,294912,294912,138774528,30116,250001398,548731844,4,4,0,0,0,0
1,stride16-gcc13-scalar-r6-stride16_scan-scalar-warm-l3_miss-7340032,stride16-gcc13-scalar,6,stride16_scan,scalar,warm,l3_miss,7340032,7340032,68354048,596,250279293,549341764,4,4,0,0,0,0
1,stride16-gcc13-scalar-r6-stride16_scan-scalar-warm-l2_miss-294912,stride16-gcc13-scalar,6,stride16_scan,scalar,warm,l2_miss,294912,294912,126194688,27386,250000828,548730480,4,4,0,0,0,0
1,stride16-gcc13-scalar-r6-stride16_scan-scalar-warm-l3_miss-49152,stride16-gcc13-scalar,6,stride16_scan,scalar,warm,l3_miss,49152,49152,199219200,259400,250000939,548730820,4,4,0,0,0,0
1,stride16-gcc13-scalar-r6-stride16_scan-scalar-warm-l3_miss-5242880,stride16-gcc13-scalar,6,stride16_scan,scalar,warm,l3_miss,5242880,5242880,75366400,920,250010105,548750880,4,4,0,0,0,0
1,stride16-gcc13-scalar-r6-stride16_scan-scalar-warm-l3_miss-16384,stride16-gcc13-scalar,6,stride16_scan,scalar,warm,l3_miss,16384,16384,305949696,1195116,250000283,548729212,4,4,0,0,0,0
1,stride16-gcc13-scalar-r6-stride16_scan-scalar-warm-l1_miss-262144,stride16-gcc13-scalar,6,stride16_scan,scalar,warm,l1_miss,262144,262144,151924736,37091,250001794,548732712,4,4,0,0,8804380657272,0
1,stride16-gcc13-scalar-r6-stride16_scan-scalar-warm-l2_miss-8192,stride16-gcc13-scalar,6,stride16_scan,scalar,warm,l2_miss,8192,8192,262571904,2051343,250000209,548729228,4,4,0,0,252339256844,0
1,stride16-gcc13-scalar-r6-stride16_scan-scalar-cache_evicted-l2_miss-6291456,stride16-gcc13-scalar,6,stride16_scan,scalar,cache_evicted,l2_miss,6291456,6291456,87785472,893,250244335,549265072,4,4,0,0,210771078058620,0
1,stride16-gcc13-scalar-r6-stride16_scan-scalar-warm-l1_miss-8192,stride16-gcc13-scalar,6,stride16_scan,scalar,warm,l1_miss,8192,8192,260684928,2036601,250000299,548729436,4,4,0,0,252339256844,0
1,stride16-gcc13-scalar-r6-stride16_scan-scalar-warm-l2_miss-36864,stride16-gcc13-scalar,6,stride16_scan,scalar,warm,l2_miss,36864,36864,194993280,338530,250000525,548729924,4,4,0,0,0,0
1,stride16-gcc13-scalar-r6-stride16_scan-scalar-warm-l3_miss-1048576,stride16-gcc13-scalar,6,stride16_scan,scalar,warm,l3_miss,1048576,1048576,112115712,6843,250003111,548735616,4,4,0,0,35022693818031,0
1,stride16-gcc13-scalar-r6-stride16_scan-scalar-warm-l1_miss-196608,stride16-gcc13-scalar,6,stride16_scan,scalar,warm,l1_miss,196608,196608,220717056,71848,250003585,548736620,4,4,0,0,0,0
1,stride16-gcc13-scalar-r6-stride16_scan-scalar-warm-l2_miss-33554432,stride16-gcc13-scalar,6,stride16_scan,scalar,warm,l2_miss,33554432,33554432,50331648,96,250773635,550426576,4,4,0,0,0,0
1,stride16-gcc13-scalar-r6-stride16_scan-scalar-warm-l1_miss-2097152,stride16-gcc13-scalar,6,stride16_scan,scalar,warm,l1_miss,2097152,2097152,111575040,3405,250054527,548848336,4,4,0,0,70166459708520,0
1,stride16-gcc13-scalar-r6-stride16_scan-scalar-cache_evicted-l2_miss-536870912,stride16-gcc13-scalar,6,stride16_scan,scalar,cache_evicted,l2_miss,536870912,536870912,58720256,7,271501688,595923460,4,4,0,0,18019584462135554,0
1,stride16-gcc13-scalar-r6-stride16_scan-scalar-warm-l1_miss-131072,stride16-gcc13-scalar,6,stride16_scan,scalar,warm,l1_miss,131072,131072,208531456,101822,250002131,548733456,4,4,0,0,0,0
1,stride16-gcc13-scalar-r6-stride16_scan-scalar-warm-l1_miss-393216,stride16-gcc13-scalar,6,stride16_scan,scalar,warm,l1_miss,393216,393216,111716352,18183,250010228,548751396,4,4,0,0,13179475322317,0
1,stride16-gcc13-scalar-r6-stride16_scan-scalar-warm-l3_miss-36864,stride16-gcc13-scalar,6,stride16_scan,scalar,warm,l3_miss,36864,36864,194971968,338493,250000798,548730552,4,4,0,0,1227000127213,0
1,stride16-gcc13-scalar-r6-stride16_scan-scalar-warm-l2_miss-524288,stride16-gcc13-scalar,6,stride16_scan,scalar,warm,l2_miss,524288,524288,111845376,13653,250003119,548735612,4,4,0,0,17484762846937,0
1,stride16-gcc13-scalar-r6-stride16_scan-scalar-warm-l2_miss-1048576,stride16-gcc13-scalar,6,stride16_scan,scalar,warm,l2_miss,1048576,1048576,112148480,6845,250025293,548784596,4,4,0,0,35022693818031,0
1,stride16-gcc13-scalar-r6-stride16_scan-scalar-warm-l1_miss-36864,stride16-gcc13-scalar,6,stride16_scan,scalar,warm,l1_miss,36864,36864,200650176,348351,250000584,548730056,4,4,0,0,1227000127213,0
1,stride16-gcc13-scalar-r6-stride16_scan-scalar-warm-l3_miss-2097152,stride16-gcc13-scalar,6,stride16_scan,scalar,warm,l3_miss,2097152,2097152,112197632,3424,250030531,548795976,4,4,0,0,0,0
1,stride16-gcc13-scalar-r6-stride16_scan-scalar-cache_evicted-l1_miss-536870912,stride16-gcc13-scalar,6,stride16_scan,scalar,cache_evicted,l1_miss,536870912,536870912,58720256,7,271434569,595776168,4,4,0,0,18019584462135554,0
1,stride16-gcc13-scalar-r6-stride16_scan-scalar-warm-l1_miss-5242880,stride16-gcc13-scalar,6,stride16_scan,scalar,warm,l1_miss,5242880,5242880,92651520,1131,250036046,548807916,4,4,0,0,176246545983057,0
1,stride16-gcc13-scalar-r6-stride16_scan-scalar-warm-l3_miss-134217728,stride16-gcc13-scalar,6,stride16_scan,scalar,warm,l3_miss,134217728,134217728,54525952,26,250283142,549350216,4,4,0,0,0,0
1,stride16-gcc13-scalar-r6-stride16_scan-scalar-warm-l2_miss-98304,stride16-gcc13-scalar,6,stride16_scan,scalar,warm,l2_miss,98304,98304,216147456,140721,250001080,548731412,4,4,0,0,3311926389759,0
1,stride16-gcc13-scalar-r6-stride16_scan-scalar-warm-l1_miss-49152,stride16-gcc13-scalar,6,stride16_scan,scalar,warm,l1_miss,49152,49152,202788096,264047,250000569,548730192,4,4,0,0,1659287475586,0
1,stride16-gcc13-scalar-r6-stride16_scan-scalar-warm-l2_miss-2097152,stride16-gcc13-scalar,6,stride16_scan,scalar,warm,l2_miss,2097152,2097152,112295936,3427,250062157,548865200,4,4,0,0,70166459708520,0
1,stride16-gcc13-scalar-r6-stride16_scan-scalar-warm-l3_miss-6291456,stride16-gcc13-scalar,6,stride16_scan,scalar,warm,l3_miss,6291456,6291456,85426176,869,250161727,549083784,4,4,0,0,211249904217491,0
1,stride16-gcc13-scalar-r6-stride16_scan-scalar-warm-l2_miss-65536,stride16-gcc13-scalar,6,stride16_scan,scalar,warm,l2_miss,65536,65536,201278464,196561,250000542,548730124,4,4,0,0,2213159990745,0
1,stride16-gcc13-scalar-r6-stride16_scan-scalar-warm-l3_miss-8388608,stride16-gcc13-scalar,6,stride16_scan,scalar,warm,l3_miss,8388608,8388608,74186752,566,250039829,548816192,4,4,0,0,0,0
1,stride16-gcc13-scalar-r6-stride16_scan-scalar-cache_evicted-l1_miss-262144,stride16-gcc13-scalar,6,stride16_scan,scalar,cache_evicted,l1_miss,262144,262144,144359424,35244,250003327,548736100,4,4,0,0,0,0
1,stride16-gcc13-scalar-r6-stride16_scan-scalar-warm-l2_miss-131072,stride16-gcc13-scalar,6,stride16_scan,scalar,warm,l2_miss,131072,131072,208459776,101787,250000944,548731152,4,4,0,0,4389395899028,0
1,stride16-gcc13-scalar-r6-stride16_scan-scalar-warm-l2_miss-536870912,stride16-gcc13-scalar,6,stride16_scan,scalar,warm,l2_miss,536870912,536870912,58720256,7,271623726,596191324,4,4,0,0,18017320474022258,0
1,stride16-gcc13-scalar-r6-stride16_scan-scalar-warm-l2_miss-196608,stride16-gcc13-scalar,6,stride16_scan,scalar,warm,l2_miss,196608,196608,222790656,72523,250002227,548733948,4,4,0,0,6542833489349,0
1,stride16-gcc13-scalar-r6-stride16_scan-scalar-warm-l3_miss-98304,stride16-gcc13-scalar,6,stride16_scan,scalar,warm,l3_miss,98304,98304,204985344,133454,250000383,548729764,4,4,0,0,0,0
1,stride16-gcc13-scalar-r6-stride16_scan-scalar-warm-l1_miss-7340032,stride16-gcc13-scalar,6,stride16_scan,scalar,warm,l1_miss,7340032,7340032,74203136,647,250354775,549507476,4,4,0,0,246506178137993,0
1,stride16-gcc13-scalar-r6-stride16_scan-scalar-cache_evicted-l1_miss-1048576,stride16-gcc13-scalar,6,stride16_scan,scalar,cache_evicted,l1_miss,1048576,1048576,112132096,6844,250032479,548800048,4,4,0,0,0,0
1,stride16-gcc13-scalar-r6-stride16_scan-scalar-warm-l3_miss-536870912,stride16-gcc13-scalar,6,stride16_scan,scalar,warm,l3_miss,536870912,536870912,58720256,7,271206393,595275288,4,4,0,0,18017320474022258,0
1,stride16-gcc13-scalar-r6-stride16_scan-scalar-warm-l3_miss-196608,stride16-gcc13-scalar,6,stride16_scan,scalar,warm,l3_miss,196608,196608,189207552,61591,250000159,548729292,4,4,0,0,6542833489349,0
1,stride16-gcc13-scalar-r6-stride16_scan-scalar-cache_evicted-l3_miss-33554432,stride16-gcc13-scalar,6,stride16_scan,scalar,cache_evicted,l3_miss,33554432,33554432,54525952,104,250963480,550843552,4,4,0,0,0,0
1,stride16-gcc13-scalar-r6-stride16_scan-scalar-warm-l2_miss-229376,stride16-gcc13-scalar,6,stride16_scan,scalar,warm,l2_miss,229376,229376,178540544,49816,250005114,548739992,4,4,0,0,0,0
1,stride16-gcc13-scalar-r6-stride16_scan-scalar-warm-l1_miss-1048576,stride16-gcc13-scalar,6,stride16_scan,scalar,warm,l1_miss,1048576,1048576,112148480,6845,250002716,548734860,4,4,0,0,35022693818031,0
1,stride16-gcc13-scalar-r6-stride16_scan-scalar-warm-l2_miss-32768,stride16-gcc13-scalar,6,stride16_scan,scalar,warm,l2_miss,32768,32768,324313600,633425,250000447,548730040,4,4,0,0,1063854543209,0
1,stride16-gcc13-scalar-r6-stride16_scan-scalar-cache_evicted-l1_miss-33554432,stride16-gcc13-scalar,6,stride16_scan,scalar,cache_evicted,l1_miss,33554432,33554432,54525952,104,250762597,550402528,4,4,0,0,0,0
1,stride16-gcc13-scalar-r6-stride16_scan-scalar-warm-l1_miss-33554432,stride16-gcc13-scalar,6,stride16_scan,scalar,warm,l1_miss,33554432,33554432,54525952,104,251152483,551258352,4,4,0,0,0,0
1,stride16-gcc13-scalar-r6-stride16_scan-scalar-cache_evicted-l2_miss-33554432,stride16-gcc13-scalar,6,stride16_scan,scalar,cache_evicted,l2_miss,33554432,33554432,54525952,104,250814737,550517048,4,4,0,0,0,0
1,stride16-gcc13-scalar-r6-stride16_scan-scalar-warm-l3_miss-8192,stride16-gcc13-scalar,6,stride16_scan,scalar,warm,l3_miss,8192,8192,262665344,2052073,250000203,548729220,4,4,0,0,252339256844,0
1,stride16-gcc13-scalar-r6-stride16_scan-scalar-warm-l1_miss-4194304,stride16-gcc13-scalar,6,stride16_scan,scalar,warm,l1_miss,4194304,4194304,100728832,1537,250143299,549043332,4,4,0,0,140989181693895,0
1,stride16-gcc13-scalar-r6-stride16_scan-scalar-warm-l2_miss-134217728,stride16-gcc13-scalar,6,stride16_scan,scalar,warm,l2_miss,134217728,134217728,54525952,26,253480895,556369032,4,4,0,0,0,0
1,stride16-gcc13-scalar-r6-stride16_scan-scalar-warm-l1_miss-12582912,stride16-gcc13-scalar,6,stride16_scan,scalar,warm,l1_miss,12582912,12582912,61538304,313,250339973,549474988,4,4,0,0,422095060024579,0
1,stride16-gcc13-scalar-r6-stride16_scan-scalar-cache_evicted-l3_miss-6291456,stride16-gcc13-scalar,6,stride16_scan,scalar,cache_evicted,l3_miss,6291456,6291456,90931200,925,250219912,549211492,4,4,0,0,210771078058620,0
1,stride16-gcc13-scalar-r6-stride16_scan-scalar-warm-l3_miss-32768,stride16-gcc13-scalar,6,stride16_scan,scalar,warm,l3_miss,32768,32768,322320896,629533,250000323,548729496,4,4,0,0,1063854543209,0
1,stride16-gcc13-scalar-r7-stride16_scan-scalar-warm-l1_miss-524288,stride16-gcc13-scalar,7,stride16_scan,scalar,warm,l1_miss,524288,524288,111861760,13655,250005096,548740120,4,4,0,0,17682196008004,0
1,stride16-gcc13-scalar-r7-stride16_scan-scalar-warm-l1_miss-65536,stride16-gcc13-scalar,7,stride16_scan,scalar,warm,l1_miss,65536,65536,202938368,198182,250000987,548731116,4,4,0,0,0,0
1,stride16-gcc13-scalar-r7-stride16_scan-scalar-warm-l2_miss-134217728,stride16-gcc13-scalar,7,stride16_scan,scalar,warm,l2_miss,134217728,134217728,54525952,26,250049060,548836444,4,4,0,0,0,0
1,stride16-gcc13-scalar-r7-stride16_scan-scalar-warm-l3_miss-33554432,stride16-gcc13-scalar,7,stride16_scan,scalar,warm,l3_miss,33554432,33554432,53477376,102,250625901,550102496,4,4,0,0,0,0
1,stride16-gcc13-scalar-r7-stride16_scan-scalar-cache_evicted-l2_miss-8388608,stride16-gcc13-scalar,7,stride16_scan,scalar,cache_evicted,l2_miss,8388608,8388608,73007104,557,250201198,549170336,4,4,0,0,281749179788310,0
1,stride16-gcc13-scalar-r7-stride16_scan-scalar-cache_evicted-l3_miss-6291456,stride16-gcc13-scalar,7,stride16_scan,scalar,cache_evicted,l3_miss,6291456,6291456,89260032,908,250139991,549036032,4,4,0,0,0,0
1,stride16-gcc13-scalar-r7-stride16_scan-scalar-warm-l1_miss-16384,stride16-gcc13-scalar,7,stride16_scan,scalar,warm,l1_miss,16384,16384,302479360,1181560,250000310,548729604,4,4,0,0,0,0
1,stride16-gcc13-scalar-r7-stride16_scan-scalar-cache_evicted-l1_miss-1048576,stride16-gcc13-scalar,7,stride16_scan,scalar,cache_evicted,l1_miss,1048576,1048576,112132096,6844,250026400,548787024,4,4,0,0,0,0
1,stride16-gcc13-scalar-r7-stride16_scan-scalar-warm-l1_miss-5242880,stride16-gcc13-scalar,7,stride16_scan,scalar,warm,l1_miss,5242880,5242880,99123200,1210,250006193,548742360,4,4,0,0,0,0
1,stride16-gcc13-scalar-r7-stride16_scan-scalar-warm-l3_miss-196608,stride16-gcc13-scalar,7,stride16_scan,scalar,warm,l3_miss,196608,196608,177580032,57806,250002798,548735188,4,4,0,0,0,0
1,stride16-gcc13-scalar-r7-stride16_scan-scalar-warm-l3_miss-262144,stride16-gcc13-scalar,7,stride16_scan,scalar,warm,l3_miss,262144,262144,148746240,36315,250000230,548729444,4,4,0,0,8863023613746,0
1,stride16-gcc13-scalar-r7-stride16_scan-scalar-warm-l2_miss-2097152,stride16-gcc13-scalar,7,stride16_scan,scalar,warm,l2_miss,2097152,2097152,112263168,3426,250052702,548844452,4,4,0,0,0,0
1,stride16-gcc13-scalar-r7-stride16_scan-scalar-cache_evicted-l2_miss-1048576,stride16-gcc13-scalar,7,stride16_scan,scalar,cache_evicted,l2_miss,1048576,1048576,112115712,6843,250018139,548768524,4,4,0,0,35084127139564,0
1,stride16-gcc13-scalar-r7-stride16_scan-scalar-warm-l3_miss-12582912,stride16-gcc13-scalar,7,stride16_scan,scalar,warm,l3_miss,12582912,12582912,54657024,278,250372563,549546536,4,4,0,0,0,0
1,stride16-gcc13-scalar-r7-stride16_scan-scalar-warm-l1_miss-393216,stride16-gcc13-scalar,7,stride16_scan,scalar,warm,l1_miss,393216,393216,116785152,19008,250006804,548743652,4,4,0,0,0,0
1,stride16-gcc13-scalar-r7-stride16_scan-scalar-warm-l3_miss-98304,stride16-gcc13-scalar,7,stride16_scan,scalar,warm,l3_miss,98304,98304,204109824,132884,250001965,548733360,4,4,0,0,0,0
1,stride16-gcc13-scalar-r7-stride16_scan-scalar-warm-l3_miss-294912,stride16-gcc13-scalar,7,stride16_scan,scalar,warm,l3_miss,294912,294912,121665024,26403,250000974,548731216,4,4,0,0,9931601922254,0
1,stride16-gcc13-scalar-r7-stride16_scan-scalar-warm-l1_miss-12582912,stride16-gcc13-scalar,7,stride16_scan,scalar,warm,l1_miss,12582912,12582912,60162048,306,250810723,550508104,4,4,0,0,0,0
1,stride16-gcc13-scalar-r7-stride16_scan-scalar-warm-l1_miss-294912,stride16-gcc13-scalar,7,stride16_scan,scalar,warm,l1_miss,294912,294912,133074432,28879,250000932,548731096,4,4,0,0,9931601922254,0
1,stride16-gcc13-scalar-r7-stride16_scan-scalar-warm-l1_miss-8388608,stride16-gcc13-scalar,7,stride16_scan,scalar,warm,l1_miss,8388608,8388608,73269248,559,250202126,549172224,4,4,0,0,281475302367058,0
1,stride16-gcc13-scalar-r7-stride16_scan-scalar-warm-l3_miss-32768,stride16-gcc13-scalar,7,stride16_scan,scalar,warm,l3_miss,32768,32768,321297920,627535,250000462,548729820,4,4,0,0,1096194196191,0
1,stride16-gcc13-scalar-r7-stride16_scan-scalar-warm-l2_miss-536870912,stride16-gcc13-scalar,7,stride16_scan,scalar,warm,l2_miss,536870912,536870912,58720256,7,270736607,594244108,4,4,0,0,18014798250468075,0
1,stride16-gcc13-scalar-r7-stride16_scan-scalar-warm-l3_miss-4194304,stride16-gcc13-scalar,7,stride16_scan,scalar,warm,l3_miss,4194304,4194304,103612416,1581,250157911,549075380,4,4,0,0,140648806858239,0
1,stride16-gcc13-scalar-r7-stride16_scan-scalar-warm-l3_miss-6291456,stride16-gcc13-scalar,7,stride16_scan,scalar,warm,l3_miss,6291456,6291456,89063424,906,250012264,548755696,4,4,0,0,0,0
1,stride16-gcc13-scalar-r7-stride16_scan-scalar-warm-l1_miss-1048576,stride16-gcc13-scalar,7,stride16_scan,scalar,warm,l1_miss,1048576,1048576,112132096,6844,250015882,548763804,4,4,0,0,0,0
1,stride16-gcc13-scalar-r7-stride16_scan-scalar-warm-l2_miss-28672,stride16-gcc13-scalar,7,stride16_scan,scalar,warm,l2_miss,28672,28672,326329920,728415,250000502,548729840,4,4,0,0,962631356885,0
1,stride16-gcc13-scalar-r7-stride16_scan-scalar-warm-l2_miss-294912,stride16-gcc13-scalar,7,stride16_scan,scalar,warm,l2_miss,294912,294912,129770496,28162,250006619,548743316,4,4,0,0,0,0
1,stride16-gcc13-scalar-r7-stride16_scan-scalar-warm-l1_miss-7340032,stride16-gcc13-scalar,7,stride16_scan,scalar,warm,l1_miss,7340032,7340032,81313792,709,250069707,548881772,4,4,0,0,246391048564810,0
1,stride16-gcc13-scalar-r7-stride16_scan-scalar-cache_evicted-l2_miss-262144,stride16-gcc13-scalar,7,stride16_scan,scalar,cache_evicted,l2_miss,262144,262144,153456640,37465,250006430,548742892,4,4,0,0,8717790537192,0
1,stride16-gcc13-scalar-r7-stride16_scan-scalar-warm-l3_miss-16384,stride16-gcc13-scalar,7,stride16_scan,scalar,warm,l3_miss,16384,16384,311820800,1218050,250000099,548729268,4,4,0,0,0,0
1,stride16-gcc13-scalar-r7-stride16_scan-scalar-warm-l2_miss-32768,stride16-gcc13-scalar,7,stride16_scan,scalar,warm,l2_miss,32768,32768,321864704,628642,250000565,548730040,4,4,0,0,0,0
1,stride16-gcc13-scalar-r7-stride16_scan-scalar-cache_evicted-l1_miss-536870912,stride16-gcc13-scalar,7,stride16_scan,scalar,cache_evicted,l1_miss,536870912,536870912,58720256,7,275822278,605406824,4,4,0,0,18011389229854806,0
1,stride16-gcc13-scalar-r7-stride16_scan-scalar-warm-l3_miss-65536,stride16-gcc13-scalar,7,stride16_scan,scalar,warm,l3_miss,65536,65536,204148736,199364,250001061,548731280,4,4,0,0,0,0
1,stride16-gcc13-scalar-r7-stride16_scan-scalar-warm-l1_miss-24576,stride16-gcc13-scalar,7,stride16_scan,scalar,warm,l1_miss,24576,24576,327888768,853877,250000236,548729540,4,4,0,0,823537367434,0
1,stride16-gcc13-scalar-r7-stride16_scan-scalar-warm-l2_miss-1048576,stride16-gcc13-scalar,7,stride16_scan,scalar,warm,l2_miss,1048576,1048576,112132096,6844,250015518,548763000,4,4,0,0,0,0
1,stride16-gcc13-scalar-r7-stride16_scan-scalar-warm-l1_miss-28672,stride16-gcc13-scalar,7,stride16_scan,scalar,warm,l1_miss,28672,28672,328545728,733361,250000221,548729536,4,4,0,0,962631356885,0
1,stride16-gcc13-scalar-r7-stride16_scan-scalar-warm-l2_miss-393216,stride16-gcc13-scalar,7,stride16_scan,scalar,warm,l2_miss,393216,393216,111728640,18185,250001191,548731548,4,4,0,0,13270969271721,0
1,stride16-gcc13-scalar-r7-stride16_scan-scalar-cache_evicted-l3_miss-1048576,stride16-gcc13-scalar,7,stride16_scan,scalar,cache_evicted,l3_miss,1048576,1048576,112148480,6845,250022249,548777780,4,4,0,0,35084127139564,0
1,stride16-gcc13-scalar-r7-stride16_scan-scalar-warm-l2_miss-229376,stride16-gcc13-scalar,7,stride16_scan,scalar,warm,l2_miss,229376,229376,147445760,41140,250001461,548732168,4,4,0,0,0,0
1,stride16-gcc13-scalar-r7-stride16_scan-scalar-warm-l1_miss-32768,stride16-gcc13-scalar,7,stride16_scan,scalar,warm,l1_miss,32768,32768,324028928,632869,250000475,548729828,4,4,0,0,1096194196191,0
1,stride16-gcc13-scalar-r7-stride16_scan-scalar-warm-l1_miss-36864,stride16-gcc13-scalar,7,stride16_scan,scalar,warm,l1_miss,36864,36864,195149376,338801,250000447,548729756,4,4,0,0,1246086249545,0
1,stride16-gcc13-scalar-r7-stride16_scan-scalar-warm-l3_miss-131072,stride16-gcc13-scalar,7,stride16_scan,scalar,warm,l3_miss,131072,131072,204716032,99959,250001455,548732256,4,4,0,0,4417110612623,0
1,stride16-gcc13-scalar-r7-stride16_scan-scalar-warm-l3_miss-28672,stride16-gcc13-scalar,7,stride16_scan,scalar,warm,l3_miss,28672,28672,328540800,733350,250000363,548729872,4,4,0,0,0,0
1,stride16-gcc13-scalar-r7-stride16_scan-scalar-warm-l3_miss-1048576,stride16-gcc13-scalar,7,stride16_scan,scalar,warm,l3_miss,1048576,1048576,112132096,6844,250011297,548753716,4,4,0,0,0,0
1,stride16-gcc13-scalar-r7-stride16_scan-scalar-cache_evicted-l1_miss-8388608,stride16-gcc13-scalar,7,stride16_scan,scalar,cache_evicted,l1_miss,8388608,8388608,74973184,572,250109122,548968284,4,4,0,0,0,0
1,stride16-gcc13-scalar-r7-stride16_scan-scalar-warm-l1_miss-131072,stride16-gcc13-scalar,7,stride16_scan,scalar,warm,l1_miss,131072,131072,212467712,103744,250001570,548732408,4,4,0,0,0,0
1,stride16-gcc13-scalar-r7-stride16_scan-scalar-warm-l1_miss-6291456,stride16-gcc13-scalar,7,stride16_scan,scalar,warm,l1_miss,6291456,6291456,91815936,934,250084157,548913400,4,4,0,0,0,0
1,stride16-gcc13-scalar-r7-stride16_scan-scalar-warm-l2_miss-65536,stride16-gcc13-scalar,7,stride16_scan,scalar,warm,l2_miss,65536,65536,204150784,199366,250000241,548729592,4,4,0,0,0,0
1,stride16-gcc13-scalar-r7-stride16_scan-scalar-warm-l3_miss-134217728,stride16-gcc13-scalar,7,stride16_scan,scalar,warm,l3_miss,134217728,134217728,54525952,26,253078419,555485192,4,4,0,0,0,0
1,stride16-gcc13-scalar-r7-stride16_scan-scalar-warm-l2_miss-6291456,stride16-gcc13-scalar,7,stride16_scan,scalar,warm,l2_miss,6291456,6291456,91422720,930,250020577,548773956,4,4,0,0,0,0
1,stride16-gcc13-scalar-r7-stride16_scan-scalar-warm-l1_miss-98304,stride16-gcc13-scalar,7,stride16_scan,scalar,warm,l1_miss,98304,98304,204968448,133443,250000627,548730220,4,4,0,0,3332516181454,0
1,stride16-gcc13-scalar-r7-stride16_scan-scalar-warm-l3_miss-24576,stride16-gcc13-scalar,7,stride16_scan,scalar,warm,l3_miss,24576,24576,328296576,854939,250000173,548729460,4,4,0,0,823537367434,0
1,stride16-gcc13-scalar-r7-stride16_scan-scalar-cache_evicted-l3_miss-262144,stride16-gcc13-scalar,7,stride16_scan,scalar,cache_evicted,l3_miss,262144,262144,143564800,35050,250003734,548737276,4,4,0,0,0,0
1,stride16-gcc13-scalar-r7-stride16_scan-scalar-warm-l3_miss-49152,stride16-gcc13-scalar,7,stride16_scan,scalar,warm,l3_miss,49152,49152,198764544,258808,250000679,548730564,4,4,0,0,0,0
1,stride16-gcc13-scalar-r7-stride16_scan-scalar-warm-l2_miss-8388608,stride16-gcc13-scalar,7,stride16_scan,scalar,warm,l2_miss,8388608,8388608,75235328,574,250438113,549690368,4,4,0,0,0,0
1,stride16-gcc13-scalar-r7-stride16_scan-scalar-warm-l3_miss-8388608,stride16-gcc13-scalar,7,stride16_scan,scalar,warm,l3_miss,8388608,8388608,76283904,582,250041947,548820828,4,4,0,0,0,0
1,stride16-gcc13-scalar-r7-stride16_scan-scalar-warm-l2_miss-49152,stride16-gcc13-scalar,7,stride16_scan,scalar,warm,l2_miss,49152,49152,200606976,261207,250000366,548729532,4,4,0,0,1655242910069,0
1,stride16-gcc13-scalar-r7-stride16_scan-scalar-warm-l1_miss-196608,stride16-gcc13-scalar,7,stride16_scan,scalar,warm,l1_miss,196608,196608,179810304,58532,250002758,548734828,4,4,0,0,0,0
1,stride16-gcc13-scalar-r7-stride16_scan-scalar-warm-l2_miss-33554432,stride16-gcc13-scalar,7,stride16_scan,scalar,warm,l2_miss,33554432,33554432,55050240,105,250886619,550674816,4,4,0,0,1126382993478289,0
1,stride16-gcc13-scalar-r7-stride16_scan-scalar-warm-l3_miss-393216,stride16-gcc13-scalar,7,stride16_scan,scalar,warm,l3_miss,393216,393216,111624192,18168,250004101,548738048,4,4,0,0,0,0
1,stride16-gcc13-scalar-r7-stride16_scan-scalar-warm-l1_miss-2097152,stride16-gcc13-scalar,7,stride16_scan,scalar,warm,l1_miss,2097152,2097152,112230400,3425,250030231,548795288,4,4,0,0,70498469267265,0
1,stride16-gcc13-scalar-r7-stride16_scan-scalar-cache_evicted-l2_miss-33554432,stride16-gcc13-scalar,7,stride16_scan,scalar,cache_evicted,l2_miss,33554432,33554432,55574528,106,251600558,552241836,4,4,0,0,0,0
1,stride16-gcc13-scalar-r7-stride16_scan-scalar-cache_evicted-l1_miss-33554432,stride16-gcc13-scalar,7,stride16_scan,scalar,cache_evicted,l1_miss,33554432,33554432,55574528,106,251501745,552024972,4,4,0,0,0,0
1,stride16-gcc13-scalar-r7-stride16_scan-scalar-warm-l1_miss-134217728,stride16-gcc13-scalar,7,stride16_scan,scalar,warm,l1_miss,134217728,134217728,54525952,26,253099948,555532868,4,4,0,0,0,0
1,stride16-gcc13-scalar-r7-stride16_scan-scalar-warm-l2_miss-5242880,stride16-gcc13-scalar,7,stride16_scan,scalar,warm,l2_miss,5242880,5242880,99778560,1218,250085137,548915640,4,4,0,0,0,0
1,stride16-gcc13-scalar-r7-stride16_scan-scalar-warm-l2_miss-8192,stride16-gcc13-scalar,7,stride16_scan,scalar,warm,l2_miss,8192,8192,261974144,2046673,250000316,548729480,4,4,0,0,277809317783,0
1,stride16-gcc13-scalar-r7-stride16_scan-scalar-cache_evicted-l3_miss-32768,stride16-gcc13-scalar,7,stride16_scan,scalar,cache_evicted,l3_miss,32768,32768,322190336,629278,250000194,548729328,4,4,0,0,0,0
1,stride16-gcc13-scalar-r7-stride16_scan-scalar-warm-l2_miss-7340032,stride16-gcc13-scalar,7,stride16_scan,scalar,warm,l2_miss,7340032,7340032,82231296,717,250115868,548983096,4,4,0,0,246391048564810,0
1,stride16-gcc13-scalar-r7-stride16_scan-scalar-warm-l3_miss-524288,stride16-gcc13-scalar,7,stride16_scan,scalar,warm,l3_miss,524288,524288,111837184,13652,250013626,548758692,4,4,0,0,0,0
1,stride16-gcc13-scalar-r7-stride16_scan-scalar-warm-l1_miss-33554432,stride16-gcc13-scalar,7,stride16_scan,scalar,warm,l1_miss,33554432,33554432,54525952,104,251722438,552509380,4,4,0,0,0,0
1,stride16-gcc13-scalar-r7-stride16_scan-scalar-cache_evicted-l2_miss-536870912,stride16-gcc13-scalar,7,stride16_scan,scalar,cache_evicted,l2_miss,536870912,536870912,58720256,7,271204598,595271400,4,4,0,0,18011389229854806,0
1,stride16-gcc13-scalar-r7-stride16_scan-scalar-warm-l3_miss-7340032,stride16-gcc13-scalar,7,stride16_scan,scalar,warm,l3_miss,7340032,7340032,67665920,590,250015048,548761780,4,4,0,0,0,0
1,stride16-gcc13-scalar-r7-stride16_scan-scalar-warm-l3_miss-8192,stride16-gcc13-scalar,7,stride16_scan,scalar,warm,l3_miss,8192,8192,253415040,1979805,250000236,548729452,4,4,0,0,277809317783,0
1,stride16-gcc13-scalar-r7-stride16_scan-scalar-warm-l3_miss-536870912,stride16-gcc13-scalar,7,stride16_scan,scalar,warm,l3_miss,536870912,536870912,58720256,7,270933553,594676460,4,4,0,0,18014798250468075,0
1,stride16-gcc13-scalar-r7-stride16_scan-scalar-warm-l2_miss-262144,stride16-gcc13-scalar,7,stride16_scan,scalar,warm,l2_miss,262144,262144,168374272,41107,250001225,548731496,4,4,0,0,8863023613746,0
1,stride16-gcc13-scalar-r7-stride16_scan-scalar-warm-l1_miss-229376,stride16-gcc13-scalar,7,stride16_scan,scalar,warm,l1_miss,229376,229376,166397952,46428,250003110,548735904,4,4,0,0,0,0
1,stride16-gcc13-scalar-r7-stride16_scan-scalar-warm-l2_miss-36864,stride16-gcc13-scalar,7,stride16_scan,scalar,warm,l2_miss,36864,36864,194983488,338513,250000760,548730104,4,4,0,0,1246086249545,0
1,stride16-gcc13-scalar-r7-stride16_scan-scalar-warm-l2_miss-196608,stride16-gcc13-scalar,7,stride16_scan,scalar,warm,l2_miss,196608,196608,187487232,61031,250001743,548732888,4,4,0,0,6638093335297,0
1,stride16-gcc13-scalar-r7-stride16_scan-scalar-cache_evicted-l3_miss-536870912,stride16-gcc13-scalar,7,stride16_scan,scalar,cache_evicted,l3_miss,536870912,536870912,58720256,7,270932019,594672664,4,4,0,0,18011389229854806,0
1,stride16-gcc13-scalar-r7-stride16_scan-scalar-warm-l2_miss-24576,stride16-gcc13-scalar,7,stride16_scan,scalar,warm,l2_miss,24576,24576,325199232,846873,250000407,548729620,4,4,0,0,823537367434,0
1,stride16-gcc13-scalar-r7-stride16_scan-scalar-cache_evicted-l1_miss-262144,stride16-gcc13-scalar,7,stride16_scan,scalar,cache_evicted,l1_miss,262144,262144,135954432,33192,250003405,548736240,4,4,0,0,0,0
1,stride16-gcc13-scalar-r7-stride16_scan-scalar-warm-l3_miss-5242880,stride16-gcc13-scalar,7,stride16_scan,scalar,warm,l3_miss,5242880,5242880,90439680,1104,250010208,548751176,4,4,0,0,0,0
1,stride16-gcc13-scalar-r7-stride16_scan-scalar-warm-l3_miss-229376,stride16-gcc13-scalar,7,stride16_scan,scalar,warm,l3_miss,229376,229376,190005760,53015,250001908,548732976,4,4,0,0,7762322141282,0
1,stride16-gcc13-scalar-r7-stride16_scan-scalar-warm-l2_miss-131072,stride16-gcc13-scalar,7,stride16_scan,scalar,warm,l2_miss,131072,131072,213512192,104254,250001491,548732324,4,4,0,0,0,0
1,stride16-gcc13-scalar-r7-stride16_scan-scalar-cache_evicted-l2_miss-6291456,stride16-gcc13-scalar,7,stride16_scan,scalar,cache_evicted,l2_miss,6291456,6291456,76087296,774,250101196,548950864,4,4,0,0,0,0
1,stride16-gcc13-scalar-r7-stride16_scan-scalar-warm-l2_miss-98304,stride16-gcc13-scalar,7,stride16_scan,scalar,warm,l2_miss,98304,98304,205295616,133656,250001156,548731600,4,4,0,0,0,0
1,stride16-gcc13-scalar-r7-stride16_scan-scalar-warm-l2_miss-524288,stride16-gcc13-scalar,7,stride16_scan,scalar,warm,l2_miss,524288,524288,111894528,13659,250011374,548753900,4,4,0,0,17682196008004,0
1,stride16-gcc13-scalar-r7-stride16_scan-scalar-cache_evicted-l1_miss-6291456,stride16-gcc13-scalar,7,stride16_scan,scalar,cache_evicted,l1_miss,6291456,6291456,75694080,770,250066255,548873764,4,4,0,0,0,0
1,stride16-gcc13-scalar-r7-stride16_scan-scalar-cache_evicted-l2_miss-32768,stride16-gcc13-scalar,7,stride16_scan,scalar,cache_evicted,l2_miss,32768,32768,322682368,630239,250000246,548729300,4,4,0,0,1141383923069,0
1,stride16-gcc13-scalar-r7-stride16_scan-scalar-warm-l1_miss-49152,stride16-gcc13-scalar,7,stride16_scan,scalar,warm,l1_miss,49152,49152,198986496,259097,250000254,548729632,4,4,0,0,1655242910069,0
1,stride16-gcc13-scalar-r7-stride16_scan-scalar-warm-l1_miss-262144,stride16-gcc13-scalar,7,stride16_scan,scalar,warm,l1_miss,262144,262144,130174976,31781,250002258,548733892,4,4,0,0,8863023613746,0
1,stride16-gcc13-scalar-r7-stride16_scan-scalar-warm-l1_miss-8192,stride16-gcc13-scalar,7,stride16_scan,scalar,warm,l1_miss,8192,8192,254903040,1991430,250000303,548729464,4,4,0,0,0,0
1,stride16-gcc13-scalar-r7-stride16_scan-scalar-warm-l2_miss-12582912,stride16-gcc13-scalar,7,stride16_scan,scalar,warm,l2_miss,12582912,12582912,61145088,311,250745825,550365800,4,4,0,0,422173325952343,0
1,stride16-gcc13-scalar-r7-stride16_scan-scalar-warm-l2_miss-16384,stride16-gcc13-scalar,7,stride16_scan,scalar,warm,l2_miss,16384,16384,311195392,1215607,250000279,548729664,4,4,0,0,539639502883,0
1,stride16-gcc13-scalar-r7-stride16_scan-scalar-warm-l1_miss-4194304,stride16-gcc13-scalar,7,stride16_scan,scalar,warm,l1_miss,4194304,4194304,111935488,1708,250020996,548774872,4,4,0,0,0,0
1,stride16-gcc13-scalar-r7-stride16_scan-scalar-warm-l3_miss-2097152,stride16-gcc13-scalar,7,stride16_scan,scalar,warm,l3_miss,2097152,2097152,112328704,3428,250049631,548837976,4,4,0,0,0,0
1,stride16-gcc13-scalar-r7-stride16_scan-scalar-warm-l3_miss-36864,stride16-gcc13-scalar,7,stride16_scan,scalar,warm,l3_miss,36864,36864,202454784,351484,250000820,548730604,4,4,0,0,0,0
1,stride16-gcc13-scalar-r7-stride16_scan-scalar-warm-l2_miss-4194304,stride16-gcc13-scalar,7,stride16_scan,scalar,warm,l2_miss,4194304,4194304,111607808,1703,250068963,548880140,4,4,0,0,140648806858239,0
1,stride16-gcc13-scalar-r7-stride16_scan-scalar-cache_evicted-l3_miss-8388608,stride16-gcc13-scalar,7,stride16_scan,scalar,cache_evicted,l3_miss,8388608,8388608,75628544,577,250135181,549025476,4,4,0,0,281749179788310,0
1,stride16-gcc13-scalar-r7-stride16_scan-scalar-warm-l1_miss-536870912,stride16-gcc13-scalar,7,stride16_scan,scalar,warm,l1_miss,536870912,536870912,58720256,7,270991322,594802988,4,4,0,0,18014798250468075,0
1,stride16-gcc13-scalar-r7-stride16_scan-scalar-cache_evicted-l3_miss-33554432,stride16-gcc13-scalar,7,stride16_scan,scalar,cache_evicted,l3_miss,33554432,33554432,54525952,104,250941050,550794296,4,4,0,0,0,0
1,stride16-gcc13-scalar-r7-stride16_scan-scalar-cache_evicted-l1_miss-32768,stride16-gcc13-scalar,7,stride16_scan,scalar,cache_evicted,l1_miss,32768,32768,324597760,633980,250000509,548729892,4,4,0,0,0,0
1,stride16-gcc13-scalar-r8-stride16_scan-scalar-warm-l1_miss-6291456,stride16-gcc13-scalar,8,stride16_scan,scalar,warm,l1_miss,6291456,6291456,85524480,870,250150894,549059952,4,4,0,0,0,0
1,stride16-gcc13-scalar-r8-stride16_scan-scalar-cache_evicted-l2_miss-6291456,stride16-gcc13-scalar,8,stride16_scan,scalar,cache_evicted,l2_miss,6291456,6291456,89063424,906,250218489,549208312,4,4,0,0,0,0
1,stride16-gcc13-scalar-r8-stride16_scan-scalar-warm-l2_miss-262144,stride16-gcc13-scalar,8,stride16_scan,scalar,warm,l2_miss,262144,262144,129576960,31635,250001264,548731824,4,4,0,0,8937086296154,0
1,stride16-gcc13-scalar-r8-stride16_scan-scalar-warm-l1_miss-4194304,stride16-gcc13-scalar,8,stride16_scan,scalar,warm,l1_miss,4194304,4194304,107347968,1638,250139961,549035988,4,4,0,0,0,0
1,stride16-gcc13-scalar-r8-stride16_scan-scalar-warm-l1_miss-98304,stride16-gcc13-scalar,8,stride16_scan,scalar,warm,l1_miss,98304,98304,205155840,133565,250000653,548730480,4,4,0,0,3349293345018,0
1,stride16-gcc13-scalar-r8-stride16_scan-scalar-warm-l3_miss-16384,stride16-gcc13-scalar,8,stride16_scan,scalar,warm,l3_miss,16384,16384,311742464,1217744,250000464,548729652,4,4,0,0,0,0
1,stride16-gcc13-scalar-r8-stride16_scan-scalar-warm-l2_miss-196608,stride16-gcc13-scalar,8,stride16_scan,scalar,warm,l2_miss,196608,196608,182400000,59375,250003857,548737516,4,4,0,0,6684714843894,0
1,stride16-gcc13-scalar-r8-stride16_scan-scalar-warm-l2_miss-2097152,stride16-gcc13-scalar,8,stride16_scan,scalar,warm,l2_miss,2097152,2097152,112197632,3424,250071522,548885756,4,4,0,0,0,0
1,stride16-gcc13-scalar-r8-stride16_scan-scalar-warm-l1_miss-7340032,stride16-gcc13-scalar,8,stride16_scan,scalar,warm,l1_miss,7340032,7340032,71450624,623,250274496,549331120,4,4,0,0,246295160489234,0
1,stride16-gcc13-scalar-r8-stride16_scan-scalar-warm-l3_miss-36864,stride16-gcc13-scalar,8,stride16_scan,scalar,warm,l3_miss,36864,36864,195525504,339454,250000844,548730804,4,4,0,0,0,0
1,stride16-gcc13-scalar-r8-stride16_scan-scalar-warm-l1_miss-28672,stride16-gcc13-scalar,8,stride16_scan,scalar,warm,l1_miss,28672,28672,328593664,733468,250000183,548729456,4,4,0,0,0,0
1,stride16-gcc13-scalar-r8-stride16_scan-scalar-warm-l2_miss-1048576,stride16-gcc13-scalar,8,stride16_scan,scalar,warm,l2_miss,1048576,1048576,112115712,6843,250026474,548787060,4,4,0,0,35352970144712,0
1,stride16-gcc13-scalar-r8-stride16_scan-scalar-warm-l2_miss-524288,stride16-gcc13-scalar,8,stride16_scan,scalar,warm,l2_miss,524288,524288,111861760,13655,250010357,548751760,4,4,0,0,17651302202824,0
1,stride16-gcc13-scalar-r8-stride16_scan-scalar-warm-l1_miss-24576,stride16-gcc13-scalar,8,stride16_scan,scalar,warm,l1_miss,24576,24576,320464128,834542,250000391,548729796,4,4,0,0,0,0
1,stride16-gcc13-scalar-r8-stride16_scan-scalar-cache_evicted-l3_miss-8388608,stride16-gcc13-scalar,8,stride16_scan,scalar,cache_evicted,l3_miss,8388608,8388608,72744960,555,250007663,548745580,4,4,0,0,281556361655643,0
1,stride16-gcc13-scalar-r8-stride16_scan-scalar-warm-l2_miss-131072,stride16-gcc13-scalar,8,stride16_scan,scalar,warm,l2_miss,131072,131072,212074496,103552,250001866,548733032,4,4,0,0,0,0
1,stride16-gcc13-scalar-r8-stride16_scan-scalar-warm-l2_miss-8388608,stride16-gcc13-scalar,8,stride16_scan,scalar,warm,l2_miss,8388608,8388608,71827456,548,250029000,548792420,4,4,0,0,0,0
1,stride16-gcc13-scalar-r8-stride16_scan-scalar-warm-l3_miss-33554432,stride16-gcc13-scalar,8,stride16_scan,scalar,warm,l3_miss,33554432,33554432,54001664,103,251914980,552931988,4,4,0,0,1127086860584830,0
1,stride16-gcc13-scalar-r8-stride16_scan-scalar-warm-l3_miss-229376,stride16-gcc13-scalar,8,stride16_scan,scalar,warm,l3_miss,229376,229376,169254400,47225,250003286,548736012,4,4,0,0,7798739118225,0
1,stride16-gcc13-scalar-r8-stride16_scan-scalar-warm-l2_miss-32768,stride16-gcc13-scalar,8,stride16_scan,scalar,warm,l2_miss,32768,32768,320732160,626430,250000403,548729724,4,4,0,0,0,0
1,stride16-gcc13-scalar-r8-stride16_scan-scalar-warm-l1_miss-134217728,stride16-gcc13-scalar,8,stride16_scan,scalar,warm,l1_miss,134217728,134217728,56623104,27,259280219,569098088,4,4,0,0,4504199822160186,0
1,stride16-gcc13-scalar-r8-stride16_scan-scalar-warm-l3_miss-12582912,stride16-gcc13-scalar,8,stride16_scan,scalar,warm,l3_miss,12582912,12582912,61734912,314,250028558,548791472,4,4,0,0,0,0
1,stride16-gcc13-scalar-r8-stride16_scan-scalar-cache_evicted-l1_miss-1048576,stride16-gcc13-scalar,8,stride16_scan,scalar,cache_evicted,l1_miss,1048576,1048576,112115712,6843,250000346,548729512,4,4,1,0,35070989831228,0
1,stride16-gcc13-scalar-r8-stride16_scan-scalar-warm-l1_miss-536870912,stride16-gcc13-scalar,8,stride16_scan,scalar,warm,l1_miss,536870912,536870912,58720256,7,271102664,595047320,4,4,0,0,18013779756889659,0
1,stride16-gcc13-scalar-r8-stride16_scan-scalar-warm-l2_miss-7340032,stride16-gcc13-scalar,8,stride16_scan,scalar,warm,l2_miss,7340032,7340032,69730304,608,250320587,549432456,4,4,0,0,0,0
1,stride16-gcc13-scalar-r8-stride16_scan-scalar-cache_evicted-l1_miss-33554432,stride16-gcc13-scalar,8,stride16_scan,scalar,cache_evicted,l1_miss,33554432,33554432,55050240,105,251596314,552232552,4,4,0,0,1125932789958723,0
1,stride16-gcc13-scalar-r8-stride16_scan-scalar-cache_evicted-l2_miss-32768,stride16-gcc13-scalar,8,stride16_scan,scalar,cache_evicted,l2_miss,32768,32768,322136576,629173,250000488,548729936,4,4,0,0,1108856143452,0
1,stride16-gcc13-scalar-r8-stride16_scan-scalar-warm-l1_miss-262144,stride16-gcc13-scalar,8,stride16_scan,scalar,warm,l1_miss,262144,262144,140271616,34246,250007088,548744520,4,4,0,0,0,0
1,stride16-gcc13-scalar-r8-stride16_scan-scalar-warm-l2_miss-98304,stride16-gcc13-scalar,8,stride16_scan,scalar,warm,l2_miss,98304,98304,200123904,130289,250001701,548732512,4,4,0,0,3349293345018,0
1,stride16-gcc13-scalar-r8-stride16_scan-scalar-warm-l1_miss-49152,stride16-gcc13-scalar,8,stride16_scan,scalar,warm,l1_miss,49152,49152,218105856,283992,250000566,548730012,4,4,0,0,0,0
1,stride16-gcc13-scalar-r8-stride16_scan-scalar-warm-l1_miss-8388608,stride16-gcc13-scalar,8,stride16_scan,scalar,warm,l1_miss,8388608,8388608,73007104,557,250146222,549049708,4,4,0,0,281517296776607,0
1,stride16-gcc13-scalar-r8-stride16_scan-scalar-warm-l3_miss-536870912,stride16-gcc13-scalar,8,stride16_scan,scalar,warm,l3_miss,536870912,536870912,58720256,7,271341959,595572880,4,4,0,0,18013779756889659,0
1,stride16-gcc13-scalar-r8-stride16_scan-scalar-warm-l1_miss-294912,stride16-gcc13-scalar,8,stride16_scan,scalar,warm,l1_miss,294912,294912,125300736,27192,250003833,548737476,4,4,0,0,0,0
1,stride16-gcc13-scalar-r8-stride16_scan-scalar-cache_evicted-l1_miss-32768,stride16-gcc13-scalar,8,stride16_scan,scalar,cache_evicted,l1_miss,32768,32768,321687040,628295,250000379,548729808,4,4,0,0,1108856143452,0
1,stride16-gcc13-scalar-r8-stride16_scan-scalar-warm-l1_miss-16384,stride16-gcc13-scalar,8,stride16_scan,scalar,warm,l1_miss,16384,16384,309026048,1207133,250000302,548729564,4,4,0,0,559610255130,0
1,stride16-gcc13-scalar-r8-stride16_scan-scalar-warm-l1_miss-131072,stride16-gcc13-scalar,8,stride16_scan,scalar,warm,l1_miss,131072,131072,211761152,103399,250000859,548730652,4,4,0,0,4452045484820,0
1,stride16-gcc13-scalar-r8-stride16_scan-scalar-cache_evicted-l3_miss-1048576,stride16-gcc13-scalar,8,stride16_scan,scalar,cache_evicted,l3_miss,1048576,1048576,112148480,6845,250032831,548801124,4,4,0,0,35070989831228,0
1,stride16-gcc13-scalar-r8-stride16_scan-scalar-warm-l1_miss-1048576,stride16-gcc13-scalar,8,stride16_scan,scalar,warm,l1_miss,1048576,1048576,112148480,6845,250000114,548729328,4,4,0,0,35352970144712,0
1,stride16-gcc13-scalar-r8-stride16_scan-scalar-cache_evicted-l3_miss-32768,stride16-gcc13-scalar,8,stride16_scan,scalar,cache_evicted,l3_miss,32768,32768,321110528,627169,250000382,548729892,4,4,0,0,1108856143452,0
1,stride16-gcc13-scalar-r8-stride16_scan-scalar-warm-l2_miss-134217728,stride16-gcc13-scalar,8,stride16_scan,scalar,warm,l2_miss,134217728,134217728,56623104,27,259273537,569083384,4,4,0,0,4504199822160186,0
1,stride16-gcc13-scalar-r8-stride16_scan-scalar-warm-l1_miss-33554432,stride16-gcc13-scalar,8,stride16_scan,scalar,warm,l1_miss,33554432,33554432,55050240,105,251034626,550999632,4,4,0,0,1127086860584830,0
1,stride16-gcc13-scalar-r8-stride16_scan-scalar-cache_evicted-l3_miss-262144,stride16-gcc13-scalar,8,stride16_scan,scalar,cache_evicted,l3_miss,262144,262144,191549440,46765,250001712,548732676,4,4,0,0,8711848974022,0
1,stride16-gcc13-scalar-r8-stride16_scan-scalar-warm-l2_miss-49152,stride16-gcc13-scalar,8,stride16_scan,scalar,warm,l2_miss,49152,49152,200583936,261177,250000679,548730264,4,4,0,0,1696399853067,0
1,stride16-gcc13-scalar-r8-stride16_scan-scalar-cache_evicted-l2_miss-8388608,stride16-gcc13-scalar,8,stride16_scan,scalar,cache_evicted,l2_miss,8388608,8388608,69206016,528,250231658,549237232,4,4,0,0,0,0
1,stride16-gcc13-scalar-r8-stride16_scan-scalar-warm-l2_miss-16384,stride16-gcc13-scalar,8,stride16_scan,scalar,warm,l2_miss,16384,16384,309565440,1209240,250000464,548729636,4,4,0,0,0,0
1,stride16-gcc13-scalar-r8-stride16_scan-scalar-warm-l1_miss-8192,stride16-gcc13-scalar,8,stride16_scan,scalar,warm,l1_miss,8192,8192,261509376,2043042,250000288,548729416,4,4,0,0,0,0
1,stride16-gcc13-scalar-r8-stride16_scan-scalar-warm-l3_miss-24576,stride16-gcc13-scalar,8,stride16_scan,scalar,warm,l3_miss,24576,24576,322775424,840561,250000361,548729872,4,4,0,0,826482268632,0
1,stride16-gcc13-scalar-r8-stride16_scan-scalar-warm-l3_miss-131072,stride16-gcc13-scalar,8,stride16_scan,scalar,warm,l3_miss,131072,131072,209950720,102515,250001372,548732072,4,4,0,0,4452045484820,0
1,stride16-gcc13-scalar-r8-stride16_scan-scalar-cache_evicted-l3_miss-33554432,stride16-gcc13-scalar,8,stride16_scan,scalar,cache_evicted,l3_miss,33554432,33554432,55574528,106,251546005,552122148,4,4,0,0,0,0
1,stride16-gcc13-scalar-r8-stride16_scan-scalar-warm-l2_miss-294912,stride16-gcc13-scalar,8,stride16_scan,scalar,warm,l2_miss,294912,294912,148165632,32154,250003511,548736748,4,4,0,0,0,0
1,stride16-gcc13-scalar-r8-stride16_scan-scalar-warm-l1_miss-524288,stride16-gcc13-scalar,8,stride16_scan,scalar,warm,l1_miss,524288,524288,111845376,13653,250012340,548756132,4,4,0,0,17651302202824,0
1,stride16-gcc13-scalar-r8-stride16_scan-scalar-cache_evicted-l2_miss-33554432,stride16-gcc13-scalar,8,stride16_scan,scalar,cache_evicted,l2_miss,33554432,33554432,54001664,103,250635864,550124444,4,4,0,0,1125932789958723,0
1,stride16-gcc13-scalar-r8-stride16_scan-scalar-warm-l2_miss-12582912,stride16-gcc13-scalar,8,stride16_scan,scalar,warm,l2_miss,12582912,12582912,62128128,316,250093882,548934800,4,4,0,0,0,0
1,stride16-gcc13-scalar-r8-stride16_scan-scalar-warm-l1_miss-32768,stride16-gcc13-scalar,8,stride16_scan,scalar,warm,l1_miss,32768,32768,323361280,631565,250000333,548729776,4,4,0,0,1101828933798,0
1,stride16-gcc13-scalar-r8-stride16_scan-scalar-warm-l3_miss-1048576,stride16-gcc13-scalar,8,stride16_scan,scalar,warm,l3_miss,1048576,1048576,112148480,6845,250026315,548786684,4,4,0,0,35352970144712,0
1,stride16-gcc13-scalar-r8-stride16_scan-scalar-warm-l2_miss-28672,stride16-gcc13-scalar,8,stride16_scan,scalar,warm,l2_miss,28672,28672,328444032,733134,250000376,548729892,4,4,0,0,0,0
1,stride16-gcc13-scalar-r8-stride16_scan-scalar-warm-l3_miss-294912,stride16-gcc13-scalar,8,stride16_scan,scalar,warm,l3_miss,294912,294912,141820416,30777,250006304,548742888,4,4,0,0,10047539243680,0
1,stride16-gcc13-scalar-r8-stride16_scan-scalar-warm-l3_miss-393216,stride16-gcc13-scalar,8,stride16_scan,scalar,warm,l3_miss,393216,393216,111562752,18158,250011613,548754568,4,4,0,0,0,0
1,stride16-gcc13-scalar-r8-stride16_scan-scalar-cache_evicted-l1_miss-262144,stride16-gcc13-scalar,8,stride16_scan,scalar,cache_evicted,l1_miss,262144,262144,142086144,34689,250002208,548733784,4,4,0,0,8711848974022,0
1,stride16-gcc13-scalar-r8-stride16_scan-scalar-warm-l2_miss-4194304,stride16-gcc13-scalar,8,stride16_scan,scalar,warm,l2_miss,4194304,4194304,110166016,1681,250153201,549064944,4,4,0,0,140996458783771,0
1,stride16-gcc13-scalar-r8-stride16_scan-scalar-warm-l2_miss-6291456,stride16-gcc13-scalar,8,stride16_scan,scalar,warm,l2_miss,6291456,6291456,89554944,911,250200210,549168212,4,4,0,0,211222435820198,0
1,stride16-gcc13-scalar-r8-stride16_scan-scalar-warm-l3_miss-98304,stride16-gcc13-scalar,8,stride16_scan,scalar,warm,l3_miss,98304,98304,204071424,132859,250000316,548729740,4,4,0,0,3349293345018,0
1,stride16-gcc13-scalar-r8-stride16_scan-scalar-warm-l1_miss-5242880,stride16-gcc13-scalar,8,stride16_scan,scalar,warm,l1_miss,5242880,5242880,107397120,1311,250095963,548939400,4,4,0,0,176069737355228,0
1,stride16-gcc13-scalar-r8-stride16_scan-scalar-cache_evicted-l3_miss-536870912,stride16-gcc13-scalar,8,stride16_scan,scalar,cache_evicted,l3_miss,536870912,536870912,58720256,7,270755269,594285140,4,4,0,0,18012150961161219,0
1,stride16-gcc13-scalar-r8-stride16_scan-scalar-warm-l3_miss-7340032,stride16-gcc13-scalar,8,stride16_scan,scalar,warm,l3_miss,7340032,7340032,69730304,608,250358473,549515580,4,4,0,0,0,0
1,stride16-gcc13-scalar-r8-stride16_scan-scalar-warm-l2_miss-5242880,stride16-gcc13-scalar,8,stride16_scan,scalar,warm,l2_miss,5242880,5242880,91832320,1121,250085383,548916176,4,4,0,0,176069737355228,0
1,stride16-gcc13-scalar-r8-stride16_scan-scalar-warm-l3_miss-49152,stride16-gcc13-scalar,8,stride16_scan,scalar,warm,l3_miss,49152,49152,200839680,261510,250000889,548731000,4,4,0,0,0,0
1,stride16-gcc13-scalar-r8-stride16_scan-scalar-warm-l2_miss-393216,stride16-gcc13-scalar,8,stride16_scan,scalar,warm,l2_miss,393216,393216,125362176,20404,250010920,548753048,4,4,0,0,0,0
1,stride16-gcc13-scalar-r8-stride16_scan-scalar-warm-l1_miss-2097152,stride16-gcc13-scalar,8,stride16_scan,scalar,warm,l1_miss,2097152,2097152,112328704,3428,250033227,548801980,4,4,0,0,0,0
1,stride16-gcc13-scalar-r8-stride16_scan-scalar-cache_evicted-l1_miss-536870912,stride16-gcc13-scalar,8,stride16_scan,scalar,cache_evicted,l1_miss,536870912,536870912,58720256,7,271938103,596881336,4,4,0,0,18012150961161219,0
1,stride16-gcc13-scalar-r8-stride16_scan-scalar-cache_evicted-l2_miss-262144,stride16-gcc13-scalar,8,stride16_scan,scalar,cache_evicted,l2_miss,262144,262144,131088384,32004,250003815,548737172,4,4,0,0,0,0
1,stride16-gcc13-scalar-r8-stride16_scan-scalar-cache_evicted-l2_miss-536870912,stride16-gcc13-scalar,8,stride16_scan,scalar,cache_evicted,l2_miss,536870912,536870912,58720256,7,271839474,596664884,4,4,0,0,18012150961161219,0
1,stride16-gcc13-scalar-r8-stride16_scan-scalar-warm-l1_miss-12582912,stride16-gcc13-scalar,8,stride16_scan,scalar,warm,l1_miss,12582912,12582912,61931520,315,250572289,549984920,4,4,0,0,422220570583418,0
1,stride16-gcc13-scalar-r8-stride16_scan-scalar-warm-l3_miss-262144,stride16-gcc13-scalar,8,stride16_scan,scalar,warm,l3_miss,262144,262144,155688960,38010,250005668,548741376,4,4,0,0,0,0
1,stride16-gcc13-scalar-r8-stride16_scan-scalar-warm-l2_miss-24576,stride16-gcc13-scalar,8,stride16_scan,scalar,warm,l2_miss,24576,24576,328432128,855292,250000203,548729508,4,4,0,0,0,0
1,stride16-gcc13-scalar-r8-stride16_scan-scalar-warm-l2_miss-229376,stride16-gcc13-scalar,8,stride16_scan,scalar,warm,l2_miss,229376,229376,181303808,50587,250001815,548732708,4,4,0,0,7798739118225,0
1,stride16-gcc13-scalar-r8-stride16_scan-scalar-warm-l2_miss-33554432,stride16-gcc13-scalar,8,stride16_scan,scalar,warm,l2_miss,33554432,33554432,52428800,100,251647261,552344380,4,4,0,0,0,0
1,stride16-gcc13-scalar-r8-stride16_scan-scalar-warm-l3_miss-65536,stride16-gcc13-scalar,8,stride16_scan,scalar,warm,l3_miss,65536,65536,202691584,197941,250001437,548731952,4,4,0,0,2265126662817,0
1,stride16-gcc13-scalar-r8-stride16_scan-scalar-warm-l2_miss-36864,stride16-gcc13-scalar,8,stride16_scan,scalar,warm,l2_miss,36864,36864,199940544,347119,250000907,548730768,4,4,0,0,1243420101577,0
1,stride16-gcc13-scalar-r8-stride16_scan-scalar-warm-l3_miss-134217728,stride16-gcc13-scalar,8,stride16_scan,scalar,warm,l3_miss,134217728,134217728,52428800,25,252615863,554470640,4,4,0,0,4504199822160186,0
1,stride16-gcc13-scalar-r8-stride16_scan-scalar-warm-l1_miss-196608,stride16-gcc13-scalar,8,stride16_scan,scalar,warm,l1_miss,196608,196608,212748288,69254,250002930,548734948,4,4,0,0,0,0
1,stride16-gcc13-scalar-r8-stride16_scan-scalar-warm-l1_miss-229376,stride16-gcc13-scalar,8,stride16_scan,scalar,warm,l1_miss,229376,229376,188306944,52541,250002096,548733384,4,4,0,0,7798739118225,0
1,stride16-gcc13-scalar-r8-stride16_scan-scalar-warm-l1_miss-65536,stride16-gcc13-scalar,8,stride16_scan,scalar,warm,l1_miss,65536,65536,204191744,199406,250000688,548730244,4,4,0,0,0,0
1,stride16-gcc13-scalar-r8-stride16_scan-scalar-warm-l1_miss-36864,stride16-gcc13-scalar,8,stride16_scan,scalar,warm,l1_miss,36864,36864,199808640,346890,250000839,548730616,4,4,0,0,0,0
1,stride16-gcc13-scalar-r8-stride16_scan-scalar-warm-l3_miss-8192,stride16-gcc13-scalar,8,stride16_scan,scalar,warm,l3_miss,8192,8192,259379200,2026400,250000212,548729368,4,4,0,0,0,0
1,stride16-gcc13-scalar-r8-stride16_scan-scalar-warm-l2_miss-536870912,stride16-gcc13-scalar,8,stride16_scan,scalar,warm,l2_miss,536870912,536870912,58720256,7,281047755,616876012,4,4,0,0,18013779756889659,0
1,stride16-gcc13-scalar-r8-stride16_scan-scalar-warm-l3_miss-196608,stride16-gcc13-scalar,8,stride16_scan,scalar,warm,l3_miss,196608,196608,219509760,71455,250001721,548732084,4,4,0,0,6684714843894,0
1,stride16-gcc13-scalar-r8-stride16_scan-scalar-warm-l3_miss-32768,stride16-gcc13-scalar,8,stride16_scan,scalar,warm,l3_miss,32768,32768,319982080,624965,250000254,548729288,4,4,0,0,1101828933798,0
1,stride16-gcc13-scalar-r8-stride16_scan-scalar-warm-l1_miss-393216,stride16-gcc13-scalar,8,stride16_scan,scalar,warm,l1_miss,393216,393216,111648768,18172,250002314,548733852,4,4,0,0,0,0
1,stride16-gcc13-scalar-r8-stride16_scan-scalar-warm-l3_miss-28672,stride16-gcc13-scalar,8,stride16_scan,scalar,warm,l3_miss,28672,28672,325168256,725822,250000411,548729684,4,4,0,0,0,0
1,stride16-gcc13-scalar-r8-stride16_scan-scalar-cache_evicted-l1_miss-8388608,stride16-gcc13-scalar,8,stride16_scan,scalar,cache_evicted,l1_miss,8388608,8388608,72876032,556,250428755,549669820,4,4,0,0,0,0
1,stride16-gcc13-scalar-r8-stride16_scan-scalar-warm-l3_miss-524288,stride16-gcc13-scalar,8,stride16_scan,scalar,warm,l3_miss,524288,524288,111722496,13638,250003008,548735388,4,4,0,0,0,0
1,stride16-gcc13-scalar-r8-stride16_scan-scalar-warm-l3_miss-8388608,stride16-gcc13-scalar,8,stride16_scan,scalar,warm,l3_miss,8388608,8388608,56360960,430,250159812,549079544,4,4,0,0,0,0
1,stride16-gcc13-scalar-r8-stride16_scan-scalar-warm-l3_miss-4194304,stride16-gcc13-scalar,8,stride16_scan,scalar,warm,l3_miss,4194304,4194304,80871424,1234,250121048,548994224,4,4,0,0,0,0
1,stride16-gcc13-scalar-r8-stride16_scan-scalar-warm-l3_miss-5242880,stride16-gcc13-scalar,8,stride16_scan,scalar,warm,l3_miss,5242880,5242880,87818240,1072,250067832,548877616,4,4,0,0,0,0
1,stride16-gcc13-scalar-r8-stride16_scan-scalar-cache_evicted-l2_miss-1048576,stride16-gcc13-scalar,8,stride16_scan,scalar,cache_evicted,l2_miss,1048576,1048576,112164864,6846,250021494,548776224,4,4,0,0,0,0
1,stride16-gcc13-scalar-r8-stride16_scan-scalar-warm-l2_miss-8192,stride16-gcc13-scalar,8,stride16_scan,scalar,warm,l2_miss,8192,8192,261835520,2045590,250000156,548729304,4,4,0,0,0,0
1,stride16-gcc13-scalar-r8-stride16_scan-scalar-cache_evicted-l3_miss-6291456,stride16-gcc13-scalar,8,stride16_scan,scalar,cache_evicted,l3_miss,6291456,6291456,84934656,864,250260231,549299888,4,4,0,0,0,0
1,stride16-gcc13-scalar-r8-stride16_scan-scalar-cache_evicted-l1_miss-6291456,stride16-gcc13-scalar,8,stride16_scan,scalar,cache_evicted,l1_miss,6291456,6291456,87687168,892,250164171,549089120,4,4,0,0,0,0
1,stride16-gcc13-scalar-r8-stride16_scan-scalar-warm-l3_miss-6291456,stride16-gcc13-scalar,8,stride16_scan,scalar,warm,l3_miss,6291456,6291456,91521024,931,250150209,549058476,4,4,0,0,211222435820198,0
1,stride16-gcc13-scalar-r8-stride16_scan-scalar-warm-l2_miss-65536,stride16-gcc13-scalar,8,stride16_scan,scalar,warm,l2_miss,65536,65536,201446400,196725,250000223,548729304,4,4,0,0,2265126662817,0
1,stride16-gcc13-scalar-r8-stride16_scan-scalar-warm-l3_miss-2097152,stride16-gcc13-scalar,8,stride16_scan,scalar,warm,l3_miss,2097152,2097152,112197632,3424,250016703,548765428,4,4,0,0,0,0
1,stride16-gcc13-scalar-r9-stride16_scan-scalar-cache_evicted-l1_miss-32768,stride16-gcc13-scalar,9,stride16_scan,scalar,cache_evicted,l1_miss,32768,32768,317974528,621044,250000336,548729524,4,4,0,0,0,0
1,stride16-gcc13-scalar-r9-stride16_scan-scalar-warm-l2_miss-24576,stride16-gcc13-scalar,9,stride16_scan,scalar,warm,l2_miss,24576,24576,329247744,857416,250000325,548729636,4,4,0,0,0,0
1,stride16-gcc13-scalar-r9-stride16_scan-scalar-warm-l2_miss-32768,stride16-gcc13-scalar,9,stride16_scan,scalar,warm,l2_miss,32768,32768,317320192,619766,250000316,548729480,4,4,0,0,0,0
1,stride16-gcc13-scalar-r9-stride16_scan-scalar-cache_evicted-l1_miss-8388608,stride16-gcc13-scalar,9,stride16_scan,scalar,cache_evicted,l1_miss,8388608,8388608,73793536,563,250257581,549294024,4,4,0,0,280981649935335,0
1,stride16-gcc13-scalar-r9-stride16_scan-scalar-warm-l2_miss-196608,stride16-gcc13-scalar,9,stride16_scan,scalar,warm,l2_miss,196608,196608,218336256,71073,250000322,548729484,4,4,0,0,6696265646398,0
1,stride16-gcc13-scalar-r9-stride16_scan-scalar-warm-l2_miss-36864,stride16-gcc13-scalar,9,stride16_scan,scalar,warm,l2_miss,36864,36864,195887808,340083,250000660,548730500,4,4,0,0,1271697867463,0
1,stride16-gcc13-scalar-r9-stride16_scan-scalar-warm-l2_miss-98304,stride16-gcc13-scalar,9,stride16_scan,scalar,warm,l2_miss,98304,98304,206082048,134168,250001918,548732984,4,4,0,0,0,0
1,stride16-gcc13-scalar-r9-stride16_scan-scalar-warm-l3_miss-262144,stride16-gcc13-scalar,9,stride16_scan,scalar,warm,l3_miss,262144,262144,159641600,38975,250005384,548740716,4,4,0,0,9003712790843,0
1,stride16-gcc13-scalar-r9-stride16_scan-scalar-warm-l1_miss-524288,stride16-gcc13-scalar,9,stride16_scan,scalar,warm,l1_miss,524288,524288,111894528,13659,250015852,548763656,4,4,0,0,17903874493638,0
1,stride16-gcc13-scalar-r9-stride16_scan-scalar-warm-l1_miss-294912,stride16-gcc13-scalar,9,stride16_scan,scalar,warm,l1_miss,294912,294912,132922368,28846,250003159,548735856,4,4,0,0,0,0
1,stride16-gcc13-scalar-r9-stride16_scan-scalar-cache_evicted-l3_miss-33554432,stride16-gcc13-scalar,9,stride16_scan,scalar,cache_evicted,l3_miss,33554432,33554432,54525952,104,250942411,550797288,4,4,0,0,0,0
1,stride16-gcc13-scalar-r9-stride16_scan-scalar-warm-l1_miss-5242880,stride16-gcc13-scalar,9,stride16_scan,scalar,warm,l1_miss,5242880,5242880,97648640,1192,250196414,549159856,4,4,0,0,0,0
1,stride16-gcc13-scalar-r9-stride16_scan-scalar-cache_evicted-l3_miss-8388608,stride16-gcc13-scalar,9,stride16_scan,scalar,cache_evicted,l3_miss,8388608,8388608,67108864,512,250398084,549602496,4,4,0,0,0,0
1,stride16-gcc13-scalar-r9-stride16_scan-scalar-warm-l2_miss-524288,stride16-gcc13-scalar,9,stride16_scan,scalar,warm,l2_miss,524288,524288,111828992,13651,250017169,548766452,4,4,0,0,17903874493638,0
1,stride16-gcc13-scalar-r9-stride16_scan-scalar-warm-l1_miss-12582912,stride16-gcc13-scalar,9,stride16_scan,scalar,warm,l1_miss,12582912,12582912,61341696,312,250305269,549398288,4,4,0,0,0,0
1,stride16-gcc13-scalar-r9-stride16_scan-scalar-warm-l1_miss-8388608,stride16-gcc13-scalar,9,stride16_scan,scalar,warm,l1_miss,8388608,8388608,75366400,575,250132225,549018988,4,4,0,0,281558012504093,0
1,stride16-gcc13-scalar-r9-stride16_scan-scalar-warm-l1_miss-49152,stride16-gcc13-scalar,9,stride16_scan,scalar,warm,l1_miss,49152,49152,200464896,261022,250000387,548729928,4,4,0,0,0,0
1,stride16-gcc13-scalar-r9-stride16_scan-scalar-warm-l3_miss-28672,stride16-gcc13-scalar,9,stride16_scan,scalar,warm,l3_miss,28672,28672,327854464,731818,250000502,548729884,4,4,0,0,0,0
1,stride16-gcc13-scalar-r9-stride16_scan-scalar-cache_evicted-l3_miss-536870912,stride16-gcc13-scalar,9,stride16_scan,scalar,cache_evicted,l3_miss,536870912,536870912,58720256,7,274904601,603392552,4,4,0,0,18014128935371794,0
1,stride16-gcc13-scalar-r9-stride16_scan-scalar-warm-l3_miss-5242880,stride16-gcc13-scalar,9,stride16_scan,scalar,warm,l3_miss,5242880,5242880,110919680,1354,250168971,549099608,4,4,0,0,0,0
1,stride16-gcc13-scalar-r9-stride16_scan-scalar-warm-l1_miss-1048576,stride16-gcc13-scalar,9,stride16_scan,scalar,warm,l1_miss,1048576,1048576,112164864,6846,250012402,548756004,4,4,0,0,0,0
1,stride16-gcc13-scalar-r9-stride16_scan-scalar-warm-l3_miss-393216,stride16-gcc13-scalar,9,stride16_scan,scalar,warm,l3_miss,393216,393216,116649984,18986,250007545,548745612,4,4,0,0,0,0
1,stride16-gcc13-scalar-r9-stride16_scan-scalar-warm-l3_miss-33554432,stride16-gcc13-scalar,9,stride16_scan,scalar,warm,l3_miss,33554432,33554432,55574528,106,251889915,552876876,4,4,0,0,0,0
1,stride16-gcc13-scalar-r9-stride16_scan-scalar-warm-l3_miss-98304,stride16-gcc13-scalar,9,stride16_scan,scalar,warm,l3_miss,98304,98304,205031424,133484,250002027,548733224,4,4,0,0,0,0
1,stride16-gcc13-scalar-r9-stride16_scan-scalar-warm-l2_miss-229376,stride16-gcc13-scalar,9,stride16_scan,scalar,warm,l2_miss,229376,229376,147707392,41213,250001534,548732332,4,4,0,0,7879003418898,0
1,stride16-gcc13-scalar-r9-stride16_scan-scalar-warm-l3_miss-7340032,stride16-gcc13-scalar,9,stride16_scan,scalar,warm,l3_miss,7340032,7340032,84754432,739,250362284,549523952,4,4,0,0,246482904870193,0
1,stride16-gcc13-scalar-r9-stride16_scan-scalar-warm-l2_miss-294912,stride16-gcc13-scalar,9,stride16_scan,scalar,warm,l2_miss,294912,294912,132189696,28687,250004067,548737436,4,4,0,0,10110341671909,0
1,stride16-gcc13-scalar-r9-stride16_scan-scalar-warm-l3_miss-229376,stride16-gcc13-scalar,9,stride16_scan,scalar,warm,l3_miss,229376,229376,159219200,44425,250005704,548741568,4,4,0,0,7879003418898,0
1,stride16-gcc13-scalar-r9-stride16_scan-scalar-warm-l1_miss-134217728,stride16-gcc13-scalar,9,stride16_scan,scalar,warm,l1_miss,134217728,134217728,56623104,27,258529009,567449244,4,4,0,0,4500469322006638,0
1,stride16-gcc13-scalar-r9-stride16_scan-scalar-cache_evicted-l3_miss-32768,stride16-gcc13-scalar,9,stride16_scan,scalar,cache_evicted,l3_miss,32768,32768,326307328,637319,250000474,548729836,4,4,0,0,1141883219039,0
1,stride16-gcc13-scalar-r9-stride16_scan-scalar-warm-l3_miss-2097152,stride16-gcc13-scalar,9,stride16_scan,scalar,warm,l3_miss,2097152,2097152,112230400,3425,250006198,548742404,4,4,0,0,70763543102154,0
1,stride16-gcc13-scalar-r9-stride16_scan-scalar-warm-l2_miss-4194304,stride16-gcc13-scalar,9,stride16_scan,scalar,warm,l2_miss,4194304,4194304,103415808,1578,250071009,548884588,4,4,0,0,0,0
1,stride16-gcc13-scalar-r9-stride16_scan-scalar-warm-l2_miss-33554432,stride16-gcc13-scalar,9,stride16_scan,scalar,warm,l2_miss,33554432,33554432,55574528,106,251841862,552771500,4,4,0,0,0,0
1,stride16-gcc13-scalar-r9-stride16_scan-scalar-warm-l2_miss-2097152,stride16-gcc13-scalar,9,stride16_scan,scalar,warm,l2_miss,2097152,2097152,112197632,3424,250003007,548735396,4,4,0,0,0,0
1,stride16-gcc13-scalar-r9-stride16_scan-scalar-warm-l1_miss-33554432,stride16-gcc13-scalar,9,stride16_scan,scalar,warm,l1_miss,33554432,33554432,54525952,104,250091887,548930432,4,4,0,0,0,0
1,stride16-gcc13-scalar-r9-stride16_scan-scalar-warm-l2_miss-5242880,stride16-gcc13-scalar,9,stride16_scan,scalar,warm,l2_miss,5242880,5242880,84787200,1035,250046464,548830768,4,4,0,0,176338721310244,0
1,stride16-gcc13-scalar-r9-stride16_scan-scalar-warm-l1_miss-6291456,stride16-gcc13-scalar,9,stride16_scan,scalar,warm,l1_miss,6291456,6291456,74121216,754,250257847,549294716,4,4,0,0,0,0
1,stride16-gcc13-scalar-r9-stride16_scan-scalar-cache_evicted-l2_miss-6291456,stride16-gcc13-scalar,9,stride16_scan,scalar,cache_evicted,l2_miss,6291456,6291456,73826304,751,250082887,548910696,4,4,0,0,210666051876493,0
1,stride16-gcc13-scalar-r9-stride16_scan-scalar-warm-l3_miss-131072,stride16-gcc13-scalar,9,stride16_scan,scalar,warm,l3_miss,131072,131072,209160192,102129,250001736,548732704,4,4,0,0,4436400451468,0
1,stride16-gcc13-scalar-r9-stride16_scan-scalar-warm-l1_miss-32768,stride16-gcc13-scalar,9,stride16_scan,scalar,warm,l1_miss,32768,32768,321286656,627513,250000468,548729816,4,4,0,0,1137607831677,0
1,stride16-gcc13-scalar-r9-stride16_scan-scalar-warm-l2_miss-134217728,stride16-gcc13-scalar,9,stride16_scan,scalar,warm,l2_miss,134217728,134217728,56623104,27,259019074,568524880,4,4,0,0,4500469322006638,0
1,stride16-gcc13-scalar-r9-stride16_scan-scalar-cache_evicted-l1_miss-33554432,stride16-gcc13-scalar,9,stride16_scan,scalar,cache_evicted,l1_miss,33554432,33554432,54001664,103,251051802,551037408,4,4,0,0,1124167228104513,0
1,stride16-gcc13-scalar-r9-stride16_scan-scalar-cache_evicted-l3_miss-1048576,stride16-gcc13-scalar,9,stride16_scan,scalar,cache_evicted,l3_miss,1048576,1048576,112115712,6843,250007039,548744404,4,4,0,0,35093998791634,0
1,stride16-gcc13-scalar-r9-stride16_scan-scalar-warm-l3_miss-6291456,stride16-gcc13-scalar,9,stride16_scan,scalar,warm,l3_miss,6291456,6291456,92110848,937,250034014,548803436,4,4,0,0,211428400897571,0
1,stride16-gcc13-scalar-r9-stride16_scan-scalar-warm-l1_miss-8192,stride16-gcc13-scalar,9,stride16_scan,scalar,warm,l1_miss,8192,8192,262581632,2051419,250000103,548729260,4,4,0,0,282248361303,0
1,stride16-gcc13-scalar-r9-stride16_scan-scalar-warm-l1_miss-36864,stride16-gcc13-scalar,9,stride16_scan,scalar,warm,l1_miss,36864,36864,195812928,339953,250000515,548730208,4,4,0,0,1271697867463,0
1,stride16-gcc13-scalar-r9-stride16_scan-scalar-warm-l2_miss-8192,stride16-gcc13-scalar,9,stride16_scan,scalar,warm,l2_miss,8192,8192,253957632,1984044,250000263,548729368,4,4,0,0,0,0
1,stride16-gcc13-scalar-r9-stride16_scan-scalar-cache_evicted-l2_miss-536870912,stride16-gcc13-scalar,9,stride16_scan,scalar,cache_evicted,l2_miss,536870912,536870912,58720256,7,273873085,601128480,4,4,0,0,18014128935371794,0
1,stride16-gcc13-scalar-r9-stride16_scan-scalar-warm-l3_miss-49152,stride16-gcc13-scalar,9,stride16_scan,scalar,warm,l3_miss,49152,49152,198884352,258964,250000307,548729640,4,4,0,0,0,0
1,stride16-gcc13-scalar-r9-stride16_scan-scalar-warm-l3_miss-536870912,stride16-gcc13-scalar,9,stride16_scan,scalar,warm,l3_miss,536870912,536870912,58720256,7,271369320,595632904,4,4,0,0,18010029673144056,0
1,stride16-gcc13-scalar-r9-stride16_scan-scalar-warm-l3_miss-1048576,stride16-gcc13-scalar,9,stride16_scan,scalar,warm,l3_miss,1048576,1048576,112181248,6847,250023197,548779996,4,4,0,0,35530213788971,0
1,stride16-gcc13-scalar-r9-stride16_scan-scalar-warm-l1_miss-196608,stride16-gcc13-scalar,9,stride16_scan,scalar,warm,l1_miss,196608,196608,186863616,60828,250002346,548733920,4,4,0,0,0,0
1,stride16-gcc13-scalar-r9-stride16_scan-scalar-warm-l1_miss-65536,stride16-gcc13-scalar,9,stride16_scan,scalar,warm,l1_miss,65536,65536,203095040,198335,250000839,548730640,4,4,0,0,2227364736609,0
1,stride16-gcc13-scalar-r9-stride16_scan-scalar-warm-l3_miss-4194304,stride16-gcc13-scalar,9,stride16_scan,scalar,warm,l3_miss,4194304,4194304,111804416,1706,250042514,548822080,4,4,0,0,0,0
1,stride16-gcc13-scalar-r9-stride16_scan-scalar-warm-l3_miss-24576,stride16-gcc13-scalar,9,stride16_scan,scalar,warm,l3_miss,24576,24576,325946496,848819,250000289,548729696,4,4,0,0,859045332367,0
1,stride16-gcc13-scalar-r9-stride16_scan-scalar-warm-l3_miss-294912,stride16-gcc13-scalar,9,stride16_scan,scalar,warm,l3_miss,294912,294912,123522048,26806,250001276,548731588,4,4,0,0,0,0
1,stride16-gcc13-scalar-r9-stride16_scan-scalar-warm-l1_miss-2097152,stride16-gcc13-scalar,9,stride16_scan,scalar,warm,l1_miss,2097152,2097152,112328704,3428,250066181,548874032,4,4,0,0,0,0
1,stride16-gcc13-scalar-r9-stride16_scan-scalar-warm-l2_miss-28672,stride16-gcc13-scalar,9,stride16_scan,scalar,warm,l2_miss,28672,28672,327443648,730901,250000440,548729764,4,4,0,0,1013521060711,0
1,stride16-gcc13-scalar-r9-stride16_scan-scalar-warm-l2_miss-6291456,stride16-gcc13-scalar,9,stride16_scan,scalar,warm,l2_miss,6291456,6291456,93782016,954,250221048,549213976,4,4,0,0,0,0
1,stride16-gcc13-scalar-r9-stride16_scan-scalar-warm-l3_miss-524288,stride16-gcc13-scalar,9,stride16_scan,scalar,warm,l3_miss,524288,524288,111861760,13655,250006859,548744104,4,4,0,0,17903874493638,0
1,stride16-gcc13-scalar-r9-stride16_scan-scalar-cache_evicted-l1_miss-262144,stride16-gcc13-scalar,9,stride16_scan,scalar,cache_evicted,l1_miss,262144,262144,172441600,42100,250001643,548732392,4,4,0,0,0,0
1,stride16-gcc13-scalar-r9-stride16_scan-scalar-cache_evicted-l1_miss-536870912,stride16-gcc13-scalar,9,stride16_scan,scalar,cache_evicted,l1_miss,536870912,536870912,58720256,7,271590518,596118440,4,4,0,0,18014128935371794,0
1,stride16-gcc13-scalar-r9-stride16_scan-scalar-cache_evicted-l3_miss-6291456,stride16-gcc13-scalar,9,stride16_scan,scalar,cache_evicted,l3_miss,6291456,6291456,94273536,959,250134506,549024000,4,4,0,0,210666051876493,0
1,stride16-gcc13-scalar-r9-stride16_scan-scalar-warm-l3_miss-65536,stride16-gcc13-scalar,9,stride16_scan,scalar,warm,l3_miss,65536,65536,201012224,196301,250000645,548730216,4,4,0,0,2227364736609,0
1,stride16-gcc13-scalar-r9-stride16_scan-scalar-cache_evicted-l1_miss-6291456,stride16-gcc13-scalar,9,stride16_scan,scalar,cache_evicted,l1_miss,6291456,6291456,93683712,953,250166196,549093496,4,4,0,0,210666051876493,0
1,stride16-gcc13-scalar-r9-stride16_scan-scalar-warm-l2_miss-16384,stride16-gcc13-scalar,9,stride16_scan,scalar,warm,l2_miss,16384,16384,307934976,1202871,250000363,548729572,4,4,0,0,568552968403,0
1,stride16-gcc13-scalar-r9-stride16_scan-scalar-warm-l1_miss-4194304,stride16-gcc13-scalar,9,stride16_scan,scalar,warm,l1_miss,4194304,4194304,107675648,1643,250040303,548817232,4,4,0,0,141066742602680,0
1,stride16-gcc13-scalar-r9-stride16_scan-scalar-warm-l2_miss-65536,stride16-gcc13-scalar,9,stride16_scan,scalar,warm,l2_miss,65536,65536,202741760,197990,250000189,548729476,4,4,0,0,0,0
1,stride16-gcc13-scalar-r9-stride16_scan-scalar-warm-l2_miss-12582912,stride16-gcc13-scalar,9,stride16_scan,scalar,warm,l2_miss,12582912,12582912,61734912,314,250388568,549581612,4,4,0,0,0,0
1,stride16-gcc13-scalar-r9-stride16_scan-scalar-warm-l1_miss-98304,stride16-gcc13-scalar,9,stride16_scan,scalar,warm,l1_miss,98304,98304,207026688,134783,250001209,548731368,4,4,0,0,3350594921908,0
1,stride16-gcc13-scalar-r9-stride16_scan-scalar-warm-l1_miss-229376,stride16-gcc13-scalar,9,stride16_scan,scalar,warm,l1_miss,229376,229376,165200896,46094,250000372,548729756,4,4,0,0,0,0
1,stride16-gcc13-scalar-r9-stride16_scan-scalar-warm-l2_miss-8388608,stride16-gcc13-scalar,9,stride16_scan,scalar,warm,l2_miss,8388608,8388608,76546048,584,250244340,549264688,4,4,0,0,0,0
1,stride16-gcc13-scalar-r9-stride16_scan-scalar-warm-l3_miss-32768,stride16-gcc13-scalar,9,stride16_scan,scalar,warm,l3_miss,32768,32768,316598784,618357,250000512,548730016,4,4,0,0,1137607831677,0
1,stride16-gcc13-scalar-r9-stride16_scan-scalar-warm-l1_miss-24576,stride16-gcc13-scalar,9,stride16_scan,scalar,warm,l1_miss,24576,24576,329016192,856813,250000268,548729412,4,4,0,0,859045332367,0
1,stride16-gcc13-scalar-r9-stride16_scan-scalar-cache_evicted-l2_miss-262144,stride16-gcc13-scalar,9,stride16_scan,scalar,cache_evicted,l2_miss,262144,262144,150974464,36859,250006878,548743880,4,4,0,0,8807424787650,0
1,stride16-gcc13-scalar-r9-stride16_scan-scalar-warm-l1_miss-393216,stride16-gcc13-scalar,9,stride16_scan,scalar,warm,l1_miss,393216,393216,116649984,18986,250008622,548747880,4,4,0,0,0,0
1,stride16-gcc13-scalar-r9-stride16_scan-scalar-warm-l1_miss-16384,stride16-gcc13-scalar,9,stride16_scan,scalar,warm,l1_miss,16384,16384,311976704,1218659,250000281,548729464,4,4,0,0,568552968403,0
1,stride16-gcc13-scalar-r9-stride16_scan-scalar-warm-l2_miss-393216,stride16-gcc13-scalar,9,stride16_scan,scalar,warm,l2_miss,393216,393216,111771648,18192,250006082,548742284,4,4,0,0,0,0
1,stride16-gcc13-scalar-r9-stride16_scan-scalar-warm-l3_miss-16384,stride16-gcc13-scalar,9,stride16_scan,scalar,warm,l3_miss,16384,16384,311867392,1218232,250000203,548729520,4,4,0,0,0,0
1,stride16-gcc13-scalar-r9-stride16_scan-scalar-warm-l3_miss-36864,stride16-gcc13-scalar,9,stride16_scan,scalar,warm,l3_miss,36864,36864,195200640,338890,250000686,548730244,4,4,0,0,0,0
1,stride16-gcc13-scalar-r9-stride16_scan-scalar-warm-l3_miss-8192,stride16-gcc13-scalar,9,stride16_scan,scalar,warm,l3_miss,8192,8192,262367488,2049746,250000259,548729460,4,4,0,0,0,0
1,stride16-gcc13-scalar-r9-stride16_scan-scalar-cache_evicted-l2_miss-32768,stride16-gcc13-scalar,9,stride16_scan,scalar,cache_evicted,l2_miss,32768,32768,323298816,631443,250000327,548729668,4,4,0,0,1141883219039,0
1,stride16-gcc13-scalar-r9-stride16_scan-scalar-warm-l1_miss-262144,stride16-gcc13-scalar,9,stride16_scan,scalar,warm,l1_miss,262144,262144,137322496,33526,250003346,548735432,4,4,0,0,0,0
1,stride16-gcc13-scalar-r9-stride16_scan-scalar-warm-l1_miss-28672,stride16-gcc13-scalar,9,stride16_scan,scalar,warm,l1_miss,28672,28672,324758784,724908,250000370,548729620,4,4,0,0,0,0
1,stride16-gcc13-scalar-r9-stride16_scan-scalar-cache_evicted-l2_miss-8388608,stride16-gcc13-scalar,9,stride16_scan,scalar,cache_evicted,l2_miss,8388608,8388608,76283904,582,250356682,549511648,4,4,0,0,0,0
1,stride16-gcc13-scalar-r9-stride16_scan-scalar-warm-l1_miss-131072,stride16-gcc13-scalar,9,stride16_scan,scalar,warm,l1_miss,131072,131072,208355328,101736,250001028,548731220,4,4,0,0,0,0
1,stride16-gcc13-scalar-r9-stride16_scan-scalar-warm-l2_miss-1048576,stride16-gcc13-scalar,9,stride16_scan,scalar,warm,l2_miss,1048576,1048576,112132096,6844,250000352,548729720,4,4,0,0,0,0
1,stride16-gcc13-scalar-r9-stride16_scan-scalar-warm-l2_miss-49152,stride16-gcc13-scalar,9,stride16_scan,scalar,warm,l2_miss,49152,49152,198563328,258546,250000374,548729588,4,4,0,0,0,0
1,stride16-gcc13-scalar-r9-stride16_scan-scalar-warm-l3_miss-12582912,stride16-gcc13-scalar,9,stride16_scan,scalar,warm,l3_miss,12582912,12582912,61538304,313,250370455,549541884,4,4,0,0,422054014802041,0
1,stride16-gcc13-scalar-r9-stride16_scan-scalar-warm-l3_miss-196608,stride16-gcc13-scalar,9,stride16_scan,scalar,warm,l3_miss,196608,196608,184891392,60186,250000664,548730424,4,4,0,0,0,0
1,stride16-gcc13-scalar-r9-stride16_scan-scalar-warm-l3_miss-134217728,stride16-gcc13-scalar,9,stride16_scan,scalar,warm,l3_miss,134217728,134217728,54525952,26,251893229,552884244,4,4,0,0,0,0
1,stride16-gcc13-scalar-r9-stride16_scan-scalar-warm-l1_miss-536870912,stride16-gcc13-scalar,9,stride16_scan,scalar,warm,l1_miss,536870912,536870912,58720256,7,271485689,595888368,4,4,0,0,18010029673144056,0
1,stride16-gcc13-scalar-r9-stride16_scan-scalar-warm-l1_miss-7340032,stride16-gcc13-scalar,9,stride16_scan,scalar,warm,l1_miss,7340032,7340032,85901312,749,250238656,549252548,4,4,0,0,246482904870193,0
1,stride16-gcc13-scalar-r9-stride16_scan-scalar-warm-l2_miss-262144,stride16-gcc13-scalar,9,stride16_scan,scalar,warm,l2_miss,262144,262144,150249472,36682,250000219,548729532,4,4,0,0,0,0
1,stride16-gcc13-scalar-r9-stride16_scan-scalar-cache_evicted-l2_miss-1048576,stride16-gcc13-scalar,9,stride16_scan,scalar,cache_evicted,l2_miss,1048576,1048576,112148480,6845,250011112,548753324,4,4,0,0,35093998791634,0
1,stride16-gcc13-scalar-r9-stride16_scan-scalar-cache_evicted-l1_miss-1048576,stride16-gcc13-scalar,9,stride16_scan,scalar,cache_evicted,l1_miss,1048576,1048576,112181248,6847,250017812,548767848,4,4,0,0,35093998791634,0
1,stride16-gcc13-scalar-r9-stride16_scan-scalar-warm-l2_miss-7340032,stride16-gcc13-scalar,9,stride16_scan,scalar,warm,l2_miss,7340032,7340032,74891264,653,250349505,549495912,4,4,0,0,246482904870193,0
1,stride16-gcc13-scalar-r9-stride16_scan-scalar-cache_evicted-l3_miss-262144,stride16-gcc13-scalar,9,stride16_scan,scalar,cache_evicted,l3_miss,262144,262144,139534336,34066,250003547,548736708,4,4,0,0,0,0
1,stride16-gcc13-scalar-r9-stride16_scan-scalar-warm-l2_miss-131072,stride16-gcc13-scalar,9,stride16_scan,scalar,warm,l2_miss,131072,131072,210577408,102821,250000998,548730976,4,4,0,0,4436400451468,0
1,stride16-gcc13-scalar-r9-stride16_scan-scalar-cache_evicted-l2_miss-33554432,stride16-gcc13-scalar,9,stride16_scan,scalar,cache_evicted,l2_miss,33554432,33554432,55574528,106,251760620,552593148,4,4,0,0,0,0
1,stride16-gcc13-scalar-r9-stride16_scan-scalar-warm-l3_miss-8388608,stride16-gcc13-scalar,9,stride16_scan,scalar,warm,l3_miss,8388608,8388608,77594624,592,250148821,549055408,4,4,0,0,0,0
1,stride16-gcc13-scalar-r9-stride16_scan-scalar-warm-l2_miss-536870912,stride16-gcc13-scalar,9,stride16_scan,scalar,warm,l2_miss,536870912,536870912,58720256,7,276586817,607084888,4,4,0,0,18010029673144056,0
1,stride16-gcc13-scalar-r10-stride16_scan-scalar-warm-l1_miss-24576,stride16-gcc13-scalar,10,stride16_scan,scalar,warm,l1_miss,24576,24576,328763520,856155,250000201,548729344,4,4,0,0,834599039581,0
1,stride16-gcc13-scalar-r10-stride16_scan-scalar-warm-l1_miss-536870912,stride16-gcc13-scalar,10,stride16_scan,scalar,warm,l1_miss,536870912,536870912,58720256,7,272100744,597238352,4,4,0,0,18020648951270208,0
1,stride16-gcc13-scalar-r10-stride16_scan-scalar-cache_evicted-l2_miss-33554432,stride16-gcc13-scalar,10,stride16_scan,scalar,cache_evicted,l2_miss,33554432,33554432,55574528,106,251344321,551679440,4,4,0,0,0,0
1,stride16-gcc13-scalar-r10-stride16_scan-scalar-warm-l2_miss-8388608,stride16-gcc13-scalar,10,stride16_scan,scalar,warm,l2_miss,8388608,8388608,78249984,597,250385586,549575088,4,4,0,0,281869527276860,0
1,stride16-gcc13-scalar-r10-stride16_scan-scalar-cache_evicted-l1_miss-1048576,stride16-gcc13-scalar,10,stride16_scan,scalar,cache_evicted,l1_miss,1048576,1048576,112099328,6842,250009051,548748588,4,4,0,0,0,0
1,stride16-gcc13-scalar-r10-stride16_scan-scalar-warm-l3_miss-33554432,stride16-gcc13-scalar,10,stride16_scan,scalar,warm,l3_miss,33554432,33554432,55574528,106,252350912,553888832,4,4,0,0,0,0
1,stride16-gcc13-scalar-r10-stride16_scan-scalar-warm-l1_miss-7340032,stride16-gcc13-scalar,10,stride16_scan,scalar,warm,l1_miss,7340032,7340032,85786624,748,250071699,548886068,4,4,0,0,0,0
1,stride16-gcc13-scalar-r10-stride16_scan-scalar-warm-l2_miss-134217728,stride16-gcc13-scalar,10,stride16_scan,scalar,warm,l2_miss,134217728,134217728,56623104,27,258696412,567816640,4,4,0,0,4509932741318918,0
1,stride16-gcc13-scalar-r10-stride16_scan-scalar-warm-l3_miss-49152,stride16-gcc13-scalar,10,stride16_scan,scalar,warm,l3_miss,49152,49152,198806784,258863,250000624,548730108,4,4,0,0,1619033789661,0
1,stride16-gcc13-scalar-r10-stride16_scan-scalar-cache_evicted-l2_miss-262144,stride16-gcc13-scalar,10,stride16_scan,scalar,cache_evicted,l2_miss,262144,262144,152207360,37160,250000412,548729804,4,4,0,0,0,0
1,stride16-gcc13-scalar-r10-stride16_scan-scalar-warm-l1_miss-2097152,stride16-gcc13-scalar,10,stride16_scan,scalar,warm,l1_miss,2097152,2097152,112230400,3425,250069182,548880896,4,4,0,0,70568058639870,0
1,stride16-gcc13-scalar-r10-stride16_scan-scalar-warm-l3_miss-5242880,stride16-gcc13-scalar,10,stride16_scan,scalar,warm,l3_miss,5242880,5242880,92241920,1126,250149005,549055672,4,4,0,0,0,0
1,stride16-gcc13-scalar-r10-stride16_scan-scalar-warm-l3_miss-536870912,stride16-gcc13-scalar,10,stride16_scan,scalar,warm,l3_miss,536870912,536870912,58720256,7,271457506,595826512,4,4,0,0,18020648951270208,0
1,stride16-gcc13-scalar-r10-stride16_scan-scalar-warm-l1_miss-5242880,stride16-gcc13-scalar,10,stride16_scan,scalar,warm,l1_miss,5242880,5242880,97075200,1185,250082520,548909920,4,4,0,0,176007200383473,0
1,stride16-gcc13-scalar-r10-stride16_scan-scalar-warm-l3_miss-36864,stride16-gcc13-scalar,10,stride16_scan,scalar,warm,l3_miss,36864,36864,195562944,339519,250000563,548730012,4,4,0,0,1233536109511,0
1,stride16-gcc13-scalar-r10-stride16_scan-scalar-warm-l2_miss-7340032,stride16-gcc13-scalar,10,stride16_scan,scalar,warm,l2_miss,7340032,7340032,84180992,734,250207530,549184192,4,4,0,0,0,0
1,stride16-gcc13-scalar-r10-stride16_scan-scalar-warm-l3_miss-229376,stride16-gcc13-scalar,10,stride16_scan,scalar,warm,l3_miss,229376,229376,148348928,41392,250002878,548735124,4,4,0,0,0,0
1,stride16-gcc13-scalar-r10-stride16_scan-scalar-cache_evicted-l2_miss-536870912,stride16-gcc13-scalar,10,stride16_scan,scalar,cache_evicted,l2_miss,536870912,536870912,58720256,7,271640310,596227680,4,4,0,0,18016939277018471,0
1,stride16-gcc13-scalar-r10-stride16_scan-scalar-warm-l2_miss-294912,stride16-gcc13-scalar,10,stride16_scan,scalar,warm,l2_miss,294912,294912,125042688,27136,250005809,548741520,4,4,0,0,0,0
1,stride16-gcc13-scalar-r10-stride16_scan-scalar-warm-l3_miss-28672,stride16-gcc13-scalar,10,stride16_scan,scalar,warm,l3_miss,28672,28672,326630976,729087,250000214,548729532,4,4,0,0,967125146173,0
1,stride16-gcc13-scalar-r10-stride16_scan-scalar-warm-l2_miss-28672,stride16-gcc13-scalar,10,stride16_scan,scalar,warm,l2_miss,28672,28672,328604416,733492,250000356,548729724,4,4,0,0,0,0
1,stride16-gcc13-scalar-r10-stride16_scan-scalar-warm-l2_miss-5242880,stride16-gcc13-scalar,10,stride16_scan,scalar,warm,l2_miss,5242880,5242880,109445120,1336,250023975,548781408,4,4,0,0,0,0
1,stride16-gcc13-scalar-r10-stride16_scan-scalar-cache_evicted-l3_miss-8388608,stride16-gcc13-scalar,10,stride16_scan,scalar,cache_evicted,l3_miss,8388608,8388608,71827456,548,250214597,549199788,4,4,0,0,0,0
1,stride16-gcc13-scalar-r10-stride16_scan-scalar-warm-l3_miss-98304,stride16-gcc13-scalar,10,stride16_scan,scalar,warm,l3_miss,98304,98304,204258816,132981,250001227,548731480,4,4,0,0,3299329142151,0
1,stride16-gcc13-scalar-r10-stride16_scan-scalar-cache_evicted-l2_miss-8388608,stride16-gcc13-scalar,10,stride16_scan,scalar,cache_evicted,l2_miss,8388608,8388608,77463552,591,250436040,549685844,4,4,0,0,281708611176267,0
1,stride16-gcc13-scalar-r10-stride16_scan-scalar-warm-l2_miss-49152,stride16-gcc13-scalar,10,stride16_scan,scalar,warm,l2_miss,49152,49152,200767488,261416,250000529,548729944,4,4,0,0,0,0
1,stride16-gcc13-scalar-r10-stride16_scan-scalar-warm-l1_miss-524288,stride16-gcc13-scalar,10,stride16_scan,scalar,warm,l1_miss,524288,524288,111845376,13653,250004814,548739336,4,4,0,0,17554078543622,0
1,stride16-gcc13-scalar-r10-stride16_scan-scalar-warm-l2_miss-131072,stride16-gcc13-scalar,10,stride16_scan,scalar,warm,l2_miss,131072,131072,210946048,103001,250002462,548734192,4,4,0,0,4380150099581,0
1,stride16-gcc13-scalar-r10-stride16_scan-scalar-warm-l1_miss-33554432,stride16-gcc13-scalar,10,stride16_scan,scalar,warm,l1_miss,33554432,33554432,55050240,105,250650126,550155708,4,4,0,0,1126410743656457,0
1,stride16-gcc13-scalar-r10-stride16_scan-scalar-warm-l3_miss-393216,stride16-gcc13-scalar,10,stride16_scan,scalar,warm,l3_miss,393216,393216,111679488,18177,250002016,548733488,4,4,0,0,13179651257779,0
1,stride16-gcc13-scalar-r10-stride16_scan-scalar-cache_evicted-l1_miss-33554432,stride16-gcc13-scalar,10,stride16_scan,scalar,cache_evicted,l1_miss,33554432,33554432,55050240,105,252323972,553829680,4,4,0,0,1126372191236400,0
1,stride16-gcc13-scalar-r10-stride16_scan-scalar-warm-l2_miss-32768,stride16-gcc13-scalar,10,stride16_scan,scalar,warm,l2_miss,32768,32768,321888768,628689,250000345,548729512,4,4,0,0,1096514746072,0
1,stride16-gcc13-scalar-r10-stride16_scan-scalar-warm-l1_miss-393216,stride16-gcc13-scalar,10,stride16_scan,scalar,warm,l1_miss,393216,393216,116754432,19003,250009503,548749904,4,4,0,0,13179651257779,0
1,stride16-gcc13-scalar-r10-stride16_scan-scalar-warm-l3_miss-131072,stride16-gcc13-scalar,10,stride16_scan,scalar,warm,l3_miss,131072,131072,211062784,103058,250000280,548729556,4,4,0,0,0,0
1,stride16-gcc13-scalar-r10-stride16_scan-scalar-warm-l3_miss-134217728,stride16-gcc13-scalar,10,stride16_scan,scalar,warm,l3_miss,134217728,134217728,56623104,27,258503917,567394152,4,4,0,0,4509932741318918,0
1,stride16-gcc13-scalar-r10-stride16_scan-scalar-warm-l2_miss-196608,stride16-gcc13-scalar,10,stride16_scan,scalar,warm,l2_miss,196608,196608,221162496,71993,250002888,548735112,4,4,0,0,6567636674472,0
1,stride16-gcc13-scalar-r10-stride16_scan-scalar-warm-l2_miss-524288,stride16-gcc13-scalar,10,stride16_scan,scalar,warm,l2_miss,524288,524288,111861760,13655,250015872,548763804,4,4,0,0,17554078543622,0
1,stride16-gcc13-scalar-r10-stride16_scan-scalar-cache_evicted-l3_miss-32768,stride16-gcc13-scalar,10,stride16_scan,scalar,cache_evicted,l3_miss,32768,32768,324869120,634510,250000099,548729296,4,4,0,0,0,0
1,stride16-gcc13-scalar-r10-stride16_scan-scalar-warm-l3_miss-1048576,stride16-gcc13-scalar,10,stride16_scan,scalar,warm,l3_miss,1048576,1048576,112115712,6843,250003808,548737116,4,4,0,0,35128277683811,0
1,stride16-gcc13-scalar-r10-stride16_scan-scalar-cache_evicted-l3_miss-536870912,stride16-gcc13-scalar,10,stride16_scan,scalar,cache_evicted,l3_miss,536870912,536870912,58720256,7,271704113,596367784,4,4,0,0,18016939277018471,0
1,stride16-gcc13-scalar-r10-stride16_scan-scalar-warm-l2_miss-536870912,stride16-gcc13-scalar,10,stride16_scan,scalar,warm,l2_miss,536870912,536870912,58720256,7,273082635,599393228,4,4,0,0,18020648951270208,0
1,stride16-gcc13-scalar-r10-stride16_scan-scalar-cache_evicted-l2_miss-32768,stride16-gcc13-scalar,10,stride16_scan,scalar,cache_evicted,l2_miss,32768,32768,323691520,632210,250000229,548729288,4,4,0,0,0,0
1,stride16-gcc13-scalar-r10-stride16_scan-scalar-warm-l3_miss-2097152,stride16-gcc13-scalar,10,stride16_scan,scalar,warm,l3_miss,2097152,2097152,112263168,3426,250046943,548831832,4,4,0,0,0,0
1,stride16-gcc13-scalar-r10-stride16_scan-scalar-warm-l1_miss-16384,stride16-gcc13-scalar,10,stride16_scan,scalar,warm,l1_miss,16384,16384,307276032,1200297,250000232,548729296,4,4,0,0,562885770689,0
1,stride16-gcc13-scalar-r10-stride16_scan-scalar-cache_evicted-l2_miss-6291456,stride16-gcc13-scalar,10,stride16_scan,scalar,cache_evicted,l2_miss,6291456,6291456,95158272,968,250114602,548980272,4,4,0,0,0,0
1,stride16-gcc13-scalar-r10-stride16_scan-scalar-cache_evicted-l3_miss-262144,stride16-gcc13-scalar,10,stride16_scan,scalar,cache_evicted,l3_miss,262144,262144,173998080,42480,250000838,548730624,4,4,0,0,0,0
1,stride16-gcc13-scalar-r10-stride16_scan-scalar-warm-l2_miss-4194304,stride16-gcc13-scalar,10,stride16_scan,scalar,warm,l2_miss,4194304,4194304,111935488,1708,250016975,548766016,4,4,0,0,0,0
1,stride16-gcc13-scalar-r10-stride16_scan-scalar-warm-l3_miss-7340032,stride16-gcc13-scalar,10,stride16_scan,scalar,warm,l3_miss,7340032,7340032,84754432,739,250141542,549039432,4,4,0,0,246660650696446,0
1,stride16-gcc13-scalar-r10-stride16_scan-scalar-cache_evicted-l3_miss-6291456,stride16-gcc13-scalar,10,stride16_scan,scalar,cache_evicted,l3_miss,6291456,6291456,90243072,918,250230511,549234728,4,4,0,0,0,0
1,stride16-gcc13-scalar-r10-stride16_scan-scalar-warm-l2_miss-262144,stride16-gcc13-scalar,10,stride16_scan,scalar,warm,l2_miss,262144,262144,157655040,38490,250003853,548737068,4,4,0,0,0,0
1,stride16-gcc13-scalar-r10-stride16_scan-scalar-cache_evicted-l3_miss-1048576,stride16-gcc13-scalar,10,stride16_scan,scalar,cache_evicted,l3_miss,1048576,1048576,112148480,6845,250018141,548768868,4,4,0,0,35292673676693,0
1,stride16-gcc13-scalar-r10-stride16_scan-scalar-warm-l1_miss-6291456,stride16-gcc13-scalar,10,stride16_scan,scalar,warm,l1_miss,6291456,6291456,90243072,918,250144697,549046380,4,4,0,0,0,0
1,stride16-gcc13-scalar-r10-stride16_scan-scalar-warm-l3_miss-65536,stride16-gcc13-scalar,10,stride16_scan,scalar,warm,l3_miss,65536,65536,201611264,196886,250000544,548730256,4,4,0,0,0,0
1,stride16-gcc13-scalar-r10-stride16_scan-scalar-warm-l1_miss-49152,stride16-gcc13-scalar,10,stride16_scan,scalar,warm,l1_miss,49152,49152,200589312,261184,250000693,548730300,4,4,0,0,0,0
1,stride16-gcc13-scalar-r10-stride16_scan-scalar-warm-l1_miss-32768,stride16-gcc13-scalar,10,stride16_scan,scalar,warm,l1_miss,32768,32768,324533760,633855,250000095,548729268,4,4,0,0,1096514746072,0
1,stride16-gcc13-scalar-r10-stride16_scan-scalar-warm-l2_miss-1048576,stride16-gcc13-scalar,10,stride16_scan,scalar,warm,l2_miss,1048576,1048576,112164864,6846,250015830,548763512,4,4,0,0,0,0
1,stride16-gcc13-scalar-r10-stride16_scan-scalar-warm-l3_miss-32768,stride16-gcc13-scalar,10,stride16_scan,scalar,warm,l3_miss,32768,32768,326383616,637468,250000292,548729692,4,4,0,0,0,0
1,stride16-gcc13-scalar-r10-stride16_scan-scalar-warm-l3_miss-524288,stride16-gcc13-scalar,10,stride16_scan,scalar,warm,l3_miss,524288,524288,111837184,13652,250012313,548755748,4,4,0,0,0,0
1,stride16-gcc13-scalar-r10-stride16_scan-scalar-warm-l1_miss-4194304,stride16-gcc13-scalar,10,stride16_scan,scalar,warm,l1_miss,4194304,4194304,110755840,1690,250135839,549026916,4,4,0,0,0,0
1,stride16-gcc13-scalar-r10-stride16_scan-scalar-warm-l1_miss-8388608,stride16-gcc13-scalar,10,stride16_scan,scalar,warm,l1_miss,8388608,8388608,76677120,585,250342811,549481236,4,4,0,0,281869527276860,0
1,stride16-gcc13-scalar-r10-stride16_scan-scalar-warm-l2_miss-16384,stride16-gcc13-scalar,10,stride16_scan,scalar,warm,l2_miss,16384,16384,311696640,1217565,250000212,548729248,4,4,0,0,562885770689,0
1,stride16-gcc13-scalar-r10-stride16_scan-scalar-warm-l2_miss-393216,stride16-gcc13-scalar,10,stride16_scan,scalar,warm,l2_miss,393216,393216,111710208,18182,250004755,548739488,4,4,0,0,0,0
1,stride16-gcc13-scalar-r10-stride16_scan-scalar-warm-l1_miss-36864,stride16-gcc13-scalar,10,stride16_scan,scalar,warm,l1_miss,36864,36864,195098112,338712,250000445,548730000,4,4,0,0,0,0
1,stride16-gcc13-scalar-r10-stride16_scan-scalar-warm-l3_miss-196608,stride16-gcc13-scalar,10,stride16_scan,scalar,warm,l3_miss,196608,196608,220843008,71889,250002749,548734816,4,4,0,0,6567636674472,0
1,stride16-gcc13-scalar-r10-stride16_scan-scalar-warm-l2_miss-36864,stride16-gcc13-scalar,10,stride16_scan,scalar,warm,l2_miss,36864,36864,198281664,344239,250000500,548730144,4,4,0,0,1233536109511,0
1,stride16-gcc13-scalar-r10-stride16_scan-scalar-warm-l3_miss-262144,stride16-gcc13-scalar,10,stride16_scan,scalar,warm,l3_miss,262144,262144,128602112,31397,250001377,548732072,4,4,0,0,8777083635359,0
1,stride16-gcc13-scalar-r10-stride16_scan-scalar-cache_evicted-l1_miss-32768,stride16-gcc13-scalar,10,stride16_scan,scalar,cache_evicted,l1_miss,32768,32768,320707072,626381,250000449,548729784,4,4,0,0,1120723827850,0
1,stride16-gcc13-scalar-r10-stride16_scan-scalar-cache_evicted-l1_miss-6291456,stride16-gcc13-scalar,10,stride16_scan,scalar,cache_evicted,l1_miss,6291456,6291456,85819392,873,250183320,549131108,4,4,0,0,211407365966720,0
1,stride16-gcc13-scalar-r10-stride16_scan-scalar-warm-l2_miss-98304,stride16-gcc13-scalar,10,stride16_scan,scalar,warm,l2_miss,98304,98304,204238848,132968,250000400,548729820,4,4,0,0,0,0
1,stride16-gcc13-scalar-r10-stride16_scan-scalar-warm-l3_miss-8192,stride16-gcc13-scalar,10,stride16_scan,scalar,warm,l3_miss,8192,8192,262740992,2052664,250000180,548729444,4,4,0,0,0,0
1,stride16-gcc13-scalar-r10-stride16_scan-scalar-warm-l2_miss-8192,stride16-gcc13-scalar,10,stride16_scan,scalar,warm,l2_miss,8192,8192,261036160,2039345,250000280,548729420,4,4,0,0,270815073230,0
1,stride16-gcc13-scalar-r10-stride16_scan-scalar-warm-l2_miss-65536,stride16-gcc13-scalar,10,stride16_scan,scalar,warm,l2_miss,65536,65536,201495552,196773,250001181,548731644,4,4,0,0,2148473802281,0
1,stride16-gcc13-scalar-r10-stride16_scan-scalar-cache_evicted-l3_miss-33554432,stride16-gcc13-scalar,10,stride16_scan,scalar,cache_evicted,l3_miss,33554432,33554432,55050240,105,252021734,553166276,4,4,0,0,1126372191236400,0
1,stride16-gcc13-scalar-r10-stride16_scan-scalar-warm-l1_miss-1048576,stride16-gcc13-scalar,10,stride16_scan,scalar,warm,l1_miss,1048576,1048576,112164864,6846,250017955,548768176,4,4,0,0,0,0
1,stride16-gcc13-scalar-r10-stride16_scan-scalar-warm-l1_miss-28672,stride16-gcc13-scalar,10,stride16_scan,scalar,warm,l1_miss,28672,28672,329043008,734471,250000283,548729396,4,4,0,0,967125146173,0
1,stride16-gcc13-scalar-r10-stride16_scan-scalar-warm-l1_miss-229376,stride16-gcc13-scalar,10,stride16_scan,scalar,warm,l1_miss,229376,229376,170189824,47486,250001050,548730852,4,4,0,0,0,0
1,stride16-gcc13-scalar-r10-stride16_scan-scalar-warm-l1_miss-65536,stride16-gcc13-scalar,10,stride16_scan,scalar,warm,l1_miss,65536,65536,204021760,199240,250001153,548731332,4,4,0,0,0,0
1,stride16-gcc13-scalar-r10-stride16_scan-scalar-warm-l1_miss-262144,stride16-gcc13-scalar,10,stride16_scan,scalar,warm,l1_miss,262144,262144,158191616,38621,250006224,548742712,4,4,0,0,8777083635359,0
1,stride16-gcc13-scalar-r10-stride16_scan-scalar-warm-l3_miss-8388608,stride16-gcc13-scalar,10,stride16_scan,scalar,warm,l3_miss,8388608,8388608,66715648,509,250524491,549879984,4,4,0,0,281869527276860,0
1,stride16-gcc13-scalar-r10-stride16_scan-scalar-cache_evicted-l1_miss-8388608,stride16-gcc13-scalar,10,stride16_scan,scalar,cache_evicted,l1_miss,8388608,8388608,77594624,592,250098978,548945980,4,4,0,0,0,0
1,stride16-gcc13-scalar-r10-stride16_scan-scalar-warm-l3_miss-24576,stride16-gcc13-scalar,10,stride16_scan,scalar,warm,l3_miss,24576,24576,330003456,859384,250000338,548729428,4,4,0,0,0,0
1,stride16-gcc13-scalar-r10-stride16_scan-scalar-warm-l1_miss-134217728,stride16-gcc13-scalar,10,stride16_scan,scalar,warm,l1_miss,134217728,134217728,56623104,27,258527921,567446868,4,4,0,0,4509932741318918,0
1,stride16-gcc13-scalar-r10-stride16_scan-scalar-warm-l2_miss-24576,stride16-gcc13-scalar,10,stride16_scan,scalar,warm,l2_miss,24576,24576,329067264,856946,250000384,548729616,4,4,0,0,0,0
1,stride16-gcc13-scalar-r10-stride16_scan-scalar-warm-l1_miss-196608,stride16-gcc13-scalar,10,stride16_scan,scalar,warm,l1_miss,196608,196608,162686976,52958,250004019,548737612,4,4,0,0,0,0
1,stride16-gcc13-scalar-r10-stride16_scan-scalar-warm-l3_miss-16384,stride16-gcc13-scalar,10,stride16_scan,scalar,warm,l3_miss,16384,16384,311628800,1217300,250000166,548729424,4,4,0,0,0,0
1,stride16-gcc13-scalar-r10-stride16_scan-scalar-warm-l3_miss-6291456,stride16-gcc13-scalar,10,stride16_scan,scalar,warm,l3_miss,6291456,6291456,97320960,990,250183043,549130500,4,4,0,0,0,0
1,stride16-gcc13-scalar-r10-stride16_scan-scalar-warm-l1_miss-294912,stride16-gcc13-scalar,10,stride16_scan,scalar,warm,l1_miss,294912,294912,131014656,28432,250002557,548734540,4,4,0,0,0,0
1,stride16-gcc13-scalar-r10-stride16_scan-scalar-warm-l2_miss-229376,stride16-gcc13-scalar,10,stride16_scan,scalar,warm,l2_miss,229376,229376,171985408,47987,250002684,548734828,4,4,0,0,7640076107138,0
1,stride16-gcc13-scalar-r10-stride16_scan-scalar-warm-l1_miss-131072,stride16-gcc13-scalar,10,stride16_scan,scalar,warm,l1_miss,131072,131072,210094080,102585,250001590,548732300,4,4,0,0,4380150099581,0
1,stride16-gcc13-scalar-r10-stride16_scan-scalar-warm-l1_miss-98304,stride16-gcc13-scalar,10,stride16_scan,scalar,warm,l1_miss,98304,98304,205071360,133510,250001358,548731900,4,4,0,0,0,0
1,stride16-gcc13-scalar-r10-stride16_scan-scalar-warm-l1_miss-12582912,stride16-gcc13-scalar,10,stride16_scan,scalar,warm,l1_miss,12582912,12582912,61734912,314,250717527,550303708,4,4,0,0,0,0
1,stride16-gcc13-scalar-r10-stride16_scan-scalar-warm-l3_miss-4194304,stride16-gcc13-scalar,10,stride16_scan,scalar,warm,l3_miss,4194304,4194304,110231552,1682,250092141,548930752,4,4,0,0,0,0
1,stride16-gcc13-scalar-r10-stride16_scan-scalar-warm-l3_miss-294912,stride16-gcc13-scalar,10,stride16_scan,scalar,warm,l3_miss,294912,294912,134000640,29080,250007775,548746120,4,4,0,0,0,0
1,stride16-gcc13-scalar-r10-stride16_scan-scalar-warm-l2_miss-33554432,stride16-gcc13-scalar,10,stride16_scan,scalar,warm,l2_miss,33554432,33554432,55574528,106,251602817,552246740,4,4,0,0,0,0
1,stride16-gcc13-scalar-r10-stride16_scan-scalar-warm-l3_miss-12582912,stride16-gcc13-scalar,10,stride16_scan,scalar,warm,l3_miss,12582912,12582912,62128128,316,250708200,550283216,4,4,0,0,0,0
1,stride16-gcc13-scalar-r10-stride16_scan-scalar-cache_evicted-l1_miss-262144,stride16-gcc13-scalar,10,stride16_scan,scalar,cache_evicted,l1_miss,262144,262144,171945984,41979,250002028,548733416,4,4,0,0,8838663629917,0
1,stride16-gcc13-scalar-r10-stride16_scan-scalar-cache_evicted-l2_miss-1048576,stride16-gcc13-scalar,10,stride16_scan,scalar,cache_evicted,l2_miss,1048576,1048576,112132096,6844,250001805,548732912,4,4,0,0,0,0
1,stride16-gcc13-scalar-r10-stride16_scan-scalar-warm-l2_miss-6291456,stride16-gcc13-scalar,10,stride16_scan,scalar,warm,l2_miss,6291456,6291456,79134720,805,250165495,549092044,4,4,0,0,211476974873591,0
1,stride16-gcc13-scalar-r10-stride16_scan-scalar-warm-l2_miss-12582912,stride16-gcc13-scalar,10,stride16_scan,scalar,warm,l2_miss,12582912,12582912,61538304,313,250197105,549161388,4,4,0,0,422401364440005,0
1,stride16-gcc13-scalar-r10-stride16_scan-scalar-warm-l2_miss-2097152,stride16-gcc13-scalar,10,stride16_scan,scalar,warm,l2_miss,2097152,2097152,112230400,3425,250072021,548887016,4,4,0,0,70568058639870,0
1,stride16-gcc13-scalar-r10-stride16_scan-scalar-warm-l1_miss-8192,stride16-gcc13-scalar,10,stride16_scan,scalar,warm,l1_miss,8192,8192,261630592,2043989,250000221,548729232,4,4,0,0,270815073230,0
1,stride16-gcc13-scalar-r10-stride16_scan-scalar-cache_evicted-l1_miss-536870912,stride16-gcc13-scalar,10,stride16_scan,scalar,cache_evicted,l1_miss,536870912,536870912,58720256,7,272213782,597486436,4,4,0,0,18016939277018471,0
1,stride16-gcc13-scalar-r11-stride16_scan-scalar-warm-l2_miss-536870912,stride16-gcc13-scalar,11,stride16_scan,scalar,warm,l2_miss,536870912,536870912,58720256,7,275336979,604341588,4,4,0,0,18015072624206041,0
1,stride16-gcc13-scalar-r11-stride16_scan-scalar-warm-l2_miss-12582912,stride16-gcc13-scalar,11,stride16_scan,scalar,warm,l2_miss,12582912,12582912,61734912,314,250331205,549455440,4,4,0,0,0,0
1,stride16-gcc13-scalar-r11-stride16_scan-scalar-warm-l3_miss-8388608,stride16-gcc13-scalar,11,stride16_scan,scalar,warm,l3_miss,8388608,8388608,78512128,599,250090630,548927332,4,4,0,0,280596172516071,0
1,stride16-gcc13-scalar-r11-stride16_scan-scalar-warm-l1_miss-8388608,stride16-gcc13-scalar,11,stride16_scan,scalar,warm,l1_miss,8388608,8388608,78512128,599,250231878,549237568,4,4,0,0,280596172516071,0
1,stride16-gcc13-scalar-r11-stride16_scan-scalar-warm-l2_miss-24576,stride16-gcc13-scalar,11,stride16_scan,scalar,warm,l2_miss,24576,24576,328792704,856231,250000263,548729628,4,4,0,0,850831680961,0
1,stride16-gcc13-scalar-r11-stride16_scan-scalar-warm-l2_miss-16384,stride16-gcc13-scalar,11,stride16_scan,scalar,warm,l2_miss,16384,16384,311164928,1215488,250000269,548729640,4,4,0,0,0,0
1,stride16-gcc13-scalar-r11-stride16_scan-scalar-warm-l1_miss-24576,stride16-gcc13-scalar,11,stride16_scan,scalar,warm,l1_miss,24576,24576,329385984,857776,250000250,548729612,4,4,0,0,0,0
1,stride16-gcc13-scalar-r11-stride16_scan-scalar-warm-l3_miss-196608,stride16-gcc13-scalar,11,stride16_scan,scalar,warm,l3_miss,196608,196608,219912192,71586,250001247,548731816,4,4,0,0,0,0
1,stride16-gcc13-scalar-r11-stride16_scan-scalar-warm-l3_miss-131072,stride16-gcc13-scalar,11,stride16_scan,scalar,warm,l3_miss,131072,131072,212207616,103617,250000223,548729288,4,4,0,0,4424880989324,0
1,stride16-gcc13-scalar-r11-stride16_scan-scalar-warm-l1_miss-524288,stride16-gcc13-scalar,11,stride16_scan,scalar,warm,l1_miss,524288,524288,111845376,13653,250011083,548753404,4,4,0,0,17613855205661,0
1,stride16-gcc13-scalar-r11-stride16_scan-scalar-cache_evicted-l2_miss-8388608,stride16-gcc13-scalar,11,stride16_scan,scalar,cache_evicted,l2_miss,8388608,8388608,72482816,553,250253419,549284976,4,4,0,0,281920154593971,0
1,stride16-gcc13-scalar-r11-stride16_scan-scalar-warm-l2_miss-262144,stride16-gcc13-scalar,11,stride16_scan,scalar,warm,l2_miss,262144,262144,142430208,34773,250003614,548736708,4,4,0,0,8777307081251,0
1,stride16-gcc13-scalar-r11-stride16_scan-scalar-warm-l1_miss-1048576,stride16-gcc13-scalar,11,stride16_scan,scalar,warm,l1_miss,1048576,1048576,112033792,6838,250002736,548734780,4,4,0,0,0,0
1,stride16-gcc13-scalar-r11-stride16_scan-scalar-warm-l3_miss-49152,stride16-gcc13-scalar,11,stride16_scan,scalar,warm,l3_miss,49152,49152,198594048,258586,250001134,548731012,4,4,0,0,0,0
1,stride16-gcc13-scalar-r11-stride16_scan-scalar-warm-l3_miss-98304,stride16-gcc13-scalar,11,stride16_scan,scalar,warm,l3_miss,98304,98304,203867136,132726,250000376,548729628,4,4,0,0,0,0
1,stride16-gcc13-scalar-r11-stride16_scan-scalar-warm-l3_miss-6291456,stride16-gcc13-scalar,11,stride16_scan,scalar,warm,l3_miss,6291456,6291456,77168640,785,250271368,549324260,4,4,0,0,210390630781193,0
1,stride16-gcc13-scalar-r11-stride16_scan-scalar-warm-l3_miss-32768,stride16-gcc13-scalar,11,stride16_scan,scalar,warm,l3_miss,32768,32768,322182656,629263,250000372,548729588,4,4,0,0,1151263133500,0
1,stride16-gcc13-scalar-r11-stride16_scan-scalar-cache_evicted-l3_miss-1048576,stride16-gcc13-scalar,11,stride16_scan,scalar,cache_evicted,l3_miss,1048576,1048576,111919104,6831,250009183,548748928,4,4,0,0,35300808756989,0
1,stride16-gcc13-scalar-r11-stride16_scan-scalar-warm-l2_miss-4194304,stride16-gcc13-scalar,11,stride16_scan,scalar,warm,l2_miss,4194304,4194304,107151360,1635,250091647,548929892,4,4,0,0,140566917989895,0
1,stride16-gcc13-scalar-r11-stride16_scan-scalar-warm-l2_miss-98304,stride16-gcc13-scalar,11,stride16_scan,scalar,warm,l2_miss,98304,98304,205962240,134090,250000952,548730888,4,4,0,0,0,0
1,stride16-gcc13-scalar-r11-stride16_scan-scalar-warm-l2_miss-65536,stride16-gcc13-scalar,11,stride16_scan,scalar,warm,l2_miss,65536,65536,201558016,196834,250001442,548731952,4,4,0,0,0,0
1,stride16-gcc13-scalar-r11-stride16_scan-scalar-warm-l3_miss-134217728,stride16-gcc13-scalar,11,stride16_scan,scalar,warm,l3_miss,134217728,134217728,50331648,24,259536801,569661228,4,4,0,0,0,0
1,stride16-gcc13-scalar-r11-stride16_scan-scalar-warm-l2_miss-6291456,stride16-gcc13-scalar,11,stride16_scan,scalar,warm,l2_miss,6291456,6291456,67633152,688,250124698,549002472,4,4,0,0,0,0
1,stride16-gcc13-scalar-r11-stride16_scan-scalar-warm-l3_miss-12582912,stride16-gcc13-scalar,11,stride16_scan,scalar,warm,l3_miss,12582912,12582912,57606144,293,250453215,549723064,4,4,0,0,421857947603241,0
1,stride16-gcc13-scalar-r11-stride16_scan-scalar-warm-l2_miss-393216,stride16-gcc13-scalar,11,stride16_scan,scalar,warm,l2_miss,393216,393216,116588544,18976,250004502,548738636,4,4,0,0,0,0
1,stride16-gcc13-scalar-r11-stride16_scan-scalar-warm-l1_miss-393216,stride16-gcc13-scalar,11,stride16_scan,scalar,warm,l1_miss,393216,393216,111476736,18144,250000577,548730048,4,4,0,0,0,0
1,stride16-gcc13-scalar-r11-stride16_scan-scalar-warm-l3_miss-536870912,stride16-gcc13-scalar,11,stride16_scan,scalar,warm,l3_miss,536870912,536870912,58720256,7,274193446,601831396,4,4,0,0,18015072624206041,0
1,stride16-gcc13-scalar-r11-stride16_scan-scalar-warm-l3_miss-7340032,stride16-gcc13-scalar,11,stride16_scan,scalar,warm,l3_miss,7340032,7340032,62275584,543,250410959,549630732,4,4,0,0,245429165593765,0
1,stride16-gcc13-scalar-r11-stride16_scan-scalar-warm-l3_miss-262144,stride16-gcc13-scalar,11,stride16_scan,scalar,warm,l3_miss,262144,262144,128622592,31402,250001400,548731860,4,4,0,0,0,0
1,stride16-gcc13-scalar-r11-stride16_scan-scalar-warm-l1_miss-6291456,stride16-gcc13-scalar,11,stride16_scan,scalar,warm,l1_miss,6291456,6291456,68124672,693,250243396,549263020,4,4,0,0,210390630781193,0
1,stride16-gcc13-scalar-r11-stride16_scan-scalar-warm-l2_miss-294912,stride16-gcc13-scalar,11,stride16_scan,scalar,warm,l2_miss,294912,294912,132585984,28773,250005092,548739956,4,4,0,0,9884066724869,0
1,stride16-gcc13-scalar-r11-stride16_scan-scalar-cache_evicted-l1_miss-6291456,stride16-gcc13-scalar,11,stride16_scan,scalar,cache_evicted,l1_miss,6291456,6291456,91029504,926,250012717,548756680,4,4,0,0,0,0
1,stride16-gcc13-scalar-r11-stride16_scan-scalar-warm-l3_miss-1048576,stride16-gcc13-scalar,11,stride16_scan,scalar,warm,l3_miss,1048576,1048576,112132096,6844,250004105,548737808,4,4,0,0,0,0
1,stride16-gcc13-scalar-r11-stride16_scan-scalar-warm-l2_miss-8388608,stride16-gcc13-scalar,11,stride16_scan,scalar,warm,l2_miss,8388608,8388608,76414976,583,250429119,549670608,4,4,0,0,280596172516071,0
1,stride16-gcc13-scalar-r11-stride16_scan-scalar-warm-l3_miss-2097152,stride16-gcc13-scalar,11,stride16_scan,scalar,warm,l3_miss,2097152,2097152,112263168,3426,250026299,548786496,4,4,0,0,0,0
1,stride16-gcc13-scalar-r11-stride16_scan-scalar-warm-l2_miss-524288,stride16-gcc13-scalar,11,stride16_scan,scalar,warm,l2_miss,524288,524288,111886336,13658,250001737,548732876,4,4,0,0,0,0
1,stride16-gcc13-scalar-r11-stride16_scan-scalar-warm-l1_miss-294912,stride16-gcc13-scalar,11,stride16_scan,scalar,warm,l1_miss,294912,294912,139147776,30197,250001838,548732804,4,4,0,0,9884066724869,0
1,stride16-gcc13-scalar-r11-stride16_scan-scalar-warm-l3_miss-8192,stride16-gcc13-scalar,11,stride16_scan,scalar,warm,l3_miss,8192,8192,261394944,2042148,250000119,548729312,4,4,0,0,0,0
1,stride16-gcc13-scalar-r11-stride16_scan-scalar-warm-l1_miss-65536,stride16-gcc13-scalar,11,stride16_scan,scalar,warm,l1_miss,65536,65536,204292096,199504,250000336,548729528,4,4,0,0,0,0
1,stride16-gcc13-scalar-r11-stride16_scan-scalar-warm-l3_miss-33554432,stride16-gcc13-scalar,11,stride16_scan,scalar,warm,l3_miss,33554432,33554432,52953088,101,250380620,549564224,4,4,0,0,1126298295393834,0
1,stride16-gcc13-scalar-r11-stride16_scan-scalar-warm-l2_miss-196608,stride16-gcc13-scalar,11,stride16_scan,scalar,warm,l2_miss,196608,196608,181146624,58967,250003193,548735964,4,4,0,0,6615218494363,0
1,stride16-gcc13-scalar-r11-stride16_scan-scalar-warm-l2_miss-1048576,stride16-gcc13-scalar,11,stride16_scan,scalar,warm,l2_miss,1048576,1048576,112164864,6846,250004593,548738860,4,4,0,0,0,0
1,stride16-gcc13-scalar-r11-stride16_scan-scalar-cache_evicted-l3_miss-32768,stride16-gcc13-scalar,11,stride16_scan,scalar,cache_evicted,l3_miss,32768,32768,317803520,620710,250000331,548729800,4,4,0,0,0,0
1,stride16-gcc13-scalar-r11-stride16_scan-scalar-warm-l1_miss-33554432,stride16-gcc13-scalar,11,stride16_scan,scalar,warm,l1_miss,33554432,33554432,54525952,104,251977373,553068924,4,4,0,0,0,0
1,stride16-gcc13-scalar-r11-stride16_scan-scalar-warm-l2_miss-49152,stride16-gcc13-scalar,11,stride16_scan,scalar,warm,l2_miss,49152,49152,199190784,259363,250000650,548730352,4,4,0,0,1696485973063,0
1,stride16-gcc13-scalar-r11-stride16_scan-scalar-warm-l1_miss-196608,stride16-gcc13-scalar,11,stride16_scan,scalar,warm,l1_miss,196608,196608,184783872,60151,250000307,548729476,4,4,0,0,6615218494363,0
1,stride16-gcc13-scalar-r11-stride16_scan-scalar-warm-l1_miss-12582912,stride16-gcc13-scalar,11,stride16_scan,scalar,warm,l1_miss,12582912,12582912,61145088,311,250320619,549432508,4,4,0,0,421857947603241,0
1,stride16-gcc13-scalar-r11-stride16_scan-scalar-cache_evicted-l1_miss-536870912,stride16-gcc13-scalar,11,stride16_scan,scalar,cache_evicted,l1_miss,536870912,536870912,58720256,7,270171738,593004056,4,4,0,0,18013514324465523,0
1,stride16-gcc13-scalar-r11-stride16_scan-scalar-warm-l2_miss-134217728,stride16-gcc13-scalar,11,stride16_scan,scalar,warm,l2_miss,134217728,134217728,56623104,27,258508284,567403740,4,4,0,0,4501907660602659,0
1,stride16-gcc13-scalar-r11-stride16_scan-scalar-warm-l3_miss-4194304,stride16-gcc13-scalar,11,stride16_scan,scalar,warm,l3_miss,4194304,4194304,111607808,1703,250073370,548889832,4,4,0,0,140566917989895,0
1,stride16-gcc13-scalar-r11-stride16_scan-scalar-cache_evicted-l2_miss-536870912,stride16-gcc13-scalar,11,stride16_scan,scalar,cache_evicted,l2_miss,536870912,536870912,58720256,7,270678746,594117160,4,4,0,0,18013514324465523,0
1,stride16-gcc13-scalar-r11-stride16_scan-scalar-warm-l2_miss-229376,stride16-gcc13-scalar,11,stride16_scan,scalar,warm,l2_miss,229376,229376,226218496,63119,250002333,548733912,4,4,0,0,7703407302489,0
1,stride16-gcc13-scalar-r11-stride16_scan-scalar-warm-l1_miss-32768,stride16-gcc13-scalar,11,stride16_scan,scalar,warm,l1_miss,32768,32768,317481472,620081,250000423,548729972,4,4,0,0,1151263133500,0
1,stride16-gcc13-scalar-r11-stride16_scan-scalar-warm-l2_miss-8192,stride16-gcc13-scalar,11,stride16_scan,scalar,warm,l2_miss,8192,8192,262156672,2048099,250000174,548729268,4,4,0,0,281604516461,0
1,stride16-gcc13-scalar-r11-stride16_scan-scalar-warm-l2_miss-36864,stride16-gcc13-scalar,11,stride16_scan,scalar,warm,l2_miss,36864,36864,194973120,338495,250000631,548730416,4,4,0,0,1284970522233,0
1,stride16-gcc13-scalar-r11-stride16_scan-scalar-warm-l1_miss-28672,stride16-gcc13-scalar,11,stride16_scan,scalar,warm,l1_miss,28672,28672,327506368,731041,250000270,548729364,4,4,0,0,997874973925,0
1,stride16-gcc13-scalar-r11-stride16_scan-scalar-warm-l3_miss-5242880,stride16-gcc13-scalar,11,stride16_scan,scalar,warm,l3_miss,5242880,5242880,102891520,1256,250146896,549051228,4,4,0,0,0,0
1,stride16-gcc13-scalar-r11-stride16_scan-scalar-warm-l3_miss-393216,stride16-gcc13-scalar,11,stride16_scan,scalar,warm,l3_miss,393216,393216,111618048,18167,250013241,548757840,4,4,0,0,13238373763265,0
1,stride16-gcc13-scalar-r11-stride16_scan-scalar-warm-l1_miss-536870912,stride16-gcc13-scalar,11,stride16_scan,scalar,warm,l1_miss,536870912,536870912,58720256,7,270323591,593337644,4,4,0,0,18015072624206041,0
1,stride16-gcc13-scalar-r11-stride16_scan-scalar-warm-l2_miss-28672,stride16-gcc13-scalar,11,stride16_scan,scalar,warm,l2_miss,28672,28672,320203968,714741,250000319,548729752,4,4,0,0,997874973925,0
1,stride16-gcc13-scalar-r11-stride16_scan-scalar-cache_evicted-l3_miss-33554432,stride16-gcc13-scalar,11,stride16_scan,scalar,cache_evicted,l3_miss,33554432,33554432,55574528,106,251547571,552125568,4,4,0,0,0,0
1,stride16-gcc13-scalar-r11-stride16_scan-scalar-warm-l1_miss-134217728,stride16-gcc13-scalar,11,stride16_scan,scalar,warm,l1_miss,134217728,134217728,56623104,27,259604552,569809964,4,4,0,0,4501907660602659,0
1,stride16-gcc13-scalar-r11-stride16_scan-scalar-cache_evicted-l1_miss-1048576,stride16-gcc13-scalar,11,stride16_scan,scalar,cache_evicted,l1_miss,1048576,1048576,112066560,6840,250011432,548753876,4,4,0,0,0,0
1,stride16-gcc13-scalar-r11-stride16_scan-scalar-warm-l1_miss-16384,stride16-gcc13-scalar,11,stride16_scan,scalar,warm,l1_miss,16384,16384,312021760,1218835,250000151,548729408,4,4,0,0,565742010587,0
1,stride16-gcc13-scalar-r11-stride16_scan-scalar-cache_evicted-l1_miss-33554432,stride16-gcc13-scalar,11,stride16_scan,scalar,cache_evicted,l1_miss,33554432,33554432,55574528,106,252069212,553270504,4,4,0,0,0,0
1,stride16-gcc13-scalar-r11-stride16_scan-scalar-warm-l2_miss-32768,stride16-gcc13-scalar,11,stride16_scan,scalar,warm,l2_miss,32768,32768,322597888,630074,250000216,548729524,4,4,0,0,0,0
1,stride16-gcc13-scalar-r11-stride16_scan-scalar-warm-l1_miss-229376,stride16-gcc13-scalar,11,stride16_scan,scalar,warm,l1_miss,229376,229376,168677376,47064,250005366,548740856,4,4,0,0,0,0
1,stride16-gcc13-scalar-r11-stride16_scan-scalar-warm-l1_miss-131072,stride16-gcc13-scalar,11,stride16_scan,scalar,warm,l1_miss,131072,131072,210391040,102730,250000587,548730364,4,4,0,0,0,0
1,stride16-gcc13-scalar-r11-stride16_scan-scalar-warm-l3_miss-36864,stride16-gcc13-scalar,11,stride16_scan,scalar,warm,l3_miss,36864,36864,195100416,338716,250000245,548729316,4,4,0,0,0,0
1,stride16-gcc13-scalar-r11-stride16_scan-scalar-cache_evicted-l2_miss-32768,stride16-gcc13-scalar,11,stride16_scan,scalar,cache_evicted,l2_miss,32768,32768,322243584,629382,250000294,548729708,4,4,0,0,0,0
1,stride16-gcc13-scalar-r11-stride16_scan-scalar-warm-l1_miss-7340032,stride16-gcc13-scalar,11,stride16_scan,scalar,warm,l1_miss,7340032,7340032,74088448,646,250203043,549174440,4,4,0,0,0,0
1,stride16-gcc13-scalar-r11-stride16_scan-scalar-cache_evicted-l3_miss-536870912,stride16-gcc13-scalar,11,stride16_scan,scalar,cache_evicted,l3_miss,536870912,536870912,58720256,7,270295812,593276336,4,4,0,0,18013514324465523,0
1,stride16-gcc13-scalar-r11-stride16_scan-scalar-warm-l3_miss-65536,stride16-gcc13-scalar,11,stride16_scan,scalar,warm,l3_miss,65536,65536,202958848,198202,250000370,548729864,4,4,0,0,0,0
1,stride16-gcc13-scalar-r11-stride16_scan-scalar-cache_evicted-l2_miss-33554432,stride16-gcc13-scalar,11,stride16_scan,scalar,cache_evicted,l2_miss,33554432,33554432,54525952,104,251771612,552617300,4,4,0,0,0,0
1,stride16-gcc13-scalar-r11-stride16_scan-scalar-warm-l1_miss-8192,stride16-gcc13-scalar,11,stride16_scan,scalar,warm,l1_miss,8192,8192,262753408,2052761,250000210,548729336,4,4,0,0,281604516461,0
1,stride16-gcc13-scalar-r11-stride16_scan-scalar-warm-l1_miss-5242880,stride16-gcc13-scalar,11,stride16_scan,scalar,warm,l1_miss,5242880,5242880,84049920,1026,250140784,549037788,4,4,0,0,0,0
1,stride16-gcc13-scalar-r11-stride16_scan-scalar-warm-l1_miss-2097152,stride16-gcc13-scalar,11,stride16_scan,scalar,warm,l1_miss,2097152,2097152,112263168,3426,250003591,548736632,4,4,0,0,0,0
1,stride16-gcc13-scalar-r11-stride16_scan-scalar-warm-l2_miss-7340032,stride16-gcc13-scalar,11,stride16_scan,scalar,warm,l2_miss,7340032,7340032,80166912,699,250185857,549136720,4,4,0,0,245429165593765,0
1,stride16-gcc13-scalar-r11-stride16_scan-scalar-warm-l1_miss-98304,stride16-gcc13-scalar,11,stride16_scan,scalar,warm,l1_miss,98304,98304,204200448,132943,250001384,548732000,4,4,0,0,3326880975683,0
1,stride16-gcc13-scalar-r11-stride16_scan-scalar-cache_evicted-l1_miss-32768,stride16-gcc13-scalar,11,stride16_scan,scalar,cache_evicted,l1_miss,32768,32768,321224192,627391,250000084,548729236,4,4,0,0,1075575481143,0
1,stride16-gcc13-scalar-r11-stride16_scan-scalar-warm-l3_miss-16384,stride16-gcc13-scalar,11,stride16_scan,scalar,warm,l3_miss,16384,16384,303812352,1186767,250000225,548729536,4,4,0,0,565742010587,0
1,stride16-gcc13-scalar-r11-stride16_scan-scalar-warm-l2_miss-33554432,stride16-gcc13-scalar,11,stride16_scan,scalar,warm,l2_miss,33554432,33554432,54525952,104,251517950,552060540,4,4,0,0,0,0
1,stride16-gcc13-scalar-r11-stride16_scan-scalar-cache_evicted-l2_miss-6291456,stride16-gcc13-scalar,11,stride16_scan,scalar,cache_evicted,l2_miss,6291456,6291456,92897280,945,250092319,548931424,4,4,0,0,211786463202622,0
1,stride16-gcc13-scalar-r11-stride16_scan-scalar-warm-l2_miss-5242880,stride16-gcc13-scalar,11,stride16_scan,scalar,warm,l2_miss,5242880,5242880,99778560,1218,250150782,549059728,4,4,0,0,0,0
1,stride16-gcc13-scalar-r11-stride16_scan-scalar-cache_evicted-l2_miss-1048576,stride16-gcc13-scalar,11,stride16_scan,scalar,cache_evicted,l2_miss,1048576,1048576,112099328,6842,250027777,548789712,4,4,0,0,0,0
1,stride16-gcc13-scalar-r11-stride16_scan-scalar-warm-l3_miss-294912,stride16-gcc13-scalar,11,stride16_scan,scalar,warm,l3_miss,294912,294912,145368576,31547,250001679,548732748,4,4,0,0,9884066724869,0
1,stride16-gcc13-scalar-r11-stride16_scan-scalar-warm-l1_miss-262144,stride16-gcc13-scalar,11,stride16_scan,scalar,warm,l1_miss,262144,262144,171614208,41898,250001043,548731332,4,4,0,0,0,0
1,stride16-gcc13-scalar-r11-stride16_scan-scalar-cache_evicted-l1_miss-262144,stride16-gcc13-scalar,11,stride16_scan,scalar,cache_evicted,l1_miss,262144,262144,139309056,34011,250004787,548739532,4,4,0,0,8796323103689,0
1,stride16-gcc13-scalar-r11-stride16_scan-scalar-warm-l3_miss-28672,stride16-gcc13-scalar,11,stride16_scan,scalar,warm,l3_miss,28672,28672,329371392,735204,250000400,548729952,4,4,0,0,0,0
1,stride16-gcc13-scalar-r11-stride16_scan-scalar-cache_evicted-l1_miss-8388608,stride16-gcc13-scalar,11,stride16_scan,scalar,cache_evicted,l1_miss,8388608,8388608,74842112,571,250017383,548766864,4,4,0,0,281920154593971,0
1,stride16-gcc13-scalar-r11-stride16_scan-scalar-cache_evicted-l3_miss-262144,stride16-gcc13-scalar,11,stride16_scan,scalar,cache_evicted,l3_miss,262144,262144,154030080,37605,250001061,548731116,4,4,0,0,8796323103689,0
1,stride16-gcc13-scalar-r11-stride16_scan-scalar-warm-l3_miss-524288,stride16-gcc13-scalar,11,stride16_scan,scalar,warm,l3_miss,524288,524288,111845376,13653,250012196,548755720,4,4,0,0,17613855205661,0
1,stride16-gcc13-scalar-r11-stride16_scan-scalar-cache_evicted-l3_miss-8388608,stride16-gcc13-scalar,11,stride16_scan,scalar,cache_evicted,l3_miss,8388608,8388608,68419584,522,250073486,548890044,4,4,0,0,0,0
1,stride16-gcc13-scalar-r11-stride16_scan-scalar-warm-l2_miss-2097152,stride16-gcc13-scalar,11,stride16_scan,scalar,warm,l2_miss,2097152,2097152,112230400,3425,250012460,548756400,4,4,0,0,70279418302615,0
1,stride16-gcc13-scalar-r11-stride16_scan-scalar-warm-l3_miss-24576,stride16-gcc13-scalar,11,stride16_scan,scalar,warm,l3_miss,24576,24576,326141568,849327,250000143,548729364,4,4,0,0,850831680961,0
1,stride16-gcc13-scalar-r11-stride16_scan-scalar-warm-l1_miss-49152,stride16-gcc13-scalar,11,stride16_scan,scalar,warm,l1_miss,49152,49152,200994048,261711,250000998,548730968,4,4,0,0,1696485973063,0
1,stride16-gcc13-scalar-r11-stride16_scan-scalar-cache_evicted-l2_miss-262144,stride16-gcc13-scalar,11,stride16_scan,scalar,cache_evicted,l2_miss,262144,262144,150040576,36631,250002493,548734248,4,4,0,0,8796323103689,0
1,stride16-gcc13-scalar-r11-stride16_scan-scalar-warm-l3_miss-229376,stride16-gcc13-scalar,11,stride16_scan,scalar,warm,l3_miss,229376,229376,159373312,44468,250004108,548737792,4,4,0,0,0,0
1,stride16-gcc13-scalar-r11-stride16_scan-scalar-warm-l2_miss-131072,stride16-gcc13-scalar,11,stride16_scan,scalar,warm,l2_miss,131072,131072,211066880,103060,250001005,548731284,4,4,0,0,0,0
1,stride16-gcc13-scalar-r11-stride16_scan-scalar-warm-l1_miss-36864,stride16-gcc13-scalar,11,stride16_scan,scalar,warm,l1_miss,36864,36864,197735040,343290,250000761,548730452,4,4,0,0,0,0
1,stride16-gcc13-scalar-r11-stride16_scan-scalar-cache_evicted-l3_miss-6291456,stride16-gcc13-scalar,11,stride16_scan,scalar,cache_evicted,l3_miss,6291456,6291456,81690624,831,250248276,549273700,4,4,0,0,211786463202622,0
1,stride16-gcc13-scalar-r11-stride16_scan-scalar-warm-l1_miss-4194304,stride16-gcc13-scalar,11,stride16_scan,scalar,warm,l1_miss,4194304,4194304,103546880,1580,250110242,548970748,4,4,0,0,0,0
1,stride16-gcc13-scalar-r12-stride16_scan-scalar-warm-l3_miss-8192,stride16-gcc13-scalar,12,stride16_scan,scalar,warm,l3_miss,8192,8192,262362496,2049707,250000136,548729348,4,4,0,0,275067138950,0
1,stride16-gcc13-scalar-r12-stride16_scan-scalar-warm-l1_miss-5242880,stride16-gcc13-scalar,12,stride16_scan,scalar,warm,l1_miss,5242880,5242880,99778560,1218,250159378,549078588,4,4,0,0,0,0
1,stride16-gcc13-scalar-r12-stride16_scan-scalar-warm-l3_miss-65536,stride16-gcc13-scalar,12,stride16_scan,scalar,warm,l3_miss,65536,65536,201170944,196456,250000591,548730092,4,4,0,0,0,0
1,stride16-gcc13-scalar-r12-stride16_scan-scalar-warm-l3_miss-4194304,stride16-gcc13-scalar,12,stride16_scan,scalar,warm,l3_miss,4194304,4194304,103415808,1578,250135915,549027088,4,4,0,0,0,0
1,stride16-gcc13-scalar-r12-stride16_scan-scalar-warm-l1_miss-12582912,stride16-gcc13-scalar,12,stride16_scan,scalar,warm,l1_miss,12582912,12582912,61145088,311,250398640,549603732,4,4,0,0,422604682959386,0
1,stride16-gcc13-scalar-r12-stride16_scan-scalar-warm-l2_miss-65536,stride16-gcc13-scalar,12,stride16_scan,scalar,warm,l2_miss,65536,65536,202674176,197924,250000995,548731224,4,4,0,0,0,0
1,stride16-gcc13-scalar-r12-stride16_scan-scalar-warm-l1_miss-7340032,stride16-gcc13-scalar,12,stride16_scan,scalar,warm,l1_miss,7340032,7340032,69615616,607,250278907,549340948,4,4,0,0,246302404644972,0
1,stride16-gcc13-scalar-r12-stride16_scan-scalar-warm-l2_miss-229376,stride16-gcc13-scalar,12,stride16_scan,scalar,warm,l2_miss,229376,229376,172687872,48183,250000974,548730908,4,4,0,0,7762516995010,0
1,stride16-gcc13-scalar-r12-stride16_scan-scalar-warm-l3_miss-2097152,stride16-gcc13-scalar,12,stride16_scan,scalar,warm,l3_miss,2097152,2097152,112001024,3418,250061960,548864928,4,4,0,0,0,0
1,stride16-gcc13-scalar-r12-stride16_scan-scalar-warm-l1_miss-6291456,stride16-gcc13-scalar,12,stride16_scan,scalar,warm,l1_miss,6291456,6291456,89554944,911,250049462,548837336,4,4,0,0,211273907337795,0
1,stride16-gcc13-scalar-r12-stride16_scan-scalar-cache_evicted-l1_miss-8388608,stride16-gcc13-scalar,12,stride16_scan,scalar,cache_evicted,l1_miss,8388608,8388608,74711040,570,250168154,549097864,4,4,0,0,0,0
1,stride16-gcc13-scalar-r12-stride16_scan-scalar-warm-l3_miss-33554432,stride16-gcc13-scalar,12,stride16_scan,scalar,warm,l3_miss,33554432,33554432,54525952,104,252208140,553575440,4,4,0,0,0,0
1,stride16-gcc13-scalar-r12-stride16_scan-scalar-warm-l1_miss-24576,stride16-gcc13-scalar,12,stride16_scan,scalar,warm,l1_miss,24576,24576,328605312,855743,250000365,548729860,4,4,0,0,855155596495,0
1,stride16-gcc13-scalar-r12-stride16_scan-scalar-warm-l3_miss-393216,stride16-gcc13-scalar,12,stride16_scan,scalar,warm,l3_miss,393216,393216,111857664,18206,250007910,548746412,4,4,0,0,0,0
1,stride16-gcc13-scalar-r12-stride16_scan-scalar-warm-l3_miss-8388608,stride16-gcc13-scalar,12,stride16_scan,scalar,warm,l3_miss,8388608,8388608,73400320,560,250160860,549081836,4,4,0,0,0,0
1,stride16-gcc13-scalar-r12-stride16_scan-scalar-warm-l1_miss-8388608,stride16-gcc13-scalar,12,stride16_scan,scalar,warm,l1_miss,8388608,8388608,70647808,539,250312883,549415532,4,4,0,0,281456099397066,0
1,stride16-gcc13-scalar-r12-stride16_scan-scalar-warm-l1_miss-131072,stride16-gcc13-scalar,12,stride16_scan,scalar,warm,l1_miss,131072,131072,210143232,102609,250001396,548731276,4,4,0,0,4489240574230,0
1,stride16-gcc13-scalar-r12-stride16_scan-scalar-warm-l3_miss-5242880,stride16-gcc13-scalar,12,stride16_scan,scalar,warm,l3_miss,5242880,5242880,97484800,1190,250137686,549030976,4,4,0,0,0,0
1,stride16-gcc13-scalar-r12-stride16_scan-scalar-cache_evicted-l2_miss-6291456,stride16-gcc13-scalar,12,stride16_scan,scalar,cache_evicted,l2_miss,6291456,6291456,88768512,903,250099773,548947764,4,4,0,0,211096650427438,0
1,stride16-gcc13-scalar-r12-stride16_scan-scalar-warm-l2_miss-536870912,stride16-gcc13-scalar,12,stride16_scan,scalar,warm,l2_miss,536870912,536870912,58720256,7,270193793,593052476,4,4,0,0,18017708407915279,0
1,stride16-gcc13-scalar-r12-stride16_scan-scalar-warm-l3_miss-36864,stride16-gcc13-scalar,12,stride16_scan,scalar,warm,l3_miss,36864,36864,197990784,343734,250000682,548730276,4,4,0,0,0,0
1,stride16-gcc13-scalar-r12-stride16_scan-scalar-warm-l1_miss-229376,stride16-gcc13-scalar,12,stride16_scan,scalar,warm,l1_miss,229376,229376,150477824,41986,250005558,548740916,4,4,0,0,0,0
1,stride16-gcc13-scalar-r12-stride16_scan-scalar-warm-l3_miss-1048576,stride16-gcc13-scalar,12,stride16_scan,scalar,warm,l3_miss,1048576,1048576,112164864,6846,250020854,548774556,4,4,0,0,0,0
1,stride16-gcc13-scalar-r12-stride16_scan-scalar-warm-l2_miss-5242880,stride16-gcc13-scalar,12,stride16_scan,scalar,warm,l2_miss,5242880,5242880,105349120,1286,250125876,549005140,4,4,0,0,0,0
1,stride16-gcc13-scalar-r12-stride16_scan-scalar-cache_evicted-l1_miss-33554432,stride16-gcc13-scalar,12,stride16_scan,scalar,cache_evicted,l1_miss,33554432,33554432,55050240,105,251771208,552616400,4,4,0,0,1125011427847033,0
1,stride16-gcc13-scalar-r12-stride16_scan-scalar-warm-l1_miss-196608,stride16-gcc13-scalar,12,stride16_scan,scalar,warm,l1_miss,196608,196608,223125504,72632,250002226,548733652,4,4,0,0,0,0
1,stride16-gcc13-scalar-r12-stride16_scan-scalar-cache_evicted-l1_miss-262144,stride16-gcc13-scalar,12,stride16_scan,scalar,cache_evicted,l1_miss,262144,262144,152195072,37157,250004127,548737868,4,4,0,0,8878130762476,0
1,stride16-gcc13-scalar-r12-stride16_scan-scalar-warm-l2_miss-12582912,stride16-gcc13-scalar,12,stride16_scan,scalar,warm,l2_miss,12582912,12582912,61538304,313,250425526,549662788,4,4,0,0,422604682959386,0
1,stride16-gcc13-scalar-r12-stride16_scan-scalar-warm-l3_miss-131072,stride16-gcc13-scalar,12,stride16_scan,scalar,warm,l3_miss,131072,131072,212146176,103587,250001943,548733024,4,4,0,0,4489240574230,0
1,stride16-gcc13-scalar-r12-stride16_scan-scalar-warm-l1_miss-16384,stride16-gcc13-scalar,12,stride16_scan,scalar,warm,l1_miss,16384,16384,308118784,1203589,250000391,548729640,4,4,0,0,572695497691,0
1,stride16-gcc13-scalar-r12-stride16_scan-scalar-warm-l3_miss-196608,stride16-gcc13-scalar,12,stride16_scan,scalar,warm,l3_miss,196608,196608,186648576,60758,250003290,548736000,4,4,0,0,0,0
1,stride16-gcc13-scalar-r12-stride16_scan-scalar-cache_evicted-l3_miss-6291456,stride16-gcc13-scalar,12,stride16_scan,scalar,cache_evicted,l3_miss,6291456,6291456,95256576,969,250085710,548916360,4,4,0,0,211096650427438,0
1,stride16-gcc13-scalar-r12-stride16_scan-scalar-warm-l1_miss-134217728,stride16-gcc13-scalar,12,stride16_scan,scalar,warm,l1_miss,134217728,134217728,56623104,27,258721896,567872584,4,4,0,0,4506029875336677,0
1,stride16-gcc13-scalar-r12-stride16_scan-scalar-cache_evicted-l2_miss-536870912,stride16-gcc13-scalar,12,stride16_scan,scalar,cache_evicted,l2_miss,536870912,536870912,58720256,7,270516165,593760328,4,4,0,0,18016279978240223,0
1,stride16-gcc13-scalar-r12-stride16_scan-scalar-warm-l2_miss-393216,stride16-gcc13-scalar,12,stride16_scan,scalar,warm,l2_miss,393216,393216,111648768,18172,250010778,548751952,4,4,0,0,0,0
1,stride16-gcc13-scalar-r12-stride16_scan-scalar-warm-l3_miss-7340032,stride16-gcc13-scalar,12,stride16_scan,scalar,warm,l3_miss,7340032,7340032,82345984,718,250206837,549182744,4,4,0,0,0,0
1,stride16-gcc13-scalar-r12-stride16_scan-scalar-warm-l2_miss-36864,stride16-gcc13-scalar,12,stride16_scan,scalar,warm,l2_miss,36864,36864,195609600,339600,250000106,548729292,4,4,0,0,0,0
1,stride16-gcc13-scalar-r12-stride16_scan-scalar-warm-l2_miss-49152,stride16-gcc13-scalar,12,stride16_scan,scalar,warm,l2_miss,49152,49152,202356480,263485,250000646,548730468,4,4,0,0,1688314077632,0
1,stride16-gcc13-scalar-r12-stride16_scan-scalar-warm-l3_miss-28672,stride16-gcc13-scalar,12,stride16_scan,scalar,warm,l3_miss,28672,28672,322354368,719541,250000460,548729920,4,4,0,0,998284007114,0
1,stride16-gcc13-scalar-r12-stride16_scan-scalar-warm-l3_miss-262144,stride16-gcc13-scalar,12,stride16_scan,scalar,warm,l3_miss,262144,262144,147378176,35981,250000350,548729672,4,4,0,0,8899351495649,0
1,stride16-gcc13-scalar-r12-stride16_scan-scalar-warm-l2_miss-24576,stride16-gcc13-scalar,12,stride16_scan,scalar,warm,l2_miss,24576,24576,327864192,853813,250000240,548729588,4,4,0,0,855155596495,0
1,stride16-gcc13-scalar-r12-stride16_scan-scalar-warm-l3_miss-49152,stride16-gcc13-scalar,12,stride16_scan,scalar,warm,l3_miss,49152,49152,202487040,263655,250000735,548730552,4,4,0,0,1688314077632,0
1,stride16-gcc13-scalar-r12-stride16_scan-scalar-warm-l2_miss-33554432,stride16-gcc13-scalar,12,stride16_scan,scalar,warm,l2_miss,33554432,33554432,53477376,102,252288472,553751800,4,4,0,0,0,0
1,stride16-gcc13-scalar-r12-stride16_scan-scalar-warm-l1_miss-36864,stride16-gcc13-scalar,12,stride16_scan,scalar,warm,l1_miss,36864,36864,195080256,338681,250000361,548729596,4,4,0,0,1268033233525,0
1,stride16-gcc13-scalar-r12-stride16_scan-scalar-warm-l2_miss-134217728,stride16-gcc13-scalar,12,stride16_scan,scalar,warm,l2_miss,134217728,134217728,54525952,26,250079316,548902884,4,4,0,0,0,0
1,stride16-gcc13-scalar-r12-stride16_scan-scalar-warm-l1_miss-294912,stride16-gcc13-scalar,12,stride16_scan,scalar,warm,l1_miss,294912,294912,131092992,28449,250007430,548745112,4,4,0,0,10012851707135,0
1,stride16-gcc13-scalar-r12-stride16_scan-scalar-warm-l3_miss-536870912,stride16-gcc13-scalar,12,stride16_scan,scalar,warm,l3_miss,536870912,536870912,58720256,7,269956597,592532104,4,4,0,0,18017708407915279,0
1,stride16-gcc13-scalar-r12-stride16_scan-scalar-warm-l2_miss-1048576,stride16-gcc13-scalar,12,stride16_scan,scalar,warm,l2_miss,1048576,1048576,112132096,6844,250031682,548798340,4,4,0,0,0,0
1,stride16-gcc13-scalar-r12-stride16_scan-scalar-cache_evicted-l3_miss-8388608,stride16-gcc13-scalar,12,stride16_scan,scalar,cache_evicted,l3_miss,8388608,8388608,74711040,570,250231570,549237048,4,4,0,0,0,0
1,stride16-gcc13-scalar-r12-stride16_scan-scalar-cache_evicted-l1_miss-6291456,stride16-gcc13-scalar,12,stride16_scan,scalar,cache_evicted,l1_miss,6291456,6291456,100270080,1020,250164241,549089264,4,4,0,0,0,0
1,stride16-gcc13-scalar-r12-stride16_scan-scalar-warm-l3_miss-524288,stride16-gcc13-scalar,12,stride16_scan,scalar,warm,l3_miss,524288,524288,111878144,13657,250009289,548749452,4,4,0,0,17637152767344,0
1,stride16-gcc13-scalar-r12-stride16_scan-scalar-warm-l2_miss-98304,stride16-gcc13-scalar,12,stride16_scan,scalar,warm,l2_miss,98304,98304,204243456,132971,250000175,548729436,4,4,0,0,3337961731919,0
1,stride16-gcc13-scalar-r12-stride16_scan-scalar-warm-l3_miss-12582912,stride16-gcc13-scalar,12,stride16_scan,scalar,warm,l3_miss,12582912,12582912,61145088,311,250574694,549990128,4,4,0,0,422604682959386,0
1,stride16-gcc13-scalar-r12-stride16_scan-scalar-cache_evicted-l1_miss-32768,stride16-gcc13-scalar,12,stride16_scan,scalar,cache_evicted,l1_miss,32768,32768,326493696,637683,250000355,548729840,4,4,0,0,1129517790104,0
1,stride16-gcc13-scalar-r12-stride16_scan-scalar-warm-l1_miss-32768,stride16-gcc13-scalar,12,stride16_scan,scalar,warm,l1_miss,32768,32768,324021248,632854,250000443,548729920,4,4,0,0,0,0
1,stride16-gcc13-scalar-r12-stride16_scan-scalar-cache_evicted-l1_miss-1048576,stride16-gcc13-scalar,12,stride16_scan,scalar,cache_evicted,l1_miss,1048576,1048576,112132096,6844,250019961,548772536,4,4,0,0,0,0
1,stride16-gcc13-scalar-r12-stride16_scan-scalar-warm-l3_miss-134217728,stride16-gcc13-scalar,12,stride16_scan,scalar,warm,l3_miss,134217728,134217728,56623104,27,258928854,568326540,4,4,0,0,4506029875336677,0
1,stride16-gcc13-scalar-r12-stride16_scan-scalar-cache_evicted-l2_miss-33554432,stride16-gcc13-scalar,12,stride16_scan,scalar,cache_evicted,l2_miss,33554432,33554432,55574528,106,251295923,551573208,4,4,0,0,0,0
1,stride16-gcc13-scalar-r12-stride16_scan-scalar-warm-l2_miss-196608,stride16-gcc13-scalar,12,stride16_scan,scalar,warm,l2_miss,196608,196608,190166016,61903,250004019,548737880,4,4,0,0,6698831484389,0
1,stride16-gcc13-scalar-r12-stride16_scan-scalar-warm-l2_miss-8388608,stride16-gcc13-scalar,12,stride16_scan,scalar,warm,l2_miss,8388608,8388608,75235328,574,250221883,549215808,4,4,0,0,0,0
1,stride16-gcc13-scalar-r12-stride16_scan-scalar-warm-l2_miss-262144,stride16-gcc13-scalar,12,stride16_scan,scalar,warm,l2_miss,262144,262144,173834240,42440,250000270,548729392,4,4,0,0,0,0
1,stride16-gcc13-scalar-r12-stride16_scan-scalar-cache_evicted-l2_miss-262144,stride16-gcc13-scalar,12,stride16_scan,scalar,cache_evicted,l2_miss,262144,262144,158584832,38717,250000618,548730144,4,4,0,0,8878130762476,0
1,stride16-gcc13-scalar-r12-stride16_scan-scalar-cache_evicted-l3_miss-262144,stride16-gcc13-scalar,12,stride16_scan,scalar,cache_evicted,l3_miss,262144,262144,158281728,38643,250002088,548733632,4,4,0,0,8878130762476,0
1,stride16-gcc13-scalar-r12-stride16_scan-scalar-warm-l3_miss-32768,stride16-gcc13-scalar,12,stride16_scan,scalar,warm,l3_miss,32768,32768,324527104,633842,250000429,548729732,4,4,0,0,0,0
1,stride16-gcc13-scalar-r12-stride16_scan-scalar-cache_evicted-l3_miss-33554432,stride16-gcc13-scalar,12,stride16_scan,scalar,cache_evicted,l3_miss,33554432,33554432,55574528,106,251461625,551936920,4,4,0,0,0,0
1,stride16-gcc13-scalar-r12-stride16_scan-scalar-warm-l2_miss-7340032,stride16-gcc13-scalar,12,stride16_scan,scalar,warm,l2_miss,7340032,7340032,80166912,699,250226209,549225300,4,4,0,0,246302404644972,0
1,stride16-gcc13-scalar-r12-stride16_scan-scalar-cache_evicted-l2_miss-32768,stride16-gcc13-scalar,12,stride16_scan,scalar,cache_evicted,l2_miss,32768,32768,321828864,628572,250000130,548729364,4,4,0,0,0,0
1,stride16-gcc13-scalar-r12-stride16_scan-scalar-warm-l1_miss-33554432,stride16-gcc13-scalar,12,stride16_scan,scalar,warm,l1_miss,33554432,33554432,55574528,106,251643062,552335140,4,4,0,0,0,0
1,stride16-gcc13-scalar-r12-stride16_scan-scalar-warm-l2_miss-28672,stride16-gcc13-scalar,12,stride16_scan,scalar,warm,l2_miss,28672,28672,326637248,729101,250000440,548729908,4,4,0,0,998284007114,0
1,stride16-gcc13-scalar-r12-stride16_scan-scalar-warm-l1_miss-524288,stride16-gcc13-scalar,12,stride16_scan,scalar,warm,l1_miss,524288,524288,111853568,13654,250006069,548742104,4,4,0,0,0,0
1,stride16-gcc13-scalar-r12-stride16_scan-scalar-warm-l3_miss-6291456,stride16-gcc13-scalar,12,stride16_scan,scalar,warm,l3_miss,6291456,6291456,81494016,829,250260612,549300716,4,4,0,0,211273907337795,0
1,stride16-gcc13-scalar-r12-stride16_scan-scalar-warm-l1_miss-4194304,stride16-gcc13-scalar,12,stride16_scan,scalar,warm,l1_miss,4194304,4194304,100728832,1537,250029688,548793932,4,4,0,0,140920003402612,0
1,stride16-gcc13-scalar-r12-stride16_scan-scalar-cache_evicted-l2_miss-8388608,stride16-gcc13-scalar,12,stride16_scan,scalar,cache_evicted,l2_miss,8388608,8388608,73531392,561,250084959,548915252,4,4,0,0,281253109102956,0
1,stride16-gcc13-scalar-r12-stride16_scan-scalar-warm-l3_miss-98304,stride16-gcc13-scalar,12,stride16_scan,scalar,warm,l3_miss,98304,98304,205125120,133545,250000189,548729476,4,4,0,0,3337961731919,0
1,stride16-gcc13-scalar-r12-stride16_scan-scalar-cache_evicted-l2_miss-1048576,stride16-gcc13-scalar,12,stride16_scan,scalar,cache_evicted,l2_miss,1048576,1048576,112132096,6844,250005165,548740416,4,4,0,0,0,0
1,stride16-gcc13-scalar-r12-stride16_scan-scalar-warm-l2_miss-131072,stride16-gcc13-scalar,12,stride16_scan,scalar,warm,l2_miss,131072,131072,210116608,102596,250001678,548732620,4,4,0,0,0,0
1,stride16-gcc13-scalar-r12-stride16_scan-scalar-warm-l1_miss-8192,stride16-gcc13-scalar,12,stride16_scan,scalar,warm,l1_miss,8192,8192,262485248,2050666,250000117,548729336,4,4,0,0,0,0
1,stride16-gcc13-scalar-r12-stride16_scan-scalar-warm-l1_miss-536870912,stride16-gcc13-scalar,12,stride16_scan,scalar,warm,l1_miss,536870912,536870912,58720256,7,275965449,605720792,4,4,0,0,18017708407915279,0
1,stride16-gcc13-scalar-r12-stride16_scan-scalar-warm-l3_miss-294912,stride16-gcc13-scalar,12,stride16_scan,scalar,warm,l3_miss,294912,294912,139968000,30375,250004786,548739536,4,4,0,0,10012851707135,0
1,stride16-gcc13-scalar-r12-stride16_scan-scalar-warm-l1_miss-49152,stride16-gcc13-scalar,12,stride16_scan,scalar,warm,l1_miss,49152,49152,200783616,261437,250000915,548731088,4,4,0,0,1688314077632,0
1,stride16-gcc13-scalar-r12-stride16_scan-scalar-warm-l2_miss-294912,stride16-gcc13-scalar,12,stride16_scan,scalar,warm,l2_miss,294912,294912,125448192,27224,250000946,548731044,4,4,0,0,0,0
1,stride16-gcc13-scalar-r12-stride16_scan-scalar-warm-l1_miss-98304,stride16-gcc13-scalar,12,stride16_scan,scalar,warm,l1_miss,98304,98304,206340096,134336,250000642,548730464,4,4,0,0,0,0
1,stride16-gcc13-scalar-r12-stride16_scan-scalar-warm-l2_miss-16384,stride16-gcc13-scalar,12,stride16_scan,scalar,warm,l2_miss,16384,16384,311702016,1217586,250000188,548729464,4,4,0,0,0,0
1,stride16-gcc13-scalar-r12-stride16_scan-scalar-cache_evicted-l3_miss-1048576,stride16-gcc13-scalar,12,stride16_scan,scalar,cache_evicted,l3_miss,1048576,1048576,112115712,6843,250001194,548731672,4,4,0,0,35093565851261,0
1,stride16-gcc13-scalar-r12-stride16_scan-scalar-warm-l1_miss-65536,stride16-gcc13-scalar,12,stride16_scan,scalar,warm,l1_miss,65536,65536,200900608,196192,250000855,548730652,4,4,0,0,0,0
1,stride16-gcc13-scalar-r12-stride16_scan-scalar-warm-l2_miss-2097152,stride16-gcc13-scalar,12,stride16_scan,scalar,warm,l2_miss,2097152,2097152,111935488,3416,250021837,548776616,4,4,0,0,0,0
1,stride16-gcc13-scalar-r12-stride16_scan-scalar-cache_evicted-l3_miss-32768,stride16-gcc13-scalar,12,stride16_scan,scalar,cache_evicted,l3_miss,32768,32768,321695232,628311,250000354,548729556,4,4,0,0,1129517790104,0
1,stride16-gcc13-scalar-r12-stride16_scan-scalar-warm-l2_miss-8192,stride16-gcc13-scalar,12,stride16_scan,scalar,warm,l2_miss,8192,8192,262275456,2049027,250000128,548729360,4,4,0,0,275067138950,0
1,stride16-gcc13-scalar-r12-stride16_scan-scalar-warm-l1_miss-393216,stride16-gcc13-scalar,12,stride16_scan,scalar,warm,l1_miss,393216,393216,121589760,19790,250002040,548733556,4,4,0,0,0,0
1,stride16-gcc13-scalar-r12-stride16_scan-scalar-cache_evicted-l3_miss-536870912,stride16-gcc13-scalar,12,stride16_scan,scalar,cache_evicted,l3_miss,536870912,536870912,58720256,7,270221485,593113496,4,4,0,0,18016279978240223,0
1,stride16-gcc13-scalar-r12-stride16_scan-scalar-warm-l3_miss-229376,stride16-gcc13-scalar,12,stride16_scan,scalar,warm,l3_miss,229376,229376,162494976,45339,250005539,548740872,4,4,0,0,7762516995010,0
1,stride16-gcc13-scalar-r12-stride16_scan-scalar-warm-l3_miss-16384,stride16-gcc13-scalar,12,stride16_scan,scalar,warm,l3_miss,16384,16384,306402304,1196884,250000281,548729420,4,4,0,0,0,0
1,stride16-gcc13-scalar-r12-stride16_scan-scalar-warm-l1_miss-28672,stride16-gcc13-scalar,12,stride16_scan,scalar,warm,l1_miss,28672,28672,327010432,729934,250000176,548729436,4,4,0,0,0,0
1,stride16-gcc13-scalar-r12-stride16_scan-scalar-warm-l2_miss-6291456,stride16-gcc13-scalar,12,stride16_scan,scalar,warm,l2_miss,6291456,6291456,98795520,1005,250216756,549204528,4,4,0,0,211273907337795,0
1,stride16-gcc13-scalar-r12-stride16_scan-scalar-warm-l2_miss-524288,stride16-gcc13-scalar,12,stride16_scan,scalar,warm,l2_miss,524288,524288,111886336,13658,250016579,548765420,4,4,0,0,0,0
1,stride16-gcc13-scalar-r12-stride16_scan-scalar-warm-l1_miss-1048576,stride16-gcc13-scalar,12,stride16_scan,scalar,warm,l1_miss,1048576,1048576,112181248,6847,250022890,548779296,4,4,0,0,35207722829431,0
1,stride16-gcc13-scalar-r12-stride16_scan-scalar-warm-l1_miss-2097152,stride16-gcc13-scalar,12,stride16_scan,scalar,warm,l1_miss,2097152,2097152,112263168,3426,250008770,548748312,4,4,0,0,0,0
1,stride16-gcc13-scalar-r12-stride16_scan-scalar-warm-l3_miss-24576,stride16-gcc13-scalar,12,stride16_scan,scalar,warm,l3_miss,24576,24576,326847360,851165,250000394,548729644,4,4,0,0,855155596495,0
1,stride16-gcc13-scalar-r12-stride16_scan-scalar-warm-l2_miss-32768,stride16-gcc13-scalar,12,stride16_scan,scalar,warm,l2_miss,32768,32768,319884288,624774,250000256,548729432,4,4,0,0,0,0
1,stride16-gcc13-scalar-r12-stride16_scan-scalar-warm-l1_miss-262144,stride16-gcc13-scalar,12,stride16_scan,scalar,warm,l1_miss,262144,262144,155250688,37903,250004438,548738444,4,4,0,0,8899351495649,0
1,stride16-gcc13-scalar-r12-stride16_scan-scalar-cache_evicted-l1_miss-536870912,stride16-gcc13-scalar,12,stride16_scan,scalar,cache_evicted,l1_miss,536870912,536870912,58720256,7,270711936,594189772,4,4,0,0,18016279978240223,0
1,stride16-gcc13-scalar-r12-stride16_scan-scalar-warm-l2_miss-4194304,stride16-gcc13-scalar,12,stride16_scan,scalar,warm,l2_miss,4194304,4194304,107479040,1640,250035419,548806512,4,4,0,0,0,0
1,stride16-gcc13-scalar-r13-stride16_scan-scalar-warm-l2_miss-32768,stride16-gcc13-scalar,13,stride16_scan,scalar,warm,l2_miss,32768,32768,325455872,635656,250000198,548729512,4,4,0,0,0,0
1,stride16-gcc13-scalar-r13-stride16_scan-scalar-warm-l3_miss-536870912,stride16-gcc13-scalar,13,stride16_scan,scalar,warm,l3_miss,536870912,536870912,58720256,7,270098977,592844648,4,4,0,0,18017630930903688,0
1,stride16-gcc13-scalar-r13-stride16_scan-scalar-warm-l2_miss-98304,stride16-gcc13-scalar,13,stride16_scan,scalar,warm,l2_miss,98304,98304,205201920,133595,250000957,548731152,4,4,0,0,3295867535583,0
1,stride16-gcc13-scalar-r13-stride16_scan-scalar-warm-l2_miss-131072,stride16-gcc13-scalar,13,stride16_scan,scalar,warm,l2_miss,131072,131072,210921472,102989,250002386,548734300,4,4,0,0,4378337230161,0
1,stride16-gcc13-scalar-r13-stride16_scan-scalar-cache_evicted-l1_miss-8388608,stride16-gcc13-scalar,13,stride16_scan,scalar,cache_evicted,l1_miss,8388608,8388608,77594624,592,250068407,548878912,4,4,0,0,0,0
1,stride16-gcc13-scalar-r13-stride16_scan-scalar-warm-l3_miss-28672,stride16-gcc13-scalar,13,stride16_scan,scalar,warm,l3_miss,28672,28672,328550208,733371,250000405,548729948,4,4,0,0,971717584350,0
1,stride16-gcc13-scalar-r13-stride16_scan-scalar-cache_evicted-l3_miss-536870912,stride16-gcc13-scalar,13,stride16_scan,scalar,cache_evicted,l3_miss,536870912,536870912,58720256,7,271031454,594891336,4,4,0,0,18013077723175416,0
1,stride16-gcc13-scalar-r13-stride16_scan-scalar-warm-l2_miss-1048576,stride16-gcc13-scalar,13,stride16_scan,scalar,warm,l2_miss,1048576,1048576,112164864,6846,250009475,548749860,4,4,0,0,0,0
1,stride16-gcc13-scalar-r13-stride16_scan-scalar-cache_evicted-l2_miss-536870912,stride16-gcc13-scalar,13,stride16_scan,scalar,cache_evicted,l2_miss,536870912,536870912,58720256,7,276704831,607343916,4,4,0,0,18013077723175416,0
1,stride16-gcc13-scalar-r13-stride16_scan-scalar-cache_evicted-l3_miss-8388608,stride16-gcc13-scalar,13,stride16_scan,scalar,cache_evicted,l3_miss,8388608,8388608,77594624,592,250041118,548819012,4,4,0,0,0,0
1,stride16-gcc13-scalar-r13-stride16_scan-scalar-cache_evicted-l3_miss-262144,stride16-gcc13-scalar,13,stride16_scan,scalar,cache_evicted,l3_miss,262144,262144,153206784,37404,250003596,548736692,4,4,0,0,0,0
1,stride16-gcc13-scalar-r13-stride16_scan-scalar-warm-l3_miss-33554432,stride16-gcc13-scalar,13,stride16_scan,scalar,warm,l3_miss,33554432,33554432,55574528,106,251540788,552110668,4,4,0,0,0,0
1,stride16-gcc13-scalar-r13-stride16_scan-scalar-warm-l2_miss-24576,stride16-gcc13-scalar,13,stride16_scan,scalar,warm,l2_miss,24576,24576,328126464,854496,250000236,548729580,4,4,0,0,0,0
1,stride16-gcc13-scalar-r13-stride16_scan-scalar-warm-l1_miss-536870912,stride16-gcc13-scalar,13,stride16_scan,scalar,warm,l1_miss,536870912,536870912,58720256,7,270045472,592727200,4,4,0,0,18017630930903688,0
1,stride16-gcc13-scalar-r13-stride16_scan-scalar-warm-l1_miss-65536,stride16-gcc13-scalar,13,stride16_scan,scalar,warm,l1_miss,65536,65536,206140416,201309,250000948,548731132,4,4,0,0,2230977478137,0
1,stride16-gcc13-scalar-r13-stride16_scan-scalar-cache_evicted-l1_miss-6291456,stride16-gcc13-scalar,13,stride16_scan,scalar,cache_evicted,l1_miss,6291456,6291456,84443136,859,250264586,549309524,4,4,0,0,210652138624001,0
1,stride16-gcc13-scalar-r13-stride16_scan-scalar-warm-l2_miss-536870912,stride16-gcc13-scalar,13,stride16_scan,scalar,warm,l2_miss,536870912,536870912,58720256,7,269938450,592492312,4,4,0,0,18017630930903688,0
1,stride16-gcc13-scalar-r13-stride16_scan-scalar-warm-l1_miss-8388608,stride16-gcc13-scalar,13,stride16_scan,scalar,warm,l1_miss,8388608,8388608,77856768,594,250135766,549026760,4,4,0,0,0,0
1,stride16-gcc13-scalar-r13-stride16_scan-scalar-warm-l1_miss-98304,stride16-gcc13-scalar,13,stride16_scan,scalar,warm,l1_miss,98304,98304,204155904,132914,250000227,548729544,4,4,0,0,0,0
1,stride16-gcc13-scalar-r13-stride16_scan-scalar-warm-l2_miss-5242880,stride16-gcc13-scalar,13,stride16_scan,scalar,warm,l2_miss,5242880,5242880,110428160,1348,250160068,549080020,4,4,0,0,0,0
1,stride16-gcc13-scalar-r13-stride16_scan-scalar-warm-l2_miss-134217728,stride16-gcc13-scalar,13,stride16_scan,scalar,warm,l2_miss,134217728,134217728,54525952,26,253059045,555443104,4,4,0,0,0,0
1,stride16-gcc13-scalar-r13-stride16_scan-scalar-warm-l1_miss-16384,stride16-gcc13-scalar,13,stride16_scan,scalar,warm,l1_miss,16384,16384,308233984,1204039,250000302,548729436,4,4,0,0,537176199930,0
1,stride16-gcc13-scalar-r13-stride16_scan-scalar-warm-l2_miss-36864,stride16-gcc13-scalar,13,stride16_scan,scalar,warm,l2_miss,36864,36864,195184512,338862,250000698,548730460,4,4,0,0,0,0
1,stride16-gcc13-scalar-r13-stride16_scan-scalar-warm-l1_miss-6291456,stride16-gcc13-scalar,13,stride16_scan,scalar,warm,l1_miss,6291456,6291456,93388800,950,250022360,548777844,4,4,0,0,0,0
1,stride16-gcc13-scalar-r13-stride16_scan-scalar-cache_evicted-l2_miss-8388608,stride16-gcc13-scalar,13,stride16_scan,scalar,cache_evicted,l2_miss,8388608,8388608,75759616,578,250010837,548752552,4,4,0,0,0,0
1,stride16-gcc13-scalar-r13-stride16_scan-scalar-warm-l2_miss-12582912,stride16-gcc13-scalar,13,stride16_scan,scalar,warm,l2_miss,12582912,12582912,62128128,316,250700342,550265964,4,4,0,0,0,0
1,stride16-gcc13-scalar-r13-stride16_scan-scalar-cache_evicted-l2_miss-1048576,stride16-gcc13-scalar,13,stride16_scan,scalar,cache_evicted,l2_miss,1048576,1048576,112132096,6844,250022684,548778836,4,4,0,0,0,0
1,stride16-gcc13-scalar-r13-stride16_scan-scalar-cache_evicted-l2_miss-262144,stride16-gcc13-scalar,13,stride16_scan,scalar,cache_evicted,l2_miss,262144,262144,181022720,44195,250001581,548732528,4,4,0,0,8833929393990,0
1,stride16-gcc13-scalar-r13-stride16_scan-scalar-warm-l2_miss-33554432,stride16-gcc13-scalar,13,stride16_scan,scalar,warm,l2_miss,33554432,33554432,54525952,104,250614186,550076640,4,4,0,0,0,0
1,stride16-gcc13-scalar-r13-stride16_scan-scalar-warm-l2_miss-2097152,stride16-gcc13-scalar,13,stride16_scan,scalar,warm,l2_miss,2097152,2097152,112230400,3425,250059728,548859892,4,4,0,0,70292373046271,0
1,stride16-gcc13-scalar-r13-stride16_scan-scalar-warm-l3_miss-5242880,stride16-gcc13-scalar,13,stride16_scan,scalar,warm,l3_miss,5242880,5242880,110673920,1351,250052343,548843688,4,4,0,0,175887795779108,0
1,stride16-gcc13-scalar-r13-stride16_scan-scalar-warm-l2_miss-196608,stride16-gcc13-scalar,13,stride16_scan,scalar,warm,l2_miss,196608,196608,221571072,72126,250002993,548735624,4,4,0,0,0,0
1,stride16-gcc13-scalar-r13-stride16_scan-scalar-warm-l1_miss-32768,stride16-gcc13-scalar,13,stride16_scan,scalar,warm,l1_miss,32768,32768,309308928,604119,250000331,548729804,4,4,0,0,1125144036019,0
1,stride16-gcc13-scalar-r13-stride16_scan-scalar-cache_evicted-l2_miss-32768,stride16-gcc13-scalar,13,stride16_scan,scalar,cache_evicted,l2_miss,32768,32768,323919360,632655,250000301,548729720,4,4,0,0,1041233023571,0
1,stride16-gcc13-scalar-r13-stride16_scan-scalar-warm-l3_miss-49152,stride16-gcc13-scalar,13,stride16_scan,scalar,warm,l3_miss,49152,49152,198700032,258724,250000890,548731028,4,4,0,0,0,0
1,stride16-gcc13-scalar-r13-stride16_scan-scalar-warm-l3_miss-524288,stride16-gcc13-scalar,13,stride16_scan,scalar,warm,l3_miss,524288,524288,111886336,13658,250010090,548751224,4,4,0,0,0,0
1,stride16-gcc13-scalar-r13-stride16_scan-scalar-warm-l1_miss-229376,stride16-gcc13-scalar,13,stride16_scan,scalar,warm,l1_miss,229376,229376,163663360,45665,250002835,548735264,4,4,0,0,7699645575187,0
1,stride16-gcc13-scalar-r13-stride16_scan-scalar-warm-l3_miss-4194304,stride16-gcc13-scalar,13,stride16_scan,scalar,warm,l3_miss,4194304,4194304,106692608,1628,250083011,548910996,4,4,0,0,0,0
1,stride16-gcc13-scalar-r13-stride16_scan-scalar-warm-l3_miss-8192,stride16-gcc13-scalar,13,stride16_scan,scalar,warm,l3_miss,8192,8192,262758272,2052799,250000310,548729492,4,4,0,0,262227732480,0
1,stride16-gcc13-scalar-r13-stride16_scan-scalar-warm-l3_miss-7340032,stride16-gcc13-scalar,13,stride16_scan,scalar,warm,l3_miss,7340032,7340032,86245376,752,250088711,548923356,4,4,0,0,0,0
1,stride16-gcc13-scalar-r13-stride16_scan-scalar-cache_evicted-l1_miss-262144,stride16-gcc13-scalar,13,stride16_scan,scalar,cache_evicted,l1_miss,262144,262144,152305664,37184,250001787,548733000,4,4,0,0,0,0
1,stride16-gcc13-scalar-r13-stride16_scan-scalar-warm-l3_miss-65536,stride16-gcc13-scalar,13,stride16_scan,scalar,warm,l3_miss,65536,65536,201460736,196739,250000730,548730592,4,4,0,0,2230977478137,0
1,stride16-gcc13-scalar-r13-stride16_scan-scalar-warm-l1_miss-131072,stride16-gcc13-scalar,13,stride16_scan,scalar,warm,l1_miss,131072,131072,209786880,102435,250000724,548730296,4,4,0,0,4378337230161,0
1,stride16-gcc13-scalar-r13-stride16_scan-scalar-cache_evicted-l2_miss-6291456,stride16-gcc13-scalar,13,stride16_scan,scalar,cache_evicted,l2_miss,6291456,6291456,83066880,845,250176530,549116224,4,4,0,0,210652138624001,0
1,stride16-gcc13-scalar-r13-stride16_scan-scalar-warm-l2_miss-294912,stride16-gcc13-scalar,13,stride16_scan,scalar,warm,l2_miss,294912,294912,131208192,28474,250006649,548743396,4,4,0,0,0,0
1,stride16-gcc13-scalar-r13-stride16_scan-scalar-cache_evicted-l1_miss-1048576,stride16-gcc13-scalar,13,stride16_scan,scalar,cache_evicted,l1_miss,1048576,1048576,111935488,6832,250010110,548750960,4,4,0,0,0,0
1,stride16-gcc13-scalar-r13-stride16_scan-scalar-warm-l1_miss-12582912,stride16-gcc13-scalar,13,stride16_scan,scalar,warm,l1_miss,12582912,12582912,51707904,263,250768143,550414676,4,4,0,0,422486443758418,0
1,stride16-gcc13-scalar-r13-stride16_scan-scalar-cache_evicted-l3_miss-6291456,stride16-gcc13-scalar,13,stride16_scan,scalar,cache_evicted,l3_miss,6291456,6291456,66551808,677,250213249,549196500,4,4,0,0,210652138624001,0
1,stride16-gcc13-scalar-r13-stride16_scan-scalar-warm-l3_miss-32768,stride16-gcc13-scalar,13,stride16_scan,scalar,warm,l3_miss,32768,32768,320827392,626616,250000516,548729864,4,4,0,0,0,0
1,stride16-gcc13-scalar-r13-stride16_scan-scalar-warm-l3_miss-36864,stride16-gcc13-scalar,13,stride16_scan,scalar,warm,l3_miss,36864,36864,195092928,338703,250000682,548730304,4,4,0,0,1271110070286,0
1,stride16-gcc13-scalar-r13-stride16_scan-scalar-cache_evicted-l1_miss-33554432,stride16-gcc13-scalar,13,stride16_scan,scalar,cache_evicted,l1_miss,33554432,33554432,51904512,99,250718845,550306572,4,4,0,0,1124171710728144,0
1,stride16-gcc13-scalar-r13-stride16_scan-scalar-warm-l1_miss-196608,stride16-gcc13-scalar,13,stride16_scan,scalar,warm,l1_miss,196608,196608,189247488,61604,250001322,548731676,4,4,0,0,0,0
1,stride16-gcc13-scalar-r13-stride16_scan-scalar-warm-l3_miss-229376,stride16-gcc13-scalar,13,stride16_scan,scalar,warm,l3_miss,229376,229376,159172608,44412,250004392,548738208,4,4,0,0,0,0
1,stride16-gcc13-scalar-r13-stride16_scan-scalar-warm-l2_miss-6291456,stride16-gcc13-scalar,13,stride16_scan,scalar,warm,l2_miss,6291456,6291456,64192512,653,250223962,549220092,4,4,0,0,211180090289288,0
1,stride16-gcc13-scalar-r13-stride16_scan-scalar-warm-l1_miss-2097152,stride16-gcc13-scalar,13,stride16_scan,scalar,warm,l1_miss,2097152,2097152,111083520,3390,250020011,548772704,4,4,0,0,0,0
1,stride16-gcc13-scalar-r13-stride16_scan-scalar-warm-l3_miss-2097152,stride16-gcc13-scalar,13,stride16_scan,scalar,warm,l3_miss,2097152,2097152,111443968,3401,250014871,548761412,4,4,0,0,70292373046271,0
1,stride16-gcc13-scalar-r13-stride16_scan-scalar-warm-l1_miss-294912,stride16-gcc13-scalar,13,stride16_scan,scalar,warm,l1_miss,294912,294912,131498496,28537,250003007,548735372,4,4,0,0,9946677072228,0
1,stride16-gcc13-scalar-r13-stride16_scan-scalar-warm-l1_miss-36864,stride16-gcc13-scalar,13,stride16_scan,scalar,warm,l1_miss,36864,36864,195526656,339456,250000837,548730572,4,4,0,0,0,0
1,stride16-gcc13-scalar-r13-stride16_scan-scalar-warm-l2_miss-65536,stride16-gcc13-scalar,13,stride16_scan,scalar,warm,l2_miss,65536,65536,202938368,198182,250001180,548731388,4,4,0,0,0,0
1,stride16-gcc13-scalar-r13-stride16_scan-scalar-warm-l2_miss-524288,stride16-gcc13-scalar,13,stride16_scan,scalar,warm,l2_miss,524288,524288,111828992,13651,250010295,548751320,4,4,0,0,17499642732433,0
1,stride16-gcc13-scalar-r13-stride16_scan-scalar-warm-l2_miss-4194304,stride16-gcc13-scalar,13,stride16_scan,scalar,warm,l2_miss,4194304,4194304,111804416,1706,250007516,548745268,4,4,0,0,0,0
1,stride16-gcc13-scalar-r13-stride16_scan-scalar-warm-l3_miss-294912,stride16-gcc13-scalar,13,stride16_scan,scalar,warm,l3_miss,294912,294912,125480448,27231,250000358,548729584,4,4,0,0,9946677072228,0
1,stride16-gcc13-scalar-r13-stride16_scan-scalar-warm-l1_miss-28672,stride16-gcc13-scalar,13,stride16_scan,scalar,warm,l1_miss,28672,28672,325400768,726341,250000216,548729280,4,4,0,0,971717584350,0
1,stride16-gcc13-scalar-r13-stride16_scan-scalar-warm-l2_miss-7340032,stride16-gcc13-scalar,13,stride16_scan,scalar,warm,l2_miss,7340032,7340032,62619648,546,250349316,549495484,4,4,0,0,0,0
1,stride16-gcc13-scalar-r13-stride16_scan-scalar-warm-l1_miss-134217728,stride16-gcc13-scalar,13,stride16_scan,scalar,warm,l1_miss,134217728,134217728,48234496,23,250327883,549448728,4,4,0,0,4505250139450984,0
1,stride16-gcc13-scalar-r13-stride16_scan-scalar-warm-l2_miss-8192,stride16-gcc13-scalar,13,stride16_scan,scalar,warm,l2_miss,8192,8192,258298368,2017956,250000211,548729248,4,4,0,0,0,0
1,stride16-gcc13-scalar-r13-stride16_scan-scalar-warm-l2_miss-16384,stride16-gcc13-scalar,13,stride16_scan,scalar,warm,l2_miss,16384,16384,311028736,1214956,250000269,548729264,4,4,0,0,0,0
1,stride16-gcc13-scalar-r13-stride16_scan-scalar-warm-l3_miss-6291456,stride16-gcc13-scalar,13,stride16_scan,scalar,warm,l3_miss,6291456,6291456,94371840,960,250203761,549176004,4,4,0,0,0,0
1,stride16-gcc13-scalar-r13-stride16_scan-scalar-warm-l2_miss-8388608,stride16-gcc13-scalar,13,stride16_scan,scalar,warm,l2_miss,8388608,8388608,76677120,585,250004073,548737704,4,4,0,0,281492447858777,0
1,stride16-gcc13-scalar-r13-stride16_scan-scalar-cache_evicted-l1_miss-32768,stride16-gcc13-scalar,13,stride16_scan,scalar,cache_evicted,l1_miss,32768,32768,322130944,629162,250000373,548729592,4,4,0,0,0,0
1,stride16-gcc13-scalar-r13-stride16_scan-scalar-warm-l1_miss-524288,stride16-gcc13-scalar,13,stride16_scan,scalar,warm,l1_miss,524288,524288,111878144,13657,250002044,548733364,4,4,0,0,17499642732433,0
1,stride16-gcc13-scalar-r13-stride16_scan-scalar-warm-l3_miss-98304,stride16-gcc13-scalar,13,stride16_scan,scalar,warm,l3_miss,98304,98304,204125184,132894,250000378,548729772,4,4,0,0,0,0
1,stride16-gcc13-scalar-r13-stride16_scan-scalar-warm-l3_miss-134217728,stride16-gcc13-scalar,13,stride16_scan,scalar,warm,l3_miss,134217728,134217728,54525952,26,253990910,557488452,4,4,0,0,0,0
1,stride16-gcc13-scalar-r13-stride16_scan-scalar-warm-l3_miss-1048576,stride16-gcc13-scalar,13,stride16_scan,scalar,warm,l3_miss,1048576,1048576,112132096,6844,250014144,548759820,4,4,0,0,0,0
1,stride16-gcc13-scalar-r13-stride16_scan-scalar-warm-l1_miss-1048576,stride16-gcc13-scalar,13,stride16_scan,scalar,warm,l1_miss,1048576,1048576,112148480,6845,250026904,548787988,4,4,0,0,35264676264981,0
1,stride16-gcc13-scalar-r13-stride16_scan-scalar-warm-l2_miss-262144,stride16-gcc13-scalar,13,stride16_scan,scalar,warm,l2_miss,262144,262144,152076288,37128,250005094,548740144,4,4,0,0,0,0
1,stride16-gcc13-scalar-r13-stride16_scan-scalar-warm-l3_miss-196608,stride16-gcc13-scalar,13,stride16_scan,scalar,warm,l3_miss,196608,196608,222154752,72316,250001310,548731824,4,4,0,0,0,0
1,stride16-gcc13-scalar-r13-stride16_scan-scalar-warm-l1_miss-262144,stride16-gcc13-scalar,13,stride16_scan,scalar,warm,l1_miss,262144,262144,173084672,42257,250003937,548737588,4,4,0,0,8833051008300,0
1,stride16-gcc13-scalar-r13-stride16_scan-scalar-warm-l2_miss-28672,stride16-gcc13-scalar,13,stride16_scan,scalar,warm,l2_miss,28672,28672,328423424,733088,250000254,548729496,4,4,0,0,0,0
1,stride16-gcc13-scalar-r13-stride16_scan-scalar-cache_evicted-l3_miss-33554432,stride16-gcc13-scalar,13,stride16_scan,scalar,cache_evicted,l3_miss,33554432,33554432,55050240,105,251663232,552379420,4,4,0,0,1124171710728144,0
1,stride16-gcc13-scalar-r13-stride16_scan-scalar-warm-l2_miss-393216,stride16-gcc13-scalar,13,stride16_scan,scalar,warm,l2_miss,393216,393216,111814656,18199,250001053,548731088,4,4,0,0,13182545055951,0
1,stride16-gcc13-scalar-r13-stride16_scan-scalar-warm-l3_miss-131072,stride16-gcc13-scalar,13,stride16_scan,scalar,warm,l3_miss,131072,131072,211910656,103472,250002527,548734332,4,4,0,0,0,0
1,stride16-gcc13-scalar-r13-stride16_scan-scalar-warm-l2_miss-229376,stride16-gcc13-scalar,13,stride16_scan,scalar,warm,l2_miss,229376,229376,150219776,41914,250001619,548732356,4,4,0,0,0,0
1,stride16-gcc13-scalar-r13-stride16_scan-scalar-warm-l1_miss-4194304,stride16-gcc13-scalar,13,stride16_scan,scalar,warm,l1_miss,4194304,4194304,110231552,1682,250124367,549001748,4,4,0,0,0,0
1,stride16-gcc13-scalar-r13-stride16_scan-scalar-warm-l3_miss-16384,stride16-gcc13-scalar,13,stride16_scan,scalar,warm,l3_miss,16384,16384,302989056,1183551,250000380,548729612,4,4,0,0,537176199930,0
1,stride16-gcc13-scalar-r13-stride16_scan-scalar-cache_evicted-l3_miss-1048576,stride16-gcc13-scalar,13,stride16_scan,scalar,cache_evicted,l3_miss,1048576,1048576,112164864,6846,250024643,548782860,4,4,0,0,0,0
1,stride16-gcc13-scalar-r13-stride16_scan-scalar-warm-l3_miss-393216,stride16-gcc13-scalar,13,stride16_scan,scalar,warm,l3_miss,393216,393216,111667200,18175,250002522,548733864,4,4,0,0,13182545055951,0
1,stride16-gcc13-scalar-r13-stride16_scan-scalar-warm-l1_miss-8192,stride16-gcc13-scalar,13,stride16_scan,scalar,warm,l1_miss,8192,8192,262156800,2048100,250000121,548729316,4,4,0,0,0,0
1,stride16-gcc13-scalar-r13-stride16_scan-scalar-warm-l2_miss-49152,stride16-gcc13-scalar,13,stride16_scan,scalar,warm,l2_miss,49152,49152,198667008,258681,250001141,548731280,4,4,0,0,1659331707816,0
1,stride16-gcc13-scalar-r13-stride16_scan-scalar-cache_evicted-l3_miss-32768,stride16-gcc13-scalar,13,stride16_scan,scalar,cache_evicted,l3_miss,32768,32768,323854848,632529,250000248,548729320,4,4,0,0,1041233023571,0
1,stride16-gcc13-scalar-r13-stride16_scan-scalar-warm-l1_miss-24576,stride16-gcc13-scalar,13,stride16_scan,scalar,warm,l1_miss,24576,24576,328392192,855188,250000253,548729332,4,4,0,0,0,0
1,stride16-gcc13-scalar-r13-stride16_scan-scalar-cache_evicted-l2_miss-33554432,stride16-gcc13-scalar,13,stride16_scan,scalar,cache_evicted,l2_miss,33554432,33554432,55050240,105,252070226,553272696,4,4,0,0,1124171710728144,0
1,stride16-gcc13-scalar-r13-stride16_scan-scalar-warm-l3_miss-12582912,stride16-gcc13-scalar,13,stride16_scan,scalar,warm,l3_miss,12582912,12582912,61538304,313,250012404,548755704,4,4,0,0,422486443758418,0
1,stride16-gcc13-scalar-r13-stride16_scan-scalar-cache_evicted-l1_miss-536870912,stride16-gcc13-scalar,13,stride16_scan,scalar,cache_evicted,l1_miss,536870912,536870912,58720256,7,272343999,597772016,4,4,0,0,18013077723175416,0
1,stride16-gcc13-scalar-r13-stride16_scan-scalar-warm-l3_miss-8388608,stride16-gcc13-scalar,13,stride16_scan,scalar,warm,l3_miss,8388608,8388608,58589184,447,250110288,548970852,4,4,0,0,281492447858777,0
1,stride16-gcc13-scalar-r13-stride16_scan-scalar-warm-l1_miss-393216,stride16-gcc13-scalar,13,stride16_scan,scalar,warm,l1_miss,393216,393216,116275200,18925,250001790,548732988,4,4,0,0,13182545055951,0
1,stride16-gcc13-scalar-r13-stride16_scan-scalar-warm-l1_miss-33554432,stride16-gcc13-scalar,13,stride16_scan,scalar,warm,l1_miss,33554432,33554432,54001664,103,250246245,549268948,4,4,0,0,1127345202926468,0
1,stride16-gcc13-scalar-r13-stride16_scan-scalar-warm-l1_miss-5242880,stride16-gcc13-scalar,13,stride16_scan,scalar,warm,l1_miss,5242880,5242880,110346240,1347,250068271,548878624,4,4,0,0,175887795779108,0
1,stride16-gcc13-scalar-r13-stride16_scan-scalar-warm-l3_miss-262144,stride16-gcc13-scalar,13,stride16_scan,scalar,warm,l3_miss,262144,262144,174678016,42646,250004768,548739400,4,4,0,0,0,0
1,stride16-gcc13-scalar-r13-stride16_scan-scalar-warm-l1_miss-7340032,stride16-gcc13-scalar,13,stride16_scan,scalar,warm,l1_miss,7340032,7340032,84295680,735,250060158,548860804,4,4,0,0,246303926341686,0
1,stride16-gcc13-scalar-r13-stride16_scan-scalar-warm-l1_miss-49152,stride16-gcc13-scalar,13,stride16_scan,scalar,warm,l1_miss,49152,49152,202411008,263556,250000728,548730472,4,4,0,0,0,0
1,stride16-gcc13-scalar-r13-stride16_scan-scalar-warm-l3_miss-24576,stride16-gcc13-scalar,13,stride16_scan,scalar,warm,l3_miss,24576,24576,325582080,847870,250000080,548729224,4,4,0,0,0,0
1,stride16-gcc13-scalar-r14-stride16_scan-scalar-warm-l2_miss-8192,stride16-gcc13-scalar,14,stride16_scan,scalar,warm,l2_miss,8192,8192,260654592,2036364,250000254,548729332,4,4,0,0,0,0
1,stride16-gcc13-scalar-r14-stride16_scan-scalar-cache_evicted-l3_miss-6291456,stride16-gcc13-scalar,14,stride16_scan,scalar,cache_evicted,l3_miss,6291456,6291456,86999040,885,250041639,548820160,4,4,0,0,211168331488334,0
1,stride16-gcc13-scalar-r14-stride16_scan-scalar-cache_evicted-l3_miss-32768,stride16-gcc13-scalar,14,stride16_scan,scalar,cache_evicted,l3_miss,32768,32768,322570240,630020,250000252,548729492,4,4,0,0,0,0
1,stride16-gcc13-scalar-r14-stride16_scan-scalar-warm-l3_miss-131072,stride16-gcc13-scalar,14,stride16_scan,scalar,warm,l3_miss,131072,131072,209750016,102417,250002508,548734444,4,4,0,0,4418185298320,0
1,stride16-gcc13-scalar-r14-stride16_scan-scalar-cache_evicted-l3_miss-1048576,stride16-gcc13-scalar,14,stride16_scan,scalar,cache_evicted,l3_miss,1048576,1048576,112164864,6846,250021390,548775504,4,4,0,0,0,0
1,stride16-gcc13-scalar-r14-stride16_scan-scalar-warm-l2_miss-5242880,stride16-gcc13-scalar,14,stride16_scan,scalar,warm,l2_miss,5242880,5242880,109199360,1333,250101138,548950788,4,4,0,0,176159731573258,0
1,stride16-gcc13-scalar-r14-stride16_scan-scalar-warm-l1_miss-33554432,stride16-gcc13-scalar,14,stride16_scan,scalar,warm,l1_miss,33554432,33554432,54001664,103,250614520,550077584,4,4,0,0,1126150350437215,0
1,stride16-gcc13-scalar-r14-stride16_scan-scalar-warm-l2_miss-2097152,stride16-gcc13-scalar,14,stride16_scan,scalar,warm,l2_miss,2097152,2097152,112295936,3427,250041305,548819580,4,4,0,0,70524451256960,0
1,stride16-gcc13-scalar-r14-stride16_scan-scalar-warm-l1_miss-1048576,stride16-gcc13-scalar,14,stride16_scan,scalar,warm,l1_miss,1048576,1048576,112132096,6844,250004112,548737748,4,4,0,0,0,0
1,stride16-gcc13-scalar-r14-stride16_scan-scalar-warm-l3_miss-6291456,stride16-gcc13-scalar,14,stride16_scan,scalar,warm,l3_miss,6291456,6291456,78348288,797,250167847,549097184,4,4,0,0,211171888578946,0
1,stride16-gcc13-scalar-r14-stride16_scan-scalar-warm-l1_miss-8388608,stride16-gcc13-scalar,14,stride16_scan,scalar,warm,l1_miss,8388608,8388608,62521344,477,250230103,549233840,4,4,0,0,281626249456134,0
1,stride16-gcc13-scalar-r14-stride16_scan-scalar-warm-l1_miss-24576,stride16-gcc13-scalar,14,stride16_scan,scalar,warm,l1_miss,24576,24576,332762880,866570,250000405,548729832,4,4,0,0,0,0
1,stride16-gcc13-scalar-r14-stride16_scan-scalar-warm-l3_miss-196608,stride16-gcc13-scalar,14,stride16_scan,scalar,warm,l3_miss,196608,196608,222418944,72402,250003022,548735568,4,4,0,0,0,0
1,stride16-gcc13-scalar-r14-stride16_scan-scalar-warm-l2_miss-16384,stride16-gcc13-scalar,14,stride16_scan,scalar,warm,l2_miss,16384,16384,311866880,1218230,250000391,548729632,4,4,0,0,0,0
1,stride16-gcc13-scalar-r14-stride16_scan-scalar-warm-l2_miss-294912,stride16-gcc13-scalar,14,stride16_scan,scalar,warm,l2_miss,294912,294912,139295232,30229,250002984,548735596,4,4,0,0,9920075125499,0
1,stride16-gcc13-scalar-r14-stride16_scan-scalar-warm-l1_miss-32768,stride16-gcc13-scalar,14,stride16_scan,scalar,warm,l1_miss,32768,32768,323275776,631398,250000177,548729332,4,4,0,0,0,0
1,stride16-gcc13-scalar-r14-stride16_scan-scalar-warm-l2_miss-32768,stride16-gcc13-scalar,14,stride16_scan,scalar,warm,l2_miss,32768,32768,321049600,627050,250000305,548729604,4,4,0,0,0,0
1,stride16-gcc13-scalar-r14-stride16_scan-scalar-warm-l2_miss-229376,stride16-gcc13-scalar,14,stride16_scan,scalar,warm,l2_miss,229376,229376,146406400,40850,250002281,548733792,4,4,0,0,0,0
1,stride16-gcc13-scalar-r14-stride16_scan-scalar-warm-l2_miss-134217728,stride16-gcc13-scalar,14,stride16_scan,scalar,warm,l2_miss,134217728,134217728,56623104,27,259368709,569292268,4,4,0,0,4505437727285888,0
1,stride16-gcc13-scalar-r14-stride16_scan-scalar-warm-l2_miss-131072,stride16-gcc13-scalar,14,stride16_scan,scalar,warm,l2_miss,131072,131072,210702336,102882,250001162,548731516,4,4,0,0,0,0
1,stride16-gcc13-scalar-r14-stride16_scan-scalar-cache_evicted-l1_miss-32768,stride16-gcc13-scalar,14,stride16_scan,scalar,cache_evicted,l1_miss,32768,32768,324493824,633777,250000402,548729956,4,4,0,0,1130824352542,0
1,stride16-gcc13-scalar-r14-stride16_scan-scalar-warm-l1_miss-524288,stride16-gcc13-scalar,14,stride16_scan,scalar,warm,l1_miss,524288,524288,111878144,13657,250016461,548765076,4,4,0,0,17739237194517,0
1,stride16-gcc13-scalar-r14-stride16_scan-scalar-warm-l2_miss-1048576,stride16-gcc13-scalar,14,stride16_scan,scalar,warm,l2_miss,1048576,1048576,112148480,6845,250013190,548757992,4,4,0,0,35445455800583,0
1,stride16-gcc13-scalar-r14-stride16_scan-scalar-warm-l1_miss-393216,stride16-gcc13-scalar,14,stride16_scan,scalar,warm,l1_miss,393216,393216,116023296,18884,250011509,548754052,4,4,0,0,0,0
1,stride16-gcc13-scalar-r14-stride16_scan-scalar-warm-l2_miss-536870912,stride16-gcc13-scalar,14,stride16_scan,scalar,warm,l2_miss,536870912,536870912,58720256,7,271656367,596262968,4,4,0,0,18012043869098383,0
1,stride16-gcc13-scalar-r14-stride16_scan-scalar-warm-l3_miss-7340032,stride16-gcc13-scalar,14,stride16_scan,scalar,warm,l3_miss,7340032,7340032,69271552,604,250221470,549214888,4,4,0,0,0,0
1,stride16-gcc13-scalar-r14-stride16_scan-scalar-warm-l3_miss-65536,stride16-gcc13-scalar,14,stride16_scan,scalar,warm,l3_miss,65536,65536,202262528,197522,250001351,548731904,4,4,0,0,0,0
1,stride16-gcc13-scalar-r14-stride16_scan-scalar-warm-l2_miss-49152,stride16-gcc13-scalar,14,stride16_scan,scalar,warm,l2_miss,49152,49152,202255104,263353,250000872,548730976,4,4,0,0,1646454104060,0
1,stride16-gcc13-scalar-r14-stride16_scan-scalar-warm-l3_miss-49152,stride16-gcc13-scalar,14,stride16_scan,scalar,warm,l3_miss,49152,49152,202232064,263323,250000344,548729684,4,4,0,0,1646454104060,0
1,stride16-gcc13-scalar-r14-stride16_scan-scalar-warm-l3_miss-28672,stride16-gcc13-scalar,14,stride16_scan,scalar,warm,l3_miss,28672,28672,329721280,735985,250000228,548729580,4,4,0,0,945805672421,0
1,stride16-gcc13-scalar-r14-stride16_scan-scalar-warm-l1_miss-16384,stride16-gcc13-scalar,14,stride16_scan,scalar,warm,l1_miss,16384,16384,310618880,1213355,250000327,548729496,4,4,0,0,558049151577,0
1,stride16-gcc13-scalar-r14-stride16_scan-scalar-warm-l1_miss-7340032,stride16-gcc13-scalar,14,stride16_scan,scalar,warm,l1_miss,7340032,7340032,75350016,657,250126117,549005612,4,4,0,0,246497435930720,0
1,stride16-gcc13-scalar-r14-stride16_scan-scalar-warm-l3_miss-8388608,stride16-gcc13-scalar,14,stride16_scan,scalar,warm,l3_miss,8388608,8388608,74711040,570,250037177,548810368,4,4,0,0,0,0
1,stride16-gcc13-scalar-r14-stride16_scan-scalar-warm-l2_miss-262144,stride16-gcc13-scalar,14,stride16_scan,scalar,warm,l2_miss,262144,262144,158326784,38654,250001812,548733028,4,4,0,0,0,0
1,stride16-gcc13-scalar-r14-stride16_scan-scalar-warm-l2_miss-65536,stride16-gcc13-scalar,14,stride16_scan,scalar,warm,l2_miss,65536,65536,204185600,199400,250001265,548731528,4,4,0,0,0,0
1,stride16-gcc13-scalar-r14-stride16_scan-scalar-warm-l2_miss-196608,stride16-gcc13-scalar,14,stride16_scan,scalar,warm,l2_miss,196608,196608,159363072,51876,250000216,548729412,4,4,0,0,0,0
1,stride16-gcc13-scalar-r14-stride16_scan-scalar-warm-l3_miss-134217728,stride16-gcc13-scalar,14,stride16_scan,scalar,warm,l3_miss,134217728,134217728,54525952,26,250181179,549126440,4,4,0,0,0,0
1,stride16-gcc13-scalar-r14-stride16_scan-scalar-warm-l2_miss-4194304,stride16-gcc13-scalar,14,stride16_scan,scalar,warm,l2_miss,4194304,4194304,112001024,1709,250132107,549018748,4,4,0,0,140737569162827,0
1,stride16-gcc13-scalar-r14-stride16_scan-scalar-warm-l2_miss-393216,stride16-gcc13-scalar,14,stride16_scan,scalar,warm,l2_miss,393216,393216,111642624,18171,250004386,548738420,4,4,0,0,13220905220628,0
1,stride16-gcc13-scalar-r14-stride16_scan-scalar-warm-l1_miss-98304,stride16-gcc13-scalar,14,stride16_scan,scalar,warm,l1_miss,98304,98304,205332480,133680,250001594,548732272,4,4,0,0,0,0
1,stride16-gcc13-scalar-r14-stride16_scan-scalar-warm-l2_miss-33554432,stride16-gcc13-scalar,14,stride16_scan,scalar,warm,l2_miss,33554432,33554432,55574528,106,251949505,553007712,4,4,0,0,0,0
1,stride16-gcc13-scalar-r14-stride16_scan-scalar-warm-l1_miss-196608,stride16-gcc13-scalar,14,stride16_scan,scalar,warm,l1_miss,196608,196608,221251584,72022,250001661,548732584,4,4,0,0,0,0
1,stride16-gcc13-scalar-r14-stride16_scan-scalar-warm-l2_miss-24576,stride16-gcc13-scalar,14,stride16_scan,scalar,warm,l2_miss,24576,24576,319646208,832412,250000436,548729736,4,4,0,0,0,0
1,stride16-gcc13-scalar-r14-stride16_scan-scalar-warm-l1_miss-131072,stride16-gcc13-scalar,14,stride16_scan,scalar,warm,l1_miss,131072,131072,210053120,102565,250000915,548730948,4,4,0,0,4418185298320,0
1,stride16-gcc13-scalar-r14-stride16_scan-scalar-warm-l2_miss-12582912,stride16-gcc13-scalar,14,stride16_scan,scalar,warm,l2_miss,12582912,12582912,61734912,314,250402620,549612448,4,4,0,0,0,0
1,stride16-gcc13-scalar-r14-stride16_scan-scalar-warm-l3_miss-4194304,stride16-gcc13-scalar,14,stride16_scan,scalar,warm,l3_miss,4194304,4194304,111280128,1698,250115092,548981468,4,4,0,0,0,0
1,stride16-gcc13-scalar-r14-stride16_scan-scalar-cache_evicted-l3_miss-8388608,stride16-gcc13-scalar,14,stride16_scan,scalar,cache_evicted,l3_miss,8388608,8388608,76677120,585,250004270,548738120,4,4,0,0,281407341389876,0
1,stride16-gcc13-scalar-r14-stride16_scan-scalar-cache_evicted-l2_miss-33554432,stride16-gcc13-scalar,14,stride16_scan,scalar,cache_evicted,l2_miss,33554432,33554432,54001664,103,250043909,548824692,4,4,0,0,1126733109997146,0
1,stride16-gcc13-scalar-r14-stride16_scan-scalar-warm-l1_miss-28672,stride16-gcc13-scalar,14,stride16_scan,scalar,warm,l1_miss,28672,28672,330782144,738353,250000358,548729724,4,4,0,0,945805672421,0
1,stride16-gcc13-scalar-r14-stride16_scan-scalar-warm-l3_miss-229376,stride16-gcc13-scalar,14,stride16_scan,scalar,warm,l3_miss,229376,229376,152359424,42511,250005032,548739936,4,4,0,0,7738410718952,0
1,stride16-gcc13-scalar-r14-stride16_scan-scalar-cache_evicted-l2_miss-536870912,stride16-gcc13-scalar,14,stride16_scan,scalar,cache_evicted,l2_miss,536870912,536870912,58720256,7,271699545,596357768,4,4,0,0,18005806201385583,0
1,stride16-gcc13-scalar-r14-stride16_scan-scalar-warm-l3_miss-36864,stride16-gcc13-scalar,14,stride16_scan,scalar,warm,l3_miss,36864,36864,200093760,347385,250000653,548730380,4,4,0,0,1235356434647,0
1,stride16-gcc13-scalar-r14-stride16_scan-scalar-warm-l1_miss-5242880,stride16-gcc13-scalar,14,stride16_scan,scalar,warm,l1_miss,5242880,5242880,91176960,1113,250184879,549134588,4,4,0,0,176159731573258,0
1,stride16-gcc13-scalar-r14-stride16_scan-scalar-cache_evicted-l1_miss-536870912,stride16-gcc13-scalar,14,stride16_scan,scalar,cache_evicted,l1_miss,536870912,536870912,58720256,7,271599400,596137928,4,4,0,0,18005806201385583,0
1,stride16-gcc13-scalar-r14-stride16_scan-scalar-cache_evicted-l3_miss-536870912,stride16-gcc13-scalar,14,stride16_scan,scalar,cache_evicted,l3_miss,536870912,536870912,58720256,7,277394322,608857304,4,4,0,0,18005806201385583,0
1,stride16-gcc13-scalar-r14-stride16_scan-scalar-warm-l3_miss-16384,stride16-gcc13-scalar,14,stride16_scan,scalar,warm,l3_miss,16384,16384,312124160,1219235,250000268,548729668,4,4,0,0,558049151577,0
1,stride16-gcc13-scalar-r14-stride16_scan-scalar-warm-l3_miss-12582912,stride16-gcc13-scalar,14,stride16_scan,scalar,warm,l3_miss,12582912,12582912,55246848,281,250804697,550495000,4,4,0,0,422402534426723,0
1,stride16-gcc13-scalar-r14-stride16_scan-scalar-warm-l3_miss-1048576,stride16-gcc13-scalar,14,stride16_scan,scalar,warm,l3_miss,1048576,1048576,112132096,6844,250012653,548756576,4,4,0,0,0,0
1,stride16-gcc13-scalar-r14-stride16_scan-scalar-warm-l1_miss-65536,stride16-gcc13-scalar,14,stride16_scan,scalar,warm,l1_miss,65536,65536,202999808,198242,250000726,548730408,4,4,0,0,0,0
1,stride16-gcc13-scalar-r14-stride16_scan-scalar-cache_evicted-l3_miss-33554432,stride16-gcc13-scalar,14,stride16_scan,scalar,cache_evicted,l3_miss,33554432,33554432,54001664,103,251419092,551843472,4,4,0,0,1126733109997146,0
1,stride16-gcc13-scalar-r14-stride16_scan-scalar-warm-l3_miss-2097152,stride16-gcc13-scalar,14,stride16_scan,scalar,warm,l3_miss,2097152,2097152,112295936,3427,250018449,548769432,4,4,0,0,70524451256960,0
1,stride16-gcc13-scalar-r14-stride16_scan-scalar-cache_evicted-l1_miss-6291456,stride16-gcc13-scalar,14,stride16_scan,scalar,cache_evicted,l1_miss,6291456,6291456,92307456,939,250082593,548910052,4,4,0,0,211168331488334,0
1,stride16-gcc13-scalar-r14-stride16_scan-scalar-warm-l1_miss-49152,stride16-gcc13-scalar,14,stride16_scan,scalar,warm,l1_miss,49152,49152,199014912,259134,250000280,548729392,4,4,0,0,0,0
1,stride16-gcc13-scalar-r14-stride16_scan-scalar-warm-l3_miss-5242880,stride16-gcc13-scalar,14,stride16_scan,scalar,warm,l3_miss,5242880,5242880,92815360,1133,250005099,548739988,4,4,0,0,176159731573258,0
1,stride16-gcc13-scalar-r14-stride16_scan-scalar-warm-l3_miss-8192,stride16-gcc13-scalar,14,stride16_scan,scalar,warm,l3_miss,8192,8192,255449088,1995696,250000188,548729364,4,4,0,0,0,0
1,stride16-gcc13-scalar-r14-stride16_scan-scalar-cache_evicted-l1_miss-8388608,stride16-gcc13-scalar,14,stride16_scan,scalar,cache_evicted,l1_miss,8388608,8388608,74842112,571,250036133,548808060,4,4,0,0,281407341389876,0
1,stride16-gcc13-scalar-r14-stride16_scan-scalar-warm-l2_miss-524288,stride16-gcc13-scalar,14,stride16_scan,scalar,warm,l2_miss,524288,524288,111886336,13658,250005812,548741720,4,4,0,0,0,0
1,stride16-gcc13-scalar-r14-stride16_scan-scalar-cache_evicted-l2_miss-32768,stride16-gcc13-scalar,14,stride16_scan,scalar,cache_evicted,l2_miss,32768,32768,321674752,628271,250000393,548729816,4,4,0,0,1130824352542,0
1,stride16-gcc13-scalar-r14-stride16_scan-scalar-warm-l1_miss-262144,stride16-gcc13-scalar,14,stride16_scan,scalar,warm,l1_miss,262144,262144,159584256,38961,250002800,548735100,4,4,0,0,8822286858275,0
1,stride16-gcc13-scalar-r14-stride16_scan-scalar-cache_evicted-l1_miss-262144,stride16-gcc13-scalar,14,stride16_scan,scalar,cache_evicted,l1_miss,262144,262144,135495680,33080,250003039,548735444,4,4,0,0,0,0
1,stride16-gcc13-scalar-r14-stride16_scan-scalar-cache_evicted-l1_miss-33554432,stride16-gcc13-scalar,14,stride16_scan,scalar,cache_evicted,l1_miss,33554432,33554432,53477376,102,250918918,550745744,4,4,0,0,0,0
1,stride16-gcc13-scalar-r14-stride16_scan-scalar-warm-l3_miss-294912,stride16-gcc13-scalar,14,stride16_scan,scalar,warm,l3_miss,294912,294912,125710848,27281,250008429,548747280,4,4,0,0,9920075125499,0
1,stride16-gcc13-scalar-r14-stride16_scan-scalar-cache_evicted-l2_miss-262144,stride16-gcc13-scalar,14,stride16_scan,scalar,cache_evicted,l2_miss,262144,262144,168820736,41216,250004477,548738640,4,4,0,0,0,0
1,stride16-gcc13-scalar-r14-stride16_scan-scalar-warm-l2_miss-36864,stride16-gcc13-scalar,14,stride16_scan,scalar,warm,l2_miss,36864,36864,195674112,339712,250000710,548730500,4,4,0,0,0,0
1,stride16-gcc13-scalar-r14-stride16_scan-scalar-cache_evicted-l2_miss-6291456,stride16-gcc13-scalar,14,stride16_scan,scalar,cache_evicted,l2_miss,6291456,6291456,80314368,817,250235424,549245504,4,4,0,0,211168331488334,0
1,stride16-gcc13-scalar-r14-stride16_scan-scalar-warm-l1_miss-134217728,stride16-gcc13-scalar,14,stride16_scan,scalar,warm,l1_miss,134217728,134217728,54525952,26,250080202,548904796,4,4,0,0,0,0
1,stride16-gcc13-scalar-r14-stride16_scan-scalar-warm-l3_miss-524288,stride16-gcc13-scalar,14,stride16_scan,scalar,warm,l3_miss,524288,524288,111902720,13660,250012829,548757120,4,4,0,0,0,0
1,stride16-gcc13-scalar-r14-stride16_scan-scalar-warm-l1_miss-536870912,stride16-gcc13-scalar,14,stride16_scan,scalar,warm,l1_miss,536870912,536870912,58720256,7,271867502,596726004,4,4,0,0,18012043869098383,0
1,stride16-gcc13-scalar-r14-stride16_scan-scalar-cache_evicted-l2_miss-8388608,stride16-gcc13-scalar,14,stride16_scan,scalar,cache_evicted,l2_miss,8388608,8388608,76414976,583,250079532,548903332,4,4,0,0,281407341389876,0
1,stride16-gcc13-scalar-r14-stride16_scan-scalar-warm-l1_miss-4194304,stride16-gcc13-scalar,14,stride16_scan,scalar,warm,l1_miss,4194304,4194304,110100480,1680,250016901,548765860,4,4,0,0,0,0
1,stride16-gcc13-scalar-r14-stride16_scan-scalar-warm-l3_miss-24576,stride16-gcc13-scalar,14,stride16_scan,scalar,warm,l3_miss,24576,24576,329374464,857746,250000254,548729348,4,4,0,0,0,0
1,stride16-gcc13-scalar-r14-stride16_scan-scalar-warm-l3_miss-32768,stride16-gcc13-scalar,14,stride16_scan,scalar,warm,l3_miss,32768,32768,321364992,627666,250000136,548729376,4,4,0,0,0,0
1,stride16-gcc13-scalar-r14-stride16_scan-scalar-cache_evicted-l2_miss-1048576,stride16-gcc13-scalar,14,stride16_scan,scalar,cache_evicted,l2_miss,1048576,1048576,112115712,6843,250026826,548787672,4,4,0,0,35222673498134,0
1,stride16-gcc13-scalar-r14-stride16_scan-scalar-warm-l2_miss-28672,stride16-gcc13-scalar,14,stride16_scan,scalar,warm,l2_miss,28672,28672,322620480,720135,250000370,548729468,4,4,0,0,945805672421,0
1,stride16-gcc13-scalar-r14-stride16_scan-scalar-warm-l3_miss-98304,stride16-gcc13-scalar,14,stride16_scan,scalar,warm,l3_miss,98304,98304,207473664,135074,250001882,548732920,4,4,0,0,0,0
1,stride16-gcc13-scalar-r14-stride16_scan-scalar-warm-l3_miss-262144,stride16-gcc13-scalar,14,stride16_scan,scalar,warm,l3_miss,262144,262144,138964992,33927,250000495,548729896,4,4,0,0,8822286858275,0
1,stride16-gcc13-scalar-r14-stride16_scan-scalar-cache_evicted-l3_miss-262144,stride16-gcc13-scalar,14,stride16_scan,scalar,cache_evicted,l3_miss,262144,262144,151781376,37056,250004950,548739800,4,4,0,0,0,0
1,stride16-gcc13-scalar-r14-stride16_scan-scalar-warm-l1_miss-229376,stride16-gcc13-scalar,14,stride16_scan,scalar,warm,l1_miss,229376,229376,189374976,52839,250003654,548736972,4,4,0,0,7738410718952,0
1,stride16-gcc13-scalar-r14-stride16_scan-scalar-cache_evicted-l1_miss-1048576,stride16-gcc13-scalar,14,stride16_scan,scalar,cache_evicted,l1_miss,1048576,1048576,112148480,6845,250026017,548786052,4,4,0,0,35222673498134,0
1,stride16-gcc13-scalar-r14-stride16_scan-scalar-warm-l3_miss-536870912,stride16-gcc13-scalar,14,stride16_scan,scalar,warm,l3_miss,536870912,536870912,58720256,7,275042960,603695864,4,4,0,0,18012043869098383,0
1,stride16-gcc13-scalar-r14-stride16_scan-scalar-warm-l2_miss-8388608,stride16-gcc13-scalar,14,stride16_scan,scalar,warm,l2_miss,8388608,8388608,62390272,476,250274350,549330936,4,4,0,0,0,0
1,stride16-gcc13-scalar-r14-stride16_scan-scalar-warm-l1_miss-8192,stride16-gcc13-scalar,14,stride16_scan,scalar,warm,l1_miss,8192,8192,254745472,1990199,250000248,548729332,4,4,0,0,290569373123,0
1,stride16-gcc13-scalar-r14-stride16_scan-scalar-warm-l3_miss-393216,stride16-gcc13-scalar,14,stride16_scan,scalar,warm,l3_miss,393216,393216,111845376,18204,250004663,548739284,4,4,0,0,0,0
1,stride16-gcc13-scalar-r14-stride16_scan-scalar-warm-l1_miss-294912,stride16-gcc13-scalar,14,stride16_scan,scalar,warm,l1_miss,294912,294912,131641344,28568,250006724,548743548,4,4,0,0,0,0
1,stride16-gcc13-scalar-r14-stride16_scan-scalar-warm-l2_miss-7340032,stride16-gcc13-scalar,14,stride16_scan,scalar,warm,l2_miss,7340032,7340032,70074368,611,250298899,549384820,4,4,0,0,246497435930720,0
1,stride16-gcc13-scalar-r14-stride16_scan-scalar-warm-l1_miss-12582912,stride16-gcc13-scalar,14,stride16_scan,scalar,warm,l1_miss,12582912,12582912,55050240,280,250402564,549612360,4,4,0,0,0,0
1,stride16-gcc13-scalar-r14-stride16_scan-scalar-warm-l1_miss-2097152,stride16-gcc13-scalar,14,stride16_scan,scalar,warm,l1_miss,2097152,2097152,112295936,3427,250042409,548822048,4,4,0,0,70524451256960,0
1,stride16-gcc13-scalar-r14-stride16_scan-scalar-warm-l3_miss-33554432,stride16-gcc13-scalar,14,stride16_scan,scalar,warm,l3_miss,33554432,33554432,53477376,102,250164217,549089208,4,4,0,0,0,0
1,stride16-gcc13-scalar-r14-stride16_scan-scalar-warm-l2_miss-6291456,stride16-gcc13-scalar,14,stride16_scan,scalar,warm,l2_miss,6291456,6291456,83460096,849,250078349,548900772,4,4,0,0,211171888578946,0
1,stride16-gcc13-scalar-r14-stride16_scan-scalar-warm-l1_miss-6291456,stride16-gcc13-scalar,14,stride16_scan,scalar,warm,l1_miss,6291456,6291456,85524480,870,250060320,548861192,4,4,0,0,0,0
1,stride16-gcc13-scalar-r14-stride16_scan-scalar-warm-l2_miss-98304,stride16-gcc13-scalar,14,stride16_scan,scalar,warm,l2_miss,98304,98304,205140480,133555,250000298,548729596,4,4,0,0,3313512915630,0
1,stride16-gcc13-scalar-r14-stride16_scan-scalar-warm-l1_miss-36864,stride16-gcc13-scalar,14,stride16_scan,scalar,warm,l1_miss,36864,36864,195820992,339967,250000125,548729324,4,4,0,0,1235356434647,0
