schema_version,sample_id,build_id,perf_profile,event,value,time_enabled,time_running
1,mlp8-gcc13-scalar-r0-mlp8_cycle-scalar-warm-basic-12582912,mlp8-gcc13-scalar,basic,cycles,549544305,250405434,250405434
1,mlp8-gcc13-scalar-r0-mlp8_cycle-scalar-warm-basic-12582912,mlp8-gcc13-scalar,basic,instructions,457686701,250405886,250405886
1,mlp8-gcc13-scalar-r0-mlp8_cycle-scalar-warm-basic-12582912,mlp8-gcc13-scalar,basic,ref_cycles,549549132,250402784,250402784
1,mlp8-gcc13-scalar-r0-mlp8_cycle-scalar-warm-basic-262144,mlp8-gcc13-scalar,basic,cycles,548732454,250032463,250032463
1,mlp8-gcc13-scalar-r0-mlp8_cycle-scalar-warm-basic-262144,mlp8-gcc13-scalar,basic,instructions,1764214121,250030174,250030174
1,mlp8-gcc13-scalar-r0-mlp8_cycle-scalar-warm-basic-262144,mlp8-gcc13-scalar,basic,ref_cycles,548734494,250027322,250027322
1,mlp8-gcc13-scalar-r0-mlp8_cycle-scalar-cache_evicted-basic-536870912,mlp8-gcc13-scalar,basic,cycles,689484802,314165993,314165993
1,mlp8-gcc13-scalar-r0-mlp8_cycle-scalar-cache_evicted-basic-536870912,mlp8-gcc13-scalar,basic,instructions,154141940,314164042,314164042
1,mlp8-gcc13-scalar-r0-mlp8_cycle-scalar-cache_evicted-basic-536870912,mlp8-gcc13-scalar,basic,ref_cycles,689488492,314161071,314161071
1,mlp8-gcc13-scalar-r0-mlp8_cycle-scalar-warm-branch-6291456,mlp8-gcc13-scalar,branch,cycles,542584606,247791607,247791607
1,mlp8-gcc13-scalar-r0-mlp8_cycle-scalar-warm-branch-6291456,mlp8-gcc13-scalar,branch,branches,10695699,247795811,247795811
1,mlp8-gcc13-scalar-r0-mlp8_cycle-scalar-warm-branch-6291456,mlp8-gcc13-scalar,branch,branch_misses,1132,247792984,247792984
1,mlp8-gcc13-scalar-r0-mlp8_cycle-scalar-cache_evicted-branch-33554432,mlp8-gcc13-scalar,branch,cycles,548812586,250075225,250075225
1,mlp8-gcc13-scalar-r0-mlp8_cycle-scalar-cache_evicted-branch-33554432,mlp8-gcc13-scalar,branch,branches,7016122,250075474,250075474
1,mlp8-gcc13-scalar-r0-mlp8_cycle-scalar-cache_evicted-branch-33554432,mlp8-gcc13-scalar,branch,branch_misses,148,250071819,250071819
1,mlp8-gcc13-scalar-r0-mlp8_cycle-scalar-warm-basic-33554432,mlp8-gcc13-scalar,basic,cycles,549667117,250462433,250462433
1,mlp8-gcc13-scalar-r0-mlp8_cycle-scalar-warm-basic-33554432,mlp8-gcc13-scalar,basic,instructions,311513898,250463805,250463805
1,mlp8-gcc13-scalar-r0-mlp8_cycle-scalar-warm-basic-33554432,mlp8-gcc13-scalar,basic,ref_cycles,549671672,250460556,250460556
1,mlp8-gcc13-scalar-r0-mlp8_cycle-scalar-warm-basic-49152,mlp8-gcc13-scalar,basic,cycles,548731411,250032325,250032325
1,mlp8-gcc13-scalar-r0-mlp8_cycle-scalar-warm-basic-49152,mlp8-gcc13-scalar,basic,instructions,1830430716,250028694,250028694
1,mlp8-gcc13-scalar-r0-mlp8_cycle-scalar-warm-basic-49152,mlp8-gcc13-scalar,basic,ref_cycles,548732250,250024585,250024585
1,mlp8-gcc13-scalar-r0-mlp8_cycle-scalar-warm-branch-7340032,mlp8-gcc13-scalar,branch,cycles,549195275,250247824,250247824
1,mlp8-gcc13-scalar-r0-mlp8_cycle-scalar-warm-branch-7340032,mlp8-gcc13-scalar,branch,branches,10289052,250247076,250247076
1,mlp8-gcc13-scalar-r0-mlp8_cycle-scalar-warm-branch-7340032,mlp8-gcc13-scalar,branch,branch_misses,760,250243096,250243096
1,mlp8-gcc13-scalar-r0-mlp8_cycle-scalar-warm-branch-33554432,mlp8-gcc13-scalar,branch,cycles,551741943,251410013,251410013
1,mlp8-gcc13-scalar-r0-mlp8_cycle-scalar-warm-branch-33554432,mlp8-gcc13-scalar,branch,branches,3868762,251409278,251409278
1,mlp8-gcc13-scalar-r0-mlp8_cycle-scalar-warm-branch-33554432,mlp8-gcc13-scalar,branch,branch_misses,120,251405506,251405506
1,mlp8-gcc13-scalar-r0-mlp8_cycle-scalar-warm-branch-5242880,mlp8-gcc13-scalar,branch,cycles,549036833,250175401,250175401
1,mlp8-gcc13-scalar-r0-mlp8_cycle-scalar-warm-branch-5242880,mlp8-gcc13-scalar,branch,branches,11363176,250173996,250173996
1,mlp8-gcc13-scalar-r0-mlp8_cycle-scalar-warm-branch-5242880,mlp8-gcc13-scalar,branch,branch_misses,1149,250170873,250170873
1,mlp8-gcc13-scalar-r0-mlp8_cycle-scalar-warm-basic-8388608,mlp8-gcc13-scalar,basic,cycles,549459602,250367328,250367328
1,mlp8-gcc13-scalar-r0-mlp8_cycle-scalar-warm-basic-8388608,mlp8-gcc13-scalar,basic,instructions,502696801,250368215,250368215
1,mlp8-gcc13-scalar-r0-mlp8_cycle-scalar-warm-basic-8388608,mlp8-gcc13-scalar,basic,ref_cycles,549464014,250365275,250365275
1,mlp8-gcc13-scalar-r0-mlp8_cycle-scalar-warm-basic-8192,mlp8-gcc13-scalar,basic,cycles,548730953,250031907,250031907
1,mlp8-gcc13-scalar-r0-mlp8_cycle-scalar-warm-basic-8192,mlp8-gcc13-scalar,basic,instructions,1660628695,250029392,250029392
1,mlp8-gcc13-scalar-r0-mlp8_cycle-scalar-warm-basic-8192,mlp8-gcc13-scalar,basic,ref_cycles,548732382,250026019,250026019
1,mlp8-gcc13-scalar-r0-mlp8_cycle-scalar-cache_evicted-basic-6291456,mlp8-gcc13-scalar,basic,cycles,549294356,250291520,250291520
1,mlp8-gcc13-scalar-r0-mlp8_cycle-scalar-cache_evicted-basic-6291456,mlp8-gcc13-scalar,basic,instructions,534262904,250291281,250291281
1,mlp8-gcc13-scalar-r0-mlp8_cycle-scalar-cache_evicted-basic-6291456,mlp8-gcc13-scalar,basic,ref_cycles,549298266,250288207,250288207
1,mlp8-gcc13-scalar-r0-mlp8_cycle-scalar-cache_evicted-basic-8388608,mlp8-gcc13-scalar,basic,cycles,549238728,250266752,250266752
1,mlp8-gcc13-scalar-r0-mlp8_cycle-scalar-cache_evicted-basic-8388608,mlp8-gcc13-scalar,basic,instructions,497075587,250265892,250265892
1,mlp8-gcc13-scalar-r0-mlp8_cycle-scalar-cache_evicted-basic-8388608,mlp8-gcc13-scalar,basic,ref_cycles,549242716,250262667,250262667
1,mlp8-gcc13-scalar-r0-mlp8_cycle-scalar-warm-branch-294912,mlp8-gcc13-scalar,branch,cycles,548731910,250033876,250033876
1,mlp8-gcc13-scalar-r0-mlp8_cycle-scalar-warm-branch-294912,mlp8-gcc13-scalar,branch,branches,35164848,250031092,250031092
1,mlp8-gcc13-scalar-r0-mlp8_cycle-scalar-warm-branch-294912,mlp8-gcc13-scalar,branch,branch_misses,57713,250027510,250027510
1,mlp8-gcc13-scalar-r0-mlp8_cycle-scalar-warm-basic-24576,mlp8-gcc13-scalar,basic,cycles,548732250,250032477,250032477
1,mlp8-gcc13-scalar-r0-mlp8_cycle-scalar-warm-basic-24576,mlp8-gcc13-scalar,basic,instructions,1763624158,250030624,250030624
1,mlp8-gcc13-scalar-r0-mlp8_cycle-scalar-warm-basic-24576,mlp8-gcc13-scalar,basic,ref_cycles,548734362,250027576,250027576
1,mlp8-gcc13-scalar-r0-mlp8_cycle-scalar-warm-branch-28672,mlp8-gcc13-scalar,branch,cycles,548731742,250033900,250033900
1,mlp8-gcc13-scalar-r0-mlp8_cycle-scalar-warm-branch-28672,mlp8-gcc13-scalar,branch,branches,54101100,250032759,250032759
1,mlp8-gcc13-scalar-r0-mlp8_cycle-scalar-warm-branch-28672,mlp8-gcc13-scalar,branch,branch_misses,601283,250029336,250029336
1,mlp8-gcc13-scalar-r0-mlp8_cycle-scalar-warm-branch-24576,mlp8-gcc13-scalar,branch,cycles,548731633,250034590,250034590
1,mlp8-gcc13-scalar-r0-mlp8_cycle-scalar-warm-branch-24576,mlp8-gcc13-scalar,branch,branches,56567272,250033147,250033147
1,mlp8-gcc13-scalar-r0-mlp8_cycle-scalar-warm-branch-24576,mlp8-gcc13-scalar,branch,branch_misses,689982,250029595,250029595
1,mlp8-gcc13-scalar-r0-mlp8_cycle-scalar-warm-branch-262144,mlp8-gcc13-scalar,branch,cycles,548732639,250033572,250033572
1,mlp8-gcc13-scalar-r0-mlp8_cycle-scalar-warm-branch-262144,mlp8-gcc13-scalar,branch,branches,37724931,250030190,250030190
1,mlp8-gcc13-scalar-r0-mlp8_cycle-scalar-warm-branch-262144,mlp8-gcc13-scalar,branch,branch_misses,69144,250026414,250026414
1,mlp8-gcc13-scalar-r0-mlp8_cycle-scalar-cache_evicted-branch-8388608,mlp8-gcc13-scalar,branch,cycles,549112598,250210693,250210693
1,mlp8-gcc13-scalar-r0-mlp8_cycle-scalar-cache_evicted-branch-8388608,mlp8-gcc13-scalar,branch,branches,10064366,250208630,250208630
1,mlp8-gcc13-scalar-r0-mlp8_cycle-scalar-cache_evicted-branch-8388608,mlp8-gcc13-scalar,branch,branch_misses,656,250204586,250204586
1,mlp8-gcc13-scalar-r0-mlp8_cycle-scalar-cache_evicted-branch-6291456,mlp8-gcc13-scalar,branch,cycles,549116968,250212524,250212524
1,mlp8-gcc13-scalar-r0-mlp8_cycle-scalar-cache_evicted-branch-6291456,mlp8-gcc13-scalar,branch,branches,10831170,250213166,250213166
1,mlp8-gcc13-scalar-r0-mlp8_cycle-scalar-cache_evicted-branch-6291456,mlp8-gcc13-scalar,branch,branch_misses,927,250209546,250209546
1,mlp8-gcc13-scalar-r0-mlp8_cycle-scalar-warm-branch-98304,mlp8-gcc13-scalar,branch,cycles,548730786,250031708,250031708
1,mlp8-gcc13-scalar-r0-mlp8_cycle-scalar-warm-branch-98304,mlp8-gcc13-scalar,branch,branches,43796346,250028826,250028826
1,mlp8-gcc13-scalar-r0-mlp8_cycle-scalar-warm-branch-98304,mlp8-gcc13-scalar,branch,branch_misses,193883,250025209,250025209
1,mlp8-gcc13-scalar-r0-mlp8_cycle-scalar-warm-branch-134217728,mlp8-gcc13-scalar,branch,cycles,598438148,272686386,272686386
1,mlp8-gcc13-scalar-r0-mlp8_cycle-scalar-warm-branch-134217728,mlp8-gcc13-scalar,branch,branches,3146268,272685322,272685322
1,mlp8-gcc13-scalar-r0-mlp8_cycle-scalar-warm-branch-134217728,mlp8-gcc13-scalar,branch,branch_misses,91,272681295,272681295
1,mlp8-gcc13-scalar-r0-mlp8_cycle-scalar-cache_evicted-basic-262144,mlp8-gcc13-scalar,basic,cycles,548736042,250035817,250035817
1,mlp8-gcc13-scalar-r0-mlp8_cycle-scalar-cache_evicted-basic-262144,mlp8-gcc13-scalar,basic,instructions,1721683175,250034751,250034751
1,mlp8-gcc13-scalar-r0-mlp8_cycle-scalar-cache_evicted-basic-262144,mlp8-gcc13-scalar,basic,ref_cycles,548738520,250031886,250031886
1,mlp8-gcc13-scalar-r0-mlp8_cycle-scalar-warm-branch-36864,mlp8-gcc13-scalar,branch,cycles,548732117,250035191,250035191
1,mlp8-gcc13-scalar-r0-mlp8_cycle-scalar-warm-branch-36864,mlp8-gcc13-scalar,branch,branches,51226027,250033263,250033263
1,mlp8-gcc13-scalar-r0-mlp8_cycle-scalar-warm-branch-36864,mlp8-gcc13-scalar,branch,branch_misses,483397,250029990,250029990
1,mlp8-gcc13-scalar-r0-mlp8_cycle-scalar-cache_evicted-basic-33554432,mlp8-gcc13-scalar,basic,cycles,552723905,251856301,251856301
1,mlp8-gcc13-scalar-r0-mlp8_cycle-scalar-cache_evicted-basic-33554432,mlp8-gcc13-scalar,basic,instructions,305090944,251856845,251856845
1,mlp8-gcc13-scalar-r0-mlp8_cycle-scalar-cache_evicted-basic-33554432,mlp8-gcc13-scalar,basic,ref_cycles,552728572,251853488,251853488
1,mlp8-gcc13-scalar-r0-mlp8_cycle-scalar-warm-basic-393216,mlp8-gcc13-scalar,basic,cycles,548731915,250032466,250032466
1,mlp8-gcc13-scalar-r0-mlp8_cycle-scalar-warm-basic-393216,mlp8-gcc13-scalar,basic,instructions,1455784347,250029382,250029382
1,mlp8-gcc13-scalar-r0-mlp8_cycle-scalar-warm-basic-393216,mlp8-gcc13-scalar,basic,ref_cycles,548733262,250026276,250026276
1,mlp8-gcc13-scalar-r0-mlp8_cycle-scalar-warm-basic-536870912,mlp8-gcc13-scalar,basic,cycles,694475098,316439317,316439317
1,mlp8-gcc13-scalar-r0-mlp8_cycle-scalar-warm-basic-536870912,mlp8-gcc13-scalar,basic,instructions,154141940,316437800,316437800
1,mlp8-gcc13-scalar-r0-mlp8_cycle-scalar-warm-basic-536870912,mlp8-gcc13-scalar,basic,ref_cycles,694478598,316434101,316434101
1,mlp8-gcc13-scalar-r0-mlp8_cycle-scalar-warm-branch-8192,mlp8-gcc13-scalar,branch,cycles,548731270,250034628,250034628
1,mlp8-gcc13-scalar-r0-mlp8_cycle-scalar-warm-branch-8192,mlp8-gcc13-scalar,branch,branches,84085834,250032518,250032518
1,mlp8-gcc13-scalar-r0-mlp8_cycle-scalar-warm-branch-8192,mlp8-gcc13-scalar,branch,branch_misses,493,250029003,250029003
1,mlp8-gcc13-scalar-r0-mlp8_cycle-scalar-cache_evicted-branch-32768,mlp8-gcc13-scalar,branch,cycles,548730695,250033984,250033984
1,mlp8-gcc13-scalar-r0-mlp8_cycle-scalar-cache_evicted-branch-32768,mlp8-gcc13-scalar,branch,branches,52094646,250031505,250031505
1,mlp8-gcc13-scalar-r0-mlp8_cycle-scalar-cache_evicted-branch-32768,mlp8-gcc13-scalar,branch,branch_misses,531715,250027246,250027246
1,mlp8-gcc13-scalar-r0-mlp8_cycle-scalar-warm-basic-36864,mlp8-gcc13-scalar,basic,cycles,548731315,250032187,250032187
1,mlp8-gcc13-scalar-r0-mlp8_cycle-scalar-warm-basic-36864,mlp8-gcc13-scalar,basic,instructions,1810555573,250029032,250029032
1,mlp8-gcc13-scalar-r0-mlp8_cycle-scalar-warm-basic-36864,mlp8-gcc13-scalar,basic,ref_cycles,548732360,250025458,250025458
1,mlp8-gcc13-scalar-r0-mlp8_cycle-scalar-warm-branch-131072,mlp8-gcc13-scalar,branch,cycles,548734269,250034429,250034429
1,mlp8-gcc13-scalar-r0-mlp8_cycle-scalar-warm-branch-131072,mlp8-gcc13-scalar,branch,branches,42658621,250033664,250033664
1,mlp8-gcc13-scalar-r0-mlp8_cycle-scalar-warm-branch-131072,mlp8-gcc13-scalar,branch,branch_misses,147193,250030096,250030096
1,mlp8-gcc13-scalar-r0-mlp8_cycle-scalar-warm-branch-196608,mlp8-gcc13-scalar,branch,cycles,548730991,250033881,250033881
1,mlp8-gcc13-scalar-r0-mlp8_cycle-scalar-warm-branch-196608,mlp8-gcc13-scalar,branch,branches,40565411,250031040,250031040
1,mlp8-gcc13-scalar-r0-mlp8_cycle-scalar-warm-branch-196608,mlp8-gcc13-scalar,branch,branch_misses,97108,250027465,250027465
1,mlp8-gcc13-scalar-r0-mlp8_cycle-scalar-warm-basic-4194304,mlp8-gcc13-scalar,basic,cycles,548989790,250152085,250152085
1,mlp8-gcc13-scalar-r0-mlp8_cycle-scalar-warm-basic-4194304,mlp8-gcc13-scalar,basic,instructions,597211056,250151301,250151301
1,mlp8-gcc13-scalar-r0-mlp8_cycle-scalar-warm-basic-4194304,mlp8-gcc13-scalar,basic,ref_cycles,548993434,250148185,250148185
1,mlp8-gcc13-scalar-r0-mlp8_cycle-scalar-warm-branch-393216,mlp8-gcc13-scalar,branch,cycles,548737469,250036773,250036773
1,mlp8-gcc13-scalar-r0-mlp8_cycle-scalar-warm-branch-393216,mlp8-gcc13-scalar,branch,branches,30743431,250034096,250034096
1,mlp8-gcc13-scalar-r0-mlp8_cycle-scalar-warm-branch-393216,mlp8-gcc13-scalar,branch,branch_misses,38392,250030351,250030351
1,mlp8-gcc13-scalar-r0-mlp8_cycle-scalar-warm-basic-1048576,mlp8-gcc13-scalar,basic,cycles,548762225,250048052,250048052
1,mlp8-gcc13-scalar-r0-mlp8_cycle-scalar-warm-basic-1048576,mlp8-gcc13-scalar,basic,instructions,1188377234,250045376,250045376
1,mlp8-gcc13-scalar-r0-mlp8_cycle-scalar-warm-basic-1048576,mlp8-gcc13-scalar,basic,ref_cycles,548763864,250041919,250041919
1,mlp8-gcc13-scalar-r0-mlp8_cycle-scalar-cache_evicted-branch-536870912,mlp8-gcc13-scalar,branch,cycles,689336911,314099678,314099678
1,mlp8-gcc13-scalar-r0-mlp8_cycle-scalar-cache_evicted-branch-536870912,mlp8-gcc13-scalar,branch,branches,3145962,314098042,314098042
1,mlp8-gcc13-scalar-r0-mlp8_cycle-scalar-cache_evicted-branch-536870912,mlp8-gcc13-scalar,branch,branch_misses,39,314094884,314094884
1,mlp8-gcc13-scalar-r0-mlp8_cycle-scalar-warm-branch-12582912,mlp8-gcc13-scalar,branch,cycles,549130628,250218839,250218839
1,mlp8-gcc13-scalar-r0-mlp8_cycle-scalar-warm-branch-12582912,mlp8-gcc13-scalar,branch,branches,9524204,250218076,250218076
1,mlp8-gcc13-scalar-r0-mlp8_cycle-scalar-warm-branch-12582912,mlp8-gcc13-scalar,branch,branch_misses,441,250214440,250214440
1,mlp8-gcc13-scalar-r0-mlp8_cycle-scalar-warm-basic-7340032,mlp8-gcc13-scalar,basic,cycles,549105077,250205100,250205100
1,mlp8-gcc13-scalar-r0-mlp8_cycle-scalar-warm-basic-7340032,mlp8-gcc13-scalar,basic,instructions,508738777,250205018,250205018
1,mlp8-gcc13-scalar-r0-mlp8_cycle-scalar-warm-basic-7340032,mlp8-gcc13-scalar,basic,ref_cycles,549109110,250201833,250201833
1,mlp8-gcc13-scalar-r0-mlp8_cycle-scalar-warm-basic-6291456,mlp8-gcc13-scalar,basic,cycles,548966547,250141924,250141924
1,mlp8-gcc13-scalar-r0-mlp8_cycle-scalar-warm-basic-6291456,mlp8-gcc13-scalar,basic,instructions,525228029,250142489,250142489
1,mlp8-gcc13-scalar-r0-mlp8_cycle-scalar-warm-basic-6291456,mlp8-gcc13-scalar,basic,ref_cycles,548970708,250139382,250139382
1,mlp8-gcc13-scalar-r0-mlp8_cycle-scalar-warm-branch-8388608,mlp8-gcc13-scalar,branch,cycles,549270694,250283719,250283719
1,mlp8-gcc13-scalar-r0-mlp8_cycle-scalar-warm-branch-8388608,mlp8-gcc13-scalar,branch,branches,9982279,250282693,250282693
1,mlp8-gcc13-scalar-r0-mlp8_cycle-scalar-warm-branch-8388608,mlp8-gcc13-scalar,branch,branch_misses,652,250278439,250278439
1,mlp8-gcc13-scalar-r0-mlp8_cycle-scalar-warm-branch-32768,mlp8-gcc13-scalar,branch,cycles,548731273,250033694,250033694
1,mlp8-gcc13-scalar-r0-mlp8_cycle-scalar-warm-branch-32768,mlp8-gcc13-scalar,branch,branches,52733559,250032143,250032143
1,mlp8-gcc13-scalar-r0-mlp8_cycle-scalar-warm-branch-32768,mlp8-gcc13-scalar,branch,branch_misses,538226,250029008,250029008
1,mlp8-gcc13-scalar-r0-mlp8_cycle-scalar-warm-basic-28672,mlp8-gcc13-scalar,basic,cycles,548731331,250031758,250031758
1,mlp8-gcc13-scalar-r0-mlp8_cycle-scalar-warm-basic-28672,mlp8-gcc13-scalar,basic,instructions,1787745087,250028766,250028766
1,mlp8-gcc13-scalar-r0-mlp8_cycle-scalar-warm-basic-28672,mlp8-gcc13-scalar,basic,ref_cycles,548732228,250025290,250025290
1,mlp8-gcc13-scalar-r0-mlp8_cycle-scalar-warm-basic-98304,mlp8-gcc13-scalar,basic,cycles,548732060,250032453,250032453
1,mlp8-gcc13-scalar-r0-mlp8_cycle-scalar-warm-basic-98304,mlp8-gcc13-scalar,basic,instructions,1868129908,250030059,250030059
1,mlp8-gcc13-scalar-r0-mlp8_cycle-scalar-warm-basic-98304,mlp8-gcc13-scalar,basic,ref_cycles,548733680,250026390,250026390
1,mlp8-gcc13-scalar-r0-mlp8_cycle-scalar-cache_evicted-basic-32768,mlp8-gcc13-scalar,basic,cycles,548730371,250031842,250031842
1,mlp8-gcc13-scalar-r0-mlp8_cycle-scalar-cache_evicted-basic-32768,mlp8-gcc13-scalar,basic,instructions,1798980616,250029268,250029268
1,mlp8-gcc13-scalar-r0-mlp8_cycle-scalar-cache_evicted-basic-32768,mlp8-gcc13-scalar,basic,ref_cycles,548731326,250025921,250025921
1,mlp8-gcc13-scalar-r0-mlp8_cycle-scalar-warm-branch-229376,mlp8-gcc13-scalar,branch,cycles,548735341,250034425,250034425
1,mlp8-gcc13-scalar-r0-mlp8_cycle-scalar-warm-branch-229376,mlp8-gcc13-scalar,branch,branches,38953933,250030894,250030894
1,mlp8-gcc13-scalar-r0-mlp8_cycle-scalar-warm-branch-229376,mlp8-gcc13-scalar,branch,branch_misses,80869,250027254,250027254
1,mlp8-gcc13-scalar-r0-mlp8_cycle-scalar-warm-basic-134217728,mlp8-gcc13-scalar,basic,cycles,549677261,250469176,250469176
1,mlp8-gcc13-scalar-r0-mlp8_cycle-scalar-warm-basic-134217728,mlp8-gcc13-scalar,basic,instructions,141298588,250468370,250468370
1,mlp8-gcc13-scalar-r0-mlp8_cycle-scalar-warm-basic-134217728,mlp8-gcc13-scalar,basic,ref_cycles,549681440,250464681,250464681
1,mlp8-gcc13-scalar-r0-mlp8_cycle-scalar-warm-basic-131072,mlp8-gcc13-scalar,basic,cycles,548732502,250033036,250033036
1,mlp8-gcc13-scalar-r0-mlp8_cycle-scalar-warm-basic-131072,mlp8-gcc13-scalar,basic,instructions,1866005562,250031433,250031433
1,mlp8-gcc13-scalar-r0-mlp8_cycle-scalar-warm-basic-131072,mlp8-gcc13-scalar,basic,ref_cycles,548734802,250028377,250028377
1,mlp8-gcc13-scalar-r0-mlp8_cycle-scalar-warm-basic-229376,mlp8-gcc13-scalar,basic,cycles,548734701,250034409,250034409
1,mlp8-gcc13-scalar-r0-mlp8_cycle-scalar-warm-basic-229376,mlp8-gcc13-scalar,basic,instructions,1782246907,250032791,250032791
1,mlp8-gcc13-scalar-r0-mlp8_cycle-scalar-warm-basic-229376,mlp8-gcc13-scalar,basic,ref_cycles,548737068,250029981,250029981
1,mlp8-gcc13-scalar-r0-mlp8_cycle-scalar-warm-basic-16384,mlp8-gcc13-scalar,basic,cycles,548731535,250033654,250033654
1,mlp8-gcc13-scalar-r0-mlp8_cycle-scalar-warm-basic-16384,mlp8-gcc13-scalar,basic,instructions,1720605653,250031684,250031684
1,mlp8-gcc13-scalar-r0-mlp8_cycle-scalar-warm-basic-16384,mlp8-gcc13-scalar,basic,ref_cycles,548734252,250028872,250028872
1,mlp8-gcc13-scalar-r0-mlp8_cycle-scalar-warm-branch-1048576,mlp8-gcc13-scalar,branch,cycles,548774622,250053340,250053340
1,mlp8-gcc13-scalar-r0-mlp8_cycle-scalar-warm-branch-1048576,mlp8-gcc13-scalar,branch,branches,24986233,250050148,250050148
1,mlp8-gcc13-scalar-r0-mlp8_cycle-scalar-warm-branch-1048576,mlp8-gcc13-scalar,branch,branch_misses,12061,250046973,250046973
1,mlp8-gcc13-scalar-r0-mlp8_cycle-scalar-warm-basic-2097152,mlp8-gcc13-scalar,basic,cycles,548840370,250084680,250084680
1,mlp8-gcc13-scalar-r0-mlp8_cycle-scalar-warm-basic-2097152,mlp8-gcc13-scalar,basic,instructions,781969593,250082684,250082684
1,mlp8-gcc13-scalar-r0-mlp8_cycle-scalar-warm-basic-2097152,mlp8-gcc13-scalar,basic,ref_cycles,548843394,250079195,250079195
1,mlp8-gcc13-scalar-r0-mlp8_cycle-scalar-warm-basic-524288,mlp8-gcc13-scalar,basic,cycles,548741022,250036226,250036226
1,mlp8-gcc13-scalar-r0-mlp8_cycle-scalar-warm-basic-524288,mlp8-gcc13-scalar,basic,instructions,1345791021,250034201,250034201
1,mlp8-gcc13-scalar-r0-mlp8_cycle-scalar-warm-basic-524288,mlp8-gcc13-scalar,basic,ref_cycles,548742546,250030868,250030868
1,mlp8-gcc13-scalar-r0-mlp8_cycle-scalar-warm-branch-49152,mlp8-gcc13-scalar,branch,cycles,548730309,250031618,250031618
1,mlp8-gcc13-scalar-r0-mlp8_cycle-scalar-warm-branch-49152,mlp8-gcc13-scalar,branch,branches,48499550,250028823,250028823
1,mlp8-gcc13-scalar-r0-mlp8_cycle-scalar-warm-branch-49152,mlp8-gcc13-scalar,branch,branch_misses,373205,250025120,250025120
1,mlp8-gcc13-scalar-r0-mlp8_cycle-scalar-warm-branch-536870912,mlp8-gcc13-scalar,branch,cycles,690419690,314591726,314591726
1,mlp8-gcc13-scalar-r0-mlp8_cycle-scalar-warm-branch-536870912,mlp8-gcc13-scalar,branch,branches,3145962,314591149,314591149
1,mlp8-gcc13-scalar-r0-mlp8_cycle-scalar-warm-branch-536870912,mlp8-gcc13-scalar,branch,branch_misses,42,314587545,314587545
1,mlp8-gcc13-scalar-r0-mlp8_cycle-scalar-warm-basic-294912,mlp8-gcc13-scalar,basic,cycles,548731003,250033126,250033126
1,mlp8-gcc13-scalar-r0-mlp8_cycle-scalar-warm-basic-294912,mlp8-gcc13-scalar,basic,instructions,1631632465,250031186,250031186
1,mlp8-gcc13-scalar-r0-mlp8_cycle-scalar-warm-basic-294912,mlp8-gcc13-scalar,basic,ref_cycles,548733064,250027630,250027630
1,mlp8-gcc13-scalar-r0-mlp8_cycle-scalar-warm-basic-196608,mlp8-gcc13-scalar,basic,cycles,548731314,250031393,250031393
1,mlp8-gcc13-scalar-r0-mlp8_cycle-scalar-warm-basic-196608,mlp8-gcc13-scalar,basic,instructions,1837098556,250028332,250028332
1,mlp8-gcc13-scalar-r0-mlp8_cycle-scalar-warm-basic-196608,mlp8-gcc13-scalar,basic,ref_cycles,548732382,250024769,250024769
1,mlp8-gcc13-scalar-r0-mlp8_cycle-scalar-warm-basic-32768,mlp8-gcc13-scalar,basic,cycles,548731414,250031595,250031595
1,mlp8-gcc13-scalar-r0-mlp8_cycle-scalar-warm-basic-32768,mlp8-gcc13-scalar,basic,instructions,1799051579,250028741,250028741
1,mlp8-gcc13-scalar-r0-mlp8_cycle-scalar-warm-basic-32768,mlp8-gcc13-scalar,basic,ref_cycles,548732888,250024962,250024962
1,mlp8-gcc13-scalar-r0-mlp8_cycle-scalar-cache_evicted-basic-1048576,mlp8-gcc13-scalar,basic,cycles,548752228,250044159,250044159
1,mlp8-gcc13-scalar-r0-mlp8_cycle-scalar-cache_evicted-basic-1048576,mlp8-gcc13-scalar,basic,instructions,1243889182,250041891,250041891
1,mlp8-gcc13-scalar-r0-mlp8_cycle-scalar-cache_evicted-basic-1048576,mlp8-gcc13-scalar,basic,ref_cycles,548755086,250038546,250038546
1,mlp8-gcc13-scalar-r0-mlp8_cycle-scalar-cache_evicted-branch-262144,mlp8-gcc13-scalar,branch,cycles,548736232,250036780,250036780
1,mlp8-gcc13-scalar-r0-mlp8_cycle-scalar-cache_evicted-branch-262144,mlp8-gcc13-scalar,branch,branches,36862682,250032910,250032910
1,mlp8-gcc13-scalar-r0-mlp8_cycle-scalar-cache_evicted-branch-262144,mlp8-gcc13-scalar,branch,branch_misses,67590,250028512,250028512
1,mlp8-gcc13-scalar-r0-mlp8_cycle-scalar-cache_evicted-branch-1048576,mlp8-gcc13-scalar,branch,cycles,548732701,250035744,250035744
1,mlp8-gcc13-scalar-r0-mlp8_cycle-scalar-cache_evicted-branch-1048576,mlp8-gcc13-scalar,branch,branches,25275612,250034568,250034568
1,mlp8-gcc13-scalar-r0-mlp8_cycle-scalar-cache_evicted-branch-1048576,mlp8-gcc13-scalar,branch,branch_misses,12214,250030677,250030677
1,mlp8-gcc13-scalar-r0-mlp8_cycle-scalar-warm-branch-65536,mlp8-gcc13-scalar,branch,cycles,548730739,250032819,250032819
1,mlp8-gcc13-scalar-r0-mlp8_cycle-scalar-warm-branch-65536,mlp8-gcc13-scalar,branch,branches,46279529,250031144,250031144
1,mlp8-gcc13-scalar-r0-mlp8_cycle-scalar-warm-branch-65536,mlp8-gcc13-scalar,branch,branch_misses,285819,250027821,250027821
1,mlp8-gcc13-scalar-r0-mlp8_cycle-scalar-warm-branch-2097152,mlp8-gcc13-scalar,branch,cycles,548732524,250034822,250034822
1,mlp8-gcc13-scalar-r0-mlp8_cycle-scalar-warm-branch-2097152,mlp8-gcc13-scalar,branch,branches,16288864,250031987,250031987
1,mlp8-gcc13-scalar-r0-mlp8_cycle-scalar-warm-branch-2097152,mlp8-gcc13-scalar,branch,branch_misses,3990,250029019,250029019
1,mlp8-gcc13-scalar-r0-mlp8_cycle-scalar-warm-basic-65536,mlp8-gcc13-scalar,basic,cycles,548730894,250032168,250032168
1,mlp8-gcc13-scalar-r0-mlp8_cycle-scalar-warm-basic-65536,mlp8-gcc13-scalar,basic,instructions,1847020002,250029507,250029507
1,mlp8-gcc13-scalar-r0-mlp8_cycle-scalar-warm-basic-65536,mlp8-gcc13-scalar,basic,ref_cycles,548732294,250026046,250026046
1,mlp8-gcc13-scalar-r0-mlp8_cycle-scalar-warm-branch-16384,mlp8-gcc13-scalar,branch,cycles,548730855,250031966,250031966
1,mlp8-gcc13-scalar-r0-mlp8_cycle-scalar-warm-branch-16384,mlp8-gcc13-scalar,branch,branches,63120095,250028634,250028634
1,mlp8-gcc13-scalar-r0-mlp8_cycle-scalar-warm-branch-16384,mlp8-gcc13-scalar,branch,branch_misses,956615,250024903,250024903
1,mlp8-gcc13-scalar-r0-mlp8_cycle-scalar-warm-branch-524288,mlp8-gcc13-scalar,branch,cycles,548737614,250035827,250035827
1,mlp8-gcc13-scalar-r0-mlp8_cycle-scalar-warm-branch-524288,mlp8-gcc13-scalar,branch,branches,27670022,250033259,250033259
1,mlp8-gcc13-scalar-r0-mlp8_cycle-scalar-warm-branch-524288,mlp8-gcc13-scalar,branch,branch_misses,26258,250029741,250029741
1,mlp8-gcc13-scalar-r0-mlp8_cycle-scalar-warm-basic-5242880,mlp8-gcc13-scalar,basic,cycles,549104897,250204528,250204528
1,mlp8-gcc13-scalar-r0-mlp8_cycle-scalar-warm-basic-5242880,mlp8-gcc13-scalar,basic,instructions,550163079,250202293,250202293
1,mlp8-gcc13-scalar-r0-mlp8_cycle-scalar-warm-basic-5242880,mlp8-gcc13-scalar,basic,ref_cycles,549107570,250198957,250198957
1,mlp8-gcc13-scalar-r0-mlp8_cycle-scalar-warm-branch-4194304,mlp8-gcc13-scalar,branch,cycles,548736693,250038308,250038308
1,mlp8-gcc13-scalar-r0-mlp8_cycle-scalar-warm-branch-4194304,mlp8-gcc13-scalar,branch,branches,12166395,250035254,250035254
1,mlp8-gcc13-scalar-r0-mlp8_cycle-scalar-warm-branch-4194304,mlp8-gcc13-scalar,branch,branch_misses,1523,250031265,250031265
1,mlp8-gcc13-scalar-r1-mlp8_cycle-scalar-warm-branch-65536,mlp8-gcc13-scalar,branch,cycles,548733338,250035337,250035337
1,mlp8-gcc13-scalar-r1-mlp8_cycle-scalar-warm-branch-65536,mlp8-gcc13-scalar,branch,branches,46159332,250034473,250034473
1,mlp8-gcc13-scalar-r1-mlp8_cycle-scalar-warm-branch-65536,mlp8-gcc13-scalar,branch,branch_misses,285105,250030677,250030677
1,mlp8-gcc13-scalar-r1-mlp8_cycle-scalar-warm-branch-12582912,mlp8-gcc13-scalar,branch,cycles,549746059,250499930,250499930
1,mlp8-gcc13-scalar-r1-mlp8_cycle-scalar-warm-branch-12582912,mlp8-gcc13-scalar,branch,branches,9302712,250499427,250499427
1,mlp8-gcc13-scalar-r1-mlp8_cycle-scalar-warm-branch-12582912,mlp8-gcc13-scalar,branch,branch_misses,426,250495429,250495429
1,mlp8-gcc13-scalar-r1-mlp8_cycle-scalar-warm-branch-1048576,mlp8-gcc13-scalar,branch,cycles,548739534,250037003,250037003
1,mlp8-gcc13-scalar-r1-mlp8_cycle-scalar-warm-branch-1048576,mlp8-gcc13-scalar,branch,branches,24542818,250033881,250033881
1,mlp8-gcc13-scalar-r1-mlp8_cycle-scalar-warm-branch-1048576,mlp8-gcc13-scalar,branch,branch_misses,11825,250029866,250029866
1,mlp8-gcc13-scalar-r1-mlp8_cycle-scalar-cache_evicted-basic-6291456,mlp8-gcc13-scalar,basic,cycles,549087335,250196280,250196280
1,mlp8-gcc13-scalar-r1-mlp8_cycle-scalar-cache_evicted-basic-6291456,mlp8-gcc13-scalar,basic,instructions,522216404,250194242,250194242
1,mlp8-gcc13-scalar-r1-mlp8_cycle-scalar-cache_evicted-basic-6291456,mlp8-gcc13-scalar,basic,ref_cycles,549089882,250190560,250190560
1,mlp8-gcc13-scalar-r1-mlp8_cycle-scalar-warm-basic-33554432,mlp8-gcc13-scalar,basic,cycles,553277371,252107475,252107475
1,mlp8-gcc13-scalar-r1-mlp8_cycle-scalar-warm-basic-33554432,mlp8-gcc13-scalar,basic,instructions,340417191,252107481,252107481
1,mlp8-gcc13-scalar-r1-mlp8_cycle-scalar-warm-basic-33554432,mlp8-gcc13-scalar,basic,ref_cycles,553281498,252104231,252104231
1,mlp8-gcc13-scalar-r1-mlp8_cycle-scalar-warm-branch-5242880,mlp8-gcc13-scalar,branch,cycles,549102141,250205776,250205776
1,mlp8-gcc13-scalar-r1-mlp8_cycle-scalar-warm-branch-5242880,mlp8-gcc13-scalar,branch,branches,11116600,250204864,250204864
1,mlp8-gcc13-scalar-r1-mlp8_cycle-scalar-warm-branch-5242880,mlp8-gcc13-scalar,branch,branch_misses,1129,250201425,250201425
1,mlp8-gcc13-scalar-r1-mlp8_cycle-scalar-warm-branch-2097152,mlp8-gcc13-scalar,branch,cycles,548750688,250041936,250041936
1,mlp8-gcc13-scalar-r1-mlp8_cycle-scalar-warm-branch-2097152,mlp8-gcc13-scalar,branch,branches,15979128,250039001,250039001
1,mlp8-gcc13-scalar-r1-mlp8_cycle-scalar-warm-branch-2097152,mlp8-gcc13-scalar,branch,branch_misses,3929,250035352,250035352
1,mlp8-gcc13-scalar-r1-mlp8_cycle-scalar-warm-branch-32768,mlp8-gcc13-scalar,branch,cycles,548730233,250031446,250031446
1,mlp8-gcc13-scalar-r1-mlp8_cycle-scalar-warm-branch-32768,mlp8-gcc13-scalar,branch,branches,52498252,250027852,250027852
1,mlp8-gcc13-scalar-r1-mlp8_cycle-scalar-warm-branch-32768,mlp8-gcc13-scalar,branch,branch_misses,535896,250023962,250023962
1,mlp8-gcc13-scalar-r1-mlp8_cycle-scalar-cache_evicted-branch-8388608,mlp8-gcc13-scalar,branch,cycles,549156727,250231019,250231019
1,mlp8-gcc13-scalar-r1-mlp8_cycle-scalar-cache_evicted-branch-8388608,mlp8-gcc13-scalar,branch,branches,10064366,250230784,250230784
1,mlp8-gcc13-scalar-r1-mlp8_cycle-scalar-cache_evicted-branch-8388608,mlp8-gcc13-scalar,branch,branch_misses,658,250227256,250227256
1,mlp8-gcc13-scalar-r1-mlp8_cycle-scalar-cache_evicted-basic-33554432,mlp8-gcc13-scalar,basic,cycles,549073336,250195079,250195079
1,mlp8-gcc13-scalar-r1-mlp8_cycle-scalar-cache_evicted-basic-33554432,mlp8-gcc13-scalar,basic,instructions,234438456,250194269,250194269
1,mlp8-gcc13-scalar-r1-mlp8_cycle-scalar-cache_evicted-basic-33554432,mlp8-gcc13-scalar,basic,ref_cycles,549077936,250191104,250191104
1,mlp8-gcc13-scalar-r1-mlp8_cycle-scalar-warm-basic-28672,mlp8-gcc13-scalar,basic,cycles,548731543,250032719,250032719
1,mlp8-gcc13-scalar-r1-mlp8_cycle-scalar-warm-basic-28672,mlp8-gcc13-scalar,basic,instructions,1786047535,250031052,250031052
1,mlp8-gcc13-scalar-r1-mlp8_cycle-scalar-warm-basic-28672,mlp8-gcc13-scalar,basic,ref_cycles,548734208,250027744,250027744
1,mlp8-gcc13-scalar-r1-mlp8_cycle-scalar-warm-branch-98304,mlp8-gcc13-scalar,branch,cycles,548731563,250033837,250033837
1,mlp8-gcc13-scalar-r1-mlp8_cycle-scalar-warm-branch-98304,mlp8-gcc13-scalar,branch,branches,43887861,250032389,250032389
1,mlp8-gcc13-scalar-r1-mlp8_cycle-scalar-warm-branch-98304,mlp8-gcc13-scalar,branch,branch_misses,194276,250029210,250029210
1,mlp8-gcc13-scalar-r1-mlp8_cycle-scalar-cache_evicted-branch-32768,mlp8-gcc13-scalar,branch,cycles,548732406,250036172,250036172
1,mlp8-gcc13-scalar-r1-mlp8_cycle-scalar-cache_evicted-branch-32768,mlp8-gcc13-scalar,branch,branches,52512072,250033386,250033386
1,mlp8-gcc13-scalar-r1-mlp8_cycle-scalar-cache_evicted-branch-32768,mlp8-gcc13-scalar,branch,branch_misses,535995,250029879,250029879
1,mlp8-gcc13-scalar-r1-mlp8_cycle-scalar-warm-basic-393216,mlp8-gcc13-scalar,basic,cycles,548740139,250034653,250034653
1,mlp8-gcc13-scalar-r1-mlp8_cycle-scalar-warm-basic-393216,mlp8-gcc13-scalar,basic,instructions,1415783478,250031525,250031525
1,mlp8-gcc13-scalar-r1-mlp8_cycle-scalar-warm-basic-393216,mlp8-gcc13-scalar,basic,ref_cycles,548741050,250028273,250028273
1,mlp8-gcc13-scalar-r1-mlp8_cycle-scalar-warm-branch-229376,mlp8-gcc13-scalar,branch,cycles,548731454,250032997,250032997
1,mlp8-gcc13-scalar-r1-mlp8_cycle-scalar-warm-branch-229376,mlp8-gcc13-scalar,branch,branches,39643245,250031377,250031377
1,mlp8-gcc13-scalar-r1-mlp8_cycle-scalar-warm-branch-229376,mlp8-gcc13-scalar,branch,branch_misses,82320,250027837,250027837
1,mlp8-gcc13-scalar-r1-mlp8_cycle-scalar-warm-branch-524288,mlp8-gcc13-scalar,branch,cycles,548739217,250035761,250035761
1,mlp8-gcc13-scalar-r1-mlp8_cycle-scalar-warm-branch-524288,mlp8-gcc13-scalar,branch,branches,24447347,250032313,250032313
1,mlp8-gcc13-scalar-r1-mlp8_cycle-scalar-warm-branch-524288,mlp8-gcc13-scalar,branch,branch_misses,23151,250028754,250028754
1,mlp8-gcc13-scalar-r1-mlp8_cycle-scalar-warm-branch-16384,mlp8-gcc13-scalar,branch,cycles,548730970,250032391,250032391
1,mlp8-gcc13-scalar-r1-mlp8_cycle-scalar-warm-branch-16384,mlp8-gcc13-scalar,branch,branches,61981542,250030550,250030550
1,mlp8-gcc13-scalar-r1-mlp8_cycle-scalar-warm-branch-16384,mlp8-gcc13-scalar,branch,branch_misses,760440,250026570,250026570
1,mlp8-gcc13-scalar-r1-mlp8_cycle-scalar-warm-basic-12582912,mlp8-gcc13-scalar,basic,cycles,549206040,250252619,250252619
1,mlp8-gcc13-scalar-r1-mlp8_cycle-scalar-warm-basic-12582912,mlp8-gcc13-scalar,basic,instructions,425166902,250251290,250251290
1,mlp8-gcc13-scalar-r1-mlp8_cycle-scalar-warm-basic-12582912,mlp8-gcc13-scalar,basic,ref_cycles,549209980,250247890,250247890
1,mlp8-gcc13-scalar-r1-mlp8_cycle-scalar-warm-branch-33554432,mlp8-gcc13-scalar,branch,cycles,551961252,251508755,251508755
1,mlp8-gcc13-scalar-r1-mlp8_cycle-scalar-warm-branch-33554432,mlp8-gcc13-scalar,branch,branches,6294852,251509282,251509282
1,mlp8-gcc13-scalar-r1-mlp8_cycle-scalar-warm-branch-33554432,mlp8-gcc13-scalar,branch,branch_misses,143,251505181,251505181
1,mlp8-gcc13-scalar-r1-mlp8_cycle-scalar-cache_evicted-branch-536870912,mlp8-gcc13-scalar,branch,cycles,690680029,314711544,314711544
1,mlp8-gcc13-scalar-r1-mlp8_cycle-scalar-cache_evicted-branch-536870912,mlp8-gcc13-scalar,branch,branches,3145962,314708765,314708765
1,mlp8-gcc13-scalar-r1-mlp8_cycle-scalar-cache_evicted-branch-536870912,mlp8-gcc13-scalar,branch,branch_misses,42,314705167,314705167
1,mlp8-gcc13-scalar-r1-mlp8_cycle-scalar-warm-branch-7340032,mlp8-gcc13-scalar,branch,cycles,549275481,250284382,250284382
1,mlp8-gcc13-scalar-r1-mlp8_cycle-scalar-warm-branch-7340032,mlp8-gcc13-scalar,branch,branches,10432757,250285033,250285033
1,mlp8-gcc13-scalar-r1-mlp8_cycle-scalar-warm-branch-7340032,mlp8-gcc13-scalar,branch,branch_misses,777,250281357,250281357
1,mlp8-gcc13-scalar-r1-mlp8_cycle-scalar-warm-branch-6291456,mlp8-gcc13-scalar,branch,cycles,549299516,250295159,250295159
1,mlp8-gcc13-scalar-r1-mlp8_cycle-scalar-warm-branch-6291456,mlp8-gcc13-scalar,branch,branches,10892780,250295297,250295297
1,mlp8-gcc13-scalar-r1-mlp8_cycle-scalar-warm-branch-6291456,mlp8-gcc13-scalar,branch,branch_misses,930,250291391,250291391
1,mlp8-gcc13-scalar-r1-mlp8_cycle-scalar-cache_evicted-basic-262144,mlp8-gcc13-scalar,basic,cycles,548735236,250035545,250035545
1,mlp8-gcc13-scalar-r1-mlp8_cycle-scalar-cache_evicted-basic-262144,mlp8-gcc13-scalar,basic,instructions,1732537317,250032389,250032389
1,mlp8-gcc13-scalar-r1-mlp8_cycle-scalar-cache_evicted-basic-262144,mlp8-gcc13-scalar,basic,ref_cycles,548736936,250028774,250028774
1,mlp8-gcc13-scalar-r1-mlp8_cycle-scalar-warm-branch-196608,mlp8-gcc13-scalar,branch,cycles,548730532,250031787,250031787
1,mlp8-gcc13-scalar-r1-mlp8_cycle-scalar-warm-branch-196608,mlp8-gcc13-scalar,branch,branches,40418925,250028500,250028500
1,mlp8-gcc13-scalar-r1-mlp8_cycle-scalar-warm-branch-196608,mlp8-gcc13-scalar,branch,branch_misses,96802,250024947,250024947
1,mlp8-gcc13-scalar-r1-mlp8_cycle-scalar-cache_evicted-basic-8388608,mlp8-gcc13-scalar,basic,cycles,548968808,250142541,250142541
1,mlp8-gcc13-scalar-r1-mlp8_cycle-scalar-cache_evicted-basic-8388608,mlp8-gcc13-scalar,basic,instructions,494666507,250141491,250141491
1,mlp8-gcc13-scalar-r1-mlp8_cycle-scalar-cache_evicted-basic-8388608,mlp8-gcc13-scalar,basic,ref_cycles,548972226,250138108,250138108
1,mlp8-gcc13-scalar-r1-mlp8_cycle-scalar-warm-basic-24576,mlp8-gcc13-scalar,basic,cycles,548731945,250032302,250032302
1,mlp8-gcc13-scalar-r1-mlp8_cycle-scalar-warm-basic-24576,mlp8-gcc13-scalar,basic,instructions,1741465182,250030613,250030613
1,mlp8-gcc13-scalar-r1-mlp8_cycle-scalar-warm-basic-24576,mlp8-gcc13-scalar,basic,ref_cycles,548734252,250027668,250027668
1,mlp8-gcc13-scalar-r1-mlp8_cycle-scalar-warm-basic-131072,mlp8-gcc13-scalar,basic,cycles,548732815,250032751,250032751
1,mlp8-gcc13-scalar-r1-mlp8_cycle-scalar-warm-basic-131072,mlp8-gcc13-scalar,basic,instructions,1861795758,250030359,250030359
1,mlp8-gcc13-scalar-r1-mlp8_cycle-scalar-warm-basic-131072,mlp8-gcc13-scalar,basic,ref_cycles,548734274,250027093,250027093
1,mlp8-gcc13-scalar-r1-mlp8_cycle-scalar-warm-basic-4194304,mlp8-gcc13-scalar,basic,cycles,549090645,250196987,250196987
1,mlp8-gcc13-scalar-r1-mlp8_cycle-scalar-warm-basic-4194304,mlp8-gcc13-scalar,basic,instructions,599620836,250194558,250194558
1,mlp8-gcc13-scalar-r1-mlp8_cycle-scalar-warm-basic-4194304,mlp8-gcc13-scalar,basic,ref_cycles,549092478,250190696,250190696
1,mlp8-gcc13-scalar-r1-mlp8_cycle-scalar-cache_evicted-branch-1048576,mlp8-gcc13-scalar,branch,cycles,548737902,250035855,250035855
1,mlp8-gcc13-scalar-r1-mlp8_cycle-scalar-cache_evicted-branch-1048576,mlp8-gcc13-scalar,branch,branches,24863376,250032737,250032737
1,mlp8-gcc13-scalar-r1-mlp8_cycle-scalar-cache_evicted-branch-1048576,mlp8-gcc13-scalar,branch,branch_misses,11980,250028824,250028824
1,mlp8-gcc13-scalar-r1-mlp8_cycle-scalar-warm-basic-1048576,mlp8-gcc13-scalar,basic,cycles,548756166,250044342,250044342
1,mlp8-gcc13-scalar-r1-mlp8_cycle-scalar-warm-basic-1048576,mlp8-gcc13-scalar,basic,instructions,1203361454,250043082,250043082
1,mlp8-gcc13-scalar-r1-mlp8_cycle-scalar-warm-basic-1048576,mlp8-gcc13-scalar,basic,ref_cycles,548759068,250039911,250039911
1,mlp8-gcc13-scalar-r1-mlp8_cycle-scalar-warm-branch-28672,mlp8-gcc13-scalar,branch,cycles,548732209,250034103,250034103
1,mlp8-gcc13-scalar-r1-mlp8_cycle-scalar-warm-branch-28672,mlp8-gcc13-scalar,branch,branches,54369739,250032828,250032828
1,mlp8-gcc13-scalar-r1-mlp8_cycle-scalar-warm-branch-28672,mlp8-gcc13-scalar,branch,branch_misses,604295,250029341,250029341
1,mlp8-gcc13-scalar-r1-mlp8_cycle-scalar-warm-basic-49152,mlp8-gcc13-scalar,basic,cycles,548731974,250032910,250032910
1,mlp8-gcc13-scalar-r1-mlp8_cycle-scalar-warm-basic-49152,mlp8-gcc13-scalar,basic,instructions,1833623498,250031444,250031444
1,mlp8-gcc13-scalar-r1-mlp8_cycle-scalar-warm-basic-49152,mlp8-gcc13-scalar,basic,ref_cycles,548735044,250028564,250028564
1,mlp8-gcc13-scalar-r1-mlp8_cycle-scalar-cache_evicted-basic-1048576,mlp8-gcc13-scalar,basic,cycles,548733353,250034614,250034614
1,mlp8-gcc13-scalar-r1-mlp8_cycle-scalar-cache_evicted-basic-1048576,mlp8-gcc13-scalar,basic,instructions,1225988551,250032127,250032127
1,mlp8-gcc13-scalar-r1-mlp8_cycle-scalar-cache_evicted-basic-1048576,mlp8-gcc13-scalar,basic,ref_cycles,548734934,250028500,250028500
1,mlp8-gcc13-scalar-r1-mlp8_cycle-scalar-warm-branch-536870912,mlp8-gcc13-scalar,branch,cycles,716067842,326277675,326277675
1,mlp8-gcc13-scalar-r1-mlp8_cycle-scalar-warm-branch-536870912,mlp8-gcc13-scalar,branch,branches,3145962,326277017,326277017
1,mlp8-gcc13-scalar-r1-mlp8_cycle-scalar-warm-branch-536870912,mlp8-gcc13-scalar,branch,branch_misses,49,326273226,326273226
1,mlp8-gcc13-scalar-r1-mlp8_cycle-scalar-cache_evicted-branch-6291456,mlp8-gcc13-scalar,branch,cycles,549204857,250250801,250250801
1,mlp8-gcc13-scalar-r1-mlp8_cycle-scalar-cache_evicted-branch-6291456,mlp8-gcc13-scalar,branch,branches,10966718,250249101,250249101
1,mlp8-gcc13-scalar-r1-mlp8_cycle-scalar-cache_evicted-branch-6291456,mlp8-gcc13-scalar,branch,branch_misses,946,250245649,250245649
1,mlp8-gcc13-scalar-r1-mlp8_cycle-scalar-cache_evicted-basic-32768,mlp8-gcc13-scalar,basic,cycles,548711052,250033681,250033681
1,mlp8-gcc13-scalar-r1-mlp8_cycle-scalar-cache_evicted-basic-32768,mlp8-gcc13-scalar,basic,instructions,1781294884,250032901,250032901
1,mlp8-gcc13-scalar-r1-mlp8_cycle-scalar-cache_evicted-basic-32768,mlp8-gcc13-scalar,basic,ref_cycles,548715750,250030160,250030160
1,mlp8-gcc13-scalar-r1-mlp8_cycle-scalar-warm-branch-8192,mlp8-gcc13-scalar,branch,cycles,548730386,250032197,250032197
1,mlp8-gcc13-scalar-r1-mlp8_cycle-scalar-warm-branch-8192,mlp8-gcc13-scalar,branch,branches,82147462,250029463,250029463
1,mlp8-gcc13-scalar-r1-mlp8_cycle-scalar-warm-branch-8192,mlp8-gcc13-scalar,branch,branch_misses,455,250025631,250025631
1,mlp8-gcc13-scalar-r1-mlp8_cycle-scalar-warm-basic-7340032,mlp8-gcc13-scalar,basic,cycles,549243758,250268554,250268554
1,mlp8-gcc13-scalar-r1-mlp8_cycle-scalar-warm-basic-7340032,mlp8-gcc13-scalar,basic,instructions,512954839,250266302,250266302
1,mlp8-gcc13-scalar-r1-mlp8_cycle-scalar-warm-basic-7340032,mlp8-gcc13-scalar,basic,ref_cycles,549246478,250262637,250262637
1,mlp8-gcc13-scalar-r1-mlp8_cycle-scalar-warm-basic-8388608,mlp8-gcc13-scalar,basic,cycles,549113830,250210546,250210546
1,mlp8-gcc13-scalar-r1-mlp8_cycle-scalar-warm-basic-8388608,mlp8-gcc13-scalar,basic,instructions,491454401,250208544,250208544
1,mlp8-gcc13-scalar-r1-mlp8_cycle-scalar-warm-basic-8388608,mlp8-gcc13-scalar,basic,ref_cycles,549117074,250205235,250205235
1,mlp8-gcc13-scalar-r1-mlp8_cycle-scalar-cache_evicted-branch-33554432,mlp8-gcc13-scalar,branch,cycles,553596147,252254561,252254561
1,mlp8-gcc13-scalar-r1-mlp8_cycle-scalar-cache_evicted-branch-33554432,mlp8-gcc13-scalar,branch,branches,6819412,252254571,252254571
1,mlp8-gcc13-scalar-r1-mlp8_cycle-scalar-cache_evicted-branch-33554432,mlp8-gcc13-scalar,branch,branch_misses,148,252250728,252250728
1,mlp8-gcc13-scalar-r1-mlp8_cycle-scalar-warm-branch-393216,mlp8-gcc13-scalar,branch,cycles,548731113,250032901,250032901
1,mlp8-gcc13-scalar-r1-mlp8_cycle-scalar-warm-branch-393216,mlp8-gcc13-scalar,branch,branches,30574012,250030309,250030309
1,mlp8-gcc13-scalar-r1-mlp8_cycle-scalar-warm-branch-393216,mlp8-gcc13-scalar,branch,branch_misses,38179,250026481,250026481
1,mlp8-gcc13-scalar-r1-mlp8_cycle-scalar-warm-basic-134217728,mlp8-gcc13-scalar,basic,cycles,551420669,251262392,251262392
1,mlp8-gcc13-scalar-r1-mlp8_cycle-scalar-warm-basic-134217728,mlp8-gcc13-scalar,basic,instructions,141298588,251260950,251260950
1,mlp8-gcc13-scalar-r1-mlp8_cycle-scalar-warm-basic-134217728,mlp8-gcc13-scalar,basic,ref_cycles,551424192,251257527,251257527
1,mlp8-gcc13-scalar-r1-mlp8_cycle-scalar-warm-branch-131072,mlp8-gcc13-scalar,branch,cycles,548730635,250031923,250031923
1,mlp8-gcc13-scalar-r1-mlp8_cycle-scalar-warm-branch-131072,mlp8-gcc13-scalar,branch,branches,42511031,250028158,250028158
1,mlp8-gcc13-scalar-r1-mlp8_cycle-scalar-warm-branch-131072,mlp8-gcc13-scalar,branch,branch_misses,146657,250024136,250024136
1,mlp8-gcc13-scalar-r1-mlp8_cycle-scalar-warm-basic-5242880,mlp8-gcc13-scalar,basic,cycles,548948167,250132364,250132364
1,mlp8-gcc13-scalar-r1-mlp8_cycle-scalar-warm-basic-5242880,mlp8-gcc13-scalar,basic,instructions,549661064,250130341,250130341
1,mlp8-gcc13-scalar-r1-mlp8_cycle-scalar-warm-basic-5242880,mlp8-gcc13-scalar,basic,ref_cycles,548950556,250127058,250127058
1,mlp8-gcc13-scalar-r1-mlp8_cycle-scalar-warm-branch-262144,mlp8-gcc13-scalar,branch,cycles,548732295,250032609,250032609
1,mlp8-gcc13-scalar-r1-mlp8_cycle-scalar-warm-branch-262144,mlp8-gcc13-scalar,branch,branches,38126708,250029152,250029152
1,mlp8-gcc13-scalar-r1-mlp8_cycle-scalar-warm-branch-262144,mlp8-gcc13-scalar,branch,branch_misses,69886,250025178,250025178
1,mlp8-gcc13-scalar-r1-mlp8_cycle-scalar-warm-basic-65536,mlp8-gcc13-scalar,basic,cycles,548731912,250030400,250030400
1,mlp8-gcc13-scalar-r1-mlp8_cycle-scalar-warm-basic-65536,mlp8-gcc13-scalar,basic,instructions,1850437603,250028087,250028087
1,mlp8-gcc13-scalar-r1-mlp8_cycle-scalar-warm-basic-65536,mlp8-gcc13-scalar,basic,ref_cycles,548733130,250024682,250024682
1,mlp8-gcc13-scalar-r1-mlp8_cycle-scalar-warm-branch-24576,mlp8-gcc13-scalar,branch,cycles,548730227,250031451,250031451
1,mlp8-gcc13-scalar-r1-mlp8_cycle-scalar-warm-branch-24576,mlp8-gcc13-scalar,branch,branches,56605222,250028131,250028131
1,mlp8-gcc13-scalar-r1-mlp8_cycle-scalar-warm-branch-24576,mlp8-gcc13-scalar,branch,branch_misses,690493,250024391,250024391
1,mlp8-gcc13-scalar-r1-mlp8_cycle-scalar-warm-basic-36864,mlp8-gcc13-scalar,basic,cycles,548731461,250030998,250030998
1,mlp8-gcc13-scalar-r1-mlp8_cycle-scalar-warm-basic-36864,mlp8-gcc13-scalar,basic,instructions,1808109326,250028348,250028348
1,mlp8-gcc13-scalar-r1-mlp8_cycle-scalar-warm-basic-36864,mlp8-gcc13-scalar,basic,ref_cycles,548732800,250025113,250025113
1,mlp8-gcc13-scalar-r1-mlp8_cycle-scalar-warm-basic-8192,mlp8-gcc13-scalar,basic,cycles,548731176,250032350,250032350
1,mlp8-gcc13-scalar-r1-mlp8_cycle-scalar-warm-basic-8192,mlp8-gcc13-scalar,basic,instructions,1670702690,250030918,250030918
1,mlp8-gcc13-scalar-r1-mlp8_cycle-scalar-warm-basic-8192,mlp8-gcc13-scalar,basic,ref_cycles,548733372,250028122,250028122
1,mlp8-gcc13-scalar-r1-mlp8_cycle-scalar-warm-branch-4194304,mlp8-gcc13-scalar,branch,cycles,548996872,250157590,250157590
1,mlp8-gcc13-scalar-r1-mlp8_cycle-scalar-warm-branch-4194304,mlp8-gcc13-scalar,branch,branches,12133482,250157019,250157019
1,mlp8-gcc13-scalar-r1-mlp8_cycle-scalar-warm-branch-4194304,mlp8-gcc13-scalar,branch,branch_misses,1520,250153402,250153402
1,mlp8-gcc13-scalar-r1-mlp8_cycle-scalar-warm-basic-229376,mlp8-gcc13-scalar,basic,cycles,548731504,250031538,250031538
1,mlp8-gcc13-scalar-r1-mlp8_cycle-scalar-warm-basic-229376,mlp8-gcc13-scalar,basic,instructions,1816555644,250027828,250027828
1,mlp8-gcc13-scalar-r1-mlp8_cycle-scalar-warm-basic-229376,mlp8-gcc13-scalar,basic,ref_cycles,548732272,250024460,250024460
1,mlp8-gcc13-scalar-r1-mlp8_cycle-scalar-warm-basic-294912,mlp8-gcc13-scalar,basic,cycles,548739768,250038393,250038393
1,mlp8-gcc13-scalar-r1-mlp8_cycle-scalar-warm-basic-294912,mlp8-gcc13-scalar,basic,instructions,1657934679,250037486,250037486
1,mlp8-gcc13-scalar-r1-mlp8_cycle-scalar-warm-basic-294912,mlp8-gcc13-scalar,basic,ref_cycles,548742084,250033609,250033609
1,mlp8-gcc13-scalar-r1-mlp8_cycle-scalar-warm-branch-49152,mlp8-gcc13-scalar,branch,cycles,548732092,250034554,250034554
1,mlp8-gcc13-scalar-r1-mlp8_cycle-scalar-warm-branch-49152,mlp8-gcc13-scalar,branch,branches,48387509,250032955,250032955
1,mlp8-gcc13-scalar-r1-mlp8_cycle-scalar-warm-branch-49152,mlp8-gcc13-scalar,branch,branch_misses,372335,250030158,250030158
1,mlp8-gcc13-scalar-r1-mlp8_cycle-scalar-warm-basic-2097152,mlp8-gcc13-scalar,basic,cycles,548753428,250042002,250042002
1,mlp8-gcc13-scalar-r1-mlp8_cycle-scalar-warm-basic-2097152,mlp8-gcc13-scalar,basic,instructions,789001688,250038227,250038227
1,mlp8-gcc13-scalar-r1-mlp8_cycle-scalar-warm-basic-2097152,mlp8-gcc13-scalar,basic,ref_cycles,548754426,250034504,250034504
1,mlp8-gcc13-scalar-r1-mlp8_cycle-scalar-warm-branch-134217728,mlp8-gcc13-scalar,branch,cycles,563436748,256738022,256738022
1,mlp8-gcc13-scalar-r1-mlp8_cycle-scalar-warm-branch-134217728,mlp8-gcc13-scalar,branch,branches,3146268,256737512,256737512
1,mlp8-gcc13-scalar-r1-mlp8_cycle-scalar-warm-branch-134217728,mlp8-gcc13-scalar,branch,branch_misses,67,256733675,256733675
1,mlp8-gcc13-scalar-r1-mlp8_cycle-scalar-warm-basic-524288,mlp8-gcc13-scalar,basic,cycles,548734991,250033060,250033060
1,mlp8-gcc13-scalar-r1-mlp8_cycle-scalar-warm-basic-524288,mlp8-gcc13-scalar,basic,instructions,1341356981,250029267,250029267
1,mlp8-gcc13-scalar-r1-mlp8_cycle-scalar-warm-basic-524288,mlp8-gcc13-scalar,basic,ref_cycles,548735814,250025502,250025502
1,mlp8-gcc13-scalar-r1-mlp8_cycle-scalar-warm-basic-32768,mlp8-gcc13-scalar,basic,cycles,548731211,250030721,250030721
1,mlp8-gcc13-scalar-r1-mlp8_cycle-scalar-warm-basic-32768,mlp8-gcc13-scalar,basic,instructions,1797322899,250031355,250031355
1,mlp8-gcc13-scalar-r1-mlp8_cycle-scalar-warm-basic-32768,mlp8-gcc13-scalar,basic,ref_cycles,548733548,250028367,250028367
1,mlp8-gcc13-scalar-r1-mlp8_cycle-scalar-warm-branch-8388608,mlp8-gcc13-scalar,branch,cycles,549472107,250374386,250374386
1,mlp8-gcc13-scalar-r1-mlp8_cycle-scalar-warm-branch-8388608,mlp8-gcc13-scalar,branch,branches,9982279,250374260,250374260
1,mlp8-gcc13-scalar-r1-mlp8_cycle-scalar-warm-branch-8388608,mlp8-gcc13-scalar,branch,branch_misses,656,250370546,250370546
1,mlp8-gcc13-scalar-r1-mlp8_cycle-scalar-warm-basic-16384,mlp8-gcc13-scalar,basic,cycles,548730660,250030449,250030449
1,mlp8-gcc13-scalar-r1-mlp8_cycle-scalar-warm-basic-16384,mlp8-gcc13-scalar,basic,instructions,1714783275,250026707,250026707
1,mlp8-gcc13-scalar-r1-mlp8_cycle-scalar-warm-basic-16384,mlp8-gcc13-scalar,basic,ref_cycles,548731678,250023304,250023304
1,mlp8-gcc13-scalar-r1-mlp8_cycle-scalar-warm-basic-98304,mlp8-gcc13-scalar,basic,cycles,548730452,250030298,250030298
1,mlp8-gcc13-scalar-r1-mlp8_cycle-scalar-warm-basic-98304,mlp8-gcc13-scalar,basic,instructions,1867685031,250026700,250026700
1,mlp8-gcc13-scalar-r1-mlp8_cycle-scalar-warm-basic-98304,mlp8-gcc13-scalar,basic,ref_cycles,548731238,250023123,250023123
1,mlp8-gcc13-scalar-r1-mlp8_cycle-scalar-warm-basic-262144,mlp8-gcc13-scalar,basic,cycles,548730656,250029364,250029364
1,mlp8-gcc13-scalar-r1-mlp8_cycle-scalar-warm-basic-262144,mlp8-gcc13-scalar,basic,instructions,1756092603,250026954,250026954
1,mlp8-gcc13-scalar-r1-mlp8_cycle-scalar-warm-basic-262144,mlp8-gcc13-scalar,basic,ref_cycles,548731634,250023249,250023249
1,mlp8-gcc13-scalar-r1-mlp8_cycle-scalar-warm-branch-36864,mlp8-gcc13-scalar,branch,cycles,548730507,250030746,250030746
1,mlp8-gcc13-scalar-r1-mlp8_cycle-scalar-warm-branch-36864,mlp8-gcc13-scalar,branch,branches,51117960,250027302,250027302
1,mlp8-gcc13-scalar-r1-mlp8_cycle-scalar-warm-branch-36864,mlp8-gcc13-scalar,branch,branch_misses,482398,250023499,250023499
1,mlp8-gcc13-scalar-r1-mlp8_cycle-scalar-warm-basic-6291456,mlp8-gcc13-scalar,basic,cycles,548826707,250075712,250075712
1,mlp8-gcc13-scalar-r1-mlp8_cycle-scalar-warm-basic-6291456,mlp8-gcc13-scalar,basic,instructions,521614079,250073620,250073620
1,mlp8-gcc13-scalar-r1-mlp8_cycle-scalar-warm-basic-6291456,mlp8-gcc13-scalar,basic,ref_cycles,548828368,250069902,250069902
1,mlp8-gcc13-scalar-r1-mlp8_cycle-scalar-warm-basic-196608,mlp8-gcc13-scalar,basic,cycles,548731717,250030712,250030712
1,mlp8-gcc13-scalar-r1-mlp8_cycle-scalar-warm-basic-196608,mlp8-gcc13-scalar,basic,instructions,1832725471,250027283,250027283
1,mlp8-gcc13-scalar-r1-mlp8_cycle-scalar-warm-basic-196608,mlp8-gcc13-scalar,basic,ref_cycles,548732558,250023790,250023790
1,mlp8-gcc13-scalar-r1-mlp8_cycle-scalar-warm-basic-536870912,mlp8-gcc13-scalar,basic,cycles,686063021,312606498,312606498
1,mlp8-gcc13-scalar-r1-mlp8_cycle-scalar-warm-basic-536870912,mlp8-gcc13-scalar,basic,instructions,154141940,312605707,312605707
1,mlp8-gcc13-scalar-r1-mlp8_cycle-scalar-warm-basic-536870912,mlp8-gcc13-scalar,basic,ref_cycles,686066612,312602486,312602486
1,mlp8-gcc13-scalar-r1-mlp8_cycle-scalar-warm-branch-294912,mlp8-gcc13-scalar,branch,cycles,548731681,250032588,250032588
1,mlp8-gcc13-scalar-r1-mlp8_cycle-scalar-warm-branch-294912,mlp8-gcc13-scalar,branch,branches,35338707,250028705,250028705
1,mlp8-gcc13-scalar-r1-mlp8_cycle-scalar-warm-branch-294912,mlp8-gcc13-scalar,branch,branch_misses,57996,250024523,250024523
1,mlp8-gcc13-scalar-r1-mlp8_cycle-scalar-cache_evicted-basic-536870912,mlp8-gcc13-scalar,basic,cycles,581626044,265026541,265026541
1,mlp8-gcc13-scalar-r1-mlp8_cycle-scalar-cache_evicted-basic-536870912,mlp8-gcc13-scalar,basic,instructions,102761503,265025064,265025064
1,mlp8-gcc13-scalar-r1-mlp8_cycle-scalar-cache_evicted-basic-536870912,mlp8-gcc13-scalar,basic,ref_cycles,581629994,265021744,265021744
1,mlp8-gcc13-scalar-r1-mlp8_cycle-scalar-cache_evicted-branch-262144,mlp8-gcc13-scalar,branch,cycles,548735516,250041282,250041282
1,mlp8-gcc13-scalar-r1-mlp8_cycle-scalar-cache_evicted-branch-262144,mlp8-gcc13-scalar,branch,branches,37298542,250038943,250038943
1,mlp8-gcc13-scalar-r1-mlp8_cycle-scalar-cache_evicted-branch-262144,mlp8-gcc13-scalar,branch,branch_misses,68473,250034805,250034805
1,mlp8-gcc13-scalar-r2-mlp8_cycle-scalar-warm-branch-524288,mlp8-gcc13-scalar,branch,cycles,548738102,250038467,250038467
1,mlp8-gcc13-scalar-r2-mlp8_cycle-scalar-warm-branch-524288,mlp8-gcc13-scalar,branch,branches,27394076,250036756,250036756
1,mlp8-gcc13-scalar-r2-mlp8_cycle-scalar-warm-branch-524288,mlp8-gcc13-scalar,branch,branch_misses,25981,250033330,250033330
1,mlp8-gcc13-scalar-r2-mlp8_cycle-scalar-warm-branch-131072,mlp8-gcc13-scalar,branch,cycles,548733909,250035432,250035432
1,mlp8-gcc13-scalar-r2-mlp8_cycle-scalar-warm-branch-131072,mlp8-gcc13-scalar,branch,branches,42277322,250033631,250033631
1,mlp8-gcc13-scalar-r2-mlp8_cycle-scalar-warm-branch-131072,mlp8-gcc13-scalar,branch,branch_misses,146007,250030110,250030110
1,mlp8-gcc13-scalar-r2-mlp8_cycle-scalar-warm-branch-16384,mlp8-gcc13-scalar,branch,cycles,548731272,250034257,250034257
1,mlp8-gcc13-scalar-r2-mlp8_cycle-scalar-warm-branch-16384,mlp8-gcc13-scalar,branch,branches,64086897,250032907,250032907
1,mlp8-gcc13-scalar-r2-mlp8_cycle-scalar-warm-branch-16384,mlp8-gcc13-scalar,branch,branch_misses,384000,250029619,250029619
1,mlp8-gcc13-scalar-r2-mlp8_cycle-scalar-warm-basic-5242880,mlp8-gcc13-scalar,basic,cycles,548963977,250141524,250141524
1,mlp8-gcc13-scalar-r2-mlp8_cycle-scalar-warm-basic-5242880,mlp8-gcc13-scalar,basic,instructions,552170929,250141606,250141606
1,mlp8-gcc13-scalar-r2-mlp8_cycle-scalar-warm-basic-5242880,mlp8-gcc13-scalar,basic,ref_cycles,548968046,250138409,250138409
1,mlp8-gcc13-scalar-r2-mlp8_cycle-scalar-warm-basic-28672,mlp8-gcc13-scalar,basic,cycles,548732298,250034176,250034176
1,mlp8-gcc13-scalar-r2-mlp8_cycle-scalar-warm-basic-28672,mlp8-gcc13-scalar,basic,instructions,1777821403,250033196,250033196
1,mlp8-gcc13-scalar-r2-mlp8_cycle-scalar-warm-basic-28672,mlp8-gcc13-scalar,basic,ref_cycles,548735352,250030124,250030124
1,mlp8-gcc13-scalar-r2-mlp8_cycle-scalar-cache_evicted-basic-6291456,mlp8-gcc13-scalar,basic,cycles,549334122,250313775,250313775
1,mlp8-gcc13-scalar-r2-mlp8_cycle-scalar-cache_evicted-basic-6291456,mlp8-gcc13-scalar,basic,instructions,512579204,250312850,250312850
1,mlp8-gcc13-scalar-r2-mlp8_cycle-scalar-cache_evicted-basic-6291456,mlp8-gcc13-scalar,basic,ref_cycles,549338636,250310136,250310136
1,mlp8-gcc13-scalar-r2-mlp8_cycle-scalar-cache_evicted-basic-536870912,mlp8-gcc13-scalar,basic,cycles,702827485,320245434,320245434
1,mlp8-gcc13-scalar-r2-mlp8_cycle-scalar-cache_evicted-basic-536870912,mlp8-gcc13-scalar,basic,instructions,154141940,320245053,320245053
1,mlp8-gcc13-scalar-r2-mlp8_cycle-scalar-cache_evicted-basic-536870912,mlp8-gcc13-scalar,basic,ref_cycles,702832592,320242166,320242166
1,mlp8-gcc13-scalar-r2-mlp8_cycle-scalar-warm-basic-196608,mlp8-gcc13-scalar,basic,cycles,548733302,250034191,250034191
1,mlp8-gcc13-scalar-r2-mlp8_cycle-scalar-warm-basic-196608,mlp8-gcc13-scalar,basic,instructions,1838906387,250033140,250033140
1,mlp8-gcc13-scalar-r2-mlp8_cycle-scalar-warm-basic-196608,mlp8-gcc13-scalar,basic,ref_cycles,548735836,250029840,250029840
1,mlp8-gcc13-scalar-r2-mlp8_cycle-scalar-cache_evicted-branch-32768,mlp8-gcc13-scalar,branch,cycles,548732362,250040466,250040466
1,mlp8-gcc13-scalar-r2-mlp8_cycle-scalar-cache_evicted-branch-32768,mlp8-gcc13-scalar,branch,branches,52449909,250037363,250037363
1,mlp8-gcc13-scalar-r2-mlp8_cycle-scalar-cache_evicted-branch-32768,mlp8-gcc13-scalar,branch,branch_misses,535423,250033201,250033201
1,mlp8-gcc13-scalar-r2-mlp8_cycle-scalar-warm-basic-98304,mlp8-gcc13-scalar,basic,cycles,548732610,250034965,250034965
1,mlp8-gcc13-scalar-r2-mlp8_cycle-scalar-warm-basic-98304,mlp8-gcc13-scalar,basic,instructions,1849051867,250033321,250033321
1,mlp8-gcc13-scalar-r2-mlp8_cycle-scalar-warm-basic-98304,mlp8-gcc13-scalar,basic,ref_cycles,548735000,250030069,250030069
1,mlp8-gcc13-scalar-r2-mlp8_cycle-scalar-warm-basic-8192,mlp8-gcc13-scalar,basic,cycles,548731577,250033840,250033840
1,mlp8-gcc13-scalar-r2-mlp8_cycle-scalar-warm-basic-8192,mlp8-gcc13-scalar,basic,instructions,1673063679,250031960,250031960
1,mlp8-gcc13-scalar-r2-mlp8_cycle-scalar-warm-basic-8192,mlp8-gcc13-scalar,basic,ref_cycles,548733702,250028823,250028823
1,mlp8-gcc13-scalar-r2-mlp8_cycle-scalar-cache_evicted-branch-6291456,mlp8-gcc13-scalar,branch,cycles,548735329,250042131,250042131
1,mlp8-gcc13-scalar-r2-mlp8_cycle-scalar-cache_evicted-branch-6291456,mlp8-gcc13-scalar,branch,branches,10584733,250041482,250041482
1,mlp8-gcc13-scalar-r2-mlp8_cycle-scalar-cache_evicted-branch-6291456,mlp8-gcc13-scalar,branch,branch_misses,912,250037362,250037362
1,mlp8-gcc13-scalar-r2-mlp8_cycle-scalar-warm-branch-49152,mlp8-gcc13-scalar,branch,cycles,548732085,250033587,250033587
1,mlp8-gcc13-scalar-r2-mlp8_cycle-scalar-warm-branch-49152,mlp8-gcc13-scalar,branch,branches,48444371,250030985,250030985
1,mlp8-gcc13-scalar-r2-mlp8_cycle-scalar-warm-branch-49152,mlp8-gcc13-scalar,branch,branch_misses,372779,250027519,250027519
1,mlp8-gcc13-scalar-r2-mlp8_cycle-scalar-cache_evicted-branch-8388608,mlp8-gcc13-scalar,branch,cycles,548888218,250109849,250109849
1,mlp8-gcc13-scalar-r2-mlp8_cycle-scalar-cache_evicted-branch-8388608,mlp8-gcc13-scalar,branch,branches,9965858,250108900,250108900
1,mlp8-gcc13-scalar-r2-mlp8_cycle-scalar-cache_evicted-branch-8388608,mlp8-gcc13-scalar,branch,branch_misses,651,250104987,250104987
1,mlp8-gcc13-scalar-r2-mlp8_cycle-scalar-warm-branch-393216,mlp8-gcc13-scalar,branch,cycles,548743208,250038747,250038747
1,mlp8-gcc13-scalar-r2-mlp8_cycle-scalar-warm-branch-393216,mlp8-gcc13-scalar,branch,branches,30862839,250037342,250037342
1,mlp8-gcc13-scalar-r2-mlp8_cycle-scalar-warm-branch-393216,mlp8-gcc13-scalar,branch,branch_misses,38553,250034429,250034429
1,mlp8-gcc13-scalar-r2-mlp8_cycle-scalar-warm-basic-32768,mlp8-gcc13-scalar,basic,cycles,548731463,250032247,250032247
1,mlp8-gcc13-scalar-r2-mlp8_cycle-scalar-warm-basic-32768,mlp8-gcc13-scalar,basic,instructions,1797667992,250030162,250030162
1,mlp8-gcc13-scalar-r2-mlp8_cycle-scalar-warm-basic-32768,mlp8-gcc13-scalar,basic,ref_cycles,548733306,250027113,250027113
1,mlp8-gcc13-scalar-r2-mlp8_cycle-scalar-cache_evicted-branch-262144,mlp8-gcc13-scalar,branch,cycles,548735252,250035841,250035841
1,mlp8-gcc13-scalar-r2-mlp8_cycle-scalar-cache_evicted-branch-262144,mlp8-gcc13-scalar,branch,branches,37427404,250033337,250033337
1,mlp8-gcc13-scalar-r2-mlp8_cycle-scalar-cache_evicted-branch-262144,mlp8-gcc13-scalar,branch,branch_misses,68617,250029875,250029875
1,mlp8-gcc13-scalar-r2-mlp8_cycle-scalar-warm-basic-524288,mlp8-gcc13-scalar,basic,cycles,548732819,250033919,250033919
1,mlp8-gcc13-scalar-r2-mlp8_cycle-scalar-warm-basic-524288,mlp8-gcc13-scalar,basic,instructions,1369170565,250032061,250032061
1,mlp8-gcc13-scalar-r2-mlp8_cycle-scalar-warm-basic-524288,mlp8-gcc13-scalar,basic,ref_cycles,548735198,250029005,250029005
1,mlp8-gcc13-scalar-r2-mlp8_cycle-scalar-warm-branch-196608,mlp8-gcc13-scalar,branch,cycles,548735775,250035874,250035874
1,mlp8-gcc13-scalar-r2-mlp8_cycle-scalar-warm-branch-196608,mlp8-gcc13-scalar,branch,branches,40071987,250034247,250034247
1,mlp8-gcc13-scalar-r2-mlp8_cycle-scalar-warm-branch-196608,mlp8-gcc13-scalar,branch,branch_misses,95928,250030750,250030750
1,mlp8-gcc13-scalar-r2-mlp8_cycle-scalar-cache_evicted-basic-1048576,mlp8-gcc13-scalar,basic,cycles,548745542,250041708,250041708
1,mlp8-gcc13-scalar-r2-mlp8_cycle-scalar-cache_evicted-basic-1048576,mlp8-gcc13-scalar,basic,instructions,1241375017,250039940,250039940
1,mlp8-gcc13-scalar-r2-mlp8_cycle-scalar-cache_evicted-basic-1048576,mlp8-gcc13-scalar,basic,ref_cycles,548748442,250036350,250036350
1,mlp8-gcc13-scalar-r2-mlp8_cycle-scalar-warm-basic-4194304,mlp8-gcc13-scalar,basic,cycles,548805922,250069319,250069319
1,mlp8-gcc13-scalar-r2-mlp8_cycle-scalar-warm-basic-4194304,mlp8-gcc13-scalar,basic,instructions,594801330,250068336,250068336
1,mlp8-gcc13-scalar-r2-mlp8_cycle-scalar-warm-basic-4194304,mlp8-gcc13-scalar,basic,ref_cycles,548809536,250065007,250065007
1,mlp8-gcc13-scalar-r2-mlp8_cycle-scalar-cache_evicted-basic-32768,mlp8-gcc13-scalar,basic,cycles,548732055,250035851,250035851
1,mlp8-gcc13-scalar-r2-mlp8_cycle-scalar-cache_evicted-basic-32768,mlp8-gcc13-scalar,basic,instructions,1801077014,250033721,250033721
1,mlp8-gcc13-scalar-r2-mlp8_cycle-scalar-cache_evicted-basic-32768,mlp8-gcc13-scalar,basic,ref_cycles,548735660,250030637,250030637
1,mlp8-gcc13-scalar-r2-mlp8_cycle-scalar-warm-basic-24576,mlp8-gcc13-scalar,basic,cycles,548730939,250033459,250033459
1,mlp8-gcc13-scalar-r2-mlp8_cycle-scalar-warm-basic-24576,mlp8-gcc13-scalar,basic,instructions,1770227475,250030223,250030223
1,mlp8-gcc13-scalar-r2-mlp8_cycle-scalar-warm-basic-24576,mlp8-gcc13-scalar,basic,ref_cycles,548733130,250026891,250026891
1,mlp8-gcc13-scalar-r2-mlp8_cycle-scalar-cache_evicted-branch-536870912,mlp8-gcc13-scalar,branch,cycles,702883947,320271593,320271593
1,mlp8-gcc13-scalar-r2-mlp8_cycle-scalar-cache_evicted-branch-536870912,mlp8-gcc13-scalar,branch,branches,3145962,320270412,320270412
1,mlp8-gcc13-scalar-r2-mlp8_cycle-scalar-cache_evicted-branch-536870912,mlp8-gcc13-scalar,branch,branch_misses,46,320266565,320266565
1,mlp8-gcc13-scalar-r2-mlp8_cycle-scalar-warm-branch-229376,mlp8-gcc13-scalar,branch,cycles,546015783,249059195,249059195
1,mlp8-gcc13-scalar-r2-mlp8_cycle-scalar-warm-branch-229376,mlp8-gcc13-scalar,branch,branches,38129343,249062388,249062388
1,mlp8-gcc13-scalar-r2-mlp8_cycle-scalar-warm-branch-229376,mlp8-gcc13-scalar,branch,branch_misses,79400,249059417,249059417
1,mlp8-gcc13-scalar-r2-mlp8_cycle-scalar-warm-basic-36864,mlp8-gcc13-scalar,basic,cycles,548731599,250031836,250031836
1,mlp8-gcc13-scalar-r2-mlp8_cycle-scalar-warm-basic-36864,mlp8-gcc13-scalar,basic,instructions,1809763186,250029875,250029875
1,mlp8-gcc13-scalar-r2-mlp8_cycle-scalar-warm-basic-36864,mlp8-gcc13-scalar,basic,ref_cycles,548733658,250026868,250026868
1,mlp8-gcc13-scalar-r2-mlp8_cycle-scalar-warm-basic-134217728,mlp8-gcc13-scalar,basic,cycles,555544236,253140730,253140730
1,mlp8-gcc13-scalar-r2-mlp8_cycle-scalar-warm-basic-134217728,mlp8-gcc13-scalar,basic,instructions,141298588,253140086,253140086
1,mlp8-gcc13-scalar-r2-mlp8_cycle-scalar-warm-basic-134217728,mlp8-gcc13-scalar,basic,ref_cycles,555547850,253136812,253136812
1,mlp8-gcc13-scalar-r2-mlp8_cycle-scalar-warm-basic-8388608,mlp8-gcc13-scalar,basic,cycles,549336175,250312780,250312780
1,mlp8-gcc13-scalar-r2-mlp8_cycle-scalar-warm-basic-8388608,mlp8-gcc13-scalar,basic,instructions,497075592,250311605,250311605
1,mlp8-gcc13-scalar-r2-mlp8_cycle-scalar-warm-basic-8388608,mlp8-gcc13-scalar,basic,ref_cycles,549340022,250308023,250308023
1,mlp8-gcc13-scalar-r2-mlp8_cycle-scalar-warm-branch-5242880,mlp8-gcc13-scalar,branch,cycles,549073829,250191170,250191170
1,mlp8-gcc13-scalar-r2-mlp8_cycle-scalar-warm-branch-5242880,mlp8-gcc13-scalar,branch,branches,11311806,250190082,250190082
1,mlp8-gcc13-scalar-r2-mlp8_cycle-scalar-warm-branch-5242880,mlp8-gcc13-scalar,branch,branch_misses,1147,250186159,250186159
1,mlp8-gcc13-scalar-r2-mlp8_cycle-scalar-warm-branch-2097152,mlp8-gcc13-scalar,branch,cycles,548810774,250070634,250070634
1,mlp8-gcc13-scalar-r2-mlp8_cycle-scalar-warm-branch-2097152,mlp8-gcc13-scalar,branch,branches,16131912,250069762,250069762
1,mlp8-gcc13-scalar-r2-mlp8_cycle-scalar-warm-branch-2097152,mlp8-gcc13-scalar,branch,branch_misses,3953,250066242,250066242
1,mlp8-gcc13-scalar-r2-mlp8_cycle-scalar-warm-basic-536870912,mlp8-gcc13-scalar,basic,cycles,696802204,317499125,317499125
1,mlp8-gcc13-scalar-r2-mlp8_cycle-scalar-warm-basic-536870912,mlp8-gcc13-scalar,basic,instructions,154141940,317499289,317499289
1,mlp8-gcc13-scalar-r2-mlp8_cycle-scalar-warm-basic-536870912,mlp8-gcc13-scalar,basic,ref_cycles,696805978,317496261,317496261
1,mlp8-gcc13-scalar-r2-mlp8_cycle-scalar-warm-basic-33554432,mlp8-gcc13-scalar,basic,cycles,537534991,245747963,245747963
1,mlp8-gcc13-scalar-r2-mlp8_cycle-scalar-warm-basic-33554432,mlp8-gcc13-scalar,basic,instructions,285822225,245751846,245751846
1,mlp8-gcc13-scalar-r2-mlp8_cycle-scalar-warm-basic-33554432,mlp8-gcc13-scalar,basic,ref_cycles,537542918,245749790,245749790
1,mlp8-gcc13-scalar-r2-mlp8_cycle-scalar-warm-basic-294912,mlp8-gcc13-scalar,basic,cycles,548732728,250034053,250034053
1,mlp8-gcc13-scalar-r2-mlp8_cycle-scalar-warm-basic-294912,mlp8-gcc13-scalar,basic,instructions,1646730597,250031967,250031967
1,mlp8-gcc13-scalar-r2-mlp8_cycle-scalar-warm-basic-294912,mlp8-gcc13-scalar,basic,ref_cycles,548735022,250028670,250028670
1,mlp8-gcc13-scalar-r2-mlp8_cycle-scalar-warm-branch-24576,mlp8-gcc13-scalar,branch,cycles,548731456,250033389,250033389
1,mlp8-gcc13-scalar-r2-mlp8_cycle-scalar-warm-branch-24576,mlp8-gcc13-scalar,branch,branches,56593576,250031765,250031765
1,mlp8-gcc13-scalar-r2-mlp8_cycle-scalar-warm-branch-24576,mlp8-gcc13-scalar,branch,branch_misses,690390,250028496,250028496
1,mlp8-gcc13-scalar-r2-mlp8_cycle-scalar-warm-basic-262144,mlp8-gcc13-scalar,basic,cycles,548738912,250036038,250036038
1,mlp8-gcc13-scalar-r2-mlp8_cycle-scalar-warm-basic-262144,mlp8-gcc13-scalar,basic,instructions,1760850370,250033382,250033382
1,mlp8-gcc13-scalar-r2-mlp8_cycle-scalar-warm-basic-262144,mlp8-gcc13-scalar,basic,ref_cycles,548740676,250030095,250030095
1,mlp8-gcc13-scalar-r2-mlp8_cycle-scalar-warm-basic-16384,mlp8-gcc13-scalar,basic,cycles,548731759,250033835,250033835
1,mlp8-gcc13-scalar-r2-mlp8_cycle-scalar-warm-basic-16384,mlp8-gcc13-scalar,basic,instructions,1738247934,250031887,250031887
1,mlp8-gcc13-scalar-r2-mlp8_cycle-scalar-warm-basic-16384,mlp8-gcc13-scalar,basic,ref_cycles,548734230,250028796,250028796
1,mlp8-gcc13-scalar-r2-mlp8_cycle-scalar-warm-basic-229376,mlp8-gcc13-scalar,basic,cycles,548731362,250032161,250032161
1,mlp8-gcc13-scalar-r2-mlp8_cycle-scalar-warm-basic-229376,mlp8-gcc13-scalar,basic,instructions,1795831247,250029417,250029417
1,mlp8-gcc13-scalar-r2-mlp8_cycle-scalar-warm-basic-229376,mlp8-gcc13-scalar,basic,ref_cycles,548732734,250025854,250025854
1,mlp8-gcc13-scalar-r2-mlp8_cycle-scalar-warm-branch-65536,mlp8-gcc13-scalar,branch,cycles,548732275,250033598,250033598
1,mlp8-gcc13-scalar-r2-mlp8_cycle-scalar-warm-branch-65536,mlp8-gcc13-scalar,branch,branches,46153658,250032349,250032349
1,mlp8-gcc13-scalar-r2-mlp8_cycle-scalar-warm-branch-65536,mlp8-gcc13-scalar,branch,branch_misses,285037,250028650,250028650
1,mlp8-gcc13-scalar-r2-mlp8_cycle-scalar-warm-branch-134217728,mlp8-gcc13-scalar,branch,cycles,554069845,252471795,252471795
1,mlp8-gcc13-scalar-r2-mlp8_cycle-scalar-warm-branch-134217728,mlp8-gcc13-scalar,branch,branches,2884090,252470762,252470762
1,mlp8-gcc13-scalar-r2-mlp8_cycle-scalar-warm-branch-134217728,mlp8-gcc13-scalar,branch,branch_misses,96,252466657,252466657
1,mlp8-gcc13-scalar-r2-mlp8_cycle-scalar-warm-branch-8192,mlp8-gcc13-scalar,branch,cycles,548730795,250032810,250032810
1,mlp8-gcc13-scalar-r2-mlp8_cycle-scalar-warm-branch-8192,mlp8-gcc13-scalar,branch,branches,84070338,250030163,250030163
1,mlp8-gcc13-scalar-r2-mlp8_cycle-scalar-warm-branch-8192,mlp8-gcc13-scalar,branch,branch_misses,424,250026227,250026227
1,mlp8-gcc13-scalar-r2-mlp8_cycle-scalar-warm-basic-12582912,mlp8-gcc13-scalar,basic,cycles,549197784,250249174,250249174
1,mlp8-gcc13-scalar-r2-mlp8_cycle-scalar-warm-basic-12582912,mlp8-gcc13-scalar,basic,instructions,448051193,250247987,250247987
1,mlp8-gcc13-scalar-r2-mlp8_cycle-scalar-warm-basic-12582912,mlp8-gcc13-scalar,basic,ref_cycles,549201642,250244797,250244797
1,mlp8-gcc13-scalar-r2-mlp8_cycle-scalar-warm-branch-4194304,mlp8-gcc13-scalar,branch,cycles,549033537,250175910,250175910
1,mlp8-gcc13-scalar-r2-mlp8_cycle-scalar-warm-branch-4194304,mlp8-gcc13-scalar,branch,branches,12199304,250174847,250174847
1,mlp8-gcc13-scalar-r2-mlp8_cycle-scalar-warm-branch-4194304,mlp8-gcc13-scalar,branch,branch_misses,1543,250170889,250170889
1,mlp8-gcc13-scalar-r2-mlp8_cycle-scalar-warm-basic-6291456,mlp8-gcc13-scalar,basic,cycles,548860695,250093563,250093563
1,mlp8-gcc13-scalar-r2-mlp8_cycle-scalar-warm-basic-6291456,mlp8-gcc13-scalar,basic,instructions,523421054,250091708,250091708
1,mlp8-gcc13-scalar-r2-mlp8_cycle-scalar-warm-basic-6291456,mlp8-gcc13-scalar,basic,ref_cycles,548864118,250088373,250088373
1,mlp8-gcc13-scalar-r2-mlp8_cycle-scalar-warm-branch-28672,mlp8-gcc13-scalar,branch,cycles,548731249,250032980,250032980
1,mlp8-gcc13-scalar-r2-mlp8_cycle-scalar-warm-branch-28672,mlp8-gcc13-scalar,branch,branches,54431651,250030468,250030468
1,mlp8-gcc13-scalar-r2-mlp8_cycle-scalar-warm-branch-28672,mlp8-gcc13-scalar,branch,branch_misses,604971,250026874,250026874
1,mlp8-gcc13-scalar-r2-mlp8_cycle-scalar-warm-branch-536870912,mlp8-gcc13-scalar,branch,cycles,698177546,318126218,318126218
1,mlp8-gcc13-scalar-r2-mlp8_cycle-scalar-warm-branch-536870912,mlp8-gcc13-scalar,branch,branches,3145962,318125309,318125309
1,mlp8-gcc13-scalar-r2-mlp8_cycle-scalar-warm-branch-536870912,mlp8-gcc13-scalar,branch,branch_misses,41,318121406,318121406
1,mlp8-gcc13-scalar-r2-mlp8_cycle-scalar-warm-basic-7340032,mlp8-gcc13-scalar,basic,cycles,546740551,249526520,249526520
1,mlp8-gcc13-scalar-r2-mlp8_cycle-scalar-warm-basic-7340032,mlp8-gcc13-scalar,basic,instructions,501009406,249527227,249527227
1,mlp8-gcc13-scalar-r2-mlp8_cycle-scalar-warm-basic-7340032,mlp8-gcc13-scalar,basic,ref_cycles,546747300,249524341,249524341
1,mlp8-gcc13-scalar-r2-mlp8_cycle-scalar-warm-branch-12582912,mlp8-gcc13-scalar,branch,cycles,549994791,250612168,250612168
1,mlp8-gcc13-scalar-r2-mlp8_cycle-scalar-warm-branch-12582912,mlp8-gcc13-scalar,branch,branches,9401152,250611834,250611834
1,mlp8-gcc13-scalar-r2-mlp8_cycle-scalar-warm-branch-12582912,mlp8-gcc13-scalar,branch,branch_misses,427,250607791,250607791
1,mlp8-gcc13-scalar-r2-mlp8_cycle-scalar-warm-basic-2097152,mlp8-gcc13-scalar,basic,cycles,548823156,250075767,250075767
1,mlp8-gcc13-scalar-r2-mlp8_cycle-scalar-warm-basic-2097152,mlp8-gcc13-scalar,basic,instructions,787997103,250074191,250074191
1,mlp8-gcc13-scalar-r2-mlp8_cycle-scalar-warm-basic-2097152,mlp8-gcc13-scalar,basic,ref_cycles,548825574,250070987,250070987
1,mlp8-gcc13-scalar-r2-mlp8_cycle-scalar-warm-branch-32768,mlp8-gcc13-scalar,branch,cycles,548730889,250032706,250032706
1,mlp8-gcc13-scalar-r2-mlp8_cycle-scalar-warm-branch-32768,mlp8-gcc13-scalar,branch,branches,52553758,250030089,250030089
1,mlp8-gcc13-scalar-r2-mlp8_cycle-scalar-warm-branch-32768,mlp8-gcc13-scalar,branch,branch_misses,536407,250026920,250026920
1,mlp8-gcc13-scalar-r2-mlp8_cycle-scalar-warm-basic-65536,mlp8-gcc13-scalar,basic,cycles,548731268,250031310,250031310
1,mlp8-gcc13-scalar-r2-mlp8_cycle-scalar-warm-basic-65536,mlp8-gcc13-scalar,basic,instructions,1849717774,250029074,250029074
1,mlp8-gcc13-scalar-r2-mlp8_cycle-scalar-warm-basic-65536,mlp8-gcc13-scalar,basic,ref_cycles,548733526,250025747,250025747
1,mlp8-gcc13-scalar-r2-mlp8_cycle-scalar-warm-branch-8388608,mlp8-gcc13-scalar,branch,cycles,549399462,250341975,250341975
1,mlp8-gcc13-scalar-r2-mlp8_cycle-scalar-warm-branch-8388608,mlp8-gcc13-scalar,branch,branches,9982276,250340481,250340481
1,mlp8-gcc13-scalar-r2-mlp8_cycle-scalar-warm-branch-8388608,mlp8-gcc13-scalar,branch,branch_misses,653,250336609,250336609
1,mlp8-gcc13-scalar-r2-mlp8_cycle-scalar-warm-basic-49152,mlp8-gcc13-scalar,basic,cycles,548732936,250033166,250033166
1,mlp8-gcc13-scalar-r2-mlp8_cycle-scalar-warm-basic-49152,mlp8-gcc13-scalar,basic,instructions,1831175691,250031570,250031570
1,mlp8-gcc13-scalar-r2-mlp8_cycle-scalar-warm-basic-49152,mlp8-gcc13-scalar,basic,ref_cycles,548734978,250028731,250028731
1,mlp8-gcc13-scalar-r2-mlp8_cycle-scalar-cache_evicted-basic-262144,mlp8-gcc13-scalar,basic,cycles,548737836,250037123,250037123
1,mlp8-gcc13-scalar-r2-mlp8_cycle-scalar-cache_evicted-basic-262144,mlp8-gcc13-scalar,basic,instructions,1728338682,250035320,250035320
1,mlp8-gcc13-scalar-r2-mlp8_cycle-scalar-cache_evicted-basic-262144,mlp8-gcc13-scalar,basic,ref_cycles,548740214,250031977,250031977
1,mlp8-gcc13-scalar-r2-mlp8_cycle-scalar-warm-branch-6291456,mlp8-gcc13-scalar,branch,cycles,549083248,250198248,250198248
1,mlp8-gcc13-scalar-r2-mlp8_cycle-scalar-warm-branch-6291456,mlp8-gcc13-scalar,branch,branches,10843492,250197574,250197574
1,mlp8-gcc13-scalar-r2-mlp8_cycle-scalar-warm-branch-6291456,mlp8-gcc13-scalar,branch,branch_misses,926,250193460,250193460
1,mlp8-gcc13-scalar-r2-mlp8_cycle-scalar-warm-branch-98304,mlp8-gcc13-scalar,branch,cycles,548730950,250033144,250033144
1,mlp8-gcc13-scalar-r2-mlp8_cycle-scalar-warm-branch-98304,mlp8-gcc13-scalar,branch,branches,43959742,250030322,250030322
1,mlp8-gcc13-scalar-r2-mlp8_cycle-scalar-warm-branch-98304,mlp8-gcc13-scalar,branch,branch_misses,194601,250026886,250026886
1,mlp8-gcc13-scalar-r2-mlp8_cycle-scalar-warm-branch-294912,mlp8-gcc13-scalar,branch,cycles,548736364,250035837,250035837
1,mlp8-gcc13-scalar-r2-mlp8_cycle-scalar-warm-branch-294912,mlp8-gcc13-scalar,branch,branches,35410891,250033306,250033306
1,mlp8-gcc13-scalar-r2-mlp8_cycle-scalar-warm-branch-294912,mlp8-gcc13-scalar,branch,branch_misses,58124,250029841,250029841
1,mlp8-gcc13-scalar-r2-mlp8_cycle-scalar-cache_evicted-branch-1048576,mlp8-gcc13-scalar,branch,cycles,548749553,250043310,250043310
1,mlp8-gcc13-scalar-r2-mlp8_cycle-scalar-cache_evicted-branch-1048576,mlp8-gcc13-scalar,branch,branches,24663514,250041422,250041422
1,mlp8-gcc13-scalar-r2-mlp8_cycle-scalar-cache_evicted-branch-1048576,mlp8-gcc13-scalar,branch,branch_misses,11899,250037772,250037772
1,mlp8-gcc13-scalar-r2-mlp8_cycle-scalar-warm-branch-7340032,mlp8-gcc13-scalar,branch,cycles,548806369,250070619,250070619
1,mlp8-gcc13-scalar-r2-mlp8_cycle-scalar-warm-branch-7340032,mlp8-gcc13-scalar,branch,branches,10432752,250068354,250068354
1,mlp8-gcc13-scalar-r2-mlp8_cycle-scalar-warm-branch-7340032,mlp8-gcc13-scalar,branch,branch_misses,756,250064697,250064697
1,mlp8-gcc13-scalar-r2-mlp8_cycle-scalar-warm-basic-393216,mlp8-gcc13-scalar,basic,cycles,548743140,250036803,250036803
1,mlp8-gcc13-scalar-r2-mlp8_cycle-scalar-warm-basic-393216,mlp8-gcc13-scalar,basic,instructions,1453892230,250033501,250033501
1,mlp8-gcc13-scalar-r2-mlp8_cycle-scalar-warm-basic-393216,mlp8-gcc13-scalar,basic,ref_cycles,548744284,250029970,250029970
1,mlp8-gcc13-scalar-r2-mlp8_cycle-scalar-warm-branch-33554432,mlp8-gcc13-scalar,branch,cycles,549483985,250380479,250380479
1,mlp8-gcc13-scalar-r2-mlp8_cycle-scalar-warm-branch-33554432,mlp8-gcc13-scalar,branch,branches,6753843,250380013,250380013
1,mlp8-gcc13-scalar-r2-mlp8_cycle-scalar-warm-branch-33554432,mlp8-gcc13-scalar,branch,branch_misses,149,250375748,250375748
1,mlp8-gcc13-scalar-r2-mlp8_cycle-scalar-warm-branch-262144,mlp8-gcc13-scalar,branch,cycles,548735622,250036053,250036053
1,mlp8-gcc13-scalar-r2-mlp8_cycle-scalar-warm-branch-262144,mlp8-gcc13-scalar,branch,branches,38080399,250034489,250034489
1,mlp8-gcc13-scalar-r2-mlp8_cycle-scalar-warm-branch-262144,mlp8-gcc13-scalar,branch,branch_misses,69811,250030853,250030853
1,mlp8-gcc13-scalar-r2-mlp8_cycle-scalar-warm-branch-36864,mlp8-gcc13-scalar,branch,cycles,548731706,250033870,250033870
1,mlp8-gcc13-scalar-r2-mlp8_cycle-scalar-warm-branch-36864,mlp8-gcc13-scalar,branch,branches,51109485,250032525,250032525
1,mlp8-gcc13-scalar-r2-mlp8_cycle-scalar-warm-branch-36864,mlp8-gcc13-scalar,branch,branch_misses,482323,250029555,250029555
1,mlp8-gcc13-scalar-r2-mlp8_cycle-scalar-cache_evicted-branch-33554432,mlp8-gcc13-scalar,branch,cycles,549825157,250539343,250539343
1,mlp8-gcc13-scalar-r2-mlp8_cycle-scalar-cache_evicted-branch-33554432,mlp8-gcc13-scalar,branch,branches,6491562,250537705,250537705
1,mlp8-gcc13-scalar-r2-mlp8_cycle-scalar-cache_evicted-branch-33554432,mlp8-gcc13-scalar,branch,branch_misses,154,250533586,250533586
1,mlp8-gcc13-scalar-r2-mlp8_cycle-scalar-warm-basic-1048576,mlp8-gcc13-scalar,basic,cycles,548738910,250036635,250036635
1,mlp8-gcc13-scalar-r2-mlp8_cycle-scalar-warm-basic-1048576,mlp8-gcc13-scalar,basic,instructions,1197931137,250034288,250034288
1,mlp8-gcc13-scalar-r2-mlp8_cycle-scalar-warm-basic-1048576,mlp8-gcc13-scalar,basic,ref_cycles,548741072,250030874,250030874
1,mlp8-gcc13-scalar-r2-mlp8_cycle-scalar-cache_evicted-basic-33554432,mlp8-gcc13-scalar,basic,cycles,548971420,250147004,250147004
1,mlp8-gcc13-scalar-r2-mlp8_cycle-scalar-cache_evicted-basic-33554432,mlp8-gcc13-scalar,basic,instructions,327571283,250146641,250146641
1,mlp8-gcc13-scalar-r2-mlp8_cycle-scalar-cache_evicted-basic-33554432,mlp8-gcc13-scalar,basic,ref_cycles,548975746,250143166,250143166
1,mlp8-gcc13-scalar-r2-mlp8_cycle-scalar-cache_evicted-basic-8388608,mlp8-gcc13-scalar,basic,cycles,549128962,250220396,250220396
1,mlp8-gcc13-scalar-r2-mlp8_cycle-scalar-cache_evicted-basic-8388608,mlp8-gcc13-scalar,basic,instructions,478605913,250218566,250218566
1,mlp8-gcc13-scalar-r2-mlp8_cycle-scalar-cache_evicted-basic-8388608,mlp8-gcc13-scalar,basic,ref_cycles,549132628,250214636,250214636
1,mlp8-gcc13-scalar-r2-mlp8_cycle-scalar-warm-branch-1048576,mlp8-gcc13-scalar,branch,cycles,548769858,250051577,250051577
1,mlp8-gcc13-scalar-r2-mlp8_cycle-scalar-warm-branch-1048576,mlp8-gcc13-scalar,branch,branches,24975850,250049872,250049872
1,mlp8-gcc13-scalar-r2-mlp8_cycle-scalar-warm-branch-1048576,mlp8-gcc13-scalar,branch,branch_misses,12047,250046197,250046197
1,mlp8-gcc13-scalar-r2-mlp8_cycle-scalar-warm-basic-131072,mlp8-gcc13-scalar,basic,cycles,548732753,250032965,250032965
1,mlp8-gcc13-scalar-r2-mlp8_cycle-scalar-warm-basic-131072,mlp8-gcc13-scalar,basic,instructions,1866222512,250030695,250030695
1,mlp8-gcc13-scalar-r2-mlp8_cycle-scalar-warm-basic-131072,mlp8-gcc13-scalar,basic,ref_cycles,548734054,250027399,250027399
1,mlp8-gcc13-scalar-r3-mlp8_cycle-scalar-warm-basic-1048576,mlp8-gcc13-scalar,basic,cycles,548760874,250046455,250046455
1,mlp8-gcc13-scalar-r3-mlp8_cycle-scalar-warm-basic-1048576,mlp8-gcc13-scalar,basic,instructions,1210400983,250043475,250043475
1,mlp8-gcc13-scalar-r3-mlp8_cycle-scalar-warm-basic-1048576,mlp8-gcc13-scalar,basic,ref_cycles,548761906,250039792,250039792
1,mlp8-gcc13-scalar-r3-mlp8_cycle-scalar-warm-branch-536870912,mlp8-gcc13-scalar,branch,cycles,690368658,314569013,314569013
1,mlp8-gcc13-scalar-r3-mlp8_cycle-scalar-warm-branch-536870912,mlp8-gcc13-scalar,branch,branches,3145962,314568352,314568352
1,mlp8-gcc13-scalar-r3-mlp8_cycle-scalar-warm-branch-536870912,mlp8-gcc13-scalar,branch,branch_misses,45,314564496,314564496
1,mlp8-gcc13-scalar-r3-mlp8_cycle-scalar-cache_evicted-branch-6291456,mlp8-gcc13-scalar,branch,cycles,549127685,250216868,250216868
1,mlp8-gcc13-scalar-r3-mlp8_cycle-scalar-cache_evicted-branch-6291456,mlp8-gcc13-scalar,branch,branches,10855814,250214182,250214182
1,mlp8-gcc13-scalar-r3-mlp8_cycle-scalar-cache_evicted-branch-6291456,mlp8-gcc13-scalar,branch,branch_misses,924,250210190,250210190
1,mlp8-gcc13-scalar-r3-mlp8_cycle-scalar-warm-basic-36864,mlp8-gcc13-scalar,basic,cycles,548731162,250031360,250031360
1,mlp8-gcc13-scalar-r3-mlp8_cycle-scalar-warm-basic-36864,mlp8-gcc13-scalar,basic,instructions,1810869883,250028207,250028207
1,mlp8-gcc13-scalar-r3-mlp8_cycle-scalar-warm-basic-36864,mlp8-gcc13-scalar,basic,ref_cycles,548732052,250024731,250024731
1,mlp8-gcc13-scalar-r3-mlp8_cycle-scalar-warm-branch-32768,mlp8-gcc13-scalar,branch,cycles,548731911,250032236,250032236
1,mlp8-gcc13-scalar-r3-mlp8_cycle-scalar-warm-branch-32768,mlp8-gcc13-scalar,branch,branches,52460921,250030895,250030895
1,mlp8-gcc13-scalar-r3-mlp8_cycle-scalar-warm-branch-32768,mlp8-gcc13-scalar,branch,branch_misses,535484,250027532,250027532
1,mlp8-gcc13-scalar-r3-mlp8_cycle-scalar-warm-basic-131072,mlp8-gcc13-scalar,basic,cycles,548733402,250034122,250034122
1,mlp8-gcc13-scalar-r3-mlp8_cycle-scalar-warm-basic-131072,mlp8-gcc13-scalar,basic,instructions,1866608131,250032381,250032381
1,mlp8-gcc13-scalar-r3-mlp8_cycle-scalar-warm-basic-131072,mlp8-gcc13-scalar,basic,ref_cycles,548735704,250029521,250029521
1,mlp8-gcc13-scalar-r3-mlp8_cycle-scalar-warm-branch-196608,mlp8-gcc13-scalar,branch,cycles,548734157,250034657,250034657
1,mlp8-gcc13-scalar-r3-mlp8_cycle-scalar-warm-branch-196608,mlp8-gcc13-scalar,branch,branches,40622287,250032856,250032856
1,mlp8-gcc13-scalar-r3-mlp8_cycle-scalar-warm-branch-196608,mlp8-gcc13-scalar,branch,branch_misses,97257,250029740,250029740
1,mlp8-gcc13-scalar-r3-mlp8_cycle-scalar-cache_evicted-basic-1048576,mlp8-gcc13-scalar,basic,cycles,548771841,250052360,250052360
1,mlp8-gcc13-scalar-r3-mlp8_cycle-scalar-cache_evicted-basic-1048576,mlp8-gcc13-scalar,basic,instructions,1214021309,250049528,250049528
1,mlp8-gcc13-scalar-r3-mlp8_cycle-scalar-cache_evicted-basic-1048576,mlp8-gcc13-scalar,basic,ref_cycles,548774006,250046719,250046719
1,mlp8-gcc13-scalar-r3-mlp8_cycle-scalar-warm-branch-16384,mlp8-gcc13-scalar,branch,cycles,548731322,250032505,250032505
1,mlp8-gcc13-scalar-r3-mlp8_cycle-scalar-warm-branch-16384,mlp8-gcc13-scalar,branch,branches,63882143,250030689,250030689
1,mlp8-gcc13-scalar-r3-mlp8_cycle-scalar-warm-branch-16384,mlp8-gcc13-scalar,branch,branch_misses,792986,250027183,250027183
1,mlp8-gcc13-scalar-r3-mlp8_cycle-scalar-warm-basic-134217728,mlp8-gcc13-scalar,basic,cycles,553562376,252238851,252238851
1,mlp8-gcc13-scalar-r3-mlp8_cycle-scalar-warm-basic-134217728,mlp8-gcc13-scalar,basic,instructions,141298588,252237751,252237751
1,mlp8-gcc13-scalar-r3-mlp8_cycle-scalar-warm-basic-134217728,mlp8-gcc13-scalar,basic,ref_cycles,553565760,252234193,252234193
1,mlp8-gcc13-scalar-r3-mlp8_cycle-scalar-cache_evicted-basic-536870912,mlp8-gcc13-scalar,basic,cycles,692923610,315732769,315732769
1,mlp8-gcc13-scalar-r3-mlp8_cycle-scalar-cache_evicted-basic-536870912,mlp8-gcc13-scalar,basic,instructions,154141940,315730761,315730761
1,mlp8-gcc13-scalar-r3-mlp8_cycle-scalar-cache_evicted-basic-536870912,mlp8-gcc13-scalar,basic,ref_cycles,692927928,315727343,315727343
1,mlp8-gcc13-scalar-r3-mlp8_cycle-scalar-warm-basic-5242880,mlp8-gcc13-scalar,basic,cycles,548937013,250128798,250128798
1,mlp8-gcc13-scalar-r3-mlp8_cycle-scalar-warm-basic-5242880,mlp8-gcc13-scalar,basic,instructions,544641334,250128768,250128768
1,mlp8-gcc13-scalar-r3-mlp8_cycle-scalar-warm-basic-5242880,mlp8-gcc13-scalar,basic,ref_cycles,548940964,250125792,250125792
1,mlp8-gcc13-scalar-r3-mlp8_cycle-scalar-warm-basic-49152,mlp8-gcc13-scalar,basic,cycles,548731372,250032556,250032556
1,mlp8-gcc13-scalar-r3-mlp8_cycle-scalar-warm-basic-49152,mlp8-gcc13-scalar,basic,instructions,1828437200,250030926,250030926
1,mlp8-gcc13-scalar-r3-mlp8_cycle-scalar-warm-basic-49152,mlp8-gcc13-scalar,basic,ref_cycles,548733702,250027810,250027810
1,mlp8-gcc13-scalar-r3-mlp8_cycle-scalar-cache_evicted-basic-262144,mlp8-gcc13-scalar,basic,cycles,548737684,250035822,250035822
1,mlp8-gcc13-scalar-r3-mlp8_cycle-scalar-cache_evicted-basic-262144,mlp8-gcc13-scalar,basic,instructions,1737799884,250033585,250033585
1,mlp8-gcc13-scalar-r3-mlp8_cycle-scalar-cache_evicted-basic-262144,mlp8-gcc13-scalar,basic,ref_cycles,548739532,250030232,250030232
1,mlp8-gcc13-scalar-r3-mlp8_cycle-scalar-warm-basic-6291456,mlp8-gcc13-scalar,basic,cycles,548871128,250099175,250099175
1,mlp8-gcc13-scalar-r3-mlp8_cycle-scalar-warm-basic-6291456,mlp8-gcc13-scalar,basic,instructions,527637347,250097816,250097816
1,mlp8-gcc13-scalar-r3-mlp8_cycle-scalar-warm-basic-6291456,mlp8-gcc13-scalar,basic,ref_cycles,548874832,250094201,250094201
1,mlp8-gcc13-scalar-r3-mlp8_cycle-scalar-warm-basic-262144,mlp8-gcc13-scalar,basic,cycles,548733429,250033768,250033768
1,mlp8-gcc13-scalar-r3-mlp8_cycle-scalar-warm-basic-262144,mlp8-gcc13-scalar,basic,instructions,1743366277,250031095,250031095
1,mlp8-gcc13-scalar-r3-mlp8_cycle-scalar-warm-basic-262144,mlp8-gcc13-scalar,basic,ref_cycles,548735462,250027881,250027881
1,mlp8-gcc13-scalar-r3-mlp8_cycle-scalar-warm-branch-98304,mlp8-gcc13-scalar,branch,cycles,548732777,250034468,250034468
1,mlp8-gcc13-scalar-r3-mlp8_cycle-scalar-warm-branch-98304,mlp8-gcc13-scalar,branch,branches,43686563,250033314,250033314
1,mlp8-gcc13-scalar-r3-mlp8_cycle-scalar-warm-branch-98304,mlp8-gcc13-scalar,branch,branch_misses,193410,250030012,250030012
1,mlp8-gcc13-scalar-r3-mlp8_cycle-scalar-warm-branch-65536,mlp8-gcc13-scalar,branch,cycles,548731543,250034118,250034118
1,mlp8-gcc13-scalar-r3-mlp8_cycle-scalar-warm-branch-65536,mlp8-gcc13-scalar,branch,branches,46168259,250033022,250033022
1,mlp8-gcc13-scalar-r3-mlp8_cycle-scalar-warm-branch-65536,mlp8-gcc13-scalar,branch,branch_misses,285160,250029670,250029670
1,mlp8-gcc13-scalar-r3-mlp8_cycle-scalar-cache_evicted-branch-32768,mlp8-gcc13-scalar,branch,cycles,548731749,250034420,250034420
1,mlp8-gcc13-scalar-r3-mlp8_cycle-scalar-cache_evicted-branch-32768,mlp8-gcc13-scalar,branch,branches,52650447,250032855,250032855
1,mlp8-gcc13-scalar-r3-mlp8_cycle-scalar-cache_evicted-branch-32768,mlp8-gcc13-scalar,branch,branch_misses,537391,250029499,250029499
1,mlp8-gcc13-scalar-r3-mlp8_cycle-scalar-warm-basic-4194304,mlp8-gcc13-scalar,basic,cycles,548896150,250109380,250109380
1,mlp8-gcc13-scalar-r3-mlp8_cycle-scalar-warm-basic-4194304,mlp8-gcc13-scalar,basic,instructions,594399709,250108202,250108202
1,mlp8-gcc13-scalar-r3-mlp8_cycle-scalar-warm-basic-4194304,mlp8-gcc13-scalar,basic,ref_cycles,548900440,250104876,250104876
1,mlp8-gcc13-scalar-r3-mlp8_cycle-scalar-warm-branch-131072,mlp8-gcc13-scalar,branch,cycles,548733104,250033785,250033785
1,mlp8-gcc13-scalar-r3-mlp8_cycle-scalar-warm-branch-131072,mlp8-gcc13-scalar,branch,branches,42438836,250031726,250031726
1,mlp8-gcc13-scalar-r3-mlp8_cycle-scalar-warm-branch-131072,mlp8-gcc13-scalar,branch,branch_misses,146421,250028133,250028133
1,mlp8-gcc13-scalar-r3-mlp8_cycle-scalar-warm-basic-24576,mlp8-gcc13-scalar,basic,cycles,548731479,250032739,250032739
1,mlp8-gcc13-scalar-r3-mlp8_cycle-scalar-warm-basic-24576,mlp8-gcc13-scalar,basic,instructions,1768751566,250032370,250032370
1,mlp8-gcc13-scalar-r3-mlp8_cycle-scalar-warm-basic-24576,mlp8-gcc13-scalar,basic,ref_cycles,548734098,250029285,250029285
1,mlp8-gcc13-scalar-r3-mlp8_cycle-scalar-cache_evicted-branch-8388608,mlp8-gcc13-scalar,branch,cycles,549209235,250255304,250255304
1,mlp8-gcc13-scalar-r3-mlp8_cycle-scalar-cache_evicted-branch-8388608,mlp8-gcc13-scalar,branch,branches,10195712,250254344,250254344
1,mlp8-gcc13-scalar-r3-mlp8_cycle-scalar-cache_evicted-branch-8388608,mlp8-gcc13-scalar,branch,branch_misses,668,250250656,250250656
1,mlp8-gcc13-scalar-r3-mlp8_cycle-scalar-warm-basic-2097152,mlp8-gcc13-scalar,basic,cycles,548736165,250035178,250035178
1,mlp8-gcc13-scalar-r3-mlp8_cycle-scalar-warm-basic-2097152,mlp8-gcc13-scalar,basic,instructions,800052123,250032091,250032091
1,mlp8-gcc13-scalar-r3-mlp8_cycle-scalar-warm-basic-2097152,mlp8-gcc13-scalar,basic,ref_cycles,548738454,250028672,250028672
1,mlp8-gcc13-scalar-r3-mlp8_cycle-scalar-warm-branch-393216,mlp8-gcc13-scalar,branch,cycles,548744499,250040072,250040072
1,mlp8-gcc13-scalar-r3-mlp8_cycle-scalar-warm-branch-393216,mlp8-gcc13-scalar,branch,branches,30586832,250038463,250038463
1,mlp8-gcc13-scalar-r3-mlp8_cycle-scalar-warm-branch-393216,mlp8-gcc13-scalar,branch,branch_misses,38192,250034785,250034785
1,mlp8-gcc13-scalar-r3-mlp8_cycle-scalar-cache_evicted-basic-6291456,mlp8-gcc13-scalar,basic,cycles,548740152,250040860,250040860
1,mlp8-gcc13-scalar-r3-mlp8_cycle-scalar-cache_evicted-basic-6291456,mlp8-gcc13-scalar,basic,instructions,528239654,250040988,250040988
1,mlp8-gcc13-scalar-r3-mlp8_cycle-scalar-cache_evicted-basic-6291456,mlp8-gcc13-scalar,basic,ref_cycles,548744812,250038016,250038016
1,mlp8-gcc13-scalar-r3-mlp8_cycle-scalar-warm-branch-33554432,mlp8-gcc13-scalar,branch,cycles,550800712,250980301,250980301
1,mlp8-gcc13-scalar-r3-mlp8_cycle-scalar-warm-branch-33554432,mlp8-gcc13-scalar,branch,branches,6032573,250979917,250979917
1,mlp8-gcc13-scalar-r3-mlp8_cycle-scalar-warm-branch-33554432,mlp8-gcc13-scalar,branch,branch_misses,140,250976616,250976616
1,mlp8-gcc13-scalar-r3-mlp8_cycle-scalar-warm-basic-33554432,mlp8-gcc13-scalar,basic,cycles,549840310,250541341,250541341
1,mlp8-gcc13-scalar-r3-mlp8_cycle-scalar-warm-basic-33554432,mlp8-gcc13-scalar,basic,instructions,311513898,250541952,250541952
1,mlp8-gcc13-scalar-r3-mlp8_cycle-scalar-warm-basic-33554432,mlp8-gcc13-scalar,basic,ref_cycles,549844746,250538532,250538532
1,mlp8-gcc13-scalar-r3-mlp8_cycle-scalar-warm-branch-1048576,mlp8-gcc13-scalar,branch,cycles,548752370,250043613,250043613
1,mlp8-gcc13-scalar-r3-mlp8_cycle-scalar-warm-branch-1048576,mlp8-gcc13-scalar,branch,branches,25300602,250040961,250040961
1,mlp8-gcc13-scalar-r3-mlp8_cycle-scalar-warm-branch-1048576,mlp8-gcc13-scalar,branch,branch_misses,12212,250036808,250036808
1,mlp8-gcc13-scalar-r3-mlp8_cycle-scalar-warm-basic-196608,mlp8-gcc13-scalar,basic,cycles,548732167,250033781,250033781
1,mlp8-gcc13-scalar-r3-mlp8_cycle-scalar-warm-basic-196608,mlp8-gcc13-scalar,basic,instructions,1861172347,250032173,250032173
1,mlp8-gcc13-scalar-r3-mlp8_cycle-scalar-warm-basic-196608,mlp8-gcc13-scalar,basic,ref_cycles,548735044,250028953,250028953
1,mlp8-gcc13-scalar-r3-mlp8_cycle-scalar-cache_evicted-branch-536870912,mlp8-gcc13-scalar,branch,cycles,690679406,314711782,314711782
1,mlp8-gcc13-scalar-r3-mlp8_cycle-scalar-cache_evicted-branch-536870912,mlp8-gcc13-scalar,branch,branches,3145962,314708515,314708515
1,mlp8-gcc13-scalar-r3-mlp8_cycle-scalar-cache_evicted-branch-536870912,mlp8-gcc13-scalar,branch,branch_misses,44,314705060,314705060
1,mlp8-gcc13-scalar-r3-mlp8_cycle-scalar-warm-branch-4194304,mlp8-gcc13-scalar,branch,cycles,548943405,250132039,250132039
1,mlp8-gcc13-scalar-r3-mlp8_cycle-scalar-warm-branch-4194304,mlp8-gcc13-scalar,branch,branches,12223968,250130736,250130736
1,mlp8-gcc13-scalar-r3-mlp8_cycle-scalar-warm-branch-4194304,mlp8-gcc13-scalar,branch,branch_misses,1530,250126894,250126894
1,mlp8-gcc13-scalar-r3-mlp8_cycle-scalar-warm-basic-28672,mlp8-gcc13-scalar,basic,cycles,548731373,250032049,250032049
1,mlp8-gcc13-scalar-r3-mlp8_cycle-scalar-warm-basic-28672,mlp8-gcc13-scalar,basic,instructions,1784730114,250029452,250029452
1,mlp8-gcc13-scalar-r3-mlp8_cycle-scalar-warm-basic-28672,mlp8-gcc13-scalar,basic,ref_cycles,548733328,250025805,250025805
1,mlp8-gcc13-scalar-r3-mlp8_cycle-scalar-warm-branch-5242880,mlp8-gcc13-scalar,branch,cycles,548844158,250086329,250086329
1,mlp8-gcc13-scalar-r3-mlp8_cycle-scalar-warm-branch-5242880,mlp8-gcc13-scalar,branch,branches,11352905,250084939,250084939
1,mlp8-gcc13-scalar-r3-mlp8_cycle-scalar-warm-branch-5242880,mlp8-gcc13-scalar,branch,branch_misses,1142,250081056,250081056
1,mlp8-gcc13-scalar-r3-mlp8_cycle-scalar-warm-basic-294912,mlp8-gcc13-scalar,basic,cycles,548739235,250036112,250036112
1,mlp8-gcc13-scalar-r3-mlp8_cycle-scalar-warm-basic-294912,mlp8-gcc13-scalar,basic,instructions,1652105074,250033864,250033864
1,mlp8-gcc13-scalar-r3-mlp8_cycle-scalar-warm-basic-294912,mlp8-gcc13-scalar,basic,ref_cycles,548740962,250030350,250030350
1,mlp8-gcc13-scalar-r3-mlp8_cycle-scalar-warm-branch-8192,mlp8-gcc13-scalar,branch,cycles,548731135,250033402,250033402
1,mlp8-gcc13-scalar-r3-mlp8_cycle-scalar-warm-branch-8192,mlp8-gcc13-scalar,branch,branches,82395594,250031457,250031457
1,mlp8-gcc13-scalar-r3-mlp8_cycle-scalar-warm-branch-8192,mlp8-gcc13-scalar,branch,branch_misses,435,250027932,250027932
1,mlp8-gcc13-scalar-r3-mlp8_cycle-scalar-warm-branch-2097152,mlp8-gcc13-scalar,branch,cycles,548759797,250048500,250048500
1,mlp8-gcc13-scalar-r3-mlp8_cycle-scalar-warm-branch-2097152,mlp8-gcc13-scalar,branch,branches,16198006,250046789,250046789
1,mlp8-gcc13-scalar-r3-mlp8_cycle-scalar-warm-branch-2097152,mlp8-gcc13-scalar,branch,branch_misses,3977,250043593,250043593
1,mlp8-gcc13-scalar-r3-mlp8_cycle-scalar-warm-basic-16384,mlp8-gcc13-scalar,basic,cycles,548731592,250033387,250033387
1,mlp8-gcc13-scalar-r3-mlp8_cycle-scalar-warm-basic-16384,mlp8-gcc13-scalar,basic,instructions,1751835295,250031553,250031553
1,mlp8-gcc13-scalar-r3-mlp8_cycle-scalar-warm-basic-16384,mlp8-gcc13-scalar,basic,ref_cycles,548733834,250028330,250028330
1,mlp8-gcc13-scalar-r3-mlp8_cycle-scalar-warm-branch-28672,mlp8-gcc13-scalar,branch,cycles,548731948,250033445,250033445
1,mlp8-gcc13-scalar-r3-mlp8_cycle-scalar-warm-branch-28672,mlp8-gcc13-scalar,branch,branches,54042614,250031867,250031867
1,mlp8-gcc13-scalar-r3-mlp8_cycle-scalar-warm-branch-28672,mlp8-gcc13-scalar,branch,branch_misses,600649,250028589,250028589
1,mlp8-gcc13-scalar-r3-mlp8_cycle-scalar-warm-branch-294912,mlp8-gcc13-scalar,branch,cycles,548732976,250034560,250034560
1,mlp8-gcc13-scalar-r3-mlp8_cycle-scalar-warm-branch-294912,mlp8-gcc13-scalar,branch,branches,35534490,250031918,250031918
1,mlp8-gcc13-scalar-r3-mlp8_cycle-scalar-warm-branch-294912,mlp8-gcc13-scalar,branch,branch_misses,58306,250027925,250027925
1,mlp8-gcc13-scalar-r3-mlp8_cycle-scalar-warm-branch-134217728,mlp8-gcc13-scalar,branch,cycles,551006528,251074622,251074622
1,mlp8-gcc13-scalar-r3-mlp8_cycle-scalar-warm-branch-134217728,mlp8-gcc13-scalar,branch,branches,2884090,251073812,251073812
1,mlp8-gcc13-scalar-r3-mlp8_cycle-scalar-warm-branch-134217728,mlp8-gcc13-scalar,branch,branch_misses,81,251069526,251069526
1,mlp8-gcc13-scalar-r3-mlp8_cycle-scalar-warm-branch-229376,mlp8-gcc13-scalar,branch,cycles,548736977,250035260,250035260
1,mlp8-gcc13-scalar-r3-mlp8_cycle-scalar-warm-branch-229376,mlp8-gcc13-scalar,branch,branches,38840727,250033375,250033375
1,mlp8-gcc13-scalar-r3-mlp8_cycle-scalar-warm-branch-229376,mlp8-gcc13-scalar,branch,branch_misses,80648,250029586,250029586
1,mlp8-gcc13-scalar-r3-mlp8_cycle-scalar-warm-basic-524288,mlp8-gcc13-scalar,basic,cycles,548735437,250033435,250033435
1,mlp8-gcc13-scalar-r3-mlp8_cycle-scalar-warm-basic-524288,mlp8-gcc13-scalar,basic,instructions,1286381459,250030809,250030809
1,mlp8-gcc13-scalar-r3-mlp8_cycle-scalar-warm-basic-524288,mlp8-gcc13-scalar,basic,ref_cycles,548736870,250027953,250027953
1,mlp8-gcc13-scalar-r3-mlp8_cycle-scalar-warm-branch-6291456,mlp8-gcc13-scalar,branch,cycles,549337777,250313164,250313164
1,mlp8-gcc13-scalar-r3-mlp8_cycle-scalar-warm-branch-6291456,mlp8-gcc13-scalar,branch,branches,10744919,250311562,250311562
1,mlp8-gcc13-scalar-r3-mlp8_cycle-scalar-warm-branch-6291456,mlp8-gcc13-scalar,branch,branch_misses,925,250307818,250307818
1,mlp8-gcc13-scalar-r3-mlp8_cycle-scalar-cache_evicted-branch-262144,mlp8-gcc13-scalar,branch,cycles,548731531,250036663,250036663
1,mlp8-gcc13-scalar-r3-mlp8_cycle-scalar-cache_evicted-branch-262144,mlp8-gcc13-scalar,branch,branches,37384814,250035043,250035043
1,mlp8-gcc13-scalar-r3-mlp8_cycle-scalar-cache_evicted-branch-262144,mlp8-gcc13-scalar,branch,branch_misses,68590,250031213,250031213
1,mlp8-gcc13-scalar-r3-mlp8_cycle-scalar-warm-basic-536870912,mlp8-gcc13-scalar,basic,cycles,688800238,313853023,313853023
1,mlp8-gcc13-scalar-r3-mlp8_cycle-scalar-warm-basic-536870912,mlp8-gcc13-scalar,basic,instructions,154141940,313852308,313852308
1,mlp8-gcc13-scalar-r3-mlp8_cycle-scalar-warm-basic-536870912,mlp8-gcc13-scalar,basic,ref_cycles,688803302,313848942,313848942
1,mlp8-gcc13-scalar-r3-mlp8_cycle-scalar-warm-basic-229376,mlp8-gcc13-scalar,basic,cycles,548148252,249898754,249898754
1,mlp8-gcc13-scalar-r3-mlp8_cycle-scalar-warm-basic-229376,mlp8-gcc13-scalar,basic,instructions,1772271780,249902716,249902716
1,mlp8-gcc13-scalar-r3-mlp8_cycle-scalar-warm-basic-229376,mlp8-gcc13-scalar,basic,ref_cycles,548158952,249900876,249900876
1,mlp8-gcc13-scalar-r3-mlp8_cycle-scalar-warm-branch-49152,mlp8-gcc13-scalar,branch,cycles,548730643,250032127,250032127
1,mlp8-gcc13-scalar-r3-mlp8_cycle-scalar-warm-branch-49152,mlp8-gcc13-scalar,branch,branches,48295036,250030019,250030019
1,mlp8-gcc13-scalar-r3-mlp8_cycle-scalar-warm-branch-49152,mlp8-gcc13-scalar,branch,branch_misses,371638,250026648,250026648
1,mlp8-gcc13-scalar-r3-mlp8_cycle-scalar-warm-basic-393216,mlp8-gcc13-scalar,basic,cycles,548735763,250034926,250034926
1,mlp8-gcc13-scalar-r3-mlp8_cycle-scalar-warm-basic-393216,mlp8-gcc13-scalar,basic,instructions,1447080012,250033607,250033607
1,mlp8-gcc13-scalar-r3-mlp8_cycle-scalar-warm-basic-393216,mlp8-gcc13-scalar,basic,ref_cycles,548738014,250030698,250030698
1,mlp8-gcc13-scalar-r3-mlp8_cycle-scalar-warm-basic-8192,mlp8-gcc13-scalar,basic,cycles,548731397,250032534,250032534
1,mlp8-gcc13-scalar-r3-mlp8_cycle-scalar-warm-basic-8192,mlp8-gcc13-scalar,basic,instructions,1676947478,250030883,250030883
1,mlp8-gcc13-scalar-r3-mlp8_cycle-scalar-warm-basic-8192,mlp8-gcc13-scalar,basic,ref_cycles,548733394,250027820,250027820
1,mlp8-gcc13-scalar-r3-mlp8_cycle-scalar-cache_evicted-branch-1048576,mlp8-gcc13-scalar,branch,cycles,548777371,250056656,250056656
1,mlp8-gcc13-scalar-r3-mlp8_cycle-scalar-cache_evicted-branch-1048576,mlp8-gcc13-scalar,branch,branches,24651063,250054318,250054318
1,mlp8-gcc13-scalar-r3-mlp8_cycle-scalar-cache_evicted-branch-1048576,mlp8-gcc13-scalar,branch,branch_misses,11895,250050498,250050498
1,mlp8-gcc13-scalar-r3-mlp8_cycle-scalar-warm-basic-32768,mlp8-gcc13-scalar,basic,cycles,548730864,250031536,250031536
1,mlp8-gcc13-scalar-r3-mlp8_cycle-scalar-warm-basic-32768,mlp8-gcc13-scalar,basic,instructions,1792175598,250028613,250028613
1,mlp8-gcc13-scalar-r3-mlp8_cycle-scalar-warm-basic-32768,mlp8-gcc13-scalar,basic,ref_cycles,548732162,250025228,250025228
1,mlp8-gcc13-scalar-r3-mlp8_cycle-scalar-warm-branch-12582912,mlp8-gcc13-scalar,branch,cycles,549865696,250553239,250553239
1,mlp8-gcc13-scalar-r3-mlp8_cycle-scalar-warm-branch-12582912,mlp8-gcc13-scalar,branch,branches,9622642,250551976,250551976
1,mlp8-gcc13-scalar-r3-mlp8_cycle-scalar-warm-branch-12582912,mlp8-gcc13-scalar,branch,branch_misses,436,250547947,250547947
1,mlp8-gcc13-scalar-r3-mlp8_cycle-scalar-cache_evicted-basic-8388608,mlp8-gcc13-scalar,basic,cycles,549197405,250247815,250247815
1,mlp8-gcc13-scalar-r3-mlp8_cycle-scalar-cache_evicted-basic-8388608,mlp8-gcc13-scalar,basic,instructions,505105888,250248065,250248065
1,mlp8-gcc13-scalar-r3-mlp8_cycle-scalar-cache_evicted-basic-8388608,mlp8-gcc13-scalar,basic,ref_cycles,549201378,250244773,250244773
1,mlp8-gcc13-scalar-r3-mlp8_cycle-scalar-warm-branch-524288,mlp8-gcc13-scalar,branch,cycles,548739490,250036439,250036439
1,mlp8-gcc13-scalar-r3-mlp8_cycle-scalar-warm-branch-524288,mlp8-gcc13-scalar,branch,branches,28306935,250033287,250033287
1,mlp8-gcc13-scalar-r3-mlp8_cycle-scalar-warm-branch-524288,mlp8-gcc13-scalar,branch,branch_misses,26797,250029568,250029568
1,mlp8-gcc13-scalar-r3-mlp8_cycle-scalar-cache_evicted-basic-32768,mlp8-gcc13-scalar,basic,cycles,548730885,250032095,250032095
1,mlp8-gcc13-scalar-r3-mlp8_cycle-scalar-cache_evicted-basic-32768,mlp8-gcc13-scalar,basic,instructions,1789385898,250030220,250030220
1,mlp8-gcc13-scalar-r3-mlp8_cycle-scalar-cache_evicted-basic-32768,mlp8-gcc13-scalar,basic,ref_cycles,548732954,250027131,250027131
1,mlp8-gcc13-scalar-r3-mlp8_cycle-scalar-warm-branch-24576,mlp8-gcc13-scalar,branch,cycles,548731578,250033438,250033438
1,mlp8-gcc13-scalar-r3-mlp8_cycle-scalar-warm-branch-24576,mlp8-gcc13-scalar,branch,branches,56306079,250032556,250032556
1,mlp8-gcc13-scalar-r3-mlp8_cycle-scalar-warm-branch-24576,mlp8-gcc13-scalar,branch,branch_misses,686853,250029105,250029105
1,mlp8-gcc13-scalar-r3-mlp8_cycle-scalar-warm-basic-98304,mlp8-gcc13-scalar,basic,cycles,548734126,250034710,250034710
1,mlp8-gcc13-scalar-r3-mlp8_cycle-scalar-warm-basic-98304,mlp8-gcc13-scalar,basic,instructions,1859023100,250033171,250033171
1,mlp8-gcc13-scalar-r3-mlp8_cycle-scalar-warm-basic-98304,mlp8-gcc13-scalar,basic,ref_cycles,548736672,250029896,250029896
1,mlp8-gcc13-scalar-r3-mlp8_cycle-scalar-cache_evicted-branch-33554432,mlp8-gcc13-scalar,branch,cycles,550952380,251049671,251049671
1,mlp8-gcc13-scalar-r3-mlp8_cycle-scalar-cache_evicted-branch-33554432,mlp8-gcc13-scalar,branch,branches,6688272,251049672,251049672
1,mlp8-gcc13-scalar-r3-mlp8_cycle-scalar-cache_evicted-branch-33554432,mlp8-gcc13-scalar,branch,branch_misses,148,251046303,251046303
1,mlp8-gcc13-scalar-r3-mlp8_cycle-scalar-warm-branch-36864,mlp8-gcc13-scalar,branch,cycles,548730975,250032880,250032880
1,mlp8-gcc13-scalar-r3-mlp8_cycle-scalar-warm-branch-36864,mlp8-gcc13-scalar,branch,branches,51297132,250029571,250029571
1,mlp8-gcc13-scalar-r3-mlp8_cycle-scalar-warm-branch-36864,mlp8-gcc13-scalar,branch,branch_misses,484069,250025759,250025759
1,mlp8-gcc13-scalar-r3-mlp8_cycle-scalar-warm-basic-12582912,mlp8-gcc13-scalar,basic,cycles,549151001,250226438,250226438
1,mlp8-gcc13-scalar-r3-mlp8_cycle-scalar-warm-basic-12582912,mlp8-gcc13-scalar,basic,instructions,464913311,250225550,250225550
1,mlp8-gcc13-scalar-r3-mlp8_cycle-scalar-warm-basic-12582912,mlp8-gcc13-scalar,basic,ref_cycles,549154166,250221876,250221876
1,mlp8-gcc13-scalar-r3-mlp8_cycle-scalar-warm-basic-7340032,mlp8-gcc13-scalar,basic,cycles,549487335,250379524,250379524
1,mlp8-gcc13-scalar-r3-mlp8_cycle-scalar-warm-basic-7340032,mlp8-gcc13-scalar,basic,instructions,505225410,250379507,250379507
1,mlp8-gcc13-scalar-r3-mlp8_cycle-scalar-warm-basic-7340032,mlp8-gcc13-scalar,basic,ref_cycles,549491140,250376381,250376381
1,mlp8-gcc13-scalar-r3-mlp8_cycle-scalar-warm-branch-8388608,mlp8-gcc13-scalar,branch,cycles,549232697,250263309,250263309
1,mlp8-gcc13-scalar-r3-mlp8_cycle-scalar-warm-branch-8388608,mlp8-gcc13-scalar,branch,branches,10113620,250262422,250262422
1,mlp8-gcc13-scalar-r3-mlp8_cycle-scalar-warm-branch-8388608,mlp8-gcc13-scalar,branch,branch_misses,649,250258380,250258380
1,mlp8-gcc13-scalar-r3-mlp8_cycle-scalar-cache_evicted-basic-33554432,mlp8-gcc13-scalar,basic,cycles,548849480,250090721,250090721
1,mlp8-gcc13-scalar-r3-mlp8_cycle-scalar-cache_evicted-basic-33554432,mlp8-gcc13-scalar,basic,instructions,333994237,250090448,250090448
1,mlp8-gcc13-scalar-r3-mlp8_cycle-scalar-cache_evicted-basic-33554432,mlp8-gcc13-scalar,basic,ref_cycles,548853976,250087305,250087305
1,mlp8-gcc13-scalar-r3-mlp8_cycle-scalar-warm-branch-262144,mlp8-gcc13-scalar,branch,cycles,548737543,250036835,250036835
1,mlp8-gcc13-scalar-r3-mlp8_cycle-scalar-warm-branch-262144,mlp8-gcc13-scalar,branch,branches,37574013,250035403,250035403
1,mlp8-gcc13-scalar-r3-mlp8_cycle-scalar-warm-branch-262144,mlp8-gcc13-scalar,branch,branch_misses,68933,250032181,250032181
1,mlp8-gcc13-scalar-r3-mlp8_cycle-scalar-warm-basic-65536,mlp8-gcc13-scalar,basic,cycles,548732782,250033946,250033946
1,mlp8-gcc13-scalar-r3-mlp8_cycle-scalar-warm-basic-65536,mlp8-gcc13-scalar,basic,instructions,1847130205,250031936,250031936
1,mlp8-gcc13-scalar-r3-mlp8_cycle-scalar-warm-basic-65536,mlp8-gcc13-scalar,basic,ref_cycles,548735110,250029073,250029073
1,mlp8-gcc13-scalar-r3-mlp8_cycle-scalar-warm-branch-7340032,mlp8-gcc13-scalar,branch,cycles,549444980,250361317,250361317
1,mlp8-gcc13-scalar-r3-mlp8_cycle-scalar-warm-branch-7340032,mlp8-gcc13-scalar,branch,branches,10461492,250359733,250359733
1,mlp8-gcc13-scalar-r3-mlp8_cycle-scalar-warm-branch-7340032,mlp8-gcc13-scalar,branch,branch_misses,766,250356121,250356121
1,mlp8-gcc13-scalar-r3-mlp8_cycle-scalar-warm-basic-8388608,mlp8-gcc13-scalar,basic,cycles,549560418,250411504,250411504
1,mlp8-gcc13-scalar-r3-mlp8_cycle-scalar-warm-basic-8388608,mlp8-gcc13-scalar,basic,instructions,497878609,250409491,250409491
1,mlp8-gcc13-scalar-r3-mlp8_cycle-scalar-warm-basic-8388608,mlp8-gcc13-scalar,basic,ref_cycles,549562948,250406210,250406210
1,mlp8-gcc13-scalar-r4-mlp8_cycle-scalar-warm-branch-524288,mlp8-gcc13-scalar,branch,cycles,548743638,250040100,250040100
1,mlp8-gcc13-scalar-r4-mlp8_cycle-scalar-warm-branch-524288,mlp8-gcc13-scalar,branch,branches,28745090,250038656,250038656
1,mlp8-gcc13-scalar-r4-mlp8_cycle-scalar-warm-branch-524288,mlp8-gcc13-scalar,branch,branch_misses,27238,250035330,250035330
1,mlp8-gcc13-scalar-r4-mlp8_cycle-scalar-warm-basic-16384,mlp8-gcc13-scalar,basic,cycles,548731271,250032441,250032441
1,mlp8-gcc13-scalar-r4-mlp8_cycle-scalar-warm-basic-16384,mlp8-gcc13-scalar,basic,instructions,1716893665,250030105,250030105
1,mlp8-gcc13-scalar-r4-mlp8_cycle-scalar-warm-basic-16384,mlp8-gcc13-scalar,basic,ref_cycles,548733174,250027164,250027164
1,mlp8-gcc13-scalar-r4-mlp8_cycle-scalar-warm-branch-8192,mlp8-gcc13-scalar,branch,cycles,548731671,250034286,250034286
1,mlp8-gcc13-scalar-r4-mlp8_cycle-scalar-warm-branch-8192,mlp8-gcc13-scalar,branch,branches,84074405,250032804,250032804
1,mlp8-gcc13-scalar-r4-mlp8_cycle-scalar-warm-branch-8192,mlp8-gcc13-scalar,branch,branch_misses,493,250029356,250029356
1,mlp8-gcc13-scalar-r4-mlp8_cycle-scalar-warm-branch-536870912,mlp8-gcc13-scalar,branch,cycles,689429223,314140859,314140859
1,mlp8-gcc13-scalar-r4-mlp8_cycle-scalar-warm-branch-536870912,mlp8-gcc13-scalar,branch,branches,3145962,314139346,314139346
1,mlp8-gcc13-scalar-r4-mlp8_cycle-scalar-warm-branch-536870912,mlp8-gcc13-scalar,branch,branch_misses,46,314135374,314135374
1,mlp8-gcc13-scalar-r4-mlp8_cycle-scalar-warm-branch-294912,mlp8-gcc13-scalar,branch,cycles,548735006,250035109,250035109
1,mlp8-gcc13-scalar-r4-mlp8_cycle-scalar-warm-branch-294912,mlp8-gcc13-scalar,branch,branches,34850088,250031840,250031840
1,mlp8-gcc13-scalar-r4-mlp8_cycle-scalar-warm-branch-294912,mlp8-gcc13-scalar,branch,branch_misses,57191,250027895,250027895
1,mlp8-gcc13-scalar-r4-mlp8_cycle-scalar-warm-basic-229376,mlp8-gcc13-scalar,basic,cycles,548449201,250000405,250000405
1,mlp8-gcc13-scalar-r4-mlp8_cycle-scalar-warm-basic-229376,mlp8-gcc13-scalar,basic,instructions,1780249278,250001761,250001761
1,mlp8-gcc13-scalar-r4-mlp8_cycle-scalar-warm-basic-229376,mlp8-gcc13-scalar,basic,ref_cycles,548456832,249999328,249999328
1,mlp8-gcc13-scalar-r4-mlp8_cycle-scalar-cache_evicted-branch-33554432,mlp8-gcc13-scalar,branch,cycles,549859964,250552279,250552279
1,mlp8-gcc13-scalar-r4-mlp8_cycle-scalar-cache_evicted-branch-33554432,mlp8-gcc13-scalar,branch,branches,5967002,250552044,250552044
1,mlp8-gcc13-scalar-r4-mlp8_cycle-scalar-cache_evicted-branch-33554432,mlp8-gcc13-scalar,branch,branch_misses,142,250548850,250548850
1,mlp8-gcc13-scalar-r4-mlp8_cycle-scalar-warm-branch-229376,mlp8-gcc13-scalar,branch,cycles,548734667,250035590,250035590
1,mlp8-gcc13-scalar-r4-mlp8_cycle-scalar-warm-branch-229376,mlp8-gcc13-scalar,branch,branches,39060833,250033617,250033617
1,mlp8-gcc13-scalar-r4-mlp8_cycle-scalar-warm-branch-229376,mlp8-gcc13-scalar,branch,branch_misses,81114,250030568,250030568
1,mlp8-gcc13-scalar-r4-mlp8_cycle-scalar-warm-basic-5242880,mlp8-gcc13-scalar,basic,cycles,549095086,250200739,250200739
1,mlp8-gcc13-scalar-r4-mlp8_cycle-scalar-warm-basic-5242880,mlp8-gcc13-scalar,basic,instructions,549661064,250197612,250197612
1,mlp8-gcc13-scalar-r4-mlp8_cycle-scalar-warm-basic-5242880,mlp8-gcc13-scalar,basic,ref_cycles,549097120,250193941,250193941
1,mlp8-gcc13-scalar-r4-mlp8_cycle-scalar-warm-branch-262144,mlp8-gcc13-scalar,branch,cycles,548736455,250036566,250036566
1,mlp8-gcc13-scalar-r4-mlp8_cycle-scalar-warm-branch-262144,mlp8-gcc13-scalar,branch,branches,37647974,250034569,250034569
1,mlp8-gcc13-scalar-r4-mlp8_cycle-scalar-warm-branch-262144,mlp8-gcc13-scalar,branch,branch_misses,69062,250030868,250030868
1,mlp8-gcc13-scalar-r4-mlp8_cycle-scalar-warm-branch-32768,mlp8-gcc13-scalar,branch,cycles,548731060,250034183,250034183
1,mlp8-gcc13-scalar-r4-mlp8_cycle-scalar-warm-branch-32768,mlp8-gcc13-scalar,branch,branches,52444713,250029590,250029590
1,mlp8-gcc13-scalar-r4-mlp8_cycle-scalar-warm-branch-32768,mlp8-gcc13-scalar,branch,branch_misses,535294,250025888,250025888
1,mlp8-gcc13-scalar-r4-mlp8_cycle-scalar-warm-basic-65536,mlp8-gcc13-scalar,basic,cycles,548731602,250031986,250031986
1,mlp8-gcc13-scalar-r4-mlp8_cycle-scalar-warm-basic-65536,mlp8-gcc13-scalar,basic,instructions,1840522204,250031791,250031791
1,mlp8-gcc13-scalar-r4-mlp8_cycle-scalar-warm-basic-65536,mlp8-gcc13-scalar,basic,ref_cycles,548734318,250028853,250028853
1,mlp8-gcc13-scalar-r4-mlp8_cycle-scalar-warm-branch-6291456,mlp8-gcc13-scalar,branch,cycles,549344705,250316274,250316274
1,mlp8-gcc13-scalar-r4-mlp8_cycle-scalar-warm-branch-6291456,mlp8-gcc13-scalar,branch,branches,10670984,250315056,250315056
1,mlp8-gcc13-scalar-r4-mlp8_cycle-scalar-warm-branch-6291456,mlp8-gcc13-scalar,branch,branch_misses,910,250310907,250310907
1,mlp8-gcc13-scalar-r4-mlp8_cycle-scalar-cache_evicted-basic-262144,mlp8-gcc13-scalar,basic,cycles,548731912,250032974,250032974
1,mlp8-gcc13-scalar-r4-mlp8_cycle-scalar-cache_evicted-basic-262144,mlp8-gcc13-scalar,basic,instructions,1735851762,250030049,250030049
1,mlp8-gcc13-scalar-r4-mlp8_cycle-scalar-cache_evicted-basic-262144,mlp8-gcc13-scalar,basic,ref_cycles,548733130,250026509,250026509
1,mlp8-gcc13-scalar-r4-mlp8_cycle-scalar-warm-branch-393216,mlp8-gcc13-scalar,branch,cycles,548738260,250037401,250037401
1,mlp8-gcc13-scalar-r4-mlp8_cycle-scalar-warm-branch-393216,mlp8-gcc13-scalar,branch,branches,30541908,250035606,250035606
1,mlp8-gcc13-scalar-r4-mlp8_cycle-scalar-warm-branch-393216,mlp8-gcc13-scalar,branch,branch_misses,38130,250032032,250032032
1,mlp8-gcc13-scalar-r4-mlp8_cycle-scalar-warm-branch-4194304,mlp8-gcc13-scalar,branch,cycles,549078300,250192310,250192310
1,mlp8-gcc13-scalar-r4-mlp8_cycle-scalar-warm-branch-4194304,mlp8-gcc13-scalar,branch,branches,12158163,250189295,250189295
1,mlp8-gcc13-scalar-r4-mlp8_cycle-scalar-warm-branch-4194304,mlp8-gcc13-scalar,branch,branch_misses,1518,250185250,250185250
1,mlp8-gcc13-scalar-r4-mlp8_cycle-scalar-warm-branch-7340032,mlp8-gcc13-scalar,branch,cycles,549010348,250162681,250162681
1,mlp8-gcc13-scalar-r4-mlp8_cycle-scalar-warm-branch-7340032,mlp8-gcc13-scalar,branch,branches,10447122,250161653,250161653
1,mlp8-gcc13-scalar-r4-mlp8_cycle-scalar-warm-branch-7340032,mlp8-gcc13-scalar,branch,branch_misses,771,250157452,250157452
1,mlp8-gcc13-scalar-r4-mlp8_cycle-scalar-warm-basic-196608,mlp8-gcc13-scalar,basic,cycles,548736674,250036842,250036842
1,mlp8-gcc13-scalar-r4-mlp8_cycle-scalar-warm-basic-196608,mlp8-gcc13-scalar,basic,instructions,1847336019,250034961,250034961
1,mlp8-gcc13-scalar-r4-mlp8_cycle-scalar-warm-basic-196608,mlp8-gcc13-scalar,basic,ref_cycles,548739048,250031268,250031268
1,mlp8-gcc13-scalar-r4-mlp8_cycle-scalar-warm-basic-8192,mlp8-gcc13-scalar,basic,cycles,548731404,250032701,250032701
1,mlp8-gcc13-scalar-r4-mlp8_cycle-scalar-warm-basic-8192,mlp8-gcc13-scalar,basic,instructions,1676017143,250030625,250030625
1,mlp8-gcc13-scalar-r4-mlp8_cycle-scalar-warm-basic-8192,mlp8-gcc13-scalar,basic,ref_cycles,548733812,250027576,250027576
1,mlp8-gcc13-scalar-r4-mlp8_cycle-scalar-warm-branch-12582912,mlp8-gcc13-scalar,branch,cycles,550022062,250622072,250622072
1,mlp8-gcc13-scalar-r4-mlp8_cycle-scalar-warm-branch-12582912,mlp8-gcc13-scalar,branch,branches,9721082,250620769,250620769
1,mlp8-gcc13-scalar-r4-mlp8_cycle-scalar-warm-branch-12582912,mlp8-gcc13-scalar,branch,branch_misses,436,250617055,250617055
1,mlp8-gcc13-scalar-r4-mlp8_cycle-scalar-warm-basic-262144,mlp8-gcc13-scalar,basic,cycles,548730535,250030875,250030875
1,mlp8-gcc13-scalar-r4-mlp8_cycle-scalar-warm-basic-262144,mlp8-gcc13-scalar,basic,instructions,1758698578,250027889,250027889
1,mlp8-gcc13-scalar-r4-mlp8_cycle-scalar-warm-basic-262144,mlp8-gcc13-scalar,basic,ref_cycles,548731656,250024423,250024423
1,mlp8-gcc13-scalar-r4-mlp8_cycle-scalar-warm-basic-536870912,mlp8-gcc13-scalar,basic,cycles,700850672,319342366,319342366
1,mlp8-gcc13-scalar-r4-mlp8_cycle-scalar-warm-basic-536870912,mlp8-gcc13-scalar,basic,instructions,154141940,319342106,319342106
1,mlp8-gcc13-scalar-r4-mlp8_cycle-scalar-warm-basic-536870912,mlp8-gcc13-scalar,basic,ref_cycles,700854396,319339148,319339148
1,mlp8-gcc13-scalar-r4-mlp8_cycle-scalar-cache_evicted-basic-6291456,mlp8-gcc13-scalar,basic,cycles,549142866,250225919,250225919
1,mlp8-gcc13-scalar-r4-mlp8_cycle-scalar-cache_evicted-basic-6291456,mlp8-gcc13-scalar,basic,instructions,521011754,250224474,250224474
1,mlp8-gcc13-scalar-r4-mlp8_cycle-scalar-cache_evicted-basic-6291456,mlp8-gcc13-scalar,basic,ref_cycles,549147126,250221053,250221053
1,mlp8-gcc13-scalar-r4-mlp8_cycle-scalar-cache_evicted-basic-1048576,mlp8-gcc13-scalar,basic,cycles,548771612,250050811,250050811
1,mlp8-gcc13-scalar-r4-mlp8_cycle-scalar-cache_evicted-basic-1048576,mlp8-gcc13-scalar,basic,instructions,1223072159,250049178,250049178
1,mlp8-gcc13-scalar-r4-mlp8_cycle-scalar-cache_evicted-basic-1048576,mlp8-gcc13-scalar,basic,ref_cycles,548773566,250046007,250046007
1,mlp8-gcc13-scalar-r4-mlp8_cycle-scalar-warm-basic-33554432,mlp8-gcc13-scalar,basic,cycles,555171953,252970822,252970822
1,mlp8-gcc13-scalar-r4-mlp8_cycle-scalar-warm-basic-33554432,mlp8-gcc13-scalar,basic,instructions,311513898,252971290,252971290
1,mlp8-gcc13-scalar-r4-mlp8_cycle-scalar-warm-basic-33554432,mlp8-gcc13-scalar,basic,ref_cycles,555176446,252967823,252967823
1,mlp8-gcc13-scalar-r4-mlp8_cycle-scalar-warm-branch-2097152,mlp8-gcc13-scalar,branch,cycles,548790004,250060655,250060655
1,mlp8-gcc13-scalar-r4-mlp8_cycle-scalar-warm-branch-2097152,mlp8-gcc13-scalar,branch,branches,16284739,250056911,250056911
1,mlp8-gcc13-scalar-r4-mlp8_cycle-scalar-warm-branch-2097152,mlp8-gcc13-scalar,branch,branch_misses,3982,250053155,250053155
1,mlp8-gcc13-scalar-r4-mlp8_cycle-scalar-warm-basic-24576,mlp8-gcc13-scalar,basic,cycles,548730960,250032000,250032000
1,mlp8-gcc13-scalar-r4-mlp8_cycle-scalar-warm-basic-24576,mlp8-gcc13-scalar,basic,instructions,1768479747,250028853,250028853
1,mlp8-gcc13-scalar-r4-mlp8_cycle-scalar-warm-basic-24576,mlp8-gcc13-scalar,basic,ref_cycles,548732470,250025685,250025685
1,mlp8-gcc13-scalar-r4-mlp8_cycle-scalar-warm-basic-8388608,mlp8-gcc13-scalar,basic,cycles,549091799,250199340,250199340
1,mlp8-gcc13-scalar-r4-mlp8_cycle-scalar-warm-basic-8388608,mlp8-gcc13-scalar,basic,instructions,494666493,250197465,250197465
1,mlp8-gcc13-scalar-r4-mlp8_cycle-scalar-warm-basic-8388608,mlp8-gcc13-scalar,basic,ref_cycles,549095250,250194250,250194250
1,mlp8-gcc13-scalar-r4-mlp8_cycle-scalar-warm-basic-32768,mlp8-gcc13-scalar,basic,cycles,548730696,250031362,250031362
1,mlp8-gcc13-scalar-r4-mlp8_cycle-scalar-warm-basic-32768,mlp8-gcc13-scalar,basic,instructions,1798937395,250027618,250027618
1,mlp8-gcc13-scalar-r4-mlp8_cycle-scalar-warm-basic-32768,mlp8-gcc13-scalar,basic,ref_cycles,548731700,250023963,250023963
1,mlp8-gcc13-scalar-r4-mlp8_cycle-scalar-cache_evicted-branch-262144,mlp8-gcc13-scalar,branch,cycles,548737525,250037103,250037103
1,mlp8-gcc13-scalar-r4-mlp8_cycle-scalar-cache_evicted-branch-262144,mlp8-gcc13-scalar,branch,branches,37465855,250036651,250036651
1,mlp8-gcc13-scalar-r4-mlp8_cycle-scalar-cache_evicted-branch-262144,mlp8-gcc13-scalar,branch,branch_misses,68713,250033414,250033414
1,mlp8-gcc13-scalar-r4-mlp8_cycle-scalar-cache_evicted-branch-32768,mlp8-gcc13-scalar,branch,cycles,548731468,250037497,250037497
1,mlp8-gcc13-scalar-r4-mlp8_cycle-scalar-cache_evicted-branch-32768,mlp8-gcc13-scalar,branch,branches,52293677,250034724,250034724
1,mlp8-gcc13-scalar-r4-mlp8_cycle-scalar-cache_evicted-branch-32768,mlp8-gcc13-scalar,branch,branch_misses,533791,250030773,250030773
1,mlp8-gcc13-scalar-r4-mlp8_cycle-scalar-warm-basic-1048576,mlp8-gcc13-scalar,basic,cycles,548758283,250043833,250043833
1,mlp8-gcc13-scalar-r4-mlp8_cycle-scalar-warm-basic-1048576,mlp8-gcc13-scalar,basic,instructions,1234436011,250041090,250041090
1,mlp8-gcc13-scalar-r4-mlp8_cycle-scalar-warm-basic-1048576,mlp8-gcc13-scalar,basic,ref_cycles,548759750,250038020,250038020
1,mlp8-gcc13-scalar-r4-mlp8_cycle-scalar-warm-basic-12582912,mlp8-gcc13-scalar,basic,cycles,549017731,250165551,250165551
1,mlp8-gcc13-scalar-r4-mlp8_cycle-scalar-warm-basic-12582912,mlp8-gcc13-scalar,basic,instructions,463708886,250163671,250163671
1,mlp8-gcc13-scalar-r4-mlp8_cycle-scalar-warm-basic-12582912,mlp8-gcc13-scalar,basic,ref_cycles,549021088,250160264,250160264
1,mlp8-gcc13-scalar-r4-mlp8_cycle-scalar-cache_evicted-basic-32768,mlp8-gcc13-scalar,basic,cycles,548731613,250033200,250033200
1,mlp8-gcc13-scalar-r4-mlp8_cycle-scalar-cache_evicted-basic-32768,mlp8-gcc13-scalar,basic,instructions,1795845956,250031091,250031091
1,mlp8-gcc13-scalar-r4-mlp8_cycle-scalar-cache_evicted-basic-32768,mlp8-gcc13-scalar,basic,ref_cycles,548733350,250027971,250027971
1,mlp8-gcc13-scalar-r4-mlp8_cycle-scalar-warm-branch-1048576,mlp8-gcc13-scalar,branch,cycles,548751780,250042142,250042142
1,mlp8-gcc13-scalar-r4-mlp8_cycle-scalar-warm-branch-1048576,mlp8-gcc13-scalar,branch,branches,24859212,250039719,250039719
1,mlp8-gcc13-scalar-r4-mlp8_cycle-scalar-warm-branch-1048576,mlp8-gcc13-scalar,branch,branch_misses,11986,250036010,250036010
1,mlp8-gcc13-scalar-r4-mlp8_cycle-scalar-warm-basic-131072,mlp8-gcc13-scalar,basic,cycles,548733416,250032536,250032536
1,mlp8-gcc13-scalar-r4-mlp8_cycle-scalar-warm-basic-131072,mlp8-gcc13-scalar,basic,instructions,1859780400,250028886,250028886
1,mlp8-gcc13-scalar-r4-mlp8_cycle-scalar-warm-basic-131072,mlp8-gcc13-scalar,basic,ref_cycles,548734318,250025324,250025324
1,mlp8-gcc13-scalar-r4-mlp8_cycle-scalar-warm-branch-24576,mlp8-gcc13-scalar,branch,cycles,548731455,250032662,250032662
1,mlp8-gcc13-scalar-r4-mlp8_cycle-scalar-warm-branch-24576,mlp8-gcc13-scalar,branch,branches,56564814,250031350,250031350
1,mlp8-gcc13-scalar-r4-mlp8_cycle-scalar-warm-branch-24576,mlp8-gcc13-scalar,branch,branch_misses,689962,250027893,250027893
1,mlp8-gcc13-scalar-r4-mlp8_cycle-scalar-warm-branch-5242880,mlp8-gcc13-scalar,branch,cycles,549146609,250223789,250223789
1,mlp8-gcc13-scalar-r4-mlp8_cycle-scalar-warm-branch-5242880,mlp8-gcc13-scalar,branch,branches,11260436,250221245,250221245
1,mlp8-gcc13-scalar-r4-mlp8_cycle-scalar-warm-branch-5242880,mlp8-gcc13-scalar,branch,branch_misses,1134,250217575,250217575
1,mlp8-gcc13-scalar-r4-mlp8_cycle-scalar-warm-branch-8388608,mlp8-gcc13-scalar,branch,cycles,549449223,250363563,250363563
1,mlp8-gcc13-scalar-r4-mlp8_cycle-scalar-warm-branch-8388608,mlp8-gcc13-scalar,branch,branches,10064366,250362515,250362515
1,mlp8-gcc13-scalar-r4-mlp8_cycle-scalar-warm-branch-8388608,mlp8-gcc13-scalar,branch,branch_misses,657,250358658,250358658
1,mlp8-gcc13-scalar-r4-mlp8_cycle-scalar-warm-basic-393216,mlp8-gcc13-scalar,basic,cycles,548745129,250039638,250039638
1,mlp8-gcc13-scalar-r4-mlp8_cycle-scalar-warm-basic-393216,mlp8-gcc13-scalar,basic,instructions,1442576498,250037789,250037789
1,mlp8-gcc13-scalar-r4-mlp8_cycle-scalar-warm-basic-393216,mlp8-gcc13-scalar,basic,ref_cycles,548747166,250034196,250034196
1,mlp8-gcc13-scalar-r4-mlp8_cycle-scalar-warm-branch-134217728,mlp8-gcc13-scalar,branch,cycles,577931987,263342199,263342199
1,mlp8-gcc13-scalar-r4-mlp8_cycle-scalar-warm-branch-134217728,mlp8-gcc13-scalar,branch,branches,3146268,263341320,263341320
1,mlp8-gcc13-scalar-r4-mlp8_cycle-scalar-warm-branch-134217728,mlp8-gcc13-scalar,branch,branch_misses,70,263337220,263337220
1,mlp8-gcc13-scalar-r4-mlp8_cycle-scalar-warm-basic-49152,mlp8-gcc13-scalar,basic,cycles,548730591,250032314,250032314
1,mlp8-gcc13-scalar-r4-mlp8_cycle-scalar-warm-basic-49152,mlp8-gcc13-scalar,basic,instructions,1828741921,250029449,250029449
1,mlp8-gcc13-scalar-r4-mlp8_cycle-scalar-warm-basic-49152,mlp8-gcc13-scalar,basic,ref_cycles,548731854,250025942,250025942
1,mlp8-gcc13-scalar-r4-mlp8_cycle-scalar-warm-basic-2097152,mlp8-gcc13-scalar,basic,cycles,548866573,250094353,250094353
1,mlp8-gcc13-scalar-r4-mlp8_cycle-scalar-warm-basic-2097152,mlp8-gcc13-scalar,basic,instructions,790809982,250090941,250090941
1,mlp8-gcc13-scalar-r4-mlp8_cycle-scalar-warm-basic-2097152,mlp8-gcc13-scalar,basic,ref_cycles,548867990,250087512,250087512
1,mlp8-gcc13-scalar-r4-mlp8_cycle-scalar-warm-basic-294912,mlp8-gcc13-scalar,basic,cycles,548736643,250033076,250033076
1,mlp8-gcc13-scalar-r4-mlp8_cycle-scalar-warm-basic-294912,mlp8-gcc13-scalar,basic,instructions,1605612084,250030469,250030469
1,mlp8-gcc13-scalar-r4-mlp8_cycle-scalar-warm-basic-294912,mlp8-gcc13-scalar,basic,ref_cycles,548737596,250027080,250027080
1,mlp8-gcc13-scalar-r4-mlp8_cycle-scalar-cache_evicted-basic-536870912,mlp8-gcc13-scalar,basic,cycles,690553004,314652009,314652009
1,mlp8-gcc13-scalar-r4-mlp8_cycle-scalar-cache_evicted-basic-536870912,mlp8-gcc13-scalar,basic,instructions,154141940,314650331,314650331
1,mlp8-gcc13-scalar-r4-mlp8_cycle-scalar-cache_evicted-basic-536870912,mlp8-gcc13-scalar,basic,ref_cycles,690556680,314647234,314647234
1,mlp8-gcc13-scalar-r4-mlp8_cycle-scalar-warm-branch-49152,mlp8-gcc13-scalar,branch,cycles,548731236,250033764,250033764
1,mlp8-gcc13-scalar-r4-mlp8_cycle-scalar-warm-branch-49152,mlp8-gcc13-scalar,branch,branches,48463914,250029875,250029875
1,mlp8-gcc13-scalar-r4-mlp8_cycle-scalar-warm-branch-49152,mlp8-gcc13-scalar,branch,branch_misses,372936,250025679,250025679
1,mlp8-gcc13-scalar-r4-mlp8_cycle-scalar-cache_evicted-basic-33554432,mlp8-gcc13-scalar,basic,cycles,550587858,250882783,250882783
1,mlp8-gcc13-scalar-r4-mlp8_cycle-scalar-cache_evicted-basic-33554432,mlp8-gcc13-scalar,basic,instructions,321148335,250882763,250882763
1,mlp8-gcc13-scalar-r4-mlp8_cycle-scalar-cache_evicted-basic-33554432,mlp8-gcc13-scalar,basic,ref_cycles,550592064,250879398,250879398
1,mlp8-gcc13-scalar-r4-mlp8_cycle-scalar-warm-branch-98304,mlp8-gcc13-scalar,branch,cycles,548731557,250034648,250034648
1,mlp8-gcc13-scalar-r4-mlp8_cycle-scalar-warm-branch-98304,mlp8-gcc13-scalar,branch,branches,43892666,250032334,250032334
1,mlp8-gcc13-scalar-r4-mlp8_cycle-scalar-warm-branch-98304,mlp8-gcc13-scalar,branch,branch_misses,194319,250028782,250028782
1,mlp8-gcc13-scalar-r4-mlp8_cycle-scalar-warm-branch-196608,mlp8-gcc13-scalar,branch,cycles,548733499,250034860,250034860
1,mlp8-gcc13-scalar-r4-mlp8_cycle-scalar-warm-branch-196608,mlp8-gcc13-scalar,branch,branches,40562499,250033497,250033497
1,mlp8-gcc13-scalar-r4-mlp8_cycle-scalar-warm-branch-196608,mlp8-gcc13-scalar,branch,branch_misses,97108,250029882,250029882
1,mlp8-gcc13-scalar-r4-mlp8_cycle-scalar-warm-branch-65536,mlp8-gcc13-scalar,branch,cycles,548731810,250033749,250033749
1,mlp8-gcc13-scalar-r4-mlp8_cycle-scalar-warm-branch-65536,mlp8-gcc13-scalar,branch,branches,46111605,250032670,250032670
1,mlp8-gcc13-scalar-r4-mlp8_cycle-scalar-warm-branch-65536,mlp8-gcc13-scalar,branch,branch_misses,284831,250029242,250029242
1,mlp8-gcc13-scalar-r4-mlp8_cycle-scalar-cache_evicted-branch-8388608,mlp8-gcc13-scalar,branch,cycles,549950135,250593905,250593905
1,mlp8-gcc13-scalar-r4-mlp8_cycle-scalar-cache_evicted-branch-8388608,mlp8-gcc13-scalar,branch,branches,7930026,250593254,250593254
1,mlp8-gcc13-scalar-r4-mlp8_cycle-scalar-cache_evicted-branch-8388608,mlp8-gcc13-scalar,branch,branch_misses,527,250589430,250589430
1,mlp8-gcc13-scalar-r4-mlp8_cycle-scalar-warm-basic-134217728,mlp8-gcc13-scalar,basic,cycles,549200194,250251807,250251807
1,mlp8-gcc13-scalar-r4-mlp8_cycle-scalar-warm-basic-134217728,mlp8-gcc13-scalar,basic,instructions,141298588,250251250,250251250
1,mlp8-gcc13-scalar-r4-mlp8_cycle-scalar-warm-basic-134217728,mlp8-gcc13-scalar,basic,ref_cycles,549204172,250247669,250247669
1,mlp8-gcc13-scalar-r4-mlp8_cycle-scalar-warm-branch-131072,mlp8-gcc13-scalar,branch,cycles,548731857,250033644,250033644
1,mlp8-gcc13-scalar-r4-mlp8_cycle-scalar-warm-branch-131072,mlp8-gcc13-scalar,branch,branches,42039570,250030977,250030977
1,mlp8-gcc13-scalar-r4-mlp8_cycle-scalar-warm-branch-131072,mlp8-gcc13-scalar,branch,branch_misses,145053,250027427,250027427
1,mlp8-gcc13-scalar-r4-mlp8_cycle-scalar-warm-basic-4194304,mlp8-gcc13-scalar,basic,cycles,548773478,250053035,250053035
1,mlp8-gcc13-scalar-r4-mlp8_cycle-scalar-warm-basic-4194304,mlp8-gcc13-scalar,basic,instructions,592793225,250050365,250050365
1,mlp8-gcc13-scalar-r4-mlp8_cycle-scalar-warm-basic-4194304,mlp8-gcc13-scalar,basic,ref_cycles,548775150,250046670,250046670
1,mlp8-gcc13-scalar-r4-mlp8_cycle-scalar-warm-basic-36864,mlp8-gcc13-scalar,basic,cycles,548731526,250030544,250030544
1,mlp8-gcc13-scalar-r4-mlp8_cycle-scalar-warm-basic-36864,mlp8-gcc13-scalar,basic,instructions,1804667467,250028478,250028478
1,mlp8-gcc13-scalar-r4-mlp8_cycle-scalar-warm-basic-36864,mlp8-gcc13-scalar,basic,ref_cycles,548732536,250025330,250025330
1,mlp8-gcc13-scalar-r4-mlp8_cycle-scalar-warm-branch-33554432,mlp8-gcc13-scalar,branch,cycles,552240873,251637940,251637940
1,mlp8-gcc13-scalar-r4-mlp8_cycle-scalar-warm-branch-33554432,mlp8-gcc13-scalar,branch,branches,7147262,251637313,251637313
1,mlp8-gcc13-scalar-r4-mlp8_cycle-scalar-warm-branch-33554432,mlp8-gcc13-scalar,branch,branch_misses,152,251633262,251633262
1,mlp8-gcc13-scalar-r4-mlp8_cycle-scalar-cache_evicted-branch-536870912,mlp8-gcc13-scalar,branch,cycles,689099798,313992102,313992102
1,mlp8-gcc13-scalar-r4-mlp8_cycle-scalar-cache_evicted-branch-536870912,mlp8-gcc13-scalar,branch,branches,3145962,313989517,313989517
1,mlp8-gcc13-scalar-r4-mlp8_cycle-scalar-cache_evicted-branch-536870912,mlp8-gcc13-scalar,branch,branch_misses,45,313985611,313985611
1,mlp8-gcc13-scalar-r4-mlp8_cycle-scalar-cache_evicted-basic-8388608,mlp8-gcc13-scalar,basic,cycles,546260684,249225626,249225626
1,mlp8-gcc13-scalar-r4-mlp8_cycle-scalar-cache_evicted-basic-8388608,mlp8-gcc13-scalar,basic,instructions,496272602,249229024,249229024
1,mlp8-gcc13-scalar-r4-mlp8_cycle-scalar-cache_evicted-basic-8388608,mlp8-gcc13-scalar,basic,ref_cycles,546267678,249226903,249226903
1,mlp8-gcc13-scalar-r4-mlp8_cycle-scalar-warm-branch-36864,mlp8-gcc13-scalar,branch,cycles,548731009,250031511,250031511
1,mlp8-gcc13-scalar-r4-mlp8_cycle-scalar-warm-branch-36864,mlp8-gcc13-scalar,branch,branches,51154386,250028140,250028140
1,mlp8-gcc13-scalar-r4-mlp8_cycle-scalar-warm-branch-36864,mlp8-gcc13-scalar,branch,branch_misses,482727,250024393,250024393
1,mlp8-gcc13-scalar-r4-mlp8_cycle-scalar-warm-basic-6291456,mlp8-gcc13-scalar,basic,cycles,549052958,250180122,250180122
1,mlp8-gcc13-scalar-r4-mlp8_cycle-scalar-warm-basic-6291456,mlp8-gcc13-scalar,basic,instructions,533058292,250178801,250178801
1,mlp8-gcc13-scalar-r4-mlp8_cycle-scalar-warm-basic-6291456,mlp8-gcc13-scalar,basic,ref_cycles,549055474,250175023,250175023
1,mlp8-gcc13-scalar-r4-mlp8_cycle-scalar-warm-basic-7340032,mlp8-gcc13-scalar,basic,cycles,549260541,250275946,250275946
1,mlp8-gcc13-scalar-r4-mlp8_cycle-scalar-warm-basic-7340032,mlp8-gcc13-scalar,basic,instructions,518576255,250277032,250277032
1,mlp8-gcc13-scalar-r4-mlp8_cycle-scalar-warm-basic-7340032,mlp8-gcc13-scalar,basic,ref_cycles,549264760,250273839,250273839
1,mlp8-gcc13-scalar-r4-mlp8_cycle-scalar-warm-basic-524288,mlp8-gcc13-scalar,basic,cycles,548747512,250040914,250040914
1,mlp8-gcc13-scalar-r4-mlp8_cycle-scalar-warm-basic-524288,mlp8-gcc13-scalar,basic,instructions,1360352565,250039513,250039513
1,mlp8-gcc13-scalar-r4-mlp8_cycle-scalar-warm-basic-524288,mlp8-gcc13-scalar,basic,ref_cycles,548749850,250036128,250036128
1,mlp8-gcc13-scalar-r4-mlp8_cycle-scalar-warm-branch-16384,mlp8-gcc13-scalar,branch,cycles,548730388,250031438,250031438
1,mlp8-gcc13-scalar-r4-mlp8_cycle-scalar-warm-branch-16384,mlp8-gcc13-scalar,branch,branches,63556233,250027899,250027899
1,mlp8-gcc13-scalar-r4-mlp8_cycle-scalar-warm-branch-16384,mlp8-gcc13-scalar,branch,branch_misses,963221,250024037,250024037
1,mlp8-gcc13-scalar-r4-mlp8_cycle-scalar-warm-basic-28672,mlp8-gcc13-scalar,basic,cycles,548730546,250030415,250030415
1,mlp8-gcc13-scalar-r4-mlp8_cycle-scalar-warm-basic-28672,mlp8-gcc13-scalar,basic,instructions,1773290000,250028674,250028674
1,mlp8-gcc13-scalar-r4-mlp8_cycle-scalar-warm-basic-28672,mlp8-gcc13-scalar,basic,ref_cycles,548732118,250025389,250025389
1,mlp8-gcc13-scalar-r4-mlp8_cycle-scalar-cache_evicted-branch-6291456,mlp8-gcc13-scalar,branch,cycles,548890553,250109344,250109344
1,mlp8-gcc13-scalar-r4-mlp8_cycle-scalar-cache_evicted-branch-6291456,mlp8-gcc13-scalar,branch,branches,10387578,250108171,250108171
1,mlp8-gcc13-scalar-r4-mlp8_cycle-scalar-cache_evicted-branch-6291456,mlp8-gcc13-scalar,branch,branch_misses,890,250104663,250104663
1,mlp8-gcc13-scalar-r4-mlp8_cycle-scalar-warm-basic-98304,mlp8-gcc13-scalar,basic,cycles,548731651,250033336,250033336
1,mlp8-gcc13-scalar-r4-mlp8_cycle-scalar-warm-basic-98304,mlp8-gcc13-scalar,basic,instructions,1857200368,250031357,250031357
1,mlp8-gcc13-scalar-r4-mlp8_cycle-scalar-warm-basic-98304,mlp8-gcc13-scalar,basic,ref_cycles,548734098,250028170,250028170
1,mlp8-gcc13-scalar-r4-mlp8_cycle-scalar-warm-branch-28672,mlp8-gcc13-scalar,branch,cycles,548730283,250031673,250031673
1,mlp8-gcc13-scalar-r4-mlp8_cycle-scalar-warm-branch-28672,mlp8-gcc13-scalar,branch,branches,54364397,250027902,250027902
1,mlp8-gcc13-scalar-r4-mlp8_cycle-scalar-warm-branch-28672,mlp8-gcc13-scalar,branch,branch_misses,604164,250023987,250023987
1,mlp8-gcc13-scalar-r4-mlp8_cycle-scalar-cache_evicted-branch-1048576,mlp8-gcc13-scalar,branch,cycles,548744750,250037718,250037718
1,mlp8-gcc13-scalar-r4-mlp8_cycle-scalar-cache_evicted-branch-1048576,mlp8-gcc13-scalar,branch,branches,25448424,250035301,250035301
1,mlp8-gcc13-scalar-r4-mlp8_cycle-scalar-cache_evicted-branch-1048576,mlp8-gcc13-scalar,branch,branch_misses,12259,250031466,250031466
1,mlp8-gcc13-scalar-r5-mlp8_cycle-scalar-cache_evicted-branch-32768,mlp8-gcc13-scalar,branch,cycles,548732436,250036518,250036518
1,mlp8-gcc13-scalar-r5-mlp8_cycle-scalar-cache_evicted-branch-32768,mlp8-gcc13-scalar,branch,branches,52416255,250033978,250033978
1,mlp8-gcc13-scalar-r5-mlp8_cycle-scalar-cache_evicted-branch-32768,mlp8-gcc13-scalar,branch,branch_misses,534987,250030332,250030332
1,mlp8-gcc13-scalar-r5-mlp8_cycle-scalar-warm-branch-33554432,mlp8-gcc13-scalar,branch,cycles,550174883,250696647,250696647
1,mlp8-gcc13-scalar-r5-mlp8_cycle-scalar-warm-branch-33554432,mlp8-gcc13-scalar,branch,branches,5376872,250696104,250696104
1,mlp8-gcc13-scalar-r5-mlp8_cycle-scalar-warm-branch-33554432,mlp8-gcc13-scalar,branch,branch_misses,127,250692636,250692636
1,mlp8-gcc13-scalar-r5-mlp8_cycle-scalar-warm-basic-294912,mlp8-gcc13-scalar,basic,cycles,548731883,250031671,250031671
1,mlp8-gcc13-scalar-r5-mlp8_cycle-scalar-warm-basic-294912,mlp8-gcc13-scalar,basic,instructions,1610702470,250028232,250028232
1,mlp8-gcc13-scalar-r5-mlp8_cycle-scalar-warm-basic-294912,mlp8-gcc13-scalar,basic,ref_cycles,548732954,250024476,250024476
1,mlp8-gcc13-scalar-r5-mlp8_cycle-scalar-warm-branch-294912,mlp8-gcc13-scalar,branch,cycles,548731890,250031174,250031174
1,mlp8-gcc13-scalar-r5-mlp8_cycle-scalar-warm-branch-294912,mlp8-gcc13-scalar,branch,branches,34912907,250027936,250027936
1,mlp8-gcc13-scalar-r5-mlp8_cycle-scalar-warm-branch-294912,mlp8-gcc13-scalar,branch,branch_misses,57288,250024156,250024156
1,mlp8-gcc13-scalar-r5-mlp8_cycle-scalar-warm-basic-131072,mlp8-gcc13-scalar,basic,cycles,548732891,250030969,250030969
1,mlp8-gcc13-scalar-r5-mlp8_cycle-scalar-warm-basic-131072,mlp8-gcc13-scalar,basic,instructions,1874680361,250027719,250027719
1,mlp8-gcc13-scalar-r5-mlp8_cycle-scalar-warm-basic-131072,mlp8-gcc13-scalar,basic,ref_cycles,548733570,250024134,250024134
1,mlp8-gcc13-scalar-r5-mlp8_cycle-scalar-cache_evicted-basic-1048576,mlp8-gcc13-scalar,basic,cycles,548738685,250034684,250034684
1,mlp8-gcc13-scalar-r5-mlp8_cycle-scalar-cache_evicted-basic-1048576,mlp8-gcc13-scalar,basic,instructions,1202255218,250031280,250031280
1,mlp8-gcc13-scalar-r5-mlp8_cycle-scalar-cache_evicted-basic-1048576,mlp8-gcc13-scalar,basic,ref_cycles,548739576,250027533,250027533
1,mlp8-gcc13-scalar-r5-mlp8_cycle-scalar-warm-branch-65536,mlp8-gcc13-scalar,branch,cycles,548731331,250030256,250030256
1,mlp8-gcc13-scalar-r5-mlp8_cycle-scalar-warm-branch-65536,mlp8-gcc13-scalar,branch,branches,46154152,250027576,250027576
1,mlp8-gcc13-scalar-r5-mlp8_cycle-scalar-warm-branch-65536,mlp8-gcc13-scalar,branch,branch_misses,284990,250023869,250023869
1,mlp8-gcc13-scalar-r5-mlp8_cycle-scalar-warm-branch-524288,mlp8-gcc13-scalar,branch,cycles,548742242,250036824,250036824
1,mlp8-gcc13-scalar-r5-mlp8_cycle-scalar-warm-branch-524288,mlp8-gcc13-scalar,branch,branches,28393681,250033473,250033473
1,mlp8-gcc13-scalar-r5-mlp8_cycle-scalar-warm-branch-524288,mlp8-gcc13-scalar,branch,branch_misses,26868,250029456,250029456
1,mlp8-gcc13-scalar-r5-mlp8_cycle-scalar-warm-basic-524288,mlp8-gcc13-scalar,basic,cycles,548747800,250037089,250037089
1,mlp8-gcc13-scalar-r5-mlp8_cycle-scalar-warm-basic-524288,mlp8-gcc13-scalar,basic,instructions,1358941584,250034907,250034907
1,mlp8-gcc13-scalar-r5-mlp8_cycle-scalar-warm-basic-524288,mlp8-gcc13-scalar,basic,ref_cycles,548748816,250031488,250031488
1,mlp8-gcc13-scalar-r5-mlp8_cycle-scalar-warm-branch-262144,mlp8-gcc13-scalar,branch,cycles,548737771,250036011,250036011
1,mlp8-gcc13-scalar-r5-mlp8_cycle-scalar-warm-branch-262144,mlp8-gcc13-scalar,branch,branches,37824861,250034681,250034681
1,mlp8-gcc13-scalar-r5-mlp8_cycle-scalar-warm-branch-262144,mlp8-gcc13-scalar,branch,branch_misses,69420,250031523,250031523
1,mlp8-gcc13-scalar-r5-mlp8_cycle-scalar-cache_evicted-basic-262144,mlp8-gcc13-scalar,basic,cycles,548735972,250038838,250038838
1,mlp8-gcc13-scalar-r5-mlp8_cycle-scalar-cache_evicted-basic-262144,mlp8-gcc13-scalar,basic,instructions,1748858420,250035766,250035766
1,mlp8-gcc13-scalar-r5-mlp8_cycle-scalar-cache_evicted-basic-262144,mlp8-gcc13-scalar,basic,ref_cycles,548737882,250031931,250031931
1,mlp8-gcc13-scalar-r5-mlp8_cycle-scalar-warm-branch-536870912,mlp8-gcc13-scalar,branch,cycles,684253667,311783636,311783636
1,mlp8-gcc13-scalar-r5-mlp8_cycle-scalar-warm-branch-536870912,mlp8-gcc13-scalar,branch,branches,3145962,311783529,311783529
1,mlp8-gcc13-scalar-r5-mlp8_cycle-scalar-warm-branch-536870912,mlp8-gcc13-scalar,branch,branch_misses,40,311780259,311780259
1,mlp8-gcc13-scalar-r5-mlp8_cycle-scalar-warm-basic-262144,mlp8-gcc13-scalar,basic,cycles,548736847,250036197,250036197
1,mlp8-gcc13-scalar-r5-mlp8_cycle-scalar-warm-basic-262144,mlp8-gcc13-scalar,basic,instructions,1751588977,250034167,250034167
1,mlp8-gcc13-scalar-r5-mlp8_cycle-scalar-warm-basic-262144,mlp8-gcc13-scalar,basic,ref_cycles,548739114,250030790,250030790
1,mlp8-gcc13-scalar-r5-mlp8_cycle-scalar-cache_evicted-branch-33554432,mlp8-gcc13-scalar,branch,cycles,552657057,251830293,251830293
1,mlp8-gcc13-scalar-r5-mlp8_cycle-scalar-cache_evicted-branch-33554432,mlp8-gcc13-scalar,branch,branches,2885212,251827394,251827394
1,mlp8-gcc13-scalar-r5-mlp8_cycle-scalar-cache_evicted-branch-33554432,mlp8-gcc13-scalar,branch,branch_misses,171,251822839,251822839
1,mlp8-gcc13-scalar-r5-mlp8_cycle-scalar-warm-basic-36864,mlp8-gcc13-scalar,basic,cycles,548732282,250034734,250034734
1,mlp8-gcc13-scalar-r5-mlp8_cycle-scalar-warm-basic-36864,mlp8-gcc13-scalar,basic,instructions,1791843343,250033359,250033359
1,mlp8-gcc13-scalar-r5-mlp8_cycle-scalar-warm-basic-36864,mlp8-gcc13-scalar,basic,ref_cycles,548734692,250029835,250029835
1,mlp8-gcc13-scalar-r5-mlp8_cycle-scalar-cache_evicted-basic-33554432,mlp8-gcc13-scalar,basic,cycles,554595744,252711221,252711221
1,mlp8-gcc13-scalar-r5-mlp8_cycle-scalar-cache_evicted-basic-33554432,mlp8-gcc13-scalar,basic,instructions,141305617,252711119,252711119
1,mlp8-gcc13-scalar-r5-mlp8_cycle-scalar-cache_evicted-basic-33554432,mlp8-gcc13-scalar,basic,ref_cycles,554600794,252707736,252707736
1,mlp8-gcc13-scalar-r5-mlp8_cycle-scalar-warm-basic-1048576,mlp8-gcc13-scalar,basic,cycles,548768466,250051079,250051079
1,mlp8-gcc13-scalar-r5-mlp8_cycle-scalar-warm-basic-1048576,mlp8-gcc13-scalar,basic,instructions,1211909806,250050107,250050107
1,mlp8-gcc13-scalar-r5-mlp8_cycle-scalar-warm-basic-1048576,mlp8-gcc13-scalar,basic,ref_cycles,548771190,250046937,250046937
1,mlp8-gcc13-scalar-r5-mlp8_cycle-scalar-warm-branch-32768,mlp8-gcc13-scalar,branch,cycles,548732395,250035282,250035282
1,mlp8-gcc13-scalar-r5-mlp8_cycle-scalar-warm-branch-32768,mlp8-gcc13-scalar,branch,branches,52286728,250034245,250034245
1,mlp8-gcc13-scalar-r5-mlp8_cycle-scalar-warm-branch-32768,mlp8-gcc13-scalar,branch,branch_misses,533747,250031055,250031055
1,mlp8-gcc13-scalar-r5-mlp8_cycle-scalar-cache_evicted-branch-536870912,mlp8-gcc13-scalar,branch,cycles,670078605,305326078,305326078
1,mlp8-gcc13-scalar-r5-mlp8_cycle-scalar-cache_evicted-branch-536870912,mlp8-gcc13-scalar,branch,branches,2097352,305324609,305324609
1,mlp8-gcc13-scalar-r5-mlp8_cycle-scalar-cache_evicted-branch-536870912,mlp8-gcc13-scalar,branch,branch_misses,38,305321193,305321193
1,mlp8-gcc13-scalar-r5-mlp8_cycle-scalar-cache_evicted-branch-1048576,mlp8-gcc13-scalar,branch,cycles,548749525,250048872,250048872
1,mlp8-gcc13-scalar-r5-mlp8_cycle-scalar-cache_evicted-branch-1048576,mlp8-gcc13-scalar,branch,branches,25487982,250046510,250046510
1,mlp8-gcc13-scalar-r5-mlp8_cycle-scalar-cache_evicted-branch-1048576,mlp8-gcc13-scalar,branch,branch_misses,12311,250042053,250042053
1,mlp8-gcc13-scalar-r5-mlp8_cycle-scalar-warm-basic-393216,mlp8-gcc13-scalar,basic,cycles,548742915,250038136,250038136
1,mlp8-gcc13-scalar-r5-mlp8_cycle-scalar-warm-basic-393216,mlp8-gcc13-scalar,basic,instructions,1457865761,250036892,250036892
1,mlp8-gcc13-scalar-r5-mlp8_cycle-scalar-warm-basic-393216,mlp8-gcc13-scalar,basic,ref_cycles,548745714,250033895,250033895
1,mlp8-gcc13-scalar-r5-mlp8_cycle-scalar-warm-basic-16384,mlp8-gcc13-scalar,basic,cycles,548731612,250033110,250033110
1,mlp8-gcc13-scalar-r5-mlp8_cycle-scalar-warm-basic-16384,mlp8-gcc13-scalar,basic,instructions,1744429253,250032498,250032498
1,mlp8-gcc13-scalar-r5-mlp8_cycle-scalar-warm-basic-16384,mlp8-gcc13-scalar,basic,ref_cycles,548734538,250029505,250029505
1,mlp8-gcc13-scalar-r5-mlp8_cycle-scalar-warm-basic-32768,mlp8-gcc13-scalar,basic,cycles,548731552,250032922,250032922
1,mlp8-gcc13-scalar-r5-mlp8_cycle-scalar-warm-basic-32768,mlp8-gcc13-scalar,basic,instructions,1797940995,250031797,250031797
1,mlp8-gcc13-scalar-r5-mlp8_cycle-scalar-warm-basic-32768,mlp8-gcc13-scalar,basic,ref_cycles,548734846,250029032,250029032
1,mlp8-gcc13-scalar-r5-mlp8_cycle-scalar-warm-branch-4194304,mlp8-gcc13-scalar,branch,cycles,548775872,250056517,250056517
1,mlp8-gcc13-scalar-r5-mlp8_cycle-scalar-warm-branch-4194304,mlp8-gcc13-scalar,branch,branches,12182838,250057191,250057191
1,mlp8-gcc13-scalar-r5-mlp8_cycle-scalar-warm-branch-4194304,mlp8-gcc13-scalar,branch,branch_misses,1526,250053749,250053749
1,mlp8-gcc13-scalar-r5-mlp8_cycle-scalar-warm-basic-4194304,mlp8-gcc13-scalar,basic,cycles,549017308,250165017,250165017
1,mlp8-gcc13-scalar-r5-mlp8_cycle-scalar-warm-basic-4194304,mlp8-gcc13-scalar,basic,instructions,593998088,250165331,250165331
1,mlp8-gcc13-scalar-r5-mlp8_cycle-scalar-warm-basic-4194304,mlp8-gcc13-scalar,basic,ref_cycles,549021462,250162075,250162075
1,mlp8-gcc13-scalar-r5-mlp8_cycle-scalar-warm-branch-1048576,mlp8-gcc13-scalar,branch,cycles,548731513,250035175,250035175
1,mlp8-gcc13-scalar-r5-mlp8_cycle-scalar-warm-branch-1048576,mlp8-gcc13-scalar,branch,branches,24767623,250033664,250033664
1,mlp8-gcc13-scalar-r5-mlp8_cycle-scalar-warm-branch-1048576,mlp8-gcc13-scalar,branch,branch_misses,11949,250030227,250030227
1,mlp8-gcc13-scalar-r5-mlp8_cycle-scalar-warm-basic-5242880,mlp8-gcc13-scalar,basic,cycles,549011179,250162670,250162670
1,mlp8-gcc13-scalar-r5-mlp8_cycle-scalar-warm-basic-5242880,mlp8-gcc13-scalar,basic,instructions,548155175,250163462,250163462
1,mlp8-gcc13-scalar-r5-mlp8_cycle-scalar-warm-basic-5242880,mlp8-gcc13-scalar,basic,ref_cycles,549016160,250160929,250160929
1,mlp8-gcc13-scalar-r5-mlp8_cycle-scalar-warm-branch-7340032,mlp8-gcc13-scalar,branch,cycles,549293306,250292923,250292923
1,mlp8-gcc13-scalar-r5-mlp8_cycle-scalar-warm-branch-7340032,mlp8-gcc13-scalar,branch,branches,9656772,250293822,250293822
1,mlp8-gcc13-scalar-r5-mlp8_cycle-scalar-warm-branch-7340032,mlp8-gcc13-scalar,branch,branch_misses,715,250290013,250290013
1,mlp8-gcc13-scalar-r5-mlp8_cycle-scalar-warm-basic-8192,mlp8-gcc13-scalar,basic,cycles,548731595,250033328,250033328
1,mlp8-gcc13-scalar-r5-mlp8_cycle-scalar-warm-basic-8192,mlp8-gcc13-scalar,basic,instructions,1673895323,250032085,250032085
1,mlp8-gcc13-scalar-r5-mlp8_cycle-scalar-warm-basic-8192,mlp8-gcc13-scalar,basic,ref_cycles,548733834,250028775,250028775
1,mlp8-gcc13-scalar-r5-mlp8_cycle-scalar-warm-branch-2097152,mlp8-gcc13-scalar,branch,cycles,548742658,250038976,250038976
1,mlp8-gcc13-scalar-r5-mlp8_cycle-scalar-warm-branch-2097152,mlp8-gcc13-scalar,branch,branches,16309502,250037199,250037199
1,mlp8-gcc13-scalar-r5-mlp8_cycle-scalar-warm-branch-2097152,mlp8-gcc13-scalar,branch,branch_misses,3996,250033390,250033390
1,mlp8-gcc13-scalar-r5-mlp8_cycle-scalar-warm-branch-229376,mlp8-gcc13-scalar,branch,cycles,548732448,250034113,250034113
1,mlp8-gcc13-scalar-r5-mlp8_cycle-scalar-warm-branch-229376,mlp8-gcc13-scalar,branch,branches,38610752,250032757,250032757
1,mlp8-gcc13-scalar-r5-mlp8_cycle-scalar-warm-branch-229376,mlp8-gcc13-scalar,branch,branch_misses,80197,250029378,250029378
1,mlp8-gcc13-scalar-r5-mlp8_cycle-scalar-warm-basic-196608,mlp8-gcc13-scalar,basic,cycles,548731392,250032139,250032139
1,mlp8-gcc13-scalar-r5-mlp8_cycle-scalar-warm-basic-196608,mlp8-gcc13-scalar,basic,instructions,1815481592,250030085,250030085
1,mlp8-gcc13-scalar-r5-mlp8_cycle-scalar-warm-basic-196608,mlp8-gcc13-scalar,basic,ref_cycles,548733130,250026626,250026626
1,mlp8-gcc13-scalar-r5-mlp8_cycle-scalar-warm-basic-28672,mlp8-gcc13-scalar,basic,cycles,548731380,250032924,250032924
1,mlp8-gcc13-scalar-r5-mlp8_cycle-scalar-warm-basic-28672,mlp8-gcc13-scalar,basic,instructions,1785761368,250030999,250030999
1,mlp8-gcc13-scalar-r5-mlp8_cycle-scalar-warm-basic-28672,mlp8-gcc13-scalar,basic,ref_cycles,548733878,250027870,250027870
1,mlp8-gcc13-scalar-r5-mlp8_cycle-scalar-warm-branch-6291456,mlp8-gcc13-scalar,branch,cycles,549289222,250291189,250291189
1,mlp8-gcc13-scalar-r5-mlp8_cycle-scalar-warm-branch-6291456,mlp8-gcc13-scalar,branch,branches,10818848,250290883,250290883
1,mlp8-gcc13-scalar-r5-mlp8_cycle-scalar-warm-branch-6291456,mlp8-gcc13-scalar,branch,branch_misses,927,250287021,250287021
1,mlp8-gcc13-scalar-r5-mlp8_cycle-scalar-warm-branch-393216,mlp8-gcc13-scalar,branch,cycles,548744690,250042473,250042473
1,mlp8-gcc13-scalar-r5-mlp8_cycle-scalar-warm-branch-393216,mlp8-gcc13-scalar,branch,branches,30847677,250040171,250040171
1,mlp8-gcc13-scalar-r5-mlp8_cycle-scalar-warm-branch-393216,mlp8-gcc13-scalar,branch,branch_misses,38529,250036509,250036509
1,mlp8-gcc13-scalar-r5-mlp8_cycle-scalar-warm-basic-49152,mlp8-gcc13-scalar,basic,cycles,548731196,250031224,250031224
1,mlp8-gcc13-scalar-r5-mlp8_cycle-scalar-warm-basic-49152,mlp8-gcc13-scalar,basic,instructions,1828550329,250029150,250029150
1,mlp8-gcc13-scalar-r5-mlp8_cycle-scalar-warm-basic-49152,mlp8-gcc13-scalar,basic,ref_cycles,548732646,250025779,250025779
1,mlp8-gcc13-scalar-r5-mlp8_cycle-scalar-warm-basic-229376,mlp8-gcc13-scalar,basic,cycles,548736039,250035751,250035751
1,mlp8-gcc13-scalar-r5-mlp8_cycle-scalar-warm-basic-229376,mlp8-gcc13-scalar,basic,instructions,1780869775,250033671,250033671
1,mlp8-gcc13-scalar-r5-mlp8_cycle-scalar-warm-basic-229376,mlp8-gcc13-scalar,basic,ref_cycles,548738630,250030774,250030774
1,mlp8-gcc13-scalar-r5-mlp8_cycle-scalar-warm-basic-98304,mlp8-gcc13-scalar,basic,cycles,548731287,250032139,250032139
1,mlp8-gcc13-scalar-r5-mlp8_cycle-scalar-warm-basic-98304,mlp8-gcc13-scalar,basic,instructions,1846982707,250029795,250029795
1,mlp8-gcc13-scalar-r5-mlp8_cycle-scalar-warm-basic-98304,mlp8-gcc13-scalar,basic,ref_cycles,548733042,250026538,250026538
1,mlp8-gcc13-scalar-r5-mlp8_cycle-scalar-cache_evicted-basic-536870912,mlp8-gcc13-scalar,basic,cycles,704540635,321026404,321026404
1,mlp8-gcc13-scalar-r5-mlp8_cycle-scalar-cache_evicted-basic-536870912,mlp8-gcc13-scalar,basic,instructions,154141940,321024276,321024276
1,mlp8-gcc13-scalar-r5-mlp8_cycle-scalar-cache_evicted-basic-536870912,mlp8-gcc13-scalar,basic,ref_cycles,704544258,321021226,321021226
1,mlp8-gcc13-scalar-r5-mlp8_cycle-scalar-cache_evicted-branch-262144,mlp8-gcc13-scalar,branch,cycles,548738389,250038750,250038750
1,mlp8-gcc13-scalar-r5-mlp8_cycle-scalar-cache_evicted-branch-262144,mlp8-gcc13-scalar,branch,branches,37949871,250036923,250036923
1,mlp8-gcc13-scalar-r5-mlp8_cycle-scalar-cache_evicted-branch-262144,mlp8-gcc13-scalar,branch,branch_misses,69562,250032745,250032745
1,mlp8-gcc13-scalar-r5-mlp8_cycle-scalar-warm-basic-33554432,mlp8-gcc13-scalar,basic,cycles,554059871,252463691,252463691
1,mlp8-gcc13-scalar-r5-mlp8_cycle-scalar-warm-basic-33554432,mlp8-gcc13-scalar,basic,instructions,337205714,252464316,252464316
1,mlp8-gcc13-scalar-r5-mlp8_cycle-scalar-warm-basic-33554432,mlp8-gcc13-scalar,basic,ref_cycles,554064258,252461641,252461641
1,mlp8-gcc13-scalar-r5-mlp8_cycle-scalar-warm-basic-2097152,mlp8-gcc13-scalar,basic,cycles,548828517,250077781,250077781
1,mlp8-gcc13-scalar-r5-mlp8_cycle-scalar-warm-basic-2097152,mlp8-gcc13-scalar,basic,instructions,797842050,250075239,250075239
1,mlp8-gcc13-scalar-r5-mlp8_cycle-scalar-warm-basic-2097152,mlp8-gcc13-scalar,basic,ref_cycles,548830458,250071787,250071787
1,mlp8-gcc13-scalar-r5-mlp8_cycle-scalar-cache_evicted-branch-6291456,mlp8-gcc13-scalar,branch,cycles,548869910,250101108,250101108
1,mlp8-gcc13-scalar-r5-mlp8_cycle-scalar-cache_evicted-branch-6291456,mlp8-gcc13-scalar,branch,branches,10670984,250100195,250100195
1,mlp8-gcc13-scalar-r5-mlp8_cycle-scalar-cache_evicted-branch-6291456,mlp8-gcc13-scalar,branch,branch_misses,912,250096269,250096269
1,mlp8-gcc13-scalar-r5-mlp8_cycle-scalar-warm-branch-49152,mlp8-gcc13-scalar,branch,cycles,548731654,250033779,250033779
1,mlp8-gcc13-scalar-r5-mlp8_cycle-scalar-warm-branch-49152,mlp8-gcc13-scalar,branch,branches,48458706,250031952,250031952
1,mlp8-gcc13-scalar-r5-mlp8_cycle-scalar-warm-branch-49152,mlp8-gcc13-scalar,branch,branch_misses,372897,250028511,250028511
1,mlp8-gcc13-scalar-r5-mlp8_cycle-scalar-cache_evicted-basic-32768,mlp8-gcc13-scalar,basic,cycles,548731352,250032514,250032514
1,mlp8-gcc13-scalar-r5-mlp8_cycle-scalar-cache_evicted-basic-32768,mlp8-gcc13-scalar,basic,instructions,1799154387,250029638,250029638
1,mlp8-gcc13-scalar-r5-mlp8_cycle-scalar-cache_evicted-basic-32768,mlp8-gcc13-scalar,basic,ref_cycles,548732844,250026437,250026437
1,mlp8-gcc13-scalar-r5-mlp8_cycle-scalar-warm-branch-8388608,mlp8-gcc13-scalar,branch,cycles,548983427,250151628,250151628
1,mlp8-gcc13-scalar-r5-mlp8_cycle-scalar-warm-branch-8388608,mlp8-gcc13-scalar,branch,branches,9949440,250150841,250150841
1,mlp8-gcc13-scalar-r5-mlp8_cycle-scalar-warm-branch-8388608,mlp8-gcc13-scalar,branch,branch_misses,653,250147012,250147012
1,mlp8-gcc13-scalar-r5-mlp8_cycle-scalar-warm-basic-12582912,mlp8-gcc13-scalar,basic,cycles,549128701,250217527,250217527
1,mlp8-gcc13-scalar-r5-mlp8_cycle-scalar-warm-basic-12582912,mlp8-gcc13-scalar,basic,instructions,458891126,250216222,250216222
1,mlp8-gcc13-scalar-r5-mlp8_cycle-scalar-warm-basic-12582912,mlp8-gcc13-scalar,basic,ref_cycles,549132474,250212511,250212511
1,mlp8-gcc13-scalar-r5-mlp8_cycle-scalar-warm-basic-24576,mlp8-gcc13-scalar,basic,cycles,548730632,250032288,250032288
1,mlp8-gcc13-scalar-r5-mlp8_cycle-scalar-warm-basic-24576,mlp8-gcc13-scalar,basic,instructions,1769310575,250029664,250029664
1,mlp8-gcc13-scalar-r5-mlp8_cycle-scalar-warm-basic-24576,mlp8-gcc13-scalar,basic,ref_cycles,548732844,250026369,250026369
1,mlp8-gcc13-scalar-r5-mlp8_cycle-scalar-warm-branch-28672,mlp8-gcc13-scalar,branch,cycles,548731790,250033918,250033918
1,mlp8-gcc13-scalar-r5-mlp8_cycle-scalar-warm-branch-28672,mlp8-gcc13-scalar,branch,branches,54384613,250032474,250032474
1,mlp8-gcc13-scalar-r5-mlp8_cycle-scalar-warm-branch-28672,mlp8-gcc13-scalar,branch,branch_misses,604447,250029235,250029235
1,mlp8-gcc13-scalar-r5-mlp8_cycle-scalar-cache_evicted-basic-6291456,mlp8-gcc13-scalar,basic,cycles,549048625,250181595,250181595
1,mlp8-gcc13-scalar-r5-mlp8_cycle-scalar-cache_evicted-basic-6291456,mlp8-gcc13-scalar,basic,instructions,528841979,250180042,250180042
1,mlp8-gcc13-scalar-r5-mlp8_cycle-scalar-cache_evicted-basic-6291456,mlp8-gcc13-scalar,basic,ref_cycles,549052482,250176890,250176890
1,mlp8-gcc13-scalar-r5-mlp8_cycle-scalar-cache_evicted-basic-8388608,mlp8-gcc13-scalar,basic,cycles,549389997,250335857,250335857
1,mlp8-gcc13-scalar-r5-mlp8_cycle-scalar-cache_evicted-basic-8388608,mlp8-gcc13-scalar,basic,instructions,489848319,250335434,250335434
1,mlp8-gcc13-scalar-r5-mlp8_cycle-scalar-cache_evicted-basic-8388608,mlp8-gcc13-scalar,basic,ref_cycles,549393988,250332265,250332265
1,mlp8-gcc13-scalar-r5-mlp8_cycle-scalar-warm-basic-134217728,mlp8-gcc13-scalar,basic,cycles,594611726,270941730,270941730
1,mlp8-gcc13-scalar-r5-mlp8_cycle-scalar-warm-basic-134217728,mlp8-gcc13-scalar,basic,instructions,154143857,270940222,270940222
1,mlp8-gcc13-scalar-r5-mlp8_cycle-scalar-warm-basic-134217728,mlp8-gcc13-scalar,basic,ref_cycles,594615010,270936332,270936332
1,mlp8-gcc13-scalar-r5-mlp8_cycle-scalar-warm-branch-8192,mlp8-gcc13-scalar,branch,cycles,548731423,250034617,250034617
1,mlp8-gcc13-scalar-r5-mlp8_cycle-scalar-warm-branch-8192,mlp8-gcc13-scalar,branch,branches,83885250,250032779,250032779
1,mlp8-gcc13-scalar-r5-mlp8_cycle-scalar-warm-branch-8192,mlp8-gcc13-scalar,branch,branch_misses,496,250029011,250029011
1,mlp8-gcc13-scalar-r5-mlp8_cycle-scalar-warm-branch-131072,mlp8-gcc13-scalar,branch,cycles,548734407,250035590,250035590
1,mlp8-gcc13-scalar-r5-mlp8_cycle-scalar-warm-branch-131072,mlp8-gcc13-scalar,branch,branches,42296163,250034014,250034014
1,mlp8-gcc13-scalar-r5-mlp8_cycle-scalar-warm-branch-131072,mlp8-gcc13-scalar,branch,branch_misses,146016,250030603,250030603
1,mlp8-gcc13-scalar-r5-mlp8_cycle-scalar-warm-branch-16384,mlp8-gcc13-scalar,branch,cycles,548731111,250033090,250033090
1,mlp8-gcc13-scalar-r5-mlp8_cycle-scalar-warm-branch-16384,mlp8-gcc13-scalar,branch,branches,63201075,250031486,250031486
1,mlp8-gcc13-scalar-r5-mlp8_cycle-scalar-warm-branch-16384,mlp8-gcc13-scalar,branch,branch_misses,656801,250028151,250028151
1,mlp8-gcc13-scalar-r5-mlp8_cycle-scalar-warm-branch-98304,mlp8-gcc13-scalar,branch,cycles,548730448,250032601,250032601
1,mlp8-gcc13-scalar-r5-mlp8_cycle-scalar-warm-branch-98304,mlp8-gcc13-scalar,branch,branches,43632293,250029777,250029777
1,mlp8-gcc13-scalar-r5-mlp8_cycle-scalar-warm-branch-98304,mlp8-gcc13-scalar,branch,branch_misses,193160,250025922,250025922
1,mlp8-gcc13-scalar-r5-mlp8_cycle-scalar-warm-branch-5242880,mlp8-gcc13-scalar,branch,cycles,548748247,250044414,250044414
1,mlp8-gcc13-scalar-r5-mlp8_cycle-scalar-warm-branch-5242880,mlp8-gcc13-scalar,branch,branches,11342628,250043265,250043265
1,mlp8-gcc13-scalar-r5-mlp8_cycle-scalar-warm-branch-5242880,mlp8-gcc13-scalar,branch,branch_misses,1146,250039439,250039439
1,mlp8-gcc13-scalar-r5-mlp8_cycle-scalar-warm-branch-24576,mlp8-gcc13-scalar,branch,cycles,548730921,250034198,250034198
1,mlp8-gcc13-scalar-r5-mlp8_cycle-scalar-warm-branch-24576,mlp8-gcc13-scalar,branch,branches,56582699,250031566,250031566
1,mlp8-gcc13-scalar-r5-mlp8_cycle-scalar-warm-branch-24576,mlp8-gcc13-scalar,branch,branch_misses,690254,250028491,250028491
1,mlp8-gcc13-scalar-r5-mlp8_cycle-scalar-warm-basic-7340032,mlp8-gcc13-scalar,basic,cycles,549390539,250335024,250335024
1,mlp8-gcc13-scalar-r5-mlp8_cycle-scalar-warm-basic-7340032,mlp8-gcc13-scalar,basic,instructions,513657534,250334672,250334672
1,mlp8-gcc13-scalar-r5-mlp8_cycle-scalar-warm-basic-7340032,mlp8-gcc13-scalar,basic,ref_cycles,549393702,250331309,250331309
1,mlp8-gcc13-scalar-r5-mlp8_cycle-scalar-cache_evicted-branch-8388608,mlp8-gcc13-scalar,branch,cycles,548883134,250104989,250104989
1,mlp8-gcc13-scalar-r5-mlp8_cycle-scalar-cache_evicted-branch-8388608,mlp8-gcc13-scalar,branch,branches,10261386,250104863,250104863
1,mlp8-gcc13-scalar-r5-mlp8_cycle-scalar-cache_evicted-branch-8388608,mlp8-gcc13-scalar,branch,branch_misses,676,250101490,250101490
1,mlp8-gcc13-scalar-r5-mlp8_cycle-scalar-warm-basic-6291456,mlp8-gcc13-scalar,basic,cycles,549248040,250268953,250268953
1,mlp8-gcc13-scalar-r5-mlp8_cycle-scalar-warm-basic-6291456,mlp8-gcc13-scalar,basic,instructions,533058281,250267925,250267925
1,mlp8-gcc13-scalar-r5-mlp8_cycle-scalar-warm-basic-6291456,mlp8-gcc13-scalar,basic,ref_cycles,549250944,250264545,250264545
1,mlp8-gcc13-scalar-r5-mlp8_cycle-scalar-warm-basic-65536,mlp8-gcc13-scalar,basic,cycles,548732387,250033881,250033881
1,mlp8-gcc13-scalar-r5-mlp8_cycle-scalar-warm-basic-65536,mlp8-gcc13-scalar,basic,instructions,1842467455,250031787,250031787
1,mlp8-gcc13-scalar-r5-mlp8_cycle-scalar-warm-basic-65536,mlp8-gcc13-scalar,basic,ref_cycles,548735000,250028658,250028658
1,mlp8-gcc13-scalar-r5-mlp8_cycle-scalar-warm-branch-134217728,mlp8-gcc13-scalar,branch,cycles,588272707,268054248,268054248
1,mlp8-gcc13-scalar-r5-mlp8_cycle-scalar-warm-branch-134217728,mlp8-gcc13-scalar,branch,branches,3146268,268053539,268053539
1,mlp8-gcc13-scalar-r5-mlp8_cycle-scalar-warm-branch-134217728,mlp8-gcc13-scalar,branch,branch_misses,85,268049585,268049585
1,mlp8-gcc13-scalar-r5-mlp8_cycle-scalar-warm-branch-36864,mlp8-gcc13-scalar,branch,cycles,548731714,250033646,250033646
1,mlp8-gcc13-scalar-r5-mlp8_cycle-scalar-warm-branch-36864,mlp8-gcc13-scalar,branch,branches,51255917,250032182,250032182
1,mlp8-gcc13-scalar-r5-mlp8_cycle-scalar-warm-branch-36864,mlp8-gcc13-scalar,branch,branch_misses,483692,250028886,250028886
1,mlp8-gcc13-scalar-r5-mlp8_cycle-scalar-warm-basic-536870912,mlp8-gcc13-scalar,basic,cycles,725601382,330620217,330620217
1,mlp8-gcc13-scalar-r5-mlp8_cycle-scalar-warm-basic-536870912,mlp8-gcc13-scalar,basic,instructions,154141940,330618548,330618548
1,mlp8-gcc13-scalar-r5-mlp8_cycle-scalar-warm-basic-536870912,mlp8-gcc13-scalar,basic,ref_cycles,725604946,330615790,330615790
1,mlp8-gcc13-scalar-r5-mlp8_cycle-scalar-warm-basic-8388608,mlp8-gcc13-scalar,basic,cycles,549000126,250158611,250158611
1,mlp8-gcc13-scalar-r5-mlp8_cycle-scalar-warm-basic-8388608,mlp8-gcc13-scalar,basic,instructions,494666493,250158094,250158094
1,mlp8-gcc13-scalar-r5-mlp8_cycle-scalar-warm-basic-8388608,mlp8-gcc13-scalar,basic,ref_cycles,549004588,250154818,250154818
1,mlp8-gcc13-scalar-r5-mlp8_cycle-scalar-warm-branch-196608,mlp8-gcc13-scalar,branch,cycles,548187506,249877069,249877069
1,mlp8-gcc13-scalar-r5-mlp8_cycle-scalar-warm-branch-196608,mlp8-gcc13-scalar,branch,branches,40124054,249879824,249879824
1,mlp8-gcc13-scalar-r5-mlp8_cycle-scalar-warm-branch-196608,mlp8-gcc13-scalar,branch,branch_misses,96155,249877893,249877893
1,mlp8-gcc13-scalar-r5-mlp8_cycle-scalar-warm-branch-12582912,mlp8-gcc13-scalar,branch,cycles,549988068,250608766,250608766
1,mlp8-gcc13-scalar-r5-mlp8_cycle-scalar-warm-branch-12582912,mlp8-gcc13-scalar,branch,branches,9302712,250607607,250607607
1,mlp8-gcc13-scalar-r5-mlp8_cycle-scalar-warm-branch-12582912,mlp8-gcc13-scalar,branch,branch_misses,416,250603493,250603493
1,mlp8-gcc13-scalar-r6-mlp8_cycle-scalar-warm-branch-131072,mlp8-gcc13-scalar,branch,cycles,548732465,250035415,250035415
1,mlp8-gcc13-scalar-r6-mlp8_cycle-scalar-warm-branch-131072,mlp8-gcc13-scalar,branch,branches,42464576,250033191,250033191
1,mlp8-gcc13-scalar-r6-mlp8_cycle-scalar-warm-branch-131072,mlp8-gcc13-scalar,branch,branch_misses,146524,250029662,250029662
1,mlp8-gcc13-scalar-r6-mlp8_cycle-scalar-cache_evicted-branch-32768,mlp8-gcc13-scalar,branch,cycles,548730885,250033810,250033810
1,mlp8-gcc13-scalar-r6-mlp8_cycle-scalar-cache_evicted-branch-32768,mlp8-gcc13-scalar,branch,branches,52651153,250029519,250029519
1,mlp8-gcc13-scalar-r6-mlp8_cycle-scalar-cache_evicted-branch-32768,mlp8-gcc13-scalar,branch,branch_misses,537427,250025502,250025502
1,mlp8-gcc13-scalar-r6-mlp8_cycle-scalar-warm-branch-536870912,mlp8-gcc13-scalar,branch,cycles,690953378,314834968,314834968
1,mlp8-gcc13-scalar-r6-mlp8_cycle-scalar-warm-branch-536870912,mlp8-gcc13-scalar,branch,branches,3145962,314834376,314834376
1,mlp8-gcc13-scalar-r6-mlp8_cycle-scalar-warm-branch-536870912,mlp8-gcc13-scalar,branch,branch_misses,42,314830937,314830937
1,mlp8-gcc13-scalar-r6-mlp8_cycle-scalar-warm-basic-24576,mlp8-gcc13-scalar,basic,cycles,548731714,250033128,250033128
1,mlp8-gcc13-scalar-r6-mlp8_cycle-scalar-warm-basic-24576,mlp8-gcc13-scalar,basic,instructions,1768042875,250031096,250031096
1,mlp8-gcc13-scalar-r6-mlp8_cycle-scalar-warm-basic-24576,mlp8-gcc13-scalar,basic,ref_cycles,548733834,250027955,250027955
1,mlp8-gcc13-scalar-r6-mlp8_cycle-scalar-warm-basic-196608,mlp8-gcc13-scalar,basic,cycles,548730872,250031739,250031739
1,mlp8-gcc13-scalar-r6-mlp8_cycle-scalar-warm-basic-196608,mlp8-gcc13-scalar,basic,instructions,1835823605,250029267,250029267
1,mlp8-gcc13-scalar-r6-mlp8_cycle-scalar-warm-basic-196608,mlp8-gcc13-scalar,basic,ref_cycles,548732822,250025931,250025931
1,mlp8-gcc13-scalar-r6-mlp8_cycle-scalar-warm-branch-98304,mlp8-gcc13-scalar,branch,cycles,548730756,250033321,250033321
1,mlp8-gcc13-scalar-r6-mlp8_cycle-scalar-warm-branch-98304,mlp8-gcc13-scalar,branch,branches,43644706,250030772,250030772
1,mlp8-gcc13-scalar-r6-mlp8_cycle-scalar-warm-branch-98304,mlp8-gcc13-scalar,branch,branch_misses,193209,250027323,250027323
1,mlp8-gcc13-scalar-r6-mlp8_cycle-scalar-warm-basic-294912,mlp8-gcc13-scalar,basic,cycles,548735537,250033448,250033448
1,mlp8-gcc13-scalar-r6-mlp8_cycle-scalar-warm-basic-294912,mlp8-gcc13-scalar,basic,instructions,1649433934,250030781,250030781
1,mlp8-gcc13-scalar-r6-mlp8_cycle-scalar-warm-basic-294912,mlp8-gcc13-scalar,basic,ref_cycles,548736848,250027318,250027318
1,mlp8-gcc13-scalar-r6-mlp8_cycle-scalar-cache_evicted-branch-6291456,mlp8-gcc13-scalar,branch,cycles,548890078,250109116,250109116
1,mlp8-gcc13-scalar-r6-mlp8_cycle-scalar-cache_evicted-branch-6291456,mlp8-gcc13-scalar,branch,branches,10670984,250109043,250109043
1,mlp8-gcc13-scalar-r6-mlp8_cycle-scalar-cache_evicted-branch-6291456,mlp8-gcc13-scalar,branch,branch_misses,912,250105491,250105491
1,mlp8-gcc13-scalar-r6-mlp8_cycle-scalar-warm-basic-524288,mlp8-gcc13-scalar,basic,cycles,548743479,250038331,250038331
1,mlp8-gcc13-scalar-r6-mlp8_cycle-scalar-warm-basic-524288,mlp8-gcc13-scalar,basic,instructions,1286179861,250037774,250037774
1,mlp8-gcc13-scalar-r6-mlp8_cycle-scalar-warm-basic-524288,mlp8-gcc13-scalar,basic,ref_cycles,548746330,250035310,250035310
1,mlp8-gcc13-scalar-r6-mlp8_cycle-scalar-warm-basic-32768,mlp8-gcc13-scalar,basic,cycles,548731305,250033259,250033259
1,mlp8-gcc13-scalar-r6-mlp8_cycle-scalar-warm-basic-32768,mlp8-gcc13-scalar,basic,instructions,1785343453,250031441,250031441
1,mlp8-gcc13-scalar-r6-mlp8_cycle-scalar-warm-basic-32768,mlp8-gcc13-scalar,basic,ref_cycles,548733548,250028437,250028437
1,mlp8-gcc13-scalar-r6-mlp8_cycle-scalar-warm-branch-33554432,mlp8-gcc13-scalar,branch,cycles,551156153,251143467,251143467
1,mlp8-gcc13-scalar-r6-mlp8_cycle-scalar-warm-branch-33554432,mlp8-gcc13-scalar,branch,branches,6622703,251142442,251142442
1,mlp8-gcc13-scalar-r6-mlp8_cycle-scalar-warm-branch-33554432,mlp8-gcc13-scalar,branch,branch_misses,148,251138648,251138648
1,mlp8-gcc13-scalar-r6-mlp8_cycle-scalar-warm-basic-28672,mlp8-gcc13-scalar,basic,cycles,548730835,250032353,250032353
1,mlp8-gcc13-scalar-r6-mlp8_cycle-scalar-warm-basic-28672,mlp8-gcc13-scalar,basic,instructions,1786654149,250029454,250029454
1,mlp8-gcc13-scalar-r6-mlp8_cycle-scalar-warm-basic-28672,mlp8-gcc13-scalar,basic,ref_cycles,548732184,250025878,250025878
1,mlp8-gcc13-scalar-r6-mlp8_cycle-scalar-warm-branch-12582912,mlp8-gcc13-scalar,branch,cycles,549821794,250532690,250532690
1,mlp8-gcc13-scalar-r6-mlp8_cycle-scalar-warm-branch-12582912,mlp8-gcc13-scalar,branch,branches,9524202,250531036,250531036
1,mlp8-gcc13-scalar-r6-mlp8_cycle-scalar-warm-branch-12582912,mlp8-gcc13-scalar,branch,branch_misses,432,250527325,250527325
1,mlp8-gcc13-scalar-r6-mlp8_cycle-scalar-warm-branch-6291456,mlp8-gcc13-scalar,branch,cycles,549133384,250218684,250218684
1,mlp8-gcc13-scalar-r6-mlp8_cycle-scalar-warm-branch-6291456,mlp8-gcc13-scalar,branch,branches,10806526,250218460,250218460
1,mlp8-gcc13-scalar-r6-mlp8_cycle-scalar-warm-branch-6291456,mlp8-gcc13-scalar,branch,branch_misses,920,250215466,250215466
1,mlp8-gcc13-scalar-r6-mlp8_cycle-scalar-warm-branch-393216,mlp8-gcc13-scalar,branch,cycles,548743963,250037829,250037829
1,mlp8-gcc13-scalar-r6-mlp8_cycle-scalar-warm-branch-393216,mlp8-gcc13-scalar,branch,branches,30874156,250034276,250034276
1,mlp8-gcc13-scalar-r6-mlp8_cycle-scalar-warm-branch-393216,mlp8-gcc13-scalar,branch,branch_misses,38556,250030278,250030278
1,mlp8-gcc13-scalar-r6-mlp8_cycle-scalar-warm-basic-7340032,mlp8-gcc13-scalar,basic,cycles,549078223,250190563,250190563
1,mlp8-gcc13-scalar-r6-mlp8_cycle-scalar-warm-basic-7340032,mlp8-gcc13-scalar,basic,instructions,513657516,250189605,250189605
1,mlp8-gcc13-scalar-r6-mlp8_cycle-scalar-warm-basic-7340032,mlp8-gcc13-scalar,basic,ref_cycles,549080554,250186048,250186048
1,mlp8-gcc13-scalar-r6-mlp8_cycle-scalar-warm-basic-36864,mlp8-gcc13-scalar,basic,cycles,548731376,250033085,250033085
1,mlp8-gcc13-scalar-r6-mlp8_cycle-scalar-warm-basic-36864,mlp8-gcc13-scalar,basic,instructions,1808405074,250031163,250031163
1,mlp8-gcc13-scalar-r6-mlp8_cycle-scalar-warm-basic-36864,mlp8-gcc13-scalar,basic,ref_cycles,548733812,250028341,250028341
1,mlp8-gcc13-scalar-r6-mlp8_cycle-scalar-cache_evicted-branch-262144,mlp8-gcc13-scalar,branch,cycles,548737353,250039410,250039410
1,mlp8-gcc13-scalar-r6-mlp8_cycle-scalar-cache_evicted-branch-262144,mlp8-gcc13-scalar,branch,branches,38026354,250037104,250037104
1,mlp8-gcc13-scalar-r6-mlp8_cycle-scalar-cache_evicted-branch-262144,mlp8-gcc13-scalar,branch,branch_misses,69747,250033445,250033445
1,mlp8-gcc13-scalar-r6-mlp8_cycle-scalar-warm-branch-4194304,mlp8-gcc13-scalar,branch,cycles,548995463,250154046,250154046
1,mlp8-gcc13-scalar-r6-mlp8_cycle-scalar-warm-branch-4194304,mlp8-gcc13-scalar,branch,branches,12149942,250151502,250151502
1,mlp8-gcc13-scalar-r6-mlp8_cycle-scalar-warm-branch-4194304,mlp8-gcc13-scalar,branch,branch_misses,1512,250147893,250147893
1,mlp8-gcc13-scalar-r6-mlp8_cycle-scalar-warm-branch-5242880,mlp8-gcc13-scalar,branch,cycles,549175315,250237438,250237438
1,mlp8-gcc13-scalar-r6-mlp8_cycle-scalar-warm-branch-5242880,mlp8-gcc13-scalar,branch,branches,11209066,250237243,250237243
1,mlp8-gcc13-scalar-r6-mlp8_cycle-scalar-warm-branch-5242880,mlp8-gcc13-scalar,branch,branch_misses,1140,250233836,250233836
1,mlp8-gcc13-scalar-r6-mlp8_cycle-scalar-warm-branch-32768,mlp8-gcc13-scalar,branch,cycles,548731959,250033409,250033409
1,mlp8-gcc13-scalar-r6-mlp8_cycle-scalar-warm-branch-32768,mlp8-gcc13-scalar,branch,branches,52657301,250031441,250031441
1,mlp8-gcc13-scalar-r6-mlp8_cycle-scalar-warm-branch-32768,mlp8-gcc13-scalar,branch,branch_misses,537473,250028109,250028109
1,mlp8-gcc13-scalar-r6-mlp8_cycle-scalar-warm-branch-294912,mlp8-gcc13-scalar,branch,cycles,548734159,250033275,250033275
1,mlp8-gcc13-scalar-r6-mlp8_cycle-scalar-warm-branch-294912,mlp8-gcc13-scalar,branch,branches,35236823,250030213,250030213
1,mlp8-gcc13-scalar-r6-mlp8_cycle-scalar-warm-branch-294912,mlp8-gcc13-scalar,branch,branch_misses,57825,250026442,250026442
1,mlp8-gcc13-scalar-r6-mlp8_cycle-scalar-warm-branch-134217728,mlp8-gcc13-scalar,branch,cycles,578906958,263785742,263785742
1,mlp8-gcc13-scalar-r6-mlp8_cycle-scalar-warm-branch-134217728,mlp8-gcc13-scalar,branch,branches,3146268,263785472,263785472
1,mlp8-gcc13-scalar-r6-mlp8_cycle-scalar-warm-branch-134217728,mlp8-gcc13-scalar,branch,branch_misses,72,263781740,263781740
1,mlp8-gcc13-scalar-r6-mlp8_cycle-scalar-warm-branch-49152,mlp8-gcc13-scalar,branch,cycles,548731409,250033511,250033511
1,mlp8-gcc13-scalar-r6-mlp8_cycle-scalar-warm-branch-49152,mlp8-gcc13-scalar,branch,branches,48502027,250030105,250030105
1,mlp8-gcc13-scalar-r6-mlp8_cycle-scalar-warm-branch-49152,mlp8-gcc13-scalar,branch,branch_misses,373236,250026366,250026366
1,mlp8-gcc13-scalar-r6-mlp8_cycle-scalar-warm-branch-7340032,mlp8-gcc13-scalar,branch,cycles,549292086,250292466,250292466
1,mlp8-gcc13-scalar-r6-mlp8_cycle-scalar-warm-branch-7340032,mlp8-gcc13-scalar,branch,branches,10332167,250292105,250292105
1,mlp8-gcc13-scalar-r6-mlp8_cycle-scalar-warm-branch-7340032,mlp8-gcc13-scalar,branch,branch_misses,764,250288364,250288364
1,mlp8-gcc13-scalar-r6-mlp8_cycle-scalar-warm-basic-8388608,mlp8-gcc13-scalar,basic,cycles,548735336,250037224,250037224
1,mlp8-gcc13-scalar-r6-mlp8_cycle-scalar-warm-basic-8388608,mlp8-gcc13-scalar,basic,instructions,494666493,250034838,250034838
1,mlp8-gcc13-scalar-r6-mlp8_cycle-scalar-warm-basic-8388608,mlp8-gcc13-scalar,basic,ref_cycles,548737882,250031512,250031512
1,mlp8-gcc13-scalar-r6-mlp8_cycle-scalar-warm-basic-65536,mlp8-gcc13-scalar,basic,cycles,548731769,250031472,250031472
1,mlp8-gcc13-scalar-r6-mlp8_cycle-scalar-warm-basic-65536,mlp8-gcc13-scalar,basic,instructions,1841527247,250028576,250028576
1,mlp8-gcc13-scalar-r6-mlp8_cycle-scalar-warm-basic-65536,mlp8-gcc13-scalar,basic,ref_cycles,548732734,250025127,250025127
1,mlp8-gcc13-scalar-r6-mlp8_cycle-scalar-warm-basic-262144,mlp8-gcc13-scalar,basic,cycles,548735209,250034123,250034123
1,mlp8-gcc13-scalar-r6-mlp8_cycle-scalar-warm-basic-262144,mlp8-gcc13-scalar,basic,instructions,1764669630,250031216,250031216
1,mlp8-gcc13-scalar-r6-mlp8_cycle-scalar-warm-basic-262144,mlp8-gcc13-scalar,basic,ref_cycles,548736936,250027706,250027706
1,mlp8-gcc13-scalar-r6-mlp8_cycle-scalar-warm-branch-28672,mlp8-gcc13-scalar,branch,cycles,548731696,250033559,250033559
1,mlp8-gcc13-scalar-r6-mlp8_cycle-scalar-warm-branch-28672,mlp8-gcc13-scalar,branch,branches,54239723,250032366,250032366
1,mlp8-gcc13-scalar-r6-mlp8_cycle-scalar-warm-branch-28672,mlp8-gcc13-scalar,branch,branch_misses,602789,250028825,250028825
1,mlp8-gcc13-scalar-r6-mlp8_cycle-scalar-warm-basic-536870912,mlp8-gcc13-scalar,basic,cycles,702642699,320159917,320159917
1,mlp8-gcc13-scalar-r6-mlp8_cycle-scalar-warm-basic-536870912,mlp8-gcc13-scalar,basic,instructions,154141940,320157452,320157452
1,mlp8-gcc13-scalar-r6-mlp8_cycle-scalar-warm-basic-536870912,mlp8-gcc13-scalar,basic,ref_cycles,702645702,320153870,320153870
1,mlp8-gcc13-scalar-r6-mlp8_cycle-scalar-cache_evicted-basic-33554432,mlp8-gcc13-scalar,basic,cycles,552316072,251670946,251670946
1,mlp8-gcc13-scalar-r6-mlp8_cycle-scalar-cache_evicted-basic-33554432,mlp8-gcc13-scalar,basic,instructions,305090944,251670805,251670805
1,mlp8-gcc13-scalar-r6-mlp8_cycle-scalar-cache_evicted-basic-33554432,mlp8-gcc13-scalar,basic,ref_cycles,552320472,251667533,251667533
1,mlp8-gcc13-scalar-r6-mlp8_cycle-scalar-warm-basic-12582912,mlp8-gcc13-scalar,basic,cycles,548805005,250067498,250067498
1,mlp8-gcc13-scalar-r6-mlp8_cycle-scalar-warm-basic-12582912,mlp8-gcc13-scalar,basic,instructions,470935508,250066701,250066701
1,mlp8-gcc13-scalar-r6-mlp8_cycle-scalar-warm-basic-12582912,mlp8-gcc13-scalar,basic,ref_cycles,548808216,250063322,250063322
1,mlp8-gcc13-scalar-r6-mlp8_cycle-scalar-cache_evicted-branch-1048576,mlp8-gcc13-scalar,branch,cycles,548737344,250036183,250036183
1,mlp8-gcc13-scalar-r6-mlp8_cycle-scalar-cache_evicted-branch-1048576,mlp8-gcc13-scalar,branch,branches,25275627,250033938,250033938
1,mlp8-gcc13-scalar-r6-mlp8_cycle-scalar-cache_evicted-branch-1048576,mlp8-gcc13-scalar,branch,branch_misses,12197,250030019,250030019
1,mlp8-gcc13-scalar-r6-mlp8_cycle-scalar-warm-branch-196608,mlp8-gcc13-scalar,branch,cycles,548732859,250034338,250034338
1,mlp8-gcc13-scalar-r6-mlp8_cycle-scalar-warm-branch-196608,mlp8-gcc13-scalar,branch,branches,40613494,250032658,250032658
1,mlp8-gcc13-scalar-r6-mlp8_cycle-scalar-warm-branch-196608,mlp8-gcc13-scalar,branch,branch_misses,97226,250028964,250028964
1,mlp8-gcc13-scalar-r6-mlp8_cycle-scalar-warm-basic-98304,mlp8-gcc13-scalar,basic,cycles,548731004,250032824,250032824
1,mlp8-gcc13-scalar-r6-mlp8_cycle-scalar-warm-basic-98304,mlp8-gcc13-scalar,basic,instructions,1866792500,250029734,250029734
1,mlp8-gcc13-scalar-r6-mlp8_cycle-scalar-warm-basic-98304,mlp8-gcc13-scalar,basic,ref_cycles,548732976,250026416,250026416
1,mlp8-gcc13-scalar-r6-mlp8_cycle-scalar-cache_evicted-basic-1048576,mlp8-gcc13-scalar,basic,cycles,548745036,250038929,250038929
1,mlp8-gcc13-scalar-r6-mlp8_cycle-scalar-cache_evicted-basic-1048576,mlp8-gcc13-scalar,basic,instructions,1217139279,250035801,250035801
1,mlp8-gcc13-scalar-r6-mlp8_cycle-scalar-cache_evicted-basic-1048576,mlp8-gcc13-scalar,basic,ref_cycles,548746770,250032122,250032122
1,mlp8-gcc13-scalar-r6-mlp8_cycle-scalar-warm-branch-229376,mlp8-gcc13-scalar,branch,cycles,548735486,250035669,250035669
1,mlp8-gcc13-scalar-r6-mlp8_cycle-scalar-warm-branch-229376,mlp8-gcc13-scalar,branch,branches,38845565,250034508,250034508
1,mlp8-gcc13-scalar-r6-mlp8_cycle-scalar-warm-branch-229376,mlp8-gcc13-scalar,branch,branch_misses,80745,250031202,250031202
1,mlp8-gcc13-scalar-r6-mlp8_cycle-scalar-warm-branch-524288,mlp8-gcc13-scalar,branch,cycles,548743252,250039981,250039981
1,mlp8-gcc13-scalar-r6-mlp8_cycle-scalar-warm-branch-524288,mlp8-gcc13-scalar,branch,branches,27362143,250037913,250037913
1,mlp8-gcc13-scalar-r6-mlp8_cycle-scalar-warm-branch-524288,mlp8-gcc13-scalar,branch,branch_misses,25919,250034499,250034499
1,mlp8-gcc13-scalar-r6-mlp8_cycle-scalar-cache_evicted-basic-8388608,mlp8-gcc13-scalar,basic,cycles,549143980,250224690,250224690
1,mlp8-gcc13-scalar-r6-mlp8_cycle-scalar-cache_evicted-basic-8388608,mlp8-gcc13-scalar,basic,instructions,492257406,250224342,250224342
1,mlp8-gcc13-scalar-r6-mlp8_cycle-scalar-cache_evicted-basic-8388608,mlp8-gcc13-scalar,basic,ref_cycles,549148644,250221259,250221259
1,mlp8-gcc13-scalar-r6-mlp8_cycle-scalar-cache_evicted-branch-33554432,mlp8-gcc13-scalar,branch,cycles,553038550,252000104,252000104
1,mlp8-gcc13-scalar-r6-mlp8_cycle-scalar-cache_evicted-branch-33554432,mlp8-gcc13-scalar,branch,branches,6622702,252000641,252000641
1,mlp8-gcc13-scalar-r6-mlp8_cycle-scalar-cache_evicted-branch-33554432,mlp8-gcc13-scalar,branch,branch_misses,145,251996834,251996834
1,mlp8-gcc13-scalar-r6-mlp8_cycle-scalar-warm-branch-2097152,mlp8-gcc13-scalar,branch,cycles,548821959,250075833,250075833
1,mlp8-gcc13-scalar-r6-mlp8_cycle-scalar-warm-branch-2097152,mlp8-gcc13-scalar,branch,branches,16008012,250073246,250073246
1,mlp8-gcc13-scalar-r6-mlp8_cycle-scalar-warm-branch-2097152,mlp8-gcc13-scalar,branch,branch_misses,3919,250069643,250069643
1,mlp8-gcc13-scalar-r6-mlp8_cycle-scalar-cache_evicted-basic-32768,mlp8-gcc13-scalar,basic,cycles,548730832,250033548,250033548
1,mlp8-gcc13-scalar-r6-mlp8_cycle-scalar-cache_evicted-basic-32768,mlp8-gcc13-scalar,basic,instructions,1796425415,250031436,250031436
1,mlp8-gcc13-scalar-r6-mlp8_cycle-scalar-cache_evicted-basic-32768,mlp8-gcc13-scalar,basic,ref_cycles,548733130,250028037,250028037
1,mlp8-gcc13-scalar-r6-mlp8_cycle-scalar-cache_evicted-branch-8388608,mlp8-gcc13-scalar,branch,cycles,549574472,250421034,250421034
1,mlp8-gcc13-scalar-r6-mlp8_cycle-scalar-cache_evicted-branch-8388608,mlp8-gcc13-scalar,branch,branches,10113623,250420517,250420517
1,mlp8-gcc13-scalar-r6-mlp8_cycle-scalar-cache_evicted-branch-8388608,mlp8-gcc13-scalar,branch,branch_misses,661,250416789,250416789
1,mlp8-gcc13-scalar-r6-mlp8_cycle-scalar-warm-basic-2097152,mlp8-gcc13-scalar,basic,cycles,548786525,250057753,250057753
1,mlp8-gcc13-scalar-r6-mlp8_cycle-scalar-warm-basic-2097152,mlp8-gcc13-scalar,basic,instructions,779759540,250054682,250054682
1,mlp8-gcc13-scalar-r6-mlp8_cycle-scalar-warm-basic-2097152,mlp8-gcc13-scalar,basic,ref_cycles,548788306,250051497,250051497
1,mlp8-gcc13-scalar-r6-mlp8_cycle-scalar-warm-branch-24576,mlp8-gcc13-scalar,branch,cycles,548732103,250034703,250034703
1,mlp8-gcc13-scalar-r6-mlp8_cycle-scalar-warm-branch-24576,mlp8-gcc13-scalar,branch,branches,55786749,250033489,250033489
1,mlp8-gcc13-scalar-r6-mlp8_cycle-scalar-warm-branch-24576,mlp8-gcc13-scalar,branch,branch_misses,680560,250029963,250029963
1,mlp8-gcc13-scalar-r6-mlp8_cycle-scalar-warm-basic-4194304,mlp8-gcc13-scalar,basic,cycles,548820780,250077767,250077767
1,mlp8-gcc13-scalar-r6-mlp8_cycle-scalar-warm-basic-4194304,mlp8-gcc13-scalar,basic,instructions,591186741,250077252,250077252
1,mlp8-gcc13-scalar-r6-mlp8_cycle-scalar-warm-basic-4194304,mlp8-gcc13-scalar,basic,ref_cycles,548825772,250074276,250074276
1,mlp8-gcc13-scalar-r6-mlp8_cycle-scalar-warm-basic-5242880,mlp8-gcc13-scalar,basic,cycles,549067583,250188125,250188125
1,mlp8-gcc13-scalar-r6-mlp8_cycle-scalar-warm-basic-5242880,mlp8-gcc13-scalar,basic,instructions,551167025,250185763,250185763
1,mlp8-gcc13-scalar-r6-mlp8_cycle-scalar-warm-basic-5242880,mlp8-gcc13-scalar,basic,ref_cycles,549070698,250182118,250182118
1,mlp8-gcc13-scalar-r6-mlp8_cycle-scalar-warm-basic-33554432,mlp8-gcc13-scalar,basic,cycles,551286125,251201384,251201384
1,mlp8-gcc13-scalar-r6-mlp8_cycle-scalar-warm-basic-33554432,mlp8-gcc13-scalar,basic,instructions,308302421,251201235,251201235
1,mlp8-gcc13-scalar-r6-mlp8_cycle-scalar-warm-basic-33554432,mlp8-gcc13-scalar,basic,ref_cycles,551290762,251198009,251198009
1,mlp8-gcc13-scalar-r6-mlp8_cycle-scalar-warm-basic-1048576,mlp8-gcc13-scalar,basic,cycles,548739660,250036338,250036338
1,mlp8-gcc13-scalar-r6-mlp8_cycle-scalar-warm-basic-1048576,mlp8-gcc13-scalar,basic,instructions,1192601005,250033653,250033653
1,mlp8-gcc13-scalar-r6-mlp8_cycle-scalar-warm-basic-1048576,mlp8-gcc13-scalar,basic,ref_cycles,548741380,250029926,250029926
1,mlp8-gcc13-scalar-r6-mlp8_cycle-scalar-warm-basic-393216,mlp8-gcc13-scalar,basic,cycles,548740222,250037939,250037939
1,mlp8-gcc13-scalar-r6-mlp8_cycle-scalar-warm-basic-393216,mlp8-gcc13-scalar,basic,instructions,1462596481,250036066,250036066
1,mlp8-gcc13-scalar-r6-mlp8_cycle-scalar-warm-basic-393216,mlp8-gcc13-scalar,basic,ref_cycles,548742480,250032921,250032921
1,mlp8-gcc13-scalar-r6-mlp8_cycle-scalar-warm-basic-6291456,mlp8-gcc13-scalar,basic,cycles,549188249,250242693,250242693
1,mlp8-gcc13-scalar-r6-mlp8_cycle-scalar-warm-basic-6291456,mlp8-gcc13-scalar,basic,instructions,528842009,250241526,250241526
1,mlp8-gcc13-scalar-r6-mlp8_cycle-scalar-warm-basic-6291456,mlp8-gcc13-scalar,basic,ref_cycles,549191764,250238371,250238371
1,mlp8-gcc13-scalar-r6-mlp8_cycle-scalar-cache_evicted-basic-262144,mlp8-gcc13-scalar,basic,cycles,548732921,250034416,250034416
1,mlp8-gcc13-scalar-r6-mlp8_cycle-scalar-cache_evicted-basic-262144,mlp8-gcc13-scalar,basic,instructions,1776662358,250032379,250032379
1,mlp8-gcc13-scalar-r6-mlp8_cycle-scalar-cache_evicted-basic-262144,mlp8-gcc13-scalar,basic,ref_cycles,548735330,250029087,250029087
1,mlp8-gcc13-scalar-r6-mlp8_cycle-scalar-warm-branch-8192,mlp8-gcc13-scalar,branch,cycles,548731288,250033357,250033357
1,mlp8-gcc13-scalar-r6-mlp8_cycle-scalar-warm-branch-8192,mlp8-gcc13-scalar,branch,branches,84111428,250031922,250031922
1,mlp8-gcc13-scalar-r6-mlp8_cycle-scalar-warm-branch-8192,mlp8-gcc13-scalar,branch,branch_misses,465,250028919,250028919
1,mlp8-gcc13-scalar-r6-mlp8_cycle-scalar-warm-basic-131072,mlp8-gcc13-scalar,basic,cycles,548734138,250033990,250033990
1,mlp8-gcc13-scalar-r6-mlp8_cycle-scalar-warm-basic-131072,mlp8-gcc13-scalar,basic,instructions,1858108985,250032551,250032551
1,mlp8-gcc13-scalar-r6-mlp8_cycle-scalar-warm-basic-131072,mlp8-gcc13-scalar,basic,ref_cycles,548736298,250029618,250029618
1,mlp8-gcc13-scalar-r6-mlp8_cycle-scalar-warm-basic-49152,mlp8-gcc13-scalar,basic,cycles,548731710,250032657,250032657
1,mlp8-gcc13-scalar-r6-mlp8_cycle-scalar-warm-basic-49152,mlp8-gcc13-scalar,basic,instructions,1834109487,250029999,250029999
1,mlp8-gcc13-scalar-r6-mlp8_cycle-scalar-warm-basic-49152,mlp8-gcc13-scalar,basic,ref_cycles,548733306,250026639,250026639
1,mlp8-gcc13-scalar-r6-mlp8_cycle-scalar-warm-basic-8192,mlp8-gcc13-scalar,basic,cycles,548731593,250033519,250033519
1,mlp8-gcc13-scalar-r6-mlp8_cycle-scalar-warm-basic-8192,mlp8-gcc13-scalar,basic,instructions,1676083602,250031871,250031871
1,mlp8-gcc13-scalar-r6-mlp8_cycle-scalar-warm-basic-8192,mlp8-gcc13-scalar,basic,ref_cycles,548734120,250028705,250028705
1,mlp8-gcc13-scalar-r6-mlp8_cycle-scalar-cache_evicted-basic-6291456,mlp8-gcc13-scalar,basic,cycles,548786099,250059869,250059869
1,mlp8-gcc13-scalar-r6-mlp8_cycle-scalar-cache_evicted-basic-6291456,mlp8-gcc13-scalar,basic,instructions,526432693,250058124,250058124
1,mlp8-gcc13-scalar-r6-mlp8_cycle-scalar-cache_evicted-basic-6291456,mlp8-gcc13-scalar,basic,ref_cycles,548789538,250055052,250055052
1,mlp8-gcc13-scalar-r6-mlp8_cycle-scalar-warm-branch-36864,mlp8-gcc13-scalar,branch,cycles,548730921,250032068,250032068
1,mlp8-gcc13-scalar-r6-mlp8_cycle-scalar-warm-branch-36864,mlp8-gcc13-scalar,branch,branches,51306444,250028721,250028721
1,mlp8-gcc13-scalar-r6-mlp8_cycle-scalar-warm-branch-36864,mlp8-gcc13-scalar,branch,branch_misses,484157,250024873,250024873
1,mlp8-gcc13-scalar-r6-mlp8_cycle-scalar-cache_evicted-branch-536870912,mlp8-gcc13-scalar,branch,cycles,699926391,318924551,318924551
1,mlp8-gcc13-scalar-r6-mlp8_cycle-scalar-cache_evicted-branch-536870912,mlp8-gcc13-scalar,branch,branches,3145962,318923371,318923371
1,mlp8-gcc13-scalar-r6-mlp8_cycle-scalar-cache_evicted-branch-536870912,mlp8-gcc13-scalar,branch,branch_misses,47,318919598,318919598
1,mlp8-gcc13-scalar-r6-mlp8_cycle-scalar-cache_evicted-basic-536870912,mlp8-gcc13-scalar,basic,cycles,696733482,317467906,317467906
1,mlp8-gcc13-scalar-r6-mlp8_cycle-scalar-cache_evicted-basic-536870912,mlp8-gcc13-scalar,basic,instructions,154141940,317466645,317466645
1,mlp8-gcc13-scalar-r6-mlp8_cycle-scalar-cache_evicted-basic-536870912,mlp8-gcc13-scalar,basic,ref_cycles,696736964,317463205,317463205
1,mlp8-gcc13-scalar-r6-mlp8_cycle-scalar-warm-branch-262144,mlp8-gcc13-scalar,branch,cycles,548734703,250036103,250036103
1,mlp8-gcc13-scalar-r6-mlp8_cycle-scalar-warm-branch-262144,mlp8-gcc13-scalar,branch,branches,37745710,250034353,250034353
1,mlp8-gcc13-scalar-r6-mlp8_cycle-scalar-warm-branch-262144,mlp8-gcc13-scalar,branch,branch_misses,69315,250030598,250030598
1,mlp8-gcc13-scalar-r6-mlp8_cycle-scalar-warm-branch-65536,mlp8-gcc13-scalar,branch,cycles,548731235,250035176,250035176
1,mlp8-gcc13-scalar-r6-mlp8_cycle-scalar-warm-branch-65536,mlp8-gcc13-scalar,branch,branches,46037577,250033273,250033273
1,mlp8-gcc13-scalar-r6-mlp8_cycle-scalar-warm-branch-65536,mlp8-gcc13-scalar,branch,branch_misses,284352,250029725,250029725
1,mlp8-gcc13-scalar-r6-mlp8_cycle-scalar-warm-basic-16384,mlp8-gcc13-scalar,basic,cycles,548730877,250031724,250031724
1,mlp8-gcc13-scalar-r6-mlp8_cycle-scalar-warm-basic-16384,mlp8-gcc13-scalar,basic,instructions,1741685095,250028966,250028966
1,mlp8-gcc13-scalar-r6-mlp8_cycle-scalar-warm-basic-16384,mlp8-gcc13-scalar,basic,ref_cycles,548732910,250025986,250025986
1,mlp8-gcc13-scalar-r6-mlp8_cycle-scalar-warm-branch-8388608,mlp8-gcc13-scalar,branch,cycles,549330450,250309479,250309479
1,mlp8-gcc13-scalar-r6-mlp8_cycle-scalar-warm-branch-8388608,mlp8-gcc13-scalar,branch,branches,10031533,250307070,250307070
1,mlp8-gcc13-scalar-r6-mlp8_cycle-scalar-warm-branch-8388608,mlp8-gcc13-scalar,branch,branch_misses,655,250302704,250302704
1,mlp8-gcc13-scalar-r6-mlp8_cycle-scalar-warm-basic-229376,mlp8-gcc13-scalar,basic,cycles,548732295,250032381,250032381
1,mlp8-gcc13-scalar-r6-mlp8_cycle-scalar-warm-basic-229376,mlp8-gcc13-scalar,basic,instructions,1813984430,250029000,250029000
1,mlp8-gcc13-scalar-r6-mlp8_cycle-scalar-warm-basic-229376,mlp8-gcc13-scalar,basic,ref_cycles,548733592,250025401,250025401
1,mlp8-gcc13-scalar-r6-mlp8_cycle-scalar-warm-branch-1048576,mlp8-gcc13-scalar,branch,cycles,548754457,250045174,250045174
1,mlp8-gcc13-scalar-r6-mlp8_cycle-scalar-warm-branch-1048576,mlp8-gcc13-scalar,branch,branches,25075743,250043215,250043215
1,mlp8-gcc13-scalar-r6-mlp8_cycle-scalar-warm-branch-1048576,mlp8-gcc13-scalar,branch,branch_misses,12094,250039680,250039680
1,mlp8-gcc13-scalar-r6-mlp8_cycle-scalar-warm-basic-134217728,mlp8-gcc13-scalar,basic,cycles,580191512,264371000,264371000
1,mlp8-gcc13-scalar-r6-mlp8_cycle-scalar-warm-basic-134217728,mlp8-gcc13-scalar,basic,instructions,154143857,264369862,264369862
1,mlp8-gcc13-scalar-r6-mlp8_cycle-scalar-warm-basic-134217728,mlp8-gcc13-scalar,basic,ref_cycles,580195770,264367049,264367049
1,mlp8-gcc13-scalar-r6-mlp8_cycle-scalar-warm-branch-16384,mlp8-gcc13-scalar,branch,cycles,548731329,250033674,250033674
1,mlp8-gcc13-scalar-r6-mlp8_cycle-scalar-warm-branch-16384,mlp8-gcc13-scalar,branch,branches,64537417,250032610,250032610
1,mlp8-gcc13-scalar-r6-mlp8_cycle-scalar-warm-branch-16384,mlp8-gcc13-scalar,branch,branch_misses,339044,250029190,250029190
1,mlp8-gcc13-scalar-r7-mlp8_cycle-scalar-warm-branch-36864,mlp8-gcc13-scalar,branch,cycles,548732123,250035206,250035206
1,mlp8-gcc13-scalar-r7-mlp8_cycle-scalar-warm-branch-36864,mlp8-gcc13-scalar,branch,branches,51195780,250033275,250033275
1,mlp8-gcc13-scalar-r7-mlp8_cycle-scalar-warm-branch-36864,mlp8-gcc13-scalar,branch,branch_misses,483122,250030184,250030184
1,mlp8-gcc13-scalar-r7-mlp8_cycle-scalar-warm-branch-12582912,mlp8-gcc13-scalar,branch,cycles,548828965,250081938,250081938
1,mlp8-gcc13-scalar-r7-mlp8_cycle-scalar-warm-branch-12582912,mlp8-gcc13-scalar,branch,branches,9474982,250080941,250080941
1,mlp8-gcc13-scalar-r7-mlp8_cycle-scalar-warm-branch-12582912,mlp8-gcc13-scalar,branch,branch_misses,425,250076970,250076970
1,mlp8-gcc13-scalar-r7-mlp8_cycle-scalar-cache_evicted-basic-8388608,mlp8-gcc13-scalar,basic,cycles,549537952,250402052,250402052
1,mlp8-gcc13-scalar-r7-mlp8_cycle-scalar-cache_evicted-basic-8388608,mlp8-gcc13-scalar,basic,instructions,496272551,250400784,250400784
1,mlp8-gcc13-scalar-r7-mlp8_cycle-scalar-cache_evicted-basic-8388608,mlp8-gcc13-scalar,basic,ref_cycles,549540992,250397480,250397480
1,mlp8-gcc13-scalar-r7-mlp8_cycle-scalar-warm-basic-262144,mlp8-gcc13-scalar,basic,cycles,548733478,250034088,250034088
1,mlp8-gcc13-scalar-r7-mlp8_cycle-scalar-warm-basic-262144,mlp8-gcc13-scalar,basic,instructions,1734181911,250032221,250032221
1,mlp8-gcc13-scalar-r7-mlp8_cycle-scalar-warm-basic-262144,mlp8-gcc13-scalar,basic,ref_cycles,548735660,250028657,250028657
1,mlp8-gcc13-scalar-r7-mlp8_cycle-scalar-warm-branch-16384,mlp8-gcc13-scalar,branch,cycles,548731031,250033017,250033017
1,mlp8-gcc13-scalar-r7-mlp8_cycle-scalar-warm-branch-16384,mlp8-gcc13-scalar,branch,branches,63648785,250030076,250030076
1,mlp8-gcc13-scalar-r7-mlp8_cycle-scalar-warm-branch-16384,mlp8-gcc13-scalar,branch,branch_misses,919935,250026234,250026234
1,mlp8-gcc13-scalar-r7-mlp8_cycle-scalar-cache_evicted-basic-33554432,mlp8-gcc13-scalar,basic,cycles,552789966,251887019,251887019
1,mlp8-gcc13-scalar-r7-mlp8_cycle-scalar-cache_evicted-basic-33554432,mlp8-gcc13-scalar,basic,instructions,330782760,251886284,251886284
1,mlp8-gcc13-scalar-r7-mlp8_cycle-scalar-cache_evicted-basic-33554432,mlp8-gcc13-scalar,basic,ref_cycles,552794352,251883214,251883214
1,mlp8-gcc13-scalar-r7-mlp8_cycle-scalar-cache_evicted-basic-262144,mlp8-gcc13-scalar,basic,cycles,548731465,250032496,250032496
1,mlp8-gcc13-scalar-r7-mlp8_cycle-scalar-cache_evicted-basic-262144,mlp8-gcc13-scalar,basic,instructions,1755485311,250029851,250029851
1,mlp8-gcc13-scalar-r7-mlp8_cycle-scalar-cache_evicted-basic-262144,mlp8-gcc13-scalar,basic,ref_cycles,548733416,250026599,250026599
1,mlp8-gcc13-scalar-r7-mlp8_cycle-scalar-warm-branch-5242880,mlp8-gcc13-scalar,branch,cycles,549154856,250229065,250229065
1,mlp8-gcc13-scalar-r7-mlp8_cycle-scalar-warm-branch-5242880,mlp8-gcc13-scalar,branch,branches,11188521,250228914,250228914
1,mlp8-gcc13-scalar-r7-mlp8_cycle-scalar-warm-branch-5242880,mlp8-gcc13-scalar,branch,branch_misses,1136,250225096,250225096
1,mlp8-gcc13-scalar-r7-mlp8_cycle-scalar-warm-basic-196608,mlp8-gcc13-scalar,basic,cycles,548734350,250034251,250034251
1,mlp8-gcc13-scalar-r7-mlp8_cycle-scalar-warm-basic-196608,mlp8-gcc13-scalar,basic,instructions,1818963946,250032412,250032412
1,mlp8-gcc13-scalar-r7-mlp8_cycle-scalar-warm-basic-196608,mlp8-gcc13-scalar,basic,ref_cycles,548736716,250028896,250028896
1,mlp8-gcc13-scalar-r7-mlp8_cycle-scalar-warm-basic-294912,mlp8-gcc13-scalar,basic,cycles,548734206,250033461,250033461
1,mlp8-gcc13-scalar-r7-mlp8_cycle-scalar-warm-basic-294912,mlp8-gcc13-scalar,basic,instructions,1628874188,250031140,250031140
1,mlp8-gcc13-scalar-r7-mlp8_cycle-scalar-warm-basic-294912,mlp8-gcc13-scalar,basic,ref_cycles,548735990,250027930,250027930
1,mlp8-gcc13-scalar-r7-mlp8_cycle-scalar-warm-branch-98304,mlp8-gcc13-scalar,branch,cycles,548730234,250031914,250031914
1,mlp8-gcc13-scalar-r7-mlp8_cycle-scalar-warm-branch-98304,mlp8-gcc13-scalar,branch,branches,43792317,250029299,250029299
1,mlp8-gcc13-scalar-r7-mlp8_cycle-scalar-warm-branch-98304,mlp8-gcc13-scalar,branch,branch_misses,193862,250025365,250025365
1,mlp8-gcc13-scalar-r7-mlp8_cycle-scalar-warm-branch-7340032,mlp8-gcc13-scalar,branch,cycles,548813176,250073498,250073498
1,mlp8-gcc13-scalar-r7-mlp8_cycle-scalar-warm-branch-7340032,mlp8-gcc13-scalar,branch,branches,10375272,250071900,250071900
1,mlp8-gcc13-scalar-r7-mlp8_cycle-scalar-warm-branch-7340032,mlp8-gcc13-scalar,branch,branch_misses,765,250067948,250067948
1,mlp8-gcc13-scalar-r7-mlp8_cycle-scalar-warm-basic-65536,mlp8-gcc13-scalar,basic,cycles,548732134,250032197,250032197
1,mlp8-gcc13-scalar-r7-mlp8_cycle-scalar-warm-basic-65536,mlp8-gcc13-scalar,basic,instructions,1840872266,250030594,250030594
1,mlp8-gcc13-scalar-r7-mlp8_cycle-scalar-warm-basic-65536,mlp8-gcc13-scalar,basic,ref_cycles,548734186,250027316,250027316
1,mlp8-gcc13-scalar-r7-mlp8_cycle-scalar-warm-branch-28672,mlp8-gcc13-scalar,branch,cycles,548731201,250033022,250033022
1,mlp8-gcc13-scalar-r7-mlp8_cycle-scalar-warm-branch-28672,mlp8-gcc13-scalar,branch,branches,54312789,250030581,250030581
1,mlp8-gcc13-scalar-r7-mlp8_cycle-scalar-warm-branch-28672,mlp8-gcc13-scalar,branch,branch_misses,603633,250027010,250027010
1,mlp8-gcc13-scalar-r7-mlp8_cycle-scalar-warm-basic-4194304,mlp8-gcc13-scalar,basic,cycles,548825616,250077750,250077750
1,mlp8-gcc13-scalar-r7-mlp8_cycle-scalar-warm-basic-4194304,mlp8-gcc13-scalar,basic,instructions,594399709,250077175,250077175
1,mlp8-gcc13-scalar-r7-mlp8_cycle-scalar-warm-basic-4194304,mlp8-gcc13-scalar,basic,ref_cycles,548829226,250074059,250074059
1,mlp8-gcc13-scalar-r7-mlp8_cycle-scalar-warm-branch-2097152,mlp8-gcc13-scalar,branch,cycles,548766227,250049464,250049464
1,mlp8-gcc13-scalar-r7-mlp8_cycle-scalar-warm-branch-2097152,mlp8-gcc13-scalar,branch,branches,16416885,250046784,250046784
1,mlp8-gcc13-scalar-r7-mlp8_cycle-scalar-warm-branch-2097152,mlp8-gcc13-scalar,branch,branch_misses,4021,250043029,250043029
1,mlp8-gcc13-scalar-r7-mlp8_cycle-scalar-warm-basic-49152,mlp8-gcc13-scalar,basic,cycles,548732539,250033051,250033051
1,mlp8-gcc13-scalar-r7-mlp8_cycle-scalar-warm-basic-49152,mlp8-gcc13-scalar,basic,instructions,1827173200,250031601,250031601
1,mlp8-gcc13-scalar-r7-mlp8_cycle-scalar-warm-basic-49152,mlp8-gcc13-scalar,basic,ref_cycles,548734956,250028433,250028433
1,mlp8-gcc13-scalar-r7-mlp8_cycle-scalar-warm-branch-32768,mlp8-gcc13-scalar,branch,cycles,548732437,250034505,250034505
1,mlp8-gcc13-scalar-r7-mlp8_cycle-scalar-warm-branch-32768,mlp8-gcc13-scalar,branch,branches,52124983,250032827,250032827
1,mlp8-gcc13-scalar-r7-mlp8_cycle-scalar-warm-branch-32768,mlp8-gcc13-scalar,branch,branch_misses,532035,250029739,250029739
1,mlp8-gcc13-scalar-r7-mlp8_cycle-scalar-warm-basic-33554432,mlp8-gcc13-scalar,basic,cycles,553588718,252249987,252249987
1,mlp8-gcc13-scalar-r7-mlp8_cycle-scalar-warm-basic-33554432,mlp8-gcc13-scalar,basic,instructions,343628668,252249273,252249273
1,mlp8-gcc13-scalar-r7-mlp8_cycle-scalar-warm-basic-33554432,mlp8-gcc13-scalar,basic,ref_cycles,553592600,252246279,252246279
1,mlp8-gcc13-scalar-r7-mlp8_cycle-scalar-cache_evicted-branch-33554432,mlp8-gcc13-scalar,branch,cycles,553507123,252213820,252213820
1,mlp8-gcc13-scalar-r7-mlp8_cycle-scalar-cache_evicted-branch-33554432,mlp8-gcc13-scalar,branch,branches,6163712,252214846,252214846
1,mlp8-gcc13-scalar-r7-mlp8_cycle-scalar-cache_evicted-branch-33554432,mlp8-gcc13-scalar,branch,branch_misses,141,252211171,252211171
1,mlp8-gcc13-scalar-r7-mlp8_cycle-scalar-warm-branch-262144,mlp8-gcc13-scalar,branch,cycles,548732140,250033326,250033326
1,mlp8-gcc13-scalar-r7-mlp8_cycle-scalar-warm-branch-262144,mlp8-gcc13-scalar,branch,branches,37471499,250030711,250030711
1,mlp8-gcc13-scalar-r7-mlp8_cycle-scalar-warm-branch-262144,mlp8-gcc13-scalar,branch,branch_misses,68691,250027113,250027113
1,mlp8-gcc13-scalar-r7-mlp8_cycle-scalar-warm-branch-134217728,mlp8-gcc13-scalar,branch,cycles,585208511,266658051,266658051
1,mlp8-gcc13-scalar-r7-mlp8_cycle-scalar-warm-branch-134217728,mlp8-gcc13-scalar,branch,branches,3146268,266657057,266657057
1,mlp8-gcc13-scalar-r7-mlp8_cycle-scalar-warm-branch-134217728,mlp8-gcc13-scalar,branch,branch_misses,86,266653283,266653283
1,mlp8-gcc13-scalar-r7-mlp8_cycle-scalar-warm-basic-536870912,mlp8-gcc13-scalar,basic,cycles,692002712,315311798,315311798
1,mlp8-gcc13-scalar-r7-mlp8_cycle-scalar-warm-basic-536870912,mlp8-gcc13-scalar,basic,instructions,154141940,315310368,315310368
1,mlp8-gcc13-scalar-r7-mlp8_cycle-scalar-warm-basic-536870912,mlp8-gcc13-scalar,basic,ref_cycles,692005842,315307255,315307255
1,mlp8-gcc13-scalar-r7-mlp8_cycle-scalar-warm-basic-6291456,mlp8-gcc13-scalar,basic,cycles,548935073,250126800,250126800
1,mlp8-gcc13-scalar-r7-mlp8_cycle-scalar-warm-basic-6291456,mlp8-gcc13-scalar,basic,instructions,525228029,250126400,250126400
1,mlp8-gcc13-scalar-r7-mlp8_cycle-scalar-warm-basic-6291456,mlp8-gcc13-scalar,basic,ref_cycles,548938566,250122907,250122907
1,mlp8-gcc13-scalar-r7-mlp8_cycle-scalar-warm-branch-6291456,mlp8-gcc13-scalar,branch,cycles,548911677,250115918,250115918
1,mlp8-gcc13-scalar-r7-mlp8_cycle-scalar-warm-branch-6291456,mlp8-gcc13-scalar,branch,branches,10905102,250114584,250114584
1,mlp8-gcc13-scalar-r7-mlp8_cycle-scalar-warm-branch-6291456,mlp8-gcc13-scalar,branch,branch_misses,929,250110766,250110766
1,mlp8-gcc13-scalar-r7-mlp8_cycle-scalar-cache_evicted-basic-536870912,mlp8-gcc13-scalar,basic,cycles,690331164,314551272,314551272
1,mlp8-gcc13-scalar-r7-mlp8_cycle-scalar-cache_evicted-basic-536870912,mlp8-gcc13-scalar,basic,instructions,154141940,314549704,314549704
1,mlp8-gcc13-scalar-r7-mlp8_cycle-scalar-cache_evicted-basic-536870912,mlp8-gcc13-scalar,basic,ref_cycles,690334832,314546999,314546999
1,mlp8-gcc13-scalar-r7-mlp8_cycle-scalar-warm-basic-2097152,mlp8-gcc13-scalar,basic,cycles,548855897,250089832,250089832
1,mlp8-gcc13-scalar-r7-mlp8_cycle-scalar-warm-basic-2097152,mlp8-gcc13-scalar,basic,instructions,801257659,250086480,250086480
1,mlp8-gcc13-scalar-r7-mlp8_cycle-scalar-warm-basic-2097152,mlp8-gcc13-scalar,basic,ref_cycles,548857452,250082678,250082678
1,mlp8-gcc13-scalar-r7-mlp8_cycle-scalar-warm-basic-5242880,mlp8-gcc13-scalar,basic,cycles,548943625,250129656,250129656
1,mlp8-gcc13-scalar-r7-mlp8_cycle-scalar-warm-basic-5242880,mlp8-gcc13-scalar,basic,instructions,553174875,250127349,250127349
1,mlp8-gcc13-scalar-r7-mlp8_cycle-scalar-warm-basic-5242880,mlp8-gcc13-scalar,basic,ref_cycles,548945628,250123436,250123436
1,mlp8-gcc13-scalar-r7-mlp8_cycle-scalar-warm-basic-98304,mlp8-gcc13-scalar,basic,cycles,548732508,250032670,250032670
1,mlp8-gcc13-scalar-r7-mlp8_cycle-scalar-warm-basic-98304,mlp8-gcc13-scalar,basic,instructions,1863983198,250030460,250030460
1,mlp8-gcc13-scalar-r7-mlp8_cycle-scalar-warm-basic-98304,mlp8-gcc13-scalar,basic,ref_cycles,548734428,250026918,250026918
1,mlp8-gcc13-scalar-r7-mlp8_cycle-scalar-warm-basic-32768,mlp8-gcc13-scalar,basic,cycles,548731440,250032705,250032705
1,mlp8-gcc13-scalar-r7-mlp8_cycle-scalar-warm-basic-32768,mlp8-gcc13-scalar,basic,instructions,1798260690,250030219,250030219
1,mlp8-gcc13-scalar-r7-mlp8_cycle-scalar-warm-basic-32768,mlp8-gcc13-scalar,basic,ref_cycles,548733086,250026949,250026949
1,mlp8-gcc13-scalar-r7-mlp8_cycle-scalar-warm-branch-33554432,mlp8-gcc13-scalar,branch,cycles,549342063,250315388,250315388
1,mlp8-gcc13-scalar-r7-mlp8_cycle-scalar-warm-branch-33554432,mlp8-gcc13-scalar,branch,branches,6098142,250316029,250316029
1,mlp8-gcc13-scalar-r7-mlp8_cycle-scalar-warm-branch-33554432,mlp8-gcc13-scalar,branch,branch_misses,142,250312043,250312043
1,mlp8-gcc13-scalar-r7-mlp8_cycle-scalar-warm-basic-8388608,mlp8-gcc13-scalar,basic,cycles,549097862,250202236,250202236
1,mlp8-gcc13-scalar-r7-mlp8_cycle-scalar-warm-basic-8388608,mlp8-gcc13-scalar,basic,instructions,498681638,250203290,250203290
1,mlp8-gcc13-scalar-r7-mlp8_cycle-scalar-warm-basic-8388608,mlp8-gcc13-scalar,basic,ref_cycles,549102356,250200121,250200121
1,mlp8-gcc13-scalar-r7-mlp8_cycle-scalar-warm-branch-49152,mlp8-gcc13-scalar,branch,cycles,548732067,250033285,250033285
1,mlp8-gcc13-scalar-r7-mlp8_cycle-scalar-warm-branch-49152,mlp8-gcc13-scalar,branch,branches,48194496,250030940,250030940
1,mlp8-gcc13-scalar-r7-mlp8_cycle-scalar-warm-branch-49152,mlp8-gcc13-scalar,branch,branch_misses,370831,250027880,250027880
1,mlp8-gcc13-scalar-r7-mlp8_cycle-scalar-warm-basic-28672,mlp8-gcc13-scalar,basic,cycles,548731081,250031858,250031858
1,mlp8-gcc13-scalar-r7-mlp8_cycle-scalar-warm-basic-28672,mlp8-gcc13-scalar,basic,instructions,1785435480,250029048,250029048
1,mlp8-gcc13-scalar-r7-mlp8_cycle-scalar-warm-basic-28672,mlp8-gcc13-scalar,basic,ref_cycles,548732360,250025566,250025566
1,mlp8-gcc13-scalar-r7-mlp8_cycle-scalar-warm-basic-524288,mlp8-gcc13-scalar,basic,cycles,548743092,250036954,250036954
1,mlp8-gcc13-scalar-r7-mlp8_cycle-scalar-warm-basic-524288,mlp8-gcc13-scalar,basic,instructions,1376980963,250033850,250033850
1,mlp8-gcc13-scalar-r7-mlp8_cycle-scalar-warm-basic-524288,mlp8-gcc13-scalar,basic,ref_cycles,548744460,250030312,250030312
1,mlp8-gcc13-scalar-r7-mlp8_cycle-scalar-warm-branch-65536,mlp8-gcc13-scalar,branch,cycles,548733050,250034688,250034688
1,mlp8-gcc13-scalar-r7-mlp8_cycle-scalar-warm-branch-65536,mlp8-gcc13-scalar,branch,branches,46266389,250033349,250033349
1,mlp8-gcc13-scalar-r7-mlp8_cycle-scalar-warm-branch-65536,mlp8-gcc13-scalar,branch,branch_misses,285729,250030035,250030035
1,mlp8-gcc13-scalar-r7-mlp8_cycle-scalar-cache_evicted-branch-1048576,mlp8-gcc13-scalar,branch,cycles,548761279,250047025,250047025
1,mlp8-gcc13-scalar-r7-mlp8_cycle-scalar-cache_evicted-branch-1048576,mlp8-gcc13-scalar,branch,branches,25448497,250043694,250043694
1,mlp8-gcc13-scalar-r7-mlp8_cycle-scalar-cache_evicted-branch-1048576,mlp8-gcc13-scalar,branch,branch_misses,12280,250039820,250039820
1,mlp8-gcc13-scalar-r7-mlp8_cycle-scalar-warm-basic-134217728,mlp8-gcc13-scalar,basic,cycles,579662644,264129216,264129216
1,mlp8-gcc13-scalar-r7-mlp8_cycle-scalar-warm-basic-134217728,mlp8-gcc13-scalar,basic,instructions,154143857,264128073,264128073
1,mlp8-gcc13-scalar-r7-mlp8_cycle-scalar-warm-basic-134217728,mlp8-gcc13-scalar,basic,ref_cycles,579666296,264124438,264124438
1,mlp8-gcc13-scalar-r7-mlp8_cycle-scalar-cache_evicted-basic-1048576,mlp8-gcc13-scalar,basic,cycles,548757151,250045851,250045851
1,mlp8-gcc13-scalar-r7-mlp8_cycle-scalar-cache_evicted-basic-1048576,mlp8-gcc13-scalar,basic,instructions,1234838264,250044608,250044608
1,mlp8-gcc13-scalar-r7-mlp8_cycle-scalar-cache_evicted-basic-1048576,mlp8-gcc13-scalar,basic,ref_cycles,548759618,250041736,250041736
1,mlp8-gcc13-scalar-r7-mlp8_cycle-scalar-cache_evicted-branch-8388608,mlp8-gcc13-scalar,branch,cycles,548779268,250061608,250061608
1,mlp8-gcc13-scalar-r7-mlp8_cycle-scalar-cache_evicted-branch-8388608,mlp8-gcc13-scalar,branch,branches,10047952,250060365,250060365
1,mlp8-gcc13-scalar-r7-mlp8_cycle-scalar-cache_evicted-branch-8388608,mlp8-gcc13-scalar,branch,branch_misses,666,250056292,250056292
1,mlp8-gcc13-scalar-r7-mlp8_cycle-scalar-warm-basic-393216,mlp8-gcc13-scalar,basic,cycles,548733029,250032805,250032805
1,mlp8-gcc13-scalar-r7-mlp8_cycle-scalar-warm-basic-393216,mlp8-gcc13-scalar,basic,instructions,1448026096,250029562,250029562
1,mlp8-gcc13-scalar-r7-mlp8_cycle-scalar-warm-basic-393216,mlp8-gcc13-scalar,basic,ref_cycles,548734274,250026199,250026199
1,mlp8-gcc13-scalar-r7-mlp8_cycle-scalar-cache_evicted-basic-6291456,mlp8-gcc13-scalar,basic,cycles,548756884,250045620,250045620
1,mlp8-gcc13-scalar-r7-mlp8_cycle-scalar-cache_evicted-basic-6291456,mlp8-gcc13-scalar,basic,instructions,527637329,250044085,250044085
1,mlp8-gcc13-scalar-r7-mlp8_cycle-scalar-cache_evicted-basic-6291456,mlp8-gcc13-scalar,basic,ref_cycles,548760080,250040897,250040897
1,mlp8-gcc13-scalar-r7-mlp8_cycle-scalar-warm-branch-393216,mlp8-gcc13-scalar,branch,cycles,548735742,250034998,250034998
1,mlp8-gcc13-scalar-r7-mlp8_cycle-scalar-warm-branch-393216,mlp8-gcc13-scalar,branch,branches,30585237,250032588,250032588
1,mlp8-gcc13-scalar-r7-mlp8_cycle-scalar-warm-branch-393216,mlp8-gcc13-scalar,branch,branch_misses,38200,250028943,250028943
1,mlp8-gcc13-scalar-r7-mlp8_cycle-scalar-warm-branch-524288,mlp8-gcc13-scalar,branch,cycles,548748954,250041956,250041956
1,mlp8-gcc13-scalar-r7-mlp8_cycle-scalar-warm-branch-524288,mlp8-gcc13-scalar,branch,branches,28757821,250039523,250039523
1,mlp8-gcc13-scalar-r7-mlp8_cycle-scalar-warm-branch-524288,mlp8-gcc13-scalar,branch,branch_misses,27252,250036006,250036006
1,mlp8-gcc13-scalar-r7-mlp8_cycle-scalar-warm-basic-229376,mlp8-gcc13-scalar,basic,cycles,548735090,250034568,250034568
1,mlp8-gcc13-scalar-r7-mlp8_cycle-scalar-warm-basic-229376,mlp8-gcc13-scalar,basic,instructions,1803034831,250031740,250031740
1,mlp8-gcc13-scalar-r7-mlp8_cycle-scalar-warm-basic-229376,mlp8-gcc13-scalar,basic,ref_cycles,548737156,250029018,250029018
1,mlp8-gcc13-scalar-r7-mlp8_cycle-scalar-warm-branch-294912,mlp8-gcc13-scalar,branch,cycles,548737342,250035914,250035914
1,mlp8-gcc13-scalar-r7-mlp8_cycle-scalar-warm-branch-294912,mlp8-gcc13-scalar,branch,branches,34675663,250032097,250032097
1,mlp8-gcc13-scalar-r7-mlp8_cycle-scalar-warm-branch-294912,mlp8-gcc13-scalar,branch,branch_misses,56914,250028578,250028578
1,mlp8-gcc13-scalar-r7-mlp8_cycle-scalar-cache_evicted-basic-32768,mlp8-gcc13-scalar,basic,cycles,548731094,250032221,250032221
1,mlp8-gcc13-scalar-r7-mlp8_cycle-scalar-cache_evicted-basic-32768,mlp8-gcc13-scalar,basic,instructions,1797848599,250029161,250029161
1,mlp8-gcc13-scalar-r7-mlp8_cycle-scalar-cache_evicted-basic-32768,mlp8-gcc13-scalar,basic,ref_cycles,548732910,250025800,250025800
1,mlp8-gcc13-scalar-r7-mlp8_cycle-scalar-warm-basic-131072,mlp8-gcc13-scalar,basic,cycles,548732099,250033712,250033712
1,mlp8-gcc13-scalar-r7-mlp8_cycle-scalar-warm-basic-131072,mlp8-gcc13-scalar,basic,instructions,1847590046,250032211,250032211
1,mlp8-gcc13-scalar-r7-mlp8_cycle-scalar-warm-basic-131072,mlp8-gcc13-scalar,basic,ref_cycles,548734516,250029030,250029030
1,mlp8-gcc13-scalar-r7-mlp8_cycle-scalar-warm-basic-1048576,mlp8-gcc13-scalar,basic,cycles,548744086,250040069,250040069
1,mlp8-gcc13-scalar-r7-mlp8_cycle-scalar-warm-basic-1048576,mlp8-gcc13-scalar,basic,instructions,1227798735,250037890,250037890
1,mlp8-gcc13-scalar-r7-mlp8_cycle-scalar-warm-basic-1048576,mlp8-gcc13-scalar,basic,ref_cycles,548746572,250034854,250034854
1,mlp8-gcc13-scalar-r7-mlp8_cycle-scalar-warm-basic-7340032,mlp8-gcc13-scalar,basic,cycles,549001345,250157587,250157587
1,mlp8-gcc13-scalar-r7-mlp8_cycle-scalar-warm-basic-7340032,mlp8-gcc13-scalar,basic,instructions,505225392,250154553,250154553
1,mlp8-gcc13-scalar-r7-mlp8_cycle-scalar-warm-basic-7340032,mlp8-gcc13-scalar,basic,ref_cycles,549003444,250151249,250151249
1,mlp8-gcc13-scalar-r7-mlp8_cycle-scalar-cache_evicted-branch-6291456,mlp8-gcc13-scalar,branch,cycles,549297797,250295351,250295351
1,mlp8-gcc13-scalar-r7-mlp8_cycle-scalar-cache_evicted-branch-6291456,mlp8-gcc13-scalar,branch,branches,10646343,250294573,250294573
1,mlp8-gcc13-scalar-r7-mlp8_cycle-scalar-cache_evicted-branch-6291456,mlp8-gcc13-scalar,branch,branch_misses,919,250290708,250290708
1,mlp8-gcc13-scalar-r7-mlp8_cycle-scalar-warm-basic-12582912,mlp8-gcc13-scalar,basic,cycles,548942068,250132265,250132265
1,mlp8-gcc13-scalar-r7-mlp8_cycle-scalar-warm-basic-12582912,mlp8-gcc13-scalar,basic,instructions,466117748,250129595,250129595
1,mlp8-gcc13-scalar-r7-mlp8_cycle-scalar-warm-basic-12582912,mlp8-gcc13-scalar,basic,ref_cycles,548945540,250126518,250126518
1,mlp8-gcc13-scalar-r7-mlp8_cycle-scalar-warm-basic-24576,mlp8-gcc13-scalar,basic,cycles,548731075,250031442,250031442
1,mlp8-gcc13-scalar-r7-mlp8_cycle-scalar-warm-basic-24576,mlp8-gcc13-scalar,basic,instructions,1760287163,250029555,250029555
1,mlp8-gcc13-scalar-r7-mlp8_cycle-scalar-warm-basic-24576,mlp8-gcc13-scalar,basic,ref_cycles,548733592,250026163,250026163
1,mlp8-gcc13-scalar-r7-mlp8_cycle-scalar-warm-branch-196608,mlp8-gcc13-scalar,branch,cycles,548732038,250033810,250033810
1,mlp8-gcc13-scalar-r7-mlp8_cycle-scalar-warm-branch-196608,mlp8-gcc13-scalar,branch,branches,40330982,250032089,250032089
1,mlp8-gcc13-scalar-r7-mlp8_cycle-scalar-warm-branch-196608,mlp8-gcc13-scalar,branch,branch_misses,96562,250027592,250027592
1,mlp8-gcc13-scalar-r7-mlp8_cycle-scalar-warm-branch-229376,mlp8-gcc13-scalar,branch,cycles,548735822,250034684,250034684
1,mlp8-gcc13-scalar-r7-mlp8_cycle-scalar-warm-branch-229376,mlp8-gcc13-scalar,branch,branches,39411621,250031618,250031618
1,mlp8-gcc13-scalar-r7-mlp8_cycle-scalar-warm-branch-229376,mlp8-gcc13-scalar,branch,branch_misses,81843,250027750,250027750
1,mlp8-gcc13-scalar-r7-mlp8_cycle-scalar-warm-branch-536870912,mlp8-gcc13-scalar,branch,cycles,688748111,313831537,313831537
1,mlp8-gcc13-scalar-r7-mlp8_cycle-scalar-warm-branch-536870912,mlp8-gcc13-scalar,branch,branches,3145962,313829746,313829746
1,mlp8-gcc13-scalar-r7-mlp8_cycle-scalar-warm-branch-536870912,mlp8-gcc13-scalar,branch,branch_misses,45,313825871,313825871
1,mlp8-gcc13-scalar-r7-mlp8_cycle-scalar-warm-branch-24576,mlp8-gcc13-scalar,branch,cycles,548731343,250033273,250033273
1,mlp8-gcc13-scalar-r7-mlp8_cycle-scalar-warm-branch-24576,mlp8-gcc13-scalar,branch,branches,56601454,250030170,250030170
1,mlp8-gcc13-scalar-r7-mlp8_cycle-scalar-warm-branch-24576,mlp8-gcc13-scalar,branch,branch_misses,690473,250026379,250026379
1,mlp8-gcc13-scalar-r7-mlp8_cycle-scalar-warm-basic-16384,mlp8-gcc13-scalar,basic,cycles,548730889,250031698,250031698
1,mlp8-gcc13-scalar-r7-mlp8_cycle-scalar-warm-basic-16384,mlp8-gcc13-scalar,basic,instructions,1722267671,250028771,250028771
1,mlp8-gcc13-scalar-r7-mlp8_cycle-scalar-warm-basic-16384,mlp8-gcc13-scalar,basic,ref_cycles,548732250,250025147,250025147
1,mlp8-gcc13-scalar-r7-mlp8_cycle-scalar-warm-branch-1048576,mlp8-gcc13-scalar,branch,cycles,548747203,250039601,250039601
1,mlp8-gcc13-scalar-r7-mlp8_cycle-scalar-warm-branch-1048576,mlp8-gcc13-scalar,branch,branches,24988302,250036514,250036514
1,mlp8-gcc13-scalar-r7-mlp8_cycle-scalar-warm-branch-1048576,mlp8-gcc13-scalar,branch,branch_misses,12038,250032616,250032616
1,mlp8-gcc13-scalar-r7-mlp8_cycle-scalar-cache_evicted-branch-32768,mlp8-gcc13-scalar,branch,cycles,548732115,250035567,250035567
1,mlp8-gcc13-scalar-r7-mlp8_cycle-scalar-cache_evicted-branch-32768,mlp8-gcc13-scalar,branch,branches,52585439,250034594,250034594
1,mlp8-gcc13-scalar-r7-mlp8_cycle-scalar-cache_evicted-branch-32768,mlp8-gcc13-scalar,branch,branch_misses,536760,250030879,250030879
1,mlp8-gcc13-scalar-r7-mlp8_cycle-scalar-warm-basic-8192,mlp8-gcc13-scalar,basic,cycles,548731393,250032838,250032838
1,mlp8-gcc13-scalar-r7-mlp8_cycle-scalar-warm-basic-8192,mlp8-gcc13-scalar,basic,instructions,1675394616,250032048,250032048
1,mlp8-gcc13-scalar-r7-mlp8_cycle-scalar-warm-basic-8192,mlp8-gcc13-scalar,basic,ref_cycles,548733988,250029020,250029020
1,mlp8-gcc13-scalar-r7-mlp8_cycle-scalar-warm-branch-131072,mlp8-gcc13-scalar,branch,cycles,548732269,250033059,250033059
1,mlp8-gcc13-scalar-r7-mlp8_cycle-scalar-warm-branch-131072,mlp8-gcc13-scalar,branch,branches,42108641,250029332,250029332
1,mlp8-gcc13-scalar-r7-mlp8_cycle-scalar-warm-branch-131072,mlp8-gcc13-scalar,branch,branch_misses,145287,250025902,250025902
1,mlp8-gcc13-scalar-r7-mlp8_cycle-scalar-cache_evicted-branch-262144,mlp8-gcc13-scalar,branch,cycles,548736689,250034901,250034901
1,mlp8-gcc13-scalar-r7-mlp8_cycle-scalar-cache_evicted-branch-262144,mlp8-gcc13-scalar,branch,branches,37863124,250033569,250033569
1,mlp8-gcc13-scalar-r7-mlp8_cycle-scalar-cache_evicted-branch-262144,mlp8-gcc13-scalar,branch,branch_misses,69426,250029895,250029895
1,mlp8-gcc13-scalar-r7-mlp8_cycle-scalar-warm-branch-8192,mlp8-gcc13-scalar,branch,cycles,548730643,250032779,250032779
1,mlp8-gcc13-scalar-r7-mlp8_cycle-scalar-warm-branch-8192,mlp8-gcc13-scalar,branch,branches,84111743,250031266,250031266
1,mlp8-gcc13-scalar-r7-mlp8_cycle-scalar-warm-branch-8192,mlp8-gcc13-scalar,branch,branch_misses,476,250028127,250028127
1,mlp8-gcc13-scalar-r7-mlp8_cycle-scalar-warm-branch-8388608,mlp8-gcc13-scalar,branch,cycles,549288326,250290128,250290128
1,mlp8-gcc13-scalar-r7-mlp8_cycle-scalar-warm-branch-8388608,mlp8-gcc13-scalar,branch,branches,10130038,250288725,250288725
1,mlp8-gcc13-scalar-r7-mlp8_cycle-scalar-warm-branch-8388608,mlp8-gcc13-scalar,branch,branch_misses,662,250285288,250285288
1,mlp8-gcc13-scalar-r7-mlp8_cycle-scalar-warm-basic-36864,mlp8-gcc13-scalar,basic,cycles,548731654,250033315,250033315
1,mlp8-gcc13-scalar-r7-mlp8_cycle-scalar-warm-basic-36864,mlp8-gcc13-scalar,basic,instructions,1811188050,250031282,250031282
1,mlp8-gcc13-scalar-r7-mlp8_cycle-scalar-warm-basic-36864,mlp8-gcc13-scalar,basic,ref_cycles,548733746,250028061,250028061
1,mlp8-gcc13-scalar-r7-mlp8_cycle-scalar-warm-branch-4194304,mlp8-gcc13-scalar,branch,cycles,549026491,250169956,250169956
1,mlp8-gcc13-scalar-r7-mlp8_cycle-scalar-warm-branch-4194304,mlp8-gcc13-scalar,branch,branches,12166389,250167689,250167689
1,mlp8-gcc13-scalar-r7-mlp8_cycle-scalar-warm-branch-4194304,mlp8-gcc13-scalar,branch,branch_misses,1518,250163725,250163725
1,mlp8-gcc13-scalar-r7-mlp8_cycle-scalar-cache_evicted-branch-536870912,mlp8-gcc13-scalar,branch,cycles,771462882,351516082,351516082
1,mlp8-gcc13-scalar-r7-mlp8_cycle-scalar-cache_evicted-branch-536870912,mlp8-gcc13-scalar,branch,branches,3145962,351513830,351513830
1,mlp8-gcc13-scalar-r7-mlp8_cycle-scalar-cache_evicted-branch-536870912,mlp8-gcc13-scalar,branch,branch_misses,38,351510398,351510398
1,mlp8-gcc13-scalar-r8-mlp8_cycle-scalar-cache_evicted-branch-32768,mlp8-gcc13-scalar,branch,cycles,548730986,250033209,250033209
1,mlp8-gcc13-scalar-r8-mlp8_cycle-scalar-cache_evicted-branch-32768,mlp8-gcc13-scalar,branch,branches,52585837,250030588,250030588
1,mlp8-gcc13-scalar-r8-mlp8_cycle-scalar-cache_evicted-branch-32768,mlp8-gcc13-scalar,branch,branch_misses,536739,250026628,250026628
1,mlp8-gcc13-scalar-r8-mlp8_cycle-scalar-warm-branch-262144,mlp8-gcc13-scalar,branch,cycles,548736334,250034910,250034910
1,mlp8-gcc13-scalar-r8-mlp8_cycle-scalar-warm-branch-262144,mlp8-gcc13-scalar,branch,branches,38074971,250031905,250031905
1,mlp8-gcc13-scalar-r8-mlp8_cycle-scalar-warm-branch-262144,mlp8-gcc13-scalar,branch,branch_misses,69797,250027907,250027907
1,mlp8-gcc13-scalar-r8-mlp8_cycle-scalar-warm-branch-24576,mlp8-gcc13-scalar,branch,cycles,548730509,250031711,250031711
1,mlp8-gcc13-scalar-r8-mlp8_cycle-scalar-warm-branch-24576,mlp8-gcc13-scalar,branch,branches,56610569,250028861,250028861
1,mlp8-gcc13-scalar-r8-mlp8_cycle-scalar-warm-branch-24576,mlp8-gcc13-scalar,branch,branch_misses,690539,250024885,250024885
1,mlp8-gcc13-scalar-r8-mlp8_cycle-scalar-warm-basic-262144,mlp8-gcc13-scalar,basic,cycles,548736645,250034904,250034904
1,mlp8-gcc13-scalar-r8-mlp8_cycle-scalar-warm-basic-262144,mlp8-gcc13-scalar,basic,instructions,1760141860,250033770,250033770
1,mlp8-gcc13-scalar-r8-mlp8_cycle-scalar-warm-basic-262144,mlp8-gcc13-scalar,basic,ref_cycles,548739136,250030717,250030717
1,mlp8-gcc13-scalar-r8-mlp8_cycle-scalar-warm-basic-7340032,mlp8-gcc13-scalar,basic,cycles,548842094,250085797,250085797
1,mlp8-gcc13-scalar-r8-mlp8_cycle-scalar-warm-basic-7340032,mlp8-gcc13-scalar,basic,instructions,513657516,250085629,250085629
1,mlp8-gcc13-scalar-r8-mlp8_cycle-scalar-warm-basic-7340032,mlp8-gcc13-scalar,basic,ref_cycles,548846320,250082612,250082612
1,mlp8-gcc13-scalar-r8-mlp8_cycle-scalar-warm-branch-229376,mlp8-gcc13-scalar,branch,cycles,548731467,250032835,250032835
1,mlp8-gcc13-scalar-r8-mlp8_cycle-scalar-warm-branch-229376,mlp8-gcc13-scalar,branch,branches,39623467,250030636,250030636
1,mlp8-gcc13-scalar-r8-mlp8_cycle-scalar-warm-branch-229376,mlp8-gcc13-scalar,branch,branch_misses,82270,250026656,250026656
1,mlp8-gcc13-scalar-r8-mlp8_cycle-scalar-warm-branch-49152,mlp8-gcc13-scalar,branch,cycles,548730619,250032992,250032992
1,mlp8-gcc13-scalar-r8-mlp8_cycle-scalar-warm-branch-49152,mlp8-gcc13-scalar,branch,branches,48487477,250030123,250030123
1,mlp8-gcc13-scalar-r8-mlp8_cycle-scalar-warm-branch-49152,mlp8-gcc13-scalar,branch,branch_misses,373111,250026613,250026613
1,mlp8-gcc13-scalar-r8-mlp8_cycle-scalar-warm-basic-6291456,mlp8-gcc13-scalar,basic,cycles,548894760,250109546,250109546
1,mlp8-gcc13-scalar-r8-mlp8_cycle-scalar-warm-basic-6291456,mlp8-gcc13-scalar,basic,instructions,530648972,250108509,250108509
1,mlp8-gcc13-scalar-r8-mlp8_cycle-scalar-warm-basic-6291456,mlp8-gcc13-scalar,basic,ref_cycles,548899032,250105273,250105273
1,mlp8-gcc13-scalar-r8-mlp8_cycle-scalar-cache_evicted-basic-8388608,mlp8-gcc13-scalar,basic,cycles,549609307,250435109,250435109
1,mlp8-gcc13-scalar-r8-mlp8_cycle-scalar-cache_evicted-basic-8388608,mlp8-gcc13-scalar,basic,instructions,498681638,250435125,250435125
1,mlp8-gcc13-scalar-r8-mlp8_cycle-scalar-cache_evicted-basic-8388608,mlp8-gcc13-scalar,basic,ref_cycles,549613284,250431943,250431943
1,mlp8-gcc13-scalar-r8-mlp8_cycle-scalar-warm-branch-36864,mlp8-gcc13-scalar,branch,cycles,548730764,250032135,250032135
1,mlp8-gcc13-scalar-r8-mlp8_cycle-scalar-warm-branch-36864,mlp8-gcc13-scalar,branch,branches,51339799,250028915,250028915
1,mlp8-gcc13-scalar-r8-mlp8_cycle-scalar-warm-branch-36864,mlp8-gcc13-scalar,branch,branch_misses,484486,250025177,250025177
1,mlp8-gcc13-scalar-r8-mlp8_cycle-scalar-warm-branch-33554432,mlp8-gcc13-scalar,branch,cycles,549562929,250416003,250416003
1,mlp8-gcc13-scalar-r8-mlp8_cycle-scalar-warm-branch-33554432,mlp8-gcc13-scalar,branch,branches,6950552,250416824,250416824
1,mlp8-gcc13-scalar-r8-mlp8_cycle-scalar-warm-branch-33554432,mlp8-gcc13-scalar,branch,branch_misses,148,250413258,250413258
1,mlp8-gcc13-scalar-r8-mlp8_cycle-scalar-warm-basic-16384,mlp8-gcc13-scalar,basic,cycles,548731669,250033545,250033545
1,mlp8-gcc13-scalar-r8-mlp8_cycle-scalar-warm-basic-16384,mlp8-gcc13-scalar,basic,instructions,1745306572,250031918,250031918
1,mlp8-gcc13-scalar-r8-mlp8_cycle-scalar-warm-basic-16384,mlp8-gcc13-scalar,basic,ref_cycles,548733724,250028643,250028643
1,mlp8-gcc13-scalar-r8-mlp8_cycle-scalar-cache_evicted-basic-32768,mlp8-gcc13-scalar,basic,cycles,548732408,250034469,250034469
1,mlp8-gcc13-scalar-r8-mlp8_cycle-scalar-cache_evicted-basic-32768,mlp8-gcc13-scalar,basic,instructions,1792463449,250032333,250032333
1,mlp8-gcc13-scalar-r8-mlp8_cycle-scalar-cache_evicted-basic-32768,mlp8-gcc13-scalar,basic,ref_cycles,548735000,250029083,250029083
1,mlp8-gcc13-scalar-r8-mlp8_cycle-scalar-warm-branch-536870912,mlp8-gcc13-scalar,branch,cycles,723307431,329575483,329575483
1,mlp8-gcc13-scalar-r8-mlp8_cycle-scalar-warm-branch-536870912,mlp8-gcc13-scalar,branch,branches,3145962,329574100,329574100
1,mlp8-gcc13-scalar-r8-mlp8_cycle-scalar-warm-branch-536870912,mlp8-gcc13-scalar,branch,branch_misses,47,329570092,329570092
1,mlp8-gcc13-scalar-r8-mlp8_cycle-scalar-warm-branch-65536,mlp8-gcc13-scalar,branch,cycles,548731544,250034889,250034889
1,mlp8-gcc13-scalar-r8-mlp8_cycle-scalar-warm-branch-65536,mlp8-gcc13-scalar,branch,branches,45995368,250033582,250033582
1,mlp8-gcc13-scalar-r8-mlp8_cycle-scalar-warm-branch-65536,mlp8-gcc13-scalar,branch,branch_misses,284083,250030078,250030078
1,mlp8-gcc13-scalar-r8-mlp8_cycle-scalar-warm-basic-36864,mlp8-gcc13-scalar,basic,cycles,548731511,250032452,250032452
1,mlp8-gcc13-scalar-r8-mlp8_cycle-scalar-warm-basic-36864,mlp8-gcc13-scalar,basic,instructions,1805198709,250030731,250030731
1,mlp8-gcc13-scalar-r8-mlp8_cycle-scalar-warm-basic-36864,mlp8-gcc13-scalar,basic,ref_cycles,548734340,250027583,250027583
1,mlp8-gcc13-scalar-r8-mlp8_cycle-scalar-cache_evicted-branch-262144,mlp8-gcc13-scalar,branch,cycles,548738732,250040058,250040058
1,mlp8-gcc13-scalar-r8-mlp8_cycle-scalar-cache_evicted-branch-262144,mlp8-gcc13-scalar,branch,branches,38141548,250037714,250037714
1,mlp8-gcc13-scalar-r8-mlp8_cycle-scalar-cache_evicted-branch-262144,mlp8-gcc13-scalar,branch,branch_misses,69968,250033793,250033793
1,mlp8-gcc13-scalar-r8-mlp8_cycle-scalar-cache_evicted-basic-262144,mlp8-gcc13-scalar,basic,cycles,548732424,250032153,250032153
1,mlp8-gcc13-scalar-r8-mlp8_cycle-scalar-cache_evicted-basic-262144,mlp8-gcc13-scalar,basic,instructions,1775751513,250028878,250028878
1,mlp8-gcc13-scalar-r8-mlp8_cycle-scalar-cache_evicted-basic-262144,mlp8-gcc13-scalar,basic,ref_cycles,548733218,250025409,250025409
1,mlp8-gcc13-scalar-r8-mlp8_cycle-scalar-cache_evicted-basic-33554432,mlp8-gcc13-scalar,basic,cycles,548756145,250047279,250047279
1,mlp8-gcc13-scalar-r8-mlp8_cycle-scalar-cache_evicted-basic-33554432,mlp8-gcc13-scalar,basic,instructions,362897530,250046224,250046224
1,mlp8-gcc13-scalar-r8-mlp8_cycle-scalar-cache_evicted-basic-33554432,mlp8-gcc13-scalar,basic,ref_cycles,548758892,250042608,250042608
1,mlp8-gcc13-scalar-r8-mlp8_cycle-scalar-warm-branch-32768,mlp8-gcc13-scalar,branch,cycles,548731796,250033986,250033986
1,mlp8-gcc13-scalar-r8-mlp8_cycle-scalar-warm-branch-32768,mlp8-gcc13-scalar,branch,branches,52507698,250032302,250032302
1,mlp8-gcc13-scalar-r8-mlp8_cycle-scalar-warm-branch-32768,mlp8-gcc13-scalar,branch,branch_misses,535971,250029060,250029060
1,mlp8-gcc13-scalar-r8-mlp8_cycle-scalar-warm-basic-4194304,mlp8-gcc13-scalar,basic,cycles,548798157,250064355,250064355
1,mlp8-gcc13-scalar-r8-mlp8_cycle-scalar-warm-basic-4194304,mlp8-gcc13-scalar,basic,instructions,595202951,250060535,250060535
1,mlp8-gcc13-scalar-r8-mlp8_cycle-scalar-warm-basic-4194304,mlp8-gcc13-scalar,basic,ref_cycles,548799636,250057247,250057247
1,mlp8-gcc13-scalar-r8-mlp8_cycle-scalar-warm-basic-2097152,mlp8-gcc13-scalar,basic,cycles,548819422,250071169,250071169
1,mlp8-gcc13-scalar-r8-mlp8_cycle-scalar-warm-basic-2097152,mlp8-gcc13-scalar,basic,instructions,792618287,250067978,250067978
1,mlp8-gcc13-scalar-r8-mlp8_cycle-scalar-warm-basic-2097152,mlp8-gcc13-scalar,basic,ref_cycles,548820514,250064488,250064488
1,mlp8-gcc13-scalar-r8-mlp8_cycle-scalar-warm-basic-49152,mlp8-gcc13-scalar,basic,cycles,548731267,250029744,250029744
1,mlp8-gcc13-scalar-r8-mlp8_cycle-scalar-warm-basic-49152,mlp8-gcc13-scalar,basic,instructions,1828899160,250027050,250027050
1,mlp8-gcc13-scalar-r8-mlp8_cycle-scalar-warm-basic-49152,mlp8-gcc13-scalar,basic,ref_cycles,548731898,250023409,250023409
1,mlp8-gcc13-scalar-r8-mlp8_cycle-scalar-warm-basic-28672,mlp8-gcc13-scalar,basic,cycles,548730639,250029063,250029063
1,mlp8-gcc13-scalar-r8-mlp8_cycle-scalar-warm-basic-28672,mlp8-gcc13-scalar,basic,instructions,1787138698,250026603,250026603
1,mlp8-gcc13-scalar-r8-mlp8_cycle-scalar-warm-basic-28672,mlp8-gcc13-scalar,basic,ref_cycles,548731304,250022927,250022927
1,mlp8-gcc13-scalar-r8-mlp8_cycle-scalar-warm-basic-24576,mlp8-gcc13-scalar,basic,cycles,548732001,250032274,250032274
1,mlp8-gcc13-scalar-r8-mlp8_cycle-scalar-warm-basic-24576,mlp8-gcc13-scalar,basic,instructions,1768172079,250031917,250031917
1,mlp8-gcc13-scalar-r8-mlp8_cycle-scalar-warm-basic-24576,mlp8-gcc13-scalar,basic,ref_cycles,548734494,250028994,250028994
1,mlp8-gcc13-scalar-r8-mlp8_cycle-scalar-warm-branch-134217728,mlp8-gcc13-scalar,branch,cycles,593389365,270385800,270385800
1,mlp8-gcc13-scalar-r8-mlp8_cycle-scalar-warm-branch-134217728,mlp8-gcc13-scalar,branch,branches,3408446,270385491,270385491
1,mlp8-gcc13-scalar-r8-mlp8_cycle-scalar-warm-branch-134217728,mlp8-gcc13-scalar,branch,branch_misses,84,270381517,270381517
1,mlp8-gcc13-scalar-r8-mlp8_cycle-scalar-cache_evicted-branch-1048576,mlp8-gcc13-scalar,branch,cycles,548773008,250052407,250052407
1,mlp8-gcc13-scalar-r8-mlp8_cycle-scalar-cache_evicted-branch-1048576,mlp8-gcc13-scalar,branch,branches,25186086,250048674,250048674
1,mlp8-gcc13-scalar-r8-mlp8_cycle-scalar-cache_evicted-branch-1048576,mlp8-gcc13-scalar,branch,branch_misses,12134,250044682,250044682
1,mlp8-gcc13-scalar-r8-mlp8_cycle-scalar-warm-branch-294912,mlp8-gcc13-scalar,branch,cycles,548738589,250035004,250035004
1,mlp8-gcc13-scalar-r8-mlp8_cycle-scalar-warm-branch-294912,mlp8-gcc13-scalar,branch,branches,34556072,250031946,250031946
1,mlp8-gcc13-scalar-r8-mlp8_cycle-scalar-warm-branch-294912,mlp8-gcc13-scalar,branch,branch_misses,56703,250027925,250027925
1,mlp8-gcc13-scalar-r8-mlp8_cycle-scalar-warm-branch-28672,mlp8-gcc13-scalar,branch,cycles,548730662,250030789,250030789
1,mlp8-gcc13-scalar-r8-mlp8_cycle-scalar-warm-branch-28672,mlp8-gcc13-scalar,branch,branches,54386262,250027621,250027621
1,mlp8-gcc13-scalar-r8-mlp8_cycle-scalar-warm-branch-28672,mlp8-gcc13-scalar,branch,branch_misses,604420,250024084,250024084
1,mlp8-gcc13-scalar-r8-mlp8_cycle-scalar-warm-basic-131072,mlp8-gcc13-scalar,basic,cycles,548733559,250031202,250031202
1,mlp8-gcc13-scalar-r8-mlp8_cycle-scalar-warm-basic-131072,mlp8-gcc13-scalar,basic,instructions,1859320921,250028022,250028022
1,mlp8-gcc13-scalar-r8-mlp8_cycle-scalar-warm-basic-131072,mlp8-gcc13-scalar,basic,ref_cycles,548734362,250024344,250024344
1,mlp8-gcc13-scalar-r8-mlp8_cycle-scalar-warm-basic-8192,mlp8-gcc13-scalar,basic,cycles,548730622,250029495,250029495
1,mlp8-gcc13-scalar-r8-mlp8_cycle-scalar-warm-basic-8192,mlp8-gcc13-scalar,basic,instructions,1677944294,250026660,250026660
1,mlp8-gcc13-scalar-r8-mlp8_cycle-scalar-warm-basic-8192,mlp8-gcc13-scalar,basic,ref_cycles,548731326,250023181,250023181
1,mlp8-gcc13-scalar-r8-mlp8_cycle-scalar-warm-branch-4194304,mlp8-gcc13-scalar,branch,cycles,549056603,250182614,250182614
1,mlp8-gcc13-scalar-r8-mlp8_cycle-scalar-warm-branch-4194304,mlp8-gcc13-scalar,branch,branches,12166386,250183996,250183996
1,mlp8-gcc13-scalar-r8-mlp8_cycle-scalar-warm-branch-4194304,mlp8-gcc13-scalar,branch,branch_misses,1528,250180717,250180717
1,mlp8-gcc13-scalar-r8-mlp8_cycle-scalar-warm-basic-196608,mlp8-gcc13-scalar,basic,cycles,548734684,250034601,250034601
1,mlp8-gcc13-scalar-r8-mlp8_cycle-scalar-warm-basic-196608,mlp8-gcc13-scalar,basic,instructions,1835330643,250032636,250032636
1,mlp8-gcc13-scalar-r8-mlp8_cycle-scalar-warm-basic-196608,mlp8-gcc13-scalar,basic,ref_cycles,548737046,250029879,250029879
1,mlp8-gcc13-scalar-r8-mlp8_cycle-scalar-warm-branch-12582912,mlp8-gcc13-scalar,branch,cycles,550140955,250679445,250679445
1,mlp8-gcc13-scalar-r8-mlp8_cycle-scalar-warm-branch-12582912,mlp8-gcc13-scalar,branch,branches,9155052,250679567,250679567
1,mlp8-gcc13-scalar-r8-mlp8_cycle-scalar-warm-branch-12582912,mlp8-gcc13-scalar,branch,branch_misses,418,250675833,250675833
1,mlp8-gcc13-scalar-r8-mlp8_cycle-scalar-warm-basic-524288,mlp8-gcc13-scalar,basic,cycles,548745300,250040797,250040797
1,mlp8-gcc13-scalar-r8-mlp8_cycle-scalar-warm-basic-524288,mlp8-gcc13-scalar,basic,instructions,1301246214,250039864,250039864
1,mlp8-gcc13-scalar-r8-mlp8_cycle-scalar-warm-basic-524288,mlp8-gcc13-scalar,basic,ref_cycles,548748684,250036608,250036608
1,mlp8-gcc13-scalar-r8-mlp8_cycle-scalar-warm-branch-2097152,mlp8-gcc13-scalar,branch,cycles,548766462,250050694,250050694
1,mlp8-gcc13-scalar-r8-mlp8_cycle-scalar-warm-branch-2097152,mlp8-gcc13-scalar,branch,branches,16247555,250049931,250049931
1,mlp8-gcc13-scalar-r8-mlp8_cycle-scalar-warm-branch-2097152,mlp8-gcc13-scalar,branch,branch_misses,3980,250046599,250046599
1,mlp8-gcc13-scalar-r8-mlp8_cycle-scalar-warm-basic-229376,mlp8-gcc13-scalar,basic,cycles,548734580,250034985,250034985
1,mlp8-gcc13-scalar-r8-mlp8_cycle-scalar-warm-basic-229376,mlp8-gcc13-scalar,basic,instructions,1802083235,250033364,250033364
1,mlp8-gcc13-scalar-r8-mlp8_cycle-scalar-warm-basic-229376,mlp8-gcc13-scalar,basic,ref_cycles,548736782,250030057,250030057
1,mlp8-gcc13-scalar-r8-mlp8_cycle-scalar-warm-basic-32768,mlp8-gcc13-scalar,basic,cycles,548731638,250033967,250033967
1,mlp8-gcc13-scalar-r8-mlp8_cycle-scalar-warm-basic-32768,mlp8-gcc13-scalar,basic,instructions,1792775144,250032795,250032795
1,mlp8-gcc13-scalar-r8-mlp8_cycle-scalar-warm-basic-32768,mlp8-gcc13-scalar,basic,ref_cycles,548734054,250029714,250029714
1,mlp8-gcc13-scalar-r8-mlp8_cycle-scalar-cache_evicted-branch-6291456,mlp8-gcc13-scalar,branch,cycles,548934461,250134195,250134195
1,mlp8-gcc13-scalar-r8-mlp8_cycle-scalar-cache_evicted-branch-6291456,mlp8-gcc13-scalar,branch,branches,10498476,250132856,250132856
1,mlp8-gcc13-scalar-r8-mlp8_cycle-scalar-cache_evicted-branch-6291456,mlp8-gcc13-scalar,branch,branch_misses,900,250128427,250128427
1,mlp8-gcc13-scalar-r8-mlp8_cycle-scalar-warm-branch-7340032,mlp8-gcc13-scalar,branch,cycles,549032196,250175442,250175442
1,mlp8-gcc13-scalar-r8-mlp8_cycle-scalar-warm-branch-7340032,mlp8-gcc13-scalar,branch,branches,10087872,250174493,250174493
1,mlp8-gcc13-scalar-r8-mlp8_cycle-scalar-warm-branch-7340032,mlp8-gcc13-scalar,branch,branch_misses,751,250170923,250170923
1,mlp8-gcc13-scalar-r8-mlp8_cycle-scalar-warm-branch-393216,mlp8-gcc13-scalar,branch,cycles,548744148,250041205,250041205
1,mlp8-gcc13-scalar-r8-mlp8_cycle-scalar-warm-branch-393216,mlp8-gcc13-scalar,branch,branches,30773823,250040061,250040061
1,mlp8-gcc13-scalar-r8-mlp8_cycle-scalar-warm-branch-393216,mlp8-gcc13-scalar,branch,branch_misses,38439,250036751,250036751
1,mlp8-gcc13-scalar-r8-mlp8_cycle-scalar-warm-basic-33554432,mlp8-gcc13-scalar,basic,cycles,551199001,251162457,251162457
1,mlp8-gcc13-scalar-r8-mlp8_cycle-scalar-warm-basic-33554432,mlp8-gcc13-scalar,basic,instructions,141305617,251161427,251161427
1,mlp8-gcc13-scalar-r8-mlp8_cycle-scalar-warm-basic-33554432,mlp8-gcc13-scalar,basic,ref_cycles,551203488,251157980,251157980
1,mlp8-gcc13-scalar-r8-mlp8_cycle-scalar-warm-basic-294912,mlp8-gcc13-scalar,basic,cycles,548739181,250038299,250038299
1,mlp8-gcc13-scalar-r8-mlp8_cycle-scalar-warm-basic-294912,mlp8-gcc13-scalar,basic,instructions,1609051587,250037015,250037015
1,mlp8-gcc13-scalar-r8-mlp8_cycle-scalar-warm-basic-294912,mlp8-gcc13-scalar,basic,ref_cycles,548741842,250033143,250033143
1,mlp8-gcc13-scalar-r8-mlp8_cycle-scalar-warm-basic-393216,mlp8-gcc13-scalar,basic,cycles,548741676,250038434,250038434
1,mlp8-gcc13-scalar-r8-mlp8_cycle-scalar-warm-basic-393216,mlp8-gcc13-scalar,basic,instructions,1431034455,250037470,250037470
1,mlp8-gcc13-scalar-r8-mlp8_cycle-scalar-warm-basic-393216,mlp8-gcc13-scalar,basic,ref_cycles,548744658,250033808,250033808
1,mlp8-gcc13-scalar-r8-mlp8_cycle-scalar-warm-basic-12582912,mlp8-gcc13-scalar,basic,cycles,549895445,250571161,250571161
1,mlp8-gcc13-scalar-r8-mlp8_cycle-scalar-warm-basic-12582912,mlp8-gcc13-scalar,basic,instructions,160190750,250570785,250570785
1,mlp8-gcc13-scalar-r8-mlp8_cycle-scalar-warm-basic-12582912,mlp8-gcc13-scalar,basic,ref_cycles,549900120,250566841,250566841
1,mlp8-gcc13-scalar-r8-mlp8_cycle-scalar-warm-basic-8388608,mlp8-gcc13-scalar,basic,cycles,549425455,250356518,250356518
1,mlp8-gcc13-scalar-r8-mlp8_cycle-scalar-warm-basic-8388608,mlp8-gcc13-scalar,basic,instructions,448893840,250354778,250354778
1,mlp8-gcc13-scalar-r8-mlp8_cycle-scalar-warm-basic-8388608,mlp8-gcc13-scalar,basic,ref_cycles,549430222,250350885,250350885
1,mlp8-gcc13-scalar-r8-mlp8_cycle-scalar-warm-branch-524288,mlp8-gcc13-scalar,branch,cycles,548750844,250044118,250044118
1,mlp8-gcc13-scalar-r8-mlp8_cycle-scalar-warm-branch-524288,mlp8-gcc13-scalar,branch,branches,25487364,250042094,250042094
1,mlp8-gcc13-scalar-r8-mlp8_cycle-scalar-warm-branch-524288,mlp8-gcc13-scalar,branch,branch_misses,24165,250038796,250038796
1,mlp8-gcc13-scalar-r8-mlp8_cycle-scalar-warm-branch-8192,mlp8-gcc13-scalar,branch,cycles,548731447,250034169,250034169
1,mlp8-gcc13-scalar-r8-mlp8_cycle-scalar-warm-branch-8192,mlp8-gcc13-scalar,branch,branches,83951806,250032445,250032445
1,mlp8-gcc13-scalar-r8-mlp8_cycle-scalar-warm-branch-8192,mlp8-gcc13-scalar,branch,branch_misses,473,250028950,250028950
1,mlp8-gcc13-scalar-r8-mlp8_cycle-scalar-warm-basic-536870912,mlp8-gcc13-scalar,basic,cycles,602921360,274728055,274728055
1,mlp8-gcc13-scalar-r8-mlp8_cycle-scalar-warm-basic-536870912,mlp8-gcc13-scalar,basic,instructions,102761503,274727426,274727426
1,mlp8-gcc13-scalar-r8-mlp8_cycle-scalar-warm-basic-536870912,mlp8-gcc13-scalar,basic,ref_cycles,602924366,274724419,274724419
1,mlp8-gcc13-scalar-r8-mlp8_cycle-scalar-warm-branch-8388608,mlp8-gcc13-scalar,branch,cycles,549008847,250163202,250163202
1,mlp8-gcc13-scalar-r8-mlp8_cycle-scalar-warm-branch-8388608,mlp8-gcc13-scalar,branch,branches,9095704,250163863,250163863
1,mlp8-gcc13-scalar-r8-mlp8_cycle-scalar-warm-branch-8388608,mlp8-gcc13-scalar,branch,branch_misses,603,250160521,250160521
1,mlp8-gcc13-scalar-r8-mlp8_cycle-scalar-cache_evicted-branch-536870912,mlp8-gcc13-scalar,branch,cycles,692662088,315614527,315614527
1,mlp8-gcc13-scalar-r8-mlp8_cycle-scalar-cache_evicted-branch-536870912,mlp8-gcc13-scalar,branch,branches,3145962,315612657,315612657
1,mlp8-gcc13-scalar-r8-mlp8_cycle-scalar-cache_evicted-branch-536870912,mlp8-gcc13-scalar,branch,branch_misses,40,315609111,315609111
1,mlp8-gcc13-scalar-r8-mlp8_cycle-scalar-warm-basic-134217728,mlp8-gcc13-scalar,basic,cycles,576607013,262963584,262963584
1,mlp8-gcc13-scalar-r8-mlp8_cycle-scalar-warm-basic-134217728,mlp8-gcc13-scalar,basic,instructions,141298613,262965672,262965672
1,mlp8-gcc13-scalar-r8-mlp8_cycle-scalar-warm-basic-134217728,mlp8-gcc13-scalar,basic,ref_cycles,576614566,262963021,262963021
1,mlp8-gcc13-scalar-r8-mlp8_cycle-scalar-cache_evicted-branch-33554432,mlp8-gcc13-scalar,branch,cycles,550778256,250970789,250970789
1,mlp8-gcc13-scalar-r8-mlp8_cycle-scalar-cache_evicted-branch-33554432,mlp8-gcc13-scalar,branch,branches,6032572,250970795,250970795
1,mlp8-gcc13-scalar-r8-mlp8_cycle-scalar-cache_evicted-branch-33554432,mlp8-gcc13-scalar,branch,branch_misses,139,250966591,250966591
1,mlp8-gcc13-scalar-r8-mlp8_cycle-scalar-cache_evicted-basic-1048576,mlp8-gcc13-scalar,basic,cycles,548773222,250052670,250052670
1,mlp8-gcc13-scalar-r8-mlp8_cycle-scalar-cache_evicted-basic-1048576,mlp8-gcc13-scalar,basic,instructions,1212512855,250051189,250051189
1,mlp8-gcc13-scalar-r8-mlp8_cycle-scalar-cache_evicted-basic-1048576,mlp8-gcc13-scalar,basic,ref_cycles,548775458,250047788,250047788
1,mlp8-gcc13-scalar-r8-mlp8_cycle-scalar-warm-branch-5242880,mlp8-gcc13-scalar,branch,cycles,548842841,250086850,250086850
1,mlp8-gcc13-scalar-r8-mlp8_cycle-scalar-warm-branch-5242880,mlp8-gcc13-scalar,branch,branches,11219340,250087846,250087846
1,mlp8-gcc13-scalar-r8-mlp8_cycle-scalar-warm-branch-5242880,mlp8-gcc13-scalar,branch,branch_misses,1140,250084101,250084101
1,mlp8-gcc13-scalar-r8-mlp8_cycle-scalar-cache_evicted-branch-8388608,mlp8-gcc13-scalar,branch,cycles,549193120,250249716,250249716
1,mlp8-gcc13-scalar-r8-mlp8_cycle-scalar-cache_evicted-branch-8388608,mlp8-gcc13-scalar,branch,branches,10195712,250248483,250248483
1,mlp8-gcc13-scalar-r8-mlp8_cycle-scalar-cache_evicted-branch-8388608,mlp8-gcc13-scalar,branch,branch_misses,673,250244686,250244686
1,mlp8-gcc13-scalar-r8-mlp8_cycle-scalar-warm-branch-196608,mlp8-gcc13-scalar,branch,cycles,548732792,250034749,250034749
1,mlp8-gcc13-scalar-r8-mlp8_cycle-scalar-warm-branch-196608,mlp8-gcc13-scalar,branch,branches,40629332,250032075,250032075
1,mlp8-gcc13-scalar-r8-mlp8_cycle-scalar-warm-branch-196608,mlp8-gcc13-scalar,branch,branch_misses,97250,250028735,250028735
1,mlp8-gcc13-scalar-r8-mlp8_cycle-scalar-cache_evicted-basic-6291456,mlp8-gcc13-scalar,basic,cycles,549230592,250261296,250261296
1,mlp8-gcc13-scalar-r8-mlp8_cycle-scalar-cache_evicted-basic-6291456,mlp8-gcc13-scalar,basic,instructions,535467554,250260429,250260429
1,mlp8-gcc13-scalar-r8-mlp8_cycle-scalar-cache_evicted-basic-6291456,mlp8-gcc13-scalar,basic,ref_cycles,549233520,250257114,250257114
1,mlp8-gcc13-scalar-r8-mlp8_cycle-scalar-warm-branch-6291456,mlp8-gcc13-scalar,branch,cycles,548738484,250039219,250039219
1,mlp8-gcc13-scalar-r8-mlp8_cycle-scalar-warm-branch-6291456,mlp8-gcc13-scalar,branch,branches,10794204,250039447,250039447
1,mlp8-gcc13-scalar-r8-mlp8_cycle-scalar-warm-branch-6291456,mlp8-gcc13-scalar,branch,branch_misses,920,250036064,250036064
1,mlp8-gcc13-scalar-r8-mlp8_cycle-scalar-warm-basic-1048576,mlp8-gcc13-scalar,basic,cycles,548747167,250040173,250040173
1,mlp8-gcc13-scalar-r8-mlp8_cycle-scalar-warm-basic-1048576,mlp8-gcc13-scalar,basic,instructions,1214122156,250038265,250038265
1,mlp8-gcc13-scalar-r8-mlp8_cycle-scalar-warm-basic-1048576,mlp8-gcc13-scalar,basic,ref_cycles,548749718,250034892,250034892
1,mlp8-gcc13-scalar-r8-mlp8_cycle-scalar-cache_evicted-basic-536870912,mlp8-gcc13-scalar,basic,cycles,692621349,315594452,315594452
1,mlp8-gcc13-scalar-r8-mlp8_cycle-scalar-cache_evicted-basic-536870912,mlp8-gcc13-scalar,basic,instructions,154141940,315592514,315592514
1,mlp8-gcc13-scalar-r8-mlp8_cycle-scalar-cache_evicted-basic-536870912,mlp8-gcc13-scalar,basic,ref_cycles,692625142,315589316,315589316
1,mlp8-gcc13-scalar-r8-mlp8_cycle-scalar-warm-branch-98304,mlp8-gcc13-scalar,branch,cycles,548470059,249958322,249958322
1,mlp8-gcc13-scalar-r8-mlp8_cycle-scalar-warm-branch-98304,mlp8-gcc13-scalar,branch,branches,43663456,249960912,249960912
1,mlp8-gcc13-scalar-r8-mlp8_cycle-scalar-warm-branch-98304,mlp8-gcc13-scalar,branch,branch_misses,193339,249958298,249958298
1,mlp8-gcc13-scalar-r8-mlp8_cycle-scalar-warm-basic-65536,mlp8-gcc13-scalar,basic,cycles,548730577,250031927,250031927
1,mlp8-gcc13-scalar-r8-mlp8_cycle-scalar-warm-basic-65536,mlp8-gcc13-scalar,basic,instructions,1847985481,250029234,250029234
1,mlp8-gcc13-scalar-r8-mlp8_cycle-scalar-warm-basic-65536,mlp8-gcc13-scalar,basic,ref_cycles,548731854,250025585,250025585
1,mlp8-gcc13-scalar-r8-mlp8_cycle-scalar-warm-branch-16384,mlp8-gcc13-scalar,branch,cycles,548731182,250033797,250033797
1,mlp8-gcc13-scalar-r8-mlp8_cycle-scalar-warm-branch-16384,mlp8-gcc13-scalar,branch,branches,64532112,250032639,250032639
1,mlp8-gcc13-scalar-r8-mlp8_cycle-scalar-warm-branch-16384,mlp8-gcc13-scalar,branch,branch_misses,458305,250028962,250028962
1,mlp8-gcc13-scalar-r8-mlp8_cycle-scalar-warm-branch-1048576,mlp8-gcc13-scalar,branch,cycles,548774912,250053009,250053009
1,mlp8-gcc13-scalar-r8-mlp8_cycle-scalar-warm-branch-1048576,mlp8-gcc13-scalar,branch,branches,24305409,250050631,250050631
1,mlp8-gcc13-scalar-r8-mlp8_cycle-scalar-warm-branch-1048576,mlp8-gcc13-scalar,branch,branch_misses,11728,250047032,250047032
1,mlp8-gcc13-scalar-r8-mlp8_cycle-scalar-warm-basic-5242880,mlp8-gcc13-scalar,basic,cycles,549165588,250232912,250232912
1,mlp8-gcc13-scalar-r8-mlp8_cycle-scalar-warm-basic-5242880,mlp8-gcc13-scalar,basic,instructions,544641334,250232469,250232469
1,mlp8-gcc13-scalar-r8-mlp8_cycle-scalar-warm-basic-5242880,mlp8-gcc13-scalar,basic,ref_cycles,549169676,250229650,250229650
1,mlp8-gcc13-scalar-r8-mlp8_cycle-scalar-warm-branch-131072,mlp8-gcc13-scalar,branch,cycles,548732807,250033141,250033141
1,mlp8-gcc13-scalar-r8-mlp8_cycle-scalar-warm-branch-131072,mlp8-gcc13-scalar,branch,branches,42714599,250029856,250029856
1,mlp8-gcc13-scalar-r8-mlp8_cycle-scalar-warm-branch-131072,mlp8-gcc13-scalar,branch,branch_misses,147385,250026380,250026380
1,mlp8-gcc13-scalar-r8-mlp8_cycle-scalar-warm-basic-98304,mlp8-gcc13-scalar,basic,cycles,548732434,250032831,250032831
1,mlp8-gcc13-scalar-r8-mlp8_cycle-scalar-warm-basic-98304,mlp8-gcc13-scalar,basic,instructions,1860154207,250031896,250031896
1,mlp8-gcc13-scalar-r8-mlp8_cycle-scalar-warm-basic-98304,mlp8-gcc13-scalar,basic,ref_cycles,548734802,250028678,250028678
1,mlp8-gcc13-scalar-r9-mlp8_cycle-scalar-cache_evicted-branch-33554432,mlp8-gcc13-scalar,branch,cycles,550736601,250952296,250952296
1,mlp8-gcc13-scalar-r9-mlp8_cycle-scalar-cache_evicted-branch-33554432,mlp8-gcc13-scalar,branch,branches,5508012,250951473,250951473
1,mlp8-gcc13-scalar-r9-mlp8_cycle-scalar-cache_evicted-branch-33554432,mlp8-gcc13-scalar,branch,branch_misses,135,250947331,250947331
1,mlp8-gcc13-scalar-r9-mlp8_cycle-scalar-warm-branch-36864,mlp8-gcc13-scalar,branch,cycles,548730554,250032224,250032224
1,mlp8-gcc13-scalar-r9-mlp8_cycle-scalar-warm-branch-36864,mlp8-gcc13-scalar,branch,branches,51291619,250028871,250028871
1,mlp8-gcc13-scalar-r9-mlp8_cycle-scalar-warm-branch-36864,mlp8-gcc13-scalar,branch,branch_misses,484008,250025243,250025243
1,mlp8-gcc13-scalar-r9-mlp8_cycle-scalar-warm-basic-393216,mlp8-gcc13-scalar,basic,cycles,548744904,250038139,250038139
1,mlp8-gcc13-scalar-r9-mlp8_cycle-scalar-warm-basic-393216,mlp8-gcc13-scalar,basic,instructions,1425054174,250036051,250036051
1,mlp8-gcc13-scalar-r9-mlp8_cycle-scalar-warm-basic-393216,mlp8-gcc13-scalar,basic,ref_cycles,548746550,250032743,250032743
1,mlp8-gcc13-scalar-r9-mlp8_cycle-scalar-warm-basic-2097152,mlp8-gcc13-scalar,basic,cycles,548743682,250038733,250038733
1,mlp8-gcc13-scalar-r9-mlp8_cycle-scalar-warm-basic-2097152,mlp8-gcc13-scalar,basic,instructions,791211782,250036691,250036691
1,mlp8-gcc13-scalar-r9-mlp8_cycle-scalar-warm-basic-2097152,mlp8-gcc13-scalar,basic,ref_cycles,548745956,250033524,250033524
1,mlp8-gcc13-scalar-r9-mlp8_cycle-scalar-warm-basic-524288,mlp8-gcc13-scalar,basic,cycles,548740193,250035839,250035839
1,mlp8-gcc13-scalar-r9-mlp8_cycle-scalar-warm-basic-524288,mlp8-gcc13-scalar,basic,instructions,1362670419,250033088,250033088
1,mlp8-gcc13-scalar-r9-mlp8_cycle-scalar-warm-basic-524288,mlp8-gcc13-scalar,basic,ref_cycles,548741842,250029652,250029652
1,mlp8-gcc13-scalar-r9-mlp8_cycle-scalar-warm-branch-4194304,mlp8-gcc13-scalar,branch,cycles,548983240,250151475,250151475
1,mlp8-gcc13-scalar-r9-mlp8_cycle-scalar-warm-branch-4194304,mlp8-gcc13-scalar,branch,branches,12215748,250149942,250149942
1,mlp8-gcc13-scalar-r9-mlp8_cycle-scalar-warm-branch-4194304,mlp8-gcc13-scalar,branch,branch_misses,1534,250146028,250146028
1,mlp8-gcc13-scalar-r9-mlp8_cycle-scalar-warm-branch-8388608,mlp8-gcc13-scalar,branch,cycles,549451428,250364721,250364721
1,mlp8-gcc13-scalar-r9-mlp8_cycle-scalar-warm-branch-8388608,mlp8-gcc13-scalar,branch,branches,10080787,250363646,250363646
1,mlp8-gcc13-scalar-r9-mlp8_cycle-scalar-warm-branch-8388608,mlp8-gcc13-scalar,branch,branch_misses,661,250359695,250359695
1,mlp8-gcc13-scalar-r9-mlp8_cycle-scalar-warm-branch-229376,mlp8-gcc13-scalar,branch,cycles,548732286,250034086,250034086
1,mlp8-gcc13-scalar-r9-mlp8_cycle-scalar-warm-branch-229376,mlp8-gcc13-scalar,branch,branches,38959817,250032265,250032265
1,mlp8-gcc13-scalar-r9-mlp8_cycle-scalar-warm-branch-229376,mlp8-gcc13-scalar,branch,branch_misses,80984,250029172,250029172
1,mlp8-gcc13-scalar-r9-mlp8_cycle-scalar-warm-basic-131072,mlp8-gcc13-scalar,basic,cycles,548731962,250033530,250033530
1,mlp8-gcc13-scalar-r9-mlp8_cycle-scalar-warm-basic-131072,mlp8-gcc13-scalar,basic,instructions,1846474723,250031718,250031718
1,mlp8-gcc13-scalar-r9-mlp8_cycle-scalar-warm-basic-131072,mlp8-gcc13-scalar,basic,ref_cycles,548734406,250028871,250028871
1,mlp8-gcc13-scalar-r9-mlp8_cycle-scalar-warm-branch-49152,mlp8-gcc13-scalar,branch,cycles,548731932,250033871,250033871
1,mlp8-gcc13-scalar-r9-mlp8_cycle-scalar-warm-branch-49152,mlp8-gcc13-scalar,branch,branches,48459095,250030657,250030657
1,mlp8-gcc13-scalar-r9-mlp8_cycle-scalar-warm-branch-49152,mlp8-gcc13-scalar,branch,branch_misses,372890,250027097,250027097
1,mlp8-gcc13-scalar-r9-mlp8_cycle-scalar-cache_evicted-basic-8388608,mlp8-gcc13-scalar,basic,cycles,548949880,250135744,250135744
1,mlp8-gcc13-scalar-r9-mlp8_cycle-scalar-cache_evicted-basic-8388608,mlp8-gcc13-scalar,basic,instructions,488242261,250134816,250134816
1,mlp8-gcc13-scalar-r9-mlp8_cycle-scalar-cache_evicted-basic-8388608,mlp8-gcc13-scalar,basic,ref_cycles,548953042,250131394,250131394
1,mlp8-gcc13-scalar-r9-mlp8_cycle-scalar-cache_evicted-branch-1048576,mlp8-gcc13-scalar,branch,cycles,548740713,250039564,250039564
1,mlp8-gcc13-scalar-r9-mlp8_cycle-scalar-cache_evicted-branch-1048576,mlp8-gcc13-scalar,branch,branches,24197142,250038399,250038399
1,mlp8-gcc13-scalar-r9-mlp8_cycle-scalar-cache_evicted-branch-1048576,mlp8-gcc13-scalar,branch,branch_misses,11674,250034881,250034881
1,mlp8-gcc13-scalar-r9-mlp8_cycle-scalar-warm-branch-24576,mlp8-gcc13-scalar,branch,cycles,548730836,250032845,250032845
1,mlp8-gcc13-scalar-r9-mlp8_cycle-scalar-warm-branch-24576,mlp8-gcc13-scalar,branch,branches,56581836,250030583,250030583
1,mlp8-gcc13-scalar-r9-mlp8_cycle-scalar-warm-branch-24576,mlp8-gcc13-scalar,branch,branch_misses,690228,250027100,250027100
1,mlp8-gcc13-scalar-r9-mlp8_cycle-scalar-cache_evicted-basic-6291456,mlp8-gcc13-scalar,basic,cycles,549165144,250232841,250232841
1,mlp8-gcc13-scalar-r9-mlp8_cycle-scalar-cache_evicted-basic-6291456,mlp8-gcc13-scalar,basic,instructions,524023397,250231049,250231049
1,mlp8-gcc13-scalar-r9-mlp8_cycle-scalar-cache_evicted-basic-6291456,mlp8-gcc13-scalar,basic,ref_cycles,549168686,250227615,250227615
1,mlp8-gcc13-scalar-r9-mlp8_cycle-scalar-cache_evicted-branch-6291456,mlp8-gcc13-scalar,branch,cycles,549228954,250263523,250263523
1,mlp8-gcc13-scalar-r9-mlp8_cycle-scalar-cache_evicted-branch-6291456,mlp8-gcc13-scalar,branch,branches,10683306,250262797,250262797
1,mlp8-gcc13-scalar-r9-mlp8_cycle-scalar-cache_evicted-branch-6291456,mlp8-gcc13-scalar,branch,branch_misses,916,250259121,250259121
1,mlp8-gcc13-scalar-r9-mlp8_cycle-scalar-warm-basic-536870912,mlp8-gcc13-scalar,basic,cycles,692450145,315516732,315516732
1,mlp8-gcc13-scalar-r9-mlp8_cycle-scalar-warm-basic-536870912,mlp8-gcc13-scalar,basic,instructions,154141940,315514864,315514864
1,mlp8-gcc13-scalar-r9-mlp8_cycle-scalar-warm-basic-536870912,mlp8-gcc13-scalar,basic,ref_cycles,692454488,315511561,315511561
1,mlp8-gcc13-scalar-r9-mlp8_cycle-scalar-warm-branch-65536,mlp8-gcc13-scalar,branch,cycles,548101603,249839607,249839607
1,mlp8-gcc13-scalar-r9-mlp8_cycle-scalar-warm-branch-65536,mlp8-gcc13-scalar,branch,branches,46105360,249842453,249842453
1,mlp8-gcc13-scalar-r9-mlp8_cycle-scalar-warm-branch-65536,mlp8-gcc13-scalar,branch,branch_misses,284825,249840217,249840217
1,mlp8-gcc13-scalar-r9-mlp8_cycle-scalar-warm-basic-262144,mlp8-gcc13-scalar,basic,cycles,548734301,250033979,250033979
1,mlp8-gcc13-scalar-r9-mlp8_cycle-scalar-warm-basic-262144,mlp8-gcc13-scalar,basic,instructions,1763758779,250031652,250031652
1,mlp8-gcc13-scalar-r9-mlp8_cycle-scalar-warm-basic-262144,mlp8-gcc13-scalar,basic,ref_cycles,548736430,250028364,250028364
1,mlp8-gcc13-scalar-r9-mlp8_cycle-scalar-warm-branch-524288,mlp8-gcc13-scalar,branch,cycles,548735249,250035737,250035737
1,mlp8-gcc13-scalar-r9-mlp8_cycle-scalar-warm-branch-524288,mlp8-gcc13-scalar,branch,branches,28422266,250034283,250034283
1,mlp8-gcc13-scalar-r9-mlp8_cycle-scalar-warm-branch-524288,mlp8-gcc13-scalar,branch,branch_misses,26922,250030737,250030737
1,mlp8-gcc13-scalar-r9-mlp8_cycle-scalar-warm-basic-8192,mlp8-gcc13-scalar,basic,cycles,548731893,250032726,250032726
1,mlp8-gcc13-scalar-r9-mlp8_cycle-scalar-warm-basic-8192,mlp8-gcc13-scalar,basic,instructions,1676964906,250031616,250031616
1,mlp8-gcc13-scalar-r9-mlp8_cycle-scalar-warm-basic-8192,mlp8-gcc13-scalar,basic,ref_cycles,548734406,250028827,250028827
1,mlp8-gcc13-scalar-r9-mlp8_cycle-scalar-warm-basic-5242880,mlp8-gcc13-scalar,basic,cycles,548866138,250097448,250097448
1,mlp8-gcc13-scalar-r9-mlp8_cycle-scalar-warm-basic-5242880,mlp8-gcc13-scalar,basic,instructions,543637395,250096635,250096635
1,mlp8-gcc13-scalar-r9-mlp8_cycle-scalar-warm-basic-5242880,mlp8-gcc13-scalar,basic,ref_cycles,548870278,250092908,250092908
1,mlp8-gcc13-scalar-r9-mlp8_cycle-scalar-warm-basic-134217728,mlp8-gcc13-scalar,basic,cycles,584180345,266188194,266188194
1,mlp8-gcc13-scalar-r9-mlp8_cycle-scalar-warm-basic-134217728,mlp8-gcc13-scalar,basic,instructions,154143857,266187394,266187394
1,mlp8-gcc13-scalar-r9-mlp8_cycle-scalar-warm-basic-134217728,mlp8-gcc13-scalar,basic,ref_cycles,584183974,266183374,266183374
1,mlp8-gcc13-scalar-r9-mlp8_cycle-scalar-warm-branch-5242880,mlp8-gcc13-scalar,branch,cycles,549131132,250219539,250219539
1,mlp8-gcc13-scalar-r9-mlp8_cycle-scalar-warm-branch-5242880,mlp8-gcc13-scalar,branch,branches,11383728,250218228,250218228
1,mlp8-gcc13-scalar-r9-mlp8_cycle-scalar-warm-branch-5242880,mlp8-gcc13-scalar,branch,branch_misses,1156,250214535,250214535
1,mlp8-gcc13-scalar-r9-mlp8_cycle-scalar-cache_evicted-branch-536870912,mlp8-gcc13-scalar,branch,cycles,716972174,326691005,326691005
1,mlp8-gcc13-scalar-r9-mlp8_cycle-scalar-cache_evicted-branch-536870912,mlp8-gcc13-scalar,branch,branches,3145962,326688524,326688524
1,mlp8-gcc13-scalar-r9-mlp8_cycle-scalar-cache_evicted-branch-536870912,mlp8-gcc13-scalar,branch,branch_misses,46,326684486,326684486
1,mlp8-gcc13-scalar-r9-mlp8_cycle-scalar-warm-basic-33554432,mlp8-gcc13-scalar,basic,cycles,550079735,250649658,250649658
1,mlp8-gcc13-scalar-r9-mlp8_cycle-scalar-warm-basic-33554432,mlp8-gcc13-scalar,basic,instructions,337205714,250650498,250650498
1,mlp8-gcc13-scalar-r9-mlp8_cycle-scalar-warm-basic-33554432,mlp8-gcc13-scalar,basic,ref_cycles,550084282,250647637,250647637
1,mlp8-gcc13-scalar-r9-mlp8_cycle-scalar-cache_evicted-branch-262144,mlp8-gcc13-scalar,branch,cycles,548733508,250037105,250037105
1,mlp8-gcc13-scalar-r9-mlp8_cycle-scalar-cache_evicted-branch-262144,mlp8-gcc13-scalar,branch,branches,37673907,250035313,250035313
1,mlp8-gcc13-scalar-r9-mlp8_cycle-scalar-cache_evicted-branch-262144,mlp8-gcc13-scalar,branch,branch_misses,69076,250031510,250031510
1,mlp8-gcc13-scalar-r9-mlp8_cycle-scalar-cache_evicted-branch-32768,mlp8-gcc13-scalar,branch,cycles,548730440,250035336,250035336
1,mlp8-gcc13-scalar-r9-mlp8_cycle-scalar-cache_evicted-branch-32768,mlp8-gcc13-scalar,branch,branches,52444074,250032473,250032473
1,mlp8-gcc13-scalar-r9-mlp8_cycle-scalar-cache_evicted-branch-32768,mlp8-gcc13-scalar,branch,branch_misses,535310,250028704,250028704
1,mlp8-gcc13-scalar-r9-mlp8_cycle-scalar-warm-basic-98304,mlp8-gcc13-scalar,basic,cycles,548731161,250032112,250032112
1,mlp8-gcc13-scalar-r9-mlp8_cycle-scalar-warm-basic-98304,mlp8-gcc13-scalar,basic,instructions,1862732475,250028494,250028494
1,mlp8-gcc13-scalar-r9-mlp8_cycle-scalar-warm-basic-98304,mlp8-gcc13-scalar,basic,ref_cycles,548732228,250024945,250024945
1,mlp8-gcc13-scalar-r9-mlp8_cycle-scalar-warm-branch-98304,mlp8-gcc13-scalar,branch,cycles,548731033,250032029,250032029
1,mlp8-gcc13-scalar-r9-mlp8_cycle-scalar-warm-branch-98304,mlp8-gcc13-scalar,branch,branches,43740790,250030346,250030346
1,mlp8-gcc13-scalar-r9-mlp8_cycle-scalar-warm-branch-98304,mlp8-gcc13-scalar,branch,branch_misses,193637,250026663,250026663
1,mlp8-gcc13-scalar-r9-mlp8_cycle-scalar-cache_evicted-basic-1048576,mlp8-gcc13-scalar,basic,cycles,548764922,250048314,250048314
1,mlp8-gcc13-scalar-r9-mlp8_cycle-scalar-cache_evicted-basic-1048576,mlp8-gcc13-scalar,basic,instructions,1230313116,250046242,250046242
1,mlp8-gcc13-scalar-r9-mlp8_cycle-scalar-cache_evicted-basic-1048576,mlp8-gcc13-scalar,basic,ref_cycles,548766680,250043013,250043013
1,mlp8-gcc13-scalar-r9-mlp8_cycle-scalar-warm-branch-16384,mlp8-gcc13-scalar,branch,cycles,548731558,250034224,250034224
1,mlp8-gcc13-scalar-r9-mlp8_cycle-scalar-warm-branch-16384,mlp8-gcc13-scalar,branch,branches,64984114,250032871,250032871
1,mlp8-gcc13-scalar-r9-mlp8_cycle-scalar-warm-branch-16384,mlp8-gcc13-scalar,branch,branch_misses,254926,250029228,250029228
1,mlp8-gcc13-scalar-r9-mlp8_cycle-scalar-cache_evicted-basic-33554432,mlp8-gcc13-scalar,basic,cycles,553390726,252162714,252162714
1,mlp8-gcc13-scalar-r9-mlp8_cycle-scalar-cache_evicted-basic-33554432,mlp8-gcc13-scalar,basic,instructions,282610605,252160806,252160806
1,mlp8-gcc13-scalar-r9-mlp8_cycle-scalar-cache_evicted-basic-33554432,mlp8-gcc13-scalar,basic,ref_cycles,553394622,252157318,252157318
1,mlp8-gcc13-scalar-r9-mlp8_cycle-scalar-warm-basic-1048576,mlp8-gcc13-scalar,basic,cycles,548730910,250031989,250031989
1,mlp8-gcc13-scalar-r9-mlp8_cycle-scalar-warm-basic-1048576,mlp8-gcc13-scalar,basic,instructions,1189081460,250029618,250029618
1,mlp8-gcc13-scalar-r9-mlp8_cycle-scalar-warm-basic-1048576,mlp8-gcc13-scalar,basic,ref_cycles,548732536,250026319,250026319
1,mlp8-gcc13-scalar-r9-mlp8_cycle-scalar-warm-basic-294912,mlp8-gcc13-scalar,basic,cycles,548732510,250033302,250033302
1,mlp8-gcc13-scalar-r9-mlp8_cycle-scalar-warm-basic-294912,mlp8-gcc13-scalar,basic,instructions,1665470498,250031197,250031197
1,mlp8-gcc13-scalar-r9-mlp8_cycle-scalar-warm-basic-294912,mlp8-gcc13-scalar,basic,ref_cycles,548734450,250027969,250027969
1,mlp8-gcc13-scalar-r9-mlp8_cycle-scalar-cache_evicted-branch-8388608,mlp8-gcc13-scalar,branch,cycles,549397775,250340279,250340279
1,mlp8-gcc13-scalar-r9-mlp8_cycle-scalar-cache_evicted-branch-8388608,mlp8-gcc13-scalar,branch,branches,10015112,250339348,250339348
1,mlp8-gcc13-scalar-r9-mlp8_cycle-scalar-cache_evicted-branch-8388608,mlp8-gcc13-scalar,branch,branch_misses,650,250335942,250335942
1,mlp8-gcc13-scalar-r9-mlp8_cycle-scalar-warm-basic-32768,mlp8-gcc13-scalar,basic,cycles,548731406,250031961,250031961
1,mlp8-gcc13-scalar-r9-mlp8_cycle-scalar-warm-basic-32768,mlp8-gcc13-scalar,basic,instructions,1798525270,250029203,250029203
1,mlp8-gcc13-scalar-r9-mlp8_cycle-scalar-warm-basic-32768,mlp8-gcc13-scalar,basic,ref_cycles,548732690,250025939,250025939
1,mlp8-gcc13-scalar-r9-mlp8_cycle-scalar-warm-branch-536870912,mlp8-gcc13-scalar,branch,cycles,694548666,316474230,316474230
1,mlp8-gcc13-scalar-r9-mlp8_cycle-scalar-warm-branch-536870912,mlp8-gcc13-scalar,branch,branches,3145962,316472513,316472513
1,mlp8-gcc13-scalar-r9-mlp8_cycle-scalar-warm-branch-536870912,mlp8-gcc13-scalar,branch,branch_misses,47,316468026,316468026
1,mlp8-gcc13-scalar-r9-mlp8_cycle-scalar-warm-basic-6291456,mlp8-gcc13-scalar,basic,cycles,549040337,250175889,250175889
1,mlp8-gcc13-scalar-r9-mlp8_cycle-scalar-warm-basic-6291456,mlp8-gcc13-scalar,basic,instructions,521011754,250174120,250174120
1,mlp8-gcc13-scalar-r9-mlp8_cycle-scalar-warm-basic-6291456,mlp8-gcc13-scalar,basic,ref_cycles,549043440,250170515,250170515
1,mlp8-gcc13-scalar-r9-mlp8_cycle-scalar-warm-basic-65536,mlp8-gcc13-scalar,basic,cycles,548722545,250034356,250034356
1,mlp8-gcc13-scalar-r9-mlp8_cycle-scalar-warm-basic-65536,mlp8-gcc13-scalar,basic,instructions,1845606219,250034787,250034787
1,mlp8-gcc13-scalar-r9-mlp8_cycle-scalar-warm-basic-65536,mlp8-gcc13-scalar,basic,ref_cycles,548727806,250032143,250032143
1,mlp8-gcc13-scalar-r9-mlp8_cycle-scalar-warm-basic-196608,mlp8-gcc13-scalar,basic,cycles,548735350,250033648,250033648
1,mlp8-gcc13-scalar-r9-mlp8_cycle-scalar-warm-basic-196608,mlp8-gcc13-scalar,basic,instructions,1838356802,250031445,250031445
1,mlp8-gcc13-scalar-r9-mlp8_cycle-scalar-warm-basic-196608,mlp8-gcc13-scalar,basic,ref_cycles,548736914,250028356,250028356
1,mlp8-gcc13-scalar-r9-mlp8_cycle-scalar-warm-basic-4194304,mlp8-gcc13-scalar,basic,cycles,548740712,250038955,250038955
1,mlp8-gcc13-scalar-r9-mlp8_cycle-scalar-warm-basic-4194304,mlp8-gcc13-scalar,basic,instructions,592793225,250036804,250036804
1,mlp8-gcc13-scalar-r9-mlp8_cycle-scalar-warm-basic-4194304,mlp8-gcc13-scalar,basic,ref_cycles,548743140,250033672,250033672
1,mlp8-gcc13-scalar-r9-mlp8_cycle-scalar-warm-branch-262144,mlp8-gcc13-scalar,branch,cycles,548737813,250036630,250036630
1,mlp8-gcc13-scalar-r9-mlp8_cycle-scalar-warm-branch-262144,mlp8-gcc13-scalar,branch,branches,37816709,250034937,250034937
1,mlp8-gcc13-scalar-r9-mlp8_cycle-scalar-warm-branch-262144,mlp8-gcc13-scalar,branch,branch_misses,69338,250031369,250031369
1,mlp8-gcc13-scalar-r9-mlp8_cycle-scalar-warm-branch-28672,mlp8-gcc13-scalar,branch,cycles,548731764,250033528,250033528
1,mlp8-gcc13-scalar-r9-mlp8_cycle-scalar-warm-branch-28672,mlp8-gcc13-scalar,branch,branches,54377657,250032343,250032343
1,mlp8-gcc13-scalar-r9-mlp8_cycle-scalar-warm-branch-28672,mlp8-gcc13-scalar,branch,branch_misses,604370,250029052,250029052
1,mlp8-gcc13-scalar-r9-mlp8_cycle-scalar-warm-basic-28672,mlp8-gcc13-scalar,basic,cycles,548731437,250033046,250033046
1,mlp8-gcc13-scalar-r9-mlp8_cycle-scalar-warm-basic-28672,mlp8-gcc13-scalar,basic,instructions,1767021013,250031985,250031985
1,mlp8-gcc13-scalar-r9-mlp8_cycle-scalar-warm-basic-28672,mlp8-gcc13-scalar,basic,ref_cycles,548733790,250028882,250028882
1,mlp8-gcc13-scalar-r9-mlp8_cycle-scalar-warm-branch-6291456,mlp8-gcc13-scalar,branch,cycles,548996422,250157648,250157648
1,mlp8-gcc13-scalar-r9-mlp8_cycle-scalar-warm-branch-6291456,mlp8-gcc13-scalar,branch,branches,10683306,250155801,250155801
1,mlp8-gcc13-scalar-r9-mlp8_cycle-scalar-warm-branch-6291456,mlp8-gcc13-scalar,branch,branch_misses,913,250151935,250151935
1,mlp8-gcc13-scalar-r9-mlp8_cycle-scalar-cache_evicted-basic-262144,mlp8-gcc13-scalar,basic,cycles,548738537,250036736,250036736
1,mlp8-gcc13-scalar-r9-mlp8_cycle-scalar-cache_evicted-basic-262144,mlp8-gcc13-scalar,basic,instructions,1745289015,250035407,250035407
1,mlp8-gcc13-scalar-r9-mlp8_cycle-scalar-cache_evicted-basic-262144,mlp8-gcc13-scalar,basic,ref_cycles,548740808,250032408,250032408
1,mlp8-gcc13-scalar-r9-mlp8_cycle-scalar-warm-basic-7340032,mlp8-gcc13-scalar,basic,cycles,548734195,250036143,250036143
1,mlp8-gcc13-scalar-r9-mlp8_cycle-scalar-warm-basic-7340032,mlp8-gcc13-scalar,basic,instructions,504522715,250034961,250034961
1,mlp8-gcc13-scalar-r9-mlp8_cycle-scalar-warm-basic-7340032,mlp8-gcc13-scalar,basic,ref_cycles,548737288,250031559,250031559
1,mlp8-gcc13-scalar-r9-mlp8_cycle-scalar-warm-basic-24576,mlp8-gcc13-scalar,basic,cycles,548730745,250031701,250031701
1,mlp8-gcc13-scalar-r9-mlp8_cycle-scalar-warm-basic-24576,mlp8-gcc13-scalar,basic,instructions,1770783833,250029892,250029892
1,mlp8-gcc13-scalar-r9-mlp8_cycle-scalar-warm-basic-24576,mlp8-gcc13-scalar,basic,ref_cycles,548733086,250026501,250026501
1,mlp8-gcc13-scalar-r9-mlp8_cycle-scalar-warm-branch-393216,mlp8-gcc13-scalar,branch,cycles,548730557,250032429,250032429
1,mlp8-gcc13-scalar-r9-mlp8_cycle-scalar-warm-branch-393216,mlp8-gcc13-scalar,branch,branches,31264525,250030105,250030105
1,mlp8-gcc13-scalar-r9-mlp8_cycle-scalar-warm-branch-393216,mlp8-gcc13-scalar,branch,branch_misses,39038,250026758,250026758
1,mlp8-gcc13-scalar-r9-mlp8_cycle-scalar-warm-branch-32768,mlp8-gcc13-scalar,branch,cycles,548731209,250032928,250032928
1,mlp8-gcc13-scalar-r9-mlp8_cycle-scalar-warm-branch-32768,mlp8-gcc13-scalar,branch,branches,52695667,250030188,250030188
1,mlp8-gcc13-scalar-r9-mlp8_cycle-scalar-warm-branch-32768,mlp8-gcc13-scalar,branch,branch_misses,537854,250026487,250026487
1,mlp8-gcc13-scalar-r9-mlp8_cycle-scalar-warm-branch-33554432,mlp8-gcc13-scalar,branch,cycles,553880431,252383001,252383001
1,mlp8-gcc13-scalar-r9-mlp8_cycle-scalar-warm-branch-33554432,mlp8-gcc13-scalar,branch,branches,6425992,252383586,252383586
1,mlp8-gcc13-scalar-r9-mlp8_cycle-scalar-warm-branch-33554432,mlp8-gcc13-scalar,branch,branch_misses,142,252379578,252379578
1,mlp8-gcc13-scalar-r9-mlp8_cycle-scalar-cache_evicted-basic-32768,mlp8-gcc13-scalar,basic,cycles,548731660,250033952,250033952
1,mlp8-gcc13-scalar-r9-mlp8_cycle-scalar-cache_evicted-basic-32768,mlp8-gcc13-scalar,basic,instructions,1796037269,250032210,250032210
1,mlp8-gcc13-scalar-r9-mlp8_cycle-scalar-cache_evicted-basic-32768,mlp8-gcc13-scalar,basic,ref_cycles,548734208,250028976,250028976
1,mlp8-gcc13-scalar-r9-mlp8_cycle-scalar-warm-basic-8388608,mlp8-gcc13-scalar,basic,cycles,549232595,250265115,250265115
1,mlp8-gcc13-scalar-r9-mlp8_cycle-scalar-warm-basic-8388608,mlp8-gcc13-scalar,basic,instructions,489045290,250265239,250265239
1,mlp8-gcc13-scalar-r9-mlp8_cycle-scalar-warm-basic-8388608,mlp8-gcc13-scalar,basic,ref_cycles,549236644,250261631,250261631
1,mlp8-gcc13-scalar-r9-mlp8_cycle-scalar-warm-basic-36864,mlp8-gcc13-scalar,basic,cycles,548730748,250031396,250031396
1,mlp8-gcc13-scalar-r9-mlp8_cycle-scalar-warm-basic-36864,mlp8-gcc13-scalar,basic,instructions,1800713231,250027975,250027975
1,mlp8-gcc13-scalar-r9-mlp8_cycle-scalar-warm-basic-36864,mlp8-gcc13-scalar,basic,ref_cycles,548731524,250024575,250024575
1,mlp8-gcc13-scalar-r9-mlp8_cycle-scalar-cache_evicted-basic-536870912,mlp8-gcc13-scalar,basic,cycles,694002394,316222460,316222460
1,mlp8-gcc13-scalar-r9-mlp8_cycle-scalar-cache_evicted-basic-536870912,mlp8-gcc13-scalar,basic,instructions,154141940,316221301,316221301
1,mlp8-gcc13-scalar-r9-mlp8_cycle-scalar-cache_evicted-basic-536870912,mlp8-gcc13-scalar,basic,ref_cycles,694005774,316218123,316218123
1,mlp8-gcc13-scalar-r9-mlp8_cycle-scalar-warm-branch-7340032,mlp8-gcc13-scalar,branch,cycles,548862420,250097249,250097249
1,mlp8-gcc13-scalar-r9-mlp8_cycle-scalar-warm-branch-7340032,mlp8-gcc13-scalar,branch,branches,10289052,250096926,250096926
1,mlp8-gcc13-scalar-r9-mlp8_cycle-scalar-warm-branch-7340032,mlp8-gcc13-scalar,branch,branch_misses,762,250092926,250092926
1,mlp8-gcc13-scalar-r9-mlp8_cycle-scalar-warm-branch-196608,mlp8-gcc13-scalar,branch,cycles,548732212,250032917,250032917
1,mlp8-gcc13-scalar-r9-mlp8_cycle-scalar-warm-branch-196608,mlp8-gcc13-scalar,branch,branches,40123628,250030573,250030573
1,mlp8-gcc13-scalar-r9-mlp8_cycle-scalar-warm-branch-196608,mlp8-gcc13-scalar,branch,branch_misses,96071,250027489,250027489
1,mlp8-gcc13-scalar-r9-mlp8_cycle-scalar-warm-basic-16384,mlp8-gcc13-scalar,basic,cycles,548731397,250033074,250033074
1,mlp8-gcc13-scalar-r9-mlp8_cycle-scalar-warm-basic-16384,mlp8-gcc13-scalar,basic,instructions,1757516928,250030823,250030823
1,mlp8-gcc13-scalar-r9-mlp8_cycle-scalar-warm-basic-16384,mlp8-gcc13-scalar,basic,ref_cycles,548733042,250027499,250027499
1,mlp8-gcc13-scalar-r9-mlp8_cycle-scalar-warm-branch-12582912,mlp8-gcc13-scalar,branch,cycles,549130331,250219177,250219177
1,mlp8-gcc13-scalar-r9-mlp8_cycle-scalar-warm-branch-12582912,mlp8-gcc13-scalar,branch,branches,9499592,250216852,250216852
1,mlp8-gcc13-scalar-r9-mlp8_cycle-scalar-warm-branch-12582912,mlp8-gcc13-scalar,branch,branch_misses,433,250212869,250212869
1,mlp8-gcc13-scalar-r9-mlp8_cycle-scalar-warm-basic-12582912,mlp8-gcc13-scalar,basic,cycles,550092066,250654425,250654425
1,mlp8-gcc13-scalar-r9-mlp8_cycle-scalar-warm-basic-12582912,mlp8-gcc13-scalar,basic,instructions,473344370,250654583,250654583
1,mlp8-gcc13-scalar-r9-mlp8_cycle-scalar-warm-basic-12582912,mlp8-gcc13-scalar,basic,ref_cycles,550096184,250651104,250651104
1,mlp8-gcc13-scalar-r9-mlp8_cycle-scalar-warm-branch-134217728,mlp8-gcc13-scalar,branch,cycles,553274794,252107567,252107567
1,mlp8-gcc13-scalar-r9-mlp8_cycle-scalar-warm-branch-134217728,mlp8-gcc13-scalar,branch,branches,2884090,252107465,252107465
1,mlp8-gcc13-scalar-r9-mlp8_cycle-scalar-warm-branch-134217728,mlp8-gcc13-scalar,branch,branch_misses,76,252103612,252103612
1,mlp8-gcc13-scalar-r9-mlp8_cycle-scalar-warm-branch-131072,mlp8-gcc13-scalar,branch,cycles,548732885,250033688,250033688
1,mlp8-gcc13-scalar-r9-mlp8_cycle-scalar-warm-branch-131072,mlp8-gcc13-scalar,branch,branches,41918606,250029831,250029831
1,mlp8-gcc13-scalar-r9-mlp8_cycle-scalar-warm-branch-131072,mlp8-gcc13-scalar,branch,branch_misses,144631,250026395,250026395
1,mlp8-gcc13-scalar-r9-mlp8_cycle-scalar-warm-basic-229376,mlp8-gcc13-scalar,basic,cycles,548732488,250033109,250033109
1,mlp8-gcc13-scalar-r9-mlp8_cycle-scalar-warm-basic-229376,mlp8-gcc13-scalar,basic,instructions,1807600883,250032310,250032310
1,mlp8-gcc13-scalar-r9-mlp8_cycle-scalar-warm-basic-229376,mlp8-gcc13-scalar,basic,ref_cycles,548734934,250029145,250029145
1,mlp8-gcc13-scalar-r9-mlp8_cycle-scalar-warm-branch-1048576,mlp8-gcc13-scalar,branch,cycles,548756601,250046131,250046131
1,mlp8-gcc13-scalar-r9-mlp8_cycle-scalar-warm-branch-1048576,mlp8-gcc13-scalar,branch,branches,25433856,250044089,250044089
1,mlp8-gcc13-scalar-r9-mlp8_cycle-scalar-warm-branch-1048576,mlp8-gcc13-scalar,branch,branch_misses,12269,250040426,250040426
1,mlp8-gcc13-scalar-r9-mlp8_cycle-scalar-warm-branch-8192,mlp8-gcc13-scalar,branch,cycles,548731272,250033950,250033950
1,mlp8-gcc13-scalar-r9-mlp8_cycle-scalar-warm-branch-8192,mlp8-gcc13-scalar,branch,branches,84099075,250031920,250031920
1,mlp8-gcc13-scalar-r9-mlp8_cycle-scalar-warm-branch-8192,mlp8-gcc13-scalar,branch,branch_misses,455,250028580,250028580
1,mlp8-gcc13-scalar-r9-mlp8_cycle-scalar-warm-basic-49152,mlp8-gcc13-scalar,basic,cycles,548732571,250033503,250033503
1,mlp8-gcc13-scalar-r9-mlp8_cycle-scalar-warm-basic-49152,mlp8-gcc13-scalar,basic,instructions,1832916399,250031800,250031800
1,mlp8-gcc13-scalar-r9-mlp8_cycle-scalar-warm-basic-49152,mlp8-gcc13-scalar,basic,ref_cycles,548735088,250028940,250028940
1,mlp8-gcc13-scalar-r9-mlp8_cycle-scalar-warm-branch-2097152,mlp8-gcc13-scalar,branch,cycles,548761460,250047109,250047109
1,mlp8-gcc13-scalar-r9-mlp8_cycle-scalar-warm-branch-2097152,mlp8-gcc13-scalar,branch,branches,16144311,250045474,250045474
1,mlp8-gcc13-scalar-r9-mlp8_cycle-scalar-warm-branch-2097152,mlp8-gcc13-scalar,branch,branch_misses,3956,250042019,250042019
1,mlp8-gcc13-scalar-r9-mlp8_cycle-scalar-warm-branch-294912,mlp8-gcc13-scalar,branch,cycles,548732829,250033803,250033803
1,mlp8-gcc13-scalar-r9-mlp8_cycle-scalar-warm-branch-294912,mlp8-gcc13-scalar,branch,branches,35479620,250031227,250031227
1,mlp8-gcc13-scalar-r9-mlp8_cycle-scalar-warm-branch-294912,mlp8-gcc13-scalar,branch,branch_misses,58228,250027896,250027896
1,mlp8-gcc13-scalar-r10-mlp8_cycle-scalar-warm-basic-196608,mlp8-gcc13-scalar,basic,cycles,548736050,250036220,250036220
1,mlp8-gcc13-scalar-r10-mlp8_cycle-scalar-warm-basic-196608,mlp8-gcc13-scalar,basic,instructions,1855309489,250033963,250033963
1,mlp8-gcc13-scalar-r10-mlp8_cycle-scalar-warm-basic-196608,mlp8-gcc13-scalar,basic,ref_cycles,548738124,250030373,250030373
1,mlp8-gcc13-scalar-r10-mlp8_cycle-scalar-cache_evicted-basic-8388608,mlp8-gcc13-scalar,basic,cycles,548810559,250072213,250072213
1,mlp8-gcc13-scalar-r10-mlp8_cycle-scalar-cache_evicted-basic-8388608,mlp8-gcc13-scalar,basic,instructions,496272551,250071140,250071140
1,mlp8-gcc13-scalar-r10-mlp8_cycle-scalar-cache_evicted-basic-8388608,mlp8-gcc13-scalar,basic,ref_cycles,548814486,250067733,250067733
1,mlp8-gcc13-scalar-r10-mlp8_cycle-scalar-warm-basic-4194304,mlp8-gcc13-scalar,basic,cycles,548973809,250145391,250145391
1,mlp8-gcc13-scalar-r10-mlp8_cycle-scalar-warm-basic-4194304,mlp8-gcc13-scalar,basic,instructions,598014305,250145836,250145836
1,mlp8-gcc13-scalar-r10-mlp8_cycle-scalar-warm-basic-4194304,mlp8-gcc13-scalar,basic,ref_cycles,548978628,250142744,250142744
1,mlp8-gcc13-scalar-r10-mlp8_cycle-scalar-warm-branch-1048576,mlp8-gcc13-scalar,branch,cycles,548768435,250051260,250051260
1,mlp8-gcc13-scalar-r10-mlp8_cycle-scalar-warm-branch-1048576,mlp8-gcc13-scalar,branch,branches,25254845,250049136,250049136
1,mlp8-gcc13-scalar-r10-mlp8_cycle-scalar-warm-branch-1048576,mlp8-gcc13-scalar,branch,branch_misses,12189,250045930,250045930
1,mlp8-gcc13-scalar-r10-mlp8_cycle-scalar-warm-branch-33554432,mlp8-gcc13-scalar,branch,cycles,551065399,251100794,251100794
1,mlp8-gcc13-scalar-r10-mlp8_cycle-scalar-warm-branch-33554432,mlp8-gcc13-scalar,branch,branches,6753842,251100730,251100730
1,mlp8-gcc13-scalar-r10-mlp8_cycle-scalar-warm-branch-33554432,mlp8-gcc13-scalar,branch,branch_misses,151,251097281,251097281
1,mlp8-gcc13-scalar-r10-mlp8_cycle-scalar-warm-branch-262144,mlp8-gcc13-scalar,branch,cycles,548735167,250035353,250035353
1,mlp8-gcc13-scalar-r10-mlp8_cycle-scalar-warm-branch-262144,mlp8-gcc13-scalar,branch,branches,37805230,250032918,250032918
1,mlp8-gcc13-scalar-r10-mlp8_cycle-scalar-warm-branch-262144,mlp8-gcc13-scalar,branch,branch_misses,69308,250029143,250029143
1,mlp8-gcc13-scalar-r10-mlp8_cycle-scalar-warm-branch-7340032,mlp8-gcc13-scalar,branch,cycles,549135263,250220849,250220849
1,mlp8-gcc13-scalar-r10-mlp8_cycle-scalar-warm-branch-7340032,mlp8-gcc13-scalar,branch,branches,10346532,250219151,250219151
1,mlp8-gcc13-scalar-r10-mlp8_cycle-scalar-warm-branch-7340032,mlp8-gcc13-scalar,branch,branch_misses,768,250215501,250215501
1,mlp8-gcc13-scalar-r10-mlp8_cycle-scalar-warm-branch-98304,mlp8-gcc13-scalar,branch,cycles,548731195,250033812,250033812
1,mlp8-gcc13-scalar-r10-mlp8_cycle-scalar-warm-branch-98304,mlp8-gcc13-scalar,branch,branches,43715584,250031605,250031605
1,mlp8-gcc13-scalar-r10-mlp8_cycle-scalar-warm-branch-98304,mlp8-gcc13-scalar,branch,branch_misses,195019,250027866,250027866
1,mlp8-gcc13-scalar-r10-mlp8_cycle-scalar-warm-basic-7340032,mlp8-gcc13-scalar,basic,cycles,549397199,250337740,250337740
1,mlp8-gcc13-scalar-r10-mlp8_cycle-scalar-warm-basic-7340032,mlp8-gcc13-scalar,basic,instructions,495387928,250335530,250335530
1,mlp8-gcc13-scalar-r10-mlp8_cycle-scalar-warm-basic-7340032,mlp8-gcc13-scalar,basic,ref_cycles,549399510,250332298,250332298
1,mlp8-gcc13-scalar-r10-mlp8_cycle-scalar-warm-branch-65536,mlp8-gcc13-scalar,branch,cycles,548732490,250033543,250033543
1,mlp8-gcc13-scalar-r10-mlp8_cycle-scalar-warm-branch-65536,mlp8-gcc13-scalar,branch,branches,46123994,250032893,250032893
1,mlp8-gcc13-scalar-r10-mlp8_cycle-scalar-warm-branch-65536,mlp8-gcc13-scalar,branch,branch_misses,284864,250029737,250029737
1,mlp8-gcc13-scalar-r10-mlp8_cycle-scalar-warm-basic-36864,mlp8-gcc13-scalar,basic,cycles,548731309,250031492,250031492
1,mlp8-gcc13-scalar-r10-mlp8_cycle-scalar-warm-basic-36864,mlp8-gcc13-scalar,basic,instructions,1802097180,250028206,250028206
1,mlp8-gcc13-scalar-r10-mlp8_cycle-scalar-warm-basic-36864,mlp8-gcc13-scalar,basic,ref_cycles,548732536,250024801,250024801
1,mlp8-gcc13-scalar-r10-mlp8_cycle-scalar-warm-branch-24576,mlp8-gcc13-scalar,branch,cycles,548731962,250033042,250033042
1,mlp8-gcc13-scalar-r10-mlp8_cycle-scalar-warm-branch-24576,mlp8-gcc13-scalar,branch,branches,56508125,250032809,250032809
1,mlp8-gcc13-scalar-r10-mlp8_cycle-scalar-warm-branch-24576,mlp8-gcc13-scalar,branch,branch_misses,689299,250029949,250029949
1,mlp8-gcc13-scalar-r10-mlp8_cycle-scalar-warm-basic-8192,mlp8-gcc13-scalar,basic,cycles,548731860,250033313,250033313
1,mlp8-gcc13-scalar-r10-mlp8_cycle-scalar-warm-basic-8192,mlp8-gcc13-scalar,basic,instructions,1672462974,250031669,250031669
1,mlp8-gcc13-scalar-r10-mlp8_cycle-scalar-warm-basic-8192,mlp8-gcc13-scalar,basic,ref_cycles,548734098,250028391,250028391
1,mlp8-gcc13-scalar-r10-mlp8_cycle-scalar-warm-basic-16384,mlp8-gcc13-scalar,basic,cycles,548731218,250032048,250032048
1,mlp8-gcc13-scalar-r10-mlp8_cycle-scalar-warm-basic-16384,mlp8-gcc13-scalar,basic,instructions,1742784204,250029587,250029587
1,mlp8-gcc13-scalar-r10-mlp8_cycle-scalar-warm-basic-16384,mlp8-gcc13-scalar,basic,ref_cycles,548733042,250026426,250026426
1,mlp8-gcc13-scalar-r10-mlp8_cycle-scalar-cache_evicted-branch-536870912,mlp8-gcc13-scalar,branch,cycles,691438648,315057105,315057105
1,mlp8-gcc13-scalar-r10-mlp8_cycle-scalar-cache_evicted-branch-536870912,mlp8-gcc13-scalar,branch,branches,3145962,315055935,315055935
1,mlp8-gcc13-scalar-r10-mlp8_cycle-scalar-cache_evicted-branch-536870912,mlp8-gcc13-scalar,branch,branch_misses,43,315052571,315052571
1,mlp8-gcc13-scalar-r10-mlp8_cycle-scalar-cache_evicted-basic-33554432,mlp8-gcc13-scalar,basic,cycles,549331494,250312049,250312049
1,mlp8-gcc13-scalar-r10-mlp8_cycle-scalar-cache_evicted-basic-33554432,mlp8-gcc13-scalar,basic,instructions,199112203,250310344,250310344
1,mlp8-gcc13-scalar-r10-mlp8_cycle-scalar-cache_evicted-basic-33554432,mlp8-gcc13-scalar,basic,ref_cycles,549335534,250307102,250307102
1,mlp8-gcc13-scalar-r10-mlp8_cycle-scalar-warm-branch-8388608,mlp8-gcc13-scalar,branch,cycles,548937855,250131740,250131740
1,mlp8-gcc13-scalar-r10-mlp8_cycle-scalar-warm-branch-8388608,mlp8-gcc13-scalar,branch,branches,10146456,250131092,250131092
1,mlp8-gcc13-scalar-r10-mlp8_cycle-scalar-warm-branch-8388608,mlp8-gcc13-scalar,branch,branch_misses,668,250127484,250127484
1,mlp8-gcc13-scalar-r10-mlp8_cycle-scalar-cache_evicted-basic-262144,mlp8-gcc13-scalar,basic,cycles,548737206,250035413,250035413
1,mlp8-gcc13-scalar-r10-mlp8_cycle-scalar-cache_evicted-basic-262144,mlp8-gcc13-scalar,basic,instructions,1764114815,250033706,250033706
1,mlp8-gcc13-scalar-r10-mlp8_cycle-scalar-cache_evicted-basic-262144,mlp8-gcc13-scalar,basic,ref_cycles,548739114,250030573,250030573
1,mlp8-gcc13-scalar-r10-mlp8_cycle-scalar-warm-basic-2097152,mlp8-gcc13-scalar,basic,cycles,548740377,250037576,250037576
1,mlp8-gcc13-scalar-r10-mlp8_cycle-scalar-warm-basic-2097152,mlp8-gcc13-scalar,basic,instructions,785184265,250036264,250036264
1,mlp8-gcc13-scalar-r10-mlp8_cycle-scalar-warm-basic-2097152,mlp8-gcc13-scalar,basic,ref_cycles,548742392,250032798,250032798
1,mlp8-gcc13-scalar-r10-mlp8_cycle-scalar-warm-branch-5242880,mlp8-gcc13-scalar,branch,cycles,549014149,250164486,250164486
1,mlp8-gcc13-scalar-r10-mlp8_cycle-scalar-warm-branch-5242880,mlp8-gcc13-scalar,branch,branches,11291258,250163903,250163903
1,mlp8-gcc13-scalar-r10-mlp8_cycle-scalar-warm-branch-5242880,mlp8-gcc13-scalar,branch,branch_misses,1146,250160535,250160535
1,mlp8-gcc13-scalar-r10-mlp8_cycle-scalar-warm-branch-393216,mlp8-gcc13-scalar,branch,cycles,548733889,250034030,250034030
1,mlp8-gcc13-scalar-r10-mlp8_cycle-scalar-warm-branch-393216,mlp8-gcc13-scalar,branch,branches,30807391,250031142,250031142
1,mlp8-gcc13-scalar-r10-mlp8_cycle-scalar-warm-branch-393216,mlp8-gcc13-scalar,branch,branch_misses,38468,250027147,250027147
1,mlp8-gcc13-scalar-r10-mlp8_cycle-scalar-warm-branch-32768,mlp8-gcc13-scalar,branch,cycles,548731177,250032097,250032097
1,mlp8-gcc13-scalar-r10-mlp8_cycle-scalar-warm-branch-32768,mlp8-gcc13-scalar,branch,branches,52530775,250029580,250029580
1,mlp8-gcc13-scalar-r10-mlp8_cycle-scalar-warm-branch-32768,mlp8-gcc13-scalar,branch,branch_misses,536179,250025660,250025660
1,mlp8-gcc13-scalar-r10-mlp8_cycle-scalar-warm-basic-131072,mlp8-gcc13-scalar,basic,cycles,548731574,250032148,250032148
1,mlp8-gcc13-scalar-r10-mlp8_cycle-scalar-warm-basic-131072,mlp8-gcc13-scalar,basic,instructions,1859001980,250030568,250030568
1,mlp8-gcc13-scalar-r10-mlp8_cycle-scalar-warm-basic-131072,mlp8-gcc13-scalar,basic,ref_cycles,548733878,250027669,250027669
1,mlp8-gcc13-scalar-r10-mlp8_cycle-scalar-warm-basic-8388608,mlp8-gcc13-scalar,basic,cycles,549438000,250357138,250357138
1,mlp8-gcc13-scalar-r10-mlp8_cycle-scalar-warm-basic-8388608,mlp8-gcc13-scalar,basic,instructions,501893754,250357812,250357812
1,mlp8-gcc13-scalar-r10-mlp8_cycle-scalar-warm-basic-8388608,mlp8-gcc13-scalar,basic,ref_cycles,549442146,250354693,250354693
1,mlp8-gcc13-scalar-r10-mlp8_cycle-scalar-warm-basic-98304,mlp8-gcc13-scalar,basic,cycles,548732169,250033255,250033255
1,mlp8-gcc13-scalar-r10-mlp8_cycle-scalar-warm-basic-98304,mlp8-gcc13-scalar,basic,instructions,1852110821,250031751,250031751
1,mlp8-gcc13-scalar-r10-mlp8_cycle-scalar-warm-basic-98304,mlp8-gcc13-scalar,basic,ref_cycles,548734692,250028793,250028793
1,mlp8-gcc13-scalar-r10-mlp8_cycle-scalar-cache_evicted-basic-32768,mlp8-gcc13-scalar,basic,cycles,548731471,250032906,250032906
1,mlp8-gcc13-scalar-r10-mlp8_cycle-scalar-cache_evicted-basic-32768,mlp8-gcc13-scalar,basic,instructions,1785819931,250031087,250031087
1,mlp8-gcc13-scalar-r10-mlp8_cycle-scalar-cache_evicted-basic-32768,mlp8-gcc13-scalar,basic,ref_cycles,548733042,250027675,250027675
1,mlp8-gcc13-scalar-r10-mlp8_cycle-scalar-warm-basic-262144,mlp8-gcc13-scalar,basic,cycles,548738123,250035127,250035127
1,mlp8-gcc13-scalar-r10-mlp8_cycle-scalar-warm-basic-262144,mlp8-gcc13-scalar,basic,instructions,1746807177,250033170,250033170
1,mlp8-gcc13-scalar-r10-mlp8_cycle-scalar-warm-basic-262144,mlp8-gcc13-scalar,basic,ref_cycles,548739532,250030056,250030056
1,mlp8-gcc13-scalar-r10-mlp8_cycle-scalar-warm-basic-12582912,mlp8-gcc13-scalar,basic,cycles,550048151,250635398,250635398
1,mlp8-gcc13-scalar-r10-mlp8_cycle-scalar-warm-basic-12582912,mlp8-gcc13-scalar,basic,instructions,467322185,250635032,250635032
1,mlp8-gcc13-scalar-r10-mlp8_cycle-scalar-warm-basic-12582912,mlp8-gcc13-scalar,basic,ref_cycles,550052382,250631677,250631677
1,mlp8-gcc13-scalar-r10-mlp8_cycle-scalar-warm-branch-36864,mlp8-gcc13-scalar,branch,cycles,548731105,250032238,250032238
1,mlp8-gcc13-scalar-r10-mlp8_cycle-scalar-warm-branch-36864,mlp8-gcc13-scalar,branch,branches,50479061,250029240,250029240
1,mlp8-gcc13-scalar-r10-mlp8_cycle-scalar-warm-branch-36864,mlp8-gcc13-scalar,branch,branch_misses,476354,250025346,250025346
1,mlp8-gcc13-scalar-r10-mlp8_cycle-scalar-warm-basic-33554432,mlp8-gcc13-scalar,basic,cycles,549817005,250531132,250531132
1,mlp8-gcc13-scalar-r10-mlp8_cycle-scalar-warm-basic-33554432,mlp8-gcc13-scalar,basic,instructions,314725375,250531990,250531990
1,mlp8-gcc13-scalar-r10-mlp8_cycle-scalar-warm-basic-33554432,mlp8-gcc13-scalar,basic,ref_cycles,549821470,250528507,250528507
1,mlp8-gcc13-scalar-r10-mlp8_cycle-scalar-warm-basic-32768,mlp8-gcc13-scalar,basic,cycles,548731134,250032745,250032745
1,mlp8-gcc13-scalar-r10-mlp8_cycle-scalar-warm-basic-32768,mlp8-gcc13-scalar,basic,instructions,1800554889,250030524,250030524
1,mlp8-gcc13-scalar-r10-mlp8_cycle-scalar-warm-basic-32768,mlp8-gcc13-scalar,basic,ref_cycles,548733262,250027270,250027270
1,mlp8-gcc13-scalar-r10-mlp8_cycle-scalar-cache_evicted-basic-6291456,mlp8-gcc13-scalar,basic,cycles,548838844,250084403,250084403
1,mlp8-gcc13-scalar-r10-mlp8_cycle-scalar-cache_evicted-basic-6291456,mlp8-gcc13-scalar,basic,instructions,529444304,250085231,250085231
1,mlp8-gcc13-scalar-r10-mlp8_cycle-scalar-cache_evicted-basic-6291456,mlp8-gcc13-scalar,basic,ref_cycles,548843262,250082519,250082519
1,mlp8-gcc13-scalar-r10-mlp8_cycle-scalar-cache_evicted-branch-262144,mlp8-gcc13-scalar,branch,cycles,548737280,250041602,250041602
1,mlp8-gcc13-scalar-r10-mlp8_cycle-scalar-cache_evicted-branch-262144,mlp8-gcc13-scalar,branch,branches,37933853,250039275,250039275
1,mlp8-gcc13-scalar-r10-mlp8_cycle-scalar-cache_evicted-branch-262144,mlp8-gcc13-scalar,branch,branch_misses,69644,250035100,250035100
1,mlp8-gcc13-scalar-r10-mlp8_cycle-scalar-warm-basic-229376,mlp8-gcc13-scalar,basic,cycles,548733286,250033693,250033693
1,mlp8-gcc13-scalar-r10-mlp8_cycle-scalar-warm-basic-229376,mlp8-gcc13-scalar,basic,instructions,1813230821,250031248,250031248
1,mlp8-gcc13-scalar-r10-mlp8_cycle-scalar-warm-basic-229376,mlp8-gcc13-scalar,basic,ref_cycles,548735814,250028257,250028257
1,mlp8-gcc13-scalar-r10-mlp8_cycle-scalar-warm-branch-6291456,mlp8-gcc13-scalar,branch,cycles,549001494,250157695,250157695
1,mlp8-gcc13-scalar-r10-mlp8_cycle-scalar-warm-branch-6291456,mlp8-gcc13-scalar,branch,branches,10707950,250155793,250155793
1,mlp8-gcc13-scalar-r10-mlp8_cycle-scalar-warm-branch-6291456,mlp8-gcc13-scalar,branch,branch_misses,915,250151877,250151877
1,mlp8-gcc13-scalar-r10-mlp8_cycle-scalar-warm-branch-28672,mlp8-gcc13-scalar,branch,cycles,548731023,250032866,250032866
1,mlp8-gcc13-scalar-r10-mlp8_cycle-scalar-warm-branch-28672,mlp8-gcc13-scalar,branch,branches,54238789,250030026,250030026
1,mlp8-gcc13-scalar-r10-mlp8_cycle-scalar-warm-branch-28672,mlp8-gcc13-scalar,branch,branch_misses,602817,250026144,250026144
1,mlp8-gcc13-scalar-r10-mlp8_cycle-scalar-warm-branch-49152,mlp8-gcc13-scalar,branch,cycles,548731371,250033631,250033631
1,mlp8-gcc13-scalar-r10-mlp8_cycle-scalar-warm-branch-49152,mlp8-gcc13-scalar,branch,branches,48442247,250031449,250031449
1,mlp8-gcc13-scalar-r10-mlp8_cycle-scalar-warm-branch-49152,mlp8-gcc13-scalar,branch,branch_misses,372757,250027887,250027887
1,mlp8-gcc13-scalar-r10-mlp8_cycle-scalar-warm-basic-524288,mlp8-gcc13-scalar,basic,cycles,548740121,250036878,250036878
1,mlp8-gcc13-scalar-r10-mlp8_cycle-scalar-warm-basic-524288,mlp8-gcc13-scalar,basic,instructions,1347604115,250034338,250034338
1,mlp8-gcc13-scalar-r10-mlp8_cycle-scalar-warm-basic-524288,mlp8-gcc13-scalar,basic,ref_cycles,548741754,250030947,250030947
1,mlp8-gcc13-scalar-r10-mlp8_cycle-scalar-warm-branch-12582912,mlp8-gcc13-scalar,branch,cycles,549465577,250371557,250371557
1,mlp8-gcc13-scalar-r10-mlp8_cycle-scalar-warm-branch-12582912,mlp8-gcc13-scalar,branch,branches,9573425,250369857,250369857
1,mlp8-gcc13-scalar-r10-mlp8_cycle-scalar-warm-branch-12582912,mlp8-gcc13-scalar,branch,branch_misses,438,250366144,250366144
1,mlp8-gcc13-scalar-r10-mlp8_cycle-scalar-warm-basic-134217728,mlp8-gcc13-scalar,basic,cycles,556365880,253516472,253516472
1,mlp8-gcc13-scalar-r10-mlp8_cycle-scalar-warm-basic-134217728,mlp8-gcc13-scalar,basic,instructions,128453319,253515633,253515633
1,mlp8-gcc13-scalar-r10-mlp8_cycle-scalar-warm-basic-134217728,mlp8-gcc13-scalar,basic,ref_cycles,556369572,253512597,253512597
1,mlp8-gcc13-scalar-r10-mlp8_cycle-scalar-warm-branch-196608,mlp8-gcc13-scalar,branch,cycles,548733881,250035700,250035700
1,mlp8-gcc13-scalar-r10-mlp8_cycle-scalar-warm-branch-196608,mlp8-gcc13-scalar,branch,branches,40593005,250034539,250034539
1,mlp8-gcc13-scalar-r10-mlp8_cycle-scalar-warm-branch-196608,mlp8-gcc13-scalar,branch,branch_misses,97179,250031106,250031106
1,mlp8-gcc13-scalar-r10-mlp8_cycle-scalar-warm-branch-2097152,mlp8-gcc13-scalar,branch,cycles,548772377,250053339,250053339
1,mlp8-gcc13-scalar-r10-mlp8_cycle-scalar-warm-branch-2097152,mlp8-gcc13-scalar,branch,branches,16160822,250051464,250051464
1,mlp8-gcc13-scalar-r10-mlp8_cycle-scalar-warm-branch-2097152,mlp8-gcc13-scalar,branch,branch_misses,3962,250048254,250048254
1,mlp8-gcc13-scalar-r10-mlp8_cycle-scalar-cache_evicted-branch-6291456,mlp8-gcc13-scalar,branch,cycles,548743745,250040928,250040928
1,mlp8-gcc13-scalar-r10-mlp8_cycle-scalar-cache_evicted-branch-6291456,mlp8-gcc13-scalar,branch,branches,10412222,250038686,250038686
1,mlp8-gcc13-scalar-r10-mlp8_cycle-scalar-cache_evicted-branch-6291456,mlp8-gcc13-scalar,branch,branch_misses,890,250034971,250034971
1,mlp8-gcc13-scalar-r10-mlp8_cycle-scalar-warm-basic-536870912,mlp8-gcc13-scalar,basic,cycles,707955361,322579870,322579870
1,mlp8-gcc13-scalar-r10-mlp8_cycle-scalar-warm-basic-536870912,mlp8-gcc13-scalar,basic,instructions,154141940,322578949,322578949
1,mlp8-gcc13-scalar-r10-mlp8_cycle-scalar-warm-basic-536870912,mlp8-gcc13-scalar,basic,ref_cycles,707958218,322575514,322575514
1,mlp8-gcc13-scalar-r10-mlp8_cycle-scalar-cache_evicted-branch-1048576,mlp8-gcc13-scalar,branch,cycles,548764845,250050033,250050033
1,mlp8-gcc13-scalar-r10-mlp8_cycle-scalar-cache_evicted-branch-1048576,mlp8-gcc13-scalar,branch,branches,25194417,250046896,250046896
1,mlp8-gcc13-scalar-r10-mlp8_cycle-scalar-cache_evicted-branch-1048576,mlp8-gcc13-scalar,branch,branch_misses,12152,250042726,250042726
1,mlp8-gcc13-scalar-r10-mlp8_cycle-scalar-warm-basic-393216,mlp8-gcc13-scalar,basic,cycles,548730358,250030460,250030460
1,mlp8-gcc13-scalar-r10-mlp8_cycle-scalar-warm-basic-393216,mlp8-gcc13-scalar,basic,instructions,1456919724,250027570,250027570
1,mlp8-gcc13-scalar-r10-mlp8_cycle-scalar-warm-basic-393216,mlp8-gcc13-scalar,basic,ref_cycles,548731216,250024023,250024023
1,mlp8-gcc13-scalar-r10-mlp8_cycle-scalar-warm-basic-28672,mlp8-gcc13-scalar,basic,cycles,548731183,250030924,250030924
1,mlp8-gcc13-scalar-r10-mlp8_cycle-scalar-warm-basic-28672,mlp8-gcc13-scalar,basic,instructions,1776086828,250029119,250029119
1,mlp8-gcc13-scalar-r10-mlp8_cycle-scalar-warm-basic-28672,mlp8-gcc13-scalar,basic,ref_cycles,548732470,250025773,250025773
1,mlp8-gcc13-scalar-r10-mlp8_cycle-scalar-warm-basic-1048576,mlp8-gcc13-scalar,basic,cycles,548740191,250035896,250035896
1,mlp8-gcc13-scalar-r10-mlp8_cycle-scalar-warm-basic-1048576,mlp8-gcc13-scalar,basic,instructions,1218345638,250032164,250032164
1,mlp8-gcc13-scalar-r10-mlp8_cycle-scalar-warm-basic-1048576,mlp8-gcc13-scalar,basic,ref_cycles,548741160,250028557,250028557
1,mlp8-gcc13-scalar-r10-mlp8_cycle-scalar-warm-basic-24576,mlp8-gcc13-scalar,basic,cycles,548731989,250032148,250032148
1,mlp8-gcc13-scalar-r10-mlp8_cycle-scalar-warm-basic-24576,mlp8-gcc13-scalar,basic,instructions,1769095554,250031710,250031710
1,mlp8-gcc13-scalar-r10-mlp8_cycle-scalar-warm-basic-24576,mlp8-gcc13-scalar,basic,ref_cycles,548734318,250028524,250028524
1,mlp8-gcc13-scalar-r10-mlp8_cycle-scalar-cache_evicted-branch-32768,mlp8-gcc13-scalar,branch,cycles,548730677,250033099,250033099
1,mlp8-gcc13-scalar-r10-mlp8_cycle-scalar-cache_evicted-branch-32768,mlp8-gcc13-scalar,branch,branches,52680126,250030325,250030325
1,mlp8-gcc13-scalar-r10-mlp8_cycle-scalar-cache_evicted-branch-32768,mlp8-gcc13-scalar,branch,branch_misses,537696,250026110,250026110
1,mlp8-gcc13-scalar-r10-mlp8_cycle-scalar-warm-branch-524288,mlp8-gcc13-scalar,branch,cycles,548738304,250034841,250034841
1,mlp8-gcc13-scalar-r10-mlp8_cycle-scalar-warm-branch-524288,mlp8-gcc13-scalar,branch,branches,28392771,250032494,250032494
1,mlp8-gcc13-scalar-r10-mlp8_cycle-scalar-warm-branch-524288,mlp8-gcc13-scalar,branch,branch_misses,26893,250028720,250028720
1,mlp8-gcc13-scalar-r10-mlp8_cycle-scalar-warm-branch-134217728,mlp8-gcc13-scalar,branch,cycles,591869835,269693066,269693066
1,mlp8-gcc13-scalar-r10-mlp8_cycle-scalar-warm-branch-134217728,mlp8-gcc13-scalar,branch,branches,2884090,269691494,269691494
1,mlp8-gcc13-scalar-r10-mlp8_cycle-scalar-warm-branch-134217728,mlp8-gcc13-scalar,branch,branch_misses,96,269687708,269687708
1,mlp8-gcc13-scalar-r10-mlp8_cycle-scalar-warm-branch-8192,mlp8-gcc13-scalar,branch,cycles,548731441,250033948,250033948
1,mlp8-gcc13-scalar-r10-mlp8_cycle-scalar-warm-branch-8192,mlp8-gcc13-scalar,branch,branches,84051301,250032522,250032522
1,mlp8-gcc13-scalar-r10-mlp8_cycle-scalar-warm-branch-8192,mlp8-gcc13-scalar,branch,branch_misses,513,250029215,250029215
1,mlp8-gcc13-scalar-r10-mlp8_cycle-scalar-warm-branch-4194304,mlp8-gcc13-scalar,branch,cycles,548900918,250112586,250112586
1,mlp8-gcc13-scalar-r10-mlp8_cycle-scalar-warm-branch-4194304,mlp8-gcc13-scalar,branch,branches,12215749,250111839,250111839
1,mlp8-gcc13-scalar-r10-mlp8_cycle-scalar-warm-branch-4194304,mlp8-gcc13-scalar,branch,branch_misses,1536,250108440,250108440
1,mlp8-gcc13-scalar-r10-mlp8_cycle-scalar-cache_evicted-basic-1048576,mlp8-gcc13-scalar,basic,cycles,548756905,250044249,250044249
1,mlp8-gcc13-scalar-r10-mlp8_cycle-scalar-cache_evicted-basic-1048576,mlp8-gcc13-scalar,basic,instructions,1212512841,250040977,250040977
1,mlp8-gcc13-scalar-r10-mlp8_cycle-scalar-cache_evicted-basic-1048576,mlp8-gcc13-scalar,basic,ref_cycles,548758012,250037393,250037393
1,mlp8-gcc13-scalar-r10-mlp8_cycle-scalar-warm-branch-131072,mlp8-gcc13-scalar,branch,cycles,548731919,250033066,250033066
1,mlp8-gcc13-scalar-r10-mlp8_cycle-scalar-warm-branch-131072,mlp8-gcc13-scalar,branch,branches,42263713,250030342,250030342
1,mlp8-gcc13-scalar-r10-mlp8_cycle-scalar-warm-branch-131072,mlp8-gcc13-scalar,branch,branch_misses,145828,250026657,250026657
1,mlp8-gcc13-scalar-r10-mlp8_cycle-scalar-cache_evicted-branch-8388608,mlp8-gcc13-scalar,branch,cycles,549053338,250182958,250182958
1,mlp8-gcc13-scalar-r10-mlp8_cycle-scalar-cache_evicted-branch-8388608,mlp8-gcc13-scalar,branch,branches,10097205,250180462,250180462
1,mlp8-gcc13-scalar-r10-mlp8_cycle-scalar-cache_evicted-branch-8388608,mlp8-gcc13-scalar,branch,branch_misses,655,250176606,250176606
1,mlp8-gcc13-scalar-r10-mlp8_cycle-scalar-warm-branch-294912,mlp8-gcc13-scalar,branch,cycles,548740243,250037598,250037598
1,mlp8-gcc13-scalar-r10-mlp8_cycle-scalar-warm-branch-294912,mlp8-gcc13-scalar,branch,branches,35538176,250036327,250036327
1,mlp8-gcc13-scalar-r10-mlp8_cycle-scalar-warm-branch-294912,mlp8-gcc13-scalar,branch,branch_misses,58318,250032693,250032693
1,mlp8-gcc13-scalar-r10-mlp8_cycle-scalar-warm-branch-16384,mlp8-gcc13-scalar,branch,cycles,548730549,250031730,250031730
1,mlp8-gcc13-scalar-r10-mlp8_cycle-scalar-warm-branch-16384,mlp8-gcc13-scalar,branch,branches,63589355,250028722,250028722
1,mlp8-gcc13-scalar-r10-mlp8_cycle-scalar-warm-branch-16384,mlp8-gcc13-scalar,branch,branch_misses,963717,250025111,250025111
1,mlp8-gcc13-scalar-r10-mlp8_cycle-scalar-cache_evicted-basic-536870912,mlp8-gcc13-scalar,basic,cycles,690145444,314465500,314465500
1,mlp8-gcc13-scalar-r10-mlp8_cycle-scalar-cache_evicted-basic-536870912,mlp8-gcc13-scalar,basic,instructions,154141940,314464299,314464299
1,mlp8-gcc13-scalar-r10-mlp8_cycle-scalar-cache_evicted-basic-536870912,mlp8-gcc13-scalar,basic,ref_cycles,690148734,314461203,314461203
1,mlp8-gcc13-scalar-r10-mlp8_cycle-scalar-warm-basic-5242880,mlp8-gcc13-scalar,basic,cycles,548741754,250040113,250040113
1,mlp8-gcc13-scalar-r10-mlp8_cycle-scalar-warm-basic-5242880,mlp8-gcc13-scalar,basic,instructions,553174875,250039419,250039419
1,mlp8-gcc13-scalar-r10-mlp8_cycle-scalar-warm-basic-5242880,mlp8-gcc13-scalar,basic,ref_cycles,548745472,250036108,250036108
1,mlp8-gcc13-scalar-r10-mlp8_cycle-scalar-warm-branch-229376,mlp8-gcc13-scalar,branch,cycles,548732443,250034116,250034116
1,mlp8-gcc13-scalar-r10-mlp8_cycle-scalar-warm-branch-229376,mlp8-gcc13-scalar,branch,branches,39472112,250032423,250032423
1,mlp8-gcc13-scalar-r10-mlp8_cycle-scalar-warm-branch-229376,mlp8-gcc13-scalar,branch,branch_misses,81951,250028707,250028707
1,mlp8-gcc13-scalar-r10-mlp8_cycle-scalar-warm-basic-65536,mlp8-gcc13-scalar,basic,cycles,548732229,250033790,250033790
1,mlp8-gcc13-scalar-r10-mlp8_cycle-scalar-warm-basic-65536,mlp8-gcc13-scalar,basic,instructions,1840852737,250031688,250031688
1,mlp8-gcc13-scalar-r10-mlp8_cycle-scalar-warm-basic-65536,mlp8-gcc13-scalar,basic,ref_cycles,548734758,250028488,250028488
1,mlp8-gcc13-scalar-r10-mlp8_cycle-scalar-warm-branch-536870912,mlp8-gcc13-scalar,branch,cycles,689034226,313961804,313961804
1,mlp8-gcc13-scalar-r10-mlp8_cycle-scalar-warm-branch-536870912,mlp8-gcc13-scalar,branch,branches,3145962,313959848,313959848
1,mlp8-gcc13-scalar-r10-mlp8_cycle-scalar-warm-branch-536870912,mlp8-gcc13-scalar,branch,branch_misses,41,313955778,313955778
1,mlp8-gcc13-scalar-r10-mlp8_cycle-scalar-warm-basic-6291456,mlp8-gcc13-scalar,basic,cycles,548978050,250152186,250152186
1,mlp8-gcc13-scalar-r10-mlp8_cycle-scalar-warm-basic-6291456,mlp8-gcc13-scalar,basic,instructions,515590830,250153098,250153098
1,mlp8-gcc13-scalar-r10-mlp8_cycle-scalar-warm-basic-6291456,mlp8-gcc13-scalar,basic,ref_cycles,548983776,250150281,250150281
1,mlp8-gcc13-scalar-r10-mlp8_cycle-scalar-warm-basic-294912,mlp8-gcc13-scalar,basic,cycles,548733398,250033394,250033394
1,mlp8-gcc13-scalar-r10-mlp8_cycle-scalar-warm-basic-294912,mlp8-gcc13-scalar,basic,instructions,1659043736,250031606,250031606
1,mlp8-gcc13-scalar-r10-mlp8_cycle-scalar-warm-basic-294912,mlp8-gcc13-scalar,basic,ref_cycles,548736056,250028636,250028636
1,mlp8-gcc13-scalar-r10-mlp8_cycle-scalar-cache_evicted-branch-33554432,mlp8-gcc13-scalar,branch,cycles,554745887,252934976,252934976
1,mlp8-gcc13-scalar-r10-mlp8_cycle-scalar-cache_evicted-branch-33554432,mlp8-gcc13-scalar,branch,branches,4852329,252937976,252937976
1,mlp8-gcc13-scalar-r10-mlp8_cycle-scalar-cache_evicted-branch-33554432,mlp8-gcc13-scalar,branch,branch_misses,181,252934999,252934999
1,mlp8-gcc13-scalar-r10-mlp8_cycle-scalar-warm-basic-49152,mlp8-gcc13-scalar,basic,cycles,548732388,250033819,250033819
1,mlp8-gcc13-scalar-r10-mlp8_cycle-scalar-warm-basic-49152,mlp8-gcc13-scalar,basic,instructions,1828977947,250032502,250032502
1,mlp8-gcc13-scalar-r10-mlp8_cycle-scalar-warm-basic-49152,mlp8-gcc13-scalar,basic,ref_cycles,548734890,250029546,250029546
1,mlp8-gcc13-scalar-r11-mlp8_cycle-scalar-cache_evicted-basic-32768,mlp8-gcc13-scalar,basic,cycles,548730674,250032866,250032866
1,mlp8-gcc13-scalar-r11-mlp8_cycle-scalar-cache_evicted-basic-32768,mlp8-gcc13-scalar,basic,instructions,1797383273,250030575,250030575
1,mlp8-gcc13-scalar-r11-mlp8_cycle-scalar-cache_evicted-basic-32768,mlp8-gcc13-scalar,basic,ref_cycles,548732712,250026952,250026952
1,mlp8-gcc13-scalar-r11-mlp8_cycle-scalar-warm-basic-262144,mlp8-gcc13-scalar,basic,cycles,548736763,250036096,250036096
1,mlp8-gcc13-scalar-r11-mlp8_cycle-scalar-warm-basic-262144,mlp8-gcc13-scalar,basic,instructions,1759231992,250034415,250034415
1,mlp8-gcc13-scalar-r11-mlp8_cycle-scalar-warm-basic-262144,mlp8-gcc13-scalar,basic,ref_cycles,548739378,250030941,250030941
1,mlp8-gcc13-scalar-r11-mlp8_cycle-scalar-warm-branch-12582912,mlp8-gcc13-scalar,branch,cycles,548809017,250071559,250071559
1,mlp8-gcc13-scalar-r11-mlp8_cycle-scalar-warm-branch-12582912,mlp8-gcc13-scalar,branch,branches,9622642,250070444,250070444
1,mlp8-gcc13-scalar-r11-mlp8_cycle-scalar-warm-branch-12582912,mlp8-gcc13-scalar,branch,branch_misses,441,250066588,250066588
1,mlp8-gcc13-scalar-r11-mlp8_cycle-scalar-warm-basic-294912,mlp8-gcc13-scalar,basic,cycles,548736792,250035241,250035241
1,mlp8-gcc13-scalar-r11-mlp8_cycle-scalar-warm-basic-294912,mlp8-gcc13-scalar,basic,instructions,1637772819,250032181,250032181
1,mlp8-gcc13-scalar-r11-mlp8_cycle-scalar-warm-basic-294912,mlp8-gcc13-scalar,basic,ref_cycles,548738014,250028662,250028662
1,mlp8-gcc13-scalar-r11-mlp8_cycle-scalar-cache_evicted-basic-33554432,mlp8-gcc13-scalar,basic,cycles,551028951,251084778,251084778
1,mlp8-gcc13-scalar-r11-mlp8_cycle-scalar-cache_evicted-basic-33554432,mlp8-gcc13-scalar,basic,instructions,314725375,251083773,251083773
1,mlp8-gcc13-scalar-r11-mlp8_cycle-scalar-cache_evicted-basic-33554432,mlp8-gcc13-scalar,basic,ref_cycles,551033450,251080474,251080474
1,mlp8-gcc13-scalar-r11-mlp8_cycle-scalar-warm-branch-1048576,mlp8-gcc13-scalar,branch,cycles,548756444,250045514,250045514
1,mlp8-gcc13-scalar-r11-mlp8_cycle-scalar-warm-branch-1048576,mlp8-gcc13-scalar,branch,branches,24861357,250043856,250043856
1,mlp8-gcc13-scalar-r11-mlp8_cycle-scalar-warm-branch-1048576,mlp8-gcc13-scalar,branch,branch_misses,12007,250040538,250040538
1,mlp8-gcc13-scalar-r11-mlp8_cycle-scalar-cache_evicted-branch-32768,mlp8-gcc13-scalar,branch,cycles,548731894,250034840,250034840
1,mlp8-gcc13-scalar-r11-mlp8_cycle-scalar-cache_evicted-branch-32768,mlp8-gcc13-scalar,branch,branches,52074240,250033182,250033182
1,mlp8-gcc13-scalar-r11-mlp8_cycle-scalar-cache_evicted-branch-32768,mlp8-gcc13-scalar,branch,branch_misses,531517,250029889,250029889
1,mlp8-gcc13-scalar-r11-mlp8_cycle-scalar-warm-branch-196608,mlp8-gcc13-scalar,branch,cycles,548737048,250036417,250036417
1,mlp8-gcc13-scalar-r11-mlp8_cycle-scalar-warm-branch-196608,mlp8-gcc13-scalar,branch,branches,40652810,250034747,250034747
1,mlp8-gcc13-scalar-r11-mlp8_cycle-scalar-warm-branch-196608,mlp8-gcc13-scalar,branch,branch_misses,97335,250031493,250031493
1,mlp8-gcc13-scalar-r11-mlp8_cycle-scalar-warm-branch-7340032,mlp8-gcc13-scalar,branch,cycles,549130574,250217164,250217164
1,mlp8-gcc13-scalar-r11-mlp8_cycle-scalar-warm-branch-7340032,mlp8-gcc13-scalar,branch,branches,10490232,250214864,250214864
1,mlp8-gcc13-scalar-r11-mlp8_cycle-scalar-warm-branch-7340032,mlp8-gcc13-scalar,branch,branch_misses,771,250210792,250210792
1,mlp8-gcc13-scalar-r11-mlp8_cycle-scalar-warm-branch-98304,mlp8-gcc13-scalar,branch,cycles,548731462,250032977,250032977
1,mlp8-gcc13-scalar-r11-mlp8_cycle-scalar-warm-branch-98304,mlp8-gcc13-scalar,branch,branches,43644834,250030344,250030344
1,mlp8-gcc13-scalar-r11-mlp8_cycle-scalar-warm-branch-98304,mlp8-gcc13-scalar,branch,branch_misses,193220,250026606,250026606
1,mlp8-gcc13-scalar-r11-mlp8_cycle-scalar-warm-branch-49152,mlp8-gcc13-scalar,branch,cycles,548731589,250033349,250033349
1,mlp8-gcc13-scalar-r11-mlp8_cycle-scalar-warm-branch-49152,mlp8-gcc13-scalar,branch,branches,48022514,250031969,250031969
1,mlp8-gcc13-scalar-r11-mlp8_cycle-scalar-warm-branch-49152,mlp8-gcc13-scalar,branch,branch_misses,369537,250028803,250028803
1,mlp8-gcc13-scalar-r11-mlp8_cycle-scalar-warm-basic-229376,mlp8-gcc13-scalar,basic,cycles,548733430,250033563,250033563
1,mlp8-gcc13-scalar-r11-mlp8_cycle-scalar-warm-basic-229376,mlp8-gcc13-scalar,basic,instructions,1805074016,250031550,250031550
1,mlp8-gcc13-scalar-r11-mlp8_cycle-scalar-warm-basic-229376,mlp8-gcc13-scalar,basic,ref_cycles,548735242,250028195,250028195
1,mlp8-gcc13-scalar-r11-mlp8_cycle-scalar-warm-basic-6291456,mlp8-gcc13-scalar,basic,cycles,549161044,250229207,250229207
1,mlp8-gcc13-scalar-r11-mlp8_cycle-scalar-warm-basic-6291456,mlp8-gcc13-scalar,basic,instructions,530648954,250228323,250228323
1,mlp8-gcc13-scalar-r11-mlp8_cycle-scalar-warm-basic-6291456,mlp8-gcc13-scalar,basic,ref_cycles,549163890,250224897,250224897
1,mlp8-gcc13-scalar-r11-mlp8_cycle-scalar-warm-branch-229376,mlp8-gcc13-scalar,branch,cycles,548730711,250032748,250032748
1,mlp8-gcc13-scalar-r11-mlp8_cycle-scalar-warm-branch-229376,mlp8-gcc13-scalar,branch,branches,38962113,250029858,250029858
1,mlp8-gcc13-scalar-r11-mlp8_cycle-scalar-warm-branch-229376,mlp8-gcc13-scalar,branch,branch_misses,80907,250025745,250025745
1,mlp8-gcc13-scalar-r11-mlp8_cycle-scalar-cache_evicted-branch-8388608,mlp8-gcc13-scalar,branch,cycles,549073356,250191605,250191605
1,mlp8-gcc13-scalar-r11-mlp8_cycle-scalar-cache_evicted-branch-8388608,mlp8-gcc13-scalar,branch,branches,10261382,250191850,250191850
1,mlp8-gcc13-scalar-r11-mlp8_cycle-scalar-cache_evicted-branch-8388608,mlp8-gcc13-scalar,branch,branch_misses,666,250188358,250188358
1,mlp8-gcc13-scalar-r11-mlp8_cycle-scalar-warm-branch-36864,mlp8-gcc13-scalar,branch,cycles,548731630,250034222,250034222
1,mlp8-gcc13-scalar-r11-mlp8_cycle-scalar-warm-branch-36864,mlp8-gcc13-scalar,branch,branches,51123434,250032408,250032408
1,mlp8-gcc13-scalar-r11-mlp8_cycle-scalar-warm-branch-36864,mlp8-gcc13-scalar,branch,branch_misses,482471,250028897,250028897
1,mlp8-gcc13-scalar-r11-mlp8_cycle-scalar-cache_evicted-branch-6291456,mlp8-gcc13-scalar,branch,cycles,549224979,250262773,250262773
1,mlp8-gcc13-scalar-r11-mlp8_cycle-scalar-cache_evicted-branch-6291456,mlp8-gcc13-scalar,branch,branches,10880458,250260472,250260472
1,mlp8-gcc13-scalar-r11-mlp8_cycle-scalar-cache_evicted-branch-6291456,mlp8-gcc13-scalar,branch,branch_misses,924,250256294,250256294
1,mlp8-gcc13-scalar-r11-mlp8_cycle-scalar-cache_evicted-branch-33554432,mlp8-gcc13-scalar,branch,cycles,554082918,252475870,252475870
1,mlp8-gcc13-scalar-r11-mlp8_cycle-scalar-cache_evicted-branch-33554432,mlp8-gcc13-scalar,branch,branches,6163712,252475590,252475590
1,mlp8-gcc13-scalar-r11-mlp8_cycle-scalar-cache_evicted-branch-33554432,mlp8-gcc13-scalar,branch,branch_misses,146,252472353,252472353
1,mlp8-gcc13-scalar-r11-mlp8_cycle-scalar-warm-branch-6291456,mlp8-gcc13-scalar,branch,cycles,549075507,250191149,250191149
1,mlp8-gcc13-scalar-r11-mlp8_cycle-scalar-warm-branch-6291456,mlp8-gcc13-scalar,branch,branches,11003678,250189848,250189848
1,mlp8-gcc13-scalar-r11-mlp8_cycle-scalar-warm-branch-6291456,mlp8-gcc13-scalar,branch,branch_misses,931,250185839,250185839
1,mlp8-gcc13-scalar-r11-mlp8_cycle-scalar-warm-branch-262144,mlp8-gcc13-scalar,branch,cycles,548737448,250035726,250035726
1,mlp8-gcc13-scalar-r11-mlp8_cycle-scalar-warm-branch-262144,mlp8-gcc13-scalar,branch,branches,37871333,250032889,250032889
1,mlp8-gcc13-scalar-r11-mlp8_cycle-scalar-warm-branch-262144,mlp8-gcc13-scalar,branch,branch_misses,69442,250028634,250028634
1,mlp8-gcc13-scalar-r11-mlp8_cycle-scalar-warm-branch-2097152,mlp8-gcc13-scalar,branch,cycles,548762002,250048176,250048176
1,mlp8-gcc13-scalar-r11-mlp8_cycle-scalar-warm-branch-2097152,mlp8-gcc13-scalar,branch,branches,16003910,250047631,250047631
1,mlp8-gcc13-scalar-r11-mlp8_cycle-scalar-warm-branch-2097152,mlp8-gcc13-scalar,branch,branch_misses,3936,250044316,250044316
1,mlp8-gcc13-scalar-r11-mlp8_cycle-scalar-warm-basic-16384,mlp8-gcc13-scalar,basic,cycles,548730628,250031236,250031236
1,mlp8-gcc13-scalar-r11-mlp8_cycle-scalar-warm-basic-16384,mlp8-gcc13-scalar,basic,instructions,1723682669,250028143,250028143
1,mlp8-gcc13-scalar-r11-mlp8_cycle-scalar-warm-basic-16384,mlp8-gcc13-scalar,basic,ref_cycles,548732338,250024436,250024436
1,mlp8-gcc13-scalar-r11-mlp8_cycle-scalar-warm-basic-33554432,mlp8-gcc13-scalar,basic,cycles,551410581,251256308,251256308
1,mlp8-gcc13-scalar-r11-mlp8_cycle-scalar-warm-basic-33554432,mlp8-gcc13-scalar,basic,instructions,311513898,251257296,251257296
1,mlp8-gcc13-scalar-r11-mlp8_cycle-scalar-warm-basic-33554432,mlp8-gcc13-scalar,basic,ref_cycles,551415458,251253980,251253980
1,mlp8-gcc13-scalar-r11-mlp8_cycle-scalar-warm-basic-2097152,mlp8-gcc13-scalar,basic,cycles,548790262,250060177,250060177
1,mlp8-gcc13-scalar-r11-mlp8_cycle-scalar-warm-basic-2097152,mlp8-gcc13-scalar,basic,instructions,784179680,250059369,250059369
1,mlp8-gcc13-scalar-r11-mlp8_cycle-scalar-warm-basic-2097152,mlp8-gcc13-scalar,basic,ref_cycles,548793476,250056101,250056101
1,mlp8-gcc13-scalar-r11-mlp8_cycle-scalar-warm-basic-131072,mlp8-gcc13-scalar,basic,cycles,548731447,250033201,250033201
1,mlp8-gcc13-scalar-r11-mlp8_cycle-scalar-warm-basic-131072,mlp8-gcc13-scalar,basic,instructions,1864160228,250032029,250032029
1,mlp8-gcc13-scalar-r11-mlp8_cycle-scalar-warm-basic-131072,mlp8-gcc13-scalar,basic,ref_cycles,548733680,250028942,250028942
1,mlp8-gcc13-scalar-r11-mlp8_cycle-scalar-cache_evicted-basic-536870912,mlp8-gcc13-scalar,basic,cycles,693629536,316056155,316056155
1,mlp8-gcc13-scalar-r11-mlp8_cycle-scalar-cache_evicted-basic-536870912,mlp8-gcc13-scalar,basic,instructions,154141940,316053821,316053821
1,mlp8-gcc13-scalar-r11-mlp8_cycle-scalar-cache_evicted-basic-536870912,mlp8-gcc13-scalar,basic,ref_cycles,693632808,316049564,316049564
1,mlp8-gcc13-scalar-r11-mlp8_cycle-scalar-warm-basic-32768,mlp8-gcc13-scalar,basic,cycles,548732063,250034007,250034007
1,mlp8-gcc13-scalar-r11-mlp8_cycle-scalar-warm-basic-32768,mlp8-gcc13-scalar,basic,instructions,1796000026,250032053,250032053
1,mlp8-gcc13-scalar-r11-mlp8_cycle-scalar-warm-basic-32768,mlp8-gcc13-scalar,basic,ref_cycles,548734692,250028957,250028957
1,mlp8-gcc13-scalar-r11-mlp8_cycle-scalar-cache_evicted-branch-1048576,mlp8-gcc13-scalar,branch,cycles,548761166,250051128,250051128
1,mlp8-gcc13-scalar-r11-mlp8_cycle-scalar-cache_evicted-branch-1048576,mlp8-gcc13-scalar,branch,branches,24151407,250048658,250048658
1,mlp8-gcc13-scalar-r11-mlp8_cycle-scalar-cache_evicted-branch-1048576,mlp8-gcc13-scalar,branch,branch_misses,11662,250044580,250044580
1,mlp8-gcc13-scalar-r11-mlp8_cycle-scalar-warm-branch-393216,mlp8-gcc13-scalar,branch,cycles,548731551,250033133,250033133
1,mlp8-gcc13-scalar-r11-mlp8_cycle-scalar-warm-branch-393216,mlp8-gcc13-scalar,branch,branches,30925255,250029094,250029094
1,mlp8-gcc13-scalar-r11-mlp8_cycle-scalar-warm-branch-393216,mlp8-gcc13-scalar,branch,branch_misses,38603,250025546,250025546
1,mlp8-gcc13-scalar-r11-mlp8_cycle-scalar-cache_evicted-branch-536870912,mlp8-gcc13-scalar,branch,cycles,690957314,314837026,314837026
1,mlp8-gcc13-scalar-r11-mlp8_cycle-scalar-cache_evicted-branch-536870912,mlp8-gcc13-scalar,branch,branches,3145962,314835923,314835923
1,mlp8-gcc13-scalar-r11-mlp8_cycle-scalar-cache_evicted-branch-536870912,mlp8-gcc13-scalar,branch,branch_misses,44,314832551,314832551
1,mlp8-gcc13-scalar-r11-mlp8_cycle-scalar-warm-basic-5242880,mlp8-gcc13-scalar,basic,cycles,548801653,250135660,250135660
1,mlp8-gcc13-scalar-r11-mlp8_cycle-scalar-warm-basic-5242880,mlp8-gcc13-scalar,basic,instructions,551668985,250137617,250137617
1,mlp8-gcc13-scalar-r11-mlp8_cycle-scalar-warm-basic-5242880,mlp8-gcc13-scalar,basic,ref_cycles,548808414,250134818,250134818
1,mlp8-gcc13-scalar-r11-mlp8_cycle-scalar-warm-basic-36864,mlp8-gcc13-scalar,basic,cycles,548731612,250033434,250033434
1,mlp8-gcc13-scalar-r11-mlp8_cycle-scalar-warm-basic-36864,mlp8-gcc13-scalar,basic,instructions,1806893466,250031589,250031589
1,mlp8-gcc13-scalar-r11-mlp8_cycle-scalar-warm-basic-36864,mlp8-gcc13-scalar,basic,ref_cycles,548734582,250028532,250028532
1,mlp8-gcc13-scalar-r11-mlp8_cycle-scalar-warm-branch-33554432,mlp8-gcc13-scalar,branch,cycles,552624087,251809762,251809762
1,mlp8-gcc13-scalar-r11-mlp8_cycle-scalar-warm-branch-33554432,mlp8-gcc13-scalar,branch,branches,6622702,251809434,251809434
1,mlp8-gcc13-scalar-r11-mlp8_cycle-scalar-warm-branch-33554432,mlp8-gcc13-scalar,branch,branch_misses,145,251805651,251805651
1,mlp8-gcc13-scalar-r11-mlp8_cycle-scalar-cache_evicted-basic-1048576,mlp8-gcc13-scalar,basic,cycles,548733466,250032749,250032749
1,mlp8-gcc13-scalar-r11-mlp8_cycle-scalar-cache_evicted-basic-1048576,mlp8-gcc13-scalar,basic,instructions,1203060090,250029258,250029258
1,mlp8-gcc13-scalar-r11-mlp8_cycle-scalar-cache_evicted-basic-1048576,mlp8-gcc13-scalar,basic,ref_cycles,548734494,250025362,250025362
1,mlp8-gcc13-scalar-r11-mlp8_cycle-scalar-warm-basic-4194304,mlp8-gcc13-scalar,basic,cycles,548771854,250051289,250051289
1,mlp8-gcc13-scalar-r11-mlp8_cycle-scalar-warm-basic-4194304,mlp8-gcc13-scalar,basic,instructions,596407814,250048806,250048806
1,mlp8-gcc13-scalar-r11-mlp8_cycle-scalar-warm-basic-4194304,mlp8-gcc13-scalar,basic,ref_cycles,548774094,250045317,250045317
1,mlp8-gcc13-scalar-r11-mlp8_cycle-scalar-cache_evicted-basic-262144,mlp8-gcc13-scalar,basic,cycles,548738222,250034329,250034329
1,mlp8-gcc13-scalar-r11-mlp8_cycle-scalar-cache_evicted-basic-262144,mlp8-gcc13-scalar,basic,instructions,1750374652,250031340,250031340
1,mlp8-gcc13-scalar-r11-mlp8_cycle-scalar-cache_evicted-basic-262144,mlp8-gcc13-scalar,basic,ref_cycles,548738916,250027697,250027697
1,mlp8-gcc13-scalar-r11-mlp8_cycle-scalar-warm-branch-4194304,mlp8-gcc13-scalar,branch,cycles,548943425,250130154,250130154
1,mlp8-gcc13-scalar-r11-mlp8_cycle-scalar-warm-branch-4194304,mlp8-gcc13-scalar,branch,branches,12223968,250127304,250127304
1,mlp8-gcc13-scalar-r11-mlp8_cycle-scalar-warm-branch-4194304,mlp8-gcc13-scalar,branch,branch_misses,1518,250123523,250123523
1,mlp8-gcc13-scalar-r11-mlp8_cycle-scalar-warm-branch-536870912,mlp8-gcc13-scalar,branch,cycles,687197234,313124407,313124407
1,mlp8-gcc13-scalar-r11-mlp8_cycle-scalar-warm-branch-536870912,mlp8-gcc13-scalar,branch,branches,3145962,313123689,313123689
1,mlp8-gcc13-scalar-r11-mlp8_cycle-scalar-warm-branch-536870912,mlp8-gcc13-scalar,branch,branch_misses,41,313120166,313120166
1,mlp8-gcc13-scalar-r11-mlp8_cycle-scalar-warm-basic-98304,mlp8-gcc13-scalar,basic,cycles,548732797,250031940,250031940
1,mlp8-gcc13-scalar-r11-mlp8_cycle-scalar-warm-basic-98304,mlp8-gcc13-scalar,basic,instructions,1851754947,250027979,250027979
1,mlp8-gcc13-scalar-r11-mlp8_cycle-scalar-warm-basic-98304,mlp8-gcc13-scalar,basic,ref_cycles,548733438,250024258,250024258
1,mlp8-gcc13-scalar-r11-mlp8_cycle-scalar-warm-basic-8388608,mlp8-gcc13-scalar,basic,cycles,549498668,250382552,250382552
1,mlp8-gcc13-scalar-r11-mlp8_cycle-scalar-warm-basic-8388608,mlp8-gcc13-scalar,basic,instructions,502696783,250381448,250381448
1,mlp8-gcc13-scalar-r11-mlp8_cycle-scalar-warm-basic-8388608,mlp8-gcc13-scalar,basic,ref_cycles,549501304,250377596,250377596
1,mlp8-gcc13-scalar-r11-mlp8_cycle-scalar-warm-branch-524288,mlp8-gcc13-scalar,branch,cycles,548745075,250038364,250038364
1,mlp8-gcc13-scalar-r11-mlp8_cycle-scalar-warm-branch-524288,mlp8-gcc13-scalar,branch,branches,28080664,250034534,250034534
1,mlp8-gcc13-scalar-r11-mlp8_cycle-scalar-warm-branch-524288,mlp8-gcc13-scalar,branch,branch_misses,26584,250030591,250030591
1,mlp8-gcc13-scalar-r11-mlp8_cycle-scalar-cache_evicted-basic-6291456,mlp8-gcc13-scalar,basic,cycles,549344808,250312137,250312137
1,mlp8-gcc13-scalar-r11-mlp8_cycle-scalar-cache_evicted-basic-6291456,mlp8-gcc13-scalar,basic,instructions,531853618,250309893,250309893
1,mlp8-gcc13-scalar-r11-mlp8_cycle-scalar-cache_evicted-basic-6291456,mlp8-gcc13-scalar,basic,ref_cycles,549346358,250306259,250306259
1,mlp8-gcc13-scalar-r11-mlp8_cycle-scalar-warm-basic-1048576,mlp8-gcc13-scalar,basic,cycles,548760965,250045473,250045473
1,mlp8-gcc13-scalar-r11-mlp8_cycle-scalar-warm-basic-1048576,mlp8-gcc13-scalar,basic,instructions,1236849592,250044426,250044426
1,mlp8-gcc13-scalar-r11-mlp8_cycle-scalar-warm-basic-1048576,mlp8-gcc13-scalar,basic,ref_cycles,548763138,250041397,250041397
1,mlp8-gcc13-scalar-r11-mlp8_cycle-scalar-warm-branch-131072,mlp8-gcc13-scalar,branch,cycles,548733418,250035164,250035164
1,mlp8-gcc13-scalar-r11-mlp8_cycle-scalar-warm-branch-131072,mlp8-gcc13-scalar,branch,branches,42204460,250033146,250033146
1,mlp8-gcc13-scalar-r11-mlp8_cycle-scalar-warm-branch-131072,mlp8-gcc13-scalar,branch,branch_misses,145680,250030030,250030030
1,mlp8-gcc13-scalar-r11-mlp8_cycle-scalar-warm-branch-8192,mlp8-gcc13-scalar,branch,cycles,548730265,250031312,250031312
1,mlp8-gcc13-scalar-r11-mlp8_cycle-scalar-warm-branch-8192,mlp8-gcc13-scalar,branch,branches,83801294,250027691,250027691
1,mlp8-gcc13-scalar-r11-mlp8_cycle-scalar-warm-branch-8192,mlp8-gcc13-scalar,branch,branch_misses,439,250024016,250024016
1,mlp8-gcc13-scalar-r11-mlp8_cycle-scalar-warm-basic-196608,mlp8-gcc13-scalar,basic,cycles,548735027,250032137,250032137
1,mlp8-gcc13-scalar-r11-mlp8_cycle-scalar-warm-basic-196608,mlp8-gcc13-scalar,basic,instructions,1840980451,250029072,250029072
1,mlp8-gcc13-scalar-r11-mlp8_cycle-scalar-warm-basic-196608,mlp8-gcc13-scalar,basic,ref_cycles,548735792,250025373,250025373
1,mlp8-gcc13-scalar-r11-mlp8_cycle-scalar-warm-basic-24576,mlp8-gcc13-scalar,basic,cycles,548732091,250031809,250031809
1,mlp8-gcc13-scalar-r11-mlp8_cycle-scalar-warm-basic-24576,mlp8-gcc13-scalar,basic,instructions,1748308972,250031754,250031754
1,mlp8-gcc13-scalar-r11-mlp8_cycle-scalar-warm-basic-24576,mlp8-gcc13-scalar,basic,ref_cycles,548734648,250028851,250028851
1,mlp8-gcc13-scalar-r11-mlp8_cycle-scalar-warm-branch-24576,mlp8-gcc13-scalar,branch,cycles,548731900,250034634,250034634
1,mlp8-gcc13-scalar-r11-mlp8_cycle-scalar-warm-branch-24576,mlp8-gcc13-scalar,branch,branches,55797249,250033198,250033198
1,mlp8-gcc13-scalar-r11-mlp8_cycle-scalar-warm-branch-24576,mlp8-gcc13-scalar,branch,branch_misses,680658,250029789,250029789
1,mlp8-gcc13-scalar-r11-mlp8_cycle-scalar-warm-branch-8388608,mlp8-gcc13-scalar,branch,cycles,548997482,250159119,250159119
1,mlp8-gcc13-scalar-r11-mlp8_cycle-scalar-warm-branch-8388608,mlp8-gcc13-scalar,branch,branches,9653919,250159302,250159302
1,mlp8-gcc13-scalar-r11-mlp8_cycle-scalar-warm-branch-8388608,mlp8-gcc13-scalar,branch,branch_misses,638,250155482,250155482
1,mlp8-gcc13-scalar-r11-mlp8_cycle-scalar-warm-basic-393216,mlp8-gcc13-scalar,basic,cycles,548736259,250035961,250035961
1,mlp8-gcc13-scalar-r11-mlp8_cycle-scalar-warm-basic-393216,mlp8-gcc13-scalar,basic,instructions,1453665014,250034210,250034210
1,mlp8-gcc13-scalar-r11-mlp8_cycle-scalar-warm-basic-393216,mlp8-gcc13-scalar,basic,ref_cycles,548738674,250030781,250030781
1,mlp8-gcc13-scalar-r11-mlp8_cycle-scalar-warm-basic-65536,mlp8-gcc13-scalar,basic,cycles,548733174,250034192,250034192
1,mlp8-gcc13-scalar-r11-mlp8_cycle-scalar-warm-basic-65536,mlp8-gcc13-scalar,basic,instructions,1845288697,250033071,250033071
1,mlp8-gcc13-scalar-r11-mlp8_cycle-scalar-warm-basic-65536,mlp8-gcc13-scalar,basic,ref_cycles,548735528,250029760,250029760
1,mlp8-gcc13-scalar-r11-mlp8_cycle-scalar-warm-basic-49152,mlp8-gcc13-scalar,basic,cycles,548732493,250033711,250033711
1,mlp8-gcc13-scalar-r11-mlp8_cycle-scalar-warm-basic-49152,mlp8-gcc13-scalar,basic,instructions,1818406873,250032615,250032615
1,mlp8-gcc13-scalar-r11-mlp8_cycle-scalar-warm-basic-49152,mlp8-gcc13-scalar,basic,ref_cycles,548735770,250029955,250029955
1,mlp8-gcc13-scalar-r11-mlp8_cycle-scalar-warm-basic-8192,mlp8-gcc13-scalar,basic,cycles,548731786,250034421,250034421
1,mlp8-gcc13-scalar-r11-mlp8_cycle-scalar-warm-basic-8192,mlp8-gcc13-scalar,basic,instructions,1627200353,250032961,250032961
1,mlp8-gcc13-scalar-r11-mlp8_cycle-scalar-warm-basic-8192,mlp8-gcc13-scalar,basic,ref_cycles,548733944,250029589,250029589
1,mlp8-gcc13-scalar-r11-mlp8_cycle-scalar-warm-basic-536870912,mlp8-gcc13-scalar,basic,cycles,646116035,294407667,294407667
1,mlp8-gcc13-scalar-r11-mlp8_cycle-scalar-warm-basic-536870912,mlp8-gcc13-scalar,basic,instructions,102761503,294407721,294407721
1,mlp8-gcc13-scalar-r11-mlp8_cycle-scalar-warm-basic-536870912,mlp8-gcc13-scalar,basic,ref_cycles,646119980,294404543,294404543
1,mlp8-gcc13-scalar-r11-mlp8_cycle-scalar-cache_evicted-branch-262144,mlp8-gcc13-scalar,branch,cycles,548736189,250041677,250041677
1,mlp8-gcc13-scalar-r11-mlp8_cycle-scalar-cache_evicted-branch-262144,mlp8-gcc13-scalar,branch,branches,37671814,250040387,250040387
1,mlp8-gcc13-scalar-r11-mlp8_cycle-scalar-cache_evicted-branch-262144,mlp8-gcc13-scalar,branch,branch_misses,69112,250035614,250035614
1,mlp8-gcc13-scalar-r11-mlp8_cycle-scalar-warm-branch-134217728,mlp8-gcc13-scalar,branch,cycles,598022622,272496770,272496770
1,mlp8-gcc13-scalar-r11-mlp8_cycle-scalar-warm-branch-134217728,mlp8-gcc13-scalar,branch,branches,2884090,272494819,272494819
1,mlp8-gcc13-scalar-r11-mlp8_cycle-scalar-warm-branch-134217728,mlp8-gcc13-scalar,branch,branch_misses,113,272490896,272490896
1,mlp8-gcc13-scalar-r11-mlp8_cycle-scalar-warm-basic-134217728,mlp8-gcc13-scalar,basic,cycles,548955108,250139228,250139228
1,mlp8-gcc13-scalar-r11-mlp8_cycle-scalar-warm-basic-134217728,mlp8-gcc13-scalar,basic,instructions,128453319,250139930,250139930
1,mlp8-gcc13-scalar-r11-mlp8_cycle-scalar-warm-basic-134217728,mlp8-gcc13-scalar,basic,ref_cycles,548959048,250136944,250136944
1,mlp8-gcc13-scalar-r11-mlp8_cycle-scalar-warm-basic-524288,mlp8-gcc13-scalar,basic,cycles,548747384,250041216,250041216
1,mlp8-gcc13-scalar-r11-mlp8_cycle-scalar-warm-basic-524288,mlp8-gcc13-scalar,basic,instructions,1342111672,250039374,250039374
1,mlp8-gcc13-scalar-r11-mlp8_cycle-scalar-warm-basic-524288,mlp8-gcc13-scalar,basic,ref_cycles,548749806,250036420,250036420
1,mlp8-gcc13-scalar-r11-mlp8_cycle-scalar-warm-basic-28672,mlp8-gcc13-scalar,basic,cycles,548731806,250033192,250033192
1,mlp8-gcc13-scalar-r11-mlp8_cycle-scalar-warm-basic-28672,mlp8-gcc13-scalar,basic,instructions,1782466957,250031835,250031835
1,mlp8-gcc13-scalar-r11-mlp8_cycle-scalar-warm-basic-28672,mlp8-gcc13-scalar,basic,ref_cycles,548734120,250028503,250028503
1,mlp8-gcc13-scalar-r11-mlp8_cycle-scalar-warm-branch-294912,mlp8-gcc13-scalar,branch,cycles,548740608,250039204,250039204
1,mlp8-gcc13-scalar-r11-mlp8_cycle-scalar-warm-branch-294912,mlp8-gcc13-scalar,branch,branches,35123971,250038015,250038015
1,mlp8-gcc13-scalar-r11-mlp8_cycle-scalar-warm-branch-294912,mlp8-gcc13-scalar,branch,branch_misses,57641,250034036,250034036
1,mlp8-gcc13-scalar-r11-mlp8_cycle-scalar-cache_evicted-basic-8388608,mlp8-gcc13-scalar,basic,cycles,549020250,250169728,250169728
1,mlp8-gcc13-scalar-r11-mlp8_cycle-scalar-cache_evicted-basic-8388608,mlp8-gcc13-scalar,basic,instructions,434439336,250169248,250169248
1,mlp8-gcc13-scalar-r11-mlp8_cycle-scalar-cache_evicted-basic-8388608,mlp8-gcc13-scalar,basic,ref_cycles,549024432,250165917,250165917
1,mlp8-gcc13-scalar-r11-mlp8_cycle-scalar-warm-basic-7340032,mlp8-gcc13-scalar,basic,cycles,549107678,250206448,250206448
1,mlp8-gcc13-scalar-r11-mlp8_cycle-scalar-warm-basic-7340032,mlp8-gcc13-scalar,basic,instructions,515062870,250207032,250207032
1,mlp8-gcc13-scalar-r11-mlp8_cycle-scalar-warm-basic-7340032,mlp8-gcc13-scalar,basic,ref_cycles,549111464,250203697,250203697
1,mlp8-gcc13-scalar-r11-mlp8_cycle-scalar-warm-branch-28672,mlp8-gcc13-scalar,branch,cycles,548732164,250034391,250034391
1,mlp8-gcc13-scalar-r11-mlp8_cycle-scalar-warm-branch-28672,mlp8-gcc13-scalar,branch,branches,54152905,250032892,250032892
1,mlp8-gcc13-scalar-r11-mlp8_cycle-scalar-warm-branch-28672,mlp8-gcc13-scalar,branch,branch_misses,601902,250029388,250029388
1,mlp8-gcc13-scalar-r11-mlp8_cycle-scalar-warm-basic-12582912,mlp8-gcc13-scalar,basic,cycles,549004758,250159530,250159530
1,mlp8-gcc13-scalar-r11-mlp8_cycle-scalar-warm-basic-12582912,mlp8-gcc13-scalar,basic,instructions,469731071,250159011,250159011
1,mlp8-gcc13-scalar-r11-mlp8_cycle-scalar-warm-basic-12582912,mlp8-gcc13-scalar,basic,ref_cycles,549008328,250155749,250155749
1,mlp8-gcc13-scalar-r11-mlp8_cycle-scalar-warm-branch-65536,mlp8-gcc13-scalar,branch,cycles,548732259,250034285,250034285
1,mlp8-gcc13-scalar-r11-mlp8_cycle-scalar-warm-branch-65536,mlp8-gcc13-scalar,branch,branches,45888312,250032840,250032840
1,mlp8-gcc13-scalar-r11-mlp8_cycle-scalar-warm-branch-65536,mlp8-gcc13-scalar,branch,branch_misses,283423,250029677,250029677
1,mlp8-gcc13-scalar-r11-mlp8_cycle-scalar-warm-branch-16384,mlp8-gcc13-scalar,branch,cycles,548731452,250034040,250034040
1,mlp8-gcc13-scalar-r11-mlp8_cycle-scalar-warm-branch-16384,mlp8-gcc13-scalar,branch,branches,63532275,250031665,250031665
1,mlp8-gcc13-scalar-r11-mlp8_cycle-scalar-warm-branch-16384,mlp8-gcc13-scalar,branch,branch_misses,325852,250028286,250028286
1,mlp8-gcc13-scalar-r11-mlp8_cycle-scalar-warm-branch-5242880,mlp8-gcc13-scalar,branch,cycles,548771819,250053827,250053827
1,mlp8-gcc13-scalar-r11-mlp8_cycle-scalar-warm-branch-5242880,mlp8-gcc13-scalar,branch,branches,11332354,250053852,250053852
1,mlp8-gcc13-scalar-r11-mlp8_cycle-scalar-warm-branch-5242880,mlp8-gcc13-scalar,branch,branch_misses,1151,250050193,250050193
1,mlp8-gcc13-scalar-r11-mlp8_cycle-scalar-warm-branch-32768,mlp8-gcc13-scalar,branch,cycles,548731057,250033341,250033341
1,mlp8-gcc13-scalar-r11-mlp8_cycle-scalar-warm-branch-32768,mlp8-gcc13-scalar,branch,branches,52175151,250031178,250031178
1,mlp8-gcc13-scalar-r11-mlp8_cycle-scalar-warm-branch-32768,mlp8-gcc13-scalar,branch,branch_misses,532520,250027466,250027466
1,mlp8-gcc13-scalar-r12-mlp8_cycle-scalar-warm-branch-393216,mlp8-gcc13-scalar,branch,cycles,548742689,250039780,250039780
1,mlp8-gcc13-scalar-r12-mlp8_cycle-scalar-warm-branch-393216,mlp8-gcc13-scalar,branch,branches,30784132,250038210,250038210
1,mlp8-gcc13-scalar-r12-mlp8_cycle-scalar-warm-branch-393216,mlp8-gcc13-scalar,branch,branch_misses,38443,250034675,250034675
1,mlp8-gcc13-scalar-r12-mlp8_cycle-scalar-warm-branch-12582912,mlp8-gcc13-scalar,branch,cycles,549169917,250236973,250236973
1,mlp8-gcc13-scalar-r12-mlp8_cycle-scalar-warm-branch-12582912,mlp8-gcc13-scalar,branch,branches,9474982,250236470,250236470
1,mlp8-gcc13-scalar-r12-mlp8_cycle-scalar-warm-branch-12582912,mlp8-gcc13-scalar,branch,branch_misses,429,250232340,250232340
1,mlp8-gcc13-scalar-r12-mlp8_cycle-scalar-warm-branch-294912,mlp8-gcc13-scalar,branch,cycles,548734303,250036469,250036469
1,mlp8-gcc13-scalar-r12-mlp8_cycle-scalar-warm-branch-294912,mlp8-gcc13-scalar,branch,branches,35162386,250034929,250034929
1,mlp8-gcc13-scalar-r12-mlp8_cycle-scalar-warm-branch-294912,mlp8-gcc13-scalar,branch,branch_misses,57700,250031244,250031244
1,mlp8-gcc13-scalar-r12-mlp8_cycle-scalar-warm-basic-98304,mlp8-gcc13-scalar,basic,cycles,548732721,250033880,250033880
1,mlp8-gcc13-scalar-r12-mlp8_cycle-scalar-warm-basic-98304,mlp8-gcc13-scalar,basic,instructions,1865201833,250031421,250031421
1,mlp8-gcc13-scalar-r12-mlp8_cycle-scalar-warm-basic-98304,mlp8-gcc13-scalar,basic,ref_cycles,548735154,250028523,250028523
1,mlp8-gcc13-scalar-r12-mlp8_cycle-scalar-warm-basic-8388608,mlp8-gcc13-scalar,basic,cycles,548992741,250154272,250154272
1,mlp8-gcc13-scalar-r12-mlp8_cycle-scalar-warm-basic-8388608,mlp8-gcc13-scalar,basic,instructions,497878609,250152665,250152665
1,mlp8-gcc13-scalar-r12-mlp8_cycle-scalar-warm-basic-8388608,mlp8-gcc13-scalar,basic,ref_cycles,548996272,250149153,250149153
1,mlp8-gcc13-scalar-r12-mlp8_cycle-scalar-cache_evicted-basic-6291456,mlp8-gcc13-scalar,basic,cycles,549344931,250313853,250313853
1,mlp8-gcc13-scalar-r12-mlp8_cycle-scalar-cache_evicted-basic-6291456,mlp8-gcc13-scalar,basic,instructions,525830354,250312854,250312854
1,mlp8-gcc13-scalar-r12-mlp8_cycle-scalar-cache_evicted-basic-6291456,mlp8-gcc13-scalar,basic,ref_cycles,549348646,250309562,250309562
1,mlp8-gcc13-scalar-r12-mlp8_cycle-scalar-warm-branch-7340032,mlp8-gcc13-scalar,branch,cycles,549290466,250290016,250290016
1,mlp8-gcc13-scalar-r12-mlp8_cycle-scalar-warm-branch-7340032,mlp8-gcc13-scalar,branch,branches,10375272,250290510,250290510
1,mlp8-gcc13-scalar-r12-mlp8_cycle-scalar-warm-branch-7340032,mlp8-gcc13-scalar,branch,branch_misses,766,250286998,250286998
1,mlp8-gcc13-scalar-r12-mlp8_cycle-scalar-warm-branch-2097152,mlp8-gcc13-scalar,branch,cycles,548752568,250043839,250043839
1,mlp8-gcc13-scalar-r12-mlp8_cycle-scalar-warm-branch-2097152,mlp8-gcc13-scalar,branch,branches,16330174,250042188,250042188
1,mlp8-gcc13-scalar-r12-mlp8_cycle-scalar-warm-branch-2097152,mlp8-gcc13-scalar,branch,branch_misses,4011,250038711,250038711
1,mlp8-gcc13-scalar-r12-mlp8_cycle-scalar-warm-branch-262144,mlp8-gcc13-scalar,branch,cycles,548734501,250036578,250036578
1,mlp8-gcc13-scalar-r12-mlp8_cycle-scalar-warm-branch-262144,mlp8-gcc13-scalar,branch,branches,37378792,250034326,250034326
1,mlp8-gcc13-scalar-r12-mlp8_cycle-scalar-warm-branch-262144,mlp8-gcc13-scalar,branch,branch_misses,68518,250030646,250030646
1,mlp8-gcc13-scalar-r12-mlp8_cycle-scalar-cache_evicted-basic-536870912,mlp8-gcc13-scalar,basic,cycles,693482654,315987635,315987635
1,mlp8-gcc13-scalar-r12-mlp8_cycle-scalar-cache_evicted-basic-536870912,mlp8-gcc13-scalar,basic,instructions,154141940,315985478,315985478
1,mlp8-gcc13-scalar-r12-mlp8_cycle-scalar-cache_evicted-basic-536870912,mlp8-gcc13-scalar,basic,ref_cycles,693486442,315982202,315982202
1,mlp8-gcc13-scalar-r12-mlp8_cycle-scalar-cache_evicted-basic-32768,mlp8-gcc13-scalar,basic,cycles,548732012,250034210,250034210
1,mlp8-gcc13-scalar-r12-mlp8_cycle-scalar-cache_evicted-basic-32768,mlp8-gcc13-scalar,basic,instructions,1786570349,250032815,250032815
1,mlp8-gcc13-scalar-r12-mlp8_cycle-scalar-cache_evicted-basic-32768,mlp8-gcc13-scalar,basic,ref_cycles,548734582,250029622,250029622
1,mlp8-gcc13-scalar-r12-mlp8_cycle-scalar-cache_evicted-branch-8388608,mlp8-gcc13-scalar,branch,cycles,549071046,250190209,250190209
1,mlp8-gcc13-scalar-r12-mlp8_cycle-scalar-cache_evicted-branch-8388608,mlp8-gcc13-scalar,branch,branches,10310636,250189145,250189145
1,mlp8-gcc13-scalar-r12-mlp8_cycle-scalar-cache_evicted-branch-8388608,mlp8-gcc13-scalar,branch,branch_misses,669,250185448,250185448
1,mlp8-gcc13-scalar-r12-mlp8_cycle-scalar-warm-branch-131072,mlp8-gcc13-scalar,branch,cycles,548732828,250034198,250034198
1,mlp8-gcc13-scalar-r12-mlp8_cycle-scalar-warm-branch-131072,mlp8-gcc13-scalar,branch,branches,42293831,250032230,250032230
1,mlp8-gcc13-scalar-r12-mlp8_cycle-scalar-warm-branch-131072,mlp8-gcc13-scalar,branch,branch_misses,145928,250028792,250028792
1,mlp8-gcc13-scalar-r12-mlp8_cycle-scalar-warm-branch-8388608,mlp8-gcc13-scalar,branch,cycles,549128305,250217276,250217276
1,mlp8-gcc13-scalar-r12-mlp8_cycle-scalar-warm-branch-8388608,mlp8-gcc13-scalar,branch,branches,10310642,250216748,250216748
1,mlp8-gcc13-scalar-r12-mlp8_cycle-scalar-warm-branch-8388608,mlp8-gcc13-scalar,branch,branch_misses,676,250213143,250213143
1,mlp8-gcc13-scalar-r12-mlp8_cycle-scalar-warm-branch-1048576,mlp8-gcc13-scalar,branch,cycles,548754121,250044392,250044392
1,mlp8-gcc13-scalar-r12-mlp8_cycle-scalar-warm-branch-1048576,mlp8-gcc13-scalar,branch,branches,25375554,250043067,250043067
1,mlp8-gcc13-scalar-r12-mlp8_cycle-scalar-warm-branch-1048576,mlp8-gcc13-scalar,branch,branch_misses,12239,250039950,250039950
1,mlp8-gcc13-scalar-r12-mlp8_cycle-scalar-warm-basic-49152,mlp8-gcc13-scalar,basic,cycles,548732409,250034114,250034114
1,mlp8-gcc13-scalar-r12-mlp8_cycle-scalar-warm-basic-49152,mlp8-gcc13-scalar,basic,instructions,1824611689,250031834,250031834
1,mlp8-gcc13-scalar-r12-mlp8_cycle-scalar-warm-basic-49152,mlp8-gcc13-scalar,basic,ref_cycles,548734824,250028901,250028901
1,mlp8-gcc13-scalar-r12-mlp8_cycle-scalar-cache_evicted-basic-8388608,mlp8-gcc13-scalar,basic,cycles,548958847,250139461,250139461
1,mlp8-gcc13-scalar-r12-mlp8_cycle-scalar-cache_evicted-basic-8388608,mlp8-gcc13-scalar,basic,instructions,490651348,250138721,250138721
1,mlp8-gcc13-scalar-r12-mlp8_cycle-scalar-cache_evicted-basic-8388608,mlp8-gcc13-scalar,basic,ref_cycles,548963118,250135621,250135621
1,mlp8-gcc13-scalar-r12-mlp8_cycle-scalar-warm-basic-5242880,mlp8-gcc13-scalar,basic,cycles,548963494,250138546,250138546
1,mlp8-gcc13-scalar-r12-mlp8_cycle-scalar-warm-basic-5242880,mlp8-gcc13-scalar,basic,instructions,545143343,250137007,250137007
1,mlp8-gcc13-scalar-r12-mlp8_cycle-scalar-warm-basic-5242880,mlp8-gcc13-scalar,basic,ref_cycles,548966110,250133333,250133333
1,mlp8-gcc13-scalar-r12-mlp8_cycle-scalar-warm-basic-8192,mlp8-gcc13-scalar,basic,cycles,548731467,250032683,250032683
1,mlp8-gcc13-scalar-r12-mlp8_cycle-scalar-warm-basic-8192,mlp8-gcc13-scalar,basic,instructions,1658214823,250030774,250030774
1,mlp8-gcc13-scalar-r12-mlp8_cycle-scalar-warm-basic-8192,mlp8-gcc13-scalar,basic,ref_cycles,548733020,250027594,250027594
1,mlp8-gcc13-scalar-r12-mlp8_cycle-scalar-warm-basic-33554432,mlp8-gcc13-scalar,basic,cycles,549951743,250593327,250593327
1,mlp8-gcc13-scalar-r12-mlp8_cycle-scalar-warm-basic-33554432,mlp8-gcc13-scalar,basic,instructions,314725375,250593014,250593014
1,mlp8-gcc13-scalar-r12-mlp8_cycle-scalar-warm-basic-33554432,mlp8-gcc13-scalar,basic,ref_cycles,549955956,250589698,250589698
1,mlp8-gcc13-scalar-r12-mlp8_cycle-scalar-warm-basic-294912,mlp8-gcc13-scalar,basic,cycles,548731462,250033175,250033175
1,mlp8-gcc13-scalar-r12-mlp8_cycle-scalar-warm-basic-294912,mlp8-gcc13-scalar,basic,instructions,1637858295,250031241,250031241
1,mlp8-gcc13-scalar-r12-mlp8_cycle-scalar-warm-basic-294912,mlp8-gcc13-scalar,basic,ref_cycles,548734142,250027944,250027944
1,mlp8-gcc13-scalar-r12-mlp8_cycle-scalar-warm-basic-12582912,mlp8-gcc13-scalar,basic,cycles,549299523,250294321,250294321
1,mlp8-gcc13-scalar-r12-mlp8_cycle-scalar-warm-basic-12582912,mlp8-gcc13-scalar,basic,instructions,473344382,250294350,250294350
1,mlp8-gcc13-scalar-r12-mlp8_cycle-scalar-warm-basic-12582912,mlp8-gcc13-scalar,basic,ref_cycles,549303392,250290891,250290891
1,mlp8-gcc13-scalar-r12-mlp8_cycle-scalar-cache_evicted-branch-1048576,mlp8-gcc13-scalar,branch,cycles,548733092,250035579,250035579
1,mlp8-gcc13-scalar-r12-mlp8_cycle-scalar-cache_evicted-branch-1048576,mlp8-gcc13-scalar,branch,branches,25175676,250034786,250034786
1,mlp8-gcc13-scalar-r12-mlp8_cycle-scalar-cache_evicted-branch-1048576,mlp8-gcc13-scalar,branch,branch_misses,12138,250031308,250031308
1,mlp8-gcc13-scalar-r12-mlp8_cycle-scalar-warm-branch-24576,mlp8-gcc13-scalar,branch,cycles,548732023,250033946,250033946
1,mlp8-gcc13-scalar-r12-mlp8_cycle-scalar-warm-branch-24576,mlp8-gcc13-scalar,branch,branches,56522284,250032216,250032216
1,mlp8-gcc13-scalar-r12-mlp8_cycle-scalar-warm-branch-24576,mlp8-gcc13-scalar,branch,branch_misses,689559,250029044,250029044
1,mlp8-gcc13-scalar-r12-mlp8_cycle-scalar-cache_evicted-branch-6291456,mlp8-gcc13-scalar,branch,cycles,549233418,250266198,250266198
1,mlp8-gcc13-scalar-r12-mlp8_cycle-scalar-cache_evicted-branch-6291456,mlp8-gcc13-scalar,branch,branches,10683306,250265246,250265246
1,mlp8-gcc13-scalar-r12-mlp8_cycle-scalar-cache_evicted-branch-6291456,mlp8-gcc13-scalar,branch,branch_misses,917,250261864,250261864
1,mlp8-gcc13-scalar-r12-mlp8_cycle-scalar-warm-branch-36864,mlp8-gcc13-scalar,branch,cycles,548731488,250034030,250034030
1,mlp8-gcc13-scalar-r12-mlp8_cycle-scalar-warm-branch-36864,mlp8-gcc13-scalar,branch,branches,51232741,250031361,250031361
1,mlp8-gcc13-scalar-r12-mlp8_cycle-scalar-warm-branch-36864,mlp8-gcc13-scalar,branch,branch_misses,483457,250027778,250027778
1,mlp8-gcc13-scalar-r12-mlp8_cycle-scalar-warm-basic-32768,mlp8-gcc13-scalar,basic,cycles,548731847,250033884,250033884
1,mlp8-gcc13-scalar-r12-mlp8_cycle-scalar-warm-basic-32768,mlp8-gcc13-scalar,basic,instructions,1799071123,250031343,250031343
1,mlp8-gcc13-scalar-r12-mlp8_cycle-scalar-warm-basic-32768,mlp8-gcc13-scalar,basic,ref_cycles,548733768,250028017,250028017
1,mlp8-gcc13-scalar-r12-mlp8_cycle-scalar-cache_evicted-basic-33554432,mlp8-gcc13-scalar,basic,cycles,551008472,251075347,251075347
1,mlp8-gcc13-scalar-r12-mlp8_cycle-scalar-cache_evicted-basic-33554432,mlp8-gcc13-scalar,basic,instructions,311513898,251074321,251074321
1,mlp8-gcc13-scalar-r12-mlp8_cycle-scalar-cache_evicted-basic-33554432,mlp8-gcc13-scalar,basic,ref_cycles,551012550,251070588,251070588
1,mlp8-gcc13-scalar-r12-mlp8_cycle-scalar-cache_evicted-branch-32768,mlp8-gcc13-scalar,branch,cycles,548730395,250033999,250033999
1,mlp8-gcc13-scalar-r12-mlp8_cycle-scalar-cache_evicted-branch-32768,mlp8-gcc13-scalar,branch,branches,52621802,250030497,250030497
1,mlp8-gcc13-scalar-r12-mlp8_cycle-scalar-cache_evicted-branch-32768,mlp8-gcc13-scalar,branch,branch_misses,537096,250026385,250026385
1,mlp8-gcc13-scalar-r12-mlp8_cycle-scalar-warm-branch-33554432,mlp8-gcc13-scalar,branch,cycles,551222938,251173592,251173592
1,mlp8-gcc13-scalar-r12-mlp8_cycle-scalar-warm-branch-33554432,mlp8-gcc13-scalar,branch,branches,6360422,251173813,251173813
1,mlp8-gcc13-scalar-r12-mlp8_cycle-scalar-warm-branch-33554432,mlp8-gcc13-scalar,branch,branch_misses,141,251170105,251170105
1,mlp8-gcc13-scalar-r12-mlp8_cycle-scalar-warm-basic-134217728,mlp8-gcc13-scalar,basic,cycles,599467301,273154568,273154568
1,mlp8-gcc13-scalar-r12-mlp8_cycle-scalar-warm-basic-134217728,mlp8-gcc13-scalar,basic,instructions,141298588,273152251,273152251
1,mlp8-gcc13-scalar-r12-mlp8_cycle-scalar-warm-basic-134217728,mlp8-gcc13-scalar,basic,ref_cycles,599470982,273148735,273148735
1,mlp8-gcc13-scalar-r12-mlp8_cycle-scalar-warm-basic-6291456,mlp8-gcc13-scalar,basic,cycles,548787206,250060184,250060184
1,mlp8-gcc13-scalar-r12-mlp8_cycle-scalar-warm-basic-6291456,mlp8-gcc13-scalar,basic,instructions,533058290,250059469,250059469
1,mlp8-gcc13-scalar-r12-mlp8_cycle-scalar-warm-basic-6291456,mlp8-gcc13-scalar,basic,ref_cycles,548790748,250056139,250056139
1,mlp8-gcc13-scalar-r12-mlp8_cycle-scalar-warm-basic-7340032,mlp8-gcc13-scalar,basic,cycles,549023568,250167377,250167377
1,mlp8-gcc13-scalar-r12-mlp8_cycle-scalar-warm-basic-7340032,mlp8-gcc13-scalar,basic,instructions,517873578,250167592,250167592
1,mlp8-gcc13-scalar-r12-mlp8_cycle-scalar-warm-basic-7340032,mlp8-gcc13-scalar,basic,ref_cycles,549026918,250164529,250164529
1,mlp8-gcc13-scalar-r12-mlp8_cycle-scalar-warm-basic-536870912,mlp8-gcc13-scalar,basic,cycles,693807064,316135656,316135656
1,mlp8-gcc13-scalar-r12-mlp8_cycle-scalar-warm-basic-536870912,mlp8-gcc13-scalar,basic,instructions,154141940,316133993,316133993
1,mlp8-gcc13-scalar-r12-mlp8_cycle-scalar-warm-basic-536870912,mlp8-gcc13-scalar,basic,ref_cycles,693810964,316130203,316130203
1,mlp8-gcc13-scalar-r12-mlp8_cycle-scalar-warm-branch-229376,mlp8-gcc13-scalar,branch,cycles,548731363,250034378,250034378
1,mlp8-gcc13-scalar-r12-mlp8_cycle-scalar-warm-branch-229376,mlp8-gcc13-scalar,branch,branches,39204114,250032866,250032866
1,mlp8-gcc13-scalar-r12-mlp8_cycle-scalar-warm-branch-229376,mlp8-gcc13-scalar,branch,branch_misses,81420,250029315,250029315
1,mlp8-gcc13-scalar-r12-mlp8_cycle-scalar-warm-branch-28672,mlp8-gcc13-scalar,branch,cycles,548731897,250032861,250032861
1,mlp8-gcc13-scalar-r12-mlp8_cycle-scalar-warm-branch-28672,mlp8-gcc13-scalar,branch,branches,53937432,250030544,250030544
1,mlp8-gcc13-scalar-r12-mlp8_cycle-scalar-warm-branch-28672,mlp8-gcc13-scalar,branch,branch_misses,599482,250026975,250026975
1,mlp8-gcc13-scalar-r12-mlp8_cycle-scalar-cache_evicted-branch-536870912,mlp8-gcc13-scalar,branch,cycles,692500690,315540992,315540992
1,mlp8-gcc13-scalar-r12-mlp8_cycle-scalar-cache_evicted-branch-536870912,mlp8-gcc13-scalar,branch,branches,3145962,315538873,315538873
1,mlp8-gcc13-scalar-r12-mlp8_cycle-scalar-cache_evicted-branch-536870912,mlp8-gcc13-scalar,branch,branch_misses,42,315535277,315535277
1,mlp8-gcc13-scalar-r12-mlp8_cycle-scalar-warm-basic-28672,mlp8-gcc13-scalar,basic,cycles,548732287,250033731,250033731
1,mlp8-gcc13-scalar-r12-mlp8_cycle-scalar-warm-basic-28672,mlp8-gcc13-scalar,basic,instructions,1785903227,250032545,250032545
1,mlp8-gcc13-scalar-r12-mlp8_cycle-scalar-warm-basic-28672,mlp8-gcc13-scalar,basic,ref_cycles,548734648,250029249,250029249
1,mlp8-gcc13-scalar-r12-mlp8_cycle-scalar-cache_evicted-branch-262144,mlp8-gcc13-scalar,branch,cycles,548735775,250038597,250038597
1,mlp8-gcc13-scalar-r12-mlp8_cycle-scalar-cache_evicted-branch-262144,mlp8-gcc13-scalar,branch,branches,37425778,250036618,250036618
1,mlp8-gcc13-scalar-r12-mlp8_cycle-scalar-cache_evicted-branch-262144,mlp8-gcc13-scalar,branch,branch_misses,68650,250032395,250032395
1,mlp8-gcc13-scalar-r12-mlp8_cycle-scalar-warm-basic-36864,mlp8-gcc13-scalar,basic,cycles,548731128,250032926,250032926
1,mlp8-gcc13-scalar-r12-mlp8_cycle-scalar-warm-basic-36864,mlp8-gcc13-scalar,basic,instructions,1806227633,250030779,250030779
1,mlp8-gcc13-scalar-r12-mlp8_cycle-scalar-warm-basic-36864,mlp8-gcc13-scalar,basic,ref_cycles,548732932,250027715,250027715
1,mlp8-gcc13-scalar-r12-mlp8_cycle-scalar-warm-branch-196608,mlp8-gcc13-scalar,branch,cycles,548733224,250035048,250035048
1,mlp8-gcc13-scalar-r12-mlp8_cycle-scalar-warm-branch-196608,mlp8-gcc13-scalar,branch,branches,40407562,250031055,250031055
1,mlp8-gcc13-scalar-r12-mlp8_cycle-scalar-warm-branch-196608,mlp8-gcc13-scalar,branch,branch_misses,96738,250026495,250026495
1,mlp8-gcc13-scalar-r12-mlp8_cycle-scalar-warm-basic-262144,mlp8-gcc13-scalar,basic,cycles,548736870,250033765,250033765
1,mlp8-gcc13-scalar-r12-mlp8_cycle-scalar-warm-basic-262144,mlp8-gcc13-scalar,basic,instructions,1736560156,250030929,250030929
1,mlp8-gcc13-scalar-r12-mlp8_cycle-scalar-warm-basic-262144,mlp8-gcc13-scalar,basic,ref_cycles,548738300,250027417,250027417
1,mlp8-gcc13-scalar-r12-mlp8_cycle-scalar-warm-basic-16384,mlp8-gcc13-scalar,basic,cycles,548730731,250031122,250031122
1,mlp8-gcc13-scalar-r12-mlp8_cycle-scalar-warm-basic-16384,mlp8-gcc13-scalar,basic,instructions,1720706970,250029154,250029154
1,mlp8-gcc13-scalar-r12-mlp8_cycle-scalar-warm-basic-16384,mlp8-gcc13-scalar,basic,ref_cycles,548732096,250026405,250026405
1,mlp8-gcc13-scalar-r12-mlp8_cycle-scalar-warm-basic-196608,mlp8-gcc13-scalar,basic,cycles,548732765,250033708,250033708
1,mlp8-gcc13-scalar-r12-mlp8_cycle-scalar-warm-basic-196608,mlp8-gcc13-scalar,basic,instructions,1836756033,250032104,250032104
1,mlp8-gcc13-scalar-r12-mlp8_cycle-scalar-warm-basic-196608,mlp8-gcc13-scalar,basic,ref_cycles,548735088,250028786,250028786
1,mlp8-gcc13-scalar-r12-mlp8_cycle-scalar-warm-branch-65536,mlp8-gcc13-scalar,branch,cycles,548731358,250032450,250032450
1,mlp8-gcc13-scalar-r12-mlp8_cycle-scalar-warm-branch-65536,mlp8-gcc13-scalar,branch,branches,46208020,250029124,250029124
1,mlp8-gcc13-scalar-r12-mlp8_cycle-scalar-warm-branch-65536,mlp8-gcc13-scalar,branch,branch_misses,285340,250025367,250025367
1,mlp8-gcc13-scalar-r12-mlp8_cycle-scalar-warm-basic-24576,mlp8-gcc13-scalar,basic,cycles,548730669,250030160,250030160
1,mlp8-gcc13-scalar-r12-mlp8_cycle-scalar-warm-basic-24576,mlp8-gcc13-scalar,basic,instructions,1770849891,250028810,250028810
1,mlp8-gcc13-scalar-r12-mlp8_cycle-scalar-warm-basic-24576,mlp8-gcc13-scalar,basic,ref_cycles,548732184,250025821,250025821
1,mlp8-gcc13-scalar-r12-mlp8_cycle-scalar-warm-basic-524288,mlp8-gcc13-scalar,basic,cycles,548745519,250039511,250039511
1,mlp8-gcc13-scalar-r12-mlp8_cycle-scalar-warm-basic-524288,mlp8-gcc13-scalar,basic,instructions,1313490803,250038124,250038124
1,mlp8-gcc13-scalar-r12-mlp8_cycle-scalar-warm-basic-524288,mlp8-gcc13-scalar,basic,ref_cycles,548748178,250035301,250035301
1,mlp8-gcc13-scalar-r12-mlp8_cycle-scalar-warm-branch-524288,mlp8-gcc13-scalar,branch,cycles,548732623,250033768,250033768
1,mlp8-gcc13-scalar-r12-mlp8_cycle-scalar-warm-branch-524288,mlp8-gcc13-scalar,branch,branches,27748317,250032343,250032343
1,mlp8-gcc13-scalar-r12-mlp8_cycle-scalar-warm-branch-524288,mlp8-gcc13-scalar,branch,branch_misses,26284,250029254,250029254
1,mlp8-gcc13-scalar-r12-mlp8_cycle-scalar-warm-branch-16384,mlp8-gcc13-scalar,branch,cycles,548730354,250031870,250031870
1,mlp8-gcc13-scalar-r12-mlp8_cycle-scalar-warm-branch-16384,mlp8-gcc13-scalar,branch,branches,63575120,250028633,250028633
1,mlp8-gcc13-scalar-r12-mlp8_cycle-scalar-warm-branch-16384,mlp8-gcc13-scalar,branch,branch_misses,875029,250024815,250024815
1,mlp8-gcc13-scalar-r12-mlp8_cycle-scalar-warm-basic-4194304,mlp8-gcc13-scalar,basic,cycles,548805842,250067724,250067724
1,mlp8-gcc13-scalar-r12-mlp8_cycle-scalar-warm-basic-4194304,mlp8-gcc13-scalar,basic,instructions,593998088,250065419,250065419
1,mlp8-gcc13-scalar-r12-mlp8_cycle-scalar-warm-basic-4194304,mlp8-gcc13-scalar,basic,ref_cycles,548808062,250062098,250062098
1,mlp8-gcc13-scalar-r12-mlp8_cycle-scalar-warm-branch-49152,mlp8-gcc13-scalar,branch,cycles,548730278,250031090,250031090
1,mlp8-gcc13-scalar-r12-mlp8_cycle-scalar-warm-branch-49152,mlp8-gcc13-scalar,branch,branches,48434588,250029014,250029014
1,mlp8-gcc13-scalar-r12-mlp8_cycle-scalar-warm-branch-49152,mlp8-gcc13-scalar,branch,branch_misses,372684,250025428,250025428
1,mlp8-gcc13-scalar-r12-mlp8_cycle-scalar-warm-basic-2097152,mlp8-gcc13-scalar,basic,cycles,548743504,250037526,250037526
1,mlp8-gcc13-scalar-r12-mlp8_cycle-scalar-warm-basic-2097152,mlp8-gcc13-scalar,basic,instructions,784380597,250035234,250035234
1,mlp8-gcc13-scalar-r12-mlp8_cycle-scalar-warm-basic-2097152,mlp8-gcc13-scalar,basic,ref_cycles,548744944,250031751,250031751
1,mlp8-gcc13-scalar-r12-mlp8_cycle-scalar-warm-branch-6291456,mlp8-gcc13-scalar,branch,cycles,548861978,250096433,250096433
1,mlp8-gcc13-scalar-r12-mlp8_cycle-scalar-warm-branch-6291456,mlp8-gcc13-scalar,branch,branches,10720280,250094582,250094582
1,mlp8-gcc13-scalar-r12-mlp8_cycle-scalar-warm-branch-6291456,mlp8-gcc13-scalar,branch,branch_misses,925,250090757,250090757
1,mlp8-gcc13-scalar-r12-mlp8_cycle-scalar-warm-branch-134217728,mlp8-gcc13-scalar,branch,cycles,550582203,250881827,250881827
1,mlp8-gcc13-scalar-r12-mlp8_cycle-scalar-warm-branch-134217728,mlp8-gcc13-scalar,branch,branches,2884090,250880918,250880918
1,mlp8-gcc13-scalar-r12-mlp8_cycle-scalar-warm-branch-134217728,mlp8-gcc13-scalar,branch,branch_misses,85,250877091,250877091
1,mlp8-gcc13-scalar-r12-mlp8_cycle-scalar-cache_evicted-basic-262144,mlp8-gcc13-scalar,basic,cycles,548738430,250038160,250038160
1,mlp8-gcc13-scalar-r12-mlp8_cycle-scalar-cache_evicted-basic-262144,mlp8-gcc13-scalar,basic,instructions,1735269859,250036791,250036791
1,mlp8-gcc13-scalar-r12-mlp8_cycle-scalar-cache_evicted-basic-262144,mlp8-gcc13-scalar,basic,ref_cycles,548740940,250033522,250033522
1,mlp8-gcc13-scalar-r12-mlp8_cycle-scalar-warm-basic-65536,mlp8-gcc13-scalar,basic,cycles,548731943,250031906,250031906
1,mlp8-gcc13-scalar-r12-mlp8_cycle-scalar-warm-basic-65536,mlp8-gcc13-scalar,basic,instructions,1846368925,250029198,250029198
1,mlp8-gcc13-scalar-r12-mlp8_cycle-scalar-warm-basic-65536,mlp8-gcc13-scalar,basic,ref_cycles,548733108,250025827,250025827
1,mlp8-gcc13-scalar-r12-mlp8_cycle-scalar-cache_evicted-branch-33554432,mlp8-gcc13-scalar,branch,cycles,549039770,250178758,250178758
1,mlp8-gcc13-scalar-r12-mlp8_cycle-scalar-cache_evicted-branch-33554432,mlp8-gcc13-scalar,branch,branches,6163712,250178376,250178376
1,mlp8-gcc13-scalar-r12-mlp8_cycle-scalar-cache_evicted-branch-33554432,mlp8-gcc13-scalar,branch,branch_misses,140,250174651,250174651
1,mlp8-gcc13-scalar-r12-mlp8_cycle-scalar-warm-basic-393216,mlp8-gcc13-scalar,basic,cycles,542084642,247536323,247536323
1,mlp8-gcc13-scalar-r12-mlp8_cycle-scalar-warm-basic-393216,mlp8-gcc13-scalar,basic,instructions,1431147256,247538111,247538111
1,mlp8-gcc13-scalar-r12-mlp8_cycle-scalar-warm-basic-393216,mlp8-gcc13-scalar,basic,ref_cycles,542092716,247536206,247536206
1,mlp8-gcc13-scalar-r12-mlp8_cycle-scalar-cache_evicted-basic-1048576,mlp8-gcc13-scalar,basic,cycles,548741580,250036838,250036838
1,mlp8-gcc13-scalar-r12-mlp8_cycle-scalar-cache_evicted-basic-1048576,mlp8-gcc13-scalar,basic,instructions,1224480144,250034435,250034435
1,mlp8-gcc13-scalar-r12-mlp8_cycle-scalar-cache_evicted-basic-1048576,mlp8-gcc13-scalar,basic,ref_cycles,548742920,250030774,250030774
1,mlp8-gcc13-scalar-r12-mlp8_cycle-scalar-warm-basic-229376,mlp8-gcc13-scalar,basic,cycles,548730383,250031220,250031220
1,mlp8-gcc13-scalar-r12-mlp8_cycle-scalar-warm-basic-229376,mlp8-gcc13-scalar,basic,instructions,1805010612,250028171,250028171
1,mlp8-gcc13-scalar-r12-mlp8_cycle-scalar-warm-basic-229376,mlp8-gcc13-scalar,basic,ref_cycles,548731612,250024583,250024583
1,mlp8-gcc13-scalar-r12-mlp8_cycle-scalar-warm-branch-5242880,mlp8-gcc13-scalar,branch,cycles,549150665,250225706,250225706
1,mlp8-gcc13-scalar-r12-mlp8_cycle-scalar-warm-branch-5242880,mlp8-gcc13-scalar,branch,branches,11404272,250225963,250225963
1,mlp8-gcc13-scalar-r12-mlp8_cycle-scalar-warm-branch-5242880,mlp8-gcc13-scalar,branch,branch_misses,1151,250222160,250222160
1,mlp8-gcc13-scalar-r12-mlp8_cycle-scalar-warm-branch-8192,mlp8-gcc13-scalar,branch,cycles,548730654,250032268,250032268
1,mlp8-gcc13-scalar-r12-mlp8_cycle-scalar-warm-branch-8192,mlp8-gcc13-scalar,branch,branches,84025082,250028892,250028892
1,mlp8-gcc13-scalar-r12-mlp8_cycle-scalar-warm-branch-8192,mlp8-gcc13-scalar,branch,branch_misses,412,250024991,250024991
1,mlp8-gcc13-scalar-r12-mlp8_cycle-scalar-warm-branch-98304,mlp8-gcc13-scalar,branch,cycles,548734254,250035818,250035818
1,mlp8-gcc13-scalar-r12-mlp8_cycle-scalar-warm-branch-98304,mlp8-gcc13-scalar,branch,branches,43250402,250034524,250034524
1,mlp8-gcc13-scalar-r12-mlp8_cycle-scalar-warm-branch-98304,mlp8-gcc13-scalar,branch,branch_misses,191489,250030415,250030415
1,mlp8-gcc13-scalar-r12-mlp8_cycle-scalar-warm-branch-32768,mlp8-gcc13-scalar,branch,cycles,548731407,250033172,250033172
1,mlp8-gcc13-scalar-r12-mlp8_cycle-scalar-warm-branch-32768,mlp8-gcc13-scalar,branch,branches,52607941,250029471,250029471
1,mlp8-gcc13-scalar-r12-mlp8_cycle-scalar-warm-branch-32768,mlp8-gcc13-scalar,branch,branch_misses,536956,250025989,250025989
1,mlp8-gcc13-scalar-r12-mlp8_cycle-scalar-warm-branch-536870912,mlp8-gcc13-scalar,branch,cycles,693903729,316179895,316179895
1,mlp8-gcc13-scalar-r12-mlp8_cycle-scalar-warm-branch-536870912,mlp8-gcc13-scalar,branch,branches,3145962,316178867,316178867
1,mlp8-gcc13-scalar-r12-mlp8_cycle-scalar-warm-branch-536870912,mlp8-gcc13-scalar,branch,branch_misses,45,316175112,316175112
1,mlp8-gcc13-scalar-r12-mlp8_cycle-scalar-warm-basic-1048576,mlp8-gcc13-scalar,basic,cycles,548750216,250042227,250042227
1,mlp8-gcc13-scalar-r12-mlp8_cycle-scalar-warm-basic-1048576,mlp8-gcc13-scalar,basic,instructions,1205272154,250040912,250040912
1,mlp8-gcc13-scalar-r12-mlp8_cycle-scalar-warm-basic-1048576,mlp8-gcc13-scalar,basic,ref_cycles,548752688,250038359,250038359
1,mlp8-gcc13-scalar-r12-mlp8_cycle-scalar-warm-basic-131072,mlp8-gcc13-scalar,basic,cycles,548733014,250033896,250033896
1,mlp8-gcc13-scalar-r12-mlp8_cycle-scalar-warm-basic-131072,mlp8-gcc13-scalar,basic,instructions,1854963472,250031993,250031993
1,mlp8-gcc13-scalar-r12-mlp8_cycle-scalar-warm-basic-131072,mlp8-gcc13-scalar,basic,ref_cycles,548735704,250029295,250029295
1,mlp8-gcc13-scalar-r12-mlp8_cycle-scalar-warm-branch-4194304,mlp8-gcc13-scalar,branch,cycles,548983993,250150816,250150816
1,mlp8-gcc13-scalar-r12-mlp8_cycle-scalar-warm-branch-4194304,mlp8-gcc13-scalar,branch,branches,12265118,250150044,250150044
1,mlp8-gcc13-scalar-r12-mlp8_cycle-scalar-warm-branch-4194304,mlp8-gcc13-scalar,branch,branch_misses,1550,250146509,250146509
1,mlp8-gcc13-scalar-r13-mlp8_cycle-scalar-warm-basic-98304,mlp8-gcc13-scalar,basic,cycles,548732057,250033073,250033073
1,mlp8-gcc13-scalar-r13-mlp8_cycle-scalar-warm-basic-98304,mlp8-gcc13-scalar,basic,instructions,1869611327,250030404,250030404
1,mlp8-gcc13-scalar-r13-mlp8_cycle-scalar-warm-basic-98304,mlp8-gcc13-scalar,basic,ref_cycles,548733372,250026845,250026845
1,mlp8-gcc13-scalar-r13-mlp8_cycle-scalar-warm-branch-8388608,mlp8-gcc13-scalar,branch,cycles,549055624,250184799,250184799
1,mlp8-gcc13-scalar-r13-mlp8_cycle-scalar-warm-branch-8388608,mlp8-gcc13-scalar,branch,branches,9982280,250182836,250182836
1,mlp8-gcc13-scalar-r13-mlp8_cycle-scalar-warm-branch-8388608,mlp8-gcc13-scalar,branch,branch_misses,652,250178769,250178769
1,mlp8-gcc13-scalar-r13-mlp8_cycle-scalar-warm-branch-196608,mlp8-gcc13-scalar,branch,cycles,548735275,250035023,250035023
1,mlp8-gcc13-scalar-r13-mlp8_cycle-scalar-warm-branch-196608,mlp8-gcc13-scalar,branch,branches,40910270,250032283,250032283
1,mlp8-gcc13-scalar-r13-mlp8_cycle-scalar-warm-branch-196608,mlp8-gcc13-scalar,branch,branch_misses,97940,250028375,250028375
1,mlp8-gcc13-scalar-r13-mlp8_cycle-scalar-cache_evicted-basic-536870912,mlp8-gcc13-scalar,basic,cycles,698038712,318062890,318062890
1,mlp8-gcc13-scalar-r13-mlp8_cycle-scalar-cache_evicted-basic-536870912,mlp8-gcc13-scalar,basic,instructions,154141940,318060368,318060368
1,mlp8-gcc13-scalar-r13-mlp8_cycle-scalar-cache_evicted-basic-536870912,mlp8-gcc13-scalar,basic,ref_cycles,698042004,318057654,318057654
1,mlp8-gcc13-scalar-r13-mlp8_cycle-scalar-warm-basic-2097152,mlp8-gcc13-scalar,basic,cycles,548789290,250059001,250059001
1,mlp8-gcc13-scalar-r13-mlp8_cycle-scalar-warm-basic-2097152,mlp8-gcc13-scalar,basic,instructions,785385333,250055857,250055857
1,mlp8-gcc13-scalar-r13-mlp8_cycle-scalar-warm-basic-2097152,mlp8-gcc13-scalar,basic,ref_cycles,548790506,250051969,250051969
1,mlp8-gcc13-scalar-r13-mlp8_cycle-scalar-warm-basic-131072,mlp8-gcc13-scalar,basic,cycles,548733947,250033478,250033478
1,mlp8-gcc13-scalar-r13-mlp8_cycle-scalar-warm-basic-131072,mlp8-gcc13-scalar,basic,instructions,1864806499,250031427,250031427
1,mlp8-gcc13-scalar-r13-mlp8_cycle-scalar-warm-basic-131072,mlp8-gcc13-scalar,basic,ref_cycles,548736276,250027954,250027954
1,mlp8-gcc13-scalar-r13-mlp8_cycle-scalar-warm-branch-536870912,mlp8-gcc13-scalar,branch,cycles,712307771,324564322,324564322
1,mlp8-gcc13-scalar-r13-mlp8_cycle-scalar-warm-branch-536870912,mlp8-gcc13-scalar,branch,branches,3145962,324563130,324563130
1,mlp8-gcc13-scalar-r13-mlp8_cycle-scalar-warm-branch-536870912,mlp8-gcc13-scalar,branch,branch_misses,43,324559588,324559588
1,mlp8-gcc13-scalar-r13-mlp8_cycle-scalar-warm-basic-393216,mlp8-gcc13-scalar,basic,cycles,548743076,250038208,250038208
1,mlp8-gcc13-scalar-r13-mlp8_cycle-scalar-warm-basic-393216,mlp8-gcc13-scalar,basic,instructions,1459797370,250036036,250036036
1,mlp8-gcc13-scalar-r13-mlp8_cycle-scalar-warm-basic-393216,mlp8-gcc13-scalar,basic,ref_cycles,548745010,250032724,250032724
1,mlp8-gcc13-scalar-r13-mlp8_cycle-scalar-warm-branch-2097152,mlp8-gcc13-scalar,branch,cycles,548759536,250047124,250047124
1,mlp8-gcc13-scalar-r13-mlp8_cycle-scalar-warm-branch-2097152,mlp8-gcc13-scalar,branch,branches,16164958,250045961,250045961
1,mlp8-gcc13-scalar-r13-mlp8_cycle-scalar-warm-branch-2097152,mlp8-gcc13-scalar,branch,branch_misses,3960,250042317,250042317
1,mlp8-gcc13-scalar-r13-mlp8_cycle-scalar-warm-branch-229376,mlp8-gcc13-scalar,branch,cycles,548732501,250034094,250034094
1,mlp8-gcc13-scalar-r13-mlp8_cycle-scalar-warm-branch-229376,mlp8-gcc13-scalar,branch,branches,38853271,250032172,250032172
1,mlp8-gcc13-scalar-r13-mlp8_cycle-scalar-warm-branch-229376,mlp8-gcc13-scalar,branch,branch_misses,80684,250028565,250028565
1,mlp8-gcc13-scalar-r13-mlp8_cycle-scalar-warm-branch-28672,mlp8-gcc13-scalar,branch,cycles,548731386,250033574,250033574
1,mlp8-gcc13-scalar-r13-mlp8_cycle-scalar-warm-branch-28672,mlp8-gcc13-scalar,branch,branches,53654248,250031527,250031527
1,mlp8-gcc13-scalar-r13-mlp8_cycle-scalar-warm-branch-28672,mlp8-gcc13-scalar,branch,branch_misses,596316,250028028,250028028
1,mlp8-gcc13-scalar-r13-mlp8_cycle-scalar-warm-branch-65536,mlp8-gcc13-scalar,branch,cycles,548731191,250032712,250032712
1,mlp8-gcc13-scalar-r13-mlp8_cycle-scalar-warm-branch-65536,mlp8-gcc13-scalar,branch,branches,46211187,250029619,250029619
1,mlp8-gcc13-scalar-r13-mlp8_cycle-scalar-warm-branch-65536,mlp8-gcc13-scalar,branch,branch_misses,285380,250025682,250025682
1,mlp8-gcc13-scalar-r13-mlp8_cycle-scalar-warm-branch-1048576,mlp8-gcc13-scalar,branch,cycles,548759546,250047003,250047003
1,mlp8-gcc13-scalar-r13-mlp8_cycle-scalar-warm-branch-1048576,mlp8-gcc13-scalar,branch,branches,24957069,250045080,250045080
1,mlp8-gcc13-scalar-r13-mlp8_cycle-scalar-warm-branch-1048576,mlp8-gcc13-scalar,branch,branch_misses,12047,250041504,250041504
1,mlp8-gcc13-scalar-r13-mlp8_cycle-scalar-cache_evicted-basic-1048576,mlp8-gcc13-scalar,basic,cycles,548762413,250047133,250047133
1,mlp8-gcc13-scalar-r13-mlp8_cycle-scalar-cache_evicted-basic-1048576,mlp8-gcc13-scalar,basic,instructions,1236849592,250044413,250044413
1,mlp8-gcc13-scalar-r13-mlp8_cycle-scalar-cache_evicted-basic-1048576,mlp8-gcc13-scalar,basic,ref_cycles,548764062,250040911,250040911
1,mlp8-gcc13-scalar-r13-mlp8_cycle-scalar-warm-branch-36864,mlp8-gcc13-scalar,branch,cycles,548732125,250033773,250033773
1,mlp8-gcc13-scalar-r13-mlp8_cycle-scalar-warm-branch-36864,mlp8-gcc13-scalar,branch,branches,51014459,250032880,250032880
1,mlp8-gcc13-scalar-r13-mlp8_cycle-scalar-warm-branch-36864,mlp8-gcc13-scalar,branch,branch_misses,481426,250029303,250029303
1,mlp8-gcc13-scalar-r13-mlp8_cycle-scalar-warm-basic-49152,mlp8-gcc13-scalar,basic,cycles,548731923,250033618,250033618
1,mlp8-gcc13-scalar-r13-mlp8_cycle-scalar-warm-basic-49152,mlp8-gcc13-scalar,basic,instructions,1832232455,250031301,250031301
1,mlp8-gcc13-scalar-r13-mlp8_cycle-scalar-warm-basic-49152,mlp8-gcc13-scalar,basic,ref_cycles,548733878,250028026,250028026
1,mlp8-gcc13-scalar-r13-mlp8_cycle-scalar-warm-basic-536870912,mlp8-gcc13-scalar,basic,cycles,689536582,314188166,314188166
1,mlp8-gcc13-scalar-r13-mlp8_cycle-scalar-warm-basic-536870912,mlp8-gcc13-scalar,basic,instructions,154141940,314187549,314187549
1,mlp8-gcc13-scalar-r13-mlp8_cycle-scalar-warm-basic-536870912,mlp8-gcc13-scalar,basic,ref_cycles,689539598,314184140,314184140
1,mlp8-gcc13-scalar-r13-mlp8_cycle-scalar-warm-basic-28672,mlp8-gcc13-scalar,basic,cycles,548731775,250033839,250033839
1,mlp8-gcc13-scalar-r13-mlp8_cycle-scalar-warm-basic-28672,mlp8-gcc13-scalar,basic,instructions,1785130915,250032228,250032228
1,mlp8-gcc13-scalar-r13-mlp8_cycle-scalar-warm-basic-28672,mlp8-gcc13-scalar,basic,ref_cycles,548734098,250028580,250028580
1,mlp8-gcc13-scalar-r13-mlp8_cycle-scalar-warm-branch-131072,mlp8-gcc13-scalar,branch,cycles,548734414,250035676,250035676
1,mlp8-gcc13-scalar-r13-mlp8_cycle-scalar-warm-branch-131072,mlp8-gcc13-scalar,branch,branches,42320602,250033493,250033493
1,mlp8-gcc13-scalar-r13-mlp8_cycle-scalar-warm-branch-131072,mlp8-gcc13-scalar,branch,branch_misses,146061,250030184,250030184
1,mlp8-gcc13-scalar-r13-mlp8_cycle-scalar-warm-branch-393216,mlp8-gcc13-scalar,branch,cycles,548736658,250035634,250035634
1,mlp8-gcc13-scalar-r13-mlp8_cycle-scalar-warm-branch-393216,mlp8-gcc13-scalar,branch,branches,30806591,250033992,250033992
1,mlp8-gcc13-scalar-r13-mlp8_cycle-scalar-warm-branch-393216,mlp8-gcc13-scalar,branch,branch_misses,38468,250030793,250030793
1,mlp8-gcc13-scalar-r13-mlp8_cycle-scalar-warm-basic-36864,mlp8-gcc13-scalar,basic,cycles,548732312,250033656,250033656
1,mlp8-gcc13-scalar-r13-mlp8_cycle-scalar-warm-basic-36864,mlp8-gcc13-scalar,basic,instructions,1811685696,250031851,250031851
1,mlp8-gcc13-scalar-r13-mlp8_cycle-scalar-warm-basic-36864,mlp8-gcc13-scalar,basic,ref_cycles,548734538,250028658,250028658
1,mlp8-gcc13-scalar-r13-mlp8_cycle-scalar-warm-basic-6291456,mlp8-gcc13-scalar,basic,cycles,548971010,250143054,250143054
1,mlp8-gcc13-scalar-r13-mlp8_cycle-scalar-warm-basic-6291456,mlp8-gcc13-scalar,basic,instructions,526432679,250142201,250142201
1,mlp8-gcc13-scalar-r13-mlp8_cycle-scalar-warm-basic-6291456,mlp8-gcc13-scalar,basic,ref_cycles,548974492,250138606,250138606
1,mlp8-gcc13-scalar-r13-mlp8_cycle-scalar-warm-branch-262144,mlp8-gcc13-scalar,branch,cycles,548732746,250033061,250033061
1,mlp8-gcc13-scalar-r13-mlp8_cycle-scalar-warm-branch-262144,mlp8-gcc13-scalar,branch,branches,37417442,250030511,250030511
1,mlp8-gcc13-scalar-r13-mlp8_cycle-scalar-warm-branch-262144,mlp8-gcc13-scalar,branch,branch_misses,68599,250026536,250026536
1,mlp8-gcc13-scalar-r13-mlp8_cycle-scalar-cache_evicted-basic-8388608,mlp8-gcc13-scalar,basic,cycles,549558333,250411408,250411408
1,mlp8-gcc13-scalar-r13-mlp8_cycle-scalar-cache_evicted-basic-8388608,mlp8-gcc13-scalar,basic,instructions,502696783,250410200,250410200
1,mlp8-gcc13-scalar-r13-mlp8_cycle-scalar-cache_evicted-basic-8388608,mlp8-gcc13-scalar,basic,ref_cycles,549561166,250406957,250406957
1,mlp8-gcc13-scalar-r13-mlp8_cycle-scalar-warm-basic-1048576,mlp8-gcc13-scalar,basic,cycles,548742452,250037383,250037383
1,mlp8-gcc13-scalar-r13-mlp8_cycle-scalar-warm-basic-1048576,mlp8-gcc13-scalar,basic,instructions,1202054102,250034632,250034632
1,mlp8-gcc13-scalar-r13-mlp8_cycle-scalar-warm-basic-1048576,mlp8-gcc13-scalar,basic,ref_cycles,548744526,250031344,250031344
1,mlp8-gcc13-scalar-r13-mlp8_cycle-scalar-cache_evicted-branch-33554432,mlp8-gcc13-scalar,branch,cycles,550535556,250860961,250860961
1,mlp8-gcc13-scalar-r13-mlp8_cycle-scalar-cache_evicted-branch-33554432,mlp8-gcc13-scalar,branch,branches,6884983,250860069,250860069
1,mlp8-gcc13-scalar-r13-mlp8_cycle-scalar-cache_evicted-branch-33554432,mlp8-gcc13-scalar,branch,branch_misses,158,250856175,250856175
1,mlp8-gcc13-scalar-r13-mlp8_cycle-scalar-warm-basic-8192,mlp8-gcc13-scalar,basic,cycles,548731687,250033468,250033468
1,mlp8-gcc13-scalar-r13-mlp8_cycle-scalar-warm-basic-8192,mlp8-gcc13-scalar,basic,instructions,1675925532,250031758,250031758
1,mlp8-gcc13-scalar-r13-mlp8_cycle-scalar-warm-basic-8192,mlp8-gcc13-scalar,basic,ref_cycles,548733636,250028672,250028672
1,mlp8-gcc13-scalar-r13-mlp8_cycle-scalar-warm-branch-16384,mlp8-gcc13-scalar,branch,cycles,548731488,250033806,250033806
1,mlp8-gcc13-scalar-r13-mlp8_cycle-scalar-warm-branch-16384,mlp8-gcc13-scalar,branch,branches,64573967,250032253,250032253
1,mlp8-gcc13-scalar-r13-mlp8_cycle-scalar-warm-branch-16384,mlp8-gcc13-scalar,branch,branch_misses,440146,250029064,250029064
1,mlp8-gcc13-scalar-r13-mlp8_cycle-scalar-warm-basic-33554432,mlp8-gcc13-scalar,basic,cycles,549676239,250466701,250466701
1,mlp8-gcc13-scalar-r13-mlp8_cycle-scalar-warm-basic-33554432,mlp8-gcc13-scalar,basic,instructions,305090944,250467820,250467820
1,mlp8-gcc13-scalar-r13-mlp8_cycle-scalar-warm-basic-33554432,mlp8-gcc13-scalar,basic,ref_cycles,549680186,250464700,250464700
1,mlp8-gcc13-scalar-r13-mlp8_cycle-scalar-warm-basic-196608,mlp8-gcc13-scalar,basic,cycles,548735788,250033753,250033753
1,mlp8-gcc13-scalar-r13-mlp8_cycle-scalar-warm-basic-196608,mlp8-gcc13-scalar,basic,instructions,1843914697,250030827,250030827
1,mlp8-gcc13-scalar-r13-mlp8_cycle-scalar-warm-basic-196608,mlp8-gcc13-scalar,basic,ref_cycles,548736430,250027087,250027087
1,mlp8-gcc13-scalar-r13-mlp8_cycle-scalar-warm-basic-262144,mlp8-gcc13-scalar,basic,cycles,548737666,250034459,250034459
1,mlp8-gcc13-scalar-r13-mlp8_cycle-scalar-warm-basic-262144,mlp8-gcc13-scalar,basic,instructions,1734763930,250032268,250032268
1,mlp8-gcc13-scalar-r13-mlp8_cycle-scalar-warm-basic-262144,mlp8-gcc13-scalar,basic,ref_cycles,548740060,250029207,250029207
1,mlp8-gcc13-scalar-r13-mlp8_cycle-scalar-warm-basic-229376,mlp8-gcc13-scalar,basic,cycles,548731659,250033327,250033327
1,mlp8-gcc13-scalar-r13-mlp8_cycle-scalar-warm-basic-229376,mlp8-gcc13-scalar,basic,instructions,1801660587,250031667,250031667
1,mlp8-gcc13-scalar-r13-mlp8_cycle-scalar-warm-basic-229376,mlp8-gcc13-scalar,basic,ref_cycles,548733790,250028785,250028785
1,mlp8-gcc13-scalar-r13-mlp8_cycle-scalar-warm-basic-32768,mlp8-gcc13-scalar,basic,cycles,548731730,250032925,250032925
1,mlp8-gcc13-scalar-r13-mlp8_cycle-scalar-warm-basic-32768,mlp8-gcc13-scalar,basic,instructions,1798984225,250030890,250030890
1,mlp8-gcc13-scalar-r13-mlp8_cycle-scalar-warm-basic-32768,mlp8-gcc13-scalar,basic,ref_cycles,548734032,250028010,250028010
1,mlp8-gcc13-scalar-r13-mlp8_cycle-scalar-warm-branch-294912,mlp8-gcc13-scalar,branch,cycles,548738361,250036006,250036006
1,mlp8-gcc13-scalar-r13-mlp8_cycle-scalar-warm-branch-294912,mlp8-gcc13-scalar,branch,branches,35216463,250033384,250033384
1,mlp8-gcc13-scalar-r13-mlp8_cycle-scalar-warm-branch-294912,mlp8-gcc13-scalar,branch,branch_misses,57798,250029984,250029984
1,mlp8-gcc13-scalar-r13-mlp8_cycle-scalar-warm-branch-12582912,mlp8-gcc13-scalar,branch,cycles,549055182,250184566,250184566
1,mlp8-gcc13-scalar-r13-mlp8_cycle-scalar-warm-branch-12582912,mlp8-gcc13-scalar,branch,branches,9401152,250184162,250184162
1,mlp8-gcc13-scalar-r13-mlp8_cycle-scalar-warm-branch-12582912,mlp8-gcc13-scalar,branch,branch_misses,430,250180671,250180671
1,mlp8-gcc13-scalar-r13-mlp8_cycle-scalar-warm-basic-134217728,mlp8-gcc13-scalar,basic,cycles,557606514,254080309,254080309
1,mlp8-gcc13-scalar-r13-mlp8_cycle-scalar-warm-basic-134217728,mlp8-gcc13-scalar,basic,instructions,141298588,254079574,254079574
1,mlp8-gcc13-scalar-r13-mlp8_cycle-scalar-warm-basic-134217728,mlp8-gcc13-scalar,basic,ref_cycles,557610746,254076348,254076348
1,mlp8-gcc13-scalar-r13-mlp8_cycle-scalar-warm-branch-98304,mlp8-gcc13-scalar,branch,cycles,548730587,250032463,250032463
1,mlp8-gcc13-scalar-r13-mlp8_cycle-scalar-warm-branch-98304,mlp8-gcc13-scalar,branch,branches,43938824,250029290,250029290
1,mlp8-gcc13-scalar-r13-mlp8_cycle-scalar-warm-branch-98304,mlp8-gcc13-scalar,branch,branch_misses,194520,250025429,250025429
1,mlp8-gcc13-scalar-r13-mlp8_cycle-scalar-warm-basic-294912,mlp8-gcc13-scalar,basic,cycles,548732258,250033154,250033154
1,mlp8-gcc13-scalar-r13-mlp8_cycle-scalar-warm-basic-294912,mlp8-gcc13-scalar,basic,instructions,1651223706,250031189,250031189
1,mlp8-gcc13-scalar-r13-mlp8_cycle-scalar-warm-basic-294912,mlp8-gcc13-scalar,basic,ref_cycles,548734406,250028222,250028222
1,mlp8-gcc13-scalar-r13-mlp8_cycle-scalar-warm-branch-4194304,mlp8-gcc13-scalar,branch,cycles,548841889,250086677,250086677
1,mlp8-gcc13-scalar-r13-mlp8_cycle-scalar-warm-branch-4194304,mlp8-gcc13-scalar,branch,branches,12174612,250083636,250083636
1,mlp8-gcc13-scalar-r13-mlp8_cycle-scalar-warm-branch-4194304,mlp8-gcc13-scalar,branch,branch_misses,1519,250079225,250079225
1,mlp8-gcc13-scalar-r13-mlp8_cycle-scalar-cache_evicted-branch-32768,mlp8-gcc13-scalar,branch,cycles,548731277,250036042,250036042
1,mlp8-gcc13-scalar-r13-mlp8_cycle-scalar-cache_evicted-branch-32768,mlp8-gcc13-scalar,branch,branches,52691660,250032597,250032597
1,mlp8-gcc13-scalar-r13-mlp8_cycle-scalar-cache_evicted-branch-32768,mlp8-gcc13-scalar,branch,branch_misses,537828,250027783,250027783
1,mlp8-gcc13-scalar-r13-mlp8_cycle-scalar-warm-branch-524288,mlp8-gcc13-scalar,branch,cycles,548748154,250040655,250040655
1,mlp8-gcc13-scalar-r13-mlp8_cycle-scalar-warm-branch-524288,mlp8-gcc13-scalar,branch,branches,26795142,250038261,250038261
1,mlp8-gcc13-scalar-r13-mlp8_cycle-scalar-warm-branch-524288,mlp8-gcc13-scalar,branch,branch_misses,25389,250034537,250034537
1,mlp8-gcc13-scalar-r13-mlp8_cycle-scalar-cache_evicted-basic-33554432,mlp8-gcc13-scalar,basic,cycles,552048446,251548286,251548286
1,mlp8-gcc13-scalar-r13-mlp8_cycle-scalar-cache_evicted-basic-33554432,mlp8-gcc13-scalar,basic,instructions,311513898,251548570,251548570
1,mlp8-gcc13-scalar-r13-mlp8_cycle-scalar-cache_evicted-basic-33554432,mlp8-gcc13-scalar,basic,ref_cycles,552052160,251545631,251545631
1,mlp8-gcc13-scalar-r13-mlp8_cycle-scalar-cache_evicted-branch-8388608,mlp8-gcc13-scalar,branch,cycles,549386827,250335980,250335980
1,mlp8-gcc13-scalar-r13-mlp8_cycle-scalar-cache_evicted-branch-8388608,mlp8-gcc13-scalar,branch,branches,9982276,250334716,250334716
1,mlp8-gcc13-scalar-r13-mlp8_cycle-scalar-cache_evicted-branch-8388608,mlp8-gcc13-scalar,branch,branch_misses,656,250331296,250331296
1,mlp8-gcc13-scalar-r13-mlp8_cycle-scalar-warm-branch-5242880,mlp8-gcc13-scalar,branch,cycles,548882483,250104740,250104740
1,mlp8-gcc13-scalar-r13-mlp8_cycle-scalar-warm-branch-5242880,mlp8-gcc13-scalar,branch,branches,11229617,250102197,250102197
1,mlp8-gcc13-scalar-r13-mlp8_cycle-scalar-warm-branch-5242880,mlp8-gcc13-scalar,branch,branch_misses,1130,250097871,250097871
1,mlp8-gcc13-scalar-r13-mlp8_cycle-scalar-warm-branch-33554432,mlp8-gcc13-scalar,branch,cycles,551048123,251093453,251093453
1,mlp8-gcc13-scalar-r13-mlp8_cycle-scalar-warm-branch-33554432,mlp8-gcc13-scalar,branch,branches,6622702,251093870,251093870
1,mlp8-gcc13-scalar-r13-mlp8_cycle-scalar-warm-branch-33554432,mlp8-gcc13-scalar,branch,branch_misses,147,251090207,251090207
1,mlp8-gcc13-scalar-r13-mlp8_cycle-scalar-warm-branch-134217728,mlp8-gcc13-scalar,branch,cycles,589562635,268639736,268639736
1,mlp8-gcc13-scalar-r13-mlp8_cycle-scalar-warm-branch-134217728,mlp8-gcc13-scalar,branch,branches,3146268,268639450,268639450
1,mlp8-gcc13-scalar-r13-mlp8_cycle-scalar-warm-branch-134217728,mlp8-gcc13-scalar,branch,branch_misses,85,268636099,268636099
1,mlp8-gcc13-scalar-r13-mlp8_cycle-scalar-warm-basic-7340032,mlp8-gcc13-scalar,basic,cycles,549184231,250242093,250242093
1,mlp8-gcc13-scalar-r13-mlp8_cycle-scalar-warm-basic-7340032,mlp8-gcc13-scalar,basic,instructions,515765559,250241627,250241627
1,mlp8-gcc13-scalar-r13-mlp8_cycle-scalar-warm-basic-7340032,mlp8-gcc13-scalar,basic,ref_cycles,549188486,250238484,250238484
1,mlp8-gcc13-scalar-r13-mlp8_cycle-scalar-warm-branch-8192,mlp8-gcc13-scalar,branch,cycles,548730526,250032288,250032288
1,mlp8-gcc13-scalar-r13-mlp8_cycle-scalar-warm-branch-8192,mlp8-gcc13-scalar,branch,branches,84132158,250028970,250028970
1,mlp8-gcc13-scalar-r13-mlp8_cycle-scalar-warm-branch-8192,mlp8-gcc13-scalar,branch,branch_misses,413,250025289,250025289
1,mlp8-gcc13-scalar-r13-mlp8_cycle-scalar-warm-branch-32768,mlp8-gcc13-scalar,branch,cycles,548731029,250032080,250032080
1,mlp8-gcc13-scalar-r13-mlp8_cycle-scalar-warm-branch-32768,mlp8-gcc13-scalar,branch,branches,52514456,250030012,250030012
1,mlp8-gcc13-scalar-r13-mlp8_cycle-scalar-warm-branch-32768,mlp8-gcc13-scalar,branch,branch_misses,536031,250026599,250026599
1,mlp8-gcc13-scalar-r13-mlp8_cycle-scalar-cache_evicted-branch-6291456,mlp8-gcc13-scalar,branch,cycles,549320787,250305372,250305372
1,mlp8-gcc13-scalar-r13-mlp8_cycle-scalar-cache_evicted-branch-6291456,mlp8-gcc13-scalar,branch,branches,10732594,250305084,250305084
1,mlp8-gcc13-scalar-r13-mlp8_cycle-scalar-cache_evicted-branch-6291456,mlp8-gcc13-scalar,branch,branch_misses,920,250301596,250301596
1,mlp8-gcc13-scalar-r13-mlp8_cycle-scalar-cache_evicted-branch-536870912,mlp8-gcc13-scalar,branch,cycles,696264811,317255850,317255850
1,mlp8-gcc13-scalar-r13-mlp8_cycle-scalar-cache_evicted-branch-536870912,mlp8-gcc13-scalar,branch,branches,3145962,317255059,317255059
1,mlp8-gcc13-scalar-r13-mlp8_cycle-scalar-cache_evicted-branch-536870912,mlp8-gcc13-scalar,branch,branch_misses,47,317251327,317251327
1,mlp8-gcc13-scalar-r13-mlp8_cycle-scalar-warm-basic-16384,mlp8-gcc13-scalar,basic,cycles,548731653,250034105,250034105
1,mlp8-gcc13-scalar-r13-mlp8_cycle-scalar-warm-basic-16384,mlp8-gcc13-scalar,basic,instructions,1723054596,250031996,250031996
1,mlp8-gcc13-scalar-r13-mlp8_cycle-scalar-warm-basic-16384,mlp8-gcc13-scalar,basic,ref_cycles,548733394,250028566,250028566
1,mlp8-gcc13-scalar-r13-mlp8_cycle-scalar-warm-basic-12582912,mlp8-gcc13-scalar,basic,cycles,549830593,250535660,250535660
1,mlp8-gcc13-scalar-r13-mlp8_cycle-scalar-warm-basic-12582912,mlp8-gcc13-scalar,basic,instructions,470935502,250536009,250536009
1,mlp8-gcc13-scalar-r13-mlp8_cycle-scalar-warm-basic-12582912,mlp8-gcc13-scalar,basic,ref_cycles,549834648,250532900,250532900
1,mlp8-gcc13-scalar-r13-mlp8_cycle-scalar-warm-branch-24576,mlp8-gcc13-scalar,branch,cycles,548731666,250033806,250033806
1,mlp8-gcc13-scalar-r13-mlp8_cycle-scalar-warm-branch-24576,mlp8-gcc13-scalar,branch,branches,56589403,250032520,250032520
1,mlp8-gcc13-scalar-r13-mlp8_cycle-scalar-warm-branch-24576,mlp8-gcc13-scalar,branch,branch_misses,690328,250029002,250029002
1,mlp8-gcc13-scalar-r13-mlp8_cycle-scalar-cache_evicted-basic-32768,mlp8-gcc13-scalar,basic,cycles,548719727,250032457,250032457
1,mlp8-gcc13-scalar-r13-mlp8_cycle-scalar-cache_evicted-basic-32768,mlp8-gcc13-scalar,basic,instructions,1782741218,250028882,250028882
1,mlp8-gcc13-scalar-r13-mlp8_cycle-scalar-cache_evicted-basic-32768,mlp8-gcc13-scalar,basic,ref_cycles,548720744,250025296,250025296
1,mlp8-gcc13-scalar-r13-mlp8_cycle-scalar-warm-basic-4194304,mlp8-gcc13-scalar,basic,cycles,548996763,250154057,250154057
1,mlp8-gcc13-scalar-r13-mlp8_cycle-scalar-warm-basic-4194304,mlp8-gcc13-scalar,basic,instructions,596407814,250152474,250152474
1,mlp8-gcc13-scalar-r13-mlp8_cycle-scalar-warm-basic-4194304,mlp8-gcc13-scalar,basic,ref_cycles,548999242,250148738,250148738
1,mlp8-gcc13-scalar-r13-mlp8_cycle-scalar-cache_evicted-basic-262144,mlp8-gcc13-scalar,basic,cycles,548732271,250031900,250031900
1,mlp8-gcc13-scalar-r13-mlp8_cycle-scalar-cache_evicted-basic-262144,mlp8-gcc13-scalar,basic,instructions,1731855338,250028310,250028310
1,mlp8-gcc13-scalar-r13-mlp8_cycle-scalar-cache_evicted-basic-262144,mlp8-gcc13-scalar,basic,ref_cycles,548733086,250024722,250024722
1,mlp8-gcc13-scalar-r13-mlp8_cycle-scalar-warm-basic-24576,mlp8-gcc13-scalar,basic,cycles,548731839,250032664,250032664
1,mlp8-gcc13-scalar-r13-mlp8_cycle-scalar-warm-basic-24576,mlp8-gcc13-scalar,basic,instructions,1758704394,250030451,250030451
1,mlp8-gcc13-scalar-r13-mlp8_cycle-scalar-warm-basic-24576,mlp8-gcc13-scalar,basic,ref_cycles,548733086,250026455,250026455
1,mlp8-gcc13-scalar-r13-mlp8_cycle-scalar-warm-basic-524288,mlp8-gcc13-scalar,basic,cycles,548749848,250040415,250040415
1,mlp8-gcc13-scalar-r13-mlp8_cycle-scalar-warm-basic-524288,mlp8-gcc13-scalar,basic,instructions,1364887500,250038787,250038787
1,mlp8-gcc13-scalar-r13-mlp8_cycle-scalar-warm-basic-524288,mlp8-gcc13-scalar,basic,ref_cycles,548752050,250035298,250035298
1,mlp8-gcc13-scalar-r13-mlp8_cycle-scalar-cache_evicted-branch-1048576,mlp8-gcc13-scalar,branch,cycles,548756826,250046226,250046226
1,mlp8-gcc13-scalar-r13-mlp8_cycle-scalar-cache_evicted-branch-1048576,mlp8-gcc13-scalar,branch,branches,24376200,250043123,250043123
1,mlp8-gcc13-scalar-r13-mlp8_cycle-scalar-cache_evicted-branch-1048576,mlp8-gcc13-scalar,branch,branch_misses,11760,250039062,250039062
1,mlp8-gcc13-scalar-r13-mlp8_cycle-scalar-warm-branch-7340032,mlp8-gcc13-scalar,branch,cycles,549470926,250372184,250372184
1,mlp8-gcc13-scalar-r13-mlp8_cycle-scalar-warm-branch-7340032,mlp8-gcc13-scalar,branch,branches,10490234,250369416,250369416
1,mlp8-gcc13-scalar-r13-mlp8_cycle-scalar-warm-branch-7340032,mlp8-gcc13-scalar,branch,branch_misses,772,250365080,250365080
1,mlp8-gcc13-scalar-r13-mlp8_cycle-scalar-warm-basic-5242880,mlp8-gcc13-scalar,basic,cycles,548737742,250038447,250038447
1,mlp8-gcc13-scalar-r13-mlp8_cycle-scalar-warm-basic-5242880,mlp8-gcc13-scalar,basic,instructions,546649253,250037352,250037352
1,mlp8-gcc13-scalar-r13-mlp8_cycle-scalar-warm-basic-5242880,mlp8-gcc13-scalar,basic,ref_cycles,548741534,250034328,250034328
1,mlp8-gcc13-scalar-r13-mlp8_cycle-scalar-cache_evicted-branch-262144,mlp8-gcc13-scalar,branch,cycles,548731574,250035835,250035835
1,mlp8-gcc13-scalar-r13-mlp8_cycle-scalar-cache_evicted-branch-262144,mlp8-gcc13-scalar,branch,branches,37430092,250034617,250034617
1,mlp8-gcc13-scalar-r13-mlp8_cycle-scalar-cache_evicted-branch-262144,mlp8-gcc13-scalar,branch,branch_misses,68628,250031269,250031269
1,mlp8-gcc13-scalar-r13-mlp8_cycle-scalar-warm-branch-6291456,mlp8-gcc13-scalar,branch,cycles,548888553,250107865,250107865
1,mlp8-gcc13-scalar-r13-mlp8_cycle-scalar-warm-branch-6291456,mlp8-gcc13-scalar,branch,branches,10609377,250107078,250107078
1,mlp8-gcc13-scalar-r13-mlp8_cycle-scalar-warm-branch-6291456,mlp8-gcc13-scalar,branch,branch_misses,908,250103027,250103027
1,mlp8-gcc13-scalar-r13-mlp8_cycle-scalar-cache_evicted-basic-6291456,mlp8-gcc13-scalar,basic,cycles,548968661,250144579,250144579
1,mlp8-gcc13-scalar-r13-mlp8_cycle-scalar-cache_evicted-basic-6291456,mlp8-gcc13-scalar,basic,instructions,520409447,250144519,250144519
1,mlp8-gcc13-scalar-r13-mlp8_cycle-scalar-cache_evicted-basic-6291456,mlp8-gcc13-scalar,basic,ref_cycles,548973700,250140819,250140819
1,mlp8-gcc13-scalar-r13-mlp8_cycle-scalar-warm-branch-49152,mlp8-gcc13-scalar,branch,cycles,548731955,250033282,250033282
1,mlp8-gcc13-scalar-r13-mlp8_cycle-scalar-warm-branch-49152,mlp8-gcc13-scalar,branch,branches,48482093,250030872,250030872
1,mlp8-gcc13-scalar-r13-mlp8_cycle-scalar-warm-branch-49152,mlp8-gcc13-scalar,branch,branch_misses,373072,250027071,250027071
1,mlp8-gcc13-scalar-r13-mlp8_cycle-scalar-warm-basic-8388608,mlp8-gcc13-scalar,basic,cycles,549408230,250343504,250343504
1,mlp8-gcc13-scalar-r13-mlp8_cycle-scalar-warm-basic-8388608,mlp8-gcc13-scalar,basic,instructions,489045290,250342094,250342094
1,mlp8-gcc13-scalar-r13-mlp8_cycle-scalar-warm-basic-8388608,mlp8-gcc13-scalar,basic,ref_cycles,549411566,250338585,250338585
1,mlp8-gcc13-scalar-r13-mlp8_cycle-scalar-warm-basic-65536,mlp8-gcc13-scalar,basic,cycles,548731661,250032294,250032294
1,mlp8-gcc13-scalar-r13-mlp8_cycle-scalar-warm-basic-65536,mlp8-gcc13-scalar,basic,instructions,1846909867,250029163,250029163
1,mlp8-gcc13-scalar-r13-mlp8_cycle-scalar-warm-basic-65536,mlp8-gcc13-scalar,basic,ref_cycles,548733042,250025527,250025527
1,mlp8-gcc13-scalar-r14-mlp8_cycle-scalar-warm-basic-229376,mlp8-gcc13-scalar,basic,cycles,548730436,250032215,250032215
1,mlp8-gcc13-scalar-r14-mlp8_cycle-scalar-warm-basic-229376,mlp8-gcc13-scalar,basic,instructions,1803411641,250028799,250028799
1,mlp8-gcc13-scalar-r14-mlp8_cycle-scalar-warm-basic-229376,mlp8-gcc13-scalar,basic,ref_cycles,548731480,250024771,250024771
1,mlp8-gcc13-scalar-r14-mlp8_cycle-scalar-warm-basic-134217728,mlp8-gcc13-scalar,basic,cycles,600743242,273734360,273734360
1,mlp8-gcc13-scalar-r14-mlp8_cycle-scalar-warm-basic-134217728,mlp8-gcc13-scalar,basic,instructions,141298588,273732203,273732203
1,mlp8-gcc13-scalar-r14-mlp8_cycle-scalar-warm-basic-134217728,mlp8-gcc13-scalar,basic,ref_cycles,600746894,273729450,273729450
1,mlp8-gcc13-scalar-r14-mlp8_cycle-scalar-warm-basic-2097152,mlp8-gcc13-scalar,basic,cycles,548868874,250095339,250095339
1,mlp8-gcc13-scalar-r14-mlp8_cycle-scalar-warm-basic-2097152,mlp8-gcc13-scalar,basic,instructions,782773333,250092977,250092977
1,mlp8-gcc13-scalar-r14-mlp8_cycle-scalar-warm-basic-2097152,mlp8-gcc13-scalar,basic,ref_cycles,548870762,250089624,250089624
1,mlp8-gcc13-scalar-r14-mlp8_cycle-scalar-warm-branch-294912,mlp8-gcc13-scalar,branch,cycles,548730934,250033060,250033060
1,mlp8-gcc13-scalar-r14-mlp8_cycle-scalar-warm-branch-294912,mlp8-gcc13-scalar,branch,branches,35253267,250030796,250030796
1,mlp8-gcc13-scalar-r14-mlp8_cycle-scalar-warm-branch-294912,mlp8-gcc13-scalar,branch,branch_misses,57844,250027260,250027260
1,mlp8-gcc13-scalar-r14-mlp8_cycle-scalar-cache_evicted-basic-262144,mlp8-gcc13-scalar,basic,cycles,548732787,250033088,250033088
1,mlp8-gcc13-scalar-r14-mlp8_cycle-scalar-cache_evicted-basic-262144,mlp8-gcc13-scalar,basic,instructions,1765150292,250031133,250031133
1,mlp8-gcc13-scalar-r14-mlp8_cycle-scalar-cache_evicted-basic-262144,mlp8-gcc13-scalar,basic,ref_cycles,548734428,250027744,250027744
1,mlp8-gcc13-scalar-r14-mlp8_cycle-scalar-warm-basic-524288,mlp8-gcc13-scalar,basic,cycles,548736239,250035657,250035657
1,mlp8-gcc13-scalar-r14-mlp8_cycle-scalar-warm-basic-524288,mlp8-gcc13-scalar,basic,instructions,1324626689,250034133,250034133
1,mlp8-gcc13-scalar-r14-mlp8_cycle-scalar-warm-basic-524288,mlp8-gcc13-scalar,basic,ref_cycles,548738564,250031240,250031240
1,mlp8-gcc13-scalar-r14-mlp8_cycle-scalar-warm-branch-262144,mlp8-gcc13-scalar,branch,cycles,548736616,250035191,250035191
1,mlp8-gcc13-scalar-r14-mlp8_cycle-scalar-warm-branch-262144,mlp8-gcc13-scalar,branch,branches,38277746,250032364,250032364
1,mlp8-gcc13-scalar-r14-mlp8_cycle-scalar-warm-branch-262144,mlp8-gcc13-scalar,branch,branch_misses,70184,250028543,250028543
1,mlp8-gcc13-scalar-r14-mlp8_cycle-scalar-warm-branch-229376,mlp8-gcc13-scalar,branch,cycles,548735466,250034180,250034180
1,mlp8-gcc13-scalar-r14-mlp8_cycle-scalar-warm-branch-229376,mlp8-gcc13-scalar,branch,branches,39185370,250030621,250030621
1,mlp8-gcc13-scalar-r14-mlp8_cycle-scalar-warm-branch-229376,mlp8-gcc13-scalar,branch,branch_misses,81365,250026628,250026628
1,mlp8-gcc13-scalar-r14-mlp8_cycle-scalar-warm-branch-36864,mlp8-gcc13-scalar,branch,cycles,548731447,250033239,250033239
1,mlp8-gcc13-scalar-r14-mlp8_cycle-scalar-warm-branch-36864,mlp8-gcc13-scalar,branch,branches,51162810,250032112,250032112
1,mlp8-gcc13-scalar-r14-mlp8_cycle-scalar-warm-branch-36864,mlp8-gcc13-scalar,branch,branch_misses,482821,250028619,250028619
1,mlp8-gcc13-scalar-r14-mlp8_cycle-scalar-cache_evicted-branch-33554432,mlp8-gcc13-scalar,branch,cycles,553468460,252196359,252196359
1,mlp8-gcc13-scalar-r14-mlp8_cycle-scalar-cache_evicted-branch-33554432,mlp8-gcc13-scalar,branch,branches,4196612,252196523,252196523
1,mlp8-gcc13-scalar-r14-mlp8_cycle-scalar-cache_evicted-branch-33554432,mlp8-gcc13-scalar,branch,branch_misses,160,252192652,252192652
1,mlp8-gcc13-scalar-r14-mlp8_cycle-scalar-warm-basic-5242880,mlp8-gcc13-scalar,basic,cycles,549025975,250170105,250170105
1,mlp8-gcc13-scalar-r14-mlp8_cycle-scalar-warm-basic-5242880,mlp8-gcc13-scalar,basic,instructions,550665034,250169256,250169256
1,mlp8-gcc13-scalar-r14-mlp8_cycle-scalar-warm-basic-5242880,mlp8-gcc13-scalar,basic,ref_cycles,549030152,250165725,250165725
1,mlp8-gcc13-scalar-r14-mlp8_cycle-scalar-warm-basic-6291456,mlp8-gcc13-scalar,basic,cycles,549081763,250194496,250194496
1,mlp8-gcc13-scalar-r14-mlp8_cycle-scalar-warm-basic-6291456,mlp8-gcc13-scalar,basic,instructions,534865229,250194017,250194017
1,mlp8-gcc13-scalar-r14-mlp8_cycle-scalar-warm-basic-6291456,mlp8-gcc13-scalar,basic,ref_cycles,549085856,250190848,250190848
1,mlp8-gcc13-scalar-r14-mlp8_cycle-scalar-cache_evicted-basic-536870912,mlp8-gcc13-scalar,basic,cycles,690276847,314526601,314526601
1,mlp8-gcc13-scalar-r14-mlp8_cycle-scalar-cache_evicted-basic-536870912,mlp8-gcc13-scalar,basic,instructions,154141940,314525255,314525255
1,mlp8-gcc13-scalar-r14-mlp8_cycle-scalar-cache_evicted-basic-536870912,mlp8-gcc13-scalar,basic,ref_cycles,690280492,314521898,314521898
1,mlp8-gcc13-scalar-r14-mlp8_cycle-scalar-warm-basic-12582912,mlp8-gcc13-scalar,basic,cycles,549794418,250518610,250518610
1,mlp8-gcc13-scalar-r14-mlp8_cycle-scalar-warm-basic-12582912,mlp8-gcc13-scalar,basic,instructions,464913311,250518641,250518641
1,mlp8-gcc13-scalar-r14-mlp8_cycle-scalar-warm-basic-12582912,mlp8-gcc13-scalar,basic,ref_cycles,549798590,250515468,250515468
1,mlp8-gcc13-scalar-r14-mlp8_cycle-scalar-warm-basic-7340032,mlp8-gcc13-scalar,basic,cycles,547816659,249810715,249810715
1,mlp8-gcc13-scalar-r14-mlp8_cycle-scalar-warm-basic-7340032,mlp8-gcc13-scalar,basic,instructions,517170963,249811850,249811850
1,mlp8-gcc13-scalar-r14-mlp8_cycle-scalar-warm-basic-7340032,mlp8-gcc13-scalar,basic,ref_cycles,547823100,249809267,249809267
1,mlp8-gcc13-scalar-r14-mlp8_cycle-scalar-warm-branch-6291456,mlp8-gcc13-scalar,branch,cycles,549084026,250195036,250195036
1,mlp8-gcc13-scalar-r14-mlp8_cycle-scalar-warm-branch-6291456,mlp8-gcc13-scalar,branch,branches,10831170,250192999,250192999
1,mlp8-gcc13-scalar-r14-mlp8_cycle-scalar-warm-branch-6291456,mlp8-gcc13-scalar,branch,branch_misses,920,250188894,250188894
1,mlp8-gcc13-scalar-r14-mlp8_cycle-scalar-warm-branch-8388608,mlp8-gcc13-scalar,branch,cycles,549144998,250224253,250224253
1,mlp8-gcc13-scalar-r14-mlp8_cycle-scalar-warm-branch-8388608,mlp8-gcc13-scalar,branch,branches,10425564,250223526,250223526
1,mlp8-gcc13-scalar-r14-mlp8_cycle-scalar-warm-branch-8388608,mlp8-gcc13-scalar,branch,branch_misses,681,250220102,250220102
1,mlp8-gcc13-scalar-r14-mlp8_cycle-scalar-warm-basic-262144,mlp8-gcc13-scalar,basic,cycles,548735476,250034980,250034980
1,mlp8-gcc13-scalar-r14-mlp8_cycle-scalar-warm-basic-262144,mlp8-gcc13-scalar,basic,instructions,1777016509,250033568,250033568
1,mlp8-gcc13-scalar-r14-mlp8_cycle-scalar-warm-basic-262144,mlp8-gcc13-scalar,basic,ref_cycles,548737706,250030291,250030291
1,mlp8-gcc13-scalar-r14-mlp8_cycle-scalar-warm-branch-24576,mlp8-gcc13-scalar,branch,cycles,548730960,250032296,250032296
1,mlp8-gcc13-scalar-r14-mlp8_cycle-scalar-warm-branch-24576,mlp8-gcc13-scalar,branch,branches,56476383,250028800,250028800
1,mlp8-gcc13-scalar-r14-mlp8_cycle-scalar-warm-branch-24576,mlp8-gcc13-scalar,branch,branch_misses,688967,250024957,250024957
1,mlp8-gcc13-scalar-r14-mlp8_cycle-scalar-cache_evicted-branch-1048576,mlp8-gcc13-scalar,branch,cycles,548744411,250038955,250038955
1,mlp8-gcc13-scalar-r14-mlp8_cycle-scalar-cache_evicted-branch-1048576,mlp8-gcc13-scalar,branch,branches,25077840,250037125,250037125
1,mlp8-gcc13-scalar-r14-mlp8_cycle-scalar-cache_evicted-branch-1048576,mlp8-gcc13-scalar,branch,branch_misses,12097,250033541,250033541
1,mlp8-gcc13-scalar-r14-mlp8_cycle-scalar-warm-branch-32768,mlp8-gcc13-scalar,branch,cycles,548730354,250032604,250032604
1,mlp8-gcc13-scalar-r14-mlp8_cycle-scalar-warm-branch-32768,mlp8-gcc13-scalar,branch,branches,52602270,250029223,250029223
1,mlp8-gcc13-scalar-r14-mlp8_cycle-scalar-warm-branch-32768,mlp8-gcc13-scalar,branch,branch_misses,536893,250025260,250025260
1,mlp8-gcc13-scalar-r14-mlp8_cycle-scalar-warm-basic-8388608,mlp8-gcc13-scalar,basic,cycles,549152922,250226650,250226650
1,mlp8-gcc13-scalar-r14-mlp8_cycle-scalar-warm-basic-8388608,mlp8-gcc13-scalar,basic,instructions,494666493,250227363,250227363
1,mlp8-gcc13-scalar-r14-mlp8_cycle-scalar-warm-basic-8388608,mlp8-gcc13-scalar,basic,ref_cycles,549157092,250224226,250224226
1,mlp8-gcc13-scalar-r14-mlp8_cycle-scalar-warm-basic-33554432,mlp8-gcc13-scalar,basic,cycles,553813400,252353546,252353546
1,mlp8-gcc13-scalar-r14-mlp8_cycle-scalar-warm-basic-33554432,mlp8-gcc13-scalar,basic,instructions,317936852,252352071,252352071
1,mlp8-gcc13-scalar-r14-mlp8_cycle-scalar-warm-basic-33554432,mlp8-gcc13-scalar,basic,ref_cycles,553817484,252348571,252348571
1,mlp8-gcc13-scalar-r14-mlp8_cycle-scalar-warm-branch-98304,mlp8-gcc13-scalar,branch,cycles,548730926,250033680,250033680
1,mlp8-gcc13-scalar-r14-mlp8_cycle-scalar-warm-branch-98304,mlp8-gcc13-scalar,branch,branches,43967445,250030914,250030914
1,mlp8-gcc13-scalar-r14-mlp8_cycle-scalar-warm-branch-98304,mlp8-gcc13-scalar,branch,branch_misses,194642,250026914,250026914
1,mlp8-gcc13-scalar-r14-mlp8_cycle-scalar-warm-branch-524288,mlp8-gcc13-scalar,branch,cycles,548737602,250035424,250035424
1,mlp8-gcc13-scalar-r14-mlp8_cycle-scalar-warm-branch-524288,mlp8-gcc13-scalar,branch,branches,27131585,250032519,250032519
1,mlp8-gcc13-scalar-r14-mlp8_cycle-scalar-warm-branch-524288,mlp8-gcc13-scalar,branch,branch_misses,25696,250028683,250028683
1,mlp8-gcc13-scalar-r14-mlp8_cycle-scalar-warm-basic-294912,mlp8-gcc13-scalar,basic,cycles,548734467,250033233,250033233
1,mlp8-gcc13-scalar-r14-mlp8_cycle-scalar-warm-basic-294912,mlp8-gcc13-scalar,basic,instructions,1633621106,250030739,250030739
1,mlp8-gcc13-scalar-r14-mlp8_cycle-scalar-warm-basic-294912,mlp8-gcc13-scalar,basic,ref_cycles,548735616,250026930,250026930
1,mlp8-gcc13-scalar-r14-mlp8_cycle-scalar-warm-basic-49152,mlp8-gcc13-scalar,basic,cycles,548730456,250030713,250030713
1,mlp8-gcc13-scalar-r14-mlp8_cycle-scalar-warm-basic-49152,mlp8-gcc13-scalar,basic,instructions,1826745481,250027881,250027881
1,mlp8-gcc13-scalar-r14-mlp8_cycle-scalar-warm-basic-49152,mlp8-gcc13-scalar,basic,ref_cycles,548731480,250024464,250024464
1,mlp8-gcc13-scalar-r14-mlp8_cycle-scalar-cache_evicted-basic-33554432,mlp8-gcc13-scalar,basic,cycles,549280850,250288691,250288691
1,mlp8-gcc13-scalar-r14-mlp8_cycle-scalar-cache_evicted-basic-33554432,mlp8-gcc13-scalar,basic,instructions,298667990,250287248,250287248
1,mlp8-gcc13-scalar-r14-mlp8_cycle-scalar-cache_evicted-basic-33554432,mlp8-gcc13-scalar,basic,ref_cycles,549285462,250284123,250284123
1,mlp8-gcc13-scalar-r14-mlp8_cycle-scalar-warm-branch-12582912,mlp8-gcc13-scalar,branch,cycles,548913779,250118412,250118412
1,mlp8-gcc13-scalar-r14-mlp8_cycle-scalar-warm-branch-12582912,mlp8-gcc13-scalar,branch,branches,9598032,250117541,250117541
1,mlp8-gcc13-scalar-r14-mlp8_cycle-scalar-warm-branch-12582912,mlp8-gcc13-scalar,branch,branch_misses,432,250113557,250113557
1,mlp8-gcc13-scalar-r14-mlp8_cycle-scalar-warm-basic-28672,mlp8-gcc13-scalar,basic,cycles,548731280,250033414,250033414
1,mlp8-gcc13-scalar-r14-mlp8_cycle-scalar-warm-basic-28672,mlp8-gcc13-scalar,basic,instructions,1787251326,250031532,250031532
1,mlp8-gcc13-scalar-r14-mlp8_cycle-scalar-warm-basic-28672,mlp8-gcc13-scalar,basic,ref_cycles,548733768,250028426,250028426
1,mlp8-gcc13-scalar-r14-mlp8_cycle-scalar-cache_evicted-branch-6291456,mlp8-gcc13-scalar,branch,cycles,549318100,250306014,250306014
1,mlp8-gcc13-scalar-r14-mlp8_cycle-scalar-cache_evicted-branch-6291456,mlp8-gcc13-scalar,branch,branches,10880458,250305221,250305221
1,mlp8-gcc13-scalar-r14-mlp8_cycle-scalar-cache_evicted-branch-6291456,mlp8-gcc13-scalar,branch,branch_misses,927,250301669,250301669
1,mlp8-gcc13-scalar-r14-mlp8_cycle-scalar-warm-branch-134217728,mlp8-gcc13-scalar,branch,cycles,582427950,265394444,265394444
1,mlp8-gcc13-scalar-r14-mlp8_cycle-scalar-warm-branch-134217728,mlp8-gcc13-scalar,branch,branches,3146268,265391954,265391954
1,mlp8-gcc13-scalar-r14-mlp8_cycle-scalar-warm-branch-134217728,mlp8-gcc13-scalar,branch,branch_misses,94,265386580,265386580
1,mlp8-gcc13-scalar-r14-mlp8_cycle-scalar-warm-basic-36864,mlp8-gcc13-scalar,basic,cycles,548731261,250032187,250032187
1,mlp8-gcc13-scalar-r14-mlp8_cycle-scalar-warm-basic-36864,mlp8-gcc13-scalar,basic,instructions,1793448236,250030582,250030582
1,mlp8-gcc13-scalar-r14-mlp8_cycle-scalar-warm-basic-36864,mlp8-gcc13-scalar,basic,ref_cycles,548733262,250027764,250027764
1,mlp8-gcc13-scalar-r14-mlp8_cycle-scalar-warm-branch-28672,mlp8-gcc13-scalar,branch,cycles,548730712,250032359,250032359
1,mlp8-gcc13-scalar-r14-mlp8_cycle-scalar-warm-branch-28672,mlp8-gcc13-scalar,branch,branches,54422769,250030022,250030022
1,mlp8-gcc13-scalar-r14-mlp8_cycle-scalar-warm-branch-28672,mlp8-gcc13-scalar,branch,branch_misses,604873,250026220,250026220
1,mlp8-gcc13-scalar-r14-mlp8_cycle-scalar-warm-branch-7340032,mlp8-gcc13-scalar,branch,cycles,549162217,250232171,250232171
1,mlp8-gcc13-scalar-r14-mlp8_cycle-scalar-warm-branch-7340032,mlp8-gcc13-scalar,branch,branches,10547714,250230647,250230647
1,mlp8-gcc13-scalar-r14-mlp8_cycle-scalar-warm-branch-7340032,mlp8-gcc13-scalar,branch,branch_misses,781,250226742,250226742
1,mlp8-gcc13-scalar-r14-mlp8_cycle-scalar-cache_evicted-branch-8388608,mlp8-gcc13-scalar,branch,cycles,549070256,250192424,250192424
1,mlp8-gcc13-scalar-r14-mlp8_cycle-scalar-cache_evicted-branch-8388608,mlp8-gcc13-scalar,branch,branches,9867350,250192293,250192293
1,mlp8-gcc13-scalar-r14-mlp8_cycle-scalar-cache_evicted-branch-8388608,mlp8-gcc13-scalar,branch,branch_misses,650,250188314,250188314
1,mlp8-gcc13-scalar-r14-mlp8_cycle-scalar-warm-basic-1048576,mlp8-gcc13-scalar,basic,cycles,548749265,250040423,250040423
1,mlp8-gcc13-scalar-r14-mlp8_cycle-scalar-warm-basic-1048576,mlp8-gcc13-scalar,basic,instructions,1233832628,250037349,250037349
1,mlp8-gcc13-scalar-r14-mlp8_cycle-scalar-warm-basic-1048576,mlp8-gcc13-scalar,basic,ref_cycles,548750598,250033193,250033193
1,mlp8-gcc13-scalar-r14-mlp8_cycle-scalar-warm-branch-131072,mlp8-gcc13-scalar,branch,cycles,548733070,250034279,250034279
1,mlp8-gcc13-scalar-r14-mlp8_cycle-scalar-warm-branch-131072,mlp8-gcc13-scalar,branch,branches,42647926,250032997,250032997
1,mlp8-gcc13-scalar-r14-mlp8_cycle-scalar-warm-branch-131072,mlp8-gcc13-scalar,branch,branch_misses,147220,250030088,250030088
1,mlp8-gcc13-scalar-r14-mlp8_cycle-scalar-warm-basic-196608,mlp8-gcc13-scalar,basic,cycles,548731232,250030541,250030541
1,mlp8-gcc13-scalar-r14-mlp8_cycle-scalar-warm-basic-196608,mlp8-gcc13-scalar,basic,instructions,1834055688,250027276,250027276
1,mlp8-gcc13-scalar-r14-mlp8_cycle-scalar-warm-basic-196608,mlp8-gcc13-scalar,basic,ref_cycles,548732250,250023868,250023868
1,mlp8-gcc13-scalar-r14-mlp8_cycle-scalar-warm-branch-196608,mlp8-gcc13-scalar,branch,cycles,548732249,250032285,250032285
1,mlp8-gcc13-scalar-r14-mlp8_cycle-scalar-warm-branch-196608,mlp8-gcc13-scalar,branch,branches,40316707,250029688,250029688
1,mlp8-gcc13-scalar-r14-mlp8_cycle-scalar-warm-branch-196608,mlp8-gcc13-scalar,branch,branch_misses,96517,250025622,250025622
1,mlp8-gcc13-scalar-r14-mlp8_cycle-scalar-cache_evicted-branch-262144,mlp8-gcc13-scalar,branch,cycles,548731160,250033215,250033215
1,mlp8-gcc13-scalar-r14-mlp8_cycle-scalar-cache_evicted-branch-262144,mlp8-gcc13-scalar,branch,branches,38071133,250030005,250030005
1,mlp8-gcc13-scalar-r14-mlp8_cycle-scalar-cache_evicted-branch-262144,mlp8-gcc13-scalar,branch,branch_misses,69791,250025732,250025732
1,mlp8-gcc13-scalar-r14-mlp8_cycle-scalar-cache_evicted-branch-536870912,mlp8-gcc13-scalar,branch,cycles,716312487,326390251,326390251
1,mlp8-gcc13-scalar-r14-mlp8_cycle-scalar-cache_evicted-branch-536870912,mlp8-gcc13-scalar,branch,branches,3145962,326388842,326388842
1,mlp8-gcc13-scalar-r14-mlp8_cycle-scalar-cache_evicted-branch-536870912,mlp8-gcc13-scalar,branch,branch_misses,49,326385519,326385519
1,mlp8-gcc13-scalar-r14-mlp8_cycle-scalar-warm-branch-5242880,mlp8-gcc13-scalar,branch,cycles,549015058,250164164,250164164
1,mlp8-gcc13-scalar-r14-mlp8_cycle-scalar-warm-branch-5242880,mlp8-gcc13-scalar,branch,branches,11373450,250164160,250164160
1,mlp8-gcc13-scalar-r14-mlp8_cycle-scalar-warm-branch-5242880,mlp8-gcc13-scalar,branch,branch_misses,1152,250160663,250160663
1,mlp8-gcc13-scalar-r14-mlp8_cycle-scalar-warm-branch-16384,mlp8-gcc13-scalar,branch,cycles,548730692,250031616,250031616
1,mlp8-gcc13-scalar-r14-mlp8_cycle-scalar-warm-branch-16384,mlp8-gcc13-scalar,branch,branches,62388753,250028131,250028131
1,mlp8-gcc13-scalar-r14-mlp8_cycle-scalar-warm-branch-16384,mlp8-gcc13-scalar,branch,branch_misses,945503,250024247,250024247
1,mlp8-gcc13-scalar-r14-mlp8_cycle-scalar-warm-branch-536870912,mlp8-gcc13-scalar,branch,cycles,693018847,315776208,315776208
1,mlp8-gcc13-scalar-r14-mlp8_cycle-scalar-warm-branch-536870912,mlp8-gcc13-scalar,branch,branches,3145962,315775684,315775684
1,mlp8-gcc13-scalar-r14-mlp8_cycle-scalar-warm-branch-536870912,mlp8-gcc13-scalar,branch,branch_misses,44,315772050,315772050
1,mlp8-gcc13-scalar-r14-mlp8_cycle-scalar-cache_evicted-basic-1048576,mlp8-gcc13-scalar,basic,cycles,548745562,250044376,250044376
1,mlp8-gcc13-scalar-r14-mlp8_cycle-scalar-cache_evicted-basic-1048576,mlp8-gcc13-scalar,basic,instructions,1191394239,250041328,250041328
1,mlp8-gcc13-scalar-r14-mlp8_cycle-scalar-cache_evicted-basic-1048576,mlp8-gcc13-scalar,basic,ref_cycles,548748904,250037670,250037670
1,mlp8-gcc13-scalar-r14-mlp8_cycle-scalar-warm-branch-65536,mlp8-gcc13-scalar,branch,cycles,548732658,250034430,250034430
1,mlp8-gcc13-scalar-r14-mlp8_cycle-scalar-warm-branch-65536,mlp8-gcc13-scalar,branch,branches,46187977,250033025,250033025
1,mlp8-gcc13-scalar-r14-mlp8_cycle-scalar-warm-branch-65536,mlp8-gcc13-scalar,branch,branch_misses,285288,250029813,250029813
1,mlp8-gcc13-scalar-r14-mlp8_cycle-scalar-warm-branch-49152,mlp8-gcc13-scalar,branch,cycles,548730345,250032340,250032340
1,mlp8-gcc13-scalar-r14-mlp8_cycle-scalar-warm-branch-49152,mlp8-gcc13-scalar,branch,branches,48224554,250027891,250027891
1,mlp8-gcc13-scalar-r14-mlp8_cycle-scalar-warm-branch-49152,mlp8-gcc13-scalar,branch,branch_misses,371081,250024003,250024003
1,mlp8-gcc13-scalar-r14-mlp8_cycle-scalar-warm-basic-536870912,mlp8-gcc13-scalar,basic,cycles,687310965,313175001,313175001
1,mlp8-gcc13-scalar-r14-mlp8_cycle-scalar-warm-basic-536870912,mlp8-gcc13-scalar,basic,instructions,154141940,313173895,313173895
1,mlp8-gcc13-scalar-r14-mlp8_cycle-scalar-warm-basic-536870912,mlp8-gcc13-scalar,basic,ref_cycles,687314056,313170814,313170814
1,mlp8-gcc13-scalar-r14-mlp8_cycle-scalar-warm-branch-33554432,mlp8-gcc13-scalar,branch,cycles,552690795,251842233,251842233
1,mlp8-gcc13-scalar-r14-mlp8_cycle-scalar-warm-branch-33554432,mlp8-gcc13-scalar,branch,branches,5573582,251841875,251841875
1,mlp8-gcc13-scalar-r14-mlp8_cycle-scalar-warm-branch-33554432,mlp8-gcc13-scalar,branch,branch_misses,135,251838001,251838001
1,mlp8-gcc13-scalar-r14-mlp8_cycle-scalar-warm-branch-2097152,mlp8-gcc13-scalar,branch,cycles,548730611,250032553,250032553
1,mlp8-gcc13-scalar-r14-mlp8_cycle-scalar-warm-branch-2097152,mlp8-gcc13-scalar,branch,branches,16185622,250028766,250028766
1,mlp8-gcc13-scalar-r14-mlp8_cycle-scalar-warm-branch-2097152,mlp8-gcc13-scalar,branch,branch_misses,3954,250024772,250024772
1,mlp8-gcc13-scalar-r14-mlp8_cycle-scalar-warm-basic-8192,mlp8-gcc13-scalar,basic,cycles,548730398,250029394,250029394
1,mlp8-gcc13-scalar-r14-mlp8_cycle-scalar-warm-basic-8192,mlp8-gcc13-scalar,basic,instructions,1674382081,250025973,250025973
1,mlp8-gcc13-scalar-r14-mlp8_cycle-scalar-warm-basic-8192,mlp8-gcc13-scalar,basic,ref_cycles,548731084,250022401,250022401
1,mlp8-gcc13-scalar-r14-mlp8_cycle-scalar-warm-basic-16384,mlp8-gcc13-scalar,basic,cycles,548730517,250028958,250028958
1,mlp8-gcc13-scalar-r14-mlp8_cycle-scalar-warm-basic-16384,mlp8-gcc13-scalar,basic,instructions,1714904302,250026413,250026413
1,mlp8-gcc13-scalar-r14-mlp8_cycle-scalar-warm-basic-16384,mlp8-gcc13-scalar,basic,ref_cycles,548731326,250022756,250022756
1,mlp8-gcc13-scalar-r14-mlp8_cycle-scalar-warm-basic-32768,mlp8-gcc13-scalar,basic,cycles,548730683,250030019,250030019
1,mlp8-gcc13-scalar-r14-mlp8_cycle-scalar-warm-basic-32768,mlp8-gcc13-scalar,basic,instructions,1801160885,250026675,250026675
1,mlp8-gcc13-scalar-r14-mlp8_cycle-scalar-warm-basic-32768,mlp8-gcc13-scalar,basic,ref_cycles,548731414,250023052,250023052
1,mlp8-gcc13-scalar-r14-mlp8_cycle-scalar-warm-branch-8192,mlp8-gcc13-scalar,branch,cycles,548730496,250029666,250029666
1,mlp8-gcc13-scalar-r14-mlp8_cycle-scalar-warm-branch-8192,mlp8-gcc13-scalar,branch,branches,83272906,250027254,250027254
1,mlp8-gcc13-scalar-r14-mlp8_cycle-scalar-warm-branch-8192,mlp8-gcc13-scalar,branch,branch_misses,412,250023539,250023539
1,mlp8-gcc13-scalar-r14-mlp8_cycle-scalar-cache_evicted-branch-32768,mlp8-gcc13-scalar,branch,cycles,548730603,250031545,250031545
1,mlp8-gcc13-scalar-r14-mlp8_cycle-scalar-cache_evicted-branch-32768,mlp8-gcc13-scalar,branch,branches,52490794,250028004,250028004
1,mlp8-gcc13-scalar-r14-mlp8_cycle-scalar-cache_evicted-branch-32768,mlp8-gcc13-scalar,branch,branch_misses,535784,250024180,250024180
1,mlp8-gcc13-scalar-r14-mlp8_cycle-scalar-warm-basic-4194304,mlp8-gcc13-scalar,basic,cycles,548750554,250040904,250040904
1,mlp8-gcc13-scalar-r14-mlp8_cycle-scalar-warm-basic-4194304,mlp8-gcc13-scalar,basic,instructions,598014305,250038743,250038743
1,mlp8-gcc13-scalar-r14-mlp8_cycle-scalar-warm-basic-4194304,mlp8-gcc13-scalar,basic,ref_cycles,548752116,250034986,250034986
1,mlp8-gcc13-scalar-r14-mlp8_cycle-scalar-warm-basic-131072,mlp8-gcc13-scalar,basic,cycles,548732553,250032680,250032680
1,mlp8-gcc13-scalar-r14-mlp8_cycle-scalar-warm-basic-131072,mlp8-gcc13-scalar,basic,instructions,1869934642,250031714,250031714
1,mlp8-gcc13-scalar-r14-mlp8_cycle-scalar-warm-basic-131072,mlp8-gcc13-scalar,basic,ref_cycles,548734912,250028872,250028872
1,mlp8-gcc13-scalar-r14-mlp8_cycle-scalar-cache_evicted-basic-6291456,mlp8-gcc13-scalar,basic,cycles,549134918,250217094,250217094
1,mlp8-gcc13-scalar-r14-mlp8_cycle-scalar-cache_evicted-basic-6291456,mlp8-gcc13-scalar,basic,instructions,527035022,250214702,250214702
1,mlp8-gcc13-scalar-r14-mlp8_cycle-scalar-cache_evicted-basic-6291456,mlp8-gcc13-scalar,basic,ref_cycles,549136786,250211013,250211013
1,mlp8-gcc13-scalar-r14-mlp8_cycle-scalar-warm-branch-4194304,mlp8-gcc13-scalar,branch,cycles,548831728,250079379,250079379
1,mlp8-gcc13-scalar-r14-mlp8_cycle-scalar-warm-branch-4194304,mlp8-gcc13-scalar,branch,branches,12240420,250076451,250076451
1,mlp8-gcc13-scalar-r14-mlp8_cycle-scalar-warm-branch-4194304,mlp8-gcc13-scalar,branch,branch_misses,1516,250072387,250072387
1,mlp8-gcc13-scalar-r14-mlp8_cycle-scalar-warm-basic-98304,mlp8-gcc13-scalar,basic,cycles,548732095,250030123,250030123
1,mlp8-gcc13-scalar-r14-mlp8_cycle-scalar-warm-basic-98304,mlp8-gcc13-scalar,basic,instructions,1874431447,250027253,250027253
1,mlp8-gcc13-scalar-r14-mlp8_cycle-scalar-warm-basic-98304,mlp8-gcc13-scalar,basic,ref_cycles,548732822,250023555,250023555
1,mlp8-gcc13-scalar-r14-mlp8_cycle-scalar-warm-branch-1048576,mlp8-gcc13-scalar,branch,cycles,548766802,250050618,250050618
1,mlp8-gcc13-scalar-r14-mlp8_cycle-scalar-warm-branch-1048576,mlp8-gcc13-scalar,branch,branches,25477569,250048914,250048914
1,mlp8-gcc13-scalar-r14-mlp8_cycle-scalar-warm-branch-1048576,mlp8-gcc13-scalar,branch,branch_misses,12286,250045706,250045706
1,mlp8-gcc13-scalar-r14-mlp8_cycle-scalar-warm-basic-24576,mlp8-gcc13-scalar,basic,cycles,548732045,250033346,250033346
1,mlp8-gcc13-scalar-r14-mlp8_cycle-scalar-warm-basic-24576,mlp8-gcc13-scalar,basic,instructions,1766287871,250032196,250032196
1,mlp8-gcc13-scalar-r14-mlp8_cycle-scalar-warm-basic-24576,mlp8-gcc13-scalar,basic,ref_cycles,548734758,250028938,250028938
1,mlp8-gcc13-scalar-r14-mlp8_cycle-scalar-cache_evicted-basic-32768,mlp8-gcc13-scalar,basic,cycles,548731807,250037755,250037755
1,mlp8-gcc13-scalar-r14-mlp8_cycle-scalar-cache_evicted-basic-32768,mlp8-gcc13-scalar,basic,instructions,1775846326,250035460,250035460
1,mlp8-gcc13-scalar-r14-mlp8_cycle-scalar-cache_evicted-basic-32768,mlp8-gcc13-scalar,basic,ref_cycles,548734450,250032014,250032014
1,mlp8-gcc13-scalar-r14-mlp8_cycle-scalar-warm-branch-393216,mlp8-gcc13-scalar,branch,cycles,548738497,250037923,250037923
1,mlp8-gcc13-scalar-r14-mlp8_cycle-scalar-warm-branch-393216,mlp8-gcc13-scalar,branch,branches,30714368,250035973,250035973
1,mlp8-gcc13-scalar-r14-mlp8_cycle-scalar-warm-branch-393216,mlp8-gcc13-scalar,branch,branch_misses,38356,250032517,250032517
1,mlp8-gcc13-scalar-r14-mlp8_cycle-scalar-warm-basic-393216,mlp8-gcc13-scalar,basic,cycles,548744552,250039726,250039726
1,mlp8-gcc13-scalar-r14-mlp8_cycle-scalar-warm-basic-393216,mlp8-gcc13-scalar,basic,instructions,1446701596,250038628,250038628
1,mlp8-gcc13-scalar-r14-mlp8_cycle-scalar-warm-basic-393216,mlp8-gcc13-scalar,basic,ref_cycles,548746792,250035386,250035386
1,mlp8-gcc13-scalar-r14-mlp8_cycle-scalar-cache_evicted-basic-8388608,mlp8-gcc13-scalar,basic,cycles,548930480,250129807,250129807
1,mlp8-gcc13-scalar-r14-mlp8_cycle-scalar-cache_evicted-basic-8388608,mlp8-gcc13-scalar,basic,instructions,448090823,250128281,250128281
1,mlp8-gcc13-scalar-r14-mlp8_cycle-scalar-cache_evicted-basic-8388608,mlp8-gcc13-scalar,basic,ref_cycles,548935354,250125658,250125658
1,mlp8-gcc13-scalar-r14-mlp8_cycle-scalar-warm-basic-65536,mlp8-gcc13-scalar,basic,cycles,548732783,250035216,250035216
1,mlp8-gcc13-scalar-r14-mlp8_cycle-scalar-warm-basic-65536,mlp8-gcc13-scalar,basic,instructions,1830664737,250033360,250033360
1,mlp8-gcc13-scalar-r14-mlp8_cycle-scalar-warm-basic-65536,mlp8-gcc13-scalar,basic,ref_cycles,548735110,250029940,250029940
1,mlp8-gcc13-scalar-r15-mlp8_cycle-scalar-warm-branch-524288,mlp8-gcc13-scalar,branch,cycles,548748751,250042773,250042773
1,mlp8-gcc13-scalar-r15-mlp8_cycle-scalar-warm-branch-524288,mlp8-gcc13-scalar,branch,branches,28196927,250041541,250041541
1,mlp8-gcc13-scalar-r15-mlp8_cycle-scalar-warm-branch-524288,mlp8-gcc13-scalar,branch,branch_misses,26728,250038140,250038140
1,mlp8-gcc13-scalar-r15-mlp8_cycle-scalar-cache_evicted-branch-32768,mlp8-gcc13-scalar,branch,cycles,548731549,250038384,250038384
1,mlp8-gcc13-scalar-r15-mlp8_cycle-scalar-cache_evicted-branch-32768,mlp8-gcc13-scalar,branch,branches,52327290,250035936,250035936
1,mlp8-gcc13-scalar-r15-mlp8_cycle-scalar-cache_evicted-branch-32768,mlp8-gcc13-scalar,branch,branch_misses,534151,250031871,250031871
1,mlp8-gcc13-scalar-r15-mlp8_cycle-scalar-warm-basic-28672,mlp8-gcc13-scalar,basic,cycles,548732045,250035239,250035239
1,mlp8-gcc13-scalar-r15-mlp8_cycle-scalar-warm-basic-28672,mlp8-gcc13-scalar,basic,instructions,1778141022,250033603,250033603
1,mlp8-gcc13-scalar-r15-mlp8_cycle-scalar-warm-basic-28672,mlp8-gcc13-scalar,basic,ref_cycles,548734802,250029966,250029966
1,mlp8-gcc13-scalar-r15-mlp8_cycle-scalar-warm-basic-536870912,mlp8-gcc13-scalar,basic,cycles,776374305,353751865,353751865
1,mlp8-gcc13-scalar-r15-mlp8_cycle-scalar-warm-basic-536870912,mlp8-gcc13-scalar,basic,instructions,154141940,353752385,353752385
1,mlp8-gcc13-scalar-r15-mlp8_cycle-scalar-warm-basic-536870912,mlp8-gcc13-scalar,basic,ref_cycles,776378812,353749448,353749448
1,mlp8-gcc13-scalar-r15-mlp8_cycle-scalar-warm-branch-131072,mlp8-gcc13-scalar,branch,cycles,548733739,250035771,250035771
1,mlp8-gcc13-scalar-r15-mlp8_cycle-scalar-warm-branch-131072,mlp8-gcc13-scalar,branch,branches,42168187,250034390,250034390
1,mlp8-gcc13-scalar-r15-mlp8_cycle-scalar-warm-branch-131072,mlp8-gcc13-scalar,branch,branch_misses,145535,250030879,250030879
1,mlp8-gcc13-scalar-r15-mlp8_cycle-scalar-cache_evicted-branch-262144,mlp8-gcc13-scalar,branch,cycles,548738281,250039240,250039240
1,mlp8-gcc13-scalar-r15-mlp8_cycle-scalar-cache_evicted-branch-262144,mlp8-gcc13-scalar,branch,branches,37199726,250037591,250037591
1,mlp8-gcc13-scalar-r15-mlp8_cycle-scalar-cache_evicted-branch-262144,mlp8-gcc13-scalar,branch,branch_misses,68257,250033956,250033956
1,mlp8-gcc13-scalar-r15-mlp8_cycle-scalar-warm-branch-262144,mlp8-gcc13-scalar,branch,cycles,548738319,250036808,250036808
1,mlp8-gcc13-scalar-r15-mlp8_cycle-scalar-warm-branch-262144,mlp8-gcc13-scalar,branch,branches,37687850,250035388,250035388
1,mlp8-gcc13-scalar-r15-mlp8_cycle-scalar-warm-branch-262144,mlp8-gcc13-scalar,branch,branch_misses,69172,250032579,250032579
1,mlp8-gcc13-scalar-r15-mlp8_cycle-scalar-warm-branch-28672,mlp8-gcc13-scalar,branch,cycles,548732179,250035065,250035065
1,mlp8-gcc13-scalar-r15-mlp8_cycle-scalar-warm-branch-28672,mlp8-gcc13-scalar,branch,branches,54111949,250033492,250033492
1,mlp8-gcc13-scalar-r15-mlp8_cycle-scalar-warm-branch-28672,mlp8-gcc13-scalar,branch,branch_misses,601513,250030246,250030246
1,mlp8-gcc13-scalar-r15-mlp8_cycle-scalar-warm-basic-32768,mlp8-gcc13-scalar,basic,cycles,548732509,250034271,250034271
1,mlp8-gcc13-scalar-r15-mlp8_cycle-scalar-warm-basic-32768,mlp8-gcc13-scalar,basic,instructions,1790073934,250033290,250033290
1,mlp8-gcc13-scalar-r15-mlp8_cycle-scalar-warm-basic-32768,mlp8-gcc13-scalar,basic,ref_cycles,548735088,250029940,250029940
1,mlp8-gcc13-scalar-r15-mlp8_cycle-scalar-warm-branch-1048576,mlp8-gcc13-scalar,branch,cycles,548738765,250038670,250038670
1,mlp8-gcc13-scalar-r15-mlp8_cycle-scalar-warm-branch-1048576,mlp8-gcc13-scalar,branch,branches,24630204,250037470,250037470
1,mlp8-gcc13-scalar-r15-mlp8_cycle-scalar-warm-branch-1048576,mlp8-gcc13-scalar,branch,branch_misses,11881,250034139,250034139
1,mlp8-gcc13-scalar-r15-mlp8_cycle-scalar-warm-branch-98304,mlp8-gcc13-scalar,branch,cycles,548733925,250036993,250036993
1,mlp8-gcc13-scalar-r15-mlp8_cycle-scalar-warm-branch-98304,mlp8-gcc13-scalar,branch,branches,42967352,250035388,250035388
1,mlp8-gcc13-scalar-r15-mlp8_cycle-scalar-warm-branch-98304,mlp8-gcc13-scalar,branch,branch_misses,190204,250031269,250031269
1,mlp8-gcc13-scalar-r15-mlp8_cycle-scalar-warm-basic-6291456,mlp8-gcc13-scalar,basic,cycles,548858696,250093141,250093141
1,mlp8-gcc13-scalar-r15-mlp8_cycle-scalar-warm-basic-6291456,mlp8-gcc13-scalar,basic,instructions,529444304,250092964,250092964
1,mlp8-gcc13-scalar-r15-mlp8_cycle-scalar-warm-basic-6291456,mlp8-gcc13-scalar,basic,ref_cycles,548863106,250089768,250089768
1,mlp8-gcc13-scalar-r15-mlp8_cycle-scalar-cache_evicted-branch-8388608,mlp8-gcc13-scalar,branch,cycles,549058277,250185316,250185316
1,mlp8-gcc13-scalar-r15-mlp8_cycle-scalar-cache_evicted-branch-8388608,mlp8-gcc13-scalar,branch,branches,10162877,250185580,250185580
1,mlp8-gcc13-scalar-r15-mlp8_cycle-scalar-cache_evicted-branch-8388608,mlp8-gcc13-scalar,branch,branch_misses,667,250182268,250182268
1,mlp8-gcc13-scalar-r15-mlp8_cycle-scalar-warm-basic-134217728,mlp8-gcc13-scalar,basic,cycles,554254345,252553833,252553833
1,mlp8-gcc13-scalar-r15-mlp8_cycle-scalar-warm-basic-134217728,mlp8-gcc13-scalar,basic,instructions,141298588,252552841,252552841
1,mlp8-gcc13-scalar-r15-mlp8_cycle-scalar-warm-basic-134217728,mlp8-gcc13-scalar,basic,ref_cycles,554257418,252549313,252549313
1,mlp8-gcc13-scalar-r15-mlp8_cycle-scalar-warm-basic-262144,mlp8-gcc13-scalar,basic,cycles,548735107,250034196,250034196
1,mlp8-gcc13-scalar-r15-mlp8_cycle-scalar-warm-basic-262144,mlp8-gcc13-scalar,basic,instructions,1750932684,250032150,250032150
1,mlp8-gcc13-scalar-r15-mlp8_cycle-scalar-warm-basic-262144,mlp8-gcc13-scalar,basic,ref_cycles,548737574,250028749,250028749
1,mlp8-gcc13-scalar-r15-mlp8_cycle-scalar-warm-basic-1048576,mlp8-gcc13-scalar,basic,cycles,548737920,250035753,250035753
1,mlp8-gcc13-scalar-r15-mlp8_cycle-scalar-warm-basic-1048576,mlp8-gcc13-scalar,basic,instructions,1182745594,250033566,250033566
1,mlp8-gcc13-scalar-r15-mlp8_cycle-scalar-warm-basic-1048576,mlp8-gcc13-scalar,basic,ref_cycles,548740038,250030137,250030137
1,mlp8-gcc13-scalar-r15-mlp8_cycle-scalar-cache_evicted-basic-8388608,mlp8-gcc13-scalar,basic,cycles,548908470,250116267,250116267
1,mlp8-gcc13-scalar-r15-mlp8_cycle-scalar-cache_evicted-basic-8388608,mlp8-gcc13-scalar,basic,instructions,496272585,250115885,250115885
1,mlp8-gcc13-scalar-r15-mlp8_cycle-scalar-cache_evicted-basic-8388608,mlp8-gcc13-scalar,basic,ref_cycles,548913024,250112683,250112683
1,mlp8-gcc13-scalar-r15-mlp8_cycle-scalar-warm-basic-49152,mlp8-gcc13-scalar,basic,cycles,548732703,250033041,250033041
1,mlp8-gcc13-scalar-r15-mlp8_cycle-scalar-warm-basic-49152,mlp8-gcc13-scalar,basic,instructions,1829779389,250031936,250031936
1,mlp8-gcc13-scalar-r15-mlp8_cycle-scalar-warm-basic-49152,mlp8-gcc13-scalar,basic,ref_cycles,548735132,250029031,250029031
1,mlp8-gcc13-scalar-r15-mlp8_cycle-scalar-warm-branch-2097152,mlp8-gcc13-scalar,branch,cycles,548777068,250055761,250055761
1,mlp8-gcc13-scalar-r15-mlp8_cycle-scalar-warm-branch-2097152,mlp8-gcc13-scalar,branch,branches,16140190,250053620,250053620
1,mlp8-gcc13-scalar-r15-mlp8_cycle-scalar-warm-branch-2097152,mlp8-gcc13-scalar,branch,branch_misses,3961,250049987,250049987
1,mlp8-gcc13-scalar-r15-mlp8_cycle-scalar-warm-basic-8388608,mlp8-gcc13-scalar,basic,cycles,549602778,250432991,250432991
1,mlp8-gcc13-scalar-r15-mlp8_cycle-scalar-warm-basic-8388608,mlp8-gcc13-scalar,basic,instructions,498681638,250431895,250431895
1,mlp8-gcc13-scalar-r15-mlp8_cycle-scalar-warm-basic-8388608,mlp8-gcc13-scalar,basic,ref_cycles,549606948,250428330,250428330
1,mlp8-gcc13-scalar-r15-mlp8_cycle-scalar-warm-branch-32768,mlp8-gcc13-scalar,branch,cycles,548731621,250033232,250033232
1,mlp8-gcc13-scalar-r15-mlp8_cycle-scalar-warm-branch-32768,mlp8-gcc13-scalar,branch,branches,52629291,250031727,250031727
1,mlp8-gcc13-scalar-r15-mlp8_cycle-scalar-warm-branch-32768,mlp8-gcc13-scalar,branch,branch_misses,537203,250028385,250028385
1,mlp8-gcc13-scalar-r15-mlp8_cycle-scalar-cache_evicted-branch-536870912,mlp8-gcc13-scalar,branch,cycles,710310645,323653977,323653977
1,mlp8-gcc13-scalar-r15-mlp8_cycle-scalar-cache_evicted-branch-536870912,mlp8-gcc13-scalar,branch,branches,3145962,323652856,323652856
1,mlp8-gcc13-scalar-r15-mlp8_cycle-scalar-cache_evicted-branch-536870912,mlp8-gcc13-scalar,branch,branch_misses,46,323649338,323649338
1,mlp8-gcc13-scalar-r15-mlp8_cycle-scalar-warm-branch-12582912,mlp8-gcc13-scalar,branch,cycles,549684126,250471400,250471400
1,mlp8-gcc13-scalar-r15-mlp8_cycle-scalar-warm-branch-12582912,mlp8-gcc13-scalar,branch,branches,9155052,250471378,250471378
1,mlp8-gcc13-scalar-r15-mlp8_cycle-scalar-warm-branch-12582912,mlp8-gcc13-scalar,branch,branch_misses,418,250467575,250467575
1,mlp8-gcc13-scalar-r15-mlp8_cycle-scalar-warm-branch-4194304,mlp8-gcc13-scalar,branch,cycles,526870381,241534635,241534635
1,mlp8-gcc13-scalar-r15-mlp8_cycle-scalar-warm-branch-4194304,mlp8-gcc13-scalar,branch,branches,11656548,241535670,241535670
1,mlp8-gcc13-scalar-r15-mlp8_cycle-scalar-warm-branch-4194304,mlp8-gcc13-scalar,branch,branch_misses,2320,241532708,241532708
1,mlp8-gcc13-scalar-r15-mlp8_cycle-scalar-warm-basic-229376,mlp8-gcc13-scalar,basic,cycles,548734752,250032247,250032247
1,mlp8-gcc13-scalar-r15-mlp8_cycle-scalar-warm-basic-229376,mlp8-gcc13-scalar,basic,instructions,1794457003,250029950,250029950
1,mlp8-gcc13-scalar-r15-mlp8_cycle-scalar-warm-basic-229376,mlp8-gcc13-scalar,basic,ref_cycles,548736056,250026400,250026400
1,mlp8-gcc13-scalar-r15-mlp8_cycle-scalar-warm-branch-8388608,mlp8-gcc13-scalar,branch,cycles,549326499,250307736,250307736
1,mlp8-gcc13-scalar-r15-mlp8_cycle-scalar-warm-branch-8388608,mlp8-gcc13-scalar,branch,branches,10130041,250305066,250305066
1,mlp8-gcc13-scalar-r15-mlp8_cycle-scalar-warm-branch-8388608,mlp8-gcc13-scalar,branch,branch_misses,662,250301259,250301259
1,mlp8-gcc13-scalar-r15-mlp8_cycle-scalar-cache_evicted-basic-536870912,mlp8-gcc13-scalar,basic,cycles,714950569,325768483,325768483
1,mlp8-gcc13-scalar-r15-mlp8_cycle-scalar-cache_evicted-basic-536870912,mlp8-gcc13-scalar,basic,instructions,154141940,325766109,325766109
1,mlp8-gcc13-scalar-r15-mlp8_cycle-scalar-cache_evicted-basic-536870912,mlp8-gcc13-scalar,basic,ref_cycles,714953998,325762656,325762656
1,mlp8-gcc13-scalar-r15-mlp8_cycle-scalar-warm-basic-294912,mlp8-gcc13-scalar,basic,cycles,546311995,249165136,249165136
1,mlp8-gcc13-scalar-r15-mlp8_cycle-scalar-warm-basic-294912,mlp8-gcc13-scalar,basic,instructions,1619204883,249167733,249167733
1,mlp8-gcc13-scalar-r15-mlp8_cycle-scalar-warm-basic-294912,mlp8-gcc13-scalar,basic,ref_cycles,546320104,249165054,249165054
1,mlp8-gcc13-scalar-r15-mlp8_cycle-scalar-warm-basic-131072,mlp8-gcc13-scalar,basic,cycles,548733037,250031762,250031762
1,mlp8-gcc13-scalar-r15-mlp8_cycle-scalar-warm-basic-131072,mlp8-gcc13-scalar,basic,instructions,1855850997,250028479,250028479
1,mlp8-gcc13-scalar-r15-mlp8_cycle-scalar-warm-basic-131072,mlp8-gcc13-scalar,basic,ref_cycles,548734186,250025059,250025059
1,mlp8-gcc13-scalar-r15-mlp8_cycle-scalar-warm-branch-536870912,mlp8-gcc13-scalar,branch,cycles,732142713,333601159,333601159
1,mlp8-gcc13-scalar-r15-mlp8_cycle-scalar-warm-branch-536870912,mlp8-gcc13-scalar,branch,branches,3145962,333600110,333600110
1,mlp8-gcc13-scalar-r15-mlp8_cycle-scalar-warm-branch-536870912,mlp8-gcc13-scalar,branch,branch_misses,45,333596303,333596303
1,mlp8-gcc13-scalar-r15-mlp8_cycle-scalar-cache_evicted-basic-1048576,mlp8-gcc13-scalar,basic,cycles,531032047,242916213,242916213
1,mlp8-gcc13-scalar-r15-mlp8_cycle-scalar-cache_evicted-basic-1048576,mlp8-gcc13-scalar,basic,instructions,1140910984,242918510,242918510
1,mlp8-gcc13-scalar-r15-mlp8_cycle-scalar-cache_evicted-basic-1048576,mlp8-gcc13-scalar,basic,ref_cycles,531040774,242916214,242916214
1,mlp8-gcc13-scalar-r15-mlp8_cycle-scalar-cache_evicted-branch-33554432,mlp8-gcc13-scalar,branch,cycles,552410697,251713592,251713592
1,mlp8-gcc13-scalar-r15-mlp8_cycle-scalar-cache_evicted-branch-33554432,mlp8-gcc13-scalar,branch,branches,6622702,251713807,251713807
1,mlp8-gcc13-scalar-r15-mlp8_cycle-scalar-cache_evicted-branch-33554432,mlp8-gcc13-scalar,branch,branch_misses,150,251710058,251710058
1,mlp8-gcc13-scalar-r15-mlp8_cycle-scalar-warm-branch-5242880,mlp8-gcc13-scalar,branch,cycles,548776104,250057604,250057604
1,mlp8-gcc13-scalar-r15-mlp8_cycle-scalar-warm-branch-5242880,mlp8-gcc13-scalar,branch,branches,11157696,250056847,250056847
1,mlp8-gcc13-scalar-r15-mlp8_cycle-scalar-warm-branch-5242880,mlp8-gcc13-scalar,branch,branch_misses,1134,250052752,250052752
1,mlp8-gcc13-scalar-r15-mlp8_cycle-scalar-warm-branch-196608,mlp8-gcc13-scalar,branch,cycles,548732564,250034350,250034350
1,mlp8-gcc13-scalar-r15-mlp8_cycle-scalar-warm-branch-196608,mlp8-gcc13-scalar,branch,branches,40446791,250031113,250031113
1,mlp8-gcc13-scalar-r15-mlp8_cycle-scalar-warm-branch-196608,mlp8-gcc13-scalar,branch,branch_misses,96847,250027511,250027511
1,mlp8-gcc13-scalar-r15-mlp8_cycle-scalar-cache_evicted-basic-262144,mlp8-gcc13-scalar,basic,cycles,548733818,250034586,250034586
1,mlp8-gcc13-scalar-r15-mlp8_cycle-scalar-cache_evicted-basic-262144,mlp8-gcc13-scalar,basic,instructions,1711488453,250031510,250031510
1,mlp8-gcc13-scalar-r15-mlp8_cycle-scalar-cache_evicted-basic-262144,mlp8-gcc13-scalar,basic,ref_cycles,548735352,250027968,250027968
1,mlp8-gcc13-scalar-r15-mlp8_cycle-scalar-warm-branch-8192,mlp8-gcc13-scalar,branch,cycles,548730744,250032275,250032275
1,mlp8-gcc13-scalar-r15-mlp8_cycle-scalar-warm-branch-8192,mlp8-gcc13-scalar,branch,branches,84100956,250029207,250029207
1,mlp8-gcc13-scalar-r15-mlp8_cycle-scalar-warm-branch-8192,mlp8-gcc13-scalar,branch,branch_misses,403,250025357,250025357
1,mlp8-gcc13-scalar-r15-mlp8_cycle-scalar-cache_evicted-basic-6291456,mlp8-gcc13-scalar,basic,cycles,549027063,250170180,250170180
1,mlp8-gcc13-scalar-r15-mlp8_cycle-scalar-cache_evicted-basic-6291456,mlp8-gcc13-scalar,basic,instructions,527637336,250169728,250169728
1,mlp8-gcc13-scalar-r15-mlp8_cycle-scalar-cache_evicted-basic-6291456,mlp8-gcc13-scalar,basic,ref_cycles,549031428,250166676,250166676
1,mlp8-gcc13-scalar-r15-mlp8_cycle-scalar-warm-basic-4194304,mlp8-gcc13-scalar,basic,cycles,548888250,250106236,250106236
1,mlp8-gcc13-scalar-r15-mlp8_cycle-scalar-warm-basic-4194304,mlp8-gcc13-scalar,basic,instructions,598014298,250105978,250105978
1,mlp8-gcc13-scalar-r15-mlp8_cycle-scalar-warm-basic-4194304,mlp8-gcc13-scalar,basic,ref_cycles,548892014,250102774,250102774
1,mlp8-gcc13-scalar-r15-mlp8_cycle-scalar-warm-branch-393216,mlp8-gcc13-scalar,branch,cycles,548742687,250039558,250039558
1,mlp8-gcc13-scalar-r15-mlp8_cycle-scalar-warm-branch-393216,mlp8-gcc13-scalar,branch,branches,30546893,250037755,250037755
1,mlp8-gcc13-scalar-r15-mlp8_cycle-scalar-warm-branch-393216,mlp8-gcc13-scalar,branch,branch_misses,38155,250034340,250034340
1,mlp8-gcc13-scalar-r15-mlp8_cycle-scalar-warm-basic-65536,mlp8-gcc13-scalar,basic,cycles,548731536,250032361,250032361
1,mlp8-gcc13-scalar-r15-mlp8_cycle-scalar-warm-basic-65536,mlp8-gcc13-scalar,basic,instructions,1850833086,250030140,250030140
1,mlp8-gcc13-scalar-r15-mlp8_cycle-scalar-warm-basic-65536,mlp8-gcc13-scalar,basic,ref_cycles,548733460,250026556,250026556
1,mlp8-gcc13-scalar-r15-mlp8_cycle-scalar-warm-basic-24576,mlp8-gcc13-scalar,basic,cycles,548731216,250031803,250031803
1,mlp8-gcc13-scalar-r15-mlp8_cycle-scalar-warm-basic-24576,mlp8-gcc13-scalar,basic,instructions,1768628408,250029403,250029403
1,mlp8-gcc13-scalar-r15-mlp8_cycle-scalar-warm-basic-24576,mlp8-gcc13-scalar,basic,ref_cycles,548732976,250025838,250025838
1,mlp8-gcc13-scalar-r15-mlp8_cycle-scalar-warm-basic-16384,mlp8-gcc13-scalar,basic,cycles,548730920,250032714,250032714
1,mlp8-gcc13-scalar-r15-mlp8_cycle-scalar-warm-basic-16384,mlp8-gcc13-scalar,basic,instructions,1749902544,250030680,250030680
1,mlp8-gcc13-scalar-r15-mlp8_cycle-scalar-warm-basic-16384,mlp8-gcc13-scalar,basic,ref_cycles,548733174,250027498,250027498
1,mlp8-gcc13-scalar-r15-mlp8_cycle-scalar-warm-basic-36864,mlp8-gcc13-scalar,basic,cycles,548731105,250032185,250032185
1,mlp8-gcc13-scalar-r15-mlp8_cycle-scalar-warm-basic-36864,mlp8-gcc13-scalar,basic,instructions,1807652887,250030380,250030380
1,mlp8-gcc13-scalar-r15-mlp8_cycle-scalar-warm-basic-36864,mlp8-gcc13-scalar,basic,ref_cycles,548733394,250028112,250028112
1,mlp8-gcc13-scalar-r15-mlp8_cycle-scalar-warm-branch-7340032,mlp8-gcc13-scalar,branch,cycles,548797829,250066617,250066617
1,mlp8-gcc13-scalar-r15-mlp8_cycle-scalar-warm-branch-7340032,mlp8-gcc13-scalar,branch,branches,10346532,250064254,250064254
1,mlp8-gcc13-scalar-r15-mlp8_cycle-scalar-warm-branch-7340032,mlp8-gcc13-scalar,branch,branch_misses,753,250060085,250060085
1,mlp8-gcc13-scalar-r15-mlp8_cycle-scalar-warm-branch-16384,mlp8-gcc13-scalar,branch,cycles,548731071,250033303,250033303
1,mlp8-gcc13-scalar-r15-mlp8_cycle-scalar-warm-branch-16384,mlp8-gcc13-scalar,branch,branches,64750504,250030819,250030819
1,mlp8-gcc13-scalar-r15-mlp8_cycle-scalar-warm-branch-16384,mlp8-gcc13-scalar,branch,branch_misses,388049,250027341,250027341
1,mlp8-gcc13-scalar-r15-mlp8_cycle-scalar-warm-basic-7340032,mlp8-gcc13-scalar,basic,cycles,549449220,250362696,250362696
1,mlp8-gcc13-scalar-r15-mlp8_cycle-scalar-warm-basic-7340032,mlp8-gcc13-scalar,basic,instructions,510144149,250363184,250363184
1,mlp8-gcc13-scalar-r15-mlp8_cycle-scalar-warm-basic-7340032,mlp8-gcc13-scalar,basic,ref_cycles,549453124,250359850,250359850
1,mlp8-gcc13-scalar-r15-mlp8_cycle-scalar-warm-branch-24576,mlp8-gcc13-scalar,branch,cycles,548731494,250034188,250034188
1,mlp8-gcc13-scalar-r15-mlp8_cycle-scalar-warm-branch-24576,mlp8-gcc13-scalar,branch,branches,56242954,250032788,250032788
1,mlp8-gcc13-scalar-r15-mlp8_cycle-scalar-warm-branch-24576,mlp8-gcc13-scalar,branch,branch_misses,686096,250029503,250029503
1,mlp8-gcc13-scalar-r15-mlp8_cycle-scalar-warm-basic-5242880,mlp8-gcc13-scalar,basic,cycles,548882186,250103271,250103271
1,mlp8-gcc13-scalar-r15-mlp8_cycle-scalar-warm-basic-5242880,mlp8-gcc13-scalar,basic,instructions,547151199,250100824,250100824
1,mlp8-gcc13-scalar-r15-mlp8_cycle-scalar-warm-basic-5242880,mlp8-gcc13-scalar,basic,ref_cycles,548884688,250097760,250097760
1,mlp8-gcc13-scalar-r15-mlp8_cycle-scalar-cache_evicted-branch-1048576,mlp8-gcc13-scalar,branch,cycles,548777027,250054379,250054379
1,mlp8-gcc13-scalar-r15-mlp8_cycle-scalar-cache_evicted-branch-1048576,mlp8-gcc13-scalar,branch,branches,24315816,250051059,250051059
1,mlp8-gcc13-scalar-r15-mlp8_cycle-scalar-cache_evicted-branch-1048576,mlp8-gcc13-scalar,branch,branch_misses,11725,250047299,250047299
1,mlp8-gcc13-scalar-r15-mlp8_cycle-scalar-cache_evicted-basic-32768,mlp8-gcc13-scalar,basic,cycles,548730413,250032607,250032607
1,mlp8-gcc13-scalar-r15-mlp8_cycle-scalar-cache_evicted-basic-32768,mlp8-gcc13-scalar,basic,instructions,1799134405,250029008,250029008
1,mlp8-gcc13-scalar-r15-mlp8_cycle-scalar-cache_evicted-basic-32768,mlp8-gcc13-scalar,basic,ref_cycles,548731524,250025315,250025315
1,mlp8-gcc13-scalar-r15-mlp8_cycle-scalar-warm-basic-8192,mlp8-gcc13-scalar,basic,cycles,548730763,250031610,250031610
1,mlp8-gcc13-scalar-r15-mlp8_cycle-scalar-warm-basic-8192,mlp8-gcc13-scalar,basic,instructions,1675241166,250029322,250029322
1,mlp8-gcc13-scalar-r15-mlp8_cycle-scalar-warm-basic-8192,mlp8-gcc13-scalar,basic,ref_cycles,548731788,250026072,250026072
1,mlp8-gcc13-scalar-r15-mlp8_cycle-scalar-cache_evicted-branch-6291456,mlp8-gcc13-scalar,branch,cycles,548744683,250043440,250043440
1,mlp8-gcc13-scalar-r15-mlp8_cycle-scalar-cache_evicted-branch-6291456,mlp8-gcc13-scalar,branch,branches,10831170,250042840,250042840
1,mlp8-gcc13-scalar-r15-mlp8_cycle-scalar-cache_evicted-branch-6291456,mlp8-gcc13-scalar,branch,branch_misses,926,250039245,250039245
1,mlp8-gcc13-scalar-r15-mlp8_cycle-scalar-warm-basic-2097152,mlp8-gcc13-scalar,basic,cycles,548836547,250081376,250081376
1,mlp8-gcc13-scalar-r15-mlp8_cycle-scalar-warm-basic-2097152,mlp8-gcc13-scalar,basic,instructions,771722826,250079431,250079431
1,mlp8-gcc13-scalar-r15-mlp8_cycle-scalar-warm-basic-2097152,mlp8-gcc13-scalar,basic,ref_cycles,548839522,250076154,250076154
1,mlp8-gcc13-scalar-r15-mlp8_cycle-scalar-warm-branch-229376,mlp8-gcc13-scalar,branch,cycles,548733488,250034146,250034146
1,mlp8-gcc13-scalar-r15-mlp8_cycle-scalar-warm-branch-229376,mlp8-gcc13-scalar,branch,branches,39068542,250030837,250030837
1,mlp8-gcc13-scalar-r15-mlp8_cycle-scalar-warm-branch-229376,mlp8-gcc13-scalar,branch,branch_misses,81128,250027078,250027078
1,mlp8-gcc13-scalar-r15-mlp8_cycle-scalar-warm-basic-524288,mlp8-gcc13-scalar,basic,cycles,548741422,250037355,250037355
1,mlp8-gcc13-scalar-r15-mlp8_cycle-scalar-warm-basic-524288,mlp8-gcc13-scalar,basic,instructions,1305075798,250036050,250036050
1,mlp8-gcc13-scalar-r15-mlp8_cycle-scalar-warm-basic-524288,mlp8-gcc13-scalar,basic,ref_cycles,548744064,250033211,250033211
1,mlp8-gcc13-scalar-r15-mlp8_cycle-scalar-warm-basic-12582912,mlp8-gcc13-scalar,basic,cycles,548817368,250074756,250074756
1,mlp8-gcc13-scalar-r15-mlp8_cycle-scalar-warm-basic-12582912,mlp8-gcc13-scalar,basic,instructions,467322192,250073960,250073960
1,mlp8-gcc13-scalar-r15-mlp8_cycle-scalar-warm-basic-12582912,mlp8-gcc13-scalar,basic,ref_cycles,548821834,250070605,250070605
1,mlp8-gcc13-scalar-r15-mlp8_cycle-scalar-warm-branch-33554432,mlp8-gcc13-scalar,branch,cycles,549074127,250193955,250193955
1,mlp8-gcc13-scalar-r15-mlp8_cycle-scalar-warm-branch-33554432,mlp8-gcc13-scalar,branch,branches,6294852,250194469,250194469
1,mlp8-gcc13-scalar-r15-mlp8_cycle-scalar-warm-branch-33554432,mlp8-gcc13-scalar,branch,branch_misses,141,250190995,250190995
1,mlp8-gcc13-scalar-r15-mlp8_cycle-scalar-warm-branch-134217728,mlp8-gcc13-scalar,branch,cycles,594294304,270796183,270796183
1,mlp8-gcc13-scalar-r15-mlp8_cycle-scalar-warm-branch-134217728,mlp8-gcc13-scalar,branch,branches,3146268,270795420,270795420
1,mlp8-gcc13-scalar-r15-mlp8_cycle-scalar-warm-branch-134217728,mlp8-gcc13-scalar,branch,branch_misses,74,270791540,270791540
1,mlp8-gcc13-scalar-r15-mlp8_cycle-scalar-warm-basic-393216,mlp8-gcc13-scalar,basic,cycles,548743502,250038778,250038778
1,mlp8-gcc13-scalar-r15-mlp8_cycle-scalar-warm-basic-393216,mlp8-gcc13-scalar,basic,instructions,1441327538,250035410,250035410
1,mlp8-gcc13-scalar-r15-mlp8_cycle-scalar-warm-basic-393216,mlp8-gcc13-scalar,basic,ref_cycles,548745274,250031732,250031732
1,mlp8-gcc13-scalar-r15-mlp8_cycle-scalar-warm-basic-98304,mlp8-gcc13-scalar,basic,cycles,548731741,250031956,250031956
1,mlp8-gcc13-scalar-r15-mlp8_cycle-scalar-warm-basic-98304,mlp8-gcc13-scalar,basic,instructions,1867975974,250029749,250029749
1,mlp8-gcc13-scalar-r15-mlp8_cycle-scalar-warm-basic-98304,mlp8-gcc13-scalar,basic,ref_cycles,548733350,250026420,250026420
1,mlp8-gcc13-scalar-r15-mlp8_cycle-scalar-warm-branch-65536,mlp8-gcc13-scalar,branch,cycles,548732325,250034140,250034140
1,mlp8-gcc13-scalar-r15-mlp8_cycle-scalar-warm-branch-65536,mlp8-gcc13-scalar,branch,branches,46252069,250032254,250032254
1,mlp8-gcc13-scalar-r15-mlp8_cycle-scalar-warm-branch-65536,mlp8-gcc13-scalar,branch,branch_misses,285656,250028574,250028574
1,mlp8-gcc13-scalar-r15-mlp8_cycle-scalar-warm-basic-33554432,mlp8-gcc13-scalar,basic,cycles,548886601,250106674,250106674
1,mlp8-gcc13-scalar-r15-mlp8_cycle-scalar-warm-basic-33554432,mlp8-gcc13-scalar,basic,instructions,221592542,250106114,250106114
1,mlp8-gcc13-scalar-r15-mlp8_cycle-scalar-warm-basic-33554432,mlp8-gcc13-scalar,basic,ref_cycles,548890848,250102805,250102805
1,mlp8-gcc13-scalar-r15-mlp8_cycle-scalar-warm-branch-36864,mlp8-gcc13-scalar,branch,cycles,548731970,250034617,250034617
1,mlp8-gcc13-scalar-r15-mlp8_cycle-scalar-warm-branch-36864,mlp8-gcc13-scalar,branch,branches,51264610,250032716,250032716
1,mlp8-gcc13-scalar-r15-mlp8_cycle-scalar-warm-branch-36864,mlp8-gcc13-scalar,branch,branch_misses,483782,250029560,250029560
1,mlp8-gcc13-scalar-r15-mlp8_cycle-scalar-warm-branch-49152,mlp8-gcc13-scalar,branch,cycles,548730830,250032264,250032264
1,mlp8-gcc13-scalar-r15-mlp8_cycle-scalar-warm-branch-49152,mlp8-gcc13-scalar,branch,branches,48521674,250029291,250029291
1,mlp8-gcc13-scalar-r15-mlp8_cycle-scalar-warm-branch-49152,mlp8-gcc13-scalar,branch,branch_misses,373363,250025733,250025733
1,mlp8-gcc13-scalar-r15-mlp8_cycle-scalar-warm-branch-294912,mlp8-gcc13-scalar,branch,cycles,548732268,250032764,250032764
1,mlp8-gcc13-scalar-r15-mlp8_cycle-scalar-warm-branch-294912,mlp8-gcc13-scalar,branch,branches,34542627,250029687,250029687
1,mlp8-gcc13-scalar-r15-mlp8_cycle-scalar-warm-branch-294912,mlp8-gcc13-scalar,branch,branch_misses,56683,250025950,250025950
1,mlp8-gcc13-scalar-r15-mlp8_cycle-scalar-warm-basic-196608,mlp8-gcc13-scalar,basic,cycles,548732858,250031101,250031101
1,mlp8-gcc13-scalar-r15-mlp8_cycle-scalar-warm-basic-196608,mlp8-gcc13-scalar,basic,instructions,1839857767,250029117,250029117
1,mlp8-gcc13-scalar-r15-mlp8_cycle-scalar-warm-basic-196608,mlp8-gcc13-scalar,basic,ref_cycles,548734076,250025690,250025690
1,mlp8-gcc13-scalar-r15-mlp8_cycle-scalar-warm-branch-6291456,mlp8-gcc13-scalar,branch,cycles,549015512,250164608,250164608
1,mlp8-gcc13-scalar-r15-mlp8_cycle-scalar-warm-branch-6291456,mlp8-gcc13-scalar,branch,branches,10683306,250162853,250162853
1,mlp8-gcc13-scalar-r15-mlp8_cycle-scalar-warm-branch-6291456,mlp8-gcc13-scalar,branch,branch_misses,914,250159147,250159147
1,mlp8-gcc13-scalar-r15-mlp8_cycle-scalar-cache_evicted-basic-33554432,mlp8-gcc13-scalar,basic,cycles,550733534,250949416,250949416
1,mlp8-gcc13-scalar-r15-mlp8_cycle-scalar-cache_evicted-basic-33554432,mlp8-gcc13-scalar,basic,instructions,289033559,250949387,250949387
1,mlp8-gcc13-scalar-r15-mlp8_cycle-scalar-cache_evicted-basic-33554432,mlp8-gcc13-scalar,basic,ref_cycles,550737946,250945823,250945823
1,mlp8-gcc13-scalar-r16-mlp8_cycle-scalar-warm-basic-65536,mlp8-gcc13-scalar,basic,cycles,548731496,250032561,250032561
1,mlp8-gcc13-scalar-r16-mlp8_cycle-scalar-warm-basic-65536,mlp8-gcc13-scalar,basic,instructions,1842921517,250030007,250030007
1,mlp8-gcc13-scalar-r16-mlp8_cycle-scalar-warm-basic-65536,mlp8-gcc13-scalar,basic,ref_cycles,548733042,250026402,250026402
1,mlp8-gcc13-scalar-r16-mlp8_cycle-scalar-warm-basic-5242880,mlp8-gcc13-scalar,basic,cycles,549201347,250249481,250249481
1,mlp8-gcc13-scalar-r16-mlp8_cycle-scalar-warm-basic-5242880,mlp8-gcc13-scalar,basic,instructions,554680828,250249658,250249658
1,mlp8-gcc13-scalar-r16-mlp8_cycle-scalar-warm-basic-5242880,mlp8-gcc13-scalar,basic,ref_cycles,549205822,250246212,250246212
1,mlp8-gcc13-scalar-r16-mlp8_cycle-scalar-warm-branch-12582912,mlp8-gcc13-scalar,branch,cycles,549172031,250239058,250239058
1,mlp8-gcc13-scalar-r16-mlp8_cycle-scalar-warm-branch-12582912,mlp8-gcc13-scalar,branch,branches,9056612,250237767,250237767
1,mlp8-gcc13-scalar-r16-mlp8_cycle-scalar-warm-branch-12582912,mlp8-gcc13-scalar,branch,branch_misses,411,250233783,250233783
1,mlp8-gcc13-scalar-r16-mlp8_cycle-scalar-warm-basic-393216,mlp8-gcc13-scalar,basic,cycles,548740594,250036316,250036316
1,mlp8-gcc13-scalar-r16-mlp8_cycle-scalar-warm-basic-393216,mlp8-gcc13-scalar,basic,instructions,1446967359,250032825,250032825
1,mlp8-gcc13-scalar-r16-mlp8_cycle-scalar-warm-basic-393216,mlp8-gcc13-scalar,basic,ref_cycles,548741996,250029391,250029391
1,mlp8-gcc13-scalar-r16-mlp8_cycle-scalar-warm-basic-262144,mlp8-gcc13-scalar,basic,cycles,548732826,250033378,250033378
1,mlp8-gcc13-scalar-r16-mlp8_cycle-scalar-warm-basic-262144,mlp8-gcc13-scalar,basic,instructions,1743518033,250031674,250031674
1,mlp8-gcc13-scalar-r16-mlp8_cycle-scalar-warm-basic-262144,mlp8-gcc13-scalar,basic,ref_cycles,548735088,250028414,250028414
1,mlp8-gcc13-scalar-r16-mlp8_cycle-scalar-warm-basic-196608,mlp8-gcc13-scalar,basic,cycles,548731754,250032450,250032450
1,mlp8-gcc13-scalar-r16-mlp8_cycle-scalar-warm-basic-196608,mlp8-gcc13-scalar,basic,instructions,1831675228,250030569,250030569
1,mlp8-gcc13-scalar-r16-mlp8_cycle-scalar-warm-basic-196608,mlp8-gcc13-scalar,basic,ref_cycles,548733570,250027419,250027419
1,mlp8-gcc13-scalar-r16-mlp8_cycle-scalar-warm-basic-36864,mlp8-gcc13-scalar,basic,cycles,548731435,250031940,250031940
1,mlp8-gcc13-scalar-r16-mlp8_cycle-scalar-warm-basic-36864,mlp8-gcc13-scalar,basic,instructions,1811255482,250029925,250029925
1,mlp8-gcc13-scalar-r16-mlp8_cycle-scalar-warm-basic-36864,mlp8-gcc13-scalar,basic,ref_cycles,548733064,250026706,250026706
1,mlp8-gcc13-scalar-r16-mlp8_cycle-scalar-warm-branch-6291456,mlp8-gcc13-scalar,branch,cycles,549066040,250189072,250189072
1,mlp8-gcc13-scalar-r16-mlp8_cycle-scalar-warm-branch-6291456,mlp8-gcc13-scalar,branch,branches,10794208,250187261,250187261
1,mlp8-gcc13-scalar-r16-mlp8_cycle-scalar-warm-branch-6291456,mlp8-gcc13-scalar,branch,branch_misses,931,250183695,250183695
1,mlp8-gcc13-scalar-r16-mlp8_cycle-scalar-warm-basic-24576,mlp8-gcc13-scalar,basic,cycles,548730874,250030936,250030936
1,mlp8-gcc13-scalar-r16-mlp8_cycle-scalar-warm-basic-24576,mlp8-gcc13-scalar,basic,instructions,1770270151,250028333,250028333
1,mlp8-gcc13-scalar-r16-mlp8_cycle-scalar-warm-basic-24576,mlp8-gcc13-scalar,basic,ref_cycles,548732206,250024862,250024862
1,mlp8-gcc13-scalar-r16-mlp8_cycle-scalar-warm-branch-24576,mlp8-gcc13-scalar,branch,cycles,548731348,250032357,250032357
1,mlp8-gcc13-scalar-r16-mlp8_cycle-scalar-warm-branch-24576,mlp8-gcc13-scalar,branch,branches,56347281,250029877,250029877
1,mlp8-gcc13-scalar-r16-mlp8_cycle-scalar-warm-branch-24576,mlp8-gcc13-scalar,branch,branch_misses,687337,250026417,250026417
1,mlp8-gcc13-scalar-r16-mlp8_cycle-scalar-warm-branch-28672,mlp8-gcc13-scalar,branch,cycles,548731392,250034336,250034336
1,mlp8-gcc13-scalar-r16-mlp8_cycle-scalar-warm-branch-28672,mlp8-gcc13-scalar,branch,branches,54293255,250033339,250033339
1,mlp8-gcc13-scalar-r16-mlp8_cycle-scalar-warm-branch-28672,mlp8-gcc13-scalar,branch,branch_misses,603419,250030037,250030037
1,mlp8-gcc13-scalar-r16-mlp8_cycle-scalar-warm-branch-98304,mlp8-gcc13-scalar,branch,cycles,548732366,250034649,250034649
1,mlp8-gcc13-scalar-r16-mlp8_cycle-scalar-warm-branch-98304,mlp8-gcc13-scalar,branch,branches,43354750,250033220,250033220
1,mlp8-gcc13-scalar-r16-mlp8_cycle-scalar-warm-branch-98304,mlp8-gcc13-scalar,branch,branch_misses,191924,250029904,250029904
1,mlp8-gcc13-scalar-r16-mlp8_cycle-scalar-warm-basic-229376,mlp8-gcc13-scalar,basic,cycles,548731828,250032994,250032994
1,mlp8-gcc13-scalar-r16-mlp8_cycle-scalar-warm-basic-229376,mlp8-gcc13-scalar,basic,instructions,1796673551,250030630,250030630
1,mlp8-gcc13-scalar-r16-mlp8_cycle-scalar-warm-basic-229376,mlp8-gcc13-scalar,basic,ref_cycles,548733812,250027249,250027249
1,mlp8-gcc13-scalar-r16-mlp8_cycle-scalar-warm-basic-524288,mlp8-gcc13-scalar,basic,cycles,548736625,250035044,250035044
1,mlp8-gcc13-scalar-r16-mlp8_cycle-scalar-warm-basic-524288,mlp8-gcc13-scalar,basic,instructions,1296459217,250032520,250032520
1,mlp8-gcc13-scalar-r16-mlp8_cycle-scalar-warm-basic-524288,mlp8-gcc13-scalar,basic,ref_cycles,548738212,250029158,250029158
1,mlp8-gcc13-scalar-r16-mlp8_cycle-scalar-warm-basic-12582912,mlp8-gcc13-scalar,basic,cycles,549379000,250331064,250331064
1,mlp8-gcc13-scalar-r16-mlp8_cycle-scalar-warm-basic-12582912,mlp8-gcc13-scalar,basic,instructions,458891132,250330263,250330263
1,mlp8-gcc13-scalar-r16-mlp8_cycle-scalar-warm-basic-12582912,mlp8-gcc13-scalar,basic,ref_cycles,549383076,250326778,250326778
1,mlp8-gcc13-scalar-r16-mlp8_cycle-scalar-warm-branch-7340032,mlp8-gcc13-scalar,branch,cycles,548998458,250158190,250158190
1,mlp8-gcc13-scalar-r16-mlp8_cycle-scalar-warm-branch-7340032,mlp8-gcc13-scalar,branch,branches,10404012,250157962,250157962
1,mlp8-gcc13-scalar-r16-mlp8_cycle-scalar-warm-branch-7340032,mlp8-gcc13-scalar,branch,branch_misses,762,250154702,250154702
1,mlp8-gcc13-scalar-r16-mlp8_cycle-scalar-warm-branch-131072,mlp8-gcc13-scalar,branch,cycles,548732990,250033494,250033494
1,mlp8-gcc13-scalar-r16-mlp8_cycle-scalar-warm-branch-131072,mlp8-gcc13-scalar,branch,branches,42213207,250030374,250030374
1,mlp8-gcc13-scalar-r16-mlp8_cycle-scalar-warm-branch-131072,mlp8-gcc13-scalar,branch,branch_misses,145648,250026610,250026610
1,mlp8-gcc13-scalar-r16-mlp8_cycle-scalar-warm-branch-4194304,mlp8-gcc13-scalar,branch,cycles,549095359,250200944,250200944
1,mlp8-gcc13-scalar-r16-mlp8_cycle-scalar-warm-branch-4194304,mlp8-gcc13-scalar,branch,branches,12223968,250199414,250199414
1,mlp8-gcc13-scalar-r16-mlp8_cycle-scalar-warm-branch-4194304,mlp8-gcc13-scalar,branch,branch_misses,1528,250195395,250195395
1,mlp8-gcc13-scalar-r16-mlp8_cycle-scalar-warm-basic-294912,mlp8-gcc13-scalar,basic,cycles,548732160,250033960,250033960
1,mlp8-gcc13-scalar-r16-mlp8_cycle-scalar-warm-basic-294912,mlp8-gcc13-scalar,basic,instructions,1592076108,250031762,250031762
1,mlp8-gcc13-scalar-r16-mlp8_cycle-scalar-warm-basic-294912,mlp8-gcc13-scalar,basic,ref_cycles,548734450,250028448,250028448
1,mlp8-gcc13-scalar-r16-mlp8_cycle-scalar-warm-basic-1048576,mlp8-gcc13-scalar,basic,cycles,548733260,250034286,250034286
1,mlp8-gcc13-scalar-r16-mlp8_cycle-scalar-warm-basic-1048576,mlp8-gcc13-scalar,basic,instructions,1216736605,250032864,250032864
1,mlp8-gcc13-scalar-r16-mlp8_cycle-scalar-warm-basic-1048576,mlp8-gcc13-scalar,basic,ref_cycles,548735748,250029707,250029707
1,mlp8-gcc13-scalar-r16-mlp8_cycle-scalar-warm-basic-536870912,mlp8-gcc13-scalar,basic,cycles,691420624,315048024,315048024
1,mlp8-gcc13-scalar-r16-mlp8_cycle-scalar-warm-basic-536870912,mlp8-gcc13-scalar,basic,instructions,154141940,315045816,315045816
1,mlp8-gcc13-scalar-r16-mlp8_cycle-scalar-warm-basic-536870912,mlp8-gcc13-scalar,basic,ref_cycles,691423700,315042420,315042420
1,mlp8-gcc13-scalar-r16-mlp8_cycle-scalar-warm-branch-1048576,mlp8-gcc13-scalar,branch,cycles,548764597,250049600,250049600
1,mlp8-gcc13-scalar-r16-mlp8_cycle-scalar-warm-branch-1048576,mlp8-gcc13-scalar,branch,branches,25388110,250047730,250047730
1,mlp8-gcc13-scalar-r16-mlp8_cycle-scalar-warm-branch-1048576,mlp8-gcc13-scalar,branch,branch_misses,12265,250044611,250044611
1,mlp8-gcc13-scalar-r16-mlp8_cycle-scalar-cache_evicted-basic-33554432,mlp8-gcc13-scalar,basic,cycles,552823278,251901727,251901727
1,mlp8-gcc13-scalar-r16-mlp8_cycle-scalar-cache_evicted-basic-33554432,mlp8-gcc13-scalar,basic,instructions,240861404,251901240,251901240
1,mlp8-gcc13-scalar-r16-mlp8_cycle-scalar-cache_evicted-basic-33554432,mlp8-gcc13-scalar,basic,ref_cycles,552827572,251898214,251898214
1,mlp8-gcc13-scalar-r16-mlp8_cycle-scalar-cache_evicted-basic-32768,mlp8-gcc13-scalar,basic,cycles,548732315,250037085,250037085
1,mlp8-gcc13-scalar-r16-mlp8_cycle-scalar-cache_evicted-basic-32768,mlp8-gcc13-scalar,basic,instructions,1786693079,250034297,250034297
1,mlp8-gcc13-scalar-r16-mlp8_cycle-scalar-cache_evicted-basic-32768,mlp8-gcc13-scalar,basic,ref_cycles,548734890,250030969,250030969
1,mlp8-gcc13-scalar-r16-mlp8_cycle-scalar-warm-branch-294912,mlp8-gcc13-scalar,branch,cycles,548730854,250032379,250032379
1,mlp8-gcc13-scalar-r16-mlp8_cycle-scalar-warm-branch-294912,mlp8-gcc13-scalar,branch,branches,34384052,250030023,250030023
1,mlp8-gcc13-scalar-r16-mlp8_cycle-scalar-warm-branch-294912,mlp8-gcc13-scalar,branch,branch_misses,56433,250026719,250026719
1,mlp8-gcc13-scalar-r16-mlp8_cycle-scalar-warm-branch-229376,mlp8-gcc13-scalar,branch,cycles,548734756,250034586,250034586
1,mlp8-gcc13-scalar-r16-mlp8_cycle-scalar-warm-branch-229376,mlp8-gcc13-scalar,branch,branches,39245971,250031435,250031435
1,mlp8-gcc13-scalar-r16-mlp8_cycle-scalar-warm-branch-229376,mlp8-gcc13-scalar,branch,branch_misses,81494,250027829,250027829
1,mlp8-gcc13-scalar-r16-mlp8_cycle-scalar-cache_evicted-branch-536870912,mlp8-gcc13-scalar,branch,cycles,705635539,321525259,321525259
1,mlp8-gcc13-scalar-r16-mlp8_cycle-scalar-cache_evicted-branch-536870912,mlp8-gcc13-scalar,branch,branches,3145962,321523133,321523133
1,mlp8-gcc13-scalar-r16-mlp8_cycle-scalar-cache_evicted-branch-536870912,mlp8-gcc13-scalar,branch,branch_misses,39,321519625,321519625
1,mlp8-gcc13-scalar-r16-mlp8_cycle-scalar-warm-branch-262144,mlp8-gcc13-scalar,branch,cycles,548733653,250036231,250036231
1,mlp8-gcc13-scalar-r16-mlp8_cycle-scalar-warm-branch-262144,mlp8-gcc13-scalar,branch,branches,37717322,250034202,250034202
1,mlp8-gcc13-scalar-r16-mlp8_cycle-scalar-warm-branch-262144,mlp8-gcc13-scalar,branch,branch_misses,69151,250030307,250030307
1,mlp8-gcc13-scalar-r16-mlp8_cycle-scalar-warm-branch-2097152,mlp8-gcc13-scalar,branch,cycles,548775513,250055051,250055051
1,mlp8-gcc13-scalar-r16-mlp8_cycle-scalar-warm-branch-2097152,mlp8-gcc13-scalar,branch,branches,16330170,250052606,250052606
1,mlp8-gcc13-scalar-r16-mlp8_cycle-scalar-warm-branch-2097152,mlp8-gcc13-scalar,branch,branch_misses,4001,250048772,250048772
1,mlp8-gcc13-scalar-r16-mlp8_cycle-scalar-warm-branch-134217728,mlp8-gcc13-scalar,branch,cycles,564428775,257191163,257191163
1,mlp8-gcc13-scalar-r16-mlp8_cycle-scalar-warm-branch-134217728,mlp8-gcc13-scalar,branch,branches,2884090,257189984,257189984
1,mlp8-gcc13-scalar-r16-mlp8_cycle-scalar-warm-branch-134217728,mlp8-gcc13-scalar,branch,branch_misses,92,257185683,257185683
1,mlp8-gcc13-scalar-r16-mlp8_cycle-scalar-cache_evicted-branch-262144,mlp8-gcc13-scalar,branch,cycles,548735919,250036620,250036620
1,mlp8-gcc13-scalar-r16-mlp8_cycle-scalar-cache_evicted-branch-262144,mlp8-gcc13-scalar,branch,branches,37528157,250034629,250034629
1,mlp8-gcc13-scalar-r16-mlp8_cycle-scalar-cache_evicted-branch-262144,mlp8-gcc13-scalar,branch,branch_misses,68797,250030859,250030859
1,mlp8-gcc13-scalar-r16-mlp8_cycle-scalar-warm-basic-134217728,mlp8-gcc13-scalar,basic,cycles,568070980,258849179,258849179
1,mlp8-gcc13-scalar-r16-mlp8_cycle-scalar-warm-basic-134217728,mlp8-gcc13-scalar,basic,instructions,141298588,258848162,258848162
1,mlp8-gcc13-scalar-r16-mlp8_cycle-scalar-warm-basic-134217728,mlp8-gcc13-scalar,basic,ref_cycles,568074958,258844789,258844789
1,mlp8-gcc13-scalar-r16-mlp8_cycle-scalar-warm-basic-33554432,mlp8-gcc13-scalar,basic,cycles,552136378,251588792,251588792
1,mlp8-gcc13-scalar-r16-mlp8_cycle-scalar-warm-basic-33554432,mlp8-gcc13-scalar,basic,instructions,269764697,251588335,251588335
1,mlp8-gcc13-scalar-r16-mlp8_cycle-scalar-warm-basic-33554432,mlp8-gcc13-scalar,basic,ref_cycles,552140292,251585549,251585549
1,mlp8-gcc13-scalar-r16-mlp8_cycle-scalar-warm-branch-33554432,mlp8-gcc13-scalar,branch,cycles,548810224,250073578,250073578
1,mlp8-gcc13-scalar-r16-mlp8_cycle-scalar-warm-branch-33554432,mlp8-gcc13-scalar,branch,branches,5376872,250073013,250073013
1,mlp8-gcc13-scalar-r16-mlp8_cycle-scalar-warm-branch-33554432,mlp8-gcc13-scalar,branch,branch_misses,131,250069482,250069482
1,mlp8-gcc13-scalar-r16-mlp8_cycle-scalar-warm-branch-524288,mlp8-gcc13-scalar,branch,cycles,548746263,250039668,250039668
1,mlp8-gcc13-scalar-r16-mlp8_cycle-scalar-warm-branch-524288,mlp8-gcc13-scalar,branch,branches,27842478,250036543,250036543
1,mlp8-gcc13-scalar-r16-mlp8_cycle-scalar-warm-branch-524288,mlp8-gcc13-scalar,branch,branch_misses,26367,250032719,250032719
1,mlp8-gcc13-scalar-r16-mlp8_cycle-scalar-warm-basic-8388608,mlp8-gcc13-scalar,basic,cycles,548893741,250109002,250109002
1,mlp8-gcc13-scalar-r16-mlp8_cycle-scalar-warm-basic-8388608,mlp8-gcc13-scalar,basic,instructions,490651348,250106767,250106767
1,mlp8-gcc13-scalar-r16-mlp8_cycle-scalar-warm-basic-8388608,mlp8-gcc13-scalar,basic,ref_cycles,548896282,250103245,250103245
1,mlp8-gcc13-scalar-r16-mlp8_cycle-scalar-warm-basic-32768,mlp8-gcc13-scalar,basic,cycles,548731205,250031909,250031909
1,mlp8-gcc13-scalar-r16-mlp8_cycle-scalar-warm-basic-32768,mlp8-gcc13-scalar,basic,instructions,1798773365,250029569,250029569
1,mlp8-gcc13-scalar-r16-mlp8_cycle-scalar-warm-basic-32768,mlp8-gcc13-scalar,basic,ref_cycles,548732668,250026124,250026124
1,mlp8-gcc13-scalar-r16-mlp8_cycle-scalar-warm-basic-131072,mlp8-gcc13-scalar,basic,cycles,548733695,250034584,250034584
1,mlp8-gcc13-scalar-r16-mlp8_cycle-scalar-warm-basic-131072,mlp8-gcc13-scalar,basic,instructions,1852002313,250032936,250032936
1,mlp8-gcc13-scalar-r16-mlp8_cycle-scalar-warm-basic-131072,mlp8-gcc13-scalar,basic,ref_cycles,548736144,250029549,250029549
1,mlp8-gcc13-scalar-r16-mlp8_cycle-scalar-warm-branch-32768,mlp8-gcc13-scalar,branch,cycles,548730423,250031692,250031692
1,mlp8-gcc13-scalar-r16-mlp8_cycle-scalar-warm-branch-32768,mlp8-gcc13-scalar,branch,branches,52585429,250028262,250028262
1,mlp8-gcc13-scalar-r16-mlp8_cycle-scalar-warm-branch-32768,mlp8-gcc13-scalar,branch,branch_misses,536760,250024468,250024468
1,mlp8-gcc13-scalar-r16-mlp8_cycle-scalar-cache_evicted-branch-1048576,mlp8-gcc13-scalar,branch,cycles,548767896,250051898,250051898
1,mlp8-gcc13-scalar-r16-mlp8_cycle-scalar-cache_evicted-branch-1048576,mlp8-gcc13-scalar,branch,branches,25238136,250049606,250049606
1,mlp8-gcc13-scalar-r16-mlp8_cycle-scalar-cache_evicted-branch-1048576,mlp8-gcc13-scalar,branch,branch_misses,12164,250045051,250045051
1,mlp8-gcc13-scalar-r16-mlp8_cycle-scalar-warm-basic-16384,mlp8-gcc13-scalar,basic,cycles,548731566,250032325,250032325
1,mlp8-gcc13-scalar-r16-mlp8_cycle-scalar-warm-basic-16384,mlp8-gcc13-scalar,basic,instructions,1716992079,250030277,250030277
1,mlp8-gcc13-scalar-r16-mlp8_cycle-scalar-warm-basic-16384,mlp8-gcc13-scalar,basic,ref_cycles,548733658,250026994,250026994
1,mlp8-gcc13-scalar-r16-mlp8_cycle-scalar-warm-branch-49152,mlp8-gcc13-scalar,branch,cycles,548732487,250034864,250034864
1,mlp8-gcc13-scalar-r16-mlp8_cycle-scalar-warm-branch-49152,mlp8-gcc13-scalar,branch,branches,48092510,250033690,250033690
1,mlp8-gcc13-scalar-r16-mlp8_cycle-scalar-warm-branch-49152,mlp8-gcc13-scalar,branch,branch_misses,370081,250030687,250030687
1,mlp8-gcc13-scalar-r16-mlp8_cycle-scalar-warm-branch-536870912,mlp8-gcc13-scalar,branch,cycles,690658804,314700182,314700182
1,mlp8-gcc13-scalar-r16-mlp8_cycle-scalar-warm-branch-536870912,mlp8-gcc13-scalar,branch,branches,3145962,314699226,314699226
1,mlp8-gcc13-scalar-r16-mlp8_cycle-scalar-warm-branch-536870912,mlp8-gcc13-scalar,branch,branch_misses,42,314694998,314694998
1,mlp8-gcc13-scalar-r16-mlp8_cycle-scalar-cache_evicted-branch-32768,mlp8-gcc13-scalar,branch,cycles,548730537,250033197,250033197
1,mlp8-gcc13-scalar-r16-mlp8_cycle-scalar-cache_evicted-branch-32768,mlp8-gcc13-scalar,branch,branches,52568642,250029769,250029769
1,mlp8-gcc13-scalar-r16-mlp8_cycle-scalar-cache_evicted-branch-32768,mlp8-gcc13-scalar,branch,branch_misses,536580,250025948,250025948
1,mlp8-gcc13-scalar-r16-mlp8_cycle-scalar-warm-branch-5242880,mlp8-gcc13-scalar,branch,cycles,549220100,250258727,250258727
1,mlp8-gcc13-scalar-r16-mlp8_cycle-scalar-warm-branch-5242880,mlp8-gcc13-scalar,branch,branches,11209071,250259063,250259063
1,mlp8-gcc13-scalar-r16-mlp8_cycle-scalar-warm-branch-5242880,mlp8-gcc13-scalar,branch,branch_misses,1142,250255338,250255338
1,mlp8-gcc13-scalar-r16-mlp8_cycle-scalar-warm-basic-7340032,mlp8-gcc13-scalar,basic,cycles,548857359,250093993,250093993
1,mlp8-gcc13-scalar-r16-mlp8_cycle-scalar-warm-basic-7340032,mlp8-gcc13-scalar,basic,instructions,505928069,250092601,250092601
1,mlp8-gcc13-scalar-r16-mlp8_cycle-scalar-warm-basic-7340032,mlp8-gcc13-scalar,basic,ref_cycles,548861324,250089023,250089023
1,mlp8-gcc13-scalar-r16-mlp8_cycle-scalar-cache_evicted-branch-8388608,mlp8-gcc13-scalar,branch,cycles,549066519,250190698,250190698
1,mlp8-gcc13-scalar-r16-mlp8_cycle-scalar-cache_evicted-branch-8388608,mlp8-gcc13-scalar,branch,branches,10294218,250190795,250190795
1,mlp8-gcc13-scalar-r16-mlp8_cycle-scalar-cache_evicted-branch-8388608,mlp8-gcc13-scalar,branch,branch_misses,676,250187048,250187048
1,mlp8-gcc13-scalar-r16-mlp8_cycle-scalar-cache_evicted-basic-1048576,mlp8-gcc13-scalar,basic,cycles,548754334,250044207,250044207
1,mlp8-gcc13-scalar-r16-mlp8_cycle-scalar-cache_evicted-basic-1048576,mlp8-gcc13-scalar,basic,instructions,1226692848,250042666,250042666
1,mlp8-gcc13-scalar-r16-mlp8_cycle-scalar-cache_evicted-basic-1048576,mlp8-gcc13-scalar,basic,ref_cycles,548756692,250039464,250039464
1,mlp8-gcc13-scalar-r16-mlp8_cycle-scalar-warm-basic-6291456,mlp8-gcc13-scalar,basic,cycles,548809271,250068709,250068709
1,mlp8-gcc13-scalar-r16-mlp8_cycle-scalar-warm-basic-6291456,mlp8-gcc13-scalar,basic,instructions,530046629,250066870,250066870
1,mlp8-gcc13-scalar-r16-mlp8_cycle-scalar-warm-basic-6291456,mlp8-gcc13-scalar,basic,ref_cycles,548812506,250063176,250063176
1,mlp8-gcc13-scalar-r16-mlp8_cycle-scalar-cache_evicted-branch-6291456,mlp8-gcc13-scalar,branch,cycles,549174452,250235924,250235924
1,mlp8-gcc13-scalar-r16-mlp8_cycle-scalar-cache_evicted-branch-6291456,mlp8-gcc13-scalar,branch,branches,10831173,250234369,250234369
1,mlp8-gcc13-scalar-r16-mlp8_cycle-scalar-cache_evicted-branch-6291456,mlp8-gcc13-scalar,branch,branch_misses,922,250230360,250230360
1,mlp8-gcc13-scalar-r16-mlp8_cycle-scalar-warm-basic-98304,mlp8-gcc13-scalar,basic,cycles,548732568,250032688,250032688
1,mlp8-gcc13-scalar-r16-mlp8_cycle-scalar-warm-basic-98304,mlp8-gcc13-scalar,basic,instructions,1858422404,250031506,250031506
1,mlp8-gcc13-scalar-r16-mlp8_cycle-scalar-warm-basic-98304,mlp8-gcc13-scalar,basic,ref_cycles,548734582,250028407,250028407
1,mlp8-gcc13-scalar-r16-mlp8_cycle-scalar-warm-branch-65536,mlp8-gcc13-scalar,branch,cycles,548730842,250032684,250032684
1,mlp8-gcc13-scalar-r16-mlp8_cycle-scalar-warm-branch-65536,mlp8-gcc13-scalar,branch,branches,46253468,250030278,250030278
1,mlp8-gcc13-scalar-r16-mlp8_cycle-scalar-warm-branch-65536,mlp8-gcc13-scalar,branch,branch_misses,285615,250026390,250026390
1,mlp8-gcc13-scalar-r16-mlp8_cycle-scalar-warm-branch-393216,mlp8-gcc13-scalar,branch,cycles,548739339,250037021,250037021
1,mlp8-gcc13-scalar-r16-mlp8_cycle-scalar-warm-branch-393216,mlp8-gcc13-scalar,branch,branches,30915668,250035218,250035218
1,mlp8-gcc13-scalar-r16-mlp8_cycle-scalar-warm-branch-393216,mlp8-gcc13-scalar,branch,branch_misses,38614,250031756,250031756
1,mlp8-gcc13-scalar-r16-mlp8_cycle-scalar-cache_evicted-basic-8388608,mlp8-gcc13-scalar,basic,cycles,549573697,250419517,250419517
1,mlp8-gcc13-scalar-r16-mlp8_cycle-scalar-cache_evicted-basic-8388608,mlp8-gcc13-scalar,basic,instructions,489045290,250418167,250418167
1,mlp8-gcc13-scalar-r16-mlp8_cycle-scalar-cache_evicted-basic-8388608,mlp8-gcc13-scalar,basic,ref_cycles,549577424,250414786,250414786
1,mlp8-gcc13-scalar-r16-mlp8_cycle-scalar-warm-branch-196608,mlp8-gcc13-scalar,branch,cycles,548736488,250036544,250036544
1,mlp8-gcc13-scalar-r16-mlp8_cycle-scalar-warm-branch-196608,mlp8-gcc13-scalar,branch,branches,40262838,250034521,250034521
1,mlp8-gcc13-scalar-r16-mlp8_cycle-scalar-warm-branch-196608,mlp8-gcc13-scalar,branch,branch_misses,96399,250031610,250031610
1,mlp8-gcc13-scalar-r16-mlp8_cycle-scalar-warm-basic-49152,mlp8-gcc13-scalar,basic,cycles,548730706,250032304,250032304
1,mlp8-gcc13-scalar-r16-mlp8_cycle-scalar-warm-basic-49152,mlp8-gcc13-scalar,basic,instructions,1815859964,250028419,250028419
1,mlp8-gcc13-scalar-r16-mlp8_cycle-scalar-warm-basic-49152,mlp8-gcc13-scalar,basic,ref_cycles,548731942,250024758,250024758
1,mlp8-gcc13-scalar-r16-mlp8_cycle-scalar-warm-basic-4194304,mlp8-gcc13-scalar,basic,cycles,548857143,250090940,250090940
1,mlp8-gcc13-scalar-r16-mlp8_cycle-scalar-warm-basic-4194304,mlp8-gcc13-scalar,basic,instructions,592793225,250087922,250087922
1,mlp8-gcc13-scalar-r16-mlp8_cycle-scalar-warm-basic-4194304,mlp8-gcc13-scalar,basic,ref_cycles,548858706,250084468,250084468
1,mlp8-gcc13-scalar-r16-mlp8_cycle-scalar-cache_evicted-branch-33554432,mlp8-gcc13-scalar,branch,cycles,549467756,250373897,250373897
1,mlp8-gcc13-scalar-r16-mlp8_cycle-scalar-cache_evicted-branch-33554432,mlp8-gcc13-scalar,branch,branches,5901432,250373895,250373895
1,mlp8-gcc13-scalar-r16-mlp8_cycle-scalar-cache_evicted-branch-33554432,mlp8-gcc13-scalar,branch,branch_misses,145,250370085,250370085
1,mlp8-gcc13-scalar-r16-mlp8_cycle-scalar-cache_evicted-basic-536870912,mlp8-gcc13-scalar,basic,cycles,697355795,317752181,317752181
1,mlp8-gcc13-scalar-r16-mlp8_cycle-scalar-cache_evicted-basic-536870912,mlp8-gcc13-scalar,basic,instructions,154141940,317750113,317750113
1,mlp8-gcc13-scalar-r16-mlp8_cycle-scalar-cache_evicted-basic-536870912,mlp8-gcc13-scalar,basic,ref_cycles,697358838,317746925,317746925
1,mlp8-gcc13-scalar-r16-mlp8_cycle-scalar-warm-branch-36864,mlp8-gcc13-scalar,branch,cycles,548732333,250034765,250034765
1,mlp8-gcc13-scalar-r16-mlp8_cycle-scalar-warm-branch-36864,mlp8-gcc13-scalar,branch,branches,51350604,250033151,250033151
1,mlp8-gcc13-scalar-r16-mlp8_cycle-scalar-warm-branch-36864,mlp8-gcc13-scalar,branch,branch_misses,484582,250029379,250029379
1,mlp8-gcc13-scalar-r16-mlp8_cycle-scalar-warm-basic-2097152,mlp8-gcc13-scalar,basic,cycles,548767770,250050781,250050781
1,mlp8-gcc13-scalar-r16-mlp8_cycle-scalar-warm-basic-2097152,mlp8-gcc13-scalar,basic,instructions,786992525,250048830,250048830
1,mlp8-gcc13-scalar-r16-mlp8_cycle-scalar-warm-basic-2097152,mlp8-gcc13-scalar,basic,ref_cycles,548769474,250045469,250045469
1,mlp8-gcc13-scalar-r16-mlp8_cycle-scalar-cache_evicted-basic-6291456,mlp8-gcc13-scalar,basic,cycles,549116074,250209209,250209209
1,mlp8-gcc13-scalar-r16-mlp8_cycle-scalar-cache_evicted-basic-6291456,mlp8-gcc13-scalar,basic,instructions,524625728,250207440,250207440
1,mlp8-gcc13-scalar-r16-mlp8_cycle-scalar-cache_evicted-basic-6291456,mlp8-gcc13-scalar,basic,ref_cycles,549118790,250204020,250204020
1,mlp8-gcc13-scalar-r16-mlp8_cycle-scalar-warm-basic-28672,mlp8-gcc13-scalar,basic,cycles,548731052,250031376,250031376
1,mlp8-gcc13-scalar-r16-mlp8_cycle-scalar-warm-basic-28672,mlp8-gcc13-scalar,basic,instructions,1786130374,250028268,250028268
1,mlp8-gcc13-scalar-r16-mlp8_cycle-scalar-warm-basic-28672,mlp8-gcc13-scalar,basic,ref_cycles,548732360,250024729,250024729
1,mlp8-gcc13-scalar-r16-mlp8_cycle-scalar-cache_evicted-basic-262144,mlp8-gcc13-scalar,basic,cycles,548737022,250038798,250038798
1,mlp8-gcc13-scalar-r16-mlp8_cycle-scalar-cache_evicted-basic-262144,mlp8-gcc13-scalar,basic,instructions,1745364875,250036274,250036274
1,mlp8-gcc13-scalar-r16-mlp8_cycle-scalar-cache_evicted-basic-262144,mlp8-gcc13-scalar,basic,ref_cycles,548738740,250032955,250032955
1,mlp8-gcc13-scalar-r16-mlp8_cycle-scalar-warm-branch-8192,mlp8-gcc13-scalar,branch,cycles,548731274,250033018,250033018
1,mlp8-gcc13-scalar-r16-mlp8_cycle-scalar-warm-branch-8192,mlp8-gcc13-scalar,branch,branches,84099546,250032036,250032036
1,mlp8-gcc13-scalar-r16-mlp8_cycle-scalar-warm-branch-8192,mlp8-gcc13-scalar,branch,branch_misses,461,250028508,250028508
1,mlp8-gcc13-scalar-r16-mlp8_cycle-scalar-warm-basic-8192,mlp8-gcc13-scalar,basic,cycles,548732187,250033498,250033498
1,mlp8-gcc13-scalar-r16-mlp8_cycle-scalar-warm-basic-8192,mlp8-gcc13-scalar,basic,instructions,1652588839,250032236,250032236
1,mlp8-gcc13-scalar-r16-mlp8_cycle-scalar-warm-basic-8192,mlp8-gcc13-scalar,basic,ref_cycles,548734560,250029249,250029249
1,mlp8-gcc13-scalar-r16-mlp8_cycle-scalar-warm-branch-16384,mlp8-gcc13-scalar,branch,cycles,548730831,250033713,250033713
1,mlp8-gcc13-scalar-r16-mlp8_cycle-scalar-warm-branch-16384,mlp8-gcc13-scalar,branch,branches,64862302,250031133,250031133
1,mlp8-gcc13-scalar-r16-mlp8_cycle-scalar-warm-branch-16384,mlp8-gcc13-scalar,branch,branch_misses,298154,250027331,250027331
1,mlp8-gcc13-scalar-r16-mlp8_cycle-scalar-warm-branch-8388608,mlp8-gcc13-scalar,branch,cycles,549497145,250383993,250383993
1,mlp8-gcc13-scalar-r16-mlp8_cycle-scalar-warm-branch-8388608,mlp8-gcc13-scalar,branch,branches,10015112,250381211,250381211
1,mlp8-gcc13-scalar-r16-mlp8_cycle-scalar-warm-branch-8388608,mlp8-gcc13-scalar,branch,branch_misses,644,250377291,250377291
1,mlp8-gcc13-scalar-r17-mlp8_cycle-scalar-warm-basic-294912,mlp8-gcc13-scalar,basic,cycles,548731471,250033435,250033435
1,mlp8-gcc13-scalar-r17-mlp8_cycle-scalar-warm-basic-294912,mlp8-gcc13-scalar,basic,instructions,1670845063,250031505,250031505
1,mlp8-gcc13-scalar-r17-mlp8_cycle-scalar-warm-basic-294912,mlp8-gcc13-scalar,basic,ref_cycles,548733724,250028195,250028195
1,mlp8-gcc13-scalar-r17-mlp8_cycle-scalar-warm-branch-196608,mlp8-gcc13-scalar,branch,cycles,548732495,250034821,250034821
1,mlp8-gcc13-scalar-r17-mlp8_cycle-scalar-warm-branch-196608,mlp8-gcc13-scalar,branch,branches,40715569,250033641,250033641
1,mlp8-gcc13-scalar-r17-mlp8_cycle-scalar-warm-branch-196608,mlp8-gcc13-scalar,branch,branch_misses,97481,250030021,250030021
1,mlp8-gcc13-scalar-r17-mlp8_cycle-scalar-warm-branch-8192,mlp8-gcc13-scalar,branch,cycles,548730289,250032257,250032257
1,mlp8-gcc13-scalar-r17-mlp8_cycle-scalar-warm-branch-8192,mlp8-gcc13-scalar,branch,branches,84074665,250028280,250028280
1,mlp8-gcc13-scalar-r17-mlp8_cycle-scalar-warm-branch-8192,mlp8-gcc13-scalar,branch,branch_misses,450,250024847,250024847
1,mlp8-gcc13-scalar-r17-mlp8_cycle-scalar-cache_evicted-basic-1048576,mlp8-gcc13-scalar,basic,cycles,548731472,250032991,250032991
1,mlp8-gcc13-scalar-r17-mlp8_cycle-scalar-cache_evicted-basic-1048576,mlp8-gcc13-scalar,basic,instructions,1229810021,250031237,250031237
1,mlp8-gcc13-scalar-r17-mlp8_cycle-scalar-cache_evicted-basic-1048576,mlp8-gcc13-scalar,basic,ref_cycles,548733262,250027516,250027516
1,mlp8-gcc13-scalar-r17-mlp8_cycle-scalar-warm-basic-65536,mlp8-gcc13-scalar,basic,cycles,548732325,250032722,250032722
1,mlp8-gcc13-scalar-r17-mlp8_cycle-scalar-warm-basic-65536,mlp8-gcc13-scalar,basic,instructions,1848589283,250030404,250030404
1,mlp8-gcc13-scalar-r17-mlp8_cycle-scalar-warm-basic-65536,mlp8-gcc13-scalar,basic,ref_cycles,548734252,250027185,250027185
1,mlp8-gcc13-scalar-r17-mlp8_cycle-scalar-warm-basic-393216,mlp8-gcc13-scalar,basic,cycles,548740213,250036715,250036715
1,mlp8-gcc13-scalar-r17-mlp8_cycle-scalar-warm-basic-393216,mlp8-gcc13-scalar,basic,instructions,1439890481,250035268,250035268
1,mlp8-gcc13-scalar-r17-mlp8_cycle-scalar-warm-basic-393216,mlp8-gcc13-scalar,basic,ref_cycles,548742634,250032394,250032394
1,mlp8-gcc13-scalar-r17-mlp8_cycle-scalar-warm-basic-49152,mlp8-gcc13-scalar,basic,cycles,548732875,250034146,250034146
1,mlp8-gcc13-scalar-r17-mlp8_cycle-scalar-warm-basic-49152,mlp8-gcc13-scalar,basic,instructions,1820373312,250032526,250032526
1,mlp8-gcc13-scalar-r17-mlp8_cycle-scalar-warm-basic-49152,mlp8-gcc13-scalar,basic,ref_cycles,548735374,250029440,250029440
1,mlp8-gcc13-scalar-r17-mlp8_cycle-scalar-warm-branch-28672,mlp8-gcc13-scalar,branch,cycles,548732142,250035005,250035005
1,mlp8-gcc13-scalar-r17-mlp8_cycle-scalar-warm-branch-28672,mlp8-gcc13-scalar,branch,branches,54315723,250033015,250033015
1,mlp8-gcc13-scalar-r17-mlp8_cycle-scalar-warm-branch-28672,mlp8-gcc13-scalar,branch,branch_misses,603681,250029454,250029454
1,mlp8-gcc13-scalar-r17-mlp8_cycle-scalar-warm-basic-8388608,mlp8-gcc13-scalar,basic,cycles,548875277,250101319,250101319
1,mlp8-gcc13-scalar-r17-mlp8_cycle-scalar-warm-basic-8388608,mlp8-gcc13-scalar,basic,instructions,489848319,250099348,250099348
1,mlp8-gcc13-scalar-r17-mlp8_cycle-scalar-warm-basic-8388608,mlp8-gcc13-scalar,basic,ref_cycles,548878286,250095751,250095751
1,mlp8-gcc13-scalar-r17-mlp8_cycle-scalar-warm-branch-134217728,mlp8-gcc13-scalar,branch,cycles,592955937,270187942,270187942
1,mlp8-gcc13-scalar-r17-mlp8_cycle-scalar-warm-branch-134217728,mlp8-gcc13-scalar,branch,branches,3146268,270187192,270187192
1,mlp8-gcc13-scalar-r17-mlp8_cycle-scalar-warm-branch-134217728,mlp8-gcc13-scalar,branch,branch_misses,88,270183043,270183043
1,mlp8-gcc13-scalar-r17-mlp8_cycle-scalar-warm-branch-536870912,mlp8-gcc13-scalar,branch,cycles,691410759,315043749,315043749
1,mlp8-gcc13-scalar-r17-mlp8_cycle-scalar-warm-branch-536870912,mlp8-gcc13-scalar,branch,branches,3145962,315042681,315042681
1,mlp8-gcc13-scalar-r17-mlp8_cycle-scalar-warm-branch-536870912,mlp8-gcc13-scalar,branch,branch_misses,44,315039053,315039053
1,mlp8-gcc13-scalar-r17-mlp8_cycle-scalar-warm-basic-196608,mlp8-gcc13-scalar,basic,cycles,548732810,250033318,250033318
1,mlp8-gcc13-scalar-r17-mlp8_cycle-scalar-warm-basic-196608,mlp8-gcc13-scalar,basic,instructions,1841934732,250030397,250030397
1,mlp8-gcc13-scalar-r17-mlp8_cycle-scalar-warm-basic-196608,mlp8-gcc13-scalar,basic,ref_cycles,548734164,250026843,250026843
1,mlp8-gcc13-scalar-r17-mlp8_cycle-scalar-cache_evicted-branch-33554432,mlp8-gcc13-scalar,branch,cycles,551302390,251210516,251210516
1,mlp8-gcc13-scalar-r17-mlp8_cycle-scalar-cache_evicted-branch-33554432,mlp8-gcc13-scalar,branch,branches,6753842,251209919,251209919
1,mlp8-gcc13-scalar-r17-mlp8_cycle-scalar-cache_evicted-branch-33554432,mlp8-gcc13-scalar,branch,branch_misses,147,251205916,251205916
1,mlp8-gcc13-scalar-r17-mlp8_cycle-scalar-warm-branch-49152,mlp8-gcc13-scalar,branch,cycles,548731802,250034453,250034453
1,mlp8-gcc13-scalar-r17-mlp8_cycle-scalar-warm-branch-49152,mlp8-gcc13-scalar,branch,branches,48332937,250032505,250032505
1,mlp8-gcc13-scalar-r17-mlp8_cycle-scalar-warm-branch-49152,mlp8-gcc13-scalar,branch,branch_misses,371907,250028969,250028969
1,mlp8-gcc13-scalar-r17-mlp8_cycle-scalar-cache_evicted-branch-536870912,mlp8-gcc13-scalar,branch,cycles,694294419,316357576,316357576
1,mlp8-gcc13-scalar-r17-mlp8_cycle-scalar-cache_evicted-branch-536870912,mlp8-gcc13-scalar,branch,branches,3145962,316356928,316356928
1,mlp8-gcc13-scalar-r17-mlp8_cycle-scalar-cache_evicted-branch-536870912,mlp8-gcc13-scalar,branch,branch_misses,44,316353857,316353857
1,mlp8-gcc13-scalar-r17-mlp8_cycle-scalar-warm-branch-131072,mlp8-gcc13-scalar,branch,cycles,548734096,250034944,250034944
1,mlp8-gcc13-scalar-r17-mlp8_cycle-scalar-warm-branch-131072,mlp8-gcc13-scalar,branch,branches,42365203,250032360,250032360
1,mlp8-gcc13-scalar-r17-mlp8_cycle-scalar-warm-branch-131072,mlp8-gcc13-scalar,branch,branch_misses,146171,250028304,250028304
1,mlp8-gcc13-scalar-r17-mlp8_cycle-scalar-warm-branch-4194304,mlp8-gcc13-scalar,branch,cycles,549080775,250193886,250193886
1,mlp8-gcc13-scalar-r17-mlp8_cycle-scalar-warm-branch-4194304,mlp8-gcc13-scalar,branch,branches,12215742,250192831,250192831
1,mlp8-gcc13-scalar-r17-mlp8_cycle-scalar-warm-branch-4194304,mlp8-gcc13-scalar,branch,branch_misses,1523,250189212,250189212
1,mlp8-gcc13-scalar-r17-mlp8_cycle-scalar-warm-branch-1048576,mlp8-gcc13-scalar,branch,cycles,548732965,250034110,250034110
1,mlp8-gcc13-scalar-r17-mlp8_cycle-scalar-warm-branch-1048576,mlp8-gcc13-scalar,branch,branches,25877376,250030965,250030965
1,mlp8-gcc13-scalar-r17-mlp8_cycle-scalar-warm-branch-1048576,mlp8-gcc13-scalar,branch,branch_misses,12492,250027161,250027161
1,mlp8-gcc13-scalar-r17-mlp8_cycle-scalar-warm-basic-134217728,mlp8-gcc13-scalar,basic,cycles,596300627,271708833,271708833
1,mlp8-gcc13-scalar-r17-mlp8_cycle-scalar-warm-basic-134217728,mlp8-gcc13-scalar,basic,instructions,154143857,271708997,271708997
1,mlp8-gcc13-scalar-r17-mlp8_cycle-scalar-warm-basic-134217728,mlp8-gcc13-scalar,basic,ref_cycles,596305600,271705929,271705929
1,mlp8-gcc13-scalar-r17-mlp8_cycle-scalar-cache_evicted-branch-32768,mlp8-gcc13-scalar,branch,cycles,548731996,250035321,250035321
1,mlp8-gcc13-scalar-r17-mlp8_cycle-scalar-cache_evicted-branch-32768,mlp8-gcc13-scalar,branch,branches,52455868,250034107,250034107
1,mlp8-gcc13-scalar-r17-mlp8_cycle-scalar-cache_evicted-branch-32768,mlp8-gcc13-scalar,branch,branch_misses,535445,250030277,250030277
1,mlp8-gcc13-scalar-r17-mlp8_cycle-scalar-cache_evicted-branch-6291456,mlp8-gcc13-scalar,branch,cycles,549108816,250210378,250210378
1,mlp8-gcc13-scalar-r17-mlp8_cycle-scalar-cache_evicted-branch-6291456,mlp8-gcc13-scalar,branch,branches,10806530,250209598,250209598
1,mlp8-gcc13-scalar-r17-mlp8_cycle-scalar-cache_evicted-branch-6291456,mlp8-gcc13-scalar,branch,branch_misses,935,250206070,250206070
1,mlp8-gcc13-scalar-r17-mlp8_cycle-scalar-warm-basic-8192,mlp8-gcc13-scalar,basic,cycles,548730246,250031111,250031111
1,mlp8-gcc13-scalar-r17-mlp8_cycle-scalar-warm-basic-8192,mlp8-gcc13-scalar,basic,instructions,1677789808,250027924,250027924
1,mlp8-gcc13-scalar-r17-mlp8_cycle-scalar-warm-basic-8192,mlp8-gcc13-scalar,basic,ref_cycles,548731348,250024547,250024547
1,mlp8-gcc13-scalar-r17-mlp8_cycle-scalar-warm-basic-98304,mlp8-gcc13-scalar,basic,cycles,548731587,250031399,250031399
1,mlp8-gcc13-scalar-r17-mlp8_cycle-scalar-warm-basic-98304,mlp8-gcc13-scalar,basic,instructions,1868379941,250029368,250029368
1,mlp8-gcc13-scalar-r17-mlp8_cycle-scalar-warm-basic-98304,mlp8-gcc13-scalar,basic,ref_cycles,548732778,250025835,250025835
1,mlp8-gcc13-scalar-r17-mlp8_cycle-scalar-warm-branch-32768,mlp8-gcc13-scalar,branch,cycles,548730229,250032820,250032820
1,mlp8-gcc13-scalar-r17-mlp8_cycle-scalar-warm-branch-32768,mlp8-gcc13-scalar,branch,branches,52614797,250030159,250030159
1,mlp8-gcc13-scalar-r17-mlp8_cycle-scalar-warm-branch-32768,mlp8-gcc13-scalar,branch,branch_misses,537043,250026182,250026182
1,mlp8-gcc13-scalar-r17-mlp8_cycle-scalar-warm-branch-24576,mlp8-gcc13-scalar,branch,cycles,548731215,250032509,250032509
1,mlp8-gcc13-scalar-r17-mlp8_cycle-scalar-warm-branch-24576,mlp8-gcc13-scalar,branch,branches,56597482,250031044,250031044
1,mlp8-gcc13-scalar-r17-mlp8_cycle-scalar-warm-branch-24576,mlp8-gcc13-scalar,branch,branch_misses,690381,250027420,250027420
1,mlp8-gcc13-scalar-r17-mlp8_cycle-scalar-warm-branch-98304,mlp8-gcc13-scalar,branch,cycles,548732675,250034254,250034254
1,mlp8-gcc13-scalar-r17-mlp8_cycle-scalar-warm-branch-98304,mlp8-gcc13-scalar,branch,branches,43871168,250032768,250032768
1,mlp8-gcc13-scalar-r17-mlp8_cycle-scalar-warm-branch-98304,mlp8-gcc13-scalar,branch,branch_misses,194209,250029374,250029374
1,mlp8-gcc13-scalar-r17-mlp8_cycle-scalar-cache_evicted-branch-1048576,mlp8-gcc13-scalar,branch,cycles,548744478,250039128,250039128
1,mlp8-gcc13-scalar-r17-mlp8_cycle-scalar-cache_evicted-branch-1048576,mlp8-gcc13-scalar,branch,branches,24471966,250036126,250036126
1,mlp8-gcc13-scalar-r17-mlp8_cycle-scalar-cache_evicted-branch-1048576,mlp8-gcc13-scalar,branch,branch_misses,11811,250032565,250032565
1,mlp8-gcc13-scalar-r17-mlp8_cycle-scalar-warm-basic-2097152,mlp8-gcc13-scalar,basic,cycles,548855860,250089164,250089164
1,mlp8-gcc13-scalar-r17-mlp8_cycle-scalar-warm-basic-2097152,mlp8-gcc13-scalar,basic,instructions,788399070,250086890,250086890
1,mlp8-gcc13-scalar-r17-mlp8_cycle-scalar-warm-basic-2097152,mlp8-gcc13-scalar,basic,ref_cycles,548858178,250083479,250083479
1,mlp8-gcc13-scalar-r17-mlp8_cycle-scalar-warm-branch-33554432,mlp8-gcc13-scalar,branch,cycles,549672720,250466929,250466929
1,mlp8-gcc13-scalar-r17-mlp8_cycle-scalar-warm-branch-33554432,mlp8-gcc13-scalar,branch,branches,3999902,250466215,250466215
1,mlp8-gcc13-scalar-r17-mlp8_cycle-scalar-warm-branch-33554432,mlp8-gcc13-scalar,branch,branch_misses,141,250462188,250462188
1,mlp8-gcc13-scalar-r17-mlp8_cycle-scalar-cache_evicted-basic-33554432,mlp8-gcc13-scalar,basic,cycles,551882187,251472092,251472092
1,mlp8-gcc13-scalar-r17-mlp8_cycle-scalar-cache_evicted-basic-33554432,mlp8-gcc13-scalar,basic,instructions,343628668,251472352,251472352
1,mlp8-gcc13-scalar-r17-mlp8_cycle-scalar-cache_evicted-basic-33554432,mlp8-gcc13-scalar,basic,ref_cycles,551886984,251469038,251469038
1,mlp8-gcc13-scalar-r17-mlp8_cycle-scalar-warm-basic-12582912,mlp8-gcc13-scalar,basic,cycles,549597321,250430698,250430698
1,mlp8-gcc13-scalar-r17-mlp8_cycle-scalar-warm-basic-12582912,mlp8-gcc13-scalar,basic,instructions,454073405,250428777,250428777
1,mlp8-gcc13-scalar-r17-mlp8_cycle-scalar-warm-basic-12582912,mlp8-gcc13-scalar,basic,ref_cycles,549600018,250425217,250425217
1,mlp8-gcc13-scalar-r17-mlp8_cycle-scalar-warm-basic-5242880,mlp8-gcc13-scalar,basic,cycles,548953178,250136162,250136162
1,mlp8-gcc13-scalar-r17-mlp8_cycle-scalar-warm-basic-5242880,mlp8-gcc13-scalar,basic,instructions,547653208,250134748,250134748
1,mlp8-gcc13-scalar-r17-mlp8_cycle-scalar-warm-basic-5242880,mlp8-gcc13-scalar,basic,ref_cycles,548956540,250131432,250131432
1,mlp8-gcc13-scalar-r17-mlp8_cycle-scalar-warm-branch-12582912,mlp8-gcc13-scalar,branch,cycles,549261998,250279213,250279213
1,mlp8-gcc13-scalar-r17-mlp8_cycle-scalar-warm-branch-12582912,mlp8-gcc13-scalar,branch,branches,9351932,250278567,250278567
1,mlp8-gcc13-scalar-r17-mlp8_cycle-scalar-warm-branch-12582912,mlp8-gcc13-scalar,branch,branch_misses,422,250274422,250274422
1,mlp8-gcc13-scalar-r17-mlp8_cycle-scalar-warm-basic-1048576,mlp8-gcc13-scalar,basic,cycles,548752807,250042724,250042724
1,mlp8-gcc13-scalar-r17-mlp8_cycle-scalar-warm-basic-1048576,mlp8-gcc13-scalar,basic,instructions,1216032623,250040955,250040955
1,mlp8-gcc13-scalar-r17-mlp8_cycle-scalar-warm-basic-1048576,mlp8-gcc13-scalar,basic,ref_cycles,548754888,250037625,250037625
1,mlp8-gcc13-scalar-r17-mlp8_cycle-scalar-warm-basic-32768,mlp8-gcc13-scalar,basic,cycles,548731535,250031372,250031372
1,mlp8-gcc13-scalar-r17-mlp8_cycle-scalar-warm-basic-32768,mlp8-gcc13-scalar,basic,instructions,1798729400,250027299,250027299
1,mlp8-gcc13-scalar-r17-mlp8_cycle-scalar-warm-basic-32768,mlp8-gcc13-scalar,basic,ref_cycles,548732250,250023646,250023646
1,mlp8-gcc13-scalar-r17-mlp8_cycle-scalar-warm-basic-28672,mlp8-gcc13-scalar,basic,cycles,548732006,250031797,250031797
1,mlp8-gcc13-scalar-r17-mlp8_cycle-scalar-warm-basic-28672,mlp8-gcc13-scalar,basic,instructions,1764693033,250030188,250030188
1,mlp8-gcc13-scalar-r17-mlp8_cycle-scalar-warm-basic-28672,mlp8-gcc13-scalar,basic,ref_cycles,548734274,250026887,250026887
1,mlp8-gcc13-scalar-r17-mlp8_cycle-scalar-cache_evicted-basic-536870912,mlp8-gcc13-scalar,basic,cycles,688970133,313931087,313931087
1,mlp8-gcc13-scalar-r17-mlp8_cycle-scalar-cache_evicted-basic-536870912,mlp8-gcc13-scalar,basic,instructions,154141940,313929714,313929714
1,mlp8-gcc13-scalar-r17-mlp8_cycle-scalar-cache_evicted-basic-536870912,mlp8-gcc13-scalar,basic,ref_cycles,688974044,313926628,313926628
1,mlp8-gcc13-scalar-r17-mlp8_cycle-scalar-warm-basic-131072,mlp8-gcc13-scalar,basic,cycles,548733648,250034651,250034651
1,mlp8-gcc13-scalar-r17-mlp8_cycle-scalar-warm-basic-131072,mlp8-gcc13-scalar,basic,instructions,1863446150,250032449,250032449
1,mlp8-gcc13-scalar-r17-mlp8_cycle-scalar-warm-basic-131072,mlp8-gcc13-scalar,basic,ref_cycles,548735462,250029240,250029240
1,mlp8-gcc13-scalar-r17-mlp8_cycle-scalar-warm-basic-4194304,mlp8-gcc13-scalar,basic,cycles,549071454,250188421,250188421
1,mlp8-gcc13-scalar-r17-mlp8_cycle-scalar-warm-basic-4194304,mlp8-gcc13-scalar,basic,instructions,600424024,250186650,250186650
1,mlp8-gcc13-scalar-r17-mlp8_cycle-scalar-warm-basic-4194304,mlp8-gcc13-scalar,basic,ref_cycles,549074526,250183187,250183187
1,mlp8-gcc13-scalar-r17-mlp8_cycle-scalar-warm-basic-16384,mlp8-gcc13-scalar,basic,cycles,548731789,250032759,250032759
1,mlp8-gcc13-scalar-r17-mlp8_cycle-scalar-warm-basic-16384,mlp8-gcc13-scalar,basic,instructions,1732055231,250031574,250031574
1,mlp8-gcc13-scalar-r17-mlp8_cycle-scalar-warm-basic-16384,mlp8-gcc13-scalar,basic,ref_cycles,548734186,250028462,250028462
1,mlp8-gcc13-scalar-r17-mlp8_cycle-scalar-warm-basic-262144,mlp8-gcc13-scalar,basic,cycles,548734272,250034893,250034893
1,mlp8-gcc13-scalar-r17-mlp8_cycle-scalar-warm-basic-262144,mlp8-gcc13-scalar,basic,instructions,1730943388,250032925,250032925
1,mlp8-gcc13-scalar-r17-mlp8_cycle-scalar-warm-basic-262144,mlp8-gcc13-scalar,basic,ref_cycles,548736518,250030088,250030088
1,mlp8-gcc13-scalar-r17-mlp8_cycle-scalar-warm-basic-36864,mlp8-gcc13-scalar,basic,cycles,548731131,250031516,250031516
1,mlp8-gcc13-scalar-r17-mlp8_cycle-scalar-warm-basic-36864,mlp8-gcc13-scalar,basic,instructions,1804596843,250028358,250028358
1,mlp8-gcc13-scalar-r17-mlp8_cycle-scalar-warm-basic-36864,mlp8-gcc13-scalar,basic,ref_cycles,548732030,250024971,250024971
1,mlp8-gcc13-scalar-r17-mlp8_cycle-scalar-warm-basic-33554432,mlp8-gcc13-scalar,basic,cycles,548907282,250116402,250116402
1,mlp8-gcc13-scalar-r17-mlp8_cycle-scalar-warm-basic-33554432,mlp8-gcc13-scalar,basic,instructions,321148329,250116450,250116450
1,mlp8-gcc13-scalar-r17-mlp8_cycle-scalar-warm-basic-33554432,mlp8-gcc13-scalar,basic,ref_cycles,548912144,250113289,250113289
1,mlp8-gcc13-scalar-r17-mlp8_cycle-scalar-warm-branch-5242880,mlp8-gcc13-scalar,branch,cycles,548806966,250071846,250071846
1,mlp8-gcc13-scalar-r17-mlp8_cycle-scalar-warm-branch-5242880,mlp8-gcc13-scalar,branch,branches,11147422,250070522,250070522
1,mlp8-gcc13-scalar-r17-mlp8_cycle-scalar-warm-branch-5242880,mlp8-gcc13-scalar,branch,branch_misses,1132,250066846,250066846
1,mlp8-gcc13-scalar-r17-mlp8_cycle-scalar-warm-branch-2097152,mlp8-gcc13-scalar,branch,cycles,548829140,250079426,250079426
1,mlp8-gcc13-scalar-r17-mlp8_cycle-scalar-warm-branch-2097152,mlp8-gcc13-scalar,branch,branches,16214512,250078243,250078243
1,mlp8-gcc13-scalar-r17-mlp8_cycle-scalar-warm-branch-2097152,mlp8-gcc13-scalar,branch,branch_misses,3971,250074838,250074838
1,mlp8-gcc13-scalar-r17-mlp8_cycle-scalar-warm-basic-7340032,mlp8-gcc13-scalar,basic,cycles,548834222,250081677,250081677
1,mlp8-gcc13-scalar-r17-mlp8_cycle-scalar-warm-basic-7340032,mlp8-gcc13-scalar,basic,instructions,510846832,250079522,250079522
1,mlp8-gcc13-scalar-r17-mlp8_cycle-scalar-warm-basic-7340032,mlp8-gcc13-scalar,basic,ref_cycles,548836376,250076039,250076039
1,mlp8-gcc13-scalar-r17-mlp8_cycle-scalar-cache_evicted-branch-8388608,mlp8-gcc13-scalar,branch,cycles,549072677,250191984,250191984
1,mlp8-gcc13-scalar-r17-mlp8_cycle-scalar-cache_evicted-branch-8388608,mlp8-gcc13-scalar,branch,branches,10047948,250190239,250190239
1,mlp8-gcc13-scalar-r17-mlp8_cycle-scalar-cache_evicted-branch-8388608,mlp8-gcc13-scalar,branch,branch_misses,650,250186128,250186128
1,mlp8-gcc13-scalar-r17-mlp8_cycle-scalar-warm-branch-229376,mlp8-gcc13-scalar,branch,cycles,548736918,250036803,250036803
1,mlp8-gcc13-scalar-r17-mlp8_cycle-scalar-warm-branch-229376,mlp8-gcc13-scalar,branch,branches,38782405,250035839,250035839
1,mlp8-gcc13-scalar-r17-mlp8_cycle-scalar-warm-branch-229376,mlp8-gcc13-scalar,branch,branch_misses,80561,250032631,250032631
1,mlp8-gcc13-scalar-r17-mlp8_cycle-scalar-warm-branch-36864,mlp8-gcc13-scalar,branch,cycles,548731248,250033832,250033832
1,mlp8-gcc13-scalar-r17-mlp8_cycle-scalar-warm-branch-36864,mlp8-gcc13-scalar,branch,branches,51155230,250032366,250032366
1,mlp8-gcc13-scalar-r17-mlp8_cycle-scalar-warm-branch-36864,mlp8-gcc13-scalar,branch,branch_misses,482773,250029281,250029281
1,mlp8-gcc13-scalar-r17-mlp8_cycle-scalar-warm-basic-229376,mlp8-gcc13-scalar,basic,cycles,548733040,250033935,250033935
1,mlp8-gcc13-scalar-r17-mlp8_cycle-scalar-warm-basic-229376,mlp8-gcc13-scalar,basic,instructions,1809243676,250032308,250032308
1,mlp8-gcc13-scalar-r17-mlp8_cycle-scalar-warm-basic-229376,mlp8-gcc13-scalar,basic,ref_cycles,548735220,250029020,250029020
1,mlp8-gcc13-scalar-r17-mlp8_cycle-scalar-warm-branch-7340032,mlp8-gcc13-scalar,branch,cycles,548756894,250047050,250047050
1,mlp8-gcc13-scalar-r17-mlp8_cycle-scalar-warm-branch-7340032,mlp8-gcc13-scalar,branch,branches,10303422,250044893,250044893
1,mlp8-gcc13-scalar-r17-mlp8_cycle-scalar-warm-branch-7340032,mlp8-gcc13-scalar,branch,branch_misses,749,250040671,250040671
1,mlp8-gcc13-scalar-r17-mlp8_cycle-scalar-warm-basic-24576,mlp8-gcc13-scalar,basic,cycles,548731141,250031506,250031506
1,mlp8-gcc13-scalar-r17-mlp8_cycle-scalar-warm-basic-24576,mlp8-gcc13-scalar,basic,instructions,1764409405,250028559,250028559
1,mlp8-gcc13-scalar-r17-mlp8_cycle-scalar-warm-basic-24576,mlp8-gcc13-scalar,basic,ref_cycles,548732448,250025120,250025120
1,mlp8-gcc13-scalar-r17-mlp8_cycle-scalar-warm-basic-536870912,mlp8-gcc13-scalar,basic,cycles,709730888,323389063,323389063
1,mlp8-gcc13-scalar-r17-mlp8_cycle-scalar-warm-basic-536870912,mlp8-gcc13-scalar,basic,instructions,154141940,323387975,323387975
1,mlp8-gcc13-scalar-r17-mlp8_cycle-scalar-warm-basic-536870912,mlp8-gcc13-scalar,basic,ref_cycles,709733882,323384807,323384807
1,mlp8-gcc13-scalar-r17-mlp8_cycle-scalar-warm-branch-294912,mlp8-gcc13-scalar,branch,cycles,548734073,250034416,250034416
1,mlp8-gcc13-scalar-r17-mlp8_cycle-scalar-warm-branch-294912,mlp8-gcc13-scalar,branch,branches,35275249,250030601,250030601
1,mlp8-gcc13-scalar-r17-mlp8_cycle-scalar-warm-branch-294912,mlp8-gcc13-scalar,branch,branch_misses,57885,250026500,250026500
1,mlp8-gcc13-scalar-r17-mlp8_cycle-scalar-cache_evicted-basic-6291456,mlp8-gcc13-scalar,basic,cycles,548801495,250066516,250066516
1,mlp8-gcc13-scalar-r17-mlp8_cycle-scalar-cache_evicted-basic-6291456,mlp8-gcc13-scalar,basic,instructions,532455929,250064012,250064012
1,mlp8-gcc13-scalar-r17-mlp8_cycle-scalar-cache_evicted-basic-6291456,mlp8-gcc13-scalar,basic,ref_cycles,548803376,250060036,250060036
1,mlp8-gcc13-scalar-r17-mlp8_cycle-scalar-warm-branch-6291456,mlp8-gcc13-scalar,branch,cycles,549161968,250230470,250230470
1,mlp8-gcc13-scalar-r17-mlp8_cycle-scalar-warm-branch-6291456,mlp8-gcc13-scalar,branch,branches,10720272,250228081,250228081
1,mlp8-gcc13-scalar-r17-mlp8_cycle-scalar-warm-branch-6291456,mlp8-gcc13-scalar,branch,branch_misses,909,250223908,250223908
1,mlp8-gcc13-scalar-r17-mlp8_cycle-scalar-cache_evicted-basic-262144,mlp8-gcc13-scalar,basic,cycles,548733166,250033083,250033083
1,mlp8-gcc13-scalar-r17-mlp8_cycle-scalar-cache_evicted-basic-262144,mlp8-gcc13-scalar,basic,instructions,1764342899,250030580,250030580
1,mlp8-gcc13-scalar-r17-mlp8_cycle-scalar-cache_evicted-basic-262144,mlp8-gcc13-scalar,basic,ref_cycles,548734340,250027160,250027160
1,mlp8-gcc13-scalar-r17-mlp8_cycle-scalar-warm-branch-8388608,mlp8-gcc13-scalar,branch,cycles,548771160,250053209,250053209
1,mlp8-gcc13-scalar-r17-mlp8_cycle-scalar-warm-branch-8388608,mlp8-gcc13-scalar,branch,branches,10015118,250050255,250050255
1,mlp8-gcc13-scalar-r17-mlp8_cycle-scalar-warm-branch-8388608,mlp8-gcc13-scalar,branch,branch_misses,654,250046348,250046348
1,mlp8-gcc13-scalar-r17-mlp8_cycle-scalar-warm-branch-65536,mlp8-gcc13-scalar,branch,cycles,548730470,250031221,250031221
1,mlp8-gcc13-scalar-r17-mlp8_cycle-scalar-warm-branch-65536,mlp8-gcc13-scalar,branch,branches,46224823,250028227,250028227
1,mlp8-gcc13-scalar-r17-mlp8_cycle-scalar-warm-branch-65536,mlp8-gcc13-scalar,branch,branch_misses,285458,250024522,250024522
1,mlp8-gcc13-scalar-r17-mlp8_cycle-scalar-warm-branch-262144,mlp8-gcc13-scalar,branch,cycles,548731572,250031908,250031908
1,mlp8-gcc13-scalar-r17-mlp8_cycle-scalar-warm-branch-262144,mlp8-gcc13-scalar,branch,branches,37278688,250028709,250028709
1,mlp8-gcc13-scalar-r17-mlp8_cycle-scalar-warm-branch-262144,mlp8-gcc13-scalar,branch,branch_misses,68328,250025232,250025232
1,mlp8-gcc13-scalar-r17-mlp8_cycle-scalar-warm-branch-393216,mlp8-gcc13-scalar,branch,cycles,548737968,250036463,250036463
1,mlp8-gcc13-scalar-r17-mlp8_cycle-scalar-warm-branch-393216,mlp8-gcc13-scalar,branch,branches,30571595,250036509,250036509
1,mlp8-gcc13-scalar-r17-mlp8_cycle-scalar-warm-branch-393216,mlp8-gcc13-scalar,branch,branch_misses,38174,250033035,250033035
1,mlp8-gcc13-scalar-r17-mlp8_cycle-scalar-warm-basic-524288,mlp8-gcc13-scalar,basic,cycles,548751198,250042156,250042156
1,mlp8-gcc13-scalar-r17-mlp8_cycle-scalar-warm-basic-524288,mlp8-gcc13-scalar,basic,instructions,1348057609,250040654,250040654
1,mlp8-gcc13-scalar-r17-mlp8_cycle-scalar-warm-basic-524288,mlp8-gcc13-scalar,basic,ref_cycles,548753876,250037650,250037650
1,mlp8-gcc13-scalar-r17-mlp8_cycle-scalar-cache_evicted-basic-32768,mlp8-gcc13-scalar,basic,cycles,548731190,250032345,250032345
1,mlp8-gcc13-scalar-r17-mlp8_cycle-scalar-cache_evicted-basic-32768,mlp8-gcc13-scalar,basic,instructions,1800263209,250029003,250029003
1,mlp8-gcc13-scalar-r17-mlp8_cycle-scalar-cache_evicted-basic-32768,mlp8-gcc13-scalar,basic,ref_cycles,548732492,250025378,250025378
1,mlp8-gcc13-scalar-r17-mlp8_cycle-scalar-warm-branch-524288,mlp8-gcc13-scalar,branch,cycles,548731805,250033731,250033731
1,mlp8-gcc13-scalar-r17-mlp8_cycle-scalar-warm-branch-524288,mlp8-gcc13-scalar,branch,branches,28399121,250032116,250032116
1,mlp8-gcc13-scalar-r17-mlp8_cycle-scalar-warm-branch-524288,mlp8-gcc13-scalar,branch,branch_misses,26896,250028847,250028847
1,mlp8-gcc13-scalar-r17-mlp8_cycle-scalar-warm-basic-6291456,mlp8-gcc13-scalar,basic,cycles,548939836,250129896,250129896
1,mlp8-gcc13-scalar-r17-mlp8_cycle-scalar-warm-basic-6291456,mlp8-gcc13-scalar,basic,instructions,521011761,250129089,250129089
1,mlp8-gcc13-scalar-r17-mlp8_cycle-scalar-warm-basic-6291456,mlp8-gcc13-scalar,basic,ref_cycles,548944242,250126123,250126123
1,mlp8-gcc13-scalar-r17-mlp8_cycle-scalar-warm-branch-16384,mlp8-gcc13-scalar,branch,cycles,548730688,250032052,250032052
1,mlp8-gcc13-scalar-r17-mlp8_cycle-scalar-warm-branch-16384,mlp8-gcc13-scalar,branch,branches,63428158,250028240,250028240
1,mlp8-gcc13-scalar-r17-mlp8_cycle-scalar-warm-branch-16384,mlp8-gcc13-scalar,branch,branch_misses,961275,250024096,250024096
1,mlp8-gcc13-scalar-r17-mlp8_cycle-scalar-cache_evicted-branch-262144,mlp8-gcc13-scalar,branch,cycles,548735696,250033286,250033286
1,mlp8-gcc13-scalar-r17-mlp8_cycle-scalar-cache_evicted-branch-262144,mlp8-gcc13-scalar,branch,branches,38032353,250030570,250030570
1,mlp8-gcc13-scalar-r17-mlp8_cycle-scalar-cache_evicted-branch-262144,mlp8-gcc13-scalar,branch,branch_misses,69709,250026923,250026923
1,mlp8-gcc13-scalar-r17-mlp8_cycle-scalar-cache_evicted-basic-8388608,mlp8-gcc13-scalar,basic,cycles,548762239,250047844,250047844
1,mlp8-gcc13-scalar-r17-mlp8_cycle-scalar-cache_evicted-basic-8388608,mlp8-gcc13-scalar,basic,instructions,487439250,250044591,250044591
1,mlp8-gcc13-scalar-r17-mlp8_cycle-scalar-cache_evicted-basic-8388608,mlp8-gcc13-scalar,basic,ref_cycles,548764150,250040963,250040963
