schema_version,sample_id,build_id,perf_profile,event,value,time_enabled,time_running
1,stride16-clang18-auto-r0-stride16_scan-auto-warm-branch-7340032,stride16-clang18-auto,branch,cycles,544779171,250279697,250279697
1,stride16-clang18-auto-r0-stride16_scan-auto-warm-branch-7340032,stride16-clang18-auto,branch,branches,5330589,250280299,250280299
1,stride16-clang18-auto-r0-stride16_scan-auto-warm-branch-7340032,stride16-clang18-auto,branch,branch_misses,877,250276903,250276903
1,stride16-clang18-auto-r0-stride16_scan-auto-cache_evicted-basic-33554432,stride16-clang18-auto,basic,cycles,551956707,251509393,251509393
1,stride16-clang18-auto-r0-stride16_scan-auto-cache_evicted-basic-33554432,stride16-clang18-auto,basic,instructions,92031952,251509760,251509760
1,stride16-clang18-auto-r0-stride16_scan-auto-cache_evicted-basic-33554432,stride16-clang18-auto,basic,ref_cycles,551959980,251506261,251506261
1,stride16-clang18-auto-r0-stride16_scan-auto-warm-branch-536870912,stride16-clang18-auto,branch,cycles,602028329,274322100,274322100
1,stride16-clang18-auto-r0-stride16_scan-auto-warm-branch-536870912,stride16-clang18-auto,branch,branches,3670380,274321535,274321535
1,stride16-clang18-auto-r0-stride16_scan-auto-warm-branch-536870912,stride16-clang18-auto,branch,branch_misses,64,274317483,274317483
1,stride16-clang18-auto-r0-stride16_scan-auto-warm-branch-196608,stride16-clang18-auto,branch,cycles,548734796,250035329,250035329
1,stride16-clang18-auto-r0-stride16_scan-auto-warm-branch-196608,stride16-clang18-auto,branch,branches,14880035,250032640,250032640
1,stride16-clang18-auto-r0-stride16_scan-auto-warm-branch-196608,stride16-clang18-auto,branch,branch_misses,65615,250028667,250028667
1,stride16-clang18-auto-r0-stride16_scan-auto-warm-branch-49152,stride16-clang18-auto,branch,cycles,548731713,250033079,250033079
1,stride16-clang18-auto-r0-stride16_scan-auto-warm-branch-49152,stride16-clang18-auto,branch,branches,22818206,250031917,250031917
1,stride16-clang18-auto-r0-stride16_scan-auto-warm-branch-49152,stride16-clang18-auto,branch,branch_misses,275035,250028408,250028408
1,stride16-clang18-auto-r0-stride16_scan-auto-warm-branch-5242880,stride16-clang18-auto,branch,cycles,549066404,250191193,250191193
1,stride16-clang18-auto-r0-stride16_scan-auto-warm-branch-5242880,stride16-clang18-auto,branch,branches,7025315,250191396,250191396
1,stride16-clang18-auto-r0-stride16_scan-auto-warm-branch-5242880,stride16-clang18-auto,branch,branch_misses,1412,250187068,250187068
1,stride16-clang18-auto-r0-stride16_scan-auto-warm-branch-1048576,stride16-clang18-auto,branch,cycles,548768025,250051039,250051039
1,stride16-clang18-auto-r0-stride16_scan-auto-warm-branch-1048576,stride16-clang18-auto,branch,branches,7533888,250047567,250047567
1,stride16-clang18-auto-r0-stride16_scan-auto-warm-branch-1048576,stride16-clang18-auto,branch,branch_misses,7174,250043359,250043359
1,stride16-clang18-auto-r0-stride16_scan-auto-warm-basic-134217728,stride16-clang18-auto,basic,cycles,556060310,253378310,253378310
1,stride16-clang18-auto-r0-stride16_scan-auto-warm-basic-134217728,stride16-clang18-auto,basic,instructions,92017828,253377025,253377025
1,stride16-clang18-auto-r0-stride16_scan-auto-warm-basic-134217728,stride16-clang18-auto,basic,ref_cycles,556063640,253373166,253373166
1,stride16-clang18-auto-r0-stride16_scan-auto-warm-branch-28672,stride16-clang18-auto,branch,cycles,548731411,250034403,250034403
1,stride16-clang18-auto-r0-stride16_scan-auto-warm-branch-28672,stride16-clang18-auto,branch,branches,58646669,250032834,250032834
1,stride16-clang18-auto-r0-stride16_scan-auto-warm-branch-28672,stride16-clang18-auto,branch,branch_misses,410,250029193,250029193
1,stride16-clang18-auto-r0-stride16_scan-auto-warm-basic-24576,stride16-clang18-auto,basic,cycles,548730721,250031872,250031872
1,stride16-clang18-auto-r0-stride16_scan-auto-warm-basic-24576,stride16-clang18-auto,basic,instructions,885652014,250029745,250029745
1,stride16-clang18-auto-r0-stride16_scan-auto-warm-basic-24576,stride16-clang18-auto,basic,ref_cycles,548732448,250026431,250026431
1,stride16-clang18-auto-r0-stride16_scan-auto-warm-branch-2097152,stride16-clang18-auto,branch,cycles,548869799,250097060,250097060
1,stride16-clang18-auto-r0-stride16_scan-auto-warm-branch-2097152,stride16-clang18-auto,branch,branches,7417682,250095213,250095213
1,stride16-clang18-auto-r0-stride16_scan-auto-warm-branch-2097152,stride16-clang18-auto,branch,branch_misses,3605,250091191,250091191
1,stride16-clang18-auto-r0-stride16_scan-auto-warm-basic-6291456,stride16-clang18-auto,basic,cycles,548874082,250102148,250102148
1,stride16-clang18-auto-r0-stride16_scan-auto-warm-basic-6291456,stride16-clang18-auto,basic,instructions,153448334,250102930,250102930
1,stride16-clang18-auto-r0-stride16_scan-auto-warm-basic-6291456,stride16-clang18-auto,basic,ref_cycles,548877450,250099431,250099431
1,stride16-clang18-auto-r0-stride16_scan-auto-warm-branch-134217728,stride16-clang18-auto,branch,cycles,552184453,251612944,251612944
1,stride16-clang18-auto-r0-stride16_scan-auto-warm-branch-134217728,stride16-clang18-auto,branch,branches,3408901,251612170,251612170
1,stride16-clang18-auto-r0-stride16_scan-auto-warm-branch-134217728,stride16-clang18-auto,branch,branch_misses,76,251608023,251608023
1,stride16-clang18-auto-r0-stride16_scan-auto-warm-basic-4194304,stride16-clang18-auto,basic,cycles,548914725,250118884,250118884
1,stride16-clang18-auto-r0-stride16_scan-auto-warm-basic-4194304,stride16-clang18-auto,basic,instructions,196844213,250118646,250118646
1,stride16-clang18-auto-r0-stride16_scan-auto-warm-basic-4194304,stride16-clang18-auto,basic,ref_cycles,548917864,250115259,250115259
1,stride16-clang18-auto-r0-stride16_scan-auto-warm-basic-7340032,stride16-clang18-auto,basic,cycles,549236308,250267511,250267511
1,stride16-clang18-auto-r0-stride16_scan-auto-warm-basic-7340032,stride16-clang18-auto,basic,instructions,150324970,250268929,250268929
1,stride16-clang18-auto-r0-stride16_scan-auto-warm-basic-7340032,stride16-clang18-auto,basic,ref_cycles,549240516,250265789,250265789
1,stride16-clang18-auto-r0-stride16_scan-auto-warm-basic-524288,stride16-clang18-auto,basic,cycles,548750269,250041530,250041530
1,stride16-clang18-auto-r0-stride16_scan-auto-warm-basic-524288,stride16-clang18-auto,basic,instructions,198703525,250040201,250040201
1,stride16-clang18-auto-r0-stride16_scan-auto-warm-basic-524288,stride16-clang18-auto,basic,ref_cycles,548753150,250037219,250037219
1,stride16-clang18-auto-r0-stride16_scan-auto-cache_evicted-branch-1048576,stride16-clang18-auto,branch,cycles,548762450,250053043,250053043
1,stride16-clang18-auto-r0-stride16_scan-auto-cache_evicted-branch-1048576,stride16-clang18-auto,branch,branches,7528596,250049976,250049976
1,stride16-clang18-auto-r0-stride16_scan-auto-cache_evicted-branch-1048576,stride16-clang18-auto,branch,branch_misses,7163,250045200,250045200
1,stride16-clang18-auto-r0-stride16_scan-auto-warm-branch-12582912,stride16-clang18-auto,branch,cycles,549919332,250582059,250582059
1,stride16-clang18-auto-r0-stride16_scan-auto-warm-branch-12582912,stride16-clang18-auto,branch,branches,3955802,250581758,250581758
1,stride16-clang18-auto-r0-stride16_scan-auto-warm-branch-12582912,stride16-clang18-auto,branch,branch_misses,367,250577960,250577960
1,stride16-clang18-auto-r0-stride16_scan-auto-cache_evicted-branch-536870912,stride16-clang18-auto,branch,cycles,604145400,275287694,275287694
1,stride16-clang18-auto-r0-stride16_scan-auto-cache_evicted-branch-536870912,stride16-clang18-auto,branch,branches,3670380,275286478,275286478
1,stride16-clang18-auto-r0-stride16_scan-auto-cache_evicted-branch-536870912,stride16-clang18-auto,branch,branch_misses,55,275282913,275282913
1,stride16-clang18-auto-r0-stride16_scan-auto-cache_evicted-basic-8388608,stride16-clang18-auto,basic,cycles,549242155,250272254,250272254
1,stride16-clang18-auto-r0-stride16_scan-auto-cache_evicted-basic-8388608,stride16-clang18-auto,basic,instructions,134811863,250273357,250273357
1,stride16-clang18-auto-r0-stride16_scan-auto-cache_evicted-basic-8388608,stride16-clang18-auto,basic,ref_cycles,549245840,250269521,250269521
1,stride16-clang18-auto-r0-stride16_scan-auto-warm-basic-49152,stride16-clang18-auto,basic,cycles,548731754,250032841,250032841
1,stride16-clang18-auto-r0-stride16_scan-auto-warm-basic-49152,stride16-clang18-auto,basic,instructions,397500311,250031180,250031180
1,stride16-clang18-auto-r0-stride16_scan-auto-warm-basic-49152,stride16-clang18-auto,basic,ref_cycles,548733702,250028006,250028006
1,stride16-clang18-auto-r0-stride16_scan-auto-warm-branch-36864,stride16-clang18-auto,branch,cycles,548732455,250034502,250034502
1,stride16-clang18-auto-r0-stride16_scan-auto-warm-branch-36864,stride16-clang18-auto,branch,branches,25348481,250032780,250032780
1,stride16-clang18-auto-r0-stride16_scan-auto-warm-branch-36864,stride16-clang18-auto,branch,branch_misses,357155,250029859,250029859
1,stride16-clang18-auto-r0-stride16_scan-auto-warm-branch-524288,stride16-clang18-auto,branch,cycles,548754746,250044131,250044131
1,stride16-clang18-auto-r0-stride16_scan-auto-warm-branch-524288,stride16-clang18-auto,branch,branches,7760967,250042377,250042377
1,stride16-clang18-auto-r0-stride16_scan-auto-warm-branch-524288,stride16-clang18-auto,branch,branch_misses,14249,250038512,250038512
1,stride16-clang18-auto-r0-stride16_scan-auto-cache_evicted-basic-536870912,stride16-clang18-auto,basic,cycles,605311608,275817397,275817397
1,stride16-clang18-auto-r0-stride16_scan-auto-cache_evicted-basic-536870912,stride16-clang18-auto,basic,instructions,99092277,275816358,275816358
1,stride16-clang18-auto-r0-stride16_scan-auto-cache_evicted-basic-536870912,stride16-clang18-auto,basic,ref_cycles,605315216,275813049,275813049
1,stride16-clang18-auto-r0-stride16_scan-auto-cache_evicted-basic-1048576,stride16-clang18-auto,basic,cycles,548784259,250057939,250057939
1,stride16-clang18-auto-r0-stride16_scan-auto-cache_evicted-basic-1048576,stride16-clang18-auto,basic,instructions,197976084,250056199,250056199
1,stride16-clang18-auto-r0-stride16_scan-auto-cache_evicted-basic-1048576,stride16-clang18-auto,basic,ref_cycles,548786040,250052514,250052514
1,stride16-clang18-auto-r0-stride16_scan-auto-warm-basic-32768,stride16-clang18-auto,basic,cycles,548731715,250033548,250033548
1,stride16-clang18-auto-r0-stride16_scan-auto-warm-basic-32768,stride16-clang18-auto,basic,instructions,850655101,250030752,250030752
1,stride16-clang18-auto-r0-stride16_scan-auto-warm-basic-32768,stride16-clang18-auto,basic,ref_cycles,548733614,250027632,250027632
1,stride16-clang18-auto-r0-stride16_scan-auto-warm-branch-262144,stride16-clang18-auto,branch,cycles,548734466,250035623,250035623
1,stride16-clang18-auto-r0-stride16_scan-auto-warm-branch-262144,stride16-clang18-auto,branch,branches,14566739,250033869,250033869
1,stride16-clang18-auto-r0-stride16_scan-auto-warm-branch-262144,stride16-clang18-auto,branch,branch_misses,50126,250030180,250030180
1,stride16-clang18-auto-r0-stride16_scan-auto-warm-basic-12582912,stride16-clang18-auto,basic,cycles,549568544,250421696,250421696
1,stride16-clang18-auto-r0-stride16_scan-auto-warm-basic-12582912,stride16-clang18-auto,basic,instructions,104567033,250420421,250420421
1,stride16-clang18-auto-r0-stride16_scan-auto-warm-basic-12582912,stride16-clang18-auto,basic,ref_cycles,549572232,250416434,250416434
1,stride16-clang18-auto-r0-stride16_scan-auto-cache_evicted-branch-262144,stride16-clang18-auto,branch,cycles,548739581,250037484,250037484
1,stride16-clang18-auto-r0-stride16_scan-auto-cache_evicted-branch-262144,stride16-clang18-auto,branch,branches,11528108,250035419,250035419
1,stride16-clang18-auto-r0-stride16_scan-auto-cache_evicted-branch-262144,stride16-clang18-auto,branch,branch_misses,39666,250031639,250031639
1,stride16-clang18-auto-r0-stride16_scan-auto-warm-branch-32768,stride16-clang18-auto,branch,cycles,548730569,250032687,250032687
1,stride16-clang18-auto-r0-stride16_scan-auto-warm-branch-32768,stride16-clang18-auto,branch,branches,54353456,250031285,250031285
1,stride16-clang18-auto-r0-stride16_scan-auto-warm-branch-32768,stride16-clang18-auto,branch,branch_misses,298607,250027517,250027517
1,stride16-clang18-auto-r0-stride16_scan-auto-warm-basic-2097152,stride16-clang18-auto,basic,cycles,548738652,250037238,250037238
1,stride16-clang18-auto-r0-stride16_scan-auto-warm-basic-2097152,stride16-clang18-auto,basic,instructions,197498698,250034721,250034721
1,stride16-clang18-auto-r0-stride16_scan-auto-warm-basic-2097152,stride16-clang18-auto,basic,ref_cycles,548740478,250031228,250031228
1,stride16-clang18-auto-r0-stride16_scan-auto-warm-basic-8192,stride16-clang18-auto,basic,cycles,548730243,250031106,250031106
1,stride16-clang18-auto-r0-stride16_scan-auto-warm-basic-8192,stride16-clang18-auto,basic,instructions,967103979,250028288,250028288
1,stride16-clang18-auto-r0-stride16_scan-auto-warm-basic-8192,stride16-clang18-auto,basic,ref_cycles,548731612,250024896,250024896
1,stride16-clang18-auto-r0-stride16_scan-auto-warm-basic-98304,stride16-clang18-auto,basic,cycles,548730552,250031982,250031982
1,stride16-clang18-auto-r0-stride16_scan-auto-warm-basic-98304,stride16-clang18-auto,basic,instructions,389366142,250030368,250030368
1,stride16-clang18-auto-r0-stride16_scan-auto-warm-basic-98304,stride16-clang18-auto,basic,ref_cycles,548732184,250026845,250026845
1,stride16-clang18-auto-r0-stride16_scan-auto-warm-branch-8192,stride16-clang18-auto,branch,cycles,548730301,250032367,250032367
1,stride16-clang18-auto-r0-stride16_scan-auto-warm-branch-8192,stride16-clang18-auto,branch,branches,104748999,250028969,250028969
1,stride16-clang18-auto-r0-stride16_scan-auto-warm-branch-8192,stride16-clang18-auto,branch,branch_misses,520,250024699,250024699
1,stride16-clang18-auto-r0-stride16_scan-auto-warm-branch-16384,stride16-clang18-auto,branch,cycles,548730375,250031794,250031794
1,stride16-clang18-auto-r0-stride16_scan-auto-warm-branch-16384,stride16-clang18-auto,branch,branches,75621180,250029441,250029441
1,stride16-clang18-auto-r0-stride16_scan-auto-warm-branch-16384,stride16-clang18-auto,branch,branch_misses,419,250025745,250025745
1,stride16-clang18-auto-r0-stride16_scan-auto-cache_evicted-basic-32768,stride16-clang18-auto,basic,cycles,548731618,250033281,250033281
1,stride16-clang18-auto-r0-stride16_scan-auto-cache_evicted-basic-32768,stride16-clang18-auto,basic,instructions,850962331,250031923,250031923
1,stride16-clang18-auto-r0-stride16_scan-auto-cache_evicted-basic-32768,stride16-clang18-auto,basic,ref_cycles,548733570,250028843,250028843
1,stride16-clang18-auto-r0-stride16_scan-auto-cache_evicted-basic-262144,stride16-clang18-auto,basic,cycles,548741036,250036152,250036152
1,stride16-clang18-auto-r0-stride16_scan-auto-cache_evicted-basic-262144,stride16-clang18-auto,basic,instructions,274095426,250033535,250033535
1,stride16-clang18-auto-r0-stride16_scan-auto-cache_evicted-basic-262144,stride16-clang18-auto,basic,ref_cycles,548741952,250030012,250030012
1,stride16-clang18-auto-r0-stride16_scan-auto-warm-branch-294912,stride16-clang18-auto,branch,cycles,548743282,250038413,250038413
1,stride16-clang18-auto-r0-stride16_scan-auto-warm-branch-294912,stride16-clang18-auto,branch,branches,10347957,250036723,250036723
1,stride16-clang18-auto-r0-stride16_scan-auto-warm-branch-294912,stride16-clang18-auto,branch,branch_misses,32105,250033369,250033369
1,stride16-clang18-auto-r0-stride16_scan-auto-warm-basic-65536,stride16-clang18-auto,basic,cycles,548731420,250033043,250033043
1,stride16-clang18-auto-r0-stride16_scan-auto-warm-basic-65536,stride16-clang18-auto,basic,instructions,397500672,250030713,250030713
1,stride16-clang18-auto-r0-stride16_scan-auto-warm-basic-65536,stride16-clang18-auto,basic,ref_cycles,548733218,250027726,250027726
1,stride16-clang18-auto-r0-stride16_scan-auto-cache_evicted-branch-32768,stride16-clang18-auto,branch,cycles,548730464,250033508,250033508
1,stride16-clang18-auto-r0-stride16_scan-auto-cache_evicted-branch-32768,stride16-clang18-auto,branch,branches,54350942,250030279,250030279
1,stride16-clang18-auto-r0-stride16_scan-auto-cache_evicted-branch-32768,stride16-clang18-auto,branch,branch_misses,811469,250026263,250026263
1,stride16-clang18-auto-r0-stride16_scan-auto-cache_evicted-basic-6291456,stride16-clang18-auto,basic,cycles,548881202,250106405,250106405
1,stride16-clang18-auto-r0-stride16_scan-auto-cache_evicted-basic-6291456,stride16-clang18-auto,basic,instructions,161087508,250105904,250105904
1,stride16-clang18-auto-r0-stride16_scan-auto-cache_evicted-basic-6291456,stride16-clang18-auto,basic,ref_cycles,548885436,250102623,250102623
1,stride16-clang18-auto-r0-stride16_scan-auto-warm-branch-393216,stride16-clang18-auto,branch,cycles,548742070,250038518,250038518
1,stride16-clang18-auto-r0-stride16_scan-auto-warm-branch-393216,stride16-clang18-auto,branch,branches,7897535,250036131,250036131
1,stride16-clang18-auto-r0-stride16_scan-auto-warm-branch-393216,stride16-clang18-auto,branch,branch_misses,18905,250032440,250032440
1,stride16-clang18-auto-r0-stride16_scan-auto-warm-branch-33554432,stride16-clang18-auto,branch,cycles,552239057,251639137,251639137
1,stride16-clang18-auto-r0-stride16_scan-auto-warm-branch-33554432,stride16-clang18-auto,branch,branches,3411631,251639484,251639484
1,stride16-clang18-auto-r0-stride16_scan-auto-warm-branch-33554432,stride16-clang18-auto,branch,branch_misses,137,251635065,251635065
1,stride16-clang18-auto-r0-stride16_scan-auto-warm-basic-36864,stride16-clang18-auto,basic,cycles,548731238,250032464,250032464
1,stride16-clang18-auto-r0-stride16_scan-auto-warm-basic-36864,stride16-clang18-auto,basic,instructions,428908263,250031227,250031227
1,stride16-clang18-auto-r0-stride16_scan-auto-warm-basic-36864,stride16-clang18-auto,basic,ref_cycles,548733504,250028246,250028246
1,stride16-clang18-auto-r0-stride16_scan-auto-warm-branch-65536,stride16-clang18-auto,branch,cycles,548732935,250034539,250034539
1,stride16-clang18-auto-r0-stride16_scan-auto-warm-branch-65536,stride16-clang18-auto,branch,branches,20646774,250032860,250032860
1,stride16-clang18-auto-r0-stride16_scan-auto-warm-branch-65536,stride16-clang18-auto,branch,branch_misses,208667,250029720,250029720
1,stride16-clang18-auto-r0-stride16_scan-auto-warm-basic-536870912,stride16-clang18-auto,basic,cycles,602089686,274349615,274349615
1,stride16-clang18-auto-r0-stride16_scan-auto-warm-basic-536870912,stride16-clang18-auto,basic,instructions,99092277,274348763,274348763
1,stride16-clang18-auto-r0-stride16_scan-auto-warm-basic-536870912,stride16-clang18-auto,basic,ref_cycles,602092722,274344867,274344867
1,stride16-clang18-auto-r0-stride16_scan-auto-warm-branch-6291456,stride16-clang18-auto,branch,cycles,549049939,250185011,250185011
1,stride16-clang18-auto-r0-stride16_scan-auto-warm-branch-6291456,stride16-clang18-auto,branch,branches,6067897,250184166,250184166
1,stride16-clang18-auto-r0-stride16_scan-auto-warm-branch-6291456,stride16-clang18-auto,branch,branch_misses,1037,250179817,250179817
1,stride16-clang18-auto-r0-stride16_scan-auto-warm-basic-28672,stride16-clang18-auto,basic,cycles,548731455,250032996,250032996
1,stride16-clang18-auto-r0-stride16_scan-auto-warm-basic-28672,stride16-clang18-auto,basic,instructions,873869400,250031179,250031179
1,stride16-clang18-auto-r0-stride16_scan-auto-warm-basic-28672,stride16-clang18-auto,basic,ref_cycles,548733526,250027709,250027709
1,stride16-clang18-auto-r0-stride16_scan-auto-warm-basic-5242880,stride16-clang18-auto,basic,cycles,549117884,250212910,250212910
1,stride16-clang18-auto-r0-stride16_scan-auto-warm-basic-5242880,stride16-clang18-auto,basic,instructions,179532615,250212623,250212623
1,stride16-clang18-auto-r0-stride16_scan-auto-warm-basic-5242880,stride16-clang18-auto,basic,ref_cycles,549121540,250209044,250209044
1,stride16-clang18-auto-r0-stride16_scan-auto-warm-basic-131072,stride16-clang18-auto,basic,cycles,548735612,250035271,250035271
1,stride16-clang18-auto-r0-stride16_scan-auto-warm-basic-131072,stride16-clang18-auto,basic,instructions,359721257,250033222,250033222
1,stride16-clang18-auto-r0-stride16_scan-auto-warm-basic-131072,stride16-clang18-auto,basic,ref_cycles,548738168,250030687,250030687
1,stride16-clang18-auto-r0-stride16_scan-auto-warm-basic-393216,stride16-clang18-auto,basic,cycles,548753742,250043798,250043798
1,stride16-clang18-auto-r0-stride16_scan-auto-warm-basic-393216,stride16-clang18-auto,basic,instructions,199186817,250042195,250042195
1,stride16-clang18-auto-r0-stride16_scan-auto-warm-basic-393216,stride16-clang18-auto,basic,ref_cycles,548755768,250038724,250038724
1,stride16-clang18-auto-r0-stride16_scan-auto-warm-branch-4194304,stride16-clang18-auto,branch,cycles,548746347,250043496,250043496
1,stride16-clang18-auto-r0-stride16_scan-auto-warm-branch-4194304,stride16-clang18-auto,branch,branches,7258286,250042793,250042793
1,stride16-clang18-auto-r0-stride16_scan-auto-warm-branch-4194304,stride16-clang18-auto,branch,branch_misses,1804,250039128,250039128
1,stride16-clang18-auto-r0-stride16_scan-auto-warm-branch-131072,stride16-clang18-auto,branch,cycles,548731189,250035008,250035008
1,stride16-clang18-auto-r0-stride16_scan-auto-warm-branch-131072,stride16-clang18-auto,branch,branches,17310499,250032400,250032400
1,stride16-clang18-auto-r0-stride16_scan-auto-warm-branch-131072,stride16-clang18-auto,branch,branch_misses,106289,250028535,250028535
1,stride16-clang18-auto-r0-stride16_scan-auto-cache_evicted-branch-8388608,stride16-clang18-auto,branch,cycles,549250700,250278619,250278619
1,stride16-clang18-auto-r0-stride16_scan-auto-cache_evicted-branch-8388608,stride16-clang18-auto,branch,branches,4969234,250278839,250278839
1,stride16-clang18-auto-r0-stride16_scan-auto-cache_evicted-branch-8388608,stride16-clang18-auto,branch,branch_misses,659,250274602,250274602
1,stride16-clang18-auto-r0-stride16_scan-auto-warm-branch-98304,stride16-clang18-auto,branch,cycles,548733431,250034280,250034280
1,stride16-clang18-auto-r0-stride16_scan-auto-warm-branch-98304,stride16-clang18-auto,branch,branches,18390776,250031510,250031510
1,stride16-clang18-auto-r0-stride16_scan-auto-warm-branch-98304,stride16-clang18-auto,branch,branch_misses,140465,250027877,250027877
1,stride16-clang18-auto-r0-stride16_scan-auto-warm-basic-229376,stride16-clang18-auto,basic,cycles,548736211,250034608,250034608
1,stride16-clang18-auto-r0-stride16_scan-auto-warm-basic-229376,stride16-clang18-auto,basic,instructions,358784684,250032290,250032290
1,stride16-clang18-auto-r0-stride16_scan-auto-warm-basic-229376,stride16-clang18-auto,basic,ref_cycles,548737640,250028698,250028698
1,stride16-clang18-auto-r0-stride16_scan-auto-warm-basic-262144,stride16-clang18-auto,basic,cycles,548745938,250038929,250038929
1,stride16-clang18-auto-r0-stride16_scan-auto-warm-basic-262144,stride16-clang18-auto,basic,instructions,252532802,250036826,250036826
1,stride16-clang18-auto-r0-stride16_scan-auto-warm-basic-262144,stride16-clang18-auto,basic,ref_cycles,548747518,250033642,250033642
1,stride16-clang18-auto-r0-stride16_scan-auto-warm-basic-8388608,stride16-clang18-auto,basic,cycles,549622039,250444929,250444929
1,stride16-clang18-auto-r0-stride16_scan-auto-warm-basic-8388608,stride16-clang18-auto,basic,instructions,129941851,250444618,250444618
1,stride16-clang18-auto-r0-stride16_scan-auto-warm-basic-8388608,stride16-clang18-auto,basic,ref_cycles,549625164,250440801,250440801
1,stride16-clang18-auto-r0-stride16_scan-auto-warm-branch-229376,stride16-clang18-auto,branch,cycles,548739406,250038629,250038629
1,stride16-clang18-auto-r0-stride16_scan-auto-warm-branch-229376,stride16-clang18-auto,branch,branches,14433212,250035947,250035947
1,stride16-clang18-auto-r0-stride16_scan-auto-warm-branch-229376,stride16-clang18-auto,branch,branch_misses,55834,250032310,250032310
1,stride16-clang18-auto-r0-stride16_scan-auto-cache_evicted-branch-33554432,stride16-clang18-auto,branch,cycles,552148827,251597567,251597567
1,stride16-clang18-auto-r0-stride16_scan-auto-cache_evicted-branch-33554432,stride16-clang18-auto,branch,branches,3379137,251597704,251597704
1,stride16-clang18-auto-r0-stride16_scan-auto-cache_evicted-branch-33554432,stride16-clang18-auto,branch,branch_misses,140,251593717,251593717
1,stride16-clang18-auto-r0-stride16_scan-auto-warm-basic-294912,stride16-clang18-auto,basic,cycles,548742633,250037915,250037915
1,stride16-clang18-auto-r0-stride16_scan-auto-warm-basic-294912,stride16-clang18-auto,basic,instructions,240653062,250035520,250035520
1,stride16-clang18-auto-r0-stride16_scan-auto-warm-basic-294912,stride16-clang18-auto,basic,ref_cycles,548744526,250032131,250032131
1,stride16-clang18-auto-r0-stride16_scan-auto-warm-basic-16384,stride16-clang18-auto,basic,cycles,548731034,250032015,250032015
1,stride16-clang18-auto-r0-stride16_scan-auto-warm-basic-16384,stride16-clang18-auto,basic,instructions,908854677,250030558,250030558
1,stride16-clang18-auto-r0-stride16_scan-auto-warm-basic-16384,stride16-clang18-auto,basic,ref_cycles,548733042,250027756,250027756
1,stride16-clang18-auto-r0-stride16_scan-auto-warm-branch-8388608,stride16-clang18-auto,branch,cycles,549537851,250407566,250407566
1,stride16-clang18-auto-r0-stride16_scan-auto-warm-branch-8388608,stride16-clang18-auto,branch,branches,4862276,250408601,250408601
1,stride16-clang18-auto-r0-stride16_scan-auto-warm-branch-8388608,stride16-clang18-auto,branch,branch_misses,644,250404720,250404720
1,stride16-clang18-auto-r0-stride16_scan-auto-warm-branch-24576,stride16-clang18-auto,branch,cycles,548731217,250033167,250033167
1,stride16-clang18-auto-r0-stride16_scan-auto-warm-branch-24576,stride16-clang18-auto,branch,branches,63213008,250031178,250031178
1,stride16-clang18-auto-r0-stride16_scan-auto-warm-branch-24576,stride16-clang18-auto,branch,branch_misses,353,250027335,250027335
1,stride16-clang18-auto-r0-stride16_scan-auto-warm-basic-33554432,stride16-clang18-auto,basic,cycles,550837644,250999098,250999098
1,stride16-clang18-auto-r0-stride16_scan-auto-warm-basic-33554432,stride16-clang18-auto,basic,instructions,92031952,250997827,250997827
1,stride16-clang18-auto-r0-stride16_scan-auto-warm-basic-33554432,stride16-clang18-auto,basic,ref_cycles,550841236,250994583,250994583
1,stride16-clang18-auto-r0-stride16_scan-auto-cache_evicted-branch-6291456,stride16-clang18-auto,branch,cycles,549405269,250347637,250347637
1,stride16-clang18-auto-r0-stride16_scan-auto-cache_evicted-branch-6291456,stride16-clang18-auto,branch,branches,5931959,250347606,250347606
1,stride16-clang18-auto-r0-stride16_scan-auto-cache_evicted-branch-6291456,stride16-clang18-auto,branch,branch_misses,1010,250344285,250344285
1,stride16-clang18-auto-r0-stride16_scan-auto-warm-basic-1048576,stride16-clang18-auto,basic,cycles,548765069,250050640,250050640
1,stride16-clang18-auto-r0-stride16_scan-auto-warm-basic-1048576,stride16-clang18-auto,basic,instructions,197864782,250048633,250048633
1,stride16-clang18-auto-r0-stride16_scan-auto-warm-basic-1048576,stride16-clang18-auto,basic,ref_cycles,548767362,250044671,250044671
1,stride16-clang18-auto-r0-stride16_scan-auto-warm-basic-196608,stride16-clang18-auto,basic,cycles,548694595,250033641,250033641
1,stride16-clang18-auto-r0-stride16_scan-auto-warm-basic-196608,stride16-clang18-auto,basic,instructions,348242853,250031108,250031108
1,stride16-clang18-auto-r0-stride16_scan-auto-warm-basic-196608,stride16-clang18-auto,basic,ref_cycles,548695884,250028092,250028092
1,stride16-clang18-auto-r1-stride16_scan-auto-warm-basic-16384,stride16-clang18-auto,basic,cycles,548730726,250032238,250032238
1,stride16-clang18-auto-r1-stride16_scan-auto-warm-basic-16384,stride16-clang18-auto,basic,instructions,908951520,250029551,250029551
1,stride16-clang18-auto-r1-stride16_scan-auto-warm-basic-16384,stride16-clang18-auto,basic,ref_cycles,548731942,250025812,250025812
1,stride16-clang18-auto-r1-stride16_scan-auto-warm-basic-8388608,stride16-clang18-auto,basic,cycles,548990674,250157210,250157210
1,stride16-clang18-auto-r1-stride16_scan-auto-warm-basic-8388608,stride16-clang18-auto,basic,instructions,133705038,250157672,250157672
1,stride16-clang18-auto-r1-stride16_scan-auto-warm-basic-8388608,stride16-clang18-auto,basic,ref_cycles,548993918,250153939,250153939
1,stride16-clang18-auto-r1-stride16_scan-auto-warm-branch-294912,stride16-clang18-auto,branch,cycles,548747049,250040638,250040638
1,stride16-clang18-auto-r1-stride16_scan-auto-warm-branch-294912,stride16-clang18-auto,branch,branches,10008625,250037553,250037553
1,stride16-clang18-auto-r1-stride16_scan-auto-warm-branch-294912,stride16-clang18-auto,branch,branch_misses,31042,250033709,250033709
1,stride16-clang18-auto-r1-stride16_scan-auto-warm-basic-12582912,stride16-clang18-auto,basic,cycles,548850438,250093601,250093601
1,stride16-clang18-auto-r1-stride16_scan-auto-warm-basic-12582912,stride16-clang18-auto,basic,instructions,105894861,250093984,250093984
1,stride16-clang18-auto-r1-stride16_scan-auto-warm-basic-12582912,stride16-clang18-auto,basic,ref_cycles,548853690,250090563,250090563
1,stride16-clang18-auto-r1-stride16_scan-auto-warm-basic-4194304,stride16-clang18-auto,basic,cycles,548861431,250094821,250094821
1,stride16-clang18-auto-r1-stride16_scan-auto-warm-basic-4194304,stride16-clang18-auto,basic,instructions,178899021,250094444,250094444
1,stride16-clang18-auto-r1-stride16_scan-auto-warm-basic-4194304,stride16-clang18-auto,basic,ref_cycles,548864712,250091433,250091433
1,stride16-clang18-auto-r1-stride16_scan-auto-warm-branch-262144,stride16-clang18-auto,branch,cycles,548740657,250038462,250038462
1,stride16-clang18-auto-r1-stride16_scan-auto-warm-branch-262144,stride16-clang18-auto,branch,branches,11026427,250036241,250036241
1,stride16-clang18-auto-r1-stride16_scan-auto-warm-branch-262144,stride16-clang18-auto,branch,branch_misses,37952,250032519,250032519
1,stride16-clang18-auto-r1-stride16_scan-auto-warm-basic-36864,stride16-clang18-auto,basic,cycles,548731466,250033131,250033131
1,stride16-clang18-auto-r1-stride16_scan-auto-warm-basic-36864,stride16-clang18-auto,basic,instructions,413811514,250032002,250032002
1,stride16-clang18-auto-r1-stride16_scan-auto-warm-basic-36864,stride16-clang18-auto,basic,ref_cycles,548733482,250028941,250028941
1,stride16-clang18-auto-r1-stride16_scan-auto-cache_evicted-branch-33554432,stride16-clang18-auto,branch,cycles,548772590,250061084,250061084
1,stride16-clang18-auto-r1-stride16_scan-auto-cache_evicted-branch-33554432,stride16-clang18-auto,branch,branches,3378829,250059667,250059667
1,stride16-clang18-auto-r1-stride16_scan-auto-cache_evicted-branch-33554432,stride16-clang18-auto,branch,branch_misses,152,250055685,250055685
1,stride16-clang18-auto-r1-stride16_scan-auto-cache_evicted-branch-32768,stride16-clang18-auto,branch,cycles,548730788,250033865,250033865
1,stride16-clang18-auto-r1-stride16_scan-auto-cache_evicted-branch-32768,stride16-clang18-auto,branch,branches,54546584,250031483,250031483
1,stride16-clang18-auto-r1-stride16_scan-auto-cache_evicted-branch-32768,stride16-clang18-auto,branch,branch_misses,124487,250028159,250028159
1,stride16-clang18-auto-r1-stride16_scan-auto-warm-basic-1048576,stride16-clang18-auto,basic,cycles,548768583,250049451,250049451
1,stride16-clang18-auto-r1-stride16_scan-auto-warm-basic-1048576,stride16-clang18-auto,basic,instructions,197920467,250047549,250047549
1,stride16-clang18-auto-r1-stride16_scan-auto-warm-basic-1048576,stride16-clang18-auto,basic,ref_cycles,548770200,250044188,250044188
1,stride16-clang18-auto-r1-stride16_scan-auto-warm-branch-6291456,stride16-clang18-auto,branch,cycles,548799617,250069687,250069687
1,stride16-clang18-auto-r1-stride16_scan-auto-warm-branch-6291456,stride16-clang18-auto,branch,branches,5672441,250070355,250070355
1,stride16-clang18-auto-r1-stride16_scan-auto-warm-branch-6291456,stride16-clang18-auto,branch,branch_misses,963,250066704,250066704
1,stride16-clang18-auto-r1-stride16_scan-auto-warm-basic-28672,stride16-clang18-auto,basic,cycles,548730961,250032238,250032238
1,stride16-clang18-auto-r1-stride16_scan-auto-warm-basic-28672,stride16-clang18-auto,basic,instructions,865385963,250030224,250030224
1,stride16-clang18-auto-r1-stride16_scan-auto-warm-basic-28672,stride16-clang18-auto,basic,ref_cycles,548732448,250027176,250027176
1,stride16-clang18-auto-r1-stride16_scan-auto-warm-branch-229376,stride16-clang18-auto,branch,cycles,548742347,250038453,250038453
1,stride16-clang18-auto-r1-stride16_scan-auto-warm-branch-229376,stride16-clang18-auto,branch,branches,11728733,250035932,250035932
1,stride16-clang18-auto-r1-stride16_scan-auto-warm-branch-229376,stride16-clang18-auto,branch,branch_misses,45364,250031784,250031784
1,stride16-clang18-auto-r1-stride16_scan-auto-cache_evicted-branch-536870912,stride16-clang18-auto,branch,cycles,602286775,274442446,274442446
1,stride16-clang18-auto-r1-stride16_scan-auto-cache_evicted-branch-536870912,stride16-clang18-auto,branch,branches,3670380,274441578,274441578
1,stride16-clang18-auto-r1-stride16_scan-auto-cache_evicted-branch-536870912,stride16-clang18-auto,branch,branch_misses,60,274437208,274437208
1,stride16-clang18-auto-r1-stride16_scan-auto-cache_evicted-basic-8388608,stride16-clang18-auto,basic,cycles,548964873,250146309,250146309
1,stride16-clang18-auto-r1-stride16_scan-auto-cache_evicted-basic-8388608,stride16-clang18-auto,basic,instructions,136140053,250145973,250145973
1,stride16-clang18-auto-r1-stride16_scan-auto-cache_evicted-basic-8388608,stride16-clang18-auto,basic,ref_cycles,548968750,250143214,250143214
1,stride16-clang18-auto-r1-stride16_scan-auto-warm-branch-12582912,stride16-clang18-auto,branch,cycles,549190830,250249021,250249021
1,stride16-clang18-auto-r1-stride16_scan-auto-warm-branch-12582912,stride16-clang18-auto,branch,branches,3956765,250249615,250249615
1,stride16-clang18-auto-r1-stride16_scan-auto-warm-branch-12582912,stride16-clang18-auto,branch,branch_misses,367,250245568,250245568
1,stride16-clang18-auto-r1-stride16_scan-auto-warm-branch-16384,stride16-clang18-auto,branch,cycles,548730631,250032288,250032288
1,stride16-clang18-auto-r1-stride16_scan-auto-warm-branch-16384,stride16-clang18-auto,branch,branches,75621341,250030368,250030368
1,stride16-clang18-auto-r1-stride16_scan-auto-warm-branch-16384,stride16-clang18-auto,branch,branch_misses,493,250026906,250026906
1,stride16-clang18-auto-r1-stride16_scan-auto-warm-basic-65536,stride16-clang18-auto,basic,cycles,548731449,250033308,250033308
1,stride16-clang18-auto-r1-stride16_scan-auto-warm-basic-65536,stride16-clang18-auto,basic,instructions,400251534,250031678,250031678
1,stride16-clang18-auto-r1-stride16_scan-auto-warm-basic-65536,stride16-clang18-auto,basic,ref_cycles,548733856,250028509,250028509
1,stride16-clang18-auto-r1-stride16_scan-auto-warm-branch-49152,stride16-clang18-auto,branch,cycles,548731117,250032819,250032819
1,stride16-clang18-auto-r1-stride16_scan-auto-warm-branch-49152,stride16-clang18-auto,branch,branches,23282241,250030703,250030703
1,stride16-clang18-auto-r1-stride16_scan-auto-warm-branch-49152,stride16-clang18-auto,branch,branch_misses,280620,250026954,250026954
1,stride16-clang18-auto-r1-stride16_scan-auto-warm-basic-49152,stride16-clang18-auto,basic,cycles,548731883,250032426,250032426
1,stride16-clang18-auto-r1-stride16_scan-auto-warm-basic-49152,stride16-clang18-auto,basic,instructions,401056954,250030173,250030173
1,stride16-clang18-auto-r1-stride16_scan-auto-warm-basic-49152,stride16-clang18-auto,basic,ref_cycles,548733328,250026786,250026786
1,stride16-clang18-auto-r1-stride16_scan-auto-cache_evicted-basic-32768,stride16-clang18-auto,basic,cycles,548731351,250036447,250036447
1,stride16-clang18-auto-r1-stride16_scan-auto-cache_evicted-basic-32768,stride16-clang18-auto,basic,instructions,848033056,250033871,250033871
1,stride16-clang18-auto-r1-stride16_scan-auto-cache_evicted-basic-32768,stride16-clang18-auto,basic,ref_cycles,548734362,250030185,250030185
1,stride16-clang18-auto-r1-stride16_scan-auto-cache_evicted-branch-1048576,stride16-clang18-auto,branch,cycles,548801332,250068434,250068434
1,stride16-clang18-auto-r1-stride16_scan-auto-cache_evicted-branch-1048576,stride16-clang18-auto,branch,branches,7531730,250066115,250066115
1,stride16-clang18-auto-r1-stride16_scan-auto-cache_evicted-branch-1048576,stride16-clang18-auto,branch,branch_misses,7163,250061836,250061836
1,stride16-clang18-auto-r1-stride16_scan-auto-warm-basic-98304,stride16-clang18-auto,basic,cycles,548732744,250032942,250032942
1,stride16-clang18-auto-r1-stride16_scan-auto-warm-basic-98304,stride16-clang18-auto,basic,instructions,384807334,250029732,250029732
1,stride16-clang18-auto-r1-stride16_scan-auto-warm-basic-98304,stride16-clang18-auto,basic,ref_cycles,548734120,250026214,250026214
1,stride16-clang18-auto-r1-stride16_scan-auto-warm-branch-196608,stride16-clang18-auto,branch,cycles,548734563,250034826,250034826
1,stride16-clang18-auto-r1-stride16_scan-auto-warm-branch-196608,stride16-clang18-auto,branch,branches,16563100,250032096,250032096
1,stride16-clang18-auto-r1-stride16_scan-auto-warm-branch-196608,stride16-clang18-auto,branch,branch_misses,73036,250028260,250028260
1,stride16-clang18-auto-r1-stride16_scan-auto-cache_evicted-branch-6291456,stride16-clang18-auto,branch,cycles,549207100,250256526,250256526
1,stride16-clang18-auto-r1-stride16_scan-auto-cache_evicted-branch-6291456,stride16-clang18-auto,branch,branches,6308878,250257262,250257262
1,stride16-clang18-auto-r1-stride16_scan-auto-cache_evicted-branch-6291456,stride16-clang18-auto,branch,branch_misses,1068,250254118,250254118
1,stride16-clang18-auto-r1-stride16_scan-auto-warm-basic-7340032,stride16-clang18-auto,basic,cycles,549252859,250276483,250276483
1,stride16-clang18-auto-r1-stride16_scan-auto-warm-basic-7340032,stride16-clang18-auto,basic,instructions,149937536,250276303,250276303
1,stride16-clang18-auto-r1-stride16_scan-auto-warm-basic-7340032,stride16-clang18-auto,basic,ref_cycles,549256026,250272570,250272570
1,stride16-clang18-auto-r1-stride16_scan-auto-warm-basic-393216,stride16-clang18-auto,basic,cycles,548756898,250044921,250044921
1,stride16-clang18-auto-r1-stride16_scan-auto-warm-basic-393216,stride16-clang18-auto,basic,instructions,199134065,250042685,250042685
1,stride16-clang18-auto-r1-stride16_scan-auto-warm-basic-393216,stride16-clang18-auto,basic,ref_cycles,548759112,250039582,250039582
1,stride16-clang18-auto-r1-stride16_scan-auto-warm-branch-98304,stride16-clang18-auto,branch,cycles,548731847,250033354,250033354
1,stride16-clang18-auto-r1-stride16_scan-auto-warm-branch-98304,stride16-clang18-auto,branch,branches,18405204,250030531,250030531
1,stride16-clang18-auto-r1-stride16_scan-auto-warm-branch-98304,stride16-clang18-auto,branch,branch_misses,140589,250026826,250026826
1,stride16-clang18-auto-r1-stride16_scan-auto-cache_evicted-branch-8388608,stride16-clang18-auto,branch,cycles,549554724,250415428,250415428
1,stride16-clang18-auto-r1-stride16_scan-auto-cache_evicted-branch-8388608,stride16-clang18-auto,branch,branches,4895184,250415402,250415402
1,stride16-clang18-auto-r1-stride16_scan-auto-cache_evicted-branch-8388608,stride16-clang18-auto,branch,branch_misses,645,250411741,250411741
1,stride16-clang18-auto-r1-stride16_scan-auto-warm-branch-1048576,stride16-clang18-auto,branch,cycles,548773551,250054264,250054264
1,stride16-clang18-auto-r1-stride16_scan-auto-warm-branch-1048576,stride16-clang18-auto,branch,branches,7530674,250052094,250052094
1,stride16-clang18-auto-r1-stride16_scan-auto-warm-branch-1048576,stride16-clang18-auto,branch,branch_misses,7162,250048397,250048397
1,stride16-clang18-auto-r1-stride16_scan-auto-cache_evicted-basic-1048576,stride16-clang18-auto,basic,cycles,548773633,250053570,250053570
1,stride16-clang18-auto-r1-stride16_scan-auto-cache_evicted-basic-1048576,stride16-clang18-auto,basic,instructions,197948289,250051693,250051693
1,stride16-clang18-auto-r1-stride16_scan-auto-cache_evicted-basic-1048576,stride16-clang18-auto,basic,ref_cycles,548775612,250048052,250048052
1,stride16-clang18-auto-r1-stride16_scan-auto-warm-basic-2097152,stride16-clang18-auto,basic,cycles,548828668,250077981,250077981
1,stride16-clang18-auto-r1-stride16_scan-auto-warm-basic-2097152,stride16-clang18-auto,basic,instructions,197554278,250076281,250076281
1,stride16-clang18-auto-r1-stride16_scan-auto-warm-basic-2097152,stride16-clang18-auto,basic,ref_cycles,548831074,250073095,250073095
1,stride16-clang18-auto-r1-stride16_scan-auto-warm-branch-8192,stride16-clang18-auto,branch,cycles,548730851,250033318,250033318
1,stride16-clang18-auto-r1-stride16_scan-auto-warm-branch-8192,stride16-clang18-auto,branch,branches,103909803,250031239,250031239
1,stride16-clang18-auto-r1-stride16_scan-auto-warm-branch-8192,stride16-clang18-auto,branch,branch_misses,512,250027692,250027692
1,stride16-clang18-auto-r1-stride16_scan-auto-warm-basic-8192,stride16-clang18-auto,basic,cycles,548730977,250031937,250031937
1,stride16-clang18-auto-r1-stride16_scan-auto-warm-basic-8192,stride16-clang18-auto,basic,instructions,963635464,250029976,250029976
1,stride16-clang18-auto-r1-stride16_scan-auto-warm-basic-8192,stride16-clang18-auto,basic,ref_cycles,548732756,250026793,250026793
1,stride16-clang18-auto-r1-stride16_scan-auto-warm-branch-8388608,stride16-clang18-auto,branch,cycles,549421938,250355134,250355134
1,stride16-clang18-auto-r1-stride16_scan-auto-warm-branch-8388608,stride16-clang18-auto,branch,branches,5018589,250354773,250354773
1,stride16-clang18-auto-r1-stride16_scan-auto-warm-branch-8388608,stride16-clang18-auto,branch,branch_misses,658,250350726,250350726
1,stride16-clang18-auto-r1-stride16_scan-auto-warm-branch-33554432,stride16-clang18-auto,branch,cycles,553414652,252173080,252173080
1,stride16-clang18-auto-r1-stride16_scan-auto-warm-branch-33554432,stride16-clang18-auto,branch,branches,3444435,252173740,252173740
1,stride16-clang18-auto-r1-stride16_scan-auto-warm-branch-33554432,stride16-clang18-auto,branch,branch_misses,150,252170481,252170481
1,stride16-clang18-auto-r1-stride16_scan-auto-warm-basic-6291456,stride16-clang18-auto,basic,cycles,549112305,250211372,250211372
1,stride16-clang18-auto-r1-stride16_scan-auto-warm-basic-6291456,stride16-clang18-auto,basic,instructions,179022960,250212036,250212036
1,stride16-clang18-auto-r1-stride16_scan-auto-warm-basic-6291456,stride16-clang18-auto,basic,ref_cycles,549116172,250208487,250208487
1,stride16-clang18-auto-r1-stride16_scan-auto-warm-branch-2097152,stride16-clang18-auto,branch,cycles,548761233,250048210,250048210
1,stride16-clang18-auto-r1-stride16_scan-auto-warm-branch-2097152,stride16-clang18-auto,branch,branches,7413516,250046442,250046442
1,stride16-clang18-auto-r1-stride16_scan-auto-warm-branch-2097152,stride16-clang18-auto,branch,branch_misses,3606,250042533,250042533
1,stride16-clang18-auto-r1-stride16_scan-auto-warm-branch-65536,stride16-clang18-auto,branch,cycles,548733632,250035501,250035501
1,stride16-clang18-auto-r1-stride16_scan-auto-warm-branch-65536,stride16-clang18-auto,branch,branches,20455847,250034134,250034134
1,stride16-clang18-auto-r1-stride16_scan-auto-warm-branch-65536,stride16-clang18-auto,branch,branch_misses,206729,250030623,250030623
1,stride16-clang18-auto-r1-stride16_scan-auto-warm-basic-294912,stride16-clang18-auto,basic,cycles,548734499,250032837,250032837
1,stride16-clang18-auto-r1-stride16_scan-auto-warm-basic-294912,stride16-clang18-auto,basic,instructions,260370491,250030611,250030611
1,stride16-clang18-auto-r1-stride16_scan-auto-warm-basic-294912,stride16-clang18-auto,basic,ref_cycles,548736034,250027069,250027069
1,stride16-clang18-auto-r1-stride16_scan-auto-warm-basic-32768,stride16-clang18-auto,basic,cycles,548731534,250031717,250031717
1,stride16-clang18-auto-r1-stride16_scan-auto-warm-basic-32768,stride16-clang18-auto,basic,instructions,852612395,250030614,250030614
1,stride16-clang18-auto-r1-stride16_scan-auto-warm-basic-32768,stride16-clang18-auto,basic,ref_cycles,548733328,250027477,250027477
1,stride16-clang18-auto-r1-stride16_scan-auto-warm-basic-5242880,stride16-clang18-auto,basic,cycles,548762262,250051506,250051506
1,stride16-clang18-auto-r1-stride16_scan-auto-warm-basic-5242880,stride16-clang18-auto,basic,instructions,192267347,250051747,250051747
1,stride16-clang18-auto-r1-stride16_scan-auto-warm-basic-5242880,stride16-clang18-auto,basic,ref_cycles,548765976,250048669,250048669
1,stride16-clang18-auto-r1-stride16_scan-auto-warm-basic-536870912,stride16-clang18-auto,basic,cycles,602079258,274344221,274344221
1,stride16-clang18-auto-r1-stride16_scan-auto-warm-basic-536870912,stride16-clang18-auto,basic,instructions,99092277,274343614,274343614
1,stride16-clang18-auto-r1-stride16_scan-auto-warm-basic-536870912,stride16-clang18-auto,basic,ref_cycles,602082844,274340106,274340106
1,stride16-clang18-auto-r1-stride16_scan-auto-warm-basic-131072,stride16-clang18-auto,basic,cycles,548735983,250035492,250035492
1,stride16-clang18-auto-r1-stride16_scan-auto-warm-basic-131072,stride16-clang18-auto,basic,instructions,393908927,250033650,250033650
1,stride16-clang18-auto-r1-stride16_scan-auto-warm-basic-131072,stride16-clang18-auto,basic,ref_cycles,548738476,250030347,250030347
1,stride16-clang18-auto-r1-stride16_scan-auto-cache_evicted-basic-6291456,stride16-clang18-auto,basic,cycles,549275319,250288342,250288342
1,stride16-clang18-auto-r1-stride16_scan-auto-cache_evicted-basic-6291456,stride16-clang18-auto,basic,instructions,162416060,250287827,250287827
1,stride16-clang18-auto-r1-stride16_scan-auto-cache_evicted-basic-6291456,stride16-clang18-auto,basic,ref_cycles,549278752,250284141,250284141
1,stride16-clang18-auto-r1-stride16_scan-auto-cache_evicted-branch-262144,stride16-clang18-auto,branch,cycles,548736241,250036614,250036614
1,stride16-clang18-auto-r1-stride16_scan-auto-cache_evicted-branch-262144,stride16-clang18-auto,branch,branches,11435273,250033271,250033271
1,stride16-clang18-auto-r1-stride16_scan-auto-cache_evicted-branch-262144,stride16-clang18-auto,branch,branch_misses,39352,250029789,250029789
1,stride16-clang18-auto-r1-stride16_scan-auto-warm-branch-28672,stride16-clang18-auto,branch,cycles,548730610,250032415,250032415
1,stride16-clang18-auto-r1-stride16_scan-auto-warm-branch-28672,stride16-clang18-auto,branch,branches,58279974,250029624,250029624
1,stride16-clang18-auto-r1-stride16_scan-auto-warm-branch-28672,stride16-clang18-auto,branch,branch_misses,323,250025747,250025747
1,stride16-clang18-auto-r1-stride16_scan-auto-warm-basic-196608,stride16-clang18-auto,basic,cycles,548732330,250033220,250033220
1,stride16-clang18-auto-r1-stride16_scan-auto-warm-basic-196608,stride16-clang18-auto,basic,instructions,417018815,250031081,250031081
1,stride16-clang18-auto-r1-stride16_scan-auto-warm-basic-196608,stride16-clang18-auto,basic,ref_cycles,548734142,250027746,250027746
1,stride16-clang18-auto-r1-stride16_scan-auto-warm-branch-536870912,stride16-clang18-auto,branch,cycles,607162007,276660998,276660998
1,stride16-clang18-auto-r1-stride16_scan-auto-warm-branch-536870912,stride16-clang18-auto,branch,branches,3670380,276659904,276659904
1,stride16-clang18-auto-r1-stride16_scan-auto-warm-branch-536870912,stride16-clang18-auto,branch,branch_misses,73,276655882,276655882
1,stride16-clang18-auto-r1-stride16_scan-auto-warm-branch-134217728,stride16-clang18-auto,branch,cycles,551595629,251344772,251344772
1,stride16-clang18-auto-r1-stride16_scan-auto-warm-branch-134217728,stride16-clang18-auto,branch,branches,3408901,251344700,251344700
1,stride16-clang18-auto-r1-stride16_scan-auto-warm-branch-134217728,stride16-clang18-auto,branch,branch_misses,74,251340835,251340835
1,stride16-clang18-auto-r1-stride16_scan-auto-warm-basic-24576,stride16-clang18-auto,basic,cycles,548712571,250031684,250031684
1,stride16-clang18-auto-r1-stride16_scan-auto-warm-basic-24576,stride16-clang18-auto,basic,instructions,888293096,250028987,250028987
1,stride16-clang18-auto-r1-stride16_scan-auto-warm-basic-24576,stride16-clang18-auto,basic,ref_cycles,548714188,250025259,250025259
1,stride16-clang18-auto-r1-stride16_scan-auto-cache_evicted-basic-536870912,stride16-clang18-auto,basic,cycles,603307145,274903038,274903038
1,stride16-clang18-auto-r1-stride16_scan-auto-cache_evicted-basic-536870912,stride16-clang18-auto,basic,instructions,99092277,274902027,274902027
1,stride16-clang18-auto-r1-stride16_scan-auto-cache_evicted-basic-536870912,stride16-clang18-auto,basic,ref_cycles,603310730,274899126,274899126
1,stride16-clang18-auto-r1-stride16_scan-auto-warm-branch-393216,stride16-clang18-auto,branch,cycles,548748771,250041529,250041529
1,stride16-clang18-auto-r1-stride16_scan-auto-warm-branch-393216,stride16-clang18-auto,branch,branches,7913858,250038051,250038051
1,stride16-clang18-auto-r1-stride16_scan-auto-warm-branch-393216,stride16-clang18-auto,branch,branch_misses,18946,250034074,250034074
1,stride16-clang18-auto-r1-stride16_scan-auto-warm-branch-7340032,stride16-clang18-auto,branch,cycles,549302587,250299920,250299920
1,stride16-clang18-auto-r1-stride16_scan-auto-warm-branch-7340032,stride16-clang18-auto,branch,branches,5135858,250300008,250300008
1,stride16-clang18-auto-r1-stride16_scan-auto-warm-branch-7340032,stride16-clang18-auto,branch,branch_misses,756,250295824,250295824
1,stride16-clang18-auto-r1-stride16_scan-auto-warm-basic-229376,stride16-clang18-auto,basic,cycles,548739365,250037711,250037711
1,stride16-clang18-auto-r1-stride16_scan-auto-warm-basic-229376,stride16-clang18-auto,basic,instructions,278960225,250035781,250035781
1,stride16-clang18-auto-r1-stride16_scan-auto-warm-basic-229376,stride16-clang18-auto,basic,ref_cycles,548741622,250032293,250032293
1,stride16-clang18-auto-r1-stride16_scan-auto-warm-basic-134217728,stride16-clang18-auto,basic,cycles,555718557,253222295,253222295
1,stride16-clang18-auto-r1-stride16_scan-auto-warm-basic-134217728,stride16-clang18-auto,basic,instructions,92017828,253221827,253221827
1,stride16-clang18-auto-r1-stride16_scan-auto-warm-basic-134217728,stride16-clang18-auto,basic,ref_cycles,555722002,253218070,253218070
1,stride16-clang18-auto-r1-stride16_scan-auto-warm-basic-524288,stride16-clang18-auto,basic,cycles,548751642,250041884,250041884
1,stride16-clang18-auto-r1-stride16_scan-auto-warm-basic-524288,stride16-clang18-auto,basic,instructions,198689568,250038977,250038977
1,stride16-clang18-auto-r1-stride16_scan-auto-warm-basic-524288,stride16-clang18-auto,basic,ref_cycles,548753238,250035908,250035908
1,stride16-clang18-auto-r1-stride16_scan-auto-warm-branch-131072,stride16-clang18-auto,branch,cycles,548732492,250033137,250033137
1,stride16-clang18-auto-r1-stride16_scan-auto-warm-branch-131072,stride16-clang18-auto,branch,branches,17581078,250031119,250031119
1,stride16-clang18-auto-r1-stride16_scan-auto-warm-branch-131072,stride16-clang18-auto,branch,branch_misses,107952,250027270,250027270
1,stride16-clang18-auto-r1-stride16_scan-auto-warm-branch-524288,stride16-clang18-auto,branch,cycles,548731458,250033518,250033518
1,stride16-clang18-auto-r1-stride16_scan-auto-warm-branch-524288,stride16-clang18-auto,branch,branches,7763690,250030659,250030659
1,stride16-clang18-auto-r1-stride16_scan-auto-warm-branch-524288,stride16-clang18-auto,branch,branch_misses,14231,250026562,250026562
1,stride16-clang18-auto-r1-stride16_scan-auto-warm-branch-24576,stride16-clang18-auto,branch,cycles,548731198,250032844,250032844
1,stride16-clang18-auto-r1-stride16_scan-auto-warm-branch-24576,stride16-clang18-auto,branch,branches,63198250,250031815,250031815
1,stride16-clang18-auto-r1-stride16_scan-auto-warm-branch-24576,stride16-clang18-auto,branch,branch_misses,398,250028619,250028619
1,stride16-clang18-auto-r1-stride16_scan-auto-cache_evicted-basic-33554432,stride16-clang18-auto,basic,cycles,553126251,252042683,252042683
1,stride16-clang18-auto-r1-stride16_scan-auto-cache_evicted-basic-33554432,stride16-clang18-auto,basic,instructions,92031946,252041505,252041505
1,stride16-clang18-auto-r1-stride16_scan-auto-cache_evicted-basic-33554432,stride16-clang18-auto,basic,ref_cycles,553129478,252037730,252037730
1,stride16-clang18-auto-r1-stride16_scan-auto-warm-branch-36864,stride16-clang18-auto,branch,cycles,548731967,250034000,250034000
1,stride16-clang18-auto-r1-stride16_scan-auto-warm-branch-36864,stride16-clang18-auto,branch,branches,25339409,250032504,250032504
1,stride16-clang18-auto-r1-stride16_scan-auto-warm-branch-36864,stride16-clang18-auto,branch,branch_misses,357042,250029302,250029302
1,stride16-clang18-auto-r1-stride16_scan-auto-warm-basic-33554432,stride16-clang18-auto,basic,cycles,553124419,252041190,252041190
1,stride16-clang18-auto-r1-stride16_scan-auto-warm-basic-33554432,stride16-clang18-auto,basic,instructions,92031946,252041067,252041067
1,stride16-clang18-auto-r1-stride16_scan-auto-warm-basic-33554432,stride16-clang18-auto,basic,ref_cycles,553127520,252037214,252037214
1,stride16-clang18-auto-r1-stride16_scan-auto-warm-branch-5242880,stride16-clang18-auto,branch,cycles,549019299,250169660,250169660
1,stride16-clang18-auto-r1-stride16_scan-auto-warm-branch-5242880,stride16-clang18-auto,branch,branches,6598524,250169724,250169724
1,stride16-clang18-auto-r1-stride16_scan-auto-warm-branch-5242880,stride16-clang18-auto,branch,branch_misses,1333,250165916,250165916
1,stride16-clang18-auto-r1-stride16_scan-auto-warm-branch-32768,stride16-clang18-auto,branch,cycles,548731063,250032674,250032674
1,stride16-clang18-auto-r1-stride16_scan-auto-warm-branch-32768,stride16-clang18-auto,branch,branches,54612661,250030578,250030578
1,stride16-clang18-auto-r1-stride16_scan-auto-warm-branch-32768,stride16-clang18-auto,branch,branch_misses,372603,250026770,250026770
1,stride16-clang18-auto-r1-stride16_scan-auto-warm-basic-262144,stride16-clang18-auto,basic,cycles,548736621,250035326,250035326
1,stride16-clang18-auto-r1-stride16_scan-auto-warm-basic-262144,stride16-clang18-auto,basic,instructions,256440962,250033877,250033877
1,stride16-clang18-auto-r1-stride16_scan-auto-warm-basic-262144,stride16-clang18-auto,basic,ref_cycles,548738828,250031148,250031148
1,stride16-clang18-auto-r1-stride16_scan-auto-cache_evicted-basic-262144,stride16-clang18-auto,basic,cycles,548745552,250040648,250040648
1,stride16-clang18-auto-r1-stride16_scan-auto-cache_evicted-basic-262144,stride16-clang18-auto,basic,instructions,246993931,250036856,250036856
1,stride16-clang18-auto-r1-stride16_scan-auto-cache_evicted-basic-262144,stride16-clang18-auto,basic,ref_cycles,548746528,250033229,250033229
1,stride16-clang18-auto-r1-stride16_scan-auto-warm-branch-4194304,stride16-clang18-auto,branch,cycles,548767605,250053800,250053800
1,stride16-clang18-auto-r1-stride16_scan-auto-warm-branch-4194304,stride16-clang18-auto,branch,branches,7147805,250052957,250052957
1,stride16-clang18-auto-r1-stride16_scan-auto-warm-branch-4194304,stride16-clang18-auto,branch,branch_misses,1778,250049286,250049286
1,stride16-clang18-auto-r2-stride16_scan-auto-cache_evicted-branch-32768,stride16-clang18-auto,branch,cycles,548731005,250033016,250033016
1,stride16-clang18-auto-r2-stride16_scan-auto-cache_evicted-branch-32768,stride16-clang18-auto,branch,branches,54736635,250029881,250029881
1,stride16-clang18-auto-r2-stride16_scan-auto-cache_evicted-branch-32768,stride16-clang18-auto,branch,branch_misses,445275,250025734,250025734
1,stride16-clang18-auto-r2-stride16_scan-auto-warm-basic-536870912,stride16-clang18-auto,basic,cycles,601980572,274301192,274301192
1,stride16-clang18-auto-r2-stride16_scan-auto-warm-basic-536870912,stride16-clang18-auto,basic,instructions,99092277,274300092,274300092
1,stride16-clang18-auto-r2-stride16_scan-auto-warm-basic-536870912,stride16-clang18-auto,basic,ref_cycles,601983624,274296172,274296172
1,stride16-clang18-auto-r2-stride16_scan-auto-warm-branch-1048576,stride16-clang18-auto,branch,cycles,548777152,250054688,250054688
1,stride16-clang18-auto-r2-stride16_scan-auto-warm-branch-1048576,stride16-clang18-auto,branch,branches,7534910,250051381,250051381
1,stride16-clang18-auto-r2-stride16_scan-auto-warm-branch-1048576,stride16-clang18-auto,branch,branch_misses,7156,250047219,250047219
1,stride16-clang18-auto-r2-stride16_scan-auto-warm-branch-8192,stride16-clang18-auto,branch,cycles,548730825,250032532,250032532
1,stride16-clang18-auto-r2-stride16_scan-auto-warm-branch-8192,stride16-clang18-auto,branch,branches,104792545,250029930,250029930
1,stride16-clang18-auto-r2-stride16_scan-auto-warm-branch-8192,stride16-clang18-auto,branch,branch_misses,559,250026238,250026238
1,stride16-clang18-auto-r2-stride16_scan-auto-warm-branch-229376,stride16-clang18-auto,branch,cycles,548732849,250034534,250034534
1,stride16-clang18-auto-r2-stride16_scan-auto-warm-branch-229376,stride16-clang18-auto,branch,branches,16733117,250032915,250032915
1,stride16-clang18-auto-r2-stride16_scan-auto-warm-branch-229376,stride16-clang18-auto,branch,branch_misses,64670,250029232,250029232
1,stride16-clang18-auto-r2-stride16_scan-auto-warm-branch-32768,stride16-clang18-auto,branch,cycles,548731344,250033656,250033656
1,stride16-clang18-auto-r2-stride16_scan-auto-warm-branch-32768,stride16-clang18-auto,branch,branches,54787462,250032156,250032156
1,stride16-clang18-auto-r2-stride16_scan-auto-warm-branch-32768,stride16-clang18-auto,branch,branch_misses,50043,250028978,250028978
1,stride16-clang18-auto-r2-stride16_scan-auto-warm-basic-393216,stride16-clang18-auto,basic,cycles,548742070,250036856,250036856
1,stride16-clang18-auto-r2-stride16_scan-auto-warm-basic-393216,stride16-clang18-auto,basic,instructions,199197407,250033809,250033809
1,stride16-clang18-auto-r2-stride16_scan-auto-warm-basic-393216,stride16-clang18-auto,basic,ref_cycles,548743162,250030083,250030083
1,stride16-clang18-auto-r2-stride16_scan-auto-warm-branch-6291456,stride16-clang18-auto,branch,cycles,549173554,250244891,250244891
1,stride16-clang18-auto-r2-stride16_scan-auto-warm-branch-6291456,stride16-clang18-auto,branch,branches,5919605,250243904,250243904
1,stride16-clang18-auto-r2-stride16_scan-auto-warm-branch-6291456,stride16-clang18-auto,branch,branch_misses,1018,250239095,250239095
1,stride16-clang18-auto-r2-stride16_scan-auto-warm-basic-1048576,stride16-clang18-auto,basic,cycles,548793293,250062371,250062371
1,stride16-clang18-auto-r2-stride16_scan-auto-warm-basic-1048576,stride16-clang18-auto,basic,instructions,197948255,250059956,250059956
1,stride16-clang18-auto-r2-stride16_scan-auto-warm-basic-1048576,stride16-clang18-auto,basic,ref_cycles,548795214,250056639,250056639
1,stride16-clang18-auto-r2-stride16_scan-auto-warm-basic-65536,stride16-clang18-auto,basic,cycles,548732868,250033583,250033583
1,stride16-clang18-auto-r2-stride16_scan-auto-warm-basic-65536,stride16-clang18-auto,basic,instructions,400929238,250031575,250031575
1,stride16-clang18-auto-r2-stride16_scan-auto-warm-basic-65536,stride16-clang18-auto,basic,ref_cycles,548734736,250028299,250028299
1,stride16-clang18-auto-r2-stride16_scan-auto-warm-branch-98304,stride16-clang18-auto,branch,cycles,548731285,250033156,250033156
1,stride16-clang18-auto-r2-stride16_scan-auto-warm-branch-98304,stride16-clang18-auto,branch,branches,18284682,250029604,250029604
1,stride16-clang18-auto-r2-stride16_scan-auto-warm-branch-98304,stride16-clang18-auto,branch,branch_misses,139663,250025531,250025531
1,stride16-clang18-auto-r2-stride16_scan-auto-cache_evicted-basic-32768,stride16-clang18-auto,basic,cycles,548730613,250031415,250031415
1,stride16-clang18-auto-r2-stride16_scan-auto-cache_evicted-basic-32768,stride16-clang18-auto,basic,instructions,849908766,250028699,250028699
1,stride16-clang18-auto-r2-stride16_scan-auto-cache_evicted-basic-32768,stride16-clang18-auto,basic,ref_cycles,548732052,250025315,250025315
1,stride16-clang18-auto-r2-stride16_scan-auto-warm-branch-16384,stride16-clang18-auto,branch,cycles,548730305,250031700,250031700
1,stride16-clang18-auto-r2-stride16_scan-auto-warm-branch-16384,stride16-clang18-auto,branch,branches,75621153,250028789,250028789
1,stride16-clang18-auto-r2-stride16_scan-auto-warm-branch-16384,stride16-clang18-auto,branch,branch_misses,431,250025001,250025001
1,stride16-clang18-auto-r2-stride16_scan-auto-warm-basic-8192,stride16-clang18-auto,basic,cycles,548730247,250030934,250030934
1,stride16-clang18-auto-r2-stride16_scan-auto-warm-basic-8192,stride16-clang18-auto,basic,instructions,963738681,250027832,250027832
1,stride16-clang18-auto-r2-stride16_scan-auto-warm-basic-8192,stride16-clang18-auto,basic,ref_cycles,548731150,250024222,250024222
1,stride16-clang18-auto-r2-stride16_scan-auto-warm-basic-134217728,stride16-clang18-auto,basic,cycles,551972610,251516113,251516113
1,stride16-clang18-auto-r2-stride16_scan-auto-warm-basic-134217728,stride16-clang18-auto,basic,instructions,92017828,251515924,251515924
1,stride16-clang18-auto-r2-stride16_scan-auto-warm-basic-134217728,stride16-clang18-auto,basic,ref_cycles,551975996,251512273,251512273
1,stride16-clang18-auto-r2-stride16_scan-auto-warm-branch-49152,stride16-clang18-auto,branch,cycles,548711869,250034105,250034105
1,stride16-clang18-auto-r2-stride16_scan-auto-warm-branch-49152,stride16-clang18-auto,branch,branches,24505123,250033205,250033205
1,stride16-clang18-auto-r2-stride16_scan-auto-warm-branch-49152,stride16-clang18-auto,branch,branch_misses,295367,250030393,250030393
1,stride16-clang18-auto-r2-stride16_scan-auto-warm-branch-4194304,stride16-clang18-auto,branch,cycles,548879859,250106282,250106282
1,stride16-clang18-auto-r2-stride16_scan-auto-warm-branch-4194304,stride16-clang18-auto,branch,branches,7192190,250105480,250105480
1,stride16-clang18-auto-r2-stride16_scan-auto-warm-branch-4194304,stride16-clang18-auto,branch,branch_misses,1789,250101558,250101558
1,stride16-clang18-auto-r2-stride16_scan-auto-warm-basic-8388608,stride16-clang18-auto,basic,cycles,549254072,250277045,250277045
1,stride16-clang18-auto-r2-stride16_scan-auto-warm-basic-8388608,stride16-clang18-auto,basic,instructions,135697323,250277427,250277427
1,stride16-clang18-auto-r2-stride16_scan-auto-warm-basic-8388608,stride16-clang18-auto,basic,ref_cycles,549257764,250274050,250274050
1,stride16-clang18-auto-r2-stride16_scan-auto-warm-basic-16384,stride16-clang18-auto,basic,cycles,548730944,250032287,250032287
1,stride16-clang18-auto-r2-stride16_scan-auto-warm-basic-16384,stride16-clang18-auto,basic,instructions,908901172,250029187,250029187
1,stride16-clang18-auto-r2-stride16_scan-auto-warm-basic-16384,stride16-clang18-auto,basic,ref_cycles,548732206,250025631,250025631
1,stride16-clang18-auto-r2-stride16_scan-auto-warm-basic-2097152,stride16-clang18-auto,basic,cycles,548879220,250101534,250101534
1,stride16-clang18-auto-r2-stride16_scan-auto-warm-basic-2097152,stride16-clang18-auto,basic,instructions,197554189,250100086,250100086
1,stride16-clang18-auto-r2-stride16_scan-auto-warm-basic-2097152,stride16-clang18-auto,basic,ref_cycles,548881542,250096749,250096749
1,stride16-clang18-auto-r2-stride16_scan-auto-warm-basic-262144,stride16-clang18-auto,basic,cycles,548734241,250033885,250033885
1,stride16-clang18-auto-r2-stride16_scan-auto-warm-basic-262144,stride16-clang18-auto,basic,instructions,306609779,250031215,250031215
1,stride16-clang18-auto-r2-stride16_scan-auto-warm-basic-262144,stride16-clang18-auto,basic,ref_cycles,548735880,250027844,250027844
1,stride16-clang18-auto-r2-stride16_scan-auto-warm-basic-294912,stride16-clang18-auto,basic,cycles,548745259,250038992,250038992
1,stride16-clang18-auto-r2-stride16_scan-auto-warm-basic-294912,stride16-clang18-auto,basic,instructions,218410655,250035638,250035638
1,stride16-clang18-auto-r2-stride16_scan-auto-warm-basic-294912,stride16-clang18-auto,basic,ref_cycles,548746528,250031979,250031979
1,stride16-clang18-auto-r2-stride16_scan-auto-warm-branch-536870912,stride16-clang18-auto,branch,cycles,607067072,276616952,276616952
1,stride16-clang18-auto-r2-stride16_scan-auto-warm-branch-536870912,stride16-clang18-auto,branch,branches,3670380,276616476,276616476
1,stride16-clang18-auto-r2-stride16_scan-auto-warm-branch-536870912,stride16-clang18-auto,branch,branch_misses,62,276612590,276612590
1,stride16-clang18-auto-r2-stride16_scan-auto-warm-branch-33554432,stride16-clang18-auto,branch,cycles,553362500,252150548,252150548
1,stride16-clang18-auto-r2-stride16_scan-auto-warm-branch-33554432,stride16-clang18-auto,branch,branches,3378828,252150073,252150073
1,stride16-clang18-auto-r2-stride16_scan-auto-warm-branch-33554432,stride16-clang18-auto,branch,branch_misses,133,252146232,252146232
1,stride16-clang18-auto-r2-stride16_scan-auto-cache_evicted-branch-33554432,stride16-clang18-auto,branch,cycles,553156707,252056386,252056386
1,stride16-clang18-auto-r2-stride16_scan-auto-cache_evicted-branch-33554432,stride16-clang18-auto,branch,branches,3378828,252055670,252055670
1,stride16-clang18-auto-r2-stride16_scan-auto-cache_evicted-branch-33554432,stride16-clang18-auto,branch,branch_misses,145,252051491,252051491
1,stride16-clang18-auto-r2-stride16_scan-auto-warm-branch-8388608,stride16-clang18-auto,branch,cycles,549111224,250212575,250212575
1,stride16-clang18-auto-r2-stride16_scan-auto-warm-branch-8388608,stride16-clang18-auto,branch,branches,4936319,250213040,250213040
1,stride16-clang18-auto-r2-stride16_scan-auto-warm-branch-8388608,stride16-clang18-auto,branch,branch_misses,648,250209892,250209892
1,stride16-clang18-auto-r2-stride16_scan-auto-warm-branch-7340032,stride16-clang18-auto,branch,cycles,549245561,250274986,250274986
1,stride16-clang18-auto-r2-stride16_scan-auto-warm-branch-7340032,stride16-clang18-auto,branch,branches,5474405,250273178,250273178
1,stride16-clang18-auto-r2-stride16_scan-auto-warm-branch-7340032,stride16-clang18-auto,branch,branch_misses,807,250269050,250269050
1,stride16-clang18-auto-r2-stride16_scan-auto-cache_evicted-basic-8388608,stride16-clang18-auto,basic,cycles,549295845,250297079,250297079
1,stride16-clang18-auto-r2-stride16_scan-auto-cache_evicted-basic-8388608,stride16-clang18-auto,basic,instructions,132598213,250298432,250298432
1,stride16-clang18-auto-r2-stride16_scan-auto-cache_evicted-basic-8388608,stride16-clang18-auto,basic,ref_cycles,549299432,250294863,250294863
1,stride16-clang18-auto-r2-stride16_scan-auto-warm-basic-6291456,stride16-clang18-auto,basic,cycles,549305321,250300000,250300000
1,stride16-clang18-auto-r2-stride16_scan-auto-warm-basic-6291456,stride16-clang18-auto,basic,instructions,139332503,250299502,250299502
1,stride16-clang18-auto-r2-stride16_scan-auto-warm-basic-6291456,stride16-clang18-auto,basic,ref_cycles,549308518,250296282,250296282
1,stride16-clang18-auto-r2-stride16_scan-auto-warm-branch-262144,stride16-clang18-auto,branch,cycles,548735037,250035980,250035980
1,stride16-clang18-auto-r2-stride16_scan-auto-warm-branch-262144,stride16-clang18-auto,branch,branches,11467589,250033820,250033820
1,stride16-clang18-auto-r2-stride16_scan-auto-warm-branch-262144,stride16-clang18-auto,branch,branch_misses,39483,250030581,250030581
1,stride16-clang18-auto-r2-stride16_scan-auto-warm-branch-5242880,stride16-clang18-auto,branch,cycles,548946395,250137138,250137138
1,stride16-clang18-auto-r2-stride16_scan-auto-warm-branch-5242880,stride16-clang18-auto,branch,branches,6046939,250136495,250136495
1,stride16-clang18-auto-r2-stride16_scan-auto-warm-branch-5242880,stride16-clang18-auto,branch,branch_misses,1222,250132519,250132519
1,stride16-clang18-auto-r2-stride16_scan-auto-warm-branch-24576,stride16-clang18-auto,branch,cycles,548730352,250032524,250032524
1,stride16-clang18-auto-r2-stride16_scan-auto-warm-branch-24576,stride16-clang18-auto,branch,branches,63220483,250029836,250029836
1,stride16-clang18-auto-r2-stride16_scan-auto-warm-branch-24576,stride16-clang18-auto,branch,branch_misses,331,250026550,250026550
1,stride16-clang18-auto-r2-stride16_scan-auto-cache_evicted-branch-8388608,stride16-clang18-auto,branch,cycles,549202564,250255316,250255316
1,stride16-clang18-auto-r2-stride16_scan-auto-cache_evicted-branch-8388608,stride16-clang18-auto,branch,branches,4938119,250255125,250255125
1,stride16-clang18-auto-r2-stride16_scan-auto-cache_evicted-branch-8388608,stride16-clang18-auto,branch,branch_misses,646,250251259,250251259
1,stride16-clang18-auto-r2-stride16_scan-auto-warm-branch-65536,stride16-clang18-auto,branch,cycles,548731313,250035264,250035264
1,stride16-clang18-auto-r2-stride16_scan-auto-warm-branch-65536,stride16-clang18-auto,branch,branches,20486258,250034193,250034193
1,stride16-clang18-auto-r2-stride16_scan-auto-warm-branch-65536,stride16-clang18-auto,branch,branch_misses,207045,250031106,250031106
1,stride16-clang18-auto-r2-stride16_scan-auto-warm-basic-12582912,stride16-clang18-auto,basic,cycles,549611206,250440103,250440103
1,stride16-clang18-auto-r2-stride16_scan-auto-warm-basic-12582912,stride16-clang18-auto,basic,instructions,103903125,250440851,250440851
1,stride16-clang18-auto-r2-stride16_scan-auto-warm-basic-12582912,stride16-clang18-auto,basic,ref_cycles,549614494,250437259,250437259
1,stride16-clang18-auto-r2-stride16_scan-auto-warm-basic-98304,stride16-clang18-auto,basic,cycles,548734039,250033640,250033640
1,stride16-clang18-auto-r2-stride16_scan-auto-warm-basic-98304,stride16-clang18-auto,basic,instructions,386964666,250031831,250031831
1,stride16-clang18-auto-r2-stride16_scan-auto-warm-basic-98304,stride16-clang18-auto,basic,ref_cycles,548736034,250029033,250029033
1,stride16-clang18-auto-r2-stride16_scan-auto-warm-branch-12582912,stride16-clang18-auto,branch,cycles,548765405,250055814,250055814
1,stride16-clang18-auto-r2-stride16_scan-auto-warm-branch-12582912,stride16-clang18-auto,branch,branches,3943479,250054838,250054838
1,stride16-clang18-auto-r2-stride16_scan-auto-warm-branch-12582912,stride16-clang18-auto,branch,branch_misses,365,250050627,250050627
1,stride16-clang18-auto-r2-stride16_scan-auto-warm-basic-131072,stride16-clang18-auto,basic,cycles,548735533,250035071,250035071
1,stride16-clang18-auto-r2-stride16_scan-auto-warm-basic-131072,stride16-clang18-auto,basic,instructions,394837033,250033171,250033171
1,stride16-clang18-auto-r2-stride16_scan-auto-warm-basic-131072,stride16-clang18-auto,basic,ref_cycles,548737640,250030223,250030223
1,stride16-clang18-auto-r2-stride16_scan-auto-warm-basic-24576,stride16-clang18-auto,basic,cycles,548731606,250033227,250033227
1,stride16-clang18-auto-r2-stride16_scan-auto-warm-basic-24576,stride16-clang18-auto,basic,instructions,884672900,250031167,250031167
1,stride16-clang18-auto-r2-stride16_scan-auto-warm-basic-24576,stride16-clang18-auto,basic,ref_cycles,548733966,250028476,250028476
1,stride16-clang18-auto-r2-stride16_scan-auto-warm-basic-49152,stride16-clang18-auto,basic,cycles,548731763,250031552,250031552
1,stride16-clang18-auto-r2-stride16_scan-auto-warm-basic-49152,stride16-clang18-auto,basic,instructions,409957186,250028438,250028438
1,stride16-clang18-auto-r2-stride16_scan-auto-warm-basic-49152,stride16-clang18-auto,basic,ref_cycles,548732668,250024819,250024819
1,stride16-clang18-auto-r2-stride16_scan-auto-warm-branch-2097152,stride16-clang18-auto,branch,cycles,548743590,250039632,250039632
1,stride16-clang18-auto-r2-stride16_scan-auto-warm-branch-2097152,stride16-clang18-auto,branch,branches,7426279,250036702,250036702
1,stride16-clang18-auto-r2-stride16_scan-auto-warm-branch-2097152,stride16-clang18-auto,branch,branch_misses,3600,250032729,250032729
1,stride16-clang18-auto-r2-stride16_scan-auto-cache_evicted-basic-33554432,stride16-clang18-auto,basic,cycles,553217688,252083448,252083448
1,stride16-clang18-auto-r2-stride16_scan-auto-cache_evicted-basic-33554432,stride16-clang18-auto,basic,instructions,92031946,252082132,252082132
1,stride16-clang18-auto-r2-stride16_scan-auto-cache_evicted-basic-33554432,stride16-clang18-auto,basic,ref_cycles,553221064,252078601,252078601
1,stride16-clang18-auto-r2-stride16_scan-auto-warm-basic-4194304,stride16-clang18-auto,basic,cycles,548830921,250080820,250080820
1,stride16-clang18-auto-r2-stride16_scan-auto-warm-basic-4194304,stride16-clang18-auto,basic,instructions,196733433,250080868,250080868
1,stride16-clang18-auto-r2-stride16_scan-auto-warm-basic-4194304,stride16-clang18-auto,basic,ref_cycles,548834132,250077464,250077464
1,stride16-clang18-auto-r2-stride16_scan-auto-cache_evicted-basic-262144,stride16-clang18-auto,basic,cycles,548743262,250038858,250038858
1,stride16-clang18-auto-r2-stride16_scan-auto-cache_evicted-basic-262144,stride16-clang18-auto,basic,instructions,287827460,250036437,250036437
1,stride16-clang18-auto-r2-stride16_scan-auto-cache_evicted-basic-262144,stride16-clang18-auto,basic,ref_cycles,548744790,250032859,250032859
1,stride16-clang18-auto-r2-stride16_scan-auto-warm-branch-134217728,stride16-clang18-auto,branch,cycles,553414148,252173699,252173699
1,stride16-clang18-auto-r2-stride16_scan-auto-warm-branch-134217728,stride16-clang18-auto,branch,branches,3408901,252172959,252172959
1,stride16-clang18-auto-r2-stride16_scan-auto-warm-branch-134217728,stride16-clang18-auto,branch,branch_misses,70,252168931,252168931
1,stride16-clang18-auto-r2-stride16_scan-auto-cache_evicted-basic-536870912,stride16-clang18-auto,basic,cycles,603005007,274766201,274766201
1,stride16-clang18-auto-r2-stride16_scan-auto-cache_evicted-basic-536870912,stride16-clang18-auto,basic,instructions,99092277,274766966,274766966
1,stride16-clang18-auto-r2-stride16_scan-auto-cache_evicted-basic-536870912,stride16-clang18-auto,basic,ref_cycles,603008450,274764150,274764150
1,stride16-clang18-auto-r2-stride16_scan-auto-warm-basic-5242880,stride16-clang18-auto,basic,cycles,548996754,250157617,250157617
1,stride16-clang18-auto-r2-stride16_scan-auto-warm-basic-5242880,stride16-clang18-auto,basic,instructions,178702089,250157956,250157956
1,stride16-clang18-auto-r2-stride16_scan-auto-warm-basic-5242880,stride16-clang18-auto,basic,ref_cycles,549000122,250154925,250154925
1,stride16-clang18-auto-r2-stride16_scan-auto-warm-basic-32768,stride16-clang18-auto,basic,cycles,548731235,250032585,250032585
1,stride16-clang18-auto-r2-stride16_scan-auto-warm-basic-32768,stride16-clang18-auto,basic,instructions,858446180,250029426,250029426
1,stride16-clang18-auto-r2-stride16_scan-auto-warm-basic-32768,stride16-clang18-auto,basic,ref_cycles,548732250,250025914,250025914
1,stride16-clang18-auto-r2-stride16_scan-auto-warm-branch-131072,stride16-clang18-auto,branch,cycles,548733684,250034134,250034134
1,stride16-clang18-auto-r2-stride16_scan-auto-warm-branch-131072,stride16-clang18-auto,branch,branches,17580723,250031815,250031815
1,stride16-clang18-auto-r2-stride16_scan-auto-warm-branch-131072,stride16-clang18-auto,branch,branch_misses,107929,250027952,250027952
1,stride16-clang18-auto-r2-stride16_scan-auto-warm-branch-196608,stride16-clang18-auto,branch,cycles,548736064,250036208,250036208
1,stride16-clang18-auto-r2-stride16_scan-auto-warm-branch-196608,stride16-clang18-auto,branch,branches,13669391,250034894,250034894
1,stride16-clang18-auto-r2-stride16_scan-auto-warm-branch-196608,stride16-clang18-auto,branch,branch_misses,60273,250031294,250031294
1,stride16-clang18-auto-r2-stride16_scan-auto-warm-branch-36864,stride16-clang18-auto,branch,cycles,548731447,250034907,250034907
1,stride16-clang18-auto-r2-stride16_scan-auto-warm-branch-36864,stride16-clang18-auto,branch,branches,25290681,250033489,250033489
1,stride16-clang18-auto-r2-stride16_scan-auto-warm-branch-36864,stride16-clang18-auto,branch,branch_misses,356365,250029750,250029750
1,stride16-clang18-auto-r2-stride16_scan-auto-warm-basic-7340032,stride16-clang18-auto,basic,cycles,549350002,250321268,250321268
1,stride16-clang18-auto-r2-stride16_scan-auto-warm-basic-7340032,stride16-clang18-auto,basic,instructions,128243880,250321436,250321436
1,stride16-clang18-auto-r2-stride16_scan-auto-warm-basic-7340032,stride16-clang18-auto,basic,ref_cycles,549353596,250318078,250318078
1,stride16-clang18-auto-r2-stride16_scan-auto-cache_evicted-branch-262144,stride16-clang18-auto,branch,cycles,548731528,250033506,250033506
1,stride16-clang18-auto-r2-stride16_scan-auto-cache_evicted-branch-262144,stride16-clang18-auto,branch,branches,10042259,250029958,250029958
1,stride16-clang18-auto-r2-stride16_scan-auto-cache_evicted-branch-262144,stride16-clang18-auto,branch,branch_misses,34557,250025684,250025684
1,stride16-clang18-auto-r2-stride16_scan-auto-cache_evicted-basic-6291456,stride16-clang18-auto,basic,cycles,549227250,250265169,250265169
1,stride16-clang18-auto-r2-stride16_scan-auto-cache_evicted-basic-6291456,stride16-clang18-auto,basic,instructions,135180762,250264242,250264242
1,stride16-clang18-auto-r2-stride16_scan-auto-cache_evicted-basic-6291456,stride16-clang18-auto,basic,ref_cycles,549230176,250260777,250260777
1,stride16-clang18-auto-r2-stride16_scan-auto-warm-basic-33554432,stride16-clang18-auto,basic,cycles,549066983,250192100,250192100
1,stride16-clang18-auto-r2-stride16_scan-auto-warm-basic-33554432,stride16-clang18-auto,basic,instructions,91147441,250191627,250191627
1,stride16-clang18-auto-r2-stride16_scan-auto-warm-basic-33554432,stride16-clang18-auto,basic,ref_cycles,549070346,250188169,250188169
1,stride16-clang18-auto-r2-stride16_scan-auto-cache_evicted-branch-6291456,stride16-clang18-auto,branch,cycles,548933980,250133536,250133536
1,stride16-clang18-auto-r2-stride16_scan-auto-cache_evicted-branch-6291456,stride16-clang18-auto,branch,branches,6648723,250134002,250134002
1,stride16-clang18-auto-r2-stride16_scan-auto-cache_evicted-branch-6291456,stride16-clang18-auto,branch,branch_misses,1124,250130052,250130052
1,stride16-clang18-auto-r2-stride16_scan-auto-warm-basic-36864,stride16-clang18-auto,basic,cycles,548730541,250031068,250031068
1,stride16-clang18-auto-r2-stride16_scan-auto-warm-basic-36864,stride16-clang18-auto,basic,instructions,429971323,250027582,250027582
1,stride16-clang18-auto-r2-stride16_scan-auto-warm-basic-36864,stride16-clang18-auto,basic,ref_cycles,548731700,250023822,250023822
1,stride16-clang18-auto-r2-stride16_scan-auto-warm-branch-294912,stride16-clang18-auto,branch,cycles,548741788,250036660,250036660
1,stride16-clang18-auto-r2-stride16_scan-auto-warm-branch-294912,stride16-clang18-auto,branch,branches,9834247,250033513,250033513
1,stride16-clang18-auto-r2-stride16_scan-auto-warm-branch-294912,stride16-clang18-auto,branch,branch_misses,30208,250029646,250029646
1,stride16-clang18-auto-r2-stride16_scan-auto-warm-basic-196608,stride16-clang18-auto,basic,cycles,548731677,250030954,250030954
1,stride16-clang18-auto-r2-stride16_scan-auto-warm-basic-196608,stride16-clang18-auto,basic,instructions,301540548,250028133,250028133
1,stride16-clang18-auto-r2-stride16_scan-auto-warm-basic-196608,stride16-clang18-auto,basic,ref_cycles,548732690,250024378,250024378
1,stride16-clang18-auto-r2-stride16_scan-auto-warm-basic-524288,stride16-clang18-auto,basic,cycles,548760939,250046124,250046124
1,stride16-clang18-auto-r2-stride16_scan-auto-warm-basic-524288,stride16-clang18-auto,basic,instructions,198689513,250045283,250045283
1,stride16-clang18-auto-r2-stride16_scan-auto-warm-basic-524288,stride16-clang18-auto,basic,ref_cycles,548762962,250041985,250041985
1,stride16-clang18-auto-r2-stride16_scan-auto-warm-branch-524288,stride16-clang18-auto,branch,cycles,548735626,250035959,250035959
1,stride16-clang18-auto-r2-stride16_scan-auto-warm-branch-524288,stride16-clang18-auto,branch,branches,7805228,250034173,250034173
1,stride16-clang18-auto-r2-stride16_scan-auto-warm-branch-524288,stride16-clang18-auto,branch,branch_misses,14253,250030598,250030598
1,stride16-clang18-auto-r2-stride16_scan-auto-cache_evicted-basic-1048576,stride16-clang18-auto,basic,cycles,548742908,250037320,250037320
1,stride16-clang18-auto-r2-stride16_scan-auto-cache_evicted-basic-1048576,stride16-clang18-auto,basic,instructions,198003927,250033793,250033793
1,stride16-clang18-auto-r2-stride16_scan-auto-cache_evicted-basic-1048576,stride16-clang18-auto,basic,ref_cycles,548743888,250030201,250030201
1,stride16-clang18-auto-r2-stride16_scan-auto-warm-branch-393216,stride16-clang18-auto,branch,cycles,548738113,250035028,250035028
1,stride16-clang18-auto-r2-stride16_scan-auto-warm-branch-393216,stride16-clang18-auto,branch,branches,7921330,250031907,250031907
1,stride16-clang18-auto-r2-stride16_scan-auto-warm-branch-393216,stride16-clang18-auto,branch,branch_misses,18946,250027811,250027811
1,stride16-clang18-auto-r2-stride16_scan-auto-cache_evicted-branch-536870912,stride16-clang18-auto,branch,cycles,603829050,275143597,275143597
1,stride16-clang18-auto-r2-stride16_scan-auto-cache_evicted-branch-536870912,stride16-clang18-auto,branch,branches,3670380,275143391,275143391
1,stride16-clang18-auto-r2-stride16_scan-auto-cache_evicted-branch-536870912,stride16-clang18-auto,branch,branch_misses,67,275139869,275139869
1,stride16-clang18-auto-r2-stride16_scan-auto-warm-basic-28672,stride16-clang18-auto,basic,cycles,548731095,250033238,250033238
1,stride16-clang18-auto-r2-stride16_scan-auto-warm-basic-28672,stride16-clang18-auto,basic,instructions,874613315,250031321,250031321
1,stride16-clang18-auto-r2-stride16_scan-auto-warm-basic-28672,stride16-clang18-auto,basic,ref_cycles,548733328,250027959,250027959
1,stride16-clang18-auto-r2-stride16_scan-auto-cache_evicted-branch-1048576,stride16-clang18-auto,branch,cycles,548739091,250040305,250040305
1,stride16-clang18-auto-r2-stride16_scan-auto-cache_evicted-branch-1048576,stride16-clang18-auto,branch,branches,7529636,250038115,250038115
1,stride16-clang18-auto-r2-stride16_scan-auto-cache_evicted-branch-1048576,stride16-clang18-auto,branch,branch_misses,7169,250034165,250034165
1,stride16-clang18-auto-r2-stride16_scan-auto-warm-basic-229376,stride16-clang18-auto,basic,cycles,548736089,250033899,250033899
1,stride16-clang18-auto-r2-stride16_scan-auto-warm-basic-229376,stride16-clang18-auto,basic,instructions,359040215,250030266,250030266
1,stride16-clang18-auto-r2-stride16_scan-auto-warm-basic-229376,stride16-clang18-auto,basic,ref_cycles,548736980,250026491,250026491
1,stride16-clang18-auto-r2-stride16_scan-auto-warm-branch-28672,stride16-clang18-auto,branch,cycles,548731258,250032042,250032042
1,stride16-clang18-auto-r2-stride16_scan-auto-warm-branch-28672,stride16-clang18-auto,branch,branches,58830645,250032441,250032441
1,stride16-clang18-auto-r2-stride16_scan-auto-warm-branch-28672,stride16-clang18-auto,branch,branch_misses,312,250029259,250029259
1,stride16-clang18-auto-r3-stride16_scan-auto-warm-branch-6291456,stride16-clang18-auto,branch,cycles,549183593,250244408,250244408
1,stride16-clang18-auto-r3-stride16_scan-auto-warm-branch-6291456,stride16-clang18-auto,branch,branches,5103973,250243975,250243975
1,stride16-clang18-auto-r3-stride16_scan-auto-warm-branch-6291456,stride16-clang18-auto,branch,branch_misses,872,250239522,250239522
1,stride16-clang18-auto-r3-stride16_scan-auto-warm-branch-536870912,stride16-clang18-auto,branch,cycles,637423408,290449741,290449741
1,stride16-clang18-auto-r3-stride16_scan-auto-warm-branch-536870912,stride16-clang18-auto,branch,branches,3670380,290448427,290448427
1,stride16-clang18-auto-r3-stride16_scan-auto-warm-branch-536870912,stride16-clang18-auto,branch,branch_misses,78,290443878,290443878
1,stride16-clang18-auto-r3-stride16_scan-auto-cache_evicted-branch-6291456,stride16-clang18-auto,branch,cycles,548875450,250107153,250107153
1,stride16-clang18-auto-r3-stride16_scan-auto-cache_evicted-branch-6291456,stride16-clang18-auto,branch,branches,4436643,250106188,250106188
1,stride16-clang18-auto-r3-stride16_scan-auto-cache_evicted-branch-6291456,stride16-clang18-auto,branch,branch_misses,773,250102207,250102207
1,stride16-clang18-auto-r3-stride16_scan-auto-warm-basic-2097152,stride16-clang18-auto,basic,cycles,548857532,250092930,250092930
1,stride16-clang18-auto-r3-stride16_scan-auto-warm-basic-2097152,stride16-clang18-auto,basic,instructions,196943942,250091588,250091588
1,stride16-clang18-auto-r3-stride16_scan-auto-warm-basic-2097152,stride16-clang18-auto,basic,ref_cycles,548860400,250088059,250088059
1,stride16-clang18-auto-r3-stride16_scan-auto-warm-branch-524288,stride16-clang18-auto,branch,cycles,548767214,250053217,250053217
1,stride16-clang18-auto-r3-stride16_scan-auto-warm-branch-524288,stride16-clang18-auto,branch,branches,7753862,250050484,250050484
1,stride16-clang18-auto-r3-stride16_scan-auto-warm-branch-524288,stride16-clang18-auto,branch,branch_misses,14245,250046346,250046346
1,stride16-clang18-auto-r3-stride16_scan-auto-warm-branch-8192,stride16-clang18-auto,branch,cycles,548731469,250034993,250034993
1,stride16-clang18-auto-r3-stride16_scan-auto-warm-branch-8192,stride16-clang18-auto,branch,branches,104059200,250033152,250033152
1,stride16-clang18-auto-r3-stride16_scan-auto-warm-branch-8192,stride16-clang18-auto,branch,branch_misses,746,250029255,250029255
1,stride16-clang18-auto-r3-stride16_scan-auto-warm-branch-134217728,stride16-clang18-auto,branch,cycles,567391803,258544407,258544407
1,stride16-clang18-auto-r3-stride16_scan-auto-warm-branch-134217728,stride16-clang18-auto,branch,branches,3408901,258543161,258543161
1,stride16-clang18-auto-r3-stride16_scan-auto-warm-branch-134217728,stride16-clang18-auto,branch,branch_misses,119,258538492,258538492
1,stride16-clang18-auto-r3-stride16_scan-auto-warm-branch-33554432,stride16-clang18-auto,branch,cycles,550663152,250922993,250922993
1,stride16-clang18-auto-r3-stride16_scan-auto-warm-branch-33554432,stride16-clang18-auto,branch,branches,3083601,250921470,250921470
1,stride16-clang18-auto-r3-stride16_scan-auto-warm-branch-33554432,stride16-clang18-auto,branch,branch_misses,199,250917091,250917091
1,stride16-clang18-auto-r3-stride16_scan-auto-warm-basic-196608,stride16-clang18-auto,basic,cycles,548735520,250035666,250035666
1,stride16-clang18-auto-r3-stride16_scan-auto-warm-basic-196608,stride16-clang18-auto,basic,instructions,411191958,250034899,250034899
1,stride16-clang18-auto-r3-stride16_scan-auto-warm-basic-196608,stride16-clang18-auto,basic,ref_cycles,548738344,250031575,250031575
1,stride16-clang18-auto-r3-stride16_scan-auto-cache_evicted-basic-262144,stride16-clang18-auto,basic,cycles,548743886,250044037,250044037
1,stride16-clang18-auto-r3-stride16_scan-auto-cache_evicted-basic-262144,stride16-clang18-auto,basic,instructions,269726145,250042644,250042644
1,stride16-clang18-auto-r3-stride16_scan-auto-cache_evicted-basic-262144,stride16-clang18-auto,basic,ref_cycles,548746572,250039792,250039792
1,stride16-clang18-auto-r3-stride16_scan-auto-warm-basic-49152,stride16-clang18-auto,basic,cycles,548732707,250034475,250034475
1,stride16-clang18-auto-r3-stride16_scan-auto-warm-basic-49152,stride16-clang18-auto,basic,instructions,406075553,250033186,250033186
1,stride16-clang18-auto-r3-stride16_scan-auto-warm-basic-49152,stride16-clang18-auto,basic,ref_cycles,548735176,250029589,250029589
1,stride16-clang18-auto-r3-stride16_scan-auto-warm-branch-131072,stride16-clang18-auto,branch,cycles,548731068,250034578,250034578
1,stride16-clang18-auto-r3-stride16_scan-auto-warm-branch-131072,stride16-clang18-auto,branch,branches,17630138,250033491,250033491
1,stride16-clang18-auto-r3-stride16_scan-auto-warm-branch-131072,stride16-clang18-auto,branch,branch_misses,108347,250029827,250029827
1,stride16-clang18-auto-r3-stride16_scan-auto-warm-basic-229376,stride16-clang18-auto,basic,cycles,548731770,250034169,250034169
1,stride16-clang18-auto-r3-stride16_scan-auto-warm-basic-229376,stride16-clang18-auto,basic,instructions,299136855,250032381,250032381
1,stride16-clang18-auto-r3-stride16_scan-auto-warm-basic-229376,stride16-clang18-auto,basic,ref_cycles,548734384,250029749,250029749
1,stride16-clang18-auto-r3-stride16_scan-auto-warm-basic-36864,stride16-clang18-auto,basic,cycles,548732328,250034091,250034091
1,stride16-clang18-auto-r3-stride16_scan-auto-warm-basic-36864,stride16-clang18-auto,basic,instructions,404518772,250032901,250032901
1,stride16-clang18-auto-r3-stride16_scan-auto-warm-basic-36864,stride16-clang18-auto,basic,ref_cycles,548735374,250029706,250029706
1,stride16-clang18-auto-r3-stride16_scan-auto-warm-branch-1048576,stride16-clang18-auto,branch,cycles,548753339,250044958,250044958
1,stride16-clang18-auto-r3-stride16_scan-auto-warm-branch-1048576,stride16-clang18-auto,branch,branches,7530678,250043938,250043938
1,stride16-clang18-auto-r3-stride16_scan-auto-warm-branch-1048576,stride16-clang18-auto,branch,branch_misses,7182,250040250,250040250
1,stride16-clang18-auto-r3-stride16_scan-auto-warm-basic-294912,stride16-clang18-auto,basic,cycles,548736969,250035875,250035875
1,stride16-clang18-auto-r3-stride16_scan-auto-warm-basic-294912,stride16-clang18-auto,basic,instructions,275599347,250034455,250034455
1,stride16-clang18-auto-r3-stride16_scan-auto-warm-basic-294912,stride16-clang18-auto,basic,ref_cycles,548739312,250031443,250031443
1,stride16-clang18-auto-r3-stride16_scan-auto-warm-basic-393216,stride16-clang18-auto,basic,cycles,548741112,250038351,250038351
1,stride16-clang18-auto-r3-stride16_scan-auto-warm-basic-393216,stride16-clang18-auto,basic,instructions,208122171,250037296,250037296
1,stride16-clang18-auto-r3-stride16_scan-auto-warm-basic-393216,stride16-clang18-auto,basic,ref_cycles,548743844,250034227,250034227
1,stride16-clang18-auto-r3-stride16_scan-auto-cache_evicted-basic-32768,stride16-clang18-auto,basic,cycles,548731279,250039236,250039236
1,stride16-clang18-auto-r3-stride16_scan-auto-cache_evicted-basic-32768,stride16-clang18-auto,basic,instructions,840430566,250036933,250036933
1,stride16-clang18-auto-r3-stride16_scan-auto-cache_evicted-basic-32768,stride16-clang18-auto,basic,ref_cycles,548734472,250033096,250033096
1,stride16-clang18-auto-r3-stride16_scan-auto-cache_evicted-basic-536870912,stride16-clang18-auto,basic,cycles,601964247,274291788,274291788
1,stride16-clang18-auto-r3-stride16_scan-auto-cache_evicted-basic-536870912,stride16-clang18-auto,basic,instructions,99092277,274290029,274290029
1,stride16-clang18-auto-r3-stride16_scan-auto-cache_evicted-basic-536870912,stride16-clang18-auto,basic,ref_cycles,601967278,274286759,274286759
1,stride16-clang18-auto-r3-stride16_scan-auto-warm-basic-4194304,stride16-clang18-auto,basic,cycles,548992224,250154223,250154223
1,stride16-clang18-auto-r3-stride16_scan-auto-warm-basic-4194304,stride16-clang18-auto,basic,instructions,183662212,250154709,250154709
1,stride16-clang18-auto-r3-stride16_scan-auto-warm-basic-4194304,stride16-clang18-auto,basic,ref_cycles,548995766,250151666,250151666
1,stride16-clang18-auto-r3-stride16_scan-auto-warm-basic-98304,stride16-clang18-auto,basic,cycles,548733385,250034359,250034359
1,stride16-clang18-auto-r3-stride16_scan-auto-warm-basic-98304,stride16-clang18-auto,basic,instructions,387006269,250032451,250032451
1,stride16-clang18-auto-r3-stride16_scan-auto-warm-basic-98304,stride16-clang18-auto,basic,ref_cycles,548735440,250029221,250029221
1,stride16-clang18-auto-r3-stride16_scan-auto-cache_evicted-branch-32768,stride16-clang18-auto,branch,cycles,548731439,250035700,250035700
1,stride16-clang18-auto-r3-stride16_scan-auto-cache_evicted-branch-32768,stride16-clang18-auto,branch,branches,54507946,250033271,250033271
1,stride16-clang18-auto-r3-stride16_scan-auto-cache_evicted-branch-32768,stride16-clang18-auto,branch,branch_misses,126129,250029224,250029224
1,stride16-clang18-auto-r3-stride16_scan-auto-warm-branch-294912,stride16-clang18-auto,branch,cycles,548749475,250042146,250042146
1,stride16-clang18-auto-r3-stride16_scan-auto-warm-branch-294912,stride16-clang18-auto,branch,branches,9546091,250040163,250040163
1,stride16-clang18-auto-r3-stride16_scan-auto-warm-branch-294912,stride16-clang18-auto,branch,branch_misses,29618,250036531,250036531
1,stride16-clang18-auto-r3-stride16_scan-auto-warm-basic-524288,stride16-clang18-auto,basic,cycles,548741098,250036916,250036916
1,stride16-clang18-auto-r3-stride16_scan-auto-warm-basic-524288,stride16-clang18-auto,basic,instructions,198703580,250034904,250034904
1,stride16-clang18-auto-r3-stride16_scan-auto-warm-basic-524288,stride16-clang18-auto,basic,ref_cycles,548743184,250031857,250031857
1,stride16-clang18-auto-r3-stride16_scan-auto-cache_evicted-branch-1048576,stride16-clang18-auto,branch,cycles,548763114,250050749,250050749
1,stride16-clang18-auto-r3-stride16_scan-auto-cache_evicted-branch-1048576,stride16-clang18-auto,branch,branches,7531739,250049225,250049225
1,stride16-clang18-auto-r3-stride16_scan-auto-cache_evicted-branch-1048576,stride16-clang18-auto,branch,branch_misses,7169,250045174,250045174
1,stride16-clang18-auto-r3-stride16_scan-auto-warm-basic-8388608,stride16-clang18-auto,basic,cycles,549308643,250304207,250304207
1,stride16-clang18-auto-r3-stride16_scan-auto-warm-basic-8388608,stride16-clang18-auto,basic,instructions,125957263,250303815,250303815
1,stride16-clang18-auto-r3-stride16_scan-auto-warm-basic-8388608,stride16-clang18-auto,basic,ref_cycles,549311884,250300456,250300456
1,stride16-clang18-auto-r3-stride16_scan-auto-cache_evicted-basic-8388608,stride16-clang18-auto,basic,cycles,549261806,250282096,250282096
1,stride16-clang18-auto-r3-stride16_scan-auto-cache_evicted-basic-8388608,stride16-clang18-auto,basic,instructions,135033228,250281404,250281404
1,stride16-clang18-auto-r3-stride16_scan-auto-cache_evicted-basic-8388608,stride16-clang18-auto,basic,ref_cycles,549265332,250277819,250277819
1,stride16-clang18-auto-r3-stride16_scan-auto-warm-basic-7340032,stride16-clang18-auto,basic,cycles,549101523,250206190,250206190
1,stride16-clang18-auto-r3-stride16_scan-auto-warm-basic-7340032,stride16-clang18-auto,basic,instructions,147225498,250206312,250206312
1,stride16-clang18-auto-r3-stride16_scan-auto-warm-basic-7340032,stride16-clang18-auto,basic,ref_cycles,549104798,250202916,250202916
1,stride16-clang18-auto-r3-stride16_scan-auto-cache_evicted-branch-8388608,stride16-clang18-auto,branch,cycles,548840637,250090541,250090541
1,stride16-clang18-auto-r3-stride16_scan-auto-cache_evicted-branch-8388608,stride16-clang18-auto,branch,branches,4993909,250089648,250089648
1,stride16-clang18-auto-r3-stride16_scan-auto-cache_evicted-branch-8388608,stride16-clang18-auto,branch,branch_misses,659,250085855,250085855
1,stride16-clang18-auto-r3-stride16_scan-auto-warm-branch-28672,stride16-clang18-auto,branch,cycles,548731210,250033721,250033721
1,stride16-clang18-auto-r3-stride16_scan-auto-warm-branch-28672,stride16-clang18-auto,branch,branches,58688210,250031348,250031348
1,stride16-clang18-auto-r3-stride16_scan-auto-warm-branch-28672,stride16-clang18-auto,branch,branch_misses,347,250027743,250027743
1,stride16-clang18-auto-r3-stride16_scan-auto-warm-branch-12582912,stride16-clang18-auto,branch,cycles,550168502,250696025,250696025
1,stride16-clang18-auto-r3-stride16_scan-auto-warm-branch-12582912,stride16-clang18-auto,branch,branches,3955806,250696417,250696417
1,stride16-clang18-auto-r3-stride16_scan-auto-warm-branch-12582912,stride16-clang18-auto,branch,branch_misses,375,250691959,250691959
1,stride16-clang18-auto-r3-stride16_scan-auto-warm-basic-131072,stride16-clang18-auto,basic,cycles,548730963,250032469,250032469
1,stride16-clang18-auto-r3-stride16_scan-auto-warm-basic-131072,stride16-clang18-auto,basic,instructions,398521430,250030169,250030169
1,stride16-clang18-auto-r3-stride16_scan-auto-warm-basic-131072,stride16-clang18-auto,basic,ref_cycles,548732800,250026898,250026898
1,stride16-clang18-auto-r3-stride16_scan-auto-warm-branch-2097152,stride16-clang18-auto,branch,cycles,548867260,250097077,250097077
1,stride16-clang18-auto-r3-stride16_scan-auto-warm-branch-2097152,stride16-clang18-auto,branch,branches,7417693,250094865,250094865
1,stride16-clang18-auto-r3-stride16_scan-auto-warm-branch-2097152,stride16-clang18-auto,branch,branch_misses,3619,250090978,250090978
1,stride16-clang18-auto-r3-stride16_scan-auto-warm-basic-5242880,stride16-clang18-auto,basic,cycles,549124788,250216739,250216739
1,stride16-clang18-auto-r3-stride16_scan-auto-warm-basic-5242880,stride16-clang18-auto,basic,instructions,151156310,250216311,250216311
1,stride16-clang18-auto-r3-stride16_scan-auto-warm-basic-5242880,stride16-clang18-auto,basic,ref_cycles,549127876,250212523,250212523
1,stride16-clang18-auto-r3-stride16_scan-auto-warm-basic-33554432,stride16-clang18-auto,basic,cycles,550752307,250959691,250959691
1,stride16-clang18-auto-r3-stride16_scan-auto-warm-basic-33554432,stride16-clang18-auto,basic,instructions,90262112,250959513,250959513
1,stride16-clang18-auto-r3-stride16_scan-auto-warm-basic-33554432,stride16-clang18-auto,basic,ref_cycles,550755722,250955728,250955728
1,stride16-clang18-auto-r3-stride16_scan-auto-warm-branch-65536,stride16-clang18-auto,branch,cycles,548732439,250033404,250033404
1,stride16-clang18-auto-r3-stride16_scan-auto-warm-branch-65536,stride16-clang18-auto,branch,branches,20477644,250030792,250030792
1,stride16-clang18-auto-r3-stride16_scan-auto-warm-branch-65536,stride16-clang18-auto,branch,branch_misses,206944,250027086,250027086
1,stride16-clang18-auto-r3-stride16_scan-auto-warm-basic-24576,stride16-clang18-auto,basic,cycles,548730765,250031891,250031891
1,stride16-clang18-auto-r3-stride16_scan-auto-warm-basic-24576,stride16-clang18-auto,basic,instructions,888276044,250029793,250029793
1,stride16-clang18-auto-r3-stride16_scan-auto-warm-basic-24576,stride16-clang18-auto,basic,ref_cycles,548732448,250026323,250026323
1,stride16-clang18-auto-r3-stride16_scan-auto-warm-branch-49152,stride16-clang18-auto,branch,cycles,548731313,250035399,250035399
1,stride16-clang18-auto-r3-stride16_scan-auto-warm-branch-49152,stride16-clang18-auto,branch,branches,22540135,250033231,250033231
1,stride16-clang18-auto-r3-stride16_scan-auto-warm-branch-49152,stride16-clang18-auto,branch,branch_misses,271709,250029765,250029765
1,stride16-clang18-auto-r3-stride16_scan-auto-warm-branch-5242880,stride16-clang18-auto,branch,cycles,548907236,250118089,250118089
1,stride16-clang18-auto-r3-stride16_scan-auto-warm-branch-5242880,stride16-clang18-auto,branch,branches,5969609,250118555,250118555
1,stride16-clang18-auto-r3-stride16_scan-auto-warm-branch-5242880,stride16-clang18-auto,branch,branch_misses,1210,250114874,250114874
1,stride16-clang18-auto-r3-stride16_scan-auto-warm-basic-65536,stride16-clang18-auto,basic,cycles,548732695,250032933,250032933
1,stride16-clang18-auto-r3-stride16_scan-auto-warm-basic-65536,stride16-clang18-auto,basic,instructions,391867055,250030154,250030154
1,stride16-clang18-auto-r3-stride16_scan-auto-warm-basic-65536,stride16-clang18-auto,basic,ref_cycles,548734076,250026537,250026537
1,stride16-clang18-auto-r3-stride16_scan-auto-warm-branch-36864,stride16-clang18-auto,branch,cycles,548731062,250033910,250033910
1,stride16-clang18-auto-r3-stride16_scan-auto-warm-branch-36864,stride16-clang18-auto,branch,branches,25017906,250031894,250031894
1,stride16-clang18-auto-r3-stride16_scan-auto-warm-branch-36864,stride16-clang18-auto,branch,branch_misses,352456,250028230,250028230
1,stride16-clang18-auto-r3-stride16_scan-auto-cache_evicted-branch-536870912,stride16-clang18-auto,branch,cycles,603102806,274812968,274812968
1,stride16-clang18-auto-r3-stride16_scan-auto-cache_evicted-branch-536870912,stride16-clang18-auto,branch,branches,3670380,274811985,274811985
1,stride16-clang18-auto-r3-stride16_scan-auto-cache_evicted-branch-536870912,stride16-clang18-auto,branch,branch_misses,59,274808148,274808148
1,stride16-clang18-auto-r3-stride16_scan-auto-cache_evicted-branch-262144,stride16-clang18-auto,branch,cycles,548732049,250034583,250034583
1,stride16-clang18-auto-r3-stride16_scan-auto-cache_evicted-branch-262144,stride16-clang18-auto,branch,branches,12897588,250032168,250032168
1,stride16-clang18-auto-r3-stride16_scan-auto-cache_evicted-branch-262144,stride16-clang18-auto,branch,branch_misses,44397,250028545,250028545
1,stride16-clang18-auto-r3-stride16_scan-auto-warm-basic-134217728,stride16-clang18-auto,basic,cycles,552753424,251873048,251873048
1,stride16-clang18-auto-r3-stride16_scan-auto-warm-basic-134217728,stride16-clang18-auto,basic,instructions,92017828,251871441,251871441
1,stride16-clang18-auto-r3-stride16_scan-auto-warm-basic-134217728,stride16-clang18-auto,basic,ref_cycles,552756688,251867591,251867591
1,stride16-clang18-auto-r3-stride16_scan-auto-warm-branch-98304,stride16-clang18-auto,branch,cycles,548701038,250034362,250034362
1,stride16-clang18-auto-r3-stride16_scan-auto-warm-branch-98304,stride16-clang18-auto,branch,branches,20785556,250032869,250032869
1,stride16-clang18-auto-r3-stride16_scan-auto-warm-branch-98304,stride16-clang18-auto,branch,branch_misses,158770,250028999,250028999
1,stride16-clang18-auto-r3-stride16_scan-auto-warm-branch-229376,stride16-clang18-auto,branch,cycles,548736321,250036088,250036088
1,stride16-clang18-auto-r3-stride16_scan-auto-warm-branch-229376,stride16-clang18-auto,branch,branches,14402881,250033229,250033229
1,stride16-clang18-auto-r3-stride16_scan-auto-warm-branch-229376,stride16-clang18-auto,branch,branch_misses,55677,250029406,250029406
1,stride16-clang18-auto-r3-stride16_scan-auto-warm-branch-4194304,stride16-clang18-auto,branch,cycles,548886893,250108787,250108787
1,stride16-clang18-auto-r3-stride16_scan-auto-warm-branch-4194304,stride16-clang18-auto,branch,branches,6180449,250108651,250108651
1,stride16-clang18-auto-r3-stride16_scan-auto-warm-branch-4194304,stride16-clang18-auto,branch,branch_misses,1546,250105109,250105109
1,stride16-clang18-auto-r3-stride16_scan-auto-warm-branch-393216,stride16-clang18-auto,branch,cycles,548749233,250042216,250042216
1,stride16-clang18-auto-r3-stride16_scan-auto-warm-branch-393216,stride16-clang18-auto,branch,branches,7974247,250040270,250040270
1,stride16-clang18-auto-r3-stride16_scan-auto-warm-branch-393216,stride16-clang18-auto,branch,branch_misses,18952,250036932,250036932
1,stride16-clang18-auto-r3-stride16_scan-auto-warm-basic-16384,stride16-clang18-auto,basic,cycles,548731487,250032345,250032345
1,stride16-clang18-auto-r3-stride16_scan-auto-warm-basic-16384,stride16-clang18-auto,basic,instructions,908840594,250030981,250030981
1,stride16-clang18-auto-r3-stride16_scan-auto-warm-basic-16384,stride16-clang18-auto,basic,ref_cycles,548733636,250027915,250027915
1,stride16-clang18-auto-r3-stride16_scan-auto-warm-basic-32768,stride16-clang18-auto,basic,cycles,548730926,250031958,250031958
1,stride16-clang18-auto-r3-stride16_scan-auto-warm-basic-32768,stride16-clang18-auto,basic,instructions,845295257,250029723,250029723
1,stride16-clang18-auto-r3-stride16_scan-auto-warm-basic-32768,stride16-clang18-auto,basic,ref_cycles,548732514,250026577,250026577
1,stride16-clang18-auto-r3-stride16_scan-auto-warm-basic-6291456,stride16-clang18-auto,basic,cycles,549008012,250164248,250164248
1,stride16-clang18-auto-r3-stride16_scan-auto-warm-basic-6291456,stride16-clang18-auto,basic,instructions,136343227,250163467,250163467
1,stride16-clang18-auto-r3-stride16_scan-auto-warm-basic-6291456,stride16-clang18-auto,basic,ref_cycles,549012332,250160655,250160655
1,stride16-clang18-auto-r3-stride16_scan-auto-warm-branch-32768,stride16-clang18-auto,branch,cycles,548730925,250033711,250033711
1,stride16-clang18-auto-r3-stride16_scan-auto-warm-branch-32768,stride16-clang18-auto,branch,branches,54252596,250031503,250031503
1,stride16-clang18-auto-r3-stride16_scan-auto-warm-branch-32768,stride16-clang18-auto,branch,branch_misses,382936,250027504,250027504
1,stride16-clang18-auto-r3-stride16_scan-auto-warm-basic-1048576,stride16-clang18-auto,basic,cycles,548793259,250060724,250060724
1,stride16-clang18-auto-r3-stride16_scan-auto-warm-basic-1048576,stride16-clang18-auto,basic,instructions,198003913,250058154,250058154
1,stride16-clang18-auto-r3-stride16_scan-auto-warm-basic-1048576,stride16-clang18-auto,basic,ref_cycles,548794532,250054466,250054466
1,stride16-clang18-auto-r3-stride16_scan-auto-warm-branch-262144,stride16-clang18-auto,branch,cycles,548737391,250035526,250035526
1,stride16-clang18-auto-r3-stride16_scan-auto-warm-branch-262144,stride16-clang18-auto,branch,branches,10649013,250032078,250032078
1,stride16-clang18-auto-r3-stride16_scan-auto-warm-branch-262144,stride16-clang18-auto,branch,branch_misses,36656,250028219,250028219
1,stride16-clang18-auto-r3-stride16_scan-auto-cache_evicted-branch-33554432,stride16-clang18-auto,branch,cycles,548929873,250131508,250131508
1,stride16-clang18-auto-r3-stride16_scan-auto-cache_evicted-branch-33554432,stride16-clang18-auto,branch,branches,3411631,250130887,250130887
1,stride16-clang18-auto-r3-stride16_scan-auto-cache_evicted-branch-33554432,stride16-clang18-auto,branch,branch_misses,152,250126749,250126749
1,stride16-clang18-auto-r3-stride16_scan-auto-warm-basic-536870912,stride16-clang18-auto,basic,cycles,603880283,275165532,275165532
1,stride16-clang18-auto-r3-stride16_scan-auto-warm-basic-536870912,stride16-clang18-auto,basic,instructions,99092277,275165625,275165625
1,stride16-clang18-auto-r3-stride16_scan-auto-warm-basic-536870912,stride16-clang18-auto,basic,ref_cycles,603883654,275161901,275161901
1,stride16-clang18-auto-r3-stride16_scan-auto-cache_evicted-basic-6291456,stride16-clang18-auto,basic,cycles,549054640,250186249,250186249
1,stride16-clang18-auto-r3-stride16_scan-auto-cache_evicted-basic-6291456,stride16-clang18-auto,basic,instructions,165239245,250186778,250186778
1,stride16-clang18-auto-r3-stride16_scan-auto-cache_evicted-basic-6291456,stride16-clang18-auto,basic,ref_cycles,549058070,250183546,250183546
1,stride16-clang18-auto-r3-stride16_scan-auto-cache_evicted-basic-33554432,stride16-clang18-auto,basic,cycles,549030175,250175398,250175398
1,stride16-clang18-auto-r3-stride16_scan-auto-cache_evicted-basic-33554432,stride16-clang18-auto,basic,instructions,90262112,250175060,250175060
1,stride16-clang18-auto-r3-stride16_scan-auto-cache_evicted-basic-33554432,stride16-clang18-auto,basic,ref_cycles,549033496,250171194,250171194
1,stride16-clang18-auto-r3-stride16_scan-auto-warm-branch-7340032,stride16-clang18-auto,branch,cycles,549081849,250199476,250199476
1,stride16-clang18-auto-r3-stride16_scan-auto-warm-branch-7340032,stride16-clang18-auto,branch,branches,4242686,250199445,250199445
1,stride16-clang18-auto-r3-stride16_scan-auto-warm-branch-7340032,stride16-clang18-auto,branch,branch_misses,635,250195595,250195595
1,stride16-clang18-auto-r3-stride16_scan-auto-warm-basic-28672,stride16-clang18-auto,basic,cycles,548730201,250030796,250030796
1,stride16-clang18-auto-r3-stride16_scan-auto-warm-basic-28672,stride16-clang18-auto,basic,instructions,872024312,250027488,250027488
1,stride16-clang18-auto-r3-stride16_scan-auto-warm-basic-28672,stride16-clang18-auto,basic,ref_cycles,548731128,250023781,250023781
1,stride16-clang18-auto-r3-stride16_scan-auto-warm-branch-8388608,stride16-clang18-auto,branch,cycles,549023741,250173229,250173229
1,stride16-clang18-auto-r3-stride16_scan-auto-warm-branch-8388608,stride16-clang18-auto,branch,branches,4335748,250173364,250173364
1,stride16-clang18-auto-r3-stride16_scan-auto-warm-branch-8388608,stride16-clang18-auto,branch,branch_misses,573,250169389,250169389
1,stride16-clang18-auto-r3-stride16_scan-auto-warm-branch-24576,stride16-clang18-auto,branch,cycles,548731422,250034061,250034061
1,stride16-clang18-auto-r3-stride16_scan-auto-warm-branch-24576,stride16-clang18-auto,branch,branches,63183338,250032670,250032670
1,stride16-clang18-auto-r3-stride16_scan-auto-warm-branch-24576,stride16-clang18-auto,branch,branch_misses,360,250029383,250029383
1,stride16-clang18-auto-r3-stride16_scan-auto-warm-basic-8192,stride16-clang18-auto,basic,cycles,548730348,250031025,250031025
1,stride16-clang18-auto-r3-stride16_scan-auto-warm-basic-8192,stride16-clang18-auto,basic,instructions,963706011,250028845,250028845
1,stride16-clang18-auto-r3-stride16_scan-auto-warm-basic-8192,stride16-clang18-auto,basic,ref_cycles,548731744,250025504,250025504
1,stride16-clang18-auto-r3-stride16_scan-auto-warm-branch-196608,stride16-clang18-auto,branch,cycles,548731906,250034684,250034684
1,stride16-clang18-auto-r3-stride16_scan-auto-warm-branch-196608,stride16-clang18-auto,branch,branches,12053328,250032248,250032248
1,stride16-clang18-auto-r3-stride16_scan-auto-warm-branch-196608,stride16-clang18-auto,branch,branch_misses,53170,250028518,250028518
1,stride16-clang18-auto-r3-stride16_scan-auto-cache_evicted-basic-1048576,stride16-clang18-auto,basic,cycles,548768200,250051131,250051131
1,stride16-clang18-auto-r3-stride16_scan-auto-cache_evicted-basic-1048576,stride16-clang18-auto,basic,instructions,197920447,250049338,250049338
1,stride16-clang18-auto-r3-stride16_scan-auto-cache_evicted-basic-1048576,stride16-clang18-auto,basic,ref_cycles,548770354,250046065,250046065
1,stride16-clang18-auto-r3-stride16_scan-auto-warm-branch-16384,stride16-clang18-auto,branch,cycles,548730492,250032524,250032524
1,stride16-clang18-auto-r3-stride16_scan-auto-warm-branch-16384,stride16-clang18-auto,branch,branches,75621731,250029540,250029540
1,stride16-clang18-auto-r3-stride16_scan-auto-warm-branch-16384,stride16-clang18-auto,branch,branch_misses,408,250025695,250025695
1,stride16-clang18-auto-r3-stride16_scan-auto-warm-basic-12582912,stride16-clang18-auto,basic,cycles,549511359,250395608,250395608
1,stride16-clang18-auto-r3-stride16_scan-auto-warm-basic-12582912,stride16-clang18-auto,basic,instructions,104235076,250394831,250394831
1,stride16-clang18-auto-r3-stride16_scan-auto-warm-basic-12582912,stride16-clang18-auto,basic,ref_cycles,549514812,250390950,250390950
1,stride16-clang18-auto-r3-stride16_scan-auto-warm-basic-262144,stride16-clang18-auto,basic,cycles,548737653,250035382,250035382
1,stride16-clang18-auto-r3-stride16_scan-auto-warm-basic-262144,stride16-clang18-auto,basic,instructions,273755671,250033452,250033452
1,stride16-clang18-auto-r3-stride16_scan-auto-warm-basic-262144,stride16-clang18-auto,basic,ref_cycles,548740016,250030295,250030295
1,stride16-clang18-auto-r4-stride16_scan-auto-cache_evicted-branch-8388608,stride16-clang18-auto,branch,cycles,548747376,250047156,250047156
1,stride16-clang18-auto-r4-stride16_scan-auto-cache_evicted-branch-8388608,stride16-clang18-auto,branch,branches,3726950,250046158,250046158
1,stride16-clang18-auto-r4-stride16_scan-auto-cache_evicted-branch-8388608,stride16-clang18-auto,branch,branch_misses,499,250042254,250042254
1,stride16-clang18-auto-r4-stride16_scan-auto-warm-branch-6291456,stride16-clang18-auto,branch,cycles,549189805,250248879,250248879
1,stride16-clang18-auto-r4-stride16_scan-auto-warm-branch-6291456,stride16-clang18-auto,branch,branches,4430462,250247649,250247649
1,stride16-clang18-auto-r4-stride16_scan-auto-warm-branch-6291456,stride16-clang18-auto,branch,branch_misses,764,250243770,250243770
1,stride16-clang18-auto-r4-stride16_scan-auto-warm-basic-131072,stride16-clang18-auto,basic,cycles,548733159,250033952,250033952
1,stride16-clang18-auto-r4-stride16_scan-auto-warm-basic-131072,stride16-clang18-auto,basic,instructions,403402210,250031902,250031902
1,stride16-clang18-auto-r4-stride16_scan-auto-warm-basic-131072,stride16-clang18-auto,basic,ref_cycles,548734868,250028379,250028379
1,stride16-clang18-auto-r4-stride16_scan-auto-cache_evicted-basic-6291456,stride16-clang18-auto,basic,cycles,548868072,250101262,250101262
1,stride16-clang18-auto-r4-stride16_scan-auto-cache_evicted-basic-6291456,stride16-clang18-auto,basic,instructions,131029037,250100194,250100194
1,stride16-clang18-auto-r4-stride16_scan-auto-cache_evicted-basic-6291456,stride16-clang18-auto,basic,ref_cycles,548871466,250096307,250096307
1,stride16-clang18-auto-r4-stride16_scan-auto-warm-basic-7340032,stride16-clang18-auto,basic,cycles,548984201,250154719,250154719
1,stride16-clang18-auto-r4-stride16_scan-auto-warm-basic-7340032,stride16-clang18-auto,basic,instructions,114293608,250153592,250153592
1,stride16-clang18-auto-r4-stride16_scan-auto-warm-basic-7340032,stride16-clang18-auto,basic,ref_cycles,548987340,250150088,250150088
1,stride16-clang18-auto-r4-stride16_scan-auto-warm-basic-262144,stride16-clang18-auto,basic,cycles,548740884,250036193,250036193
1,stride16-clang18-auto-r4-stride16_scan-auto-warm-basic-262144,stride16-clang18-auto,basic,instructions,315454887,250033850,250033850
1,stride16-clang18-auto-r4-stride16_scan-auto-warm-basic-262144,stride16-clang18-auto,basic,ref_cycles,548742040,250030438,250030438
1,stride16-clang18-auto-r4-stride16_scan-auto-warm-basic-524288,stride16-clang18-auto,basic,cycles,548732250,250032824,250032824
1,stride16-clang18-auto-r4-stride16_scan-auto-warm-basic-524288,stride16-clang18-auto,basic,instructions,198703559,250030564,250030564
1,stride16-clang18-auto-r4-stride16_scan-auto-warm-basic-524288,stride16-clang18-auto,basic,ref_cycles,548734032,250027244,250027244
1,stride16-clang18-auto-r4-stride16_scan-auto-warm-branch-12582912,stride16-clang18-auto,branch,cycles,549750675,250504198,250504198
1,stride16-clang18-auto-r4-stride16_scan-auto-warm-branch-12582912,stride16-clang18-auto,branch,branches,3857219,250503525,250503525
1,stride16-clang18-auto-r4-stride16_scan-auto-warm-branch-12582912,stride16-clang18-auto,branch,branch_misses,363,250499868,250499868
1,stride16-clang18-auto-r4-stride16_scan-auto-cache_evicted-branch-32768,stride16-clang18-auto,branch,cycles,548730561,250033649,250033649
1,stride16-clang18-auto-r4-stride16_scan-auto-cache_evicted-branch-32768,stride16-clang18-auto,branch,branches,54243070,250029999,250029999
1,stride16-clang18-auto-r4-stride16_scan-auto-cache_evicted-branch-32768,stride16-clang18-auto,branch,branch_misses,208996,250025974,250025974
1,stride16-clang18-auto-r4-stride16_scan-auto-warm-basic-2097152,stride16-clang18-auto,basic,cycles,548790014,250060308,250060308
1,stride16-clang18-auto-r4-stride16_scan-auto-warm-basic-2097152,stride16-clang18-auto,basic,instructions,197221327,250059015,250059015
1,stride16-clang18-auto-r4-stride16_scan-auto-warm-basic-2097152,stride16-clang18-auto,basic,ref_cycles,548792222,250055604,250055604
1,stride16-clang18-auto-r4-stride16_scan-auto-warm-basic-49152,stride16-clang18-auto,basic,cycles,548732051,250034620,250034620
1,stride16-clang18-auto-r4-stride16_scan-auto-warm-basic-49152,stride16-clang18-auto,basic,instructions,398387896,250032896,250032896
1,stride16-clang18-auto-r4-stride16_scan-auto-warm-basic-49152,stride16-clang18-auto,basic,ref_cycles,548734340,250029530,250029530
1,stride16-clang18-auto-r4-stride16_scan-auto-cache_evicted-basic-536870912,stride16-clang18-auto,basic,cycles,603733698,275098025,275098025
1,stride16-clang18-auto-r4-stride16_scan-auto-cache_evicted-basic-536870912,stride16-clang18-auto,basic,instructions,99092277,275097301,275097301
1,stride16-clang18-auto-r4-stride16_scan-auto-cache_evicted-basic-536870912,stride16-clang18-auto,basic,ref_cycles,603736892,275093921,275093921
1,stride16-clang18-auto-r4-stride16_scan-auto-warm-branch-7340032,stride16-clang18-auto,branch,cycles,548935090,250133598,250133598
1,stride16-clang18-auto-r4-stride16_scan-auto-warm-branch-7340032,stride16-clang18-auto,branch,branches,5539226,250133005,250133005
1,stride16-clang18-auto-r4-stride16_scan-auto-warm-branch-7340032,stride16-clang18-auto,branch,branch_misses,813,250128753,250128753
1,stride16-clang18-auto-r4-stride16_scan-auto-cache_evicted-branch-536870912,stride16-clang18-auto,branch,cycles,601109728,273905539,273905539
1,stride16-clang18-auto-r4-stride16_scan-auto-cache_evicted-branch-536870912,stride16-clang18-auto,branch,branches,3670380,273903720,273903720
1,stride16-clang18-auto-r4-stride16_scan-auto-cache_evicted-branch-536870912,stride16-clang18-auto,branch,branch_misses,59,273900187,273900187
1,stride16-clang18-auto-r4-stride16_scan-auto-warm-basic-32768,stride16-clang18-auto,basic,cycles,548730766,250032314,250032314
1,stride16-clang18-auto-r4-stride16_scan-auto-warm-basic-32768,stride16-clang18-auto,basic,instructions,847416990,250029424,250029424
1,stride16-clang18-auto-r4-stride16_scan-auto-warm-basic-32768,stride16-clang18-auto,basic,ref_cycles,548731700,250025654,250025654
1,stride16-clang18-auto-r4-stride16_scan-auto-cache_evicted-basic-33554432,stride16-clang18-auto,basic,cycles,553261200,252104861,252104861
1,stride16-clang18-auto-r4-stride16_scan-auto-cache_evicted-basic-33554432,stride16-clang18-auto,basic,instructions,91147029,252103425,252103425
1,stride16-clang18-auto-r4-stride16_scan-auto-cache_evicted-basic-33554432,stride16-clang18-auto,basic,ref_cycles,553264404,252099647,252099647
1,stride16-clang18-auto-r4-stride16_scan-auto-warm-basic-294912,stride16-clang18-auto,basic,cycles,548733845,250034202,250034202
1,stride16-clang18-auto-r4-stride16_scan-auto-warm-basic-294912,stride16-clang18-auto,basic,instructions,240748091,250031936,250031936
1,stride16-clang18-auto-r4-stride16_scan-auto-warm-basic-294912,stride16-clang18-auto,basic,ref_cycles,548735308,250028292,250028292
1,stride16-clang18-auto-r4-stride16_scan-auto-warm-branch-24576,stride16-clang18-auto,branch,cycles,548730528,250032334,250032334
1,stride16-clang18-auto-r4-stride16_scan-auto-warm-branch-24576,stride16-clang18-auto,branch,branches,62759510,250029663,250029663
1,stride16-clang18-auto-r4-stride16_scan-auto-warm-branch-24576,stride16-clang18-auto,branch,branch_misses,282,250025896,250025896
1,stride16-clang18-auto-r4-stride16_scan-auto-warm-basic-12582912,stride16-clang18-auto,basic,cycles,550105629,250668181,250668181
1,stride16-clang18-auto-r4-stride16_scan-auto-warm-basic-12582912,stride16-clang18-auto,basic,instructions,104235076,250666728,250666728
1,stride16-clang18-auto-r4-stride16_scan-auto-warm-basic-12582912,stride16-clang18-auto,basic,ref_cycles,550108966,250662213,250662213
1,stride16-clang18-auto-r4-stride16_scan-auto-warm-basic-24576,stride16-clang18-auto,basic,cycles,548731472,250033431,250033431
1,stride16-clang18-auto-r4-stride16_scan-auto-warm-basic-24576,stride16-clang18-auto,basic,instructions,887979854,250031251,250031251
1,stride16-clang18-auto-r4-stride16_scan-auto-warm-basic-24576,stride16-clang18-auto,basic,ref_cycles,548733834,250028264,250028264
1,stride16-clang18-auto-r4-stride16_scan-auto-warm-branch-32768,stride16-clang18-auto,branch,cycles,548731415,250034096,250034096
1,stride16-clang18-auto-r4-stride16_scan-auto-warm-branch-32768,stride16-clang18-auto,branch,branches,54928436,250032733,250032733
1,stride16-clang18-auto-r4-stride16_scan-auto-warm-branch-32768,stride16-clang18-auto,branch,branch_misses,70647,250029613,250029613
1,stride16-clang18-auto-r4-stride16_scan-auto-warm-branch-393216,stride16-clang18-auto,branch,cycles,548741415,250037755,250037755
1,stride16-clang18-auto-r4-stride16_scan-auto-warm-branch-393216,stride16-clang18-auto,branch,branches,8929025,250035286,250035286
1,stride16-clang18-auto-r4-stride16_scan-auto-warm-branch-393216,stride16-clang18-auto,branch,branch_misses,21363,250031548,250031548
1,stride16-clang18-auto-r4-stride16_scan-auto-warm-branch-131072,stride16-clang18-auto,branch,cycles,548734501,250035237,250035237
1,stride16-clang18-auto-r4-stride16_scan-auto-warm-branch-131072,stride16-clang18-auto,branch,branches,17810801,250032297,250032297
1,stride16-clang18-auto-r4-stride16_scan-auto-warm-branch-131072,stride16-clang18-auto,branch,branch_misses,107352,250028722,250028722
1,stride16-clang18-auto-r4-stride16_scan-auto-warm-basic-196608,stride16-clang18-auto,basic,cycles,548737162,250035834,250035834
1,stride16-clang18-auto-r4-stride16_scan-auto-warm-basic-196608,stride16-clang18-auto,basic,instructions,302625008,250033713,250033713
1,stride16-clang18-auto-r4-stride16_scan-auto-warm-basic-196608,stride16-clang18-auto,basic,ref_cycles,548739158,250030564,250030564
1,stride16-clang18-auto-r4-stride16_scan-auto-warm-branch-4194304,stride16-clang18-auto,branch,cycles,548870547,250101476,250101476
1,stride16-clang18-auto-r4-stride16_scan-auto-warm-branch-4194304,stride16-clang18-auto,branch,branches,7106471,250100316,250100316
1,stride16-clang18-auto-r4-stride16_scan-auto-warm-branch-4194304,stride16-clang18-auto,branch,branch_misses,1774,250096826,250096826
1,stride16-clang18-auto-r4-stride16_scan-auto-warm-branch-98304,stride16-clang18-auto,branch,cycles,548732682,250034639,250034639
1,stride16-clang18-auto-r4-stride16_scan-auto-warm-branch-98304,stride16-clang18-auto,branch,branches,18574875,250031975,250031975
1,stride16-clang18-auto-r4-stride16_scan-auto-warm-branch-98304,stride16-clang18-auto,branch,branch_misses,141883,250028120,250028120
1,stride16-clang18-auto-r4-stride16_scan-auto-warm-basic-36864,stride16-clang18-auto,basic,cycles,548730771,250031716,250031716
1,stride16-clang18-auto-r4-stride16_scan-auto-warm-basic-36864,stride16-clang18-auto,basic,instructions,411426242,250029629,250029629
1,stride16-clang18-auto-r4-stride16_scan-auto-warm-basic-36864,stride16-clang18-auto,basic,ref_cycles,548732470,250026112,250026112
1,stride16-clang18-auto-r4-stride16_scan-auto-warm-basic-16384,stride16-clang18-auto,basic,cycles,548730715,250032110,250032110
1,stride16-clang18-auto-r4-stride16_scan-auto-warm-basic-16384,stride16-clang18-auto,basic,instructions,910358880,250029947,250029947
1,stride16-clang18-auto-r4-stride16_scan-auto-warm-basic-16384,stride16-clang18-auto,basic,ref_cycles,548732580,250026550,250026550
1,stride16-clang18-auto-r4-stride16_scan-auto-warm-basic-536870912,stride16-clang18-auto,basic,cycles,601763433,274200078,274200078
1,stride16-clang18-auto-r4-stride16_scan-auto-warm-basic-536870912,stride16-clang18-auto,basic,instructions,99092305,274199816,274199816
1,stride16-clang18-auto-r4-stride16_scan-auto-warm-basic-536870912,stride16-clang18-auto,basic,ref_cycles,601766660,274196026,274196026
1,stride16-clang18-auto-r4-stride16_scan-auto-warm-basic-5242880,stride16-clang18-auto,basic,cycles,548776799,250057472,250057472
1,stride16-clang18-auto-r4-stride16_scan-auto-warm-basic-5242880,stride16-clang18-auto,basic,instructions,169151040,250058142,250058142
1,stride16-clang18-auto-r4-stride16_scan-auto-warm-basic-5242880,stride16-clang18-auto,basic,ref_cycles,548780078,250054586,250054586
1,stride16-clang18-auto-r4-stride16_scan-auto-warm-branch-524288,stride16-clang18-auto,branch,cycles,548747945,250042331,250042331
1,stride16-clang18-auto-r4-stride16_scan-auto-warm-branch-524288,stride16-clang18-auto,branch,branches,7759317,250040331,250040331
1,stride16-clang18-auto-r4-stride16_scan-auto-warm-branch-524288,stride16-clang18-auto,branch,branch_misses,14244,250036646,250036646
1,stride16-clang18-auto-r4-stride16_scan-auto-warm-branch-28672,stride16-clang18-auto,branch,cycles,548731112,250033530,250033530
1,stride16-clang18-auto-r4-stride16_scan-auto-warm-branch-28672,stride16-clang18-auto,branch,branches,58483945,250031398,250031398
1,stride16-clang18-auto-r4-stride16_scan-auto-warm-branch-28672,stride16-clang18-auto,branch,branch_misses,315,250027933,250027933
1,stride16-clang18-auto-r4-stride16_scan-auto-warm-basic-134217728,stride16-clang18-auto,basic,cycles,551858452,251463781,251463781
1,stride16-clang18-auto-r4-stride16_scan-auto-warm-basic-134217728,stride16-clang18-auto,basic,instructions,92017828,251463045,251463045
1,stride16-clang18-auto-r4-stride16_scan-auto-warm-basic-134217728,stride16-clang18-auto,basic,ref_cycles,551861662,251459179,251459179
1,stride16-clang18-auto-r4-stride16_scan-auto-cache_evicted-basic-32768,stride16-clang18-auto,basic,cycles,548731520,250033750,250033750
1,stride16-clang18-auto-r4-stride16_scan-auto-cache_evicted-basic-32768,stride16-clang18-auto,basic,instructions,843955859,250032393,250032393
1,stride16-clang18-auto-r4-stride16_scan-auto-cache_evicted-basic-32768,stride16-clang18-auto,basic,ref_cycles,548734186,250029277,250029277
1,stride16-clang18-auto-r4-stride16_scan-auto-cache_evicted-branch-33554432,stride16-clang18-auto,branch,cycles,549059527,250189452,250189452
1,stride16-clang18-auto-r4-stride16_scan-auto-cache_evicted-branch-33554432,stride16-clang18-auto,branch,branches,3378828,250188073,250188073
1,stride16-clang18-auto-r4-stride16_scan-auto-cache_evicted-branch-33554432,stride16-clang18-auto,branch,branch_misses,161,250184084,250184084
1,stride16-clang18-auto-r4-stride16_scan-auto-warm-branch-8388608,stride16-clang18-auto,branch,cycles,549610643,250441536,250441536
1,stride16-clang18-auto-r4-stride16_scan-auto-warm-branch-8388608,stride16-clang18-auto,branch,branches,5067953,250440009,250440009
1,stride16-clang18-auto-r4-stride16_scan-auto-warm-branch-8388608,stride16-clang18-auto,branch,branch_misses,677,250435613,250435613
1,stride16-clang18-auto-r4-stride16_scan-auto-warm-basic-33554432,stride16-clang18-auto,basic,cycles,550667426,250922174,250922174
1,stride16-clang18-auto-r4-stride16_scan-auto-warm-basic-33554432,stride16-clang18-auto,basic,instructions,92916863,250922656,250922656
1,stride16-clang18-auto-r4-stride16_scan-auto-warm-basic-33554432,stride16-clang18-auto,basic,ref_cycles,550671484,250918483,250918483
1,stride16-clang18-auto-r4-stride16_scan-auto-warm-basic-229376,stride16-clang18-auto,basic,cycles,548731183,250033948,250033948
1,stride16-clang18-auto-r4-stride16_scan-auto-warm-basic-229376,stride16-clang18-auto,basic,instructions,316496130,250031828,250031828
1,stride16-clang18-auto-r4-stride16_scan-auto-warm-basic-229376,stride16-clang18-auto,basic,ref_cycles,548733878,250028808,250028808
1,stride16-clang18-auto-r4-stride16_scan-auto-warm-branch-134217728,stride16-clang18-auto,branch,cycles,551175912,251154647,251154647
1,stride16-clang18-auto-r4-stride16_scan-auto-warm-branch-134217728,stride16-clang18-auto,branch,branches,3408901,251154743,251154743
1,stride16-clang18-auto-r4-stride16_scan-auto-warm-branch-134217728,stride16-clang18-auto,branch,branch_misses,75,251151006,251151006
1,stride16-clang18-auto-r4-stride16_scan-auto-warm-basic-393216,stride16-clang18-auto,basic,cycles,548739016,250043959,250043959
1,stride16-clang18-auto-r4-stride16_scan-auto-warm-basic-393216,stride16-clang18-auto,basic,instructions,199229055,250040871,250040871
1,stride16-clang18-auto-r4-stride16_scan-auto-warm-basic-393216,stride16-clang18-auto,basic,ref_cycles,548740390,250037325,250037325
1,stride16-clang18-auto-r4-stride16_scan-auto-warm-basic-4194304,stride16-clang18-auto,basic,cycles,548780085,250058839,250058839
1,stride16-clang18-auto-r4-stride16_scan-auto-warm-basic-4194304,stride16-clang18-auto,basic,instructions,186542310,250058714,250058714
1,stride16-clang18-auto-r4-stride16_scan-auto-warm-basic-4194304,stride16-clang18-auto,basic,ref_cycles,548783576,250055192,250055192
1,stride16-clang18-auto-r4-stride16_scan-auto-warm-branch-294912,stride16-clang18-auto,branch,cycles,548738882,250037814,250037814
1,stride16-clang18-auto-r4-stride16_scan-auto-warm-branch-294912,stride16-clang18-auto,branch,branches,10169172,250036527,250036527
1,stride16-clang18-auto-r4-stride16_scan-auto-warm-branch-294912,stride16-clang18-auto,branch,branch_misses,31549,250032952,250032952
1,stride16-clang18-auto-r4-stride16_scan-auto-cache_evicted-basic-1048576,stride16-clang18-auto,basic,cycles,548807220,250070165,250070165
1,stride16-clang18-auto-r4-stride16_scan-auto-cache_evicted-basic-1048576,stride16-clang18-auto,basic,instructions,197948365,250068094,250068094
1,stride16-clang18-auto-r4-stride16_scan-auto-cache_evicted-basic-1048576,stride16-clang18-auto,basic,ref_cycles,548809272,250064745,250064745
1,stride16-clang18-auto-r4-stride16_scan-auto-warm-basic-65536,stride16-clang18-auto,basic,cycles,548732734,250034350,250034350
1,stride16-clang18-auto-r4-stride16_scan-auto-warm-basic-65536,stride16-clang18-auto,basic,instructions,394997821,250031650,250031650
1,stride16-clang18-auto-r4-stride16_scan-auto-warm-basic-65536,stride16-clang18-auto,basic,ref_cycles,548734252,250028408,250028408
1,stride16-clang18-auto-r4-stride16_scan-auto-warm-branch-8192,stride16-clang18-auto,branch,cycles,548731178,250033509,250033509
1,stride16-clang18-auto-r4-stride16_scan-auto-warm-branch-8192,stride16-clang18-auto,branch,branches,104364709,250032530,250032530
1,stride16-clang18-auto-r4-stride16_scan-auto-warm-branch-8192,stride16-clang18-auto,branch,branch_misses,527,250028895,250028895
1,stride16-clang18-auto-r4-stride16_scan-auto-warm-branch-65536,stride16-clang18-auto,branch,cycles,548731536,250033108,250033108
1,stride16-clang18-auto-r4-stride16_scan-auto-warm-branch-65536,stride16-clang18-auto,branch,branches,20597538,250031020,250031020
1,stride16-clang18-auto-r4-stride16_scan-auto-warm-branch-65536,stride16-clang18-auto,branch,branch_misses,208150,250027660,250027660
1,stride16-clang18-auto-r4-stride16_scan-auto-warm-branch-262144,stride16-clang18-auto,branch,cycles,548737924,250037099,250037099
1,stride16-clang18-auto-r4-stride16_scan-auto-warm-branch-262144,stride16-clang18-auto,branch,branches,11313727,250035404,250035404
1,stride16-clang18-auto-r4-stride16_scan-auto-warm-branch-262144,stride16-clang18-auto,branch,branch_misses,38944,250031714,250031714
1,stride16-clang18-auto-r4-stride16_scan-auto-warm-basic-1048576,stride16-clang18-auto,basic,cycles,548743075,250038754,250038754
1,stride16-clang18-auto-r4-stride16_scan-auto-warm-basic-1048576,stride16-clang18-auto,basic,instructions,197948262,250036246,250036246
1,stride16-clang18-auto-r4-stride16_scan-auto-warm-basic-1048576,stride16-clang18-auto,basic,ref_cycles,548745032,250032685,250032685
1,stride16-clang18-auto-r4-stride16_scan-auto-warm-basic-98304,stride16-clang18-auto,basic,cycles,548732051,250032184,250032184
1,stride16-clang18-auto-r4-stride16_scan-auto-warm-basic-98304,stride16-clang18-auto,basic,instructions,384918219,250029065,250029065
1,stride16-clang18-auto-r4-stride16_scan-auto-warm-basic-98304,stride16-clang18-auto,basic,ref_cycles,548732976,250025390,250025390
1,stride16-clang18-auto-r4-stride16_scan-auto-warm-branch-196608,stride16-clang18-auto,branch,cycles,548739035,250037474,250037474
1,stride16-clang18-auto-r4-stride16_scan-auto-warm-branch-196608,stride16-clang18-auto,branch,branches,13982656,250035674,250035674
1,stride16-clang18-auto-r4-stride16_scan-auto-warm-branch-196608,stride16-clang18-auto,branch,branch_misses,61653,250032230,250032230
1,stride16-clang18-auto-r4-stride16_scan-auto-warm-branch-36864,stride16-clang18-auto,branch,cycles,548731635,250033102,250033102
1,stride16-clang18-auto-r4-stride16_scan-auto-warm-branch-36864,stride16-clang18-auto,branch,branches,24922835,250032509,250032509
1,stride16-clang18-auto-r4-stride16_scan-auto-warm-branch-36864,stride16-clang18-auto,branch,branch_misses,350784,250029756,250029756
1,stride16-clang18-auto-r4-stride16_scan-auto-warm-branch-49152,stride16-clang18-auto,branch,cycles,548732473,250034854,250034854
1,stride16-clang18-auto-r4-stride16_scan-auto-warm-branch-49152,stride16-clang18-auto,branch,branches,22333247,250032859,250032859
1,stride16-clang18-auto-r4-stride16_scan-auto-warm-branch-49152,stride16-clang18-auto,branch,branch_misses,269205,250029557,250029557
1,stride16-clang18-auto-r4-stride16_scan-auto-cache_evicted-branch-6291456,stride16-clang18-auto,branch,cycles,548749914,250048498,250048498
1,stride16-clang18-auto-r4-stride16_scan-auto-cache_evicted-branch-6291456,stride16-clang18-auto,branch,branches,5209016,250048879,250048879
1,stride16-clang18-auto-r4-stride16_scan-auto-cache_evicted-branch-6291456,stride16-clang18-auto,branch,branch_misses,898,250044590,250044590
1,stride16-clang18-auto-r4-stride16_scan-auto-warm-basic-6291456,stride16-clang18-auto,basic,cycles,548919124,250124337,250124337
1,stride16-clang18-auto-r4-stride16_scan-auto-warm-basic-6291456,stride16-clang18-auto,basic,instructions,140993159,250124543,250124543
1,stride16-clang18-auto-r4-stride16_scan-auto-warm-basic-6291456,stride16-clang18-auto,basic,ref_cycles,548922924,250120743,250120743
1,stride16-clang18-auto-r4-stride16_scan-auto-warm-basic-28672,stride16-clang18-auto,basic,cycles,548731243,250032113,250032113
1,stride16-clang18-auto-r4-stride16_scan-auto-warm-basic-28672,stride16-clang18-auto,basic,instructions,873976490,250030054,250030054
1,stride16-clang18-auto-r4-stride16_scan-auto-warm-basic-28672,stride16-clang18-auto,basic,ref_cycles,548732910,250026692,250026692
1,stride16-clang18-auto-r4-stride16_scan-auto-warm-basic-8388608,stride16-clang18-auto,basic,cycles,549399255,250343577,250343577
1,stride16-clang18-auto-r4-stride16_scan-auto-warm-basic-8388608,stride16-clang18-auto,basic,instructions,134147768,250342663,250342663
1,stride16-clang18-auto-r4-stride16_scan-auto-warm-basic-8388608,stride16-clang18-auto,basic,ref_cycles,549402546,250339168,250339168
1,stride16-clang18-auto-r4-stride16_scan-auto-cache_evicted-basic-262144,stride16-clang18-auto,basic,cycles,548731546,250034805,250034805
1,stride16-clang18-auto-r4-stride16_scan-auto-cache_evicted-basic-262144,stride16-clang18-auto,basic,instructions,284848517,250032270,250032270
1,stride16-clang18-auto-r4-stride16_scan-auto-cache_evicted-basic-262144,stride16-clang18-auto,basic,ref_cycles,548733416,250029026,250029026
1,stride16-clang18-auto-r4-stride16_scan-auto-cache_evicted-branch-1048576,stride16-clang18-auto,branch,cycles,548796264,250064345,250064345
1,stride16-clang18-auto-r4-stride16_scan-auto-cache_evicted-branch-1048576,stride16-clang18-auto,branch,branches,7534919,250061085,250061085
1,stride16-clang18-auto-r4-stride16_scan-auto-cache_evicted-branch-1048576,stride16-clang18-auto,branch,branch_misses,7184,250056814,250056814
1,stride16-clang18-auto-r4-stride16_scan-auto-cache_evicted-branch-262144,stride16-clang18-auto,branch,cycles,548733556,250035852,250035852
1,stride16-clang18-auto-r4-stride16_scan-auto-cache_evicted-branch-262144,stride16-clang18-auto,branch,branches,12663599,250034555,250034555
1,stride16-clang18-auto-r4-stride16_scan-auto-cache_evicted-branch-262144,stride16-clang18-auto,branch,branch_misses,43595,250030822,250030822
1,stride16-clang18-auto-r4-stride16_scan-auto-warm-branch-1048576,stride16-clang18-auto,branch,cycles,548735447,250036706,250036706
1,stride16-clang18-auto-r4-stride16_scan-auto-warm-branch-1048576,stride16-clang18-auto,branch,branches,7530677,250034509,250034509
1,stride16-clang18-auto-r4-stride16_scan-auto-warm-branch-1048576,stride16-clang18-auto,branch,branch_misses,7165,250030991,250030991
1,stride16-clang18-auto-r4-stride16_scan-auto-warm-branch-16384,stride16-clang18-auto,branch,cycles,548731063,250033389,250033389
1,stride16-clang18-auto-r4-stride16_scan-auto-warm-branch-16384,stride16-clang18-auto,branch,branches,75610892,250031682,250031682
1,stride16-clang18-auto-r4-stride16_scan-auto-warm-branch-16384,stride16-clang18-auto,branch,branch_misses,393,250028141,250028141
1,stride16-clang18-auto-r4-stride16_scan-auto-warm-branch-5242880,stride16-clang18-auto,branch,cycles,548809974,250073858,250073858
1,stride16-clang18-auto-r4-stride16_scan-auto-warm-branch-5242880,stride16-clang18-auto,branch,branches,6299532,250073593,250073593
1,stride16-clang18-auto-r4-stride16_scan-auto-warm-branch-5242880,stride16-clang18-auto,branch,branch_misses,1273,250070261,250070261
1,stride16-clang18-auto-r4-stride16_scan-auto-warm-branch-2097152,stride16-clang18-auto,branch,cycles,548860075,250092655,250092655
1,stride16-clang18-auto-r4-stride16_scan-auto-warm-branch-2097152,stride16-clang18-auto,branch,branches,7421848,250090208,250090208
1,stride16-clang18-auto-r4-stride16_scan-auto-warm-branch-2097152,stride16-clang18-auto,branch,branch_misses,3611,250086484,250086484
1,stride16-clang18-auto-r4-stride16_scan-auto-warm-branch-536870912,stride16-clang18-auto,branch,cycles,601700084,274173389,274173389
1,stride16-clang18-auto-r4-stride16_scan-auto-warm-branch-536870912,stride16-clang18-auto,branch,branches,3670380,274173791,274173791
1,stride16-clang18-auto-r4-stride16_scan-auto-warm-branch-536870912,stride16-clang18-auto,branch,branch_misses,62,274169418,274169418
1,stride16-clang18-auto-r4-stride16_scan-auto-warm-basic-8192,stride16-clang18-auto,basic,cycles,548731059,250032504,250032504
1,stride16-clang18-auto-r4-stride16_scan-auto-warm-basic-8192,stride16-clang18-auto,basic,instructions,968396719,250031576,250031576
1,stride16-clang18-auto-r4-stride16_scan-auto-warm-basic-8192,stride16-clang18-auto,basic,ref_cycles,548733306,250028729,250028729
1,stride16-clang18-auto-r4-stride16_scan-auto-warm-branch-33554432,stride16-clang18-auto,branch,cycles,553193784,252074936,252074936
1,stride16-clang18-auto-r4-stride16_scan-auto-warm-branch-33554432,stride16-clang18-auto,branch,branches,3378828,252074561,252074561
1,stride16-clang18-auto-r4-stride16_scan-auto-warm-branch-33554432,stride16-clang18-auto,branch,branch_misses,145,252070430,252070430
1,stride16-clang18-auto-r4-stride16_scan-auto-cache_evicted-basic-8388608,stride16-clang18-auto,basic,cycles,548989285,250156936,250156936
1,stride16-clang18-auto-r4-stride16_scan-auto-cache_evicted-basic-8388608,stride16-clang18-auto,basic,instructions,129720492,250158320,250158320
1,stride16-clang18-auto-r4-stride16_scan-auto-cache_evicted-basic-8388608,stride16-clang18-auto,basic,ref_cycles,548993302,250155281,250155281
1,stride16-clang18-auto-r4-stride16_scan-auto-warm-branch-229376,stride16-clang18-auto,branch,cycles,548735753,250036731,250036731
1,stride16-clang18-auto-r4-stride16_scan-auto-warm-branch-229376,stride16-clang18-auto,branch,branches,14175940,250034507,250034507
1,stride16-clang18-auto-r4-stride16_scan-auto-warm-branch-229376,stride16-clang18-auto,branch,branch_misses,54180,250031195,250031195
1,stride16-clang18-auto-r5-stride16_scan-auto-cache_evicted-branch-262144,stride16-clang18-auto,branch,cycles,548738979,250038487,250038487
1,stride16-clang18-auto-r5-stride16_scan-auto-cache_evicted-branch-262144,stride16-clang18-auto,branch,branches,11503124,250036361,250036361
1,stride16-clang18-auto-r5-stride16_scan-auto-cache_evicted-branch-262144,stride16-clang18-auto,branch,branch_misses,39602,250032464,250032464
1,stride16-clang18-auto-r5-stride16_scan-auto-warm-branch-12582912,stride16-clang18-auto,branch,cycles,550313666,250761101,250761101
1,stride16-clang18-auto-r5-stride16_scan-auto-warm-branch-12582912,stride16-clang18-auto,branch,branches,3881869,250760713,250760713
1,stride16-clang18-auto-r5-stride16_scan-auto-warm-branch-12582912,stride16-clang18-auto,branch,branch_misses,370,250756525,250756525
1,stride16-clang18-auto-r5-stride16_scan-auto-warm-basic-36864,stride16-clang18-auto,basic,cycles,548732524,250032866,250032866
1,stride16-clang18-auto-r5-stride16_scan-auto-warm-basic-36864,stride16-clang18-auto,basic,instructions,410916649,250031306,250031306
1,stride16-clang18-auto-r5-stride16_scan-auto-warm-basic-36864,stride16-clang18-auto,basic,ref_cycles,548734252,250028417,250028417
1,stride16-clang18-auto-r5-stride16_scan-auto-warm-basic-536870912,stride16-clang18-auto,basic,cycles,603390791,274940985,274940985
1,stride16-clang18-auto-r5-stride16_scan-auto-warm-basic-536870912,stride16-clang18-auto,basic,instructions,99092277,274941601,274941601
1,stride16-clang18-auto-r5-stride16_scan-auto-warm-basic-536870912,stride16-clang18-auto,basic,ref_cycles,603394550,274938454,274938454
1,stride16-clang18-auto-r5-stride16_scan-auto-warm-basic-229376,stride16-clang18-auto,basic,cycles,548736063,250034932,250034932
1,stride16-clang18-auto-r5-stride16_scan-auto-warm-basic-229376,stride16-clang18-auto,basic,instructions,264315846,250030920,250030920
1,stride16-clang18-auto-r5-stride16_scan-auto-warm-basic-229376,stride16-clang18-auto,basic,ref_cycles,548736958,250027058,250027058
1,stride16-clang18-auto-r5-stride16_scan-auto-warm-basic-196608,stride16-clang18-auto,basic,cycles,548737201,250035061,250035061
1,stride16-clang18-auto-r5-stride16_scan-auto-warm-basic-196608,stride16-clang18-auto,basic,instructions,352776312,250033815,250033815
1,stride16-clang18-auto-r5-stride16_scan-auto-warm-basic-196608,stride16-clang18-auto,basic,ref_cycles,548739048,250030669,250030669
1,stride16-clang18-auto-r5-stride16_scan-auto-cache_evicted-basic-1048576,stride16-clang18-auto,basic,cycles,548804901,250066363,250066363
1,stride16-clang18-auto-r5-stride16_scan-auto-cache_evicted-basic-1048576,stride16-clang18-auto,basic,instructions,198032639,250063803,250063803
1,stride16-clang18-auto-r5-stride16_scan-auto-cache_evicted-basic-1048576,stride16-clang18-auto,basic,ref_cycles,548806390,250060203,250060203
1,stride16-clang18-auto-r5-stride16_scan-auto-warm-basic-134217728,stride16-clang18-auto,basic,cycles,551425677,251267327,251267327
1,stride16-clang18-auto-r5-stride16_scan-auto-warm-basic-134217728,stride16-clang18-auto,basic,instructions,92017828,251266636,251266636
1,stride16-clang18-auto-r5-stride16_scan-auto-warm-basic-134217728,stride16-clang18-auto,basic,ref_cycles,551428746,251263231,251263231
1,stride16-clang18-auto-r5-stride16_scan-auto-cache_evicted-basic-6291456,stride16-clang18-auto,basic,cycles,548884672,250108718,250108718
1,stride16-clang18-auto-r5-stride16_scan-auto-cache_evicted-basic-6291456,stride16-clang18-auto,basic,instructions,159260749,250108242,250108242
1,stride16-clang18-auto-r5-stride16_scan-auto-cache_evicted-basic-6291456,stride16-clang18-auto,basic,ref_cycles,548888230,250105112,250105112
1,stride16-clang18-auto-r5-stride16_scan-auto-cache_evicted-branch-1048576,stride16-clang18-auto,branch,cycles,548791104,250062691,250062691
1,stride16-clang18-auto-r5-stride16_scan-auto-cache_evicted-branch-1048576,stride16-clang18-auto,branch,branches,7530712,250061459,250061459
1,stride16-clang18-auto-r5-stride16_scan-auto-cache_evicted-branch-1048576,stride16-clang18-auto,branch,branch_misses,7166,250058030,250058030
1,stride16-clang18-auto-r5-stride16_scan-auto-warm-basic-1048576,stride16-clang18-auto,basic,cycles,548780106,250056339,250056339
1,stride16-clang18-auto-r5-stride16_scan-auto-warm-basic-1048576,stride16-clang18-auto,basic,instructions,197920426,250054220,250054220
1,stride16-clang18-auto-r5-stride16_scan-auto-warm-basic-1048576,stride16-clang18-auto,basic,ref_cycles,548782322,250050809,250050809
1,stride16-clang18-auto-r5-stride16_scan-auto-warm-basic-6291456,stride16-clang18-auto,basic,cycles,549276264,250286580,250286580
1,stride16-clang18-auto-r5-stride16_scan-auto-warm-basic-6291456,stride16-clang18-auto,basic,instructions,156271507,250286257,250286257
1,stride16-clang18-auto-r5-stride16_scan-auto-warm-basic-6291456,stride16-clang18-auto,basic,ref_cycles,549279698,250282729,250282729
1,stride16-clang18-auto-r5-stride16_scan-auto-warm-basic-2097152,stride16-clang18-auto,basic,cycles,548800659,250065547,250065547
1,stride16-clang18-auto-r5-stride16_scan-auto-warm-basic-2097152,stride16-clang18-auto,basic,instructions,197498698,250063488,250063488
1,stride16-clang18-auto-r5-stride16_scan-auto-warm-basic-2097152,stride16-clang18-auto,basic,ref_cycles,548803090,250060258,250060258
1,stride16-clang18-auto-r5-stride16_scan-auto-warm-basic-4194304,stride16-clang18-auto,basic,cycles,548807593,250071209,250071209
1,stride16-clang18-auto-r5-stride16_scan-auto-warm-basic-4194304,stride16-clang18-auto,basic,instructions,188314738,250069860,250069860
1,stride16-clang18-auto-r5-stride16_scan-auto-warm-basic-4194304,stride16-clang18-auto,basic,ref_cycles,548810504,250066323,250066323
1,stride16-clang18-auto-r5-stride16_scan-auto-warm-branch-49152,stride16-clang18-auto,branch,cycles,548732019,250033391,250033391
1,stride16-clang18-auto-r5-stride16_scan-auto-warm-branch-49152,stride16-clang18-auto,branch,branches,22557089,250030767,250030767
1,stride16-clang18-auto-r5-stride16_scan-auto-warm-branch-49152,stride16-clang18-auto,branch,branch_misses,271883,250026979,250026979
1,stride16-clang18-auto-r5-stride16_scan-auto-warm-branch-36864,stride16-clang18-auto,branch,cycles,548731184,250033027,250033027
1,stride16-clang18-auto-r5-stride16_scan-auto-warm-branch-36864,stride16-clang18-auto,branch,branches,24955638,250029457,250029457
1,stride16-clang18-auto-r5-stride16_scan-auto-warm-branch-36864,stride16-clang18-auto,branch,branch_misses,351593,250025631,250025631
1,stride16-clang18-auto-r5-stride16_scan-auto-warm-basic-294912,stride16-clang18-auto,basic,cycles,548747336,250039749,250039749
1,stride16-clang18-auto-r5-stride16_scan-auto-warm-basic-294912,stride16-clang18-auto,basic,instructions,242092359,250038474,250038474
1,stride16-clang18-auto-r5-stride16_scan-auto-warm-basic-294912,stride16-clang18-auto,basic,ref_cycles,548749212,250035182,250035182
1,stride16-clang18-auto-r5-stride16_scan-auto-warm-basic-7340032,stride16-clang18-auto,basic,cycles,549505625,250391775,250391775
1,stride16-clang18-auto-r5-stride16_scan-auto-warm-basic-7340032,stride16-clang18-auto,basic,instructions,142576341,250389936,250389936
1,stride16-clang18-auto-r5-stride16_scan-auto-warm-basic-7340032,stride16-clang18-auto,basic,ref_cycles,549508498,250386358,250386358
1,stride16-clang18-auto-r5-stride16_scan-auto-warm-basic-49152,stride16-clang18-auto,basic,cycles,548731385,250032784,250032784
1,stride16-clang18-auto-r5-stride16_scan-auto-warm-basic-49152,stride16-clang18-auto,basic,instructions,410425468,250031180,250031180
1,stride16-clang18-auto-r5-stride16_scan-auto-warm-basic-49152,stride16-clang18-auto,basic,ref_cycles,548733504,250028057,250028057
1,stride16-clang18-auto-r5-stride16_scan-auto-warm-basic-28672,stride16-clang18-auto,basic,cycles,548730974,250032657,250032657
1,stride16-clang18-auto-r5-stride16_scan-auto-warm-basic-28672,stride16-clang18-auto,basic,instructions,876804566,250031215,250031215
1,stride16-clang18-auto-r5-stride16_scan-auto-warm-basic-28672,stride16-clang18-auto,basic,ref_cycles,548733328,250028129,250028129
1,stride16-clang18-auto-r5-stride16_scan-auto-warm-basic-131072,stride16-clang18-auto,basic,cycles,548734741,250033339,250033339
1,stride16-clang18-auto-r5-stride16_scan-auto-warm-basic-131072,stride16-clang18-auto,basic,instructions,400561794,250029896,250029896
1,stride16-clang18-auto-r5-stride16_scan-auto-warm-basic-131072,stride16-clang18-auto,basic,ref_cycles,548735506,250026426,250026426
1,stride16-clang18-auto-r5-stride16_scan-auto-warm-branch-28672,stride16-clang18-auto,branch,cycles,548730858,250032039,250032039
1,stride16-clang18-auto-r5-stride16_scan-auto-warm-branch-28672,stride16-clang18-auto,branch,branches,58849945,250029539,250029539
1,stride16-clang18-auto-r5-stride16_scan-auto-warm-branch-28672,stride16-clang18-auto,branch,branch_misses,288,250025793,250025793
1,stride16-clang18-auto-r5-stride16_scan-auto-warm-branch-1048576,stride16-clang18-auto,branch,cycles,548789678,250060815,250060815
1,stride16-clang18-auto-r5-stride16_scan-auto-warm-branch-1048576,stride16-clang18-auto,branch,branches,7531741,250059205,250059205
1,stride16-clang18-auto-r5-stride16_scan-auto-warm-branch-1048576,stride16-clang18-auto,branch,branch_misses,7167,250055658,250055658
1,stride16-clang18-auto-r5-stride16_scan-auto-warm-branch-131072,stride16-clang18-auto,branch,cycles,548735559,250035919,250035919
1,stride16-clang18-auto-r5-stride16_scan-auto-warm-branch-131072,stride16-clang18-auto,branch,branches,17398356,250034015,250034015
1,stride16-clang18-auto-r5-stride16_scan-auto-warm-branch-131072,stride16-clang18-auto,branch,branch_misses,106834,250030440,250030440
1,stride16-clang18-auto-r5-stride16_scan-auto-warm-branch-24576,stride16-clang18-auto,branch,cycles,548730986,250033113,250033113
1,stride16-clang18-auto-r5-stride16_scan-auto-warm-branch-24576,stride16-clang18-auto,branch,branches,62602310,250031436,250031436
1,stride16-clang18-auto-r5-stride16_scan-auto-warm-branch-24576,stride16-clang18-auto,branch,branch_misses,314,250027612,250027612
1,stride16-clang18-auto-r5-stride16_scan-auto-warm-basic-98304,stride16-clang18-auto,basic,cycles,548723079,250035198,250035198
1,stride16-clang18-auto-r5-stride16_scan-auto-warm-basic-98304,stride16-clang18-auto,basic,instructions,405165924,250034541,250034541
1,stride16-clang18-auto-r5-stride16_scan-auto-warm-basic-98304,stride16-clang18-auto,basic,ref_cycles,548727850,250031721,250031721
1,stride16-clang18-auto-r5-stride16_scan-auto-cache_evicted-branch-536870912,stride16-clang18-auto,branch,cycles,602801352,274674235,274674235
1,stride16-clang18-auto-r5-stride16_scan-auto-cache_evicted-branch-536870912,stride16-clang18-auto,branch,branches,3670380,274674189,274674189
1,stride16-clang18-auto-r5-stride16_scan-auto-cache_evicted-branch-536870912,stride16-clang18-auto,branch,branch_misses,60,274670969,274670969
1,stride16-clang18-auto-r5-stride16_scan-auto-warm-basic-16384,stride16-clang18-auto,basic,cycles,548730980,250033084,250033084
1,stride16-clang18-auto-r5-stride16_scan-auto-warm-basic-16384,stride16-clang18-auto,basic,instructions,909622403,250031315,250031315
1,stride16-clang18-auto-r5-stride16_scan-auto-warm-basic-16384,stride16-clang18-auto,basic,ref_cycles,548732954,250028099,250028099
1,stride16-clang18-auto-r5-stride16_scan-auto-warm-basic-5242880,stride16-clang18-auto,basic,cycles,548866809,250099367,250099367
1,stride16-clang18-auto-r5-stride16_scan-auto-warm-basic-5242880,stride16-clang18-auto,basic,instructions,180639983,250099238,250099238
1,stride16-clang18-auto-r5-stride16_scan-auto-warm-basic-5242880,stride16-clang18-auto,basic,ref_cycles,548870212,250095912,250095912
1,stride16-clang18-auto-r5-stride16_scan-auto-cache_evicted-basic-32768,stride16-clang18-auto,basic,cycles,548731005,250032986,250032986
1,stride16-clang18-auto-r5-stride16_scan-auto-cache_evicted-basic-32768,stride16-clang18-auto,basic,instructions,843984993,250030112,250030112
1,stride16-clang18-auto-r5-stride16_scan-auto-cache_evicted-basic-32768,stride16-clang18-auto,basic,ref_cycles,548732448,250026597,250026597
1,stride16-clang18-auto-r5-stride16_scan-auto-warm-branch-262144,stride16-clang18-auto,branch,cycles,548740189,250037816,250037816
1,stride16-clang18-auto-r5-stride16_scan-auto-warm-branch-262144,stride16-clang18-auto,branch,branches,12754642,250036095,250036095
1,stride16-clang18-auto-r5-stride16_scan-auto-warm-branch-262144,stride16-clang18-auto,branch,branch_misses,43897,250032376,250032376
1,stride16-clang18-auto-r5-stride16_scan-auto-warm-branch-7340032,stride16-clang18-auto,branch,cycles,549139600,250225251,250225251
1,stride16-clang18-auto-r5-stride16_scan-auto-warm-branch-7340032,stride16-clang18-auto,branch,branches,5524820,250225779,250225779
1,stride16-clang18-auto-r5-stride16_scan-auto-warm-branch-7340032,stride16-clang18-auto,branch,branch_misses,818,250221989,250221989
1,stride16-clang18-auto-r5-stride16_scan-auto-warm-basic-393216,stride16-clang18-auto,basic,cycles,548735704,250035056,250035056
1,stride16-clang18-auto-r5-stride16_scan-auto-warm-basic-393216,stride16-clang18-auto,basic,instructions,199144642,250033518,250033518
1,stride16-clang18-auto-r5-stride16_scan-auto-warm-basic-393216,stride16-clang18-auto,basic,ref_cycles,548737970,250030334,250030334
1,stride16-clang18-auto-r5-stride16_scan-auto-warm-branch-33554432,stride16-clang18-auto,branch,cycles,551195832,251163226,251163226
1,stride16-clang18-auto-r5-stride16_scan-auto-warm-branch-33554432,stride16-clang18-auto,branch,branches,3378829,251161776,251161776
1,stride16-clang18-auto-r5-stride16_scan-auto-warm-branch-33554432,stride16-clang18-auto,branch,branch_misses,146,251157835,251157835
1,stride16-clang18-auto-r5-stride16_scan-auto-cache_evicted-basic-262144,stride16-clang18-auto,basic,cycles,548743149,250039177,250039177
1,stride16-clang18-auto-r5-stride16_scan-auto-cache_evicted-basic-262144,stride16-clang18-auto,basic,instructions,282046706,250037757,250037757
1,stride16-clang18-auto-r5-stride16_scan-auto-cache_evicted-basic-262144,stride16-clang18-auto,basic,ref_cycles,548745252,250034500,250034500
1,stride16-clang18-auto-r5-stride16_scan-auto-warm-basic-24576,stride16-clang18-auto,basic,cycles,548730464,250031172,250031172
1,stride16-clang18-auto-r5-stride16_scan-auto-warm-basic-24576,stride16-clang18-auto,basic,instructions,888344499,250027393,250027393
1,stride16-clang18-auto-r5-stride16_scan-auto-warm-basic-24576,stride16-clang18-auto,basic,ref_cycles,548731238,250023850,250023850
1,stride16-clang18-auto-r5-stride16_scan-auto-warm-branch-8192,stride16-clang18-auto,branch,cycles,548730452,250032268,250032268
1,stride16-clang18-auto-r5-stride16_scan-auto-warm-branch-8192,stride16-clang18-auto,branch,branches,104959038,250030055,250030055
1,stride16-clang18-auto-r5-stride16_scan-auto-warm-branch-8192,stride16-clang18-auto,branch,branch_misses,507,250026548,250026548
1,stride16-clang18-auto-r5-stride16_scan-auto-warm-branch-6291456,stride16-clang18-auto,branch,cycles,548732257,250039543,250039543
1,stride16-clang18-auto-r5-stride16_scan-auto-warm-branch-6291456,stride16-clang18-auto,branch,branches,5851637,250039740,250039740
1,stride16-clang18-auto-r5-stride16_scan-auto-warm-branch-6291456,stride16-clang18-auto,branch,branch_misses,1003,250036013,250036013
1,stride16-clang18-auto-r5-stride16_scan-auto-warm-basic-8388608,stride16-clang18-auto,basic,cycles,549165930,250237474,250237474
1,stride16-clang18-auto-r5-stride16_scan-auto-warm-basic-8388608,stride16-clang18-auto,basic,instructions,129941840,250237582,250237582
1,stride16-clang18-auto-r5-stride16_scan-auto-warm-basic-8388608,stride16-clang18-auto,basic,ref_cycles,549169808,250234519,250234519
1,stride16-clang18-auto-r5-stride16_scan-auto-warm-basic-524288,stride16-clang18-auto,basic,cycles,548767545,250050070,250050070
1,stride16-clang18-auto-r5-stride16_scan-auto-warm-basic-524288,stride16-clang18-auto,basic,instructions,198689541,250047895,250047895
1,stride16-clang18-auto-r5-stride16_scan-auto-warm-basic-524288,stride16-clang18-auto,basic,ref_cycles,548769738,250044318,250044318
1,stride16-clang18-auto-r5-stride16_scan-auto-cache_evicted-basic-33554432,stride16-clang18-auto,basic,cycles,553778443,252341679,252341679
1,stride16-clang18-auto-r5-stride16_scan-auto-cache_evicted-basic-33554432,stride16-clang18-auto,basic,instructions,90262112,252339697,252339697
1,stride16-clang18-auto-r5-stride16_scan-auto-cache_evicted-basic-33554432,stride16-clang18-auto,basic,ref_cycles,553781756,252335620,252335620
1,stride16-clang18-auto-r5-stride16_scan-auto-warm-basic-12582912,stride16-clang18-auto,basic,cycles,550262009,250737236,250737236
1,stride16-clang18-auto-r5-stride16_scan-auto-warm-basic-12582912,stride16-clang18-auto,basic,instructions,105230959,250735086,250735086
1,stride16-clang18-auto-r5-stride16_scan-auto-warm-basic-12582912,stride16-clang18-auto,basic,ref_cycles,550265672,250731346,250731346
1,stride16-clang18-auto-r5-stride16_scan-auto-warm-branch-2097152,stride16-clang18-auto,branch,cycles,548778187,250055794,250055794
1,stride16-clang18-auto-r5-stride16_scan-auto-warm-branch-2097152,stride16-clang18-auto,branch,branches,7415599,250054258,250054258
1,stride16-clang18-auto-r5-stride16_scan-auto-warm-branch-2097152,stride16-clang18-auto,branch,branch_misses,3606,250050313,250050313
1,stride16-clang18-auto-r5-stride16_scan-auto-warm-branch-536870912,stride16-clang18-auto,branch,cycles,601397935,274038609,274038609
1,stride16-clang18-auto-r5-stride16_scan-auto-warm-branch-536870912,stride16-clang18-auto,branch,branches,3670380,274038442,274038442
1,stride16-clang18-auto-r5-stride16_scan-auto-warm-branch-536870912,stride16-clang18-auto,branch,branch_misses,66,274033709,274033709
1,stride16-clang18-auto-r5-stride16_scan-auto-warm-branch-229376,stride16-clang18-auto,branch,cycles,548744514,250040412,250040412
1,stride16-clang18-auto-r5-stride16_scan-auto-warm-branch-229376,stride16-clang18-auto,branch,branches,9989793,250037961,250037961
1,stride16-clang18-auto-r5-stride16_scan-auto-warm-branch-229376,stride16-clang18-auto,branch,branch_misses,38634,250033715,250033715
1,stride16-clang18-auto-r5-stride16_scan-auto-warm-branch-294912,stride16-clang18-auto,branch,cycles,548744907,250039119,250039119
1,stride16-clang18-auto-r5-stride16_scan-auto-warm-branch-294912,stride16-clang18-auto,branch,branches,9785610,250036420,250036420
1,stride16-clang18-auto-r5-stride16_scan-auto-warm-branch-294912,stride16-clang18-auto,branch,branch_misses,30365,250032734,250032734
1,stride16-clang18-auto-r5-stride16_scan-auto-warm-basic-65536,stride16-clang18-auto,basic,cycles,548733053,250033498,250033498
1,stride16-clang18-auto-r5-stride16_scan-auto-warm-basic-65536,stride16-clang18-auto,basic,instructions,394593375,250032022,250032022
1,stride16-clang18-auto-r5-stride16_scan-auto-warm-basic-65536,stride16-clang18-auto,basic,ref_cycles,548735374,250029224,250029224
1,stride16-clang18-auto-r5-stride16_scan-auto-cache_evicted-branch-8388608,stride16-clang18-auto,branch,cycles,548797862,250072009,250072009
1,stride16-clang18-auto-r5-stride16_scan-auto-cache_evicted-branch-8388608,stride16-clang18-auto,branch,branches,4993908,250070610,250070610
1,stride16-clang18-auto-r5-stride16_scan-auto-cache_evicted-branch-8388608,stride16-clang18-auto,branch,branch_misses,666,250067213,250067213
1,stride16-clang18-auto-r5-stride16_scan-auto-warm-branch-65536,stride16-clang18-auto,branch,cycles,548731750,250034050,250034050
1,stride16-clang18-auto-r5-stride16_scan-auto-warm-branch-65536,stride16-clang18-auto,branch,branches,20304724,250033317,250033317
1,stride16-clang18-auto-r5-stride16_scan-auto-warm-branch-65536,stride16-clang18-auto,branch,branch_misses,205181,250030245,250030245
1,stride16-clang18-auto-r5-stride16_scan-auto-cache_evicted-branch-33554432,stride16-clang18-auto,branch,cycles,552330536,251680508,251680508
1,stride16-clang18-auto-r5-stride16_scan-auto-cache_evicted-branch-33554432,stride16-clang18-auto,branch,branches,3411631,251681002,251681002
1,stride16-clang18-auto-r5-stride16_scan-auto-cache_evicted-branch-33554432,stride16-clang18-auto,branch,branch_misses,142,251677516,251677516
1,stride16-clang18-auto-r5-stride16_scan-auto-warm-branch-4194304,stride16-clang18-auto,branch,cycles,548770244,250054234,250054234
1,stride16-clang18-auto-r5-stride16_scan-auto-warm-branch-4194304,stride16-clang18-auto,branch,branches,7332644,250054173,250054173
1,stride16-clang18-auto-r5-stride16_scan-auto-warm-branch-4194304,stride16-clang18-auto,branch,branch_misses,1825,250050281,250050281
1,stride16-clang18-auto-r5-stride16_scan-auto-warm-branch-16384,stride16-clang18-auto,branch,cycles,548730301,250032256,250032256
1,stride16-clang18-auto-r5-stride16_scan-auto-warm-branch-16384,stride16-clang18-auto,branch,branches,75420860,250028802,250028802
1,stride16-clang18-auto-r5-stride16_scan-auto-warm-branch-16384,stride16-clang18-auto,branch,branch_misses,420,250024601,250024601
1,stride16-clang18-auto-r5-stride16_scan-auto-warm-branch-134217728,stride16-clang18-auto,branch,cycles,551917425,251492195,251492195
1,stride16-clang18-auto-r5-stride16_scan-auto-warm-branch-134217728,stride16-clang18-auto,branch,branches,3408901,251491402,251491402
1,stride16-clang18-auto-r5-stride16_scan-auto-warm-branch-134217728,stride16-clang18-auto,branch,branch_misses,78,251487283,251487283
1,stride16-clang18-auto-r5-stride16_scan-auto-warm-branch-524288,stride16-clang18-auto,branch,cycles,548765011,250050541,250050541
1,stride16-clang18-auto-r5-stride16_scan-auto-warm-branch-524288,stride16-clang18-auto,branch,branches,7763146,250047932,250047932
1,stride16-clang18-auto-r5-stride16_scan-auto-warm-branch-524288,stride16-clang18-auto,branch,branch_misses,14248,250044626,250044626
1,stride16-clang18-auto-r5-stride16_scan-auto-warm-basic-33554432,stride16-clang18-auto,basic,cycles,553412800,252172942,252172942
1,stride16-clang18-auto-r5-stride16_scan-auto-warm-basic-33554432,stride16-clang18-auto,basic,instructions,92031946,252172051,252172051
1,stride16-clang18-auto-r5-stride16_scan-auto-warm-basic-33554432,stride16-clang18-auto,basic,ref_cycles,553416754,252168160,252168160
1,stride16-clang18-auto-r5-stride16_scan-auto-warm-basic-32768,stride16-clang18-auto,basic,cycles,548730900,250033396,250033396
1,stride16-clang18-auto-r5-stride16_scan-auto-warm-basic-32768,stride16-clang18-auto,basic,instructions,847076316,250031247,250031247
1,stride16-clang18-auto-r5-stride16_scan-auto-warm-basic-32768,stride16-clang18-auto,basic,ref_cycles,548733328,250027927,250027927
1,stride16-clang18-auto-r5-stride16_scan-auto-cache_evicted-basic-8388608,stride16-clang18-auto,basic,cycles,548906788,250120173,250120173
1,stride16-clang18-auto-r5-stride16_scan-auto-cache_evicted-basic-8388608,stride16-clang18-auto,basic,instructions,135254611,250119556,250119556
1,stride16-clang18-auto-r5-stride16_scan-auto-cache_evicted-basic-8388608,stride16-clang18-auto,basic,ref_cycles,548910032,250116162,250116162
1,stride16-clang18-auto-r5-stride16_scan-auto-warm-branch-196608,stride16-clang18-auto,branch,cycles,548736993,250036729,250036729
1,stride16-clang18-auto-r5-stride16_scan-auto-warm-branch-196608,stride16-clang18-auto,branch,branches,14120700,250034303,250034303
1,stride16-clang18-auto-r5-stride16_scan-auto-warm-branch-196608,stride16-clang18-auto,branch,branch_misses,62273,250030753,250030753
1,stride16-clang18-auto-r5-stride16_scan-auto-warm-basic-262144,stride16-clang18-auto,basic,cycles,548744526,250038979,250038979
1,stride16-clang18-auto-r5-stride16_scan-auto-warm-basic-262144,stride16-clang18-auto,basic,instructions,249844527,250037137,250037137
1,stride16-clang18-auto-r5-stride16_scan-auto-warm-basic-262144,stride16-clang18-auto,basic,ref_cycles,548746440,250033769,250033769
1,stride16-clang18-auto-r5-stride16_scan-auto-cache_evicted-branch-6291456,stride16-clang18-auto,branch,cycles,548733109,250040284,250040284
1,stride16-clang18-auto-r5-stride16_scan-auto-cache_evicted-branch-6291456,stride16-clang18-auto,branch,branches,6420100,250039533,250039533
1,stride16-clang18-auto-r5-stride16_scan-auto-cache_evicted-branch-6291456,stride16-clang18-auto,branch,branch_misses,1087,250035892,250035892
1,stride16-clang18-auto-r5-stride16_scan-auto-warm-branch-393216,stride16-clang18-auto,branch,cycles,548736633,250035574,250035574
1,stride16-clang18-auto-r5-stride16_scan-auto-warm-branch-393216,stride16-clang18-auto,branch,branches,7911383,250032933,250032933
1,stride16-clang18-auto-r5-stride16_scan-auto-warm-branch-393216,stride16-clang18-auto,branch,branch_misses,18944,250028923,250028923
1,stride16-clang18-auto-r5-stride16_scan-auto-warm-branch-32768,stride16-clang18-auto,branch,cycles,548730861,250032143,250032143
1,stride16-clang18-auto-r5-stride16_scan-auto-warm-branch-32768,stride16-clang18-auto,branch,branches,54123748,250029540,250029540
1,stride16-clang18-auto-r5-stride16_scan-auto-warm-branch-32768,stride16-clang18-auto,branch,branch_misses,406297,250025687,250025687
1,stride16-clang18-auto-r5-stride16_scan-auto-cache_evicted-branch-32768,stride16-clang18-auto,branch,cycles,548731171,250033832,250033832
1,stride16-clang18-auto-r5-stride16_scan-auto-cache_evicted-branch-32768,stride16-clang18-auto,branch,branches,54469680,250033190,250033190
1,stride16-clang18-auto-r5-stride16_scan-auto-cache_evicted-branch-32768,stride16-clang18-auto,branch,branch_misses,102810,250029782,250029782
1,stride16-clang18-auto-r5-stride16_scan-auto-warm-branch-98304,stride16-clang18-auto,branch,cycles,548733389,250035368,250035368
1,stride16-clang18-auto-r5-stride16_scan-auto-warm-branch-98304,stride16-clang18-auto,branch,branches,18312567,250033226,250033226
1,stride16-clang18-auto-r5-stride16_scan-auto-warm-branch-98304,stride16-clang18-auto,branch,branch_misses,139871,250029531,250029531
1,stride16-clang18-auto-r5-stride16_scan-auto-warm-basic-8192,stride16-clang18-auto,basic,cycles,548730273,250031295,250031295
1,stride16-clang18-auto-r5-stride16_scan-auto-warm-basic-8192,stride16-clang18-auto,basic,instructions,967802215,250028032,250028032
1,stride16-clang18-auto-r5-stride16_scan-auto-warm-basic-8192,stride16-clang18-auto,basic,ref_cycles,548731282,250024850,250024850
1,stride16-clang18-auto-r5-stride16_scan-auto-cache_evicted-basic-536870912,stride16-clang18-auto,basic,cycles,602772274,274659398,274659398
1,stride16-clang18-auto-r5-stride16_scan-auto-cache_evicted-basic-536870912,stride16-clang18-auto,basic,instructions,99092277,274659257,274659257
1,stride16-clang18-auto-r5-stride16_scan-auto-cache_evicted-basic-536870912,stride16-clang18-auto,basic,ref_cycles,602775646,274656451,274656451
1,stride16-clang18-auto-r5-stride16_scan-auto-warm-branch-8388608,stride16-clang18-auto,branch,cycles,549494690,250388471,250388471
1,stride16-clang18-auto-r5-stride16_scan-auto-warm-branch-8388608,stride16-clang18-auto,branch,branches,5026828,250388715,250388715
1,stride16-clang18-auto-r5-stride16_scan-auto-warm-branch-8388608,stride16-clang18-auto,branch,branch_misses,665,250384746,250384746
1,stride16-clang18-auto-r5-stride16_scan-auto-warm-branch-5242880,stride16-clang18-auto,branch,cycles,549118788,250214803,250214803
1,stride16-clang18-auto-r5-stride16_scan-auto-warm-branch-5242880,stride16-clang18-auto,branch,branches,6345924,250213877,250213877
1,stride16-clang18-auto-r5-stride16_scan-auto-warm-branch-5242880,stride16-clang18-auto,branch,branch_misses,1279,250209828,250209828
1,stride16-clang18-auto-r6-stride16_scan-auto-cache_evicted-branch-536870912,stride16-clang18-auto,branch,cycles,602770291,274659955,274659955
1,stride16-clang18-auto-r6-stride16_scan-auto-cache_evicted-branch-536870912,stride16-clang18-auto,branch,branches,3670380,274659328,274659328
1,stride16-clang18-auto-r6-stride16_scan-auto-cache_evicted-branch-536870912,stride16-clang18-auto,branch,branch_misses,59,274655631,274655631
1,stride16-clang18-auto-r6-stride16_scan-auto-warm-basic-32768,stride16-clang18-auto,basic,cycles,548730586,250031613,250031613
1,stride16-clang18-auto-r6-stride16_scan-auto-warm-basic-32768,stride16-clang18-auto,basic,instructions,850937659,250028934,250028934
1,stride16-clang18-auto-r6-stride16_scan-auto-warm-basic-32768,stride16-clang18-auto,basic,ref_cycles,548732470,250025292,250025292
1,stride16-clang18-auto-r6-stride16_scan-auto-warm-branch-524288,stride16-clang18-auto,branch,cycles,548762524,250047329,250047329
1,stride16-clang18-auto-r6-stride16_scan-auto-warm-branch-524288,stride16-clang18-auto,branch,branches,7764796,250044075,250044075
1,stride16-clang18-auto-r6-stride16_scan-auto-warm-branch-524288,stride16-clang18-auto,branch,branch_misses,14240,250039925,250039925
1,stride16-clang18-auto-r6-stride16_scan-auto-warm-branch-28672,stride16-clang18-auto,branch,cycles,548731476,250034046,250034046
1,stride16-clang18-auto-r6-stride16_scan-auto-warm-branch-28672,stride16-clang18-auto,branch,branches,58416088,250032670,250032670
1,stride16-clang18-auto-r6-stride16_scan-auto-warm-branch-28672,stride16-clang18-auto,branch,branch_misses,676,250029749,250029749
1,stride16-clang18-auto-r6-stride16_scan-auto-warm-basic-8192,stride16-clang18-auto,basic,cycles,548730819,250032012,250032012
1,stride16-clang18-auto-r6-stride16_scan-auto-warm-basic-8192,stride16-clang18-auto,basic,instructions,972251661,250030025,250030025
1,stride16-clang18-auto-r6-stride16_scan-auto-warm-basic-8192,stride16-clang18-auto,basic,ref_cycles,548732162,250026710,250026710
1,stride16-clang18-auto-r6-stride16_scan-auto-cache_evicted-basic-32768,stride16-clang18-auto,basic,cycles,548731241,250034049,250034049
1,stride16-clang18-auto-r6-stride16_scan-auto-cache_evicted-basic-32768,stride16-clang18-auto,basic,instructions,843342070,250032499,250032499
1,stride16-clang18-auto-r6-stride16_scan-auto-cache_evicted-basic-32768,stride16-clang18-auto,basic,ref_cycles,548733636,250029527,250029527
1,stride16-clang18-auto-r6-stride16_scan-auto-cache_evicted-basic-8388608,stride16-clang18-auto,basic,cycles,549572670,250421703,250421703
1,stride16-clang18-auto-r6-stride16_scan-auto-cache_evicted-basic-8388608,stride16-clang18-auto,basic,instructions,134811863,250421185,250421185
1,stride16-clang18-auto-r6-stride16_scan-auto-cache_evicted-basic-8388608,stride16-clang18-auto,basic,ref_cycles,549576060,250417866,250417866
1,stride16-clang18-auto-r6-stride16_scan-auto-cache_evicted-basic-6291456,stride16-clang18-auto,basic,cycles,549145899,250228268,250228268
1,stride16-clang18-auto-r6-stride16_scan-auto-cache_evicted-basic-6291456,stride16-clang18-auto,basic,instructions,165073164,250228647,250228647
1,stride16-clang18-auto-r6-stride16_scan-auto-cache_evicted-basic-6291456,stride16-clang18-auto,basic,ref_cycles,549149392,250225049,250225049
1,stride16-clang18-auto-r6-stride16_scan-auto-cache_evicted-branch-8388608,stride16-clang18-auto,branch,cycles,549392658,250341761,250341761
1,stride16-clang18-auto-r6-stride16_scan-auto-cache_evicted-branch-8388608,stride16-clang18-auto,branch,branches,4985684,250340980,250340980
1,stride16-clang18-auto-r6-stride16_scan-auto-cache_evicted-branch-8388608,stride16-clang18-auto,branch,branch_misses,657,250337349,250337349
1,stride16-clang18-auto-r6-stride16_scan-auto-warm-branch-134217728,stride16-clang18-auto,branch,cycles,550207576,250713511,250713511
1,stride16-clang18-auto-r6-stride16_scan-auto-warm-branch-134217728,stride16-clang18-auto,branch,branches,3408901,250713416,250713416
1,stride16-clang18-auto-r6-stride16_scan-auto-warm-branch-134217728,stride16-clang18-auto,branch,branch_misses,73,250709243,250709243
1,stride16-clang18-auto-r6-stride16_scan-auto-warm-branch-49152,stride16-clang18-auto,branch,cycles,548707376,250034126,250034126
1,stride16-clang18-auto-r6-stride16_scan-auto-warm-branch-49152,stride16-clang18-auto,branch,branches,24158240,250032721,250032721
1,stride16-clang18-auto-r6-stride16_scan-auto-warm-branch-49152,stride16-clang18-auto,branch,branch_misses,291172,250029044,250029044
1,stride16-clang18-auto-r6-stride16_scan-auto-warm-basic-536870912,stride16-clang18-auto,basic,cycles,602221478,274409504,274409504
1,stride16-clang18-auto-r6-stride16_scan-auto-warm-basic-536870912,stride16-clang18-auto,basic,instructions,99092277,274411058,274411058
1,stride16-clang18-auto-r6-stride16_scan-auto-warm-basic-536870912,stride16-clang18-auto,basic,ref_cycles,602224546,274407552,274407552
1,stride16-clang18-auto-r6-stride16_scan-auto-warm-branch-229376,stride16-clang18-auto,branch,cycles,548735760,250034990,250034990
1,stride16-clang18-auto-r6-stride16_scan-auto-warm-branch-229376,stride16-clang18-auto,branch,branches,14707511,250031451,250031451
1,stride16-clang18-auto-r6-stride16_scan-auto-warm-branch-229376,stride16-clang18-auto,branch,branch_misses,56850,250027566,250027566
1,stride16-clang18-auto-r6-stride16_scan-auto-warm-branch-8388608,stride16-clang18-auto,branch,cycles,548795729,250069300,250069300
1,stride16-clang18-auto-r6-stride16_scan-auto-warm-branch-8388608,stride16-clang18-auto,branch,branches,5003959,250069515,250069515
1,stride16-clang18-auto-r6-stride16_scan-auto-warm-branch-8388608,stride16-clang18-auto,branch,branch_misses,655,250065517,250065517
1,stride16-clang18-auto-r6-stride16_scan-auto-warm-basic-49152,stride16-clang18-auto,basic,cycles,548731858,250032106,250032106
1,stride16-clang18-auto-r6-stride16_scan-auto-warm-basic-49152,stride16-clang18-auto,basic,instructions,402341937,250028741,250028741
1,stride16-clang18-auto-r6-stride16_scan-auto-warm-basic-49152,stride16-clang18-auto,basic,ref_cycles,548732624,250025163,250025163
1,stride16-clang18-auto-r6-stride16_scan-auto-warm-basic-393216,stride16-clang18-auto,basic,cycles,548759211,250044924,250044924
1,stride16-clang18-auto-r6-stride16_scan-auto-warm-basic-393216,stride16-clang18-auto,basic,instructions,199250152,250042180,250042180
1,stride16-clang18-auto-r6-stride16_scan-auto-warm-basic-393216,stride16-clang18-auto,basic,ref_cycles,548760234,250038738,250038738
1,stride16-clang18-auto-r6-stride16_scan-auto-warm-basic-131072,stride16-clang18-auto,basic,cycles,548733892,250032851,250032851
1,stride16-clang18-auto-r6-stride16_scan-auto-warm-basic-131072,stride16-clang18-auto,basic,instructions,395811511,250030288,250030288
1,stride16-clang18-auto-r6-stride16_scan-auto-warm-basic-131072,stride16-clang18-auto,basic,ref_cycles,548735242,250026651,250026651
1,stride16-clang18-auto-r6-stride16_scan-auto-warm-branch-98304,stride16-clang18-auto,branch,cycles,548732548,250033684,250033684
1,stride16-clang18-auto-r6-stride16_scan-auto-warm-branch-98304,stride16-clang18-auto,branch,branches,18496547,250031607,250031607
1,stride16-clang18-auto-r6-stride16_scan-auto-warm-branch-98304,stride16-clang18-auto,branch,branch_misses,141301,250027546,250027546
1,stride16-clang18-auto-r6-stride16_scan-auto-warm-branch-12582912,stride16-clang18-auto,branch,cycles,549316107,250306656,250306656
1,stride16-clang18-auto-r6-stride16_scan-auto-warm-branch-12582912,stride16-clang18-auto,branch,branches,3807926,250305788,250305788
1,stride16-clang18-auto-r6-stride16_scan-auto-warm-branch-12582912,stride16-clang18-auto,branch,branch_misses,353,250301998,250301998
1,stride16-clang18-auto-r6-stride16_scan-auto-warm-basic-2097152,stride16-clang18-auto,basic,cycles,548775926,250055692,250055692
1,stride16-clang18-auto-r6-stride16_scan-auto-warm-basic-2097152,stride16-clang18-auto,basic,instructions,197332267,250053787,250053787
1,stride16-clang18-auto-r6-stride16_scan-auto-warm-basic-2097152,stride16-clang18-auto,basic,ref_cycles,548778098,250049715,250049715
1,stride16-clang18-auto-r6-stride16_scan-auto-cache_evicted-basic-262144,stride16-clang18-auto,basic,cycles,548744109,250038590,250038590
1,stride16-clang18-auto-r6-stride16_scan-auto-cache_evicted-basic-262144,stride16-clang18-auto,basic,instructions,252129737,250036362,250036362
1,stride16-clang18-auto-r6-stride16_scan-auto-cache_evicted-basic-262144,stride16-clang18-auto,basic,ref_cycles,548745406,250032679,250032679
1,stride16-clang18-auto-r6-stride16_scan-auto-warm-basic-65536,stride16-clang18-auto,basic,cycles,548730841,250032203,250032203
1,stride16-clang18-auto-r6-stride16_scan-auto-warm-basic-65536,stride16-clang18-auto,basic,instructions,397884278,250030469,250030469
1,stride16-clang18-auto-r6-stride16_scan-auto-warm-basic-65536,stride16-clang18-auto,basic,ref_cycles,548732206,250027169,250027169
1,stride16-clang18-auto-r6-stride16_scan-auto-warm-basic-196608,stride16-clang18-auto,basic,cycles,548736059,250033196,250033196
1,stride16-clang18-auto-r6-stride16_scan-auto-warm-basic-196608,stride16-clang18-auto,basic,instructions,301519013,250029813,250029813
1,stride16-clang18-auto-r6-stride16_scan-auto-warm-basic-196608,stride16-clang18-auto,basic,ref_cycles,548737002,250026216,250026216
1,stride16-clang18-auto-r6-stride16_scan-auto-warm-basic-229376,stride16-clang18-auto,basic,cycles,548737488,250033551,250033551
1,stride16-clang18-auto-r6-stride16_scan-auto-warm-basic-229376,stride16-clang18-auto,basic,instructions,264926342,250031484,250031484
1,stride16-clang18-auto-r6-stride16_scan-auto-warm-basic-229376,stride16-clang18-auto,basic,ref_cycles,548738410,250027847,250027847
1,stride16-clang18-auto-r6-stride16_scan-auto-cache_evicted-branch-1048576,stride16-clang18-auto,branch,cycles,548768001,250049070,250049070
1,stride16-clang18-auto-r6-stride16_scan-auto-cache_evicted-branch-1048576,stride16-clang18-auto,branch,branches,7534948,250046356,250046356
1,stride16-clang18-auto-r6-stride16_scan-auto-cache_evicted-branch-1048576,stride16-clang18-auto,branch,branch_misses,7161,250042062,250042062
1,stride16-clang18-auto-r6-stride16_scan-auto-warm-branch-36864,stride16-clang18-auto,branch,cycles,548731002,250030569,250030569
1,stride16-clang18-auto-r6-stride16_scan-auto-warm-branch-36864,stride16-clang18-auto,branch,branches,25316834,250027715,250027715
1,stride16-clang18-auto-r6-stride16_scan-auto-warm-branch-36864,stride16-clang18-auto,branch,branch_misses,356684,250023865,250023865
1,stride16-clang18-auto-r6-stride16_scan-auto-warm-basic-16384,stride16-clang18-auto,basic,cycles,548730286,250030418,250030418
1,stride16-clang18-auto-r6-stride16_scan-auto-warm-basic-16384,stride16-clang18-auto,basic,instructions,909995216,250026760,250026760
1,stride16-clang18-auto-r6-stride16_scan-auto-warm-basic-16384,stride16-clang18-auto,basic,ref_cycles,548731040,250022681,250022681
1,stride16-clang18-auto-r6-stride16_scan-auto-warm-branch-1048576,stride16-clang18-auto,branch,cycles,548803964,250066110,250066110
1,stride16-clang18-auto-r6-stride16_scan-auto-warm-branch-1048576,stride16-clang18-auto,branch,branches,7531730,250065312,250065312
1,stride16-clang18-auto-r6-stride16_scan-auto-warm-branch-1048576,stride16-clang18-auto,branch,branch_misses,7177,250061992,250061992
1,stride16-clang18-auto-r6-stride16_scan-auto-warm-basic-1048576,stride16-clang18-auto,basic,cycles,548784278,250057798,250057798
1,stride16-clang18-auto-r6-stride16_scan-auto-warm-basic-1048576,stride16-clang18-auto,basic,instructions,198004137,250056105,250056105
1,stride16-clang18-auto-r6-stride16_scan-auto-warm-basic-1048576,stride16-clang18-auto,basic,ref_cycles,548786854,250052194,250052194
1,stride16-clang18-auto-r6-stride16_scan-auto-warm-branch-32768,stride16-clang18-auto,branch,cycles,548730630,250031602,250031602
1,stride16-clang18-auto-r6-stride16_scan-auto-warm-branch-32768,stride16-clang18-auto,branch,branches,54412021,250027932,250027932
1,stride16-clang18-auto-r6-stride16_scan-auto-warm-branch-32768,stride16-clang18-auto,branch,branch_misses,812359,250023788,250023788
1,stride16-clang18-auto-r6-stride16_scan-auto-cache_evicted-branch-33554432,stride16-clang18-auto,branch,cycles,552951814,251964695,251964695
1,stride16-clang18-auto-r6-stride16_scan-auto-cache_evicted-branch-33554432,stride16-clang18-auto,branch,branches,3378828,251964413,251964413
1,stride16-clang18-auto-r6-stride16_scan-auto-cache_evicted-branch-33554432,stride16-clang18-auto,branch,branch_misses,138,251960705,251960705
1,stride16-clang18-auto-r6-stride16_scan-auto-warm-branch-294912,stride16-clang18-auto,branch,cycles,548742715,250037522,250037522
1,stride16-clang18-auto-r6-stride16_scan-auto-warm-branch-294912,stride16-clang18-auto,branch,branches,10384283,250033869,250033869
1,stride16-clang18-auto-r6-stride16_scan-auto-warm-branch-294912,stride16-clang18-auto,branch,branch_misses,32204,250029841,250029841
1,stride16-clang18-auto-r6-stride16_scan-auto-warm-branch-24576,stride16-clang18-auto,branch,cycles,548730581,250030253,250030253
1,stride16-clang18-auto-r6-stride16_scan-auto-warm-branch-24576,stride16-clang18-auto,branch,branches,59564491,250027490,250027490
1,stride16-clang18-auto-r6-stride16_scan-auto-warm-branch-24576,stride16-clang18-auto,branch,branch_misses,341,250023798,250023798
1,stride16-clang18-auto-r6-stride16_scan-auto-cache_evicted-basic-536870912,stride16-clang18-auto,basic,cycles,612130249,278926655,278926655
1,stride16-clang18-auto-r6-stride16_scan-auto-cache_evicted-basic-536870912,stride16-clang18-auto,basic,instructions,99092305,278925077,278925077
1,stride16-clang18-auto-r6-stride16_scan-auto-cache_evicted-basic-536870912,stride16-clang18-auto,basic,ref_cycles,612133478,278919982,278919982
1,stride16-clang18-auto-r6-stride16_scan-auto-warm-branch-16384,stride16-clang18-auto,branch,cycles,548730224,250031223,250031223
1,stride16-clang18-auto-r6-stride16_scan-auto-warm-branch-16384,stride16-clang18-auto,branch,branches,75626521,250027802,250027802
1,stride16-clang18-auto-r6-stride16_scan-auto-warm-branch-16384,stride16-clang18-auto,branch,branch_misses,343,250023624,250023624
1,stride16-clang18-auto-r6-stride16_scan-auto-warm-branch-65536,stride16-clang18-auto,branch,cycles,548731271,250030909,250030909
1,stride16-clang18-auto-r6-stride16_scan-auto-warm-branch-65536,stride16-clang18-auto,branch,branches,20433067,250029795,250029795
1,stride16-clang18-auto-r6-stride16_scan-auto-warm-branch-65536,stride16-clang18-auto,branch,branch_misses,206483,250026302,250026302
1,stride16-clang18-auto-r6-stride16_scan-auto-warm-basic-12582912,stride16-clang18-auto,basic,cycles,549039069,250180460,250180460
1,stride16-clang18-auto-r6-stride16_scan-auto-warm-basic-12582912,stride16-clang18-auto,basic,instructions,108550536,250180541,250180541
1,stride16-clang18-auto-r6-stride16_scan-auto-warm-basic-12582912,stride16-clang18-auto,basic,ref_cycles,549042714,250176753,250176753
1,stride16-clang18-auto-r6-stride16_scan-auto-warm-basic-28672,stride16-clang18-auto,basic,cycles,548731544,250032610,250032610
1,stride16-clang18-auto-r6-stride16_scan-auto-warm-basic-28672,stride16-clang18-auto,basic,instructions,851646682,250031402,250031402
1,stride16-clang18-auto-r6-stride16_scan-auto-warm-basic-28672,stride16-clang18-auto,basic,ref_cycles,548733812,250028636,250028636
1,stride16-clang18-auto-r6-stride16_scan-auto-warm-branch-7340032,stride16-clang18-auto,branch,cycles,548993138,250159641,250159641
1,stride16-clang18-auto-r6-stride16_scan-auto-warm-branch-7340032,stride16-clang18-auto,branch,branches,4602836,250158153,250158153
1,stride16-clang18-auto-r6-stride16_scan-auto-warm-branch-7340032,stride16-clang18-auto,branch,branch_misses,681,250153894,250153894
1,stride16-clang18-auto-r6-stride16_scan-auto-cache_evicted-branch-6291456,stride16-clang18-auto,branch,cycles,549098044,250208669,250208669
1,stride16-clang18-auto-r6-stride16_scan-auto-cache_evicted-branch-6291456,stride16-clang18-auto,branch,branches,4856813,250207947,250207947
1,stride16-clang18-auto-r6-stride16_scan-auto-cache_evicted-branch-6291456,stride16-clang18-auto,branch,branch_misses,835,250203562,250203562
1,stride16-clang18-auto-r6-stride16_scan-auto-cache_evicted-basic-33554432,stride16-clang18-auto,basic,cycles,554182142,252524230,252524230
1,stride16-clang18-auto-r6-stride16_scan-auto-cache_evicted-basic-33554432,stride16-clang18-auto,basic,instructions,85837533,252523824,252523824
1,stride16-clang18-auto-r6-stride16_scan-auto-cache_evicted-basic-33554432,stride16-clang18-auto,basic,ref_cycles,554186358,252520765,252520765
1,stride16-clang18-auto-r6-stride16_scan-auto-warm-branch-33554432,stride16-clang18-auto,branch,cycles,553464098,252197662,252197662
1,stride16-clang18-auto-r6-stride16_scan-auto-warm-branch-33554432,stride16-clang18-auto,branch,branches,3116689,252196117,252196117
1,stride16-clang18-auto-r6-stride16_scan-auto-warm-branch-33554432,stride16-clang18-auto,branch,branch_misses,433,252191885,252191885
1,stride16-clang18-auto-r6-stride16_scan-auto-warm-branch-393216,stride16-clang18-auto,branch,cycles,548754488,250046578,250046578
1,stride16-clang18-auto-r6-stride16_scan-auto-warm-branch-393216,stride16-clang18-auto,branch,branches,7907927,250044424,250044424
1,stride16-clang18-auto-r6-stride16_scan-auto-warm-branch-393216,stride16-clang18-auto,branch,branch_misses,18932,250040411,250040411
1,stride16-clang18-auto-r6-stride16_scan-auto-warm-branch-262144,stride16-clang18-auto,branch,cycles,548735266,250037271,250037271
1,stride16-clang18-auto-r6-stride16_scan-auto-warm-branch-262144,stride16-clang18-auto,branch,branches,12924592,250035769,250035769
1,stride16-clang18-auto-r6-stride16_scan-auto-warm-branch-262144,stride16-clang18-auto,branch,branch_misses,44550,250032393,250032393
1,stride16-clang18-auto-r6-stride16_scan-auto-warm-branch-8192,stride16-clang18-auto,branch,cycles,548731232,250035468,250035468
1,stride16-clang18-auto-r6-stride16_scan-auto-warm-branch-8192,stride16-clang18-auto,branch,branches,104621824,250035240,250035240
1,stride16-clang18-auto-r6-stride16_scan-auto-warm-branch-8192,stride16-clang18-auto,branch,branch_misses,699,250031618,250031618
1,stride16-clang18-auto-r6-stride16_scan-auto-warm-basic-294912,stride16-clang18-auto,basic,cycles,548741446,250039388,250039388
1,stride16-clang18-auto-r6-stride16_scan-auto-warm-basic-294912,stride16-clang18-auto,basic,instructions,223807152,250037691,250037691
1,stride16-clang18-auto-r6-stride16_scan-auto-warm-basic-294912,stride16-clang18-auto,basic,ref_cycles,548744548,250034353,250034353
1,stride16-clang18-auto-r6-stride16_scan-auto-cache_evicted-branch-262144,stride16-clang18-auto,branch,cycles,548744942,250046443,250046443
1,stride16-clang18-auto-r6-stride16_scan-auto-cache_evicted-branch-262144,stride16-clang18-auto,branch,branches,10874828,250044131,250044131
1,stride16-clang18-auto-r6-stride16_scan-auto-cache_evicted-branch-262144,stride16-clang18-auto,branch,branch_misses,37465,250040042,250040042
1,stride16-clang18-auto-r6-stride16_scan-auto-warm-basic-5242880,stride16-clang18-auto,basic,cycles,549043226,250180545,250180545
1,stride16-clang18-auto-r6-stride16_scan-auto-warm-basic-5242880,stride16-clang18-auto,basic,instructions,146173190,250180008,250180008
1,stride16-clang18-auto-r6-stride16_scan-auto-warm-basic-5242880,stride16-clang18-auto,basic,ref_cycles,549046850,250176845,250176845
1,stride16-clang18-auto-r6-stride16_scan-auto-warm-basic-4194304,stride16-clang18-auto,basic,cycles,548783144,250062952,250062952
1,stride16-clang18-auto-r6-stride16_scan-auto-warm-basic-4194304,stride16-clang18-auto,basic,instructions,172695685,250063238,250063238
1,stride16-clang18-auto-r6-stride16_scan-auto-warm-basic-4194304,stride16-clang18-auto,basic,ref_cycles,548786590,250059524,250059524
1,stride16-clang18-auto-r6-stride16_scan-auto-warm-branch-131072,stride16-clang18-auto,branch,cycles,548732067,250035334,250035334
1,stride16-clang18-auto-r6-stride16_scan-auto-warm-branch-131072,stride16-clang18-auto,branch,branches,17276433,250033784,250033784
1,stride16-clang18-auto-r6-stride16_scan-auto-warm-branch-131072,stride16-clang18-auto,branch,branch_misses,106314,250030384,250030384
1,stride16-clang18-auto-r6-stride16_scan-auto-warm-basic-134217728,stride16-clang18-auto,basic,cycles,552959136,251966705,251966705
1,stride16-clang18-auto-r6-stride16_scan-auto-warm-basic-134217728,stride16-clang18-auto,basic,instructions,84939578,251964598,251964598
1,stride16-clang18-auto-r6-stride16_scan-auto-warm-basic-134217728,stride16-clang18-auto,basic,ref_cycles,552962740,251960940,251960940
1,stride16-clang18-auto-r6-stride16_scan-auto-warm-branch-6291456,stride16-clang18-auto,branch,cycles,549368228,250328963,250328963
1,stride16-clang18-auto-r6-stride16_scan-auto-warm-branch-6291456,stride16-clang18-auto,branch,branches,4473715,250328908,250328908
1,stride16-clang18-auto-r6-stride16_scan-auto-warm-branch-6291456,stride16-clang18-auto,branch,branch_misses,775,250324857,250324857
1,stride16-clang18-auto-r6-stride16_scan-auto-warm-basic-36864,stride16-clang18-auto,basic,cycles,548732437,250033895,250033895
1,stride16-clang18-auto-r6-stride16_scan-auto-warm-basic-36864,stride16-clang18-auto,basic,instructions,410338970,250032332,250032332
1,stride16-clang18-auto-r6-stride16_scan-auto-warm-basic-36864,stride16-clang18-auto,basic,ref_cycles,548734846,250029073,250029073
1,stride16-clang18-auto-r6-stride16_scan-auto-warm-basic-262144,stride16-clang18-auto,basic,cycles,548732142,250033537,250033537
1,stride16-clang18-auto-r6-stride16_scan-auto-warm-basic-262144,stride16-clang18-auto,basic,instructions,268584268,250032628,250032628
1,stride16-clang18-auto-r6-stride16_scan-auto-warm-basic-262144,stride16-clang18-auto,basic,ref_cycles,548735154,250029684,250029684
1,stride16-clang18-auto-r6-stride16_scan-auto-warm-basic-33554432,stride16-clang18-auto,basic,cycles,553633141,252272402,252272402
1,stride16-clang18-auto-r6-stride16_scan-auto-warm-basic-33554432,stride16-clang18-auto,basic,instructions,90262118,252271263,252271263
1,stride16-clang18-auto-r6-stride16_scan-auto-warm-basic-33554432,stride16-clang18-auto,basic,ref_cycles,553636424,252267413,252267413
1,stride16-clang18-auto-r6-stride16_scan-auto-warm-basic-24576,stride16-clang18-auto,basic,cycles,548731434,250032706,250032706
1,stride16-clang18-auto-r6-stride16_scan-auto-warm-basic-24576,stride16-clang18-auto,basic,instructions,888024519,250032164,250032164
1,stride16-clang18-auto-r6-stride16_scan-auto-warm-basic-24576,stride16-clang18-auto,basic,ref_cycles,548734604,250029221,250029221
1,stride16-clang18-auto-r6-stride16_scan-auto-cache_evicted-basic-1048576,stride16-clang18-auto,basic,cycles,548735300,250035561,250035561
1,stride16-clang18-auto-r6-stride16_scan-auto-cache_evicted-basic-1048576,stride16-clang18-auto,basic,instructions,197781315,250035093,250035093
1,stride16-clang18-auto-r6-stride16_scan-auto-cache_evicted-basic-1048576,stride16-clang18-auto,basic,ref_cycles,548737508,250031566,250031566
1,stride16-clang18-auto-r6-stride16_scan-auto-warm-branch-2097152,stride16-clang18-auto,branch,cycles,548824164,250079814,250079814
1,stride16-clang18-auto-r6-stride16_scan-auto-warm-branch-2097152,stride16-clang18-auto,branch,branches,7392686,250078760,250078760
1,stride16-clang18-auto-r6-stride16_scan-auto-warm-branch-2097152,stride16-clang18-auto,branch,branch_misses,3600,250074230,250074230
1,stride16-clang18-auto-r6-stride16_scan-auto-warm-branch-536870912,stride16-clang18-auto,branch,cycles,606782751,276487771,276487771
1,stride16-clang18-auto-r6-stride16_scan-auto-warm-branch-536870912,stride16-clang18-auto,branch,branches,3670380,276488135,276488135
1,stride16-clang18-auto-r6-stride16_scan-auto-warm-branch-536870912,stride16-clang18-auto,branch,branch_misses,70,276485534,276485534
1,stride16-clang18-auto-r6-stride16_scan-auto-cache_evicted-branch-32768,stride16-clang18-auto,branch,cycles,548730429,250034535,250034535
1,stride16-clang18-auto-r6-stride16_scan-auto-cache_evicted-branch-32768,stride16-clang18-auto,branch,branches,54286332,250030852,250030852
1,stride16-clang18-auto-r6-stride16_scan-auto-cache_evicted-branch-32768,stride16-clang18-auto,branch,branch_misses,510980,250026799,250026799
1,stride16-clang18-auto-r6-stride16_scan-auto-warm-basic-98304,stride16-clang18-auto,basic,cycles,548734452,250034422,250034422
1,stride16-clang18-auto-r6-stride16_scan-auto-warm-basic-98304,stride16-clang18-auto,basic,instructions,387125555,250032422,250032422
1,stride16-clang18-auto-r6-stride16_scan-auto-warm-basic-98304,stride16-clang18-auto,basic,ref_cycles,548736100,250028986,250028986
1,stride16-clang18-auto-r6-stride16_scan-auto-warm-branch-5242880,stride16-clang18-auto,branch,cycles,549058071,250187622,250187622
1,stride16-clang18-auto-r6-stride16_scan-auto-warm-branch-5242880,stride16-clang18-auto,branch,branches,5974771,250186595,250186595
1,stride16-clang18-auto-r6-stride16_scan-auto-warm-branch-5242880,stride16-clang18-auto,branch,branch_misses,1210,250182631,250182631
1,stride16-clang18-auto-r6-stride16_scan-auto-warm-branch-196608,stride16-clang18-auto,branch,cycles,548739073,250037505,250037505
1,stride16-clang18-auto-r6-stride16_scan-auto-warm-branch-196608,stride16-clang18-auto,branch,branches,14381965,250035731,250035731
1,stride16-clang18-auto-r6-stride16_scan-auto-warm-branch-196608,stride16-clang18-auto,branch,branch_misses,63424,250031700,250031700
1,stride16-clang18-auto-r6-stride16_scan-auto-warm-branch-4194304,stride16-clang18-auto,branch,cycles,548952140,250137067,250137067
1,stride16-clang18-auto-r6-stride16_scan-auto-warm-branch-4194304,stride16-clang18-auto,branch,branches,6725398,250136301,250136301
1,stride16-clang18-auto-r6-stride16_scan-auto-warm-branch-4194304,stride16-clang18-auto,branch,branch_misses,1681,250132766,250132766
1,stride16-clang18-auto-r6-stride16_scan-auto-warm-basic-8388608,stride16-clang18-auto,basic,cycles,549530585,250404064,250404064
1,stride16-clang18-auto-r6-stride16_scan-auto-warm-basic-8388608,stride16-clang18-auto,basic,instructions,123522248,250402686,250402686
1,stride16-clang18-auto-r6-stride16_scan-auto-warm-basic-8388608,stride16-clang18-auto,basic,ref_cycles,549533556,250399034,250399034
1,stride16-clang18-auto-r6-stride16_scan-auto-warm-basic-524288,stride16-clang18-auto,basic,cycles,548765961,250049639,250049639
1,stride16-clang18-auto-r6-stride16_scan-auto-warm-basic-524288,stride16-clang18-auto,basic,instructions,198717530,250047586,250047586
1,stride16-clang18-auto-r6-stride16_scan-auto-warm-basic-524288,stride16-clang18-auto,basic,ref_cycles,548768242,250044242,250044242
1,stride16-clang18-auto-r6-stride16_scan-auto-warm-basic-7340032,stride16-clang18-auto,basic,cycles,548756113,250049895,250049895
1,stride16-clang18-auto-r6-stride16_scan-auto-warm-basic-7340032,stride16-clang18-auto,basic,instructions,142576290,250049214,250049214
1,stride16-clang18-auto-r6-stride16_scan-auto-warm-basic-7340032,stride16-clang18-auto,basic,ref_cycles,548759728,250045432,250045432
1,stride16-clang18-auto-r6-stride16_scan-auto-warm-basic-6291456,stride16-clang18-auto,basic,cycles,548837329,250086068,250086068
1,stride16-clang18-auto-r6-stride16_scan-auto-warm-basic-6291456,stride16-clang18-auto,basic,instructions,161917883,250085870,250085870
1,stride16-clang18-auto-r6-stride16_scan-auto-warm-basic-6291456,stride16-clang18-auto,basic,ref_cycles,548841392,250082578,250082578
1,stride16-clang18-auto-r7-stride16_scan-auto-warm-basic-2097152,stride16-clang18-auto,basic,cycles,548788835,250060516,250060516
1,stride16-clang18-auto-r7-stride16_scan-auto-warm-basic-2097152,stride16-clang18-auto,basic,instructions,197498705,250058285,250058285
1,stride16-clang18-auto-r7-stride16_scan-auto-warm-basic-2097152,stride16-clang18-auto,basic,ref_cycles,548790704,250054727,250054727
1,stride16-clang18-auto-r7-stride16_scan-auto-cache_evicted-branch-1048576,stride16-clang18-auto,branch,cycles,548731859,250036120,250036120
1,stride16-clang18-auto-r7-stride16_scan-auto-cache_evicted-branch-1048576,stride16-clang18-auto,branch,branches,7532792,250034074,250034074
1,stride16-clang18-auto-r7-stride16_scan-auto-cache_evicted-branch-1048576,stride16-clang18-auto,branch,branch_misses,7167,250030436,250030436
1,stride16-clang18-auto-r7-stride16_scan-auto-warm-basic-16384,stride16-clang18-auto,basic,cycles,548731028,250032296,250032296
1,stride16-clang18-auto-r7-stride16_scan-auto-warm-basic-16384,stride16-clang18-auto,basic,instructions,908930154,250029798,250029798
1,stride16-clang18-auto-r7-stride16_scan-auto-warm-basic-16384,stride16-clang18-auto,basic,ref_cycles,548732536,250026175,250026175
1,stride16-clang18-auto-r7-stride16_scan-auto-warm-basic-524288,stride16-clang18-auto,basic,cycles,548747222,250040352,250040352
1,stride16-clang18-auto-r7-stride16_scan-auto-warm-basic-524288,stride16-clang18-auto,basic,instructions,198703518,250038956,250038956
1,stride16-clang18-auto-r7-stride16_scan-auto-warm-basic-524288,stride16-clang18-auto,basic,ref_cycles,548749344,250035555,250035555
1,stride16-clang18-auto-r7-stride16_scan-auto-warm-branch-7340032,stride16-clang18-auto,branch,cycles,549038488,250179075,250179075
1,stride16-clang18-auto-r7-stride16_scan-auto-warm-branch-7340032,stride16-clang18-auto,branch,branches,5416775,250179578,250179578
1,stride16-clang18-auto-r7-stride16_scan-auto-warm-branch-7340032,stride16-clang18-auto,branch,branch_misses,797,250175553,250175553
1,stride16-clang18-auto-r7-stride16_scan-auto-warm-basic-33554432,stride16-clang18-auto,basic,cycles,548798830,250071187,250071187
1,stride16-clang18-auto-r7-stride16_scan-auto-warm-basic-33554432,stride16-clang18-auto,basic,instructions,88492278,250070473,250070473
1,stride16-clang18-auto-r7-stride16_scan-auto-warm-basic-33554432,stride16-clang18-auto,basic,ref_cycles,548802276,250066463,250066463
1,stride16-clang18-auto-r7-stride16_scan-auto-warm-branch-36864,stride16-clang18-auto,branch,cycles,548730740,250033095,250033095
1,stride16-clang18-auto-r7-stride16_scan-auto-warm-branch-36864,stride16-clang18-auto,branch,branches,25279278,250031509,250031509
1,stride16-clang18-auto-r7-stride16_scan-auto-warm-branch-36864,stride16-clang18-auto,branch,branch_misses,356140,250027894,250027894
1,stride16-clang18-auto-r7-stride16_scan-auto-cache_evicted-basic-8388608,stride16-clang18-auto,basic,cycles,548912187,250121168,250121168
1,stride16-clang18-auto-r7-stride16_scan-auto-cache_evicted-basic-8388608,stride16-clang18-auto,basic,instructions,129720468,250120834,250120834
1,stride16-clang18-auto-r7-stride16_scan-auto-cache_evicted-basic-8388608,stride16-clang18-auto,basic,ref_cycles,548915686,250117405,250117405
1,stride16-clang18-auto-r7-stride16_scan-auto-warm-branch-49152,stride16-clang18-auto,branch,cycles,548731829,250033818,250033818
1,stride16-clang18-auto-r7-stride16_scan-auto-warm-branch-49152,stride16-clang18-auto,branch,branches,22564834,250032073,250032073
1,stride16-clang18-auto-r7-stride16_scan-auto-warm-branch-49152,stride16-clang18-auto,branch,branch_misses,271967,250028335,250028335
1,stride16-clang18-auto-r7-stride16_scan-auto-warm-basic-12582912,stride16-clang18-auto,basic,cycles,549458365,250371745,250371745
1,stride16-clang18-auto-r7-stride16_scan-auto-warm-basic-12582912,stride16-clang18-auto,basic,instructions,105562904,250370659,250370659
1,stride16-clang18-auto-r7-stride16_scan-auto-warm-basic-12582912,stride16-clang18-auto,basic,ref_cycles,549461968,250366537,250366537
1,stride16-clang18-auto-r7-stride16_scan-auto-warm-basic-28672,stride16-clang18-auto,basic,cycles,548731222,250033090,250033090
1,stride16-clang18-auto-r7-stride16_scan-auto-warm-basic-28672,stride16-clang18-auto,basic,instructions,868220936,250031040,250031040
1,stride16-clang18-auto-r7-stride16_scan-auto-warm-basic-28672,stride16-clang18-auto,basic,ref_cycles,548733416,250027781,250027781
1,stride16-clang18-auto-r7-stride16_scan-auto-warm-branch-1048576,stride16-clang18-auto,branch,cycles,548734899,250036742,250036742
1,stride16-clang18-auto-r7-stride16_scan-auto-warm-branch-1048576,stride16-clang18-auto,branch,branches,7531739,250034993,250034993
1,stride16-clang18-auto-r7-stride16_scan-auto-warm-branch-1048576,stride16-clang18-auto,branch,branch_misses,7171,250030806,250030806
1,stride16-clang18-auto-r7-stride16_scan-auto-cache_evicted-basic-536870912,stride16-clang18-auto,basic,cycles,605589069,275944596,275944596
1,stride16-clang18-auto-r7-stride16_scan-auto-cache_evicted-basic-536870912,stride16-clang18-auto,basic,instructions,99092277,275944333,275944333
1,stride16-clang18-auto-r7-stride16_scan-auto-cache_evicted-basic-536870912,stride16-clang18-auto,basic,ref_cycles,605592482,275940763,275940763
1,stride16-clang18-auto-r7-stride16_scan-auto-cache_evicted-branch-536870912,stride16-clang18-auto,branch,cycles,604815071,275591664,275591664
1,stride16-clang18-auto-r7-stride16_scan-auto-cache_evicted-branch-536870912,stride16-clang18-auto,branch,branches,3670380,275590782,275590782
1,stride16-clang18-auto-r7-stride16_scan-auto-cache_evicted-branch-536870912,stride16-clang18-auto,branch,branch_misses,68,275586878,275586878
1,stride16-clang18-auto-r7-stride16_scan-auto-warm-branch-131072,stride16-clang18-auto,branch,cycles,548732385,250034344,250034344
1,stride16-clang18-auto-r7-stride16_scan-auto-warm-branch-131072,stride16-clang18-auto,branch,branches,17787875,250031924,250031924
1,stride16-clang18-auto-r7-stride16_scan-auto-warm-branch-131072,stride16-clang18-auto,branch,branch_misses,109205,250028339,250028339
1,stride16-clang18-auto-r7-stride16_scan-auto-warm-branch-12582912,stride16-clang18-auto,branch,cycles,549291231,250297671,250297671
1,stride16-clang18-auto-r7-stride16_scan-auto-warm-branch-12582912,stride16-clang18-auto,branch,branches,3919789,250295398,250295398
1,stride16-clang18-auto-r7-stride16_scan-auto-warm-branch-12582912,stride16-clang18-auto,branch,branch_misses,369,250290761,250290761
1,stride16-clang18-auto-r7-stride16_scan-auto-warm-basic-131072,stride16-clang18-auto,basic,cycles,548731297,250032656,250032656
1,stride16-clang18-auto-r7-stride16_scan-auto-warm-basic-131072,stride16-clang18-auto,basic,instructions,392880473,250030959,250030959
1,stride16-clang18-auto-r7-stride16_scan-auto-warm-basic-131072,stride16-clang18-auto,basic,ref_cycles,548733548,250027740,250027740
1,stride16-clang18-auto-r7-stride16_scan-auto-warm-branch-6291456,stride16-clang18-auto,branch,cycles,549196223,250251471,250251471
1,stride16-clang18-auto-r7-stride16_scan-auto-warm-branch-6291456,stride16-clang18-auto,branch,branches,5079260,250250469,250250469
1,stride16-clang18-auto-r7-stride16_scan-auto-warm-branch-6291456,stride16-clang18-auto,branch,branch_misses,869,250246306,250246306
1,stride16-clang18-auto-r7-stride16_scan-auto-warm-basic-5242880,stride16-clang18-auto,basic,cycles,549107215,250207749,250207749
1,stride16-clang18-auto-r7-stride16_scan-auto-warm-basic-5242880,stride16-clang18-auto,basic,instructions,180916825,250207936,250207936
1,stride16-clang18-auto-r7-stride16_scan-auto-warm-basic-5242880,stride16-clang18-auto,basic,ref_cycles,549110408,250204591,250204591
1,stride16-clang18-auto-r7-stride16_scan-auto-warm-branch-28672,stride16-clang18-auto,branch,cycles,548730631,250033250,250033250
1,stride16-clang18-auto-r7-stride16_scan-auto-warm-branch-28672,stride16-clang18-auto,branch,branches,58985964,250030162,250030162
1,stride16-clang18-auto-r7-stride16_scan-auto-warm-branch-28672,stride16-clang18-auto,branch,branch_misses,315,250026542,250026542
1,stride16-clang18-auto-r7-stride16_scan-auto-warm-branch-98304,stride16-clang18-auto,branch,cycles,548732542,250033346,250033346
1,stride16-clang18-auto-r7-stride16_scan-auto-warm-branch-98304,stride16-clang18-auto,branch,branches,18604089,250031948,250031948
1,stride16-clang18-auto-r7-stride16_scan-auto-warm-branch-98304,stride16-clang18-auto,branch,branch_misses,142118,250028232,250028232
1,stride16-clang18-auto-r7-stride16_scan-auto-warm-branch-16384,stride16-clang18-auto,branch,cycles,548730537,250031741,250031741
1,stride16-clang18-auto-r7-stride16_scan-auto-warm-branch-16384,stride16-clang18-auto,branch,branches,75621351,250029233,250029233
1,stride16-clang18-auto-r7-stride16_scan-auto-warm-branch-16384,stride16-clang18-auto,branch,branch_misses,437,250025353,250025353
1,stride16-clang18-auto-r7-stride16_scan-auto-warm-basic-49152,stride16-clang18-auto,basic,cycles,548731204,250032217,250032217
1,stride16-clang18-auto-r7-stride16_scan-auto-warm-basic-49152,stride16-clang18-auto,basic,instructions,405362235,250031147,250031147
1,stride16-clang18-auto-r7-stride16_scan-auto-warm-basic-49152,stride16-clang18-auto,basic,ref_cycles,548733130,250027687,250027687
1,stride16-clang18-auto-r7-stride16_scan-auto-warm-basic-8388608,stride16-clang18-auto,basic,cycles,549116635,250214439,250214439
1,stride16-clang18-auto-r7-stride16_scan-auto-warm-basic-8388608,stride16-clang18-auto,basic,instructions,133262326,250214954,250214954
1,stride16-clang18-auto-r7-stride16_scan-auto-warm-basic-8388608,stride16-clang18-auto,basic,ref_cycles,549120242,250211507,250211507
1,stride16-clang18-auto-r7-stride16_scan-auto-warm-basic-65536,stride16-clang18-auto,basic,cycles,548731941,250033338,250033338
1,stride16-clang18-auto-r7-stride16_scan-auto-warm-basic-65536,stride16-clang18-auto,basic,instructions,391227657,250031890,250031890
1,stride16-clang18-auto-r7-stride16_scan-auto-warm-basic-65536,stride16-clang18-auto,basic,ref_cycles,548734274,250028666,250028666
1,stride16-clang18-auto-r7-stride16_scan-auto-cache_evicted-basic-33554432,stride16-clang18-auto,basic,cycles,554014594,252446265,252446265
1,stride16-clang18-auto-r7-stride16_scan-auto-cache_evicted-basic-33554432,stride16-clang18-auto,basic,instructions,92032362,252445464,252445464
1,stride16-clang18-auto-r7-stride16_scan-auto-cache_evicted-basic-33554432,stride16-clang18-auto,basic,ref_cycles,554018828,252442842,252442842
1,stride16-clang18-auto-r7-stride16_scan-auto-warm-basic-229376,stride16-clang18-auto,basic,cycles,548739541,250036487,250036487
1,stride16-clang18-auto-r7-stride16_scan-auto-warm-basic-229376,stride16-clang18-auto,basic,instructions,305789739,250033777,250033777
1,stride16-clang18-auto-r7-stride16_scan-auto-warm-basic-229376,stride16-clang18-auto,basic,ref_cycles,548741028,250030439,250030439
1,stride16-clang18-auto-r7-stride16_scan-auto-cache_evicted-basic-1048576,stride16-clang18-auto,basic,cycles,548798900,250065762,250065762
1,stride16-clang18-auto-r7-stride16_scan-auto-cache_evicted-basic-1048576,stride16-clang18-auto,basic,instructions,198004554,250063746,250063746
1,stride16-clang18-auto-r7-stride16_scan-auto-cache_evicted-basic-1048576,stride16-clang18-auto,basic,ref_cycles,548801132,250060223,250060223
1,stride16-clang18-auto-r7-stride16_scan-auto-warm-basic-4194304,stride16-clang18-auto,basic,cycles,548803897,250069454,250069454
1,stride16-clang18-auto-r7-stride16_scan-auto-warm-basic-4194304,stride16-clang18-auto,basic,instructions,185545353,250068974,250068974
1,stride16-clang18-auto-r7-stride16_scan-auto-warm-basic-4194304,stride16-clang18-auto,basic,ref_cycles,548807446,250065644,250065644
1,stride16-clang18-auto-r7-stride16_scan-auto-warm-branch-4194304,stride16-clang18-auto,branch,cycles,548858978,250095623,250095623
1,stride16-clang18-auto-r7-stride16_scan-auto-warm-branch-4194304,stride16-clang18-auto,branch,branches,6832793,250095635,250095635
1,stride16-clang18-auto-r7-stride16_scan-auto-warm-branch-4194304,stride16-clang18-auto,branch,branch_misses,1704,250091844,250091844
1,stride16-clang18-auto-r7-stride16_scan-auto-warm-branch-8388608,stride16-clang18-auto,branch,cycles,549051144,250186447,250186447
1,stride16-clang18-auto-r7-stride16_scan-auto-warm-branch-8388608,stride16-clang18-auto,branch,branches,4854052,250185100,250185100
1,stride16-clang18-auto-r7-stride16_scan-auto-warm-branch-8388608,stride16-clang18-auto,branch,branch_misses,641,250180874,250180874
1,stride16-clang18-auto-r7-stride16_scan-auto-cache_evicted-branch-6291456,stride16-clang18-auto,branch,cycles,549165242,250237365,250237365
1,stride16-clang18-auto-r7-stride16_scan-auto-cache_evicted-branch-6291456,stride16-clang18-auto,branch,branches,4893887,250237724,250237724
1,stride16-clang18-auto-r7-stride16_scan-auto-cache_evicted-branch-6291456,stride16-clang18-auto,branch,branch_misses,839,250234406,250234406
1,stride16-clang18-auto-r7-stride16_scan-auto-warm-basic-6291456,stride16-clang18-auto,basic,cycles,549307127,250300696,250300696
1,stride16-clang18-auto-r7-stride16_scan-auto-warm-basic-6291456,stride16-clang18-auto,basic,instructions,129036191,250301038,250301038
1,stride16-clang18-auto-r7-stride16_scan-auto-warm-basic-6291456,stride16-clang18-auto,basic,ref_cycles,549310454,250297363,250297363
1,stride16-clang18-auto-r7-stride16_scan-auto-warm-basic-8192,stride16-clang18-auto,basic,cycles,548731318,250032562,250032562
1,stride16-clang18-auto-r7-stride16_scan-auto-warm-basic-8192,stride16-clang18-auto,basic,instructions,967928621,250031262,250031262
1,stride16-clang18-auto-r7-stride16_scan-auto-warm-basic-8192,stride16-clang18-auto,basic,ref_cycles,548733658,250028235,250028235
1,stride16-clang18-auto-r7-stride16_scan-auto-warm-basic-32768,stride16-clang18-auto,basic,cycles,548730921,250030824,250030824
1,stride16-clang18-auto-r7-stride16_scan-auto-warm-basic-32768,stride16-clang18-auto,basic,instructions,845987908,250027472,250027472
1,stride16-clang18-auto-r7-stride16_scan-auto-warm-basic-32768,stride16-clang18-auto,basic,ref_cycles,548732052,250023916,250023916
1,stride16-clang18-auto-r7-stride16_scan-auto-warm-branch-32768,stride16-clang18-auto,branch,cycles,548730787,250032691,250032691
1,stride16-clang18-auto-r7-stride16_scan-auto-warm-branch-32768,stride16-clang18-auto,branch,branches,54677918,250030243,250030243
1,stride16-clang18-auto-r7-stride16_scan-auto-warm-branch-32768,stride16-clang18-auto,branch,branch_misses,520884,250026154,250026154
1,stride16-clang18-auto-r7-stride16_scan-auto-warm-branch-24576,stride16-clang18-auto,branch,cycles,548730851,250032062,250032062
1,stride16-clang18-auto-r7-stride16_scan-auto-warm-branch-24576,stride16-clang18-auto,branch,branches,63222005,250029346,250029346
1,stride16-clang18-auto-r7-stride16_scan-auto-warm-branch-24576,stride16-clang18-auto,branch,branch_misses,322,250025770,250025770
1,stride16-clang18-auto-r7-stride16_scan-auto-warm-branch-33554432,stride16-clang18-auto,branch,cycles,550808876,250987331,250987331
1,stride16-clang18-auto-r7-stride16_scan-auto-warm-branch-33554432,stride16-clang18-auto,branch,branches,3378828,250987648,250987648
1,stride16-clang18-auto-r7-stride16_scan-auto-warm-branch-33554432,stride16-clang18-auto,branch,branch_misses,138,250983432,250983432
1,stride16-clang18-auto-r7-stride16_scan-auto-cache_evicted-basic-6291456,stride16-clang18-auto,basic,cycles,548813425,250076696,250076696
1,stride16-clang18-auto-r7-stride16_scan-auto-cache_evicted-basic-6291456,stride16-clang18-auto,basic,instructions,161917883,250075558,250075558
1,stride16-clang18-auto-r7-stride16_scan-auto-cache_evicted-basic-6291456,stride16-clang18-auto,basic,ref_cycles,548816598,250072243,250072243
1,stride16-clang18-auto-r7-stride16_scan-auto-warm-branch-2097152,stride16-clang18-auto,branch,cycles,548881506,250103421,250103421
1,stride16-clang18-auto-r7-stride16_scan-auto-warm-branch-2097152,stride16-clang18-auto,branch,branches,7417682,250101224,250101224
1,stride16-clang18-auto-r7-stride16_scan-auto-warm-branch-2097152,stride16-clang18-auto,branch,branch_misses,3614,250097582,250097582
1,stride16-clang18-auto-r7-stride16_scan-auto-warm-branch-536870912,stride16-clang18-auto,branch,cycles,604465072,275434373,275434373
1,stride16-clang18-auto-r7-stride16_scan-auto-warm-branch-536870912,stride16-clang18-auto,branch,branches,3670380,275433181,275433181
1,stride16-clang18-auto-r7-stride16_scan-auto-warm-branch-536870912,stride16-clang18-auto,branch,branch_misses,75,275428778,275428778
1,stride16-clang18-auto-r7-stride16_scan-auto-warm-basic-7340032,stride16-clang18-auto,basic,cycles,548960787,250144430,250144430
1,stride16-clang18-auto-r7-stride16_scan-auto-warm-basic-7340032,stride16-clang18-auto,basic,instructions,150518694,250143141,250143141
1,stride16-clang18-auto-r7-stride16_scan-auto-warm-basic-7340032,stride16-clang18-auto,basic,ref_cycles,548964020,250139655,250139655
1,stride16-clang18-auto-r7-stride16_scan-auto-warm-basic-536870912,stride16-clang18-auto,basic,cycles,605125564,275732538,275732538
1,stride16-clang18-auto-r7-stride16_scan-auto-warm-basic-536870912,stride16-clang18-auto,basic,instructions,99092277,275732715,275732715
1,stride16-clang18-auto-r7-stride16_scan-auto-warm-basic-536870912,stride16-clang18-auto,basic,ref_cycles,605128898,275729389,275729389
1,stride16-clang18-auto-r7-stride16_scan-auto-warm-basic-294912,stride16-clang18-auto,basic,cycles,548740461,250036923,250036923
1,stride16-clang18-auto-r7-stride16_scan-auto-warm-basic-294912,stride16-clang18-auto,basic,instructions,240304155,250034129,250034129
1,stride16-clang18-auto-r7-stride16_scan-auto-warm-basic-294912,stride16-clang18-auto,basic,ref_cycles,548741908,250030486,250030486
1,stride16-clang18-auto-r7-stride16_scan-auto-warm-basic-134217728,stride16-clang18-auto,basic,cycles,556355068,253513283,253513283
1,stride16-clang18-auto-r7-stride16_scan-auto-warm-basic-134217728,stride16-clang18-auto,basic,instructions,92017828,253511801,253511801
1,stride16-clang18-auto-r7-stride16_scan-auto-warm-basic-134217728,stride16-clang18-auto,basic,ref_cycles,556357956,253508362,253508362
1,stride16-clang18-auto-r7-stride16_scan-auto-cache_evicted-branch-32768,stride16-clang18-auto,branch,cycles,548730801,250032753,250032753
1,stride16-clang18-auto-r7-stride16_scan-auto-cache_evicted-branch-32768,stride16-clang18-auto,branch,branches,54642356,250029645,250029645
1,stride16-clang18-auto-r7-stride16_scan-auto-cache_evicted-branch-32768,stride16-clang18-auto,branch,branch_misses,815794,250025520,250025520
1,stride16-clang18-auto-r7-stride16_scan-auto-cache_evicted-basic-32768,stride16-clang18-auto,basic,cycles,548731026,250031893,250031893
1,stride16-clang18-auto-r7-stride16_scan-auto-cache_evicted-basic-32768,stride16-clang18-auto,basic,instructions,854036564,250029969,250029969
1,stride16-clang18-auto-r7-stride16_scan-auto-cache_evicted-basic-32768,stride16-clang18-auto,basic,ref_cycles,548732272,250026229,250026229
1,stride16-clang18-auto-r7-stride16_scan-auto-warm-branch-524288,stride16-clang18-auto,branch,cycles,548743254,250037828,250037828
1,stride16-clang18-auto-r7-stride16_scan-auto-warm-branch-524288,stride16-clang18-auto,branch,branches,7761579,250034774,250034774
1,stride16-clang18-auto-r7-stride16_scan-auto-warm-branch-524288,stride16-clang18-auto,branch,branch_misses,14251,250030935,250030935
1,stride16-clang18-auto-r7-stride16_scan-auto-warm-basic-393216,stride16-clang18-auto,basic,cycles,548732438,250032995,250032995
1,stride16-clang18-auto-r7-stride16_scan-auto-warm-basic-393216,stride16-clang18-auto,basic,instructions,199281772,250032104,250032104
1,stride16-clang18-auto-r7-stride16_scan-auto-warm-basic-393216,stride16-clang18-auto,basic,ref_cycles,548734648,250028827,250028827
1,stride16-clang18-auto-r7-stride16_scan-auto-warm-basic-36864,stride16-clang18-auto,basic,cycles,548730842,250031428,250031428
1,stride16-clang18-auto-r7-stride16_scan-auto-warm-basic-36864,stride16-clang18-auto,basic,instructions,411508058,250028882,250028882
1,stride16-clang18-auto-r7-stride16_scan-auto-warm-basic-36864,stride16-clang18-auto,basic,ref_cycles,548732118,250025607,250025607
1,stride16-clang18-auto-r7-stride16_scan-auto-cache_evicted-basic-262144,stride16-clang18-auto,basic,cycles,548743813,250039327,250039327
1,stride16-clang18-auto-r7-stride16_scan-auto-cache_evicted-basic-262144,stride16-clang18-auto,basic,instructions,279990641,250037202,250037202
1,stride16-clang18-auto-r7-stride16_scan-auto-cache_evicted-basic-262144,stride16-clang18-auto,basic,ref_cycles,548745252,250033602,250033602
1,stride16-clang18-auto-r7-stride16_scan-auto-cache_evicted-branch-8388608,stride16-clang18-auto,branch,cycles,549149229,250230377,250230377
1,stride16-clang18-auto-r7-stride16_scan-auto-cache_evicted-branch-8388608,stride16-clang18-auto,branch,branches,4928092,250230599,250230599
1,stride16-clang18-auto-r7-stride16_scan-auto-cache_evicted-branch-8388608,stride16-clang18-auto,branch,branch_misses,647,250226745,250226745
1,stride16-clang18-auto-r7-stride16_scan-auto-cache_evicted-branch-262144,stride16-clang18-auto,branch,cycles,548736593,250038659,250038659
1,stride16-clang18-auto-r7-stride16_scan-auto-cache_evicted-branch-262144,stride16-clang18-auto,branch,branches,11929410,250036179,250036179
1,stride16-clang18-auto-r7-stride16_scan-auto-cache_evicted-branch-262144,stride16-clang18-auto,branch,branch_misses,41081,250032451,250032451
1,stride16-clang18-auto-r7-stride16_scan-auto-warm-branch-393216,stride16-clang18-auto,branch,cycles,548744761,250039299,250039299
1,stride16-clang18-auto-r7-stride16_scan-auto-warm-branch-393216,stride16-clang18-auto,branch,branches,7917130,250036219,250036219
1,stride16-clang18-auto-r7-stride16_scan-auto-warm-branch-393216,stride16-clang18-auto,branch,branch_misses,18945,250032169,250032169
1,stride16-clang18-auto-r7-stride16_scan-auto-warm-branch-294912,stride16-clang18-auto,branch,cycles,548735073,250034826,250034826
1,stride16-clang18-auto-r7-stride16_scan-auto-warm-branch-294912,stride16-clang18-auto,branch,branches,10021362,250032810,250032810
1,stride16-clang18-auto-r7-stride16_scan-auto-warm-branch-294912,stride16-clang18-auto,branch,branch_misses,31096,250029400,250029400
1,stride16-clang18-auto-r7-stride16_scan-auto-warm-branch-134217728,stride16-clang18-auto,branch,cycles,553942471,252415014,252415014
1,stride16-clang18-auto-r7-stride16_scan-auto-warm-branch-134217728,stride16-clang18-auto,branch,branches,3408901,252414610,252414610
1,stride16-clang18-auto-r7-stride16_scan-auto-warm-branch-134217728,stride16-clang18-auto,branch,branch_misses,70,252410452,252410452
1,stride16-clang18-auto-r7-stride16_scan-auto-warm-branch-229376,stride16-clang18-auto,branch,cycles,548731816,250032634,250032634
1,stride16-clang18-auto-r7-stride16_scan-auto-warm-branch-229376,stride16-clang18-auto,branch,branches,17473351,250029899,250029899
1,stride16-clang18-auto-r7-stride16_scan-auto-warm-branch-229376,stride16-clang18-auto,branch,branch_misses,67536,250026074,250026074
1,stride16-clang18-auto-r7-stride16_scan-auto-warm-basic-24576,stride16-clang18-auto,basic,cycles,548730367,250031413,250031413
1,stride16-clang18-auto-r7-stride16_scan-auto-warm-basic-24576,stride16-clang18-auto,basic,instructions,885683819,250028669,250028669
1,stride16-clang18-auto-r7-stride16_scan-auto-warm-basic-24576,stride16-clang18-auto,basic,ref_cycles,548731348,250025276,250025276
1,stride16-clang18-auto-r7-stride16_scan-auto-warm-basic-1048576,stride16-clang18-auto,basic,cycles,548773409,250053049,250053049
1,stride16-clang18-auto-r7-stride16_scan-auto-warm-basic-1048576,stride16-clang18-auto,basic,instructions,197976098,250050156,250050156
1,stride16-clang18-auto-r7-stride16_scan-auto-warm-basic-1048576,stride16-clang18-auto,basic,ref_cycles,548775326,250046842,250046842
1,stride16-clang18-auto-r7-stride16_scan-auto-warm-branch-196608,stride16-clang18-auto,branch,cycles,548739339,250038253,250038253
1,stride16-clang18-auto-r7-stride16_scan-auto-warm-branch-196608,stride16-clang18-auto,branch,branches,14745402,250036350,250036350
1,stride16-clang18-auto-r7-stride16_scan-auto-warm-branch-196608,stride16-clang18-auto,branch,branch_misses,65026,250032785,250032785
1,stride16-clang18-auto-r7-stride16_scan-auto-warm-basic-262144,stride16-clang18-auto,basic,cycles,548742041,250038440,250038440
1,stride16-clang18-auto-r7-stride16_scan-auto-warm-basic-262144,stride16-clang18-auto,basic,instructions,288678688,250036429,250036429
1,stride16-clang18-auto-r7-stride16_scan-auto-warm-basic-262144,stride16-clang18-auto,basic,ref_cycles,548744174,250033640,250033640
1,stride16-clang18-auto-r7-stride16_scan-auto-cache_evicted-branch-33554432,stride16-clang18-auto,branch,cycles,551690886,251390446,251390446
1,stride16-clang18-auto-r7-stride16_scan-auto-cache_evicted-branch-33554432,stride16-clang18-auto,branch,branches,3378828,251389729,251389729
1,stride16-clang18-auto-r7-stride16_scan-auto-cache_evicted-branch-33554432,stride16-clang18-auto,branch,branch_misses,138,251385646,251385646
1,stride16-clang18-auto-r7-stride16_scan-auto-warm-basic-196608,stride16-clang18-auto,basic,cycles,548737036,250035038,250035038
1,stride16-clang18-auto-r7-stride16_scan-auto-warm-basic-196608,stride16-clang18-auto,basic,instructions,347325452,250032934,250032934
1,stride16-clang18-auto-r7-stride16_scan-auto-warm-basic-196608,stride16-clang18-auto,basic,ref_cycles,548738828,250029582,250029582
1,stride16-clang18-auto-r7-stride16_scan-auto-warm-basic-98304,stride16-clang18-auto,basic,cycles,548731159,250031559,250031559
1,stride16-clang18-auto-r7-stride16_scan-auto-warm-basic-98304,stride16-clang18-auto,basic,instructions,394348747,250029207,250029207
1,stride16-clang18-auto-r7-stride16_scan-auto-warm-basic-98304,stride16-clang18-auto,basic,ref_cycles,548732602,250025979,250025979
1,stride16-clang18-auto-r7-stride16_scan-auto-warm-branch-8192,stride16-clang18-auto,branch,cycles,548731143,250033156,250033156
1,stride16-clang18-auto-r7-stride16_scan-auto-warm-branch-8192,stride16-clang18-auto,branch,branches,104969293,250031635,250031635
1,stride16-clang18-auto-r7-stride16_scan-auto-warm-branch-8192,stride16-clang18-auto,branch,branch_misses,577,250028486,250028486
1,stride16-clang18-auto-r7-stride16_scan-auto-warm-branch-5242880,stride16-clang18-auto,branch,cycles,548912478,250120577,250120577
1,stride16-clang18-auto-r7-stride16_scan-auto-warm-branch-5242880,stride16-clang18-auto,branch,branches,6392324,250120384,250120384
1,stride16-clang18-auto-r7-stride16_scan-auto-warm-branch-5242880,stride16-clang18-auto,branch,branch_misses,1293,250116470,250116470
1,stride16-clang18-auto-r7-stride16_scan-auto-warm-branch-262144,stride16-clang18-auto,branch,cycles,548735734,250035623,250035623
1,stride16-clang18-auto-r7-stride16_scan-auto-warm-branch-262144,stride16-clang18-auto,branch,branches,11111984,250033491,250033491
1,stride16-clang18-auto-r7-stride16_scan-auto-warm-branch-262144,stride16-clang18-auto,branch,branch_misses,38254,250029905,250029905
1,stride16-clang18-auto-r7-stride16_scan-auto-warm-branch-65536,stride16-clang18-auto,branch,cycles,548731517,250033579,250033579
1,stride16-clang18-auto-r7-stride16_scan-auto-warm-branch-65536,stride16-clang18-auto,branch,branches,20445655,250030349,250030349
1,stride16-clang18-auto-r7-stride16_scan-auto-warm-branch-65536,stride16-clang18-auto,branch,branch_misses,206606,250026408,250026408
1,stride16-clang18-auto-r8-stride16_scan-auto-warm-branch-8388608,stride16-clang18-auto,branch,cycles,548821703,250081113,250081113
1,stride16-clang18-auto-r8-stride16_scan-auto-warm-branch-8388608,stride16-clang18-auto,branch,branches,4376883,250081578,250081578
1,stride16-clang18-auto-r8-stride16_scan-auto-warm-branch-8388608,stride16-clang18-auto,branch,branch_misses,582,250078133,250078133
1,stride16-clang18-auto-r8-stride16_scan-auto-warm-branch-294912,stride16-clang18-auto,branch,cycles,548742098,250039169,250039169
1,stride16-clang18-auto-r8-stride16_scan-auto-warm-branch-294912,stride16-clang18-auto,branch,branches,9916016,250037491,250037491
1,stride16-clang18-auto-r8-stride16_scan-auto-warm-branch-294912,stride16-clang18-auto,branch,branch_misses,30753,250034404,250034404
1,stride16-clang18-auto-r8-stride16_scan-auto-warm-branch-7340032,stride16-clang18-auto,branch,cycles,549028080,250175914,250175914
1,stride16-clang18-auto-r8-stride16_scan-auto-warm-branch-7340032,stride16-clang18-auto,branch,branches,5301527,250175215,250175215
1,stride16-clang18-auto-r8-stride16_scan-auto-warm-branch-7340032,stride16-clang18-auto,branch,branch_misses,784,250170928,250170928
1,stride16-clang18-auto-r8-stride16_scan-auto-cache_evicted-branch-33554432,stride16-clang18-auto,branch,cycles,551708027,251398478,251398478
1,stride16-clang18-auto-r8-stride16_scan-auto-cache_evicted-branch-33554432,stride16-clang18-auto,branch,branches,3378828,251397897,251397897
1,stride16-clang18-auto-r8-stride16_scan-auto-cache_evicted-branch-33554432,stride16-clang18-auto,branch,branch_misses,141,251393904,251393904
1,stride16-clang18-auto-r8-stride16_scan-auto-cache_evicted-basic-33554432,stride16-clang18-auto,basic,cycles,553493240,252208950,252208950
1,stride16-clang18-auto-r8-stride16_scan-auto-cache_evicted-basic-33554432,stride16-clang18-auto,basic,instructions,91147029,252209232,252209232
1,stride16-clang18-auto-r8-stride16_scan-auto-cache_evicted-basic-33554432,stride16-clang18-auto,basic,ref_cycles,553497010,252205860,252205860
1,stride16-clang18-auto-r8-stride16_scan-auto-warm-basic-8192,stride16-clang18-auto,basic,cycles,548731131,250033198,250033198
1,stride16-clang18-auto-r8-stride16_scan-auto-warm-basic-8192,stride16-clang18-auto,basic,instructions,966961142,250031316,250031316
1,stride16-clang18-auto-r8-stride16_scan-auto-warm-basic-8192,stride16-clang18-auto,basic,ref_cycles,548733306,250028271,250028271
1,stride16-clang18-auto-r8-stride16_scan-auto-warm-basic-36864,stride16-clang18-auto,basic,cycles,548731375,250031853,250031853
1,stride16-clang18-auto-r8-stride16_scan-auto-warm-basic-36864,stride16-clang18-auto,basic,instructions,410936239,250029532,250029532
1,stride16-clang18-auto-r8-stride16_scan-auto-warm-basic-36864,stride16-clang18-auto,basic,ref_cycles,548732492,250026100,250026100
1,stride16-clang18-auto-r8-stride16_scan-auto-cache_evicted-basic-6291456,stride16-clang18-auto,basic,cycles,549257371,250278909,250278909
1,stride16-clang18-auto-r8-stride16_scan-auto-cache_evicted-basic-6291456,stride16-clang18-auto,basic,instructions,131693329,250278427,250278427
1,stride16-clang18-auto-r8-stride16_scan-auto-cache_evicted-basic-6291456,stride16-clang18-auto,basic,ref_cycles,549260690,250275016,250275016
1,stride16-clang18-auto-r8-stride16_scan-auto-warm-branch-524288,stride16-clang18-auto,branch,cycles,548763147,250048358,250048358
1,stride16-clang18-auto-r8-stride16_scan-auto-warm-branch-524288,stride16-clang18-auto,branch,branches,7758279,250046952,250046952
1,stride16-clang18-auto-r8-stride16_scan-auto-warm-branch-524288,stride16-clang18-auto,branch,branch_misses,14257,250043531,250043531
1,stride16-clang18-auto-r8-stride16_scan-auto-cache_evicted-basic-536870912,stride16-clang18-auto,basic,cycles,606502457,276359035,276359035
1,stride16-clang18-auto-r8-stride16_scan-auto-cache_evicted-basic-536870912,stride16-clang18-auto,basic,instructions,99092277,276357726,276357726
1,stride16-clang18-auto-r8-stride16_scan-auto-cache_evicted-basic-536870912,stride16-clang18-auto,basic,ref_cycles,606505856,276354278,276354278
1,stride16-clang18-auto-r8-stride16_scan-auto-cache_evicted-basic-262144,stride16-clang18-auto,basic,cycles,548732016,250033865,250033865
1,stride16-clang18-auto-r8-stride16_scan-auto-cache_evicted-basic-262144,stride16-clang18-auto,basic,instructions,230608285,250031430,250031430
1,stride16-clang18-auto-r8-stride16_scan-auto-cache_evicted-basic-262144,stride16-clang18-auto,basic,ref_cycles,548733812,250027649,250027649
1,stride16-clang18-auto-r8-stride16_scan-auto-warm-basic-49152,stride16-clang18-auto,basic,cycles,548732162,250031793,250031793
1,stride16-clang18-auto-r8-stride16_scan-auto-warm-basic-49152,stride16-clang18-auto,basic,instructions,405609005,250028561,250028561
1,stride16-clang18-auto-r8-stride16_scan-auto-warm-basic-49152,stride16-clang18-auto,basic,ref_cycles,548733306,250025053,250025053
1,stride16-clang18-auto-r8-stride16_scan-auto-warm-basic-393216,stride16-clang18-auto,basic,cycles,548740636,250036153,250036153
1,stride16-clang18-auto-r8-stride16_scan-auto-warm-basic-393216,stride16-clang18-auto,basic,instructions,217109650,250035065,250035065
1,stride16-clang18-auto-r8-stride16_scan-auto-warm-basic-393216,stride16-clang18-auto,basic,ref_cycles,548742942,250031886,250031886
1,stride16-clang18-auto-r8-stride16_scan-auto-cache_evicted-branch-1048576,stride16-clang18-auto,branch,cycles,548794723,250063541,250063541
1,stride16-clang18-auto-r8-stride16_scan-auto-cache_evicted-branch-1048576,stride16-clang18-auto,branch,branches,7532818,250062624,250062624
1,stride16-clang18-auto-r8-stride16_scan-auto-cache_evicted-branch-1048576,stride16-clang18-auto,branch,branch_misses,7174,250058846,250058846
1,stride16-clang18-auto-r8-stride16_scan-auto-warm-basic-28672,stride16-clang18-auto,basic,cycles,548731218,250033532,250033532
1,stride16-clang18-auto-r8-stride16_scan-auto-warm-basic-28672,stride16-clang18-auto,basic,instructions,875444401,250031601,250031601
1,stride16-clang18-auto-r8-stride16_scan-auto-warm-basic-28672,stride16-clang18-auto,basic,ref_cycles,548733350,250028760,250028760
1,stride16-clang18-auto-r8-stride16_scan-auto-warm-basic-16384,stride16-clang18-auto,basic,cycles,548730321,250031113,250031113
1,stride16-clang18-auto-r8-stride16_scan-auto-warm-basic-16384,stride16-clang18-auto,basic,instructions,908965627,250027352,250027352
1,stride16-clang18-auto-r8-stride16_scan-auto-warm-basic-16384,stride16-clang18-auto,basic,ref_cycles,548731238,250023841,250023841
1,stride16-clang18-auto-r8-stride16_scan-auto-warm-branch-16384,stride16-clang18-auto,branch,cycles,548731025,250032315,250032315
1,stride16-clang18-auto-r8-stride16_scan-auto-warm-branch-16384,stride16-clang18-auto,branch,branches,75605361,250031664,250031664
1,stride16-clang18-auto-r8-stride16_scan-auto-warm-branch-16384,stride16-clang18-auto,branch,branch_misses,421,250028382,250028382
1,stride16-clang18-auto-r8-stride16_scan-auto-warm-branch-229376,stride16-clang18-auto,branch,cycles,548731928,250034528,250034528
1,stride16-clang18-auto-r8-stride16_scan-auto-warm-branch-229376,stride16-clang18-auto,branch,branches,13152951,250032254,250032254
1,stride16-clang18-auto-r8-stride16_scan-auto-warm-branch-229376,stride16-clang18-auto,branch,branch_misses,50844,250028742,250028742
1,stride16-clang18-auto-r8-stride16_scan-auto-warm-branch-28672,stride16-clang18-auto,branch,cycles,548731133,250033895,250033895
1,stride16-clang18-auto-r8-stride16_scan-auto-warm-branch-28672,stride16-clang18-auto,branch,branches,59016152,250032396,250032396
1,stride16-clang18-auto-r8-stride16_scan-auto-warm-branch-28672,stride16-clang18-auto,branch,branch_misses,305,250028865,250028865
1,stride16-clang18-auto-r8-stride16_scan-auto-warm-branch-24576,stride16-clang18-auto,branch,cycles,548730652,250031324,250031324
1,stride16-clang18-auto-r8-stride16_scan-auto-warm-branch-24576,stride16-clang18-auto,branch,branches,63224413,250028496,250028496
1,stride16-clang18-auto-r8-stride16_scan-auto-warm-branch-24576,stride16-clang18-auto,branch,branch_misses,319,250024770,250024770
1,stride16-clang18-auto-r8-stride16_scan-auto-warm-branch-98304,stride16-clang18-auto,branch,cycles,548733642,250033628,250033628
1,stride16-clang18-auto-r8-stride16_scan-auto-warm-branch-98304,stride16-clang18-auto,branch,branches,18491700,250032615,250032615
1,stride16-clang18-auto-r8-stride16_scan-auto-warm-branch-98304,stride16-clang18-auto,branch,branch_misses,141256,250029028,250029028
1,stride16-clang18-auto-r8-stride16_scan-auto-warm-branch-4194304,stride16-clang18-auto,branch,cycles,548763168,250051598,250051598
1,stride16-clang18-auto-r8-stride16_scan-auto-warm-branch-4194304,stride16-clang18-auto,branch,branches,7171541,250050980,250050980
1,stride16-clang18-auto-r8-stride16_scan-auto-warm-branch-4194304,stride16-clang18-auto,branch,branch_misses,1791,250047169,250047169
1,stride16-clang18-auto-r8-stride16_scan-auto-cache_evicted-branch-32768,stride16-clang18-auto,branch,cycles,548731246,250033726,250033726
1,stride16-clang18-auto-r8-stride16_scan-auto-cache_evicted-branch-32768,stride16-clang18-auto,branch,branches,54507912,250033161,250033161
1,stride16-clang18-auto-r8-stride16_scan-auto-cache_evicted-branch-32768,stride16-clang18-auto,branch,branch_misses,151743,250029464,250029464
1,stride16-clang18-auto-r8-stride16_scan-auto-warm-basic-229376,stride16-clang18-auto,basic,cycles,548733711,250034296,250034296
1,stride16-clang18-auto-r8-stride16_scan-auto-warm-basic-229376,stride16-clang18-auto,basic,instructions,358654044,250032769,250032769
1,stride16-clang18-auto-r8-stride16_scan-auto-warm-basic-229376,stride16-clang18-auto,basic,ref_cycles,548735748,250029917,250029917
1,stride16-clang18-auto-r8-stride16_scan-auto-warm-basic-4194304,stride16-clang18-auto,basic,cycles,548917393,250120734,250120734
1,stride16-clang18-auto-r8-stride16_scan-auto-warm-basic-4194304,stride16-clang18-auto,basic,instructions,192413322,250120290,250120290
1,stride16-clang18-auto-r8-stride16_scan-auto-warm-basic-4194304,stride16-clang18-auto,basic,ref_cycles,548920614,250116794,250116794
1,stride16-clang18-auto-r8-stride16_scan-auto-warm-basic-12582912,stride16-clang18-auto,basic,cycles,548963100,250144863,250144863
1,stride16-clang18-auto-r8-stride16_scan-auto-warm-basic-12582912,stride16-clang18-auto,basic,instructions,106890732,250144551,250144551
1,stride16-clang18-auto-r8-stride16_scan-auto-warm-basic-12582912,stride16-clang18-auto,basic,ref_cycles,548966704,250141072,250141072
1,stride16-clang18-auto-r8-stride16_scan-auto-warm-basic-536870912,stride16-clang18-auto,basic,cycles,606737481,276468007,276468007
1,stride16-clang18-auto-r8-stride16_scan-auto-warm-basic-536870912,stride16-clang18-auto,basic,instructions,99092277,276467668,276467668
1,stride16-clang18-auto-r8-stride16_scan-auto-warm-basic-536870912,stride16-clang18-auto,basic,ref_cycles,606740310,276463939,276463939
1,stride16-clang18-auto-r8-stride16_scan-auto-warm-branch-49152,stride16-clang18-auto,branch,cycles,548730963,250033165,250033165
1,stride16-clang18-auto-r8-stride16_scan-auto-warm-branch-49152,stride16-clang18-auto,branch,branches,23489700,250029727,250029727
1,stride16-clang18-auto-r8-stride16_scan-auto-warm-branch-49152,stride16-clang18-auto,branch,branch_misses,273256,250025723,250025723
1,stride16-clang18-auto-r8-stride16_scan-auto-warm-basic-262144,stride16-clang18-auto,basic,cycles,548733251,250033954,250033954
1,stride16-clang18-auto-r8-stride16_scan-auto-warm-basic-262144,stride16-clang18-auto,basic,instructions,304318734,250032525,250032525
1,stride16-clang18-auto-r8-stride16_scan-auto-warm-basic-262144,stride16-clang18-auto,basic,ref_cycles,548735682,250029138,250029138
1,stride16-clang18-auto-r8-stride16_scan-auto-warm-basic-24576,stride16-clang18-auto,basic,cycles,548731076,250033429,250033429
1,stride16-clang18-auto-r8-stride16_scan-auto-warm-basic-24576,stride16-clang18-auto,basic,instructions,887923092,250031692,250031692
1,stride16-clang18-auto-r8-stride16_scan-auto-warm-basic-24576,stride16-clang18-auto,basic,ref_cycles,548733196,250028514,250028514
1,stride16-clang18-auto-r8-stride16_scan-auto-warm-branch-6291456,stride16-clang18-auto,branch,cycles,549242154,250271487,250271487
1,stride16-clang18-auto-r8-stride16_scan-auto-warm-branch-6291456,stride16-clang18-auto,branch,branches,6080255,250271796,250271796
1,stride16-clang18-auto-r8-stride16_scan-auto-warm-branch-6291456,stride16-clang18-auto,branch,branch_misses,1033,250267730,250267730
1,stride16-clang18-auto-r8-stride16_scan-auto-warm-branch-536870912,stride16-clang18-auto,branch,cycles,604645660,275515497,275515497
1,stride16-clang18-auto-r8-stride16_scan-auto-warm-branch-536870912,stride16-clang18-auto,branch,branches,3670380,275514176,275514176
1,stride16-clang18-auto-r8-stride16_scan-auto-warm-branch-536870912,stride16-clang18-auto,branch,branch_misses,73,275509948,275509948
1,stride16-clang18-auto-r8-stride16_scan-auto-warm-branch-1048576,stride16-clang18-auto,branch,cycles,548749290,250042645,250042645
1,stride16-clang18-auto-r8-stride16_scan-auto-warm-branch-1048576,stride16-clang18-auto,branch,branches,7531736,250040441,250040441
1,stride16-clang18-auto-r8-stride16_scan-auto-warm-branch-1048576,stride16-clang18-auto,branch,branch_misses,7170,250036713,250036713
1,stride16-clang18-auto-r8-stride16_scan-auto-warm-basic-6291456,stride16-clang18-auto,basic,cycles,548756346,250049825,250049825
1,stride16-clang18-auto-r8-stride16_scan-auto-warm-basic-6291456,stride16-clang18-auto,basic,instructions,167896337,250050023,250050023
1,stride16-clang18-auto-r8-stride16_scan-auto-warm-basic-6291456,stride16-clang18-auto,basic,ref_cycles,548759266,250046580,250046580
1,stride16-clang18-auto-r8-stride16_scan-auto-warm-basic-131072,stride16-clang18-auto,basic,cycles,548734157,250034298,250034298
1,stride16-clang18-auto-r8-stride16_scan-auto-warm-basic-131072,stride16-clang18-auto,basic,instructions,389823969,250032457,250032457
1,stride16-clang18-auto-r8-stride16_scan-auto-warm-basic-131072,stride16-clang18-auto,basic,ref_cycles,548736540,250029436,250029436
1,stride16-clang18-auto-r8-stride16_scan-auto-warm-basic-2097152,stride16-clang18-auto,basic,cycles,548849555,250087796,250087796
1,stride16-clang18-auto-r8-stride16_scan-auto-warm-basic-2097152,stride16-clang18-auto,basic,instructions,197498698,250085996,250085996
1,stride16-clang18-auto-r8-stride16_scan-auto-warm-basic-2097152,stride16-clang18-auto,basic,ref_cycles,548851996,250083053,250083053
1,stride16-clang18-auto-r8-stride16_scan-auto-warm-branch-5242880,stride16-clang18-auto,branch,cycles,549097518,250204993,250204993
1,stride16-clang18-auto-r8-stride16_scan-auto-warm-branch-5242880,stride16-clang18-auto,branch,branches,7195529,250205071,250205071
1,stride16-clang18-auto-r8-stride16_scan-auto-warm-branch-5242880,stride16-clang18-auto,branch,branch_misses,1444,250200988,250200988
1,stride16-clang18-auto-r8-stride16_scan-auto-cache_evicted-branch-262144,stride16-clang18-auto,branch,cycles,548734494,250034365,250034365
1,stride16-clang18-auto-r8-stride16_scan-auto-cache_evicted-branch-262144,stride16-clang18-auto,branch,branches,10765129,250031476,250031476
1,stride16-clang18-auto-r8-stride16_scan-auto-cache_evicted-branch-262144,stride16-clang18-auto,branch,branch_misses,37067,250027457,250027457
1,stride16-clang18-auto-r8-stride16_scan-auto-warm-basic-1048576,stride16-clang18-auto,basic,cycles,548786118,250056700,250056700
1,stride16-clang18-auto-r8-stride16_scan-auto-warm-basic-1048576,stride16-clang18-auto,basic,instructions,198004070,250054060,250054060
1,stride16-clang18-auto-r8-stride16_scan-auto-warm-basic-1048576,stride16-clang18-auto,basic,ref_cycles,548787580,250050628,250050628
1,stride16-clang18-auto-r8-stride16_scan-auto-warm-basic-196608,stride16-clang18-auto,basic,cycles,548733594,250033803,250033803
1,stride16-clang18-auto-r8-stride16_scan-auto-warm-basic-196608,stride16-clang18-auto,basic,instructions,408760046,250031038,250031038
1,stride16-clang18-auto-r8-stride16_scan-auto-warm-basic-196608,stride16-clang18-auto,basic,ref_cycles,548735484,250027423,250027423
1,stride16-clang18-auto-r8-stride16_scan-auto-warm-branch-393216,stride16-clang18-auto,branch,cycles,548740979,250037887,250037887
1,stride16-clang18-auto-r8-stride16_scan-auto-warm-branch-393216,stride16-clang18-auto,branch,branches,8192040,250036024,250036024
1,stride16-clang18-auto-r8-stride16_scan-auto-warm-branch-393216,stride16-clang18-auto,branch,branch_misses,19615,250032401,250032401
1,stride16-clang18-auto-r8-stride16_scan-auto-warm-branch-12582912,stride16-clang18-auto,branch,cycles,550059052,250646085,250646085
1,stride16-clang18-auto-r8-stride16_scan-auto-warm-branch-12582912,stride16-clang18-auto,branch,branches,3955803,250646031,250646031
1,stride16-clang18-auto-r8-stride16_scan-auto-warm-branch-12582912,stride16-clang18-auto,branch,branch_misses,375,250641614,250641614
1,stride16-clang18-auto-r8-stride16_scan-auto-warm-basic-5242880,stride16-clang18-auto,basic,cycles,548997747,250157391,250157391
1,stride16-clang18-auto-r8-stride16_scan-auto-warm-basic-5242880,stride16-clang18-auto,basic,instructions,172754978,250157921,250157921
1,stride16-clang18-auto-r8-stride16_scan-auto-warm-basic-5242880,stride16-clang18-auto,basic,ref_cycles,549000914,250154554,250154554
1,stride16-clang18-auto-r8-stride16_scan-auto-warm-branch-65536,stride16-clang18-auto,branch,cycles,548733540,250035164,250035164
1,stride16-clang18-auto-r8-stride16_scan-auto-warm-branch-65536,stride16-clang18-auto,branch,branches,20640791,250033561,250033561
1,stride16-clang18-auto-r8-stride16_scan-auto-warm-branch-65536,stride16-clang18-auto,branch,branch_misses,208597,250030012,250030012
1,stride16-clang18-auto-r8-stride16_scan-auto-warm-basic-134217728,stride16-clang18-auto,basic,cycles,553574982,252247142,252247142
1,stride16-clang18-auto-r8-stride16_scan-auto-warm-basic-134217728,stride16-clang18-auto,basic,instructions,92017828,252246215,252246215
1,stride16-clang18-auto-r8-stride16_scan-auto-warm-basic-134217728,stride16-clang18-auto,basic,ref_cycles,553578234,252242415,252242415
1,stride16-clang18-auto-r8-stride16_scan-auto-warm-branch-134217728,stride16-clang18-auto,branch,cycles,552908387,251943094,251943094
1,stride16-clang18-auto-r8-stride16_scan-auto-warm-branch-134217728,stride16-clang18-auto,branch,branches,3408901,251942144,251942144
1,stride16-clang18-auto-r8-stride16_scan-auto-warm-branch-134217728,stride16-clang18-auto,branch,branch_misses,72,251937671,251937671
1,stride16-clang18-auto-r8-stride16_scan-auto-warm-branch-262144,stride16-clang18-auto,branch,cycles,548716218,250035960,250035960
1,stride16-clang18-auto-r8-stride16_scan-auto-warm-branch-262144,stride16-clang18-auto,branch,branches,10984815,250034466,250034466
1,stride16-clang18-auto-r8-stride16_scan-auto-warm-branch-262144,stride16-clang18-auto,branch,branch_misses,37803,250030881,250030881
1,stride16-clang18-auto-r8-stride16_scan-auto-warm-basic-65536,stride16-clang18-auto,basic,cycles,548732030,250032228,250032228
1,stride16-clang18-auto-r8-stride16_scan-auto-warm-basic-65536,stride16-clang18-auto,basic,instructions,398302392,250030470,250030470
1,stride16-clang18-auto-r8-stride16_scan-auto-warm-basic-65536,stride16-clang18-auto,basic,ref_cycles,548734076,250027173,250027173
1,stride16-clang18-auto-r8-stride16_scan-auto-warm-branch-36864,stride16-clang18-auto,branch,cycles,548730980,250033460,250033460
1,stride16-clang18-auto-r8-stride16_scan-auto-warm-branch-36864,stride16-clang18-auto,branch,branches,25642552,250031183,250031183
1,stride16-clang18-auto-r8-stride16_scan-auto-warm-branch-36864,stride16-clang18-auto,branch,branch_misses,361277,250027453,250027453
1,stride16-clang18-auto-r8-stride16_scan-auto-cache_evicted-basic-8388608,stride16-clang18-auto,basic,cycles,549046337,250182149,250182149
1,stride16-clang18-auto-r8-stride16_scan-auto-cache_evicted-basic-8388608,stride16-clang18-auto,basic,instructions,130384563,250181689,250181689
1,stride16-clang18-auto-r8-stride16_scan-auto-cache_evicted-basic-8388608,stride16-clang18-auto,basic,ref_cycles,549049886,250178422,250178422
1,stride16-clang18-auto-r8-stride16_scan-auto-warm-branch-33554432,stride16-clang18-auto,branch,cycles,549266357,250284478,250284478
1,stride16-clang18-auto-r8-stride16_scan-auto-warm-branch-33554432,stride16-clang18-auto,branch,branches,3378828,250283532,250283532
1,stride16-clang18-auto-r8-stride16_scan-auto-warm-branch-33554432,stride16-clang18-auto,branch,branch_misses,142,250280369,250280369
1,stride16-clang18-auto-r8-stride16_scan-auto-warm-basic-294912,stride16-clang18-auto,basic,cycles,548742159,250037513,250037513
1,stride16-clang18-auto-r8-stride16_scan-auto-warm-basic-294912,stride16-clang18-auto,basic,instructions,257337971,250035205,250035205
1,stride16-clang18-auto-r8-stride16_scan-auto-warm-basic-294912,stride16-clang18-auto,basic,ref_cycles,548744350,250032349,250032349
1,stride16-clang18-auto-r8-stride16_scan-auto-warm-basic-7340032,stride16-clang18-auto,basic,cycles,549134474,250221681,250221681
1,stride16-clang18-auto-r8-stride16_scan-auto-warm-basic-7340032,stride16-clang18-auto,basic,instructions,133665315,250220954,250220954
1,stride16-clang18-auto-r8-stride16_scan-auto-warm-basic-7340032,stride16-clang18-auto,basic,ref_cycles,549137446,250217787,250217787
1,stride16-clang18-auto-r8-stride16_scan-auto-warm-basic-32768,stride16-clang18-auto,basic,cycles,548730651,250031024,250031024
1,stride16-clang18-auto-r8-stride16_scan-auto-warm-basic-32768,stride16-clang18-auto,basic,instructions,850660808,250028288,250028288
1,stride16-clang18-auto-r8-stride16_scan-auto-warm-basic-32768,stride16-clang18-auto,basic,ref_cycles,548731920,250025086,250025086
1,stride16-clang18-auto-r8-stride16_scan-auto-warm-branch-32768,stride16-clang18-auto,branch,cycles,548731177,250033471,250033471
1,stride16-clang18-auto-r8-stride16_scan-auto-warm-branch-32768,stride16-clang18-auto,branch,branches,54671459,250031827,250031827
1,stride16-clang18-auto-r8-stride16_scan-auto-warm-branch-32768,stride16-clang18-auto,branch,branch_misses,215356,250027993,250027993
1,stride16-clang18-auto-r8-stride16_scan-auto-warm-basic-8388608,stride16-clang18-auto,basic,cycles,549140180,250225030,250225030
1,stride16-clang18-auto-r8-stride16_scan-auto-warm-basic-8388608,stride16-clang18-auto,basic,instructions,127506830,250224266,250224266
1,stride16-clang18-auto-r8-stride16_scan-auto-warm-basic-8388608,stride16-clang18-auto,basic,ref_cycles,549143738,250220729,250220729
1,stride16-clang18-auto-r8-stride16_scan-auto-warm-branch-2097152,stride16-clang18-auto,branch,cycles,548875940,250100749,250100749
1,stride16-clang18-auto-r8-stride16_scan-auto-warm-branch-2097152,stride16-clang18-auto,branch,branches,7417685,250098255,250098255
1,stride16-clang18-auto-r8-stride16_scan-auto-warm-branch-2097152,stride16-clang18-auto,branch,branch_misses,3610,250094064,250094064
1,stride16-clang18-auto-r8-stride16_scan-auto-warm-branch-196608,stride16-clang18-auto,branch,cycles,548737161,250036845,250036845
1,stride16-clang18-auto-r8-stride16_scan-auto-warm-branch-196608,stride16-clang18-auto,branch,branches,14422835,250034422,250034422
1,stride16-clang18-auto-r8-stride16_scan-auto-warm-branch-196608,stride16-clang18-auto,branch,branch_misses,63602,250030716,250030716
1,stride16-clang18-auto-r8-stride16_scan-auto-cache_evicted-branch-6291456,stride16-clang18-auto,branch,cycles,549293932,250296542,250296542
1,stride16-clang18-auto-r8-stride16_scan-auto-cache_evicted-branch-6291456,stride16-clang18-auto,branch,branches,5443818,250295390,250295390
1,stride16-clang18-auto-r8-stride16_scan-auto-cache_evicted-branch-6291456,stride16-clang18-auto,branch,branch_misses,926,250292152,250292152
1,stride16-clang18-auto-r8-stride16_scan-auto-warm-branch-8192,stride16-clang18-auto,branch,cycles,548731326,250034243,250034243
1,stride16-clang18-auto-r8-stride16_scan-auto-warm-branch-8192,stride16-clang18-auto,branch,branches,104858726,250032806,250032806
1,stride16-clang18-auto-r8-stride16_scan-auto-warm-branch-8192,stride16-clang18-auto,branch,branch_misses,549,250029414,250029414
1,stride16-clang18-auto-r8-stride16_scan-auto-cache_evicted-basic-32768,stride16-clang18-auto,basic,cycles,548731063,250034111,250034111
1,stride16-clang18-auto-r8-stride16_scan-auto-cache_evicted-basic-32768,stride16-clang18-auto,basic,instructions,832454591,250032457,250032457
1,stride16-clang18-auto-r8-stride16_scan-auto-cache_evicted-basic-32768,stride16-clang18-auto,basic,ref_cycles,548733108,250029206,250029206
1,stride16-clang18-auto-r8-stride16_scan-auto-cache_evicted-basic-1048576,stride16-clang18-auto,basic,cycles,548757572,250045744,250045744
1,stride16-clang18-auto-r8-stride16_scan-auto-cache_evicted-basic-1048576,stride16-clang18-auto,basic,instructions,197948262,250042992,250042992
1,stride16-clang18-auto-r8-stride16_scan-auto-cache_evicted-basic-1048576,stride16-clang18-auto,basic,ref_cycles,548759134,250039334,250039334
1,stride16-clang18-auto-r8-stride16_scan-auto-warm-basic-524288,stride16-clang18-auto,basic,cycles,548757669,250044352,250044352
1,stride16-clang18-auto-r8-stride16_scan-auto-warm-basic-524288,stride16-clang18-auto,basic,instructions,198675536,250041301,250041301
1,stride16-clang18-auto-r8-stride16_scan-auto-warm-basic-524288,stride16-clang18-auto,basic,ref_cycles,548758958,250037655,250037655
1,stride16-clang18-auto-r8-stride16_scan-auto-warm-branch-131072,stride16-clang18-auto,branch,cycles,548734535,250036799,250036799
1,stride16-clang18-auto-r8-stride16_scan-auto-warm-branch-131072,stride16-clang18-auto,branch,branches,17577479,250034740,250034740
1,stride16-clang18-auto-r8-stride16_scan-auto-warm-branch-131072,stride16-clang18-auto,branch,branch_misses,107912,250030732,250030732
1,stride16-clang18-auto-r8-stride16_scan-auto-warm-basic-98304,stride16-clang18-auto,basic,cycles,548732437,250032769,250032769
1,stride16-clang18-auto-r8-stride16_scan-auto-warm-basic-98304,stride16-clang18-auto,basic,instructions,389316136,250029407,250029407
1,stride16-clang18-auto-r8-stride16_scan-auto-warm-basic-98304,stride16-clang18-auto,basic,ref_cycles,548733526,250025509,250025509
1,stride16-clang18-auto-r8-stride16_scan-auto-cache_evicted-branch-8388608,stride16-clang18-auto,branch,cycles,549389438,250340014,250340014
1,stride16-clang18-auto-r8-stride16_scan-auto-cache_evicted-branch-8388608,stride16-clang18-auto,branch,branches,4798209,250340589,250340589
1,stride16-clang18-auto-r8-stride16_scan-auto-cache_evicted-branch-8388608,stride16-clang18-auto,branch,branch_misses,631,250336736,250336736
1,stride16-clang18-auto-r8-stride16_scan-auto-cache_evicted-branch-536870912,stride16-clang18-auto,branch,cycles,606139461,276195624,276195624
1,stride16-clang18-auto-r8-stride16_scan-auto-cache_evicted-branch-536870912,stride16-clang18-auto,branch,branches,3670380,276196147,276196147
1,stride16-clang18-auto-r8-stride16_scan-auto-cache_evicted-branch-536870912,stride16-clang18-auto,branch,branch_misses,69,276192472,276192472
1,stride16-clang18-auto-r8-stride16_scan-auto-warm-basic-33554432,stride16-clang18-auto,basic,cycles,552711872,251853622,251853622
1,stride16-clang18-auto-r8-stride16_scan-auto-warm-basic-33554432,stride16-clang18-auto,basic,instructions,92916869,251853732,251853732
1,stride16-clang18-auto-r8-stride16_scan-auto-warm-basic-33554432,stride16-clang18-auto,basic,ref_cycles,552715790,251850474,251850474
1,stride16-clang18-auto-r9-stride16_scan-auto-warm-basic-24576,stride16-clang18-auto,basic,cycles,548730400,250032005,250032005
1,stride16-clang18-auto-r9-stride16_scan-auto-warm-basic-24576,stride16-clang18-auto,basic,instructions,888330816,250028589,250028589
1,stride16-clang18-auto-r9-stride16_scan-auto-warm-basic-24576,stride16-clang18-auto,basic,ref_cycles,548731282,250024889,250024889
1,stride16-clang18-auto-r9-stride16_scan-auto-warm-basic-7340032,stride16-clang18-auto,basic,cycles,549362776,250325879,250325879
1,stride16-clang18-auto-r9-stride16_scan-auto-warm-basic-7340032,stride16-clang18-auto,basic,instructions,145869479,250325906,250325906
1,stride16-clang18-auto-r9-stride16_scan-auto-warm-basic-7340032,stride16-clang18-auto,basic,ref_cycles,549365652,250322831,250322831
1,stride16-clang18-auto-r9-stride16_scan-auto-warm-basic-49152,stride16-clang18-auto,basic,cycles,548732406,250033377,250033377
1,stride16-clang18-auto-r9-stride16_scan-auto-warm-basic-49152,stride16-clang18-auto,basic,instructions,397046899,250031835,250031835
1,stride16-clang18-auto-r9-stride16_scan-auto-warm-basic-49152,stride16-clang18-auto,basic,ref_cycles,548734494,250028593,250028593
1,stride16-clang18-auto-r9-stride16_scan-auto-warm-branch-7340032,stride16-clang18-auto,branch,cycles,548913584,250122246,250122246
1,stride16-clang18-auto-r9-stride16_scan-auto-warm-branch-7340032,stride16-clang18-auto,branch,branches,5409575,250121855,250121855
1,stride16-clang18-auto-r9-stride16_scan-auto-warm-branch-7340032,stride16-clang18-auto,branch,branch_misses,801,250117953,250117953
1,stride16-clang18-auto-r9-stride16_scan-auto-cache_evicted-branch-32768,stride16-clang18-auto,branch,cycles,548731309,250038934,250038934
1,stride16-clang18-auto-r9-stride16_scan-auto-cache_evicted-branch-32768,stride16-clang18-auto,branch,branches,57225221,250035355,250035355
1,stride16-clang18-auto-r9-stride16_scan-auto-cache_evicted-branch-32768,stride16-clang18-auto,branch,branch_misses,22785,250031070,250031070
1,stride16-clang18-auto-r9-stride16_scan-auto-warm-branch-8388608,stride16-clang18-auto,branch,cycles,548952978,250140713,250140713
1,stride16-clang18-auto-r9-stride16_scan-auto-warm-branch-8388608,stride16-clang18-auto,branch,branches,4911641,250139521,250139521
1,stride16-clang18-auto-r9-stride16_scan-auto-warm-branch-8388608,stride16-clang18-auto,branch,branch_misses,643,250135261,250135261
1,stride16-clang18-auto-r9-stride16_scan-auto-warm-basic-65536,stride16-clang18-auto,basic,cycles,548730799,250032577,250032577
1,stride16-clang18-auto-r9-stride16_scan-auto-warm-basic-65536,stride16-clang18-auto,basic,instructions,394463170,250030417,250030417
1,stride16-clang18-auto-r9-stride16_scan-auto-warm-basic-65536,stride16-clang18-auto,basic,ref_cycles,548732250,250026967,250026967
1,stride16-clang18-auto-r9-stride16_scan-auto-warm-branch-49152,stride16-clang18-auto,branch,cycles,548731242,250033596,250033596
1,stride16-clang18-auto-r9-stride16_scan-auto-warm-branch-49152,stride16-clang18-auto,branch,branches,22844824,250032506,250032506
1,stride16-clang18-auto-r9-stride16_scan-auto-warm-branch-49152,stride16-clang18-auto,branch,branch_misses,275360,250029009,250029009
1,stride16-clang18-auto-r9-stride16_scan-auto-warm-basic-1048576,stride16-clang18-auto,basic,cycles,548782602,250056969,250056969
1,stride16-clang18-auto-r9-stride16_scan-auto-warm-basic-1048576,stride16-clang18-auto,basic,instructions,197948255,250054426,250054426
1,stride16-clang18-auto-r9-stride16_scan-auto-warm-basic-1048576,stride16-clang18-auto,basic,ref_cycles,548784280,250051157,250051157
1,stride16-clang18-auto-r9-stride16_scan-auto-cache_evicted-branch-1048576,stride16-clang18-auto,branch,cycles,548772830,250053120,250053120
1,stride16-clang18-auto-r9-stride16_scan-auto-cache_evicted-branch-1048576,stride16-clang18-auto,branch,branches,7533861,250050421,250050421
1,stride16-clang18-auto-r9-stride16_scan-auto-cache_evicted-branch-1048576,stride16-clang18-auto,branch,branch_misses,7170,250046559,250046559
1,stride16-clang18-auto-r9-stride16_scan-auto-warm-branch-393216,stride16-clang18-auto,branch,cycles,548741670,250038379,250038379
1,stride16-clang18-auto-r9-stride16_scan-auto-warm-branch-393216,stride16-clang18-auto,branch,branches,8179849,250035945,250035945
1,stride16-clang18-auto-r9-stride16_scan-auto-warm-branch-393216,stride16-clang18-auto,branch,branch_misses,19575,250032101,250032101
1,stride16-clang18-auto-r9-stride16_scan-auto-warm-basic-536870912,stride16-clang18-auto,basic,cycles,604347771,275377564,275377564
1,stride16-clang18-auto-r9-stride16_scan-auto-warm-basic-536870912,stride16-clang18-auto,basic,instructions,99092277,275376995,275376995
1,stride16-clang18-auto-r9-stride16_scan-auto-warm-basic-536870912,stride16-clang18-auto,basic,ref_cycles,604350208,275373605,275373605
1,stride16-clang18-auto-r9-stride16_scan-auto-warm-basic-16384,stride16-clang18-auto,basic,cycles,548730657,250031577,250031577
1,stride16-clang18-auto-r9-stride16_scan-auto-warm-basic-16384,stride16-clang18-auto,basic,instructions,908957427,250029129,250029129
1,stride16-clang18-auto-r9-stride16_scan-auto-warm-basic-16384,stride16-clang18-auto,basic,ref_cycles,548731656,250025530,250025530
1,stride16-clang18-auto-r9-stride16_scan-auto-warm-branch-4194304,stride16-clang18-auto,branch,cycles,548950938,250137894,250137894
1,stride16-clang18-auto-r9-stride16_scan-auto-warm-branch-4194304,stride16-clang18-auto,branch,branches,7324388,250136727,250136727
1,stride16-clang18-auto-r9-stride16_scan-auto-warm-branch-4194304,stride16-clang18-auto,branch,branch_misses,1827,250132907,250132907
1,stride16-clang18-auto-r9-stride16_scan-auto-warm-branch-8192,stride16-clang18-auto,branch,cycles,548730875,250033446,250033446
1,stride16-clang18-auto-r9-stride16_scan-auto-warm-branch-8192,stride16-clang18-auto,branch,branches,104878342,250031138,250031138
1,stride16-clang18-auto-r9-stride16_scan-auto-warm-branch-8192,stride16-clang18-auto,branch,branch_misses,549,250027329,250027329
1,stride16-clang18-auto-r9-stride16_scan-auto-cache_evicted-branch-262144,stride16-clang18-auto,branch,cycles,548731718,250034673,250034673
1,stride16-clang18-auto-r9-stride16_scan-auto-cache_evicted-branch-262144,stride16-clang18-auto,branch,branches,11032000,250032882,250032882
1,stride16-clang18-auto-r9-stride16_scan-auto-cache_evicted-branch-262144,stride16-clang18-auto,branch,branch_misses,37988,250029149,250029149
1,stride16-clang18-auto-r9-stride16_scan-auto-warm-branch-262144,stride16-clang18-auto,branch,cycles,548731907,250033296,250033296
1,stride16-clang18-auto-r9-stride16_scan-auto-warm-branch-262144,stride16-clang18-auto,branch,branches,12815621,250030492,250030492
1,stride16-clang18-auto-r9-stride16_scan-auto-warm-branch-262144,stride16-clang18-auto,branch,branch_misses,44092,250026664,250026664
1,stride16-clang18-auto-r9-stride16_scan-auto-warm-branch-12582912,stride16-clang18-auto,branch,cycles,550214626,250716662,250716662
1,stride16-clang18-auto-r9-stride16_scan-auto-warm-branch-12582912,stride16-clang18-auto,branch,branches,3980448,250717237,250717237
1,stride16-clang18-auto-r9-stride16_scan-auto-warm-branch-12582912,stride16-clang18-auto,branch,branch_misses,370,250713217,250713217
1,stride16-clang18-auto-r9-stride16_scan-auto-warm-branch-131072,stride16-clang18-auto,branch,cycles,548732617,250035502,250035502
1,stride16-clang18-auto-r9-stride16_scan-auto-warm-branch-131072,stride16-clang18-auto,branch,branches,17836141,250033936,250033936
1,stride16-clang18-auto-r9-stride16_scan-auto-warm-branch-131072,stride16-clang18-auto,branch,branch_misses,109529,250030498,250030498
1,stride16-clang18-auto-r9-stride16_scan-auto-warm-branch-6291456,stride16-clang18-auto,branch,cycles,548771592,250058715,250058715
1,stride16-clang18-auto-r9-stride16_scan-auto-warm-branch-6291456,stride16-clang18-auto,branch,branches,6080262,250058106,250058106
1,stride16-clang18-auto-r9-stride16_scan-auto-warm-branch-6291456,stride16-clang18-auto,branch,branch_misses,1042,250053885,250053885
1,stride16-clang18-auto-r9-stride16_scan-auto-warm-basic-4194304,stride16-clang18-auto,basic,cycles,548773704,250056705,250056705
1,stride16-clang18-auto-r9-stride16_scan-auto-warm-basic-4194304,stride16-clang18-auto,basic,instructions,195958015,250055575,250055575
1,stride16-clang18-auto-r9-stride16_scan-auto-warm-basic-4194304,stride16-clang18-auto,basic,ref_cycles,548776976,250051914,250051914
1,stride16-clang18-auto-r9-stride16_scan-auto-warm-basic-5242880,stride16-clang18-auto,basic,cycles,549006442,250163516,250163516
1,stride16-clang18-auto-r9-stride16_scan-auto-warm-basic-5242880,stride16-clang18-auto,basic,instructions,186868928,250162725,250162725
1,stride16-clang18-auto-r9-stride16_scan-auto-warm-basic-5242880,stride16-clang18-auto,basic,ref_cycles,549010242,250159051,250159051
1,stride16-clang18-auto-r9-stride16_scan-auto-warm-basic-262144,stride16-clang18-auto,basic,cycles,548741900,250037331,250037331
1,stride16-clang18-auto-r9-stride16_scan-auto-warm-basic-262144,stride16-clang18-auto,basic,instructions,273840140,250034249,250034249
1,stride16-clang18-auto-r9-stride16_scan-auto-warm-basic-262144,stride16-clang18-auto,basic,ref_cycles,548743184,250030379,250030379
1,stride16-clang18-auto-r9-stride16_scan-auto-cache_evicted-basic-6291456,stride16-clang18-auto,basic,cycles,548858549,250096600,250096600
1,stride16-clang18-auto-r9-stride16_scan-auto-cache_evicted-basic-6291456,stride16-clang18-auto,basic,instructions,168726700,250096151,250096151
1,stride16-clang18-auto-r9-stride16_scan-auto-cache_evicted-basic-6291456,stride16-clang18-auto,basic,ref_cycles,548861764,250093048,250093048
1,stride16-clang18-auto-r9-stride16_scan-auto-warm-basic-6291456,stride16-clang18-auto,basic,cycles,549231311,250265908,250265908
1,stride16-clang18-auto-r9-stride16_scan-auto-warm-basic-6291456,stride16-clang18-auto,basic,instructions,168560613,250265713,250265713
1,stride16-clang18-auto-r9-stride16_scan-auto-warm-basic-6291456,stride16-clang18-auto,basic,ref_cycles,549234510,250262441,250262441
1,stride16-clang18-auto-r9-stride16_scan-auto-warm-basic-393216,stride16-clang18-auto,basic,cycles,548757213,250045108,250045108
1,stride16-clang18-auto-r9-stride16_scan-auto-warm-basic-393216,stride16-clang18-auto,basic,instructions,199197407,250042970,250042970
1,stride16-clang18-auto-r9-stride16_scan-auto-warm-basic-393216,stride16-clang18-auto,basic,ref_cycles,548759200,250039642,250039642
1,stride16-clang18-auto-r9-stride16_scan-auto-cache_evicted-branch-8388608,stride16-clang18-auto,branch,cycles,548982787,250155784,250155784
1,stride16-clang18-auto-r9-stride16_scan-auto-cache_evicted-branch-8388608,stride16-clang18-auto,branch,branches,4895184,250155159,250155159
1,stride16-clang18-auto-r9-stride16_scan-auto-cache_evicted-branch-8388608,stride16-clang18-auto,branch,branch_misses,647,250151052,250151052
1,stride16-clang18-auto-r9-stride16_scan-auto-warm-basic-28672,stride16-clang18-auto,basic,cycles,548731260,250033240,250033240
1,stride16-clang18-auto-r9-stride16_scan-auto-warm-basic-28672,stride16-clang18-auto,basic,instructions,875509728,250031333,250031333
1,stride16-clang18-auto-r9-stride16_scan-auto-warm-basic-28672,stride16-clang18-auto,basic,ref_cycles,548734010,250028159,250028159
1,stride16-clang18-auto-r9-stride16_scan-auto-warm-branch-1048576,stride16-clang18-auto,branch,cycles,548738242,250036612,250036612
1,stride16-clang18-auto-r9-stride16_scan-auto-warm-branch-1048576,stride16-clang18-auto,branch,branches,7533852,250033754,250033754
1,stride16-clang18-auto-r9-stride16_scan-auto-warm-branch-1048576,stride16-clang18-auto,branch,branch_misses,7151,250029903,250029903
1,stride16-clang18-auto-r9-stride16_scan-auto-cache_evicted-branch-6291456,stride16-clang18-auto,branch,cycles,548962101,250143707,250143707
1,stride16-clang18-auto-r9-stride16_scan-auto-cache_evicted-branch-6291456,stride16-clang18-auto,branch,branches,5796021,250143634,250143634
1,stride16-clang18-auto-r9-stride16_scan-auto-cache_evicted-branch-6291456,stride16-clang18-auto,branch,branch_misses,987,250139669,250139669
1,stride16-clang18-auto-r9-stride16_scan-auto-warm-basic-32768,stride16-clang18-auto,basic,cycles,548731149,250032223,250032223
1,stride16-clang18-auto-r9-stride16_scan-auto-warm-basic-32768,stride16-clang18-auto,basic,instructions,847101291,250029965,250029965
1,stride16-clang18-auto-r9-stride16_scan-auto-warm-basic-32768,stride16-clang18-auto,basic,ref_cycles,548732624,250026872,250026872
1,stride16-clang18-auto-r9-stride16_scan-auto-warm-basic-8192,stride16-clang18-auto,basic,cycles,548730834,250032126,250032126
1,stride16-clang18-auto-r9-stride16_scan-auto-warm-basic-8192,stride16-clang18-auto,basic,instructions,966899490,250030035,250030035
1,stride16-clang18-auto-r9-stride16_scan-auto-warm-basic-8192,stride16-clang18-auto,basic,ref_cycles,548732690,250027027,250027027
1,stride16-clang18-auto-r9-stride16_scan-auto-warm-basic-98304,stride16-clang18-auto,basic,cycles,548731298,250032440,250032440
1,stride16-clang18-auto-r9-stride16_scan-auto-warm-basic-98304,stride16-clang18-auto,basic,instructions,388997440,250030263,250030263
1,stride16-clang18-auto-r9-stride16_scan-auto-warm-basic-98304,stride16-clang18-auto,basic,ref_cycles,548733526,250027218,250027218
1,stride16-clang18-auto-r9-stride16_scan-auto-warm-basic-131072,stride16-clang18-auto,basic,cycles,548732139,250033998,250033998
1,stride16-clang18-auto-r9-stride16_scan-auto-warm-basic-131072,stride16-clang18-auto,basic,instructions,315321384,250032083,250032083
1,stride16-clang18-auto-r9-stride16_scan-auto-warm-basic-131072,stride16-clang18-auto,basic,ref_cycles,548734010,250028645,250028645
1,stride16-clang18-auto-r9-stride16_scan-auto-warm-basic-524288,stride16-clang18-auto,basic,cycles,548764783,250047822,250047822
1,stride16-clang18-auto-r9-stride16_scan-auto-warm-basic-524288,stride16-clang18-auto,basic,instructions,198717544,250045117,250045117
1,stride16-clang18-auto-r9-stride16_scan-auto-warm-basic-524288,stride16-clang18-auto,basic,ref_cycles,548766438,250041791,250041791
1,stride16-clang18-auto-r9-stride16_scan-auto-warm-branch-524288,stride16-clang18-auto,branch,cycles,548745296,250040354,250040354
1,stride16-clang18-auto-r9-stride16_scan-auto-warm-branch-524288,stride16-clang18-auto,branch,branches,7759912,250038499,250038499
1,stride16-clang18-auto-r9-stride16_scan-auto-warm-branch-524288,stride16-clang18-auto,branch,branch_misses,14255,250034958,250034958
1,stride16-clang18-auto-r9-stride16_scan-auto-warm-branch-24576,stride16-clang18-auto,branch,cycles,548731066,250033598,250033598
1,stride16-clang18-auto-r9-stride16_scan-auto-warm-branch-24576,stride16-clang18-auto,branch,branches,63177683,250031959,250031959
1,stride16-clang18-auto-r9-stride16_scan-auto-warm-branch-24576,stride16-clang18-auto,branch,branch_misses,397,250028924,250028924
1,stride16-clang18-auto-r9-stride16_scan-auto-cache_evicted-basic-536870912,stride16-clang18-auto,basic,cycles,606773369,276483472,276483472
1,stride16-clang18-auto-r9-stride16_scan-auto-cache_evicted-basic-536870912,stride16-clang18-auto,basic,instructions,99092277,276482436,276482436
1,stride16-clang18-auto-r9-stride16_scan-auto-cache_evicted-basic-536870912,stride16-clang18-auto,basic,ref_cycles,606776588,276479150,276479150
1,stride16-clang18-auto-r9-stride16_scan-auto-warm-branch-294912,stride16-clang18-auto,branch,cycles,548736409,250035787,250035787
1,stride16-clang18-auto-r9-stride16_scan-auto-warm-branch-294912,stride16-clang18-auto,branch,branches,11016702,250032636,250032636
1,stride16-clang18-auto-r9-stride16_scan-auto-warm-branch-294912,stride16-clang18-auto,branch,branch_misses,34157,250028550,250028550
1,stride16-clang18-auto-r9-stride16_scan-auto-cache_evicted-branch-33554432,stride16-clang18-auto,branch,cycles,550801790,250984103,250984103
1,stride16-clang18-auto-r9-stride16_scan-auto-cache_evicted-branch-33554432,stride16-clang18-auto,branch,branches,3411631,250984296,250984296
1,stride16-clang18-auto-r9-stride16_scan-auto-cache_evicted-branch-33554432,stride16-clang18-auto,branch,branch_misses,140,250980281,250980281
1,stride16-clang18-auto-r9-stride16_scan-auto-warm-basic-8388608,stride16-clang18-auto,basic,cycles,549704059,250480714,250480714
1,stride16-clang18-auto-r9-stride16_scan-auto-warm-basic-8388608,stride16-clang18-auto,basic,instructions,126623646,250481167,250481167
1,stride16-clang18-auto-r9-stride16_scan-auto-warm-basic-8388608,stride16-clang18-auto,basic,ref_cycles,549707532,250477794,250477794
1,stride16-clang18-auto-r9-stride16_scan-auto-warm-branch-5242880,stride16-clang18-auto,branch,cycles,549063673,250190408,250190408
1,stride16-clang18-auto-r9-stride16_scan-auto-warm-branch-5242880,stride16-clang18-auto,branch,branches,6256773,250189723,250189723
1,stride16-clang18-auto-r9-stride16_scan-auto-warm-branch-5242880,stride16-clang18-auto,branch,branch_misses,1258,250185344,250185344
1,stride16-clang18-auto-r9-stride16_scan-auto-warm-branch-65536,stride16-clang18-auto,branch,cycles,548732458,250034558,250034558
1,stride16-clang18-auto-r9-stride16_scan-auto-warm-branch-65536,stride16-clang18-auto,branch,branches,20330970,250032228,250032228
1,stride16-clang18-auto-r9-stride16_scan-auto-warm-branch-65536,stride16-clang18-auto,branch,branch_misses,205444,250028553,250028553
1,stride16-clang18-auto-r9-stride16_scan-auto-warm-basic-12582912,stride16-clang18-auto,basic,cycles,549916442,250578352,250578352
1,stride16-clang18-auto-r9-stride16_scan-auto-warm-basic-12582912,stride16-clang18-auto,basic,instructions,104898996,250578604,250578604
1,stride16-clang18-auto-r9-stride16_scan-auto-warm-basic-12582912,stride16-clang18-auto,basic,ref_cycles,549920272,250575651,250575651
1,stride16-clang18-auto-r9-stride16_scan-auto-warm-basic-36864,stride16-clang18-auto,basic,cycles,548730433,250031064,250031064
1,stride16-clang18-auto-r9-stride16_scan-auto-warm-basic-36864,stride16-clang18-auto,basic,instructions,416577978,250027422,250027422
1,stride16-clang18-auto-r9-stride16_scan-auto-warm-basic-36864,stride16-clang18-auto,basic,ref_cycles,548731326,250024394,250024394
1,stride16-clang18-auto-r9-stride16_scan-auto-warm-branch-229376,stride16-clang18-auto,branch,cycles,548741100,250037926,250037926
1,stride16-clang18-auto-r9-stride16_scan-auto-warm-branch-229376,stride16-clang18-auto,branch,branches,12664743,250036792,250036792
1,stride16-clang18-auto-r9-stride16_scan-auto-warm-branch-229376,stride16-clang18-auto,branch,branch_misses,48962,250033295,250033295
1,stride16-clang18-auto-r9-stride16_scan-auto-warm-branch-36864,stride16-clang18-auto,branch,cycles,548731069,250032016,250032016
1,stride16-clang18-auto-r9-stride16_scan-auto-warm-branch-36864,stride16-clang18-auto,branch,branches,26111056,250028731,250028731
1,stride16-clang18-auto-r9-stride16_scan-auto-warm-branch-36864,stride16-clang18-auto,branch,branch_misses,352945,250024947,250024947
1,stride16-clang18-auto-r9-stride16_scan-auto-warm-branch-16384,stride16-clang18-auto,branch,cycles,548730472,250031149,250031149
1,stride16-clang18-auto-r9-stride16_scan-auto-warm-branch-16384,stride16-clang18-auto,branch,branches,75625982,250029154,250029154
1,stride16-clang18-auto-r9-stride16_scan-auto-warm-branch-16384,stride16-clang18-auto,branch,branch_misses,423,250025567,250025567
1,stride16-clang18-auto-r9-stride16_scan-auto-warm-branch-196608,stride16-clang18-auto,branch,cycles,548735633,250037392,250037392
1,stride16-clang18-auto-r9-stride16_scan-auto-warm-branch-196608,stride16-clang18-auto,branch,branches,14770135,250035732,250035732
1,stride16-clang18-auto-r9-stride16_scan-auto-warm-branch-196608,stride16-clang18-auto,branch,branch_misses,65130,250031764,250031764
1,stride16-clang18-auto-r9-stride16_scan-auto-warm-basic-134217728,stride16-clang18-auto,basic,cycles,562317170,256229080,256229080
1,stride16-clang18-auto-r9-stride16_scan-auto-warm-basic-134217728,stride16-clang18-auto,basic,instructions,92017828,256228145,256228145
1,stride16-clang18-auto-r9-stride16_scan-auto-warm-basic-134217728,stride16-clang18-auto,basic,ref_cycles,562320440,256224398,256224398
1,stride16-clang18-auto-r9-stride16_scan-auto-warm-basic-294912,stride16-clang18-auto,basic,cycles,548740300,250036673,250036673
1,stride16-clang18-auto-r9-stride16_scan-auto-warm-basic-294912,stride16-clang18-auto,basic,instructions,270793819,250034564,250034564
1,stride16-clang18-auto-r9-stride16_scan-auto-warm-basic-294912,stride16-clang18-auto,basic,ref_cycles,548742436,250031224,250031224
1,stride16-clang18-auto-r9-stride16_scan-auto-warm-basic-196608,stride16-clang18-auto,basic,cycles,548734045,250032605,250032605
1,stride16-clang18-auto-r9-stride16_scan-auto-warm-basic-196608,stride16-clang18-auto,basic,instructions,416077858,250029281,250029281
1,stride16-clang18-auto-r9-stride16_scan-auto-warm-basic-196608,stride16-clang18-auto,basic,ref_cycles,548734956,250025744,250025744
1,stride16-clang18-auto-r9-stride16_scan-auto-warm-basic-229376,stride16-clang18-auto,basic,cycles,548739092,250034881,250034881
1,stride16-clang18-auto-r9-stride16_scan-auto-warm-basic-229376,stride16-clang18-auto,basic,instructions,316209583,250033100,250033100
1,stride16-clang18-auto-r9-stride16_scan-auto-warm-basic-229376,stride16-clang18-auto,basic,ref_cycles,548740940,250029687,250029687
1,stride16-clang18-auto-r9-stride16_scan-auto-cache_evicted-basic-8388608,stride16-clang18-auto,basic,cycles,549613879,250440611,250440611
1,stride16-clang18-auto-r9-stride16_scan-auto-cache_evicted-basic-8388608,stride16-clang18-auto,basic,instructions,135254593,250441000,250441000
1,stride16-clang18-auto-r9-stride16_scan-auto-cache_evicted-basic-8388608,stride16-clang18-auto,basic,ref_cycles,549617552,250437607,250437607
1,stride16-clang18-auto-r9-stride16_scan-auto-cache_evicted-basic-33554432,stride16-clang18-auto,basic,cycles,551309838,251215012,251215012
1,stride16-clang18-auto-r9-stride16_scan-auto-cache_evicted-basic-33554432,stride16-clang18-auto,basic,instructions,92916869,251215068,251215068
1,stride16-clang18-auto-r9-stride16_scan-auto-cache_evicted-basic-33554432,stride16-clang18-auto,basic,ref_cycles,551313026,251211060,251211060
1,stride16-clang18-auto-r9-stride16_scan-auto-cache_evicted-basic-262144,stride16-clang18-auto,basic,cycles,548742666,250038629,250038629
1,stride16-clang18-auto-r9-stride16_scan-auto-cache_evicted-basic-262144,stride16-clang18-auto,basic,instructions,324058525,250036768,250036768
1,stride16-clang18-auto-r9-stride16_scan-auto-cache_evicted-basic-262144,stride16-clang18-auto,basic,ref_cycles,548743998,250033344,250033344
1,stride16-clang18-auto-r9-stride16_scan-auto-cache_evicted-basic-32768,stride16-clang18-auto,basic,cycles,548730788,250032568,250032568
1,stride16-clang18-auto-r9-stride16_scan-auto-cache_evicted-basic-32768,stride16-clang18-auto,basic,instructions,852663915,250030247,250030247
1,stride16-clang18-auto-r9-stride16_scan-auto-cache_evicted-basic-32768,stride16-clang18-auto,basic,ref_cycles,548732338,250026882,250026882
1,stride16-clang18-auto-r9-stride16_scan-auto-cache_evicted-basic-1048576,stride16-clang18-auto,basic,cycles,548786316,250059496,250059496
1,stride16-clang18-auto-r9-stride16_scan-auto-cache_evicted-basic-1048576,stride16-clang18-auto,basic,instructions,197864895,250058279,250058279
1,stride16-clang18-auto-r9-stride16_scan-auto-cache_evicted-basic-1048576,stride16-clang18-auto,basic,ref_cycles,548788922,250054758,250054758
1,stride16-clang18-auto-r9-stride16_scan-auto-warm-branch-2097152,stride16-clang18-auto,branch,cycles,548824135,250076499,250076499
1,stride16-clang18-auto-r9-stride16_scan-auto-warm-branch-2097152,stride16-clang18-auto,branch,branches,7419765,250073606,250073606
1,stride16-clang18-auto-r9-stride16_scan-auto-warm-branch-2097152,stride16-clang18-auto,branch,branch_misses,3604,250069790,250069790
1,stride16-clang18-auto-r9-stride16_scan-auto-warm-branch-98304,stride16-clang18-auto,branch,cycles,548734248,250034549,250034549
1,stride16-clang18-auto-r9-stride16_scan-auto-warm-branch-98304,stride16-clang18-auto,branch,branches,18602863,250032209,250032209
1,stride16-clang18-auto-r9-stride16_scan-auto-warm-branch-98304,stride16-clang18-auto,branch,branch_misses,142074,250028570,250028570
1,stride16-clang18-auto-r9-stride16_scan-auto-warm-branch-28672,stride16-clang18-auto,branch,cycles,548730278,250032392,250032392
1,stride16-clang18-auto-r9-stride16_scan-auto-warm-branch-28672,stride16-clang18-auto,branch,branches,58921710,250029139,250029139
1,stride16-clang18-auto-r9-stride16_scan-auto-warm-branch-28672,stride16-clang18-auto,branch,branch_misses,300,250025110,250025110
1,stride16-clang18-auto-r9-stride16_scan-auto-warm-branch-134217728,stride16-clang18-auto,branch,cycles,553539353,252230209,252230209
1,stride16-clang18-auto-r9-stride16_scan-auto-warm-branch-134217728,stride16-clang18-auto,branch,branches,3408901,252229596,252229596
1,stride16-clang18-auto-r9-stride16_scan-auto-warm-branch-134217728,stride16-clang18-auto,branch,branch_misses,66,252225492,252225492
1,stride16-clang18-auto-r9-stride16_scan-auto-cache_evicted-branch-536870912,stride16-clang18-auto,branch,cycles,616846682,281074962,281074962
1,stride16-clang18-auto-r9-stride16_scan-auto-cache_evicted-branch-536870912,stride16-clang18-auto,branch,branches,3670401,281073225,281073225
1,stride16-clang18-auto-r9-stride16_scan-auto-cache_evicted-branch-536870912,stride16-clang18-auto,branch,branch_misses,90,281069079,281069079
1,stride16-clang18-auto-r9-stride16_scan-auto-warm-branch-32768,stride16-clang18-auto,branch,cycles,548730632,250032492,250032492
1,stride16-clang18-auto-r9-stride16_scan-auto-warm-branch-32768,stride16-clang18-auto,branch,branches,54664197,250029586,250029586
1,stride16-clang18-auto-r9-stride16_scan-auto-warm-branch-32768,stride16-clang18-auto,branch,branch_misses,618124,250025687,250025687
1,stride16-clang18-auto-r9-stride16_scan-auto-warm-branch-536870912,stride16-clang18-auto,branch,cycles,612222399,279143892,279143892
1,stride16-clang18-auto-r9-stride16_scan-auto-warm-branch-536870912,stride16-clang18-auto,branch,branches,3670409,279146469,279146469
1,stride16-clang18-auto-r9-stride16_scan-auto-warm-branch-536870912,stride16-clang18-auto,branch,branch_misses,97,279143136,279143136
1,stride16-clang18-auto-r9-stride16_scan-auto-warm-basic-2097152,stride16-clang18-auto,basic,cycles,548786371,250058580,250058580
1,stride16-clang18-auto-r9-stride16_scan-auto-warm-basic-2097152,stride16-clang18-auto,basic,instructions,197512938,250055211,250055211
1,stride16-clang18-auto-r9-stride16_scan-auto-warm-basic-2097152,stride16-clang18-auto,basic,ref_cycles,548787470,250051265,250051265
1,stride16-clang18-auto-r9-stride16_scan-auto-warm-branch-33554432,stride16-clang18-auto,branch,cycles,551369264,251243974,251243974
1,stride16-clang18-auto-r9-stride16_scan-auto-warm-branch-33554432,stride16-clang18-auto,branch,branches,3313222,251243458,251243458
1,stride16-clang18-auto-r9-stride16_scan-auto-warm-branch-33554432,stride16-clang18-auto,branch,branch_misses,146,251239270,251239270
1,stride16-clang18-auto-r9-stride16_scan-auto-warm-basic-33554432,stride16-clang18-auto,basic,cycles,550426051,250813103,250813103
1,stride16-clang18-auto-r9-stride16_scan-auto-warm-basic-33554432,stride16-clang18-auto,basic,instructions,87607757,250811613,250811613
1,stride16-clang18-auto-r9-stride16_scan-auto-warm-basic-33554432,stride16-clang18-auto,basic,ref_cycles,550429220,250807694,250807694
1,stride16-clang18-auto-r10-stride16_scan-auto-warm-branch-294912,stride16-clang18-auto,branch,cycles,548745126,250040823,250040823
1,stride16-clang18-auto-r10-stride16_scan-auto-warm-branch-294912,stride16-clang18-auto,branch,branches,10157512,250038749,250038749
1,stride16-clang18-auto-r10-stride16_scan-auto-warm-branch-294912,stride16-clang18-auto,branch,branch_misses,31497,250035357,250035357
1,stride16-clang18-auto-r10-stride16_scan-auto-cache_evicted-basic-33554432,stride16-clang18-auto,basic,cycles,550958052,251055130,251055130
1,stride16-clang18-auto-r10-stride16_scan-auto-cache_evicted-basic-33554432,stride16-clang18-auto,basic,instructions,89377195,251054122,251054122
1,stride16-clang18-auto-r10-stride16_scan-auto-cache_evicted-basic-33554432,stride16-clang18-auto,basic,ref_cycles,550961202,251050790,251050790
1,stride16-clang18-auto-r10-stride16_scan-auto-warm-basic-12582912,stride16-clang18-auto,basic,cycles,549916051,250579055,250579055
1,stride16-clang18-auto-r10-stride16_scan-auto-warm-basic-12582912,stride16-clang18-auto,basic,instructions,104567033,250578497,250578497
1,stride16-clang18-auto-r10-stride16_scan-auto-warm-basic-12582912,stride16-clang18-auto,basic,ref_cycles,549919832,250575306,250575306
1,stride16-clang18-auto-r10-stride16_scan-auto-warm-basic-8388608,stride16-clang18-auto,basic,cycles,549412482,250350769,250350769
1,stride16-clang18-auto-r10-stride16_scan-auto-warm-basic-8388608,stride16-clang18-auto,basic,instructions,130827293,250350379,250350379
1,stride16-clang18-auto-r10-stride16_scan-auto-warm-basic-8388608,stride16-clang18-auto,basic,ref_cycles,549416252,250346588,250346588
1,stride16-clang18-auto-r10-stride16_scan-auto-warm-branch-24576,stride16-clang18-auto,branch,cycles,548730209,250031926,250031926
1,stride16-clang18-auto-r10-stride16_scan-auto-warm-branch-24576,stride16-clang18-auto,branch,branches,63225156,250028150,250028150
1,stride16-clang18-auto-r10-stride16_scan-auto-warm-branch-24576,stride16-clang18-auto,branch,branch_misses,324,250024019,250024019
1,stride16-clang18-auto-r10-stride16_scan-auto-warm-basic-49152,stride16-clang18-auto,basic,cycles,548731370,250029879,250029879
1,stride16-clang18-auto-r10-stride16_scan-auto-warm-basic-49152,stride16-clang18-auto,basic,instructions,402120224,250027634,250027634
1,stride16-clang18-auto-r10-stride16_scan-auto-warm-basic-49152,stride16-clang18-auto,basic,ref_cycles,548732602,250023992,250023992
1,stride16-clang18-auto-r10-stride16_scan-auto-warm-branch-8388608,stride16-clang18-auto,branch,cycles,548991343,250159708,250159708
1,stride16-clang18-auto-r10-stride16_scan-auto-warm-branch-8388608,stride16-clang18-auto,branch,branches,4862276,250160040,250160040
1,stride16-clang18-auto-r10-stride16_scan-auto-warm-branch-8388608,stride16-clang18-auto,branch,branch_misses,638,250155823,250155823
1,stride16-clang18-auto-r10-stride16_scan-auto-warm-basic-536870912,stride16-clang18-auto,basic,cycles,605002512,275675972,275675972
1,stride16-clang18-auto-r10-stride16_scan-auto-warm-basic-536870912,stride16-clang18-auto,basic,instructions,99092277,275676355,275676355
1,stride16-clang18-auto-r10-stride16_scan-auto-warm-basic-536870912,stride16-clang18-auto,basic,ref_cycles,605005786,275673181,275673181
1,stride16-clang18-auto-r10-stride16_scan-auto-warm-branch-1048576,stride16-clang18-auto,branch,cycles,548748366,250040823,250040823
1,stride16-clang18-auto-r10-stride16_scan-auto-warm-branch-1048576,stride16-clang18-auto,branch,branches,7534916,250037427,250037427
1,stride16-clang18-auto-r10-stride16_scan-auto-warm-branch-1048576,stride16-clang18-auto,branch,branch_misses,7159,250033586,250033586
1,stride16-clang18-auto-r10-stride16_scan-auto-warm-branch-98304,stride16-clang18-auto,branch,cycles,548731109,250031923,250031923
1,stride16-clang18-auto-r10-stride16_scan-auto-warm-branch-98304,stride16-clang18-auto,branch,branches,18955613,250028362,250028362
1,stride16-clang18-auto-r10-stride16_scan-auto-warm-branch-98304,stride16-clang18-auto,branch,branch_misses,141546,250024071,250024071
1,stride16-clang18-auto-r10-stride16_scan-auto-cache_evicted-basic-8388608,stride16-clang18-auto,basic,cycles,548752843,250048893,250048893
1,stride16-clang18-auto-r10-stride16_scan-auto-cache_evicted-basic-8388608,stride16-clang18-auto,basic,instructions,131491400,250049099,250049099
1,stride16-clang18-auto-r10-stride16_scan-auto-cache_evicted-basic-8388608,stride16-clang18-auto,basic,ref_cycles,548757110,250045771,250045771
1,stride16-clang18-auto-r10-stride16_scan-auto-warm-branch-196608,stride16-clang18-auto,branch,cycles,548734882,250036410,250036410
1,stride16-clang18-auto-r10-stride16_scan-auto-warm-branch-196608,stride16-clang18-auto,branch,branches,14852767,250034107,250034107
1,stride16-clang18-auto-r10-stride16_scan-auto-warm-branch-196608,stride16-clang18-auto,branch,branch_misses,65490,250030629,250030629
1,stride16-clang18-auto-r10-stride16_scan-auto-warm-branch-2097152,stride16-clang18-auto,branch,cycles,548809440,250073893,250073893
1,stride16-clang18-auto-r10-stride16_scan-auto-warm-branch-2097152,stride16-clang18-auto,branch,branches,7401028,250071555,250071555
1,stride16-clang18-auto-r10-stride16_scan-auto-warm-branch-2097152,stride16-clang18-auto,branch,branch_misses,3606,250067054,250067054
1,stride16-clang18-auto-r10-stride16_scan-auto-cache_evicted-branch-32768,stride16-clang18-auto,branch,cycles,548731662,250037491,250037491
1,stride16-clang18-auto-r10-stride16_scan-auto-cache_evicted-branch-32768,stride16-clang18-auto,branch,branches,54127747,250036712,250036712
1,stride16-clang18-auto-r10-stride16_scan-auto-cache_evicted-branch-32768,stride16-clang18-auto,branch,branch_misses,16535,250032532,250032532
1,stride16-clang18-auto-r10-stride16_scan-auto-warm-branch-33554432,stride16-clang18-auto,branch,cycles,554281545,252571193,252571193
1,stride16-clang18-auto-r10-stride16_scan-auto-warm-branch-33554432,stride16-clang18-auto,branch,branches,3182010,252569787,252569787
1,stride16-clang18-auto-r10-stride16_scan-auto-warm-branch-33554432,stride16-clang18-auto,branch,branch_misses,234,252564993,252564993
1,stride16-clang18-auto-r10-stride16_scan-auto-warm-basic-4194304,stride16-clang18-auto,basic,cycles,548889459,250111660,250111660
1,stride16-clang18-auto-r10-stride16_scan-auto-warm-basic-4194304,stride16-clang18-auto,basic,instructions,182665255,250111113,250111113
1,stride16-clang18-auto-r10-stride16_scan-auto-warm-basic-4194304,stride16-clang18-auto,basic,ref_cycles,548893180,250106727,250106727
1,stride16-clang18-auto-r10-stride16_scan-auto-warm-branch-16384,stride16-clang18-auto,branch,cycles,548731152,250035089,250035089
1,stride16-clang18-auto-r10-stride16_scan-auto-warm-branch-16384,stride16-clang18-auto,branch,branches,75302697,250033189,250033189
1,stride16-clang18-auto-r10-stride16_scan-auto-warm-branch-16384,stride16-clang18-auto,branch,branch_misses,761,250029424,250029424
1,stride16-clang18-auto-r10-stride16_scan-auto-warm-basic-5242880,stride16-clang18-auto,basic,cycles,548772704,250056497,250056497
1,stride16-clang18-auto-r10-stride16_scan-auto-warm-basic-5242880,stride16-clang18-auto,basic,instructions,153371058,250057160,250057160
1,stride16-clang18-auto-r10-stride16_scan-auto-warm-basic-5242880,stride16-clang18-auto,basic,ref_cycles,548775766,250053862,250053862
1,stride16-clang18-auto-r10-stride16_scan-auto-cache_evicted-basic-32768,stride16-clang18-auto,basic,cycles,548731847,250038821,250038821
1,stride16-clang18-auto-r10-stride16_scan-auto-cache_evicted-basic-32768,stride16-clang18-auto,basic,instructions,847263682,250036758,250036758
1,stride16-clang18-auto-r10-stride16_scan-auto-cache_evicted-basic-32768,stride16-clang18-auto,basic,ref_cycles,548734318,250033349,250033349
1,stride16-clang18-auto-r10-stride16_scan-auto-warm-branch-5242880,stride16-clang18-auto,branch,cycles,549083904,250203913,250203913
1,stride16-clang18-auto-r10-stride16_scan-auto-warm-branch-5242880,stride16-clang18-auto,branch,branches,5742789,250202232,250202232
1,stride16-clang18-auto-r10-stride16_scan-auto-warm-branch-5242880,stride16-clang18-auto,branch,branch_misses,1167,250198238,250198238
1,stride16-clang18-auto-r10-stride16_scan-auto-warm-basic-65536,stride16-clang18-auto,basic,cycles,548732096,250034557,250034557
1,stride16-clang18-auto-r10-stride16_scan-auto-warm-basic-65536,stride16-clang18-auto,basic,instructions,394077879,250033240,250033240
1,stride16-clang18-auto-r10-stride16_scan-auto-warm-basic-65536,stride16-clang18-auto,basic,ref_cycles,548734890,250029560,250029560
1,stride16-clang18-auto-r10-stride16_scan-auto-warm-branch-12582912,stride16-clang18-auto,branch,cycles,550497452,250844455,250844455
1,stride16-clang18-auto-r10-stride16_scan-auto-warm-branch-12582912,stride16-clang18-auto,branch,branches,3339659,250843551,250843551
1,stride16-clang18-auto-r10-stride16_scan-auto-warm-branch-12582912,stride16-clang18-auto,branch,branch_misses,375,250839997,250839997
1,stride16-clang18-auto-r10-stride16_scan-auto-warm-basic-131072,stride16-clang18-auto,basic,cycles,548732781,250035537,250035537
1,stride16-clang18-auto-r10-stride16_scan-auto-warm-basic-131072,stride16-clang18-auto,basic,instructions,393808399,250033730,250033730
1,stride16-clang18-auto-r10-stride16_scan-auto-warm-basic-131072,stride16-clang18-auto,basic,ref_cycles,548735462,250030114,250030114
1,stride16-clang18-auto-r10-stride16_scan-auto-warm-basic-28672,stride16-clang18-auto,basic,cycles,548731334,250035641,250035641
1,stride16-clang18-auto-r10-stride16_scan-auto-warm-basic-28672,stride16-clang18-auto,basic,instructions,863107652,250035164,250035164
1,stride16-clang18-auto-r10-stride16_scan-auto-warm-basic-28672,stride16-clang18-auto,basic,ref_cycles,548733768,250031366,250031366
1,stride16-clang18-auto-r10-stride16_scan-auto-warm-basic-262144,stride16-clang18-auto,basic,cycles,548740078,250037831,250037831
1,stride16-clang18-auto-r10-stride16_scan-auto-warm-basic-262144,stride16-clang18-auto,basic,instructions,308716408,250036997,250036997
1,stride16-clang18-auto-r10-stride16_scan-auto-warm-basic-262144,stride16-clang18-auto,basic,ref_cycles,548742568,250033668,250033668
1,stride16-clang18-auto-r10-stride16_scan-auto-warm-branch-131072,stride16-clang18-auto,branch,cycles,548732074,250035137,250035137
1,stride16-clang18-auto-r10-stride16_scan-auto-warm-branch-131072,stride16-clang18-auto,branch,branches,17751488,250033968,250033968
1,stride16-clang18-auto-r10-stride16_scan-auto-warm-branch-131072,stride16-clang18-auto,branch,branch_misses,109047,250030510,250030510
1,stride16-clang18-auto-r10-stride16_scan-auto-cache_evicted-basic-262144,stride16-clang18-auto,basic,cycles,548744270,250043970,250043970
1,stride16-clang18-auto-r10-stride16_scan-auto-cache_evicted-basic-262144,stride16-clang18-auto,basic,instructions,259157568,250041917,250041917
1,stride16-clang18-auto-r10-stride16_scan-auto-cache_evicted-basic-262144,stride16-clang18-auto,basic,ref_cycles,548746550,250037403,250037403
1,stride16-clang18-auto-r10-stride16_scan-auto-warm-branch-524288,stride16-clang18-auto,branch,cycles,548735485,250036195,250036195
1,stride16-clang18-auto-r10-stride16_scan-auto-warm-branch-524288,stride16-clang18-auto,branch,branches,7958425,250034916,250034916
1,stride16-clang18-auto-r10-stride16_scan-auto-warm-branch-524288,stride16-clang18-auto,branch,branch_misses,14611,250031413,250031413
1,stride16-clang18-auto-r10-stride16_scan-auto-warm-basic-7340032,stride16-clang18-auto,basic,cycles,549393215,250340417,250340417
1,stride16-clang18-auto-r10-stride16_scan-auto-warm-basic-7340032,stride16-clang18-auto,basic,instructions,147806656,250339432,250339432
1,stride16-clang18-auto-r10-stride16_scan-auto-warm-basic-7340032,stride16-clang18-auto,basic,ref_cycles,549396474,250336115,250336115
1,stride16-clang18-auto-r10-stride16_scan-auto-warm-basic-229376,stride16-clang18-auto,basic,cycles,548731543,250034049,250034049
1,stride16-clang18-auto-r10-stride16_scan-auto-warm-basic-229376,stride16-clang18-auto,basic,instructions,299111854,250031925,250031925
1,stride16-clang18-auto-r10-stride16_scan-auto-warm-basic-229376,stride16-clang18-auto,basic,ref_cycles,548734098,250028898,250028898
1,stride16-clang18-auto-r10-stride16_scan-auto-warm-branch-536870912,stride16-clang18-auto,branch,cycles,563755819,256886719,256886719
1,stride16-clang18-auto-r10-stride16_scan-auto-warm-branch-536870912,stride16-clang18-auto,branch,branches,3146057,256885894,256885894
1,stride16-clang18-auto-r10-stride16_scan-auto-warm-branch-536870912,stride16-clang18-auto,branch,branch_misses,71,256881799,256881799
1,stride16-clang18-auto-r10-stride16_scan-auto-cache_evicted-branch-262144,stride16-clang18-auto,branch,cycles,548738539,250043063,250043063
1,stride16-clang18-auto-r10-stride16_scan-auto-cache_evicted-branch-262144,stride16-clang18-auto,branch,branches,14263527,250039934,250039934
1,stride16-clang18-auto-r10-stride16_scan-auto-cache_evicted-branch-262144,stride16-clang18-auto,branch,branch_misses,49101,250035922,250035922
1,stride16-clang18-auto-r10-stride16_scan-auto-warm-basic-8192,stride16-clang18-auto,basic,cycles,548730518,250032599,250032599
1,stride16-clang18-auto-r10-stride16_scan-auto-warm-basic-8192,stride16-clang18-auto,basic,instructions,967236490,250030339,250030339
1,stride16-clang18-auto-r10-stride16_scan-auto-warm-basic-8192,stride16-clang18-auto,basic,ref_cycles,548732316,250026839,250026839
1,stride16-clang18-auto-r10-stride16_scan-auto-warm-basic-2097152,stride16-clang18-auto,basic,cycles,548806122,250068213,250068213
1,stride16-clang18-auto-r10-stride16_scan-auto-warm-basic-2097152,stride16-clang18-auto,basic,instructions,197498719,250065788,250065788
1,stride16-clang18-auto-r10-stride16_scan-auto-warm-basic-2097152,stride16-clang18-auto,basic,ref_cycles,548808260,250062185,250062185
1,stride16-clang18-auto-r10-stride16_scan-auto-cache_evicted-basic-6291456,stride16-clang18-auto,basic,cycles,548852866,250093830,250093830
1,stride16-clang18-auto-r10-stride16_scan-auto-cache_evicted-basic-6291456,stride16-clang18-auto,basic,instructions,161087567,250094082,250094082
1,stride16-clang18-auto-r10-stride16_scan-auto-cache_evicted-basic-6291456,stride16-clang18-auto,basic,ref_cycles,548855934,250090801,250090801
1,stride16-clang18-auto-r10-stride16_scan-auto-warm-branch-7340032,stride16-clang18-auto,branch,cycles,549299733,250298520,250298520
1,stride16-clang18-auto-r10-stride16_scan-auto-warm-branch-7340032,stride16-clang18-auto,branch,branches,5438384,250298415,250298415
1,stride16-clang18-auto-r10-stride16_scan-auto-warm-branch-7340032,stride16-clang18-auto,branch,branch_misses,802,250294375,250294375
1,stride16-clang18-auto-r10-stride16_scan-auto-warm-branch-262144,stride16-clang18-auto,branch,cycles,548733142,250035610,250035610
1,stride16-clang18-auto-r10-stride16_scan-auto-warm-branch-262144,stride16-clang18-auto,branch,branches,11879924,250033649,250033649
1,stride16-clang18-auto-r10-stride16_scan-auto-warm-branch-262144,stride16-clang18-auto,branch,branch_misses,40886,250029766,250029766
1,stride16-clang18-auto-r10-stride16_scan-auto-warm-branch-28672,stride16-clang18-auto,branch,cycles,548731673,250033773,250033773
1,stride16-clang18-auto-r10-stride16_scan-auto-warm-branch-28672,stride16-clang18-auto,branch,branches,58842543,250032598,250032598
1,stride16-clang18-auto-r10-stride16_scan-auto-warm-branch-28672,stride16-clang18-auto,branch,branch_misses,355,250029375,250029375
1,stride16-clang18-auto-r10-stride16_scan-auto-warm-basic-524288,stride16-clang18-auto,basic,cycles,548734917,250034854,250034854
1,stride16-clang18-auto-r10-stride16_scan-auto-warm-basic-524288,stride16-clang18-auto,basic,instructions,198689733,250033412,250033412
1,stride16-clang18-auto-r10-stride16_scan-auto-warm-basic-524288,stride16-clang18-auto,basic,ref_cycles,548737046,250030419,250030419
1,stride16-clang18-auto-r10-stride16_scan-auto-warm-basic-134217728,stride16-clang18-auto,basic,cycles,554063355,252468717,252468717
1,stride16-clang18-auto-r10-stride16_scan-auto-warm-basic-134217728,stride16-clang18-auto,basic,instructions,92017932,252468767,252468767
1,stride16-clang18-auto-r10-stride16_scan-auto-warm-basic-134217728,stride16-clang18-auto,basic,ref_cycles,554066634,252465702,252465702
1,stride16-clang18-auto-r10-stride16_scan-auto-warm-basic-24576,stride16-clang18-auto,basic,cycles,548712868,250034425,250034425
1,stride16-clang18-auto-r10-stride16_scan-auto-warm-basic-24576,stride16-clang18-auto,basic,instructions,883498239,250032971,250032971
1,stride16-clang18-auto-r10-stride16_scan-auto-warm-basic-24576,stride16-clang18-auto,basic,ref_cycles,548715222,250029212,250029212
1,stride16-clang18-auto-r10-stride16_scan-auto-warm-branch-65536,stride16-clang18-auto,branch,cycles,548731356,250033734,250033734
1,stride16-clang18-auto-r10-stride16_scan-auto-warm-branch-65536,stride16-clang18-auto,branch,branches,20448921,250031860,250031860
1,stride16-clang18-auto-r10-stride16_scan-auto-warm-branch-65536,stride16-clang18-auto,branch,branch_misses,206653,250027934,250027934
1,stride16-clang18-auto-r10-stride16_scan-auto-warm-branch-8192,stride16-clang18-auto,branch,cycles,548730734,250032753,250032753
1,stride16-clang18-auto-r10-stride16_scan-auto-warm-branch-8192,stride16-clang18-auto,branch,branches,110679704,250030533,250030533
1,stride16-clang18-auto-r10-stride16_scan-auto-warm-branch-8192,stride16-clang18-auto,branch,branch_misses,540,250026822,250026822
1,stride16-clang18-auto-r10-stride16_scan-auto-warm-basic-196608,stride16-clang18-auto,basic,cycles,548737906,250035972,250035972
1,stride16-clang18-auto-r10-stride16_scan-auto-warm-basic-196608,stride16-clang18-auto,basic,instructions,342920711,250033165,250033165
1,stride16-clang18-auto-r10-stride16_scan-auto-warm-basic-196608,stride16-clang18-auto,basic,ref_cycles,548739642,250030053,250030053
1,stride16-clang18-auto-r10-stride16_scan-auto-warm-basic-98304,stride16-clang18-auto,basic,cycles,548732090,250032973,250032973
1,stride16-clang18-auto-r10-stride16_scan-auto-warm-basic-98304,stride16-clang18-auto,basic,instructions,385503379,250030962,250030962
1,stride16-clang18-auto-r10-stride16_scan-auto-warm-basic-98304,stride16-clang18-auto,basic,ref_cycles,548733834,250027572,250027572
1,stride16-clang18-auto-r10-stride16_scan-auto-warm-branch-229376,stride16-clang18-auto,branch,cycles,548732402,250034468,250034468
1,stride16-clang18-auto-r10-stride16_scan-auto-warm-branch-229376,stride16-clang18-auto,branch,branches,12983422,250032757,250032757
1,stride16-clang18-auto-r10-stride16_scan-auto-warm-branch-229376,stride16-clang18-auto,branch,branch_misses,50209,250029376,250029376
1,stride16-clang18-auto-r10-stride16_scan-auto-cache_evicted-branch-6291456,stride16-clang18-auto,branch,cycles,548890186,250113414,250113414
1,stride16-clang18-auto-r10-stride16_scan-auto-cache_evicted-branch-6291456,stride16-clang18-auto,branch,branches,6222372,250112153,250112153
1,stride16-clang18-auto-r10-stride16_scan-auto-cache_evicted-branch-6291456,stride16-clang18-auto,branch,branch_misses,1056,250108302,250108302
1,stride16-clang18-auto-r10-stride16_scan-auto-warm-branch-134217728,stride16-clang18-auto,branch,cycles,554219211,252541425,252541425
1,stride16-clang18-auto-r10-stride16_scan-auto-warm-branch-134217728,stride16-clang18-auto,branch,branches,3408901,252540695,252540695
1,stride16-clang18-auto-r10-stride16_scan-auto-warm-branch-134217728,stride16-clang18-auto,branch,branch_misses,69,252536545,252536545
1,stride16-clang18-auto-r10-stride16_scan-auto-warm-branch-6291456,stride16-clang18-auto,branch,cycles,548748630,250046468,250046468
1,stride16-clang18-auto-r10-stride16_scan-auto-warm-branch-6291456,stride16-clang18-auto,branch,branches,5975214,250047331,250047331
1,stride16-clang18-auto-r10-stride16_scan-auto-warm-branch-6291456,stride16-clang18-auto,branch,branch_misses,1016,250044076,250044076
1,stride16-clang18-auto-r10-stride16_scan-auto-warm-basic-36864,stride16-clang18-auto,basic,cycles,548731080,250031840,250031840
1,stride16-clang18-auto-r10-stride16_scan-auto-warm-basic-36864,stride16-clang18-auto,basic,instructions,412110145,250028896,250028896
1,stride16-clang18-auto-r10-stride16_scan-auto-warm-basic-36864,stride16-clang18-auto,basic,ref_cycles,548731964,250025146,250025146
1,stride16-clang18-auto-r10-stride16_scan-auto-warm-basic-33554432,stride16-clang18-auto,basic,cycles,550237402,250726412,250726412
1,stride16-clang18-auto-r10-stride16_scan-auto-warm-basic-33554432,stride16-clang18-auto,basic,instructions,90262112,250725621,250725621
1,stride16-clang18-auto-r10-stride16_scan-auto-warm-basic-33554432,stride16-clang18-auto,basic,ref_cycles,550240812,250722236,250722236
1,stride16-clang18-auto-r10-stride16_scan-auto-warm-branch-36864,stride16-clang18-auto,branch,cycles,548731063,250033233,250033233
1,stride16-clang18-auto-r10-stride16_scan-auto-warm-branch-36864,stride16-clang18-auto,branch,branches,26045284,250031279,250031279
1,stride16-clang18-auto-r10-stride16_scan-auto-warm-branch-36864,stride16-clang18-auto,branch,branch_misses,366970,250027908,250027908
1,stride16-clang18-auto-r10-stride16_scan-auto-warm-basic-32768,stride16-clang18-auto,basic,cycles,548731499,250032829,250032829
1,stride16-clang18-auto-r10-stride16_scan-auto-warm-basic-32768,stride16-clang18-auto,basic,instructions,847265333,250031148,250031148
1,stride16-clang18-auto-r10-stride16_scan-auto-warm-basic-32768,stride16-clang18-auto,basic,ref_cycles,548733614,250028056,250028056
1,stride16-clang18-auto-r10-stride16_scan-auto-cache_evicted-basic-536870912,stride16-clang18-auto,basic,cycles,603570806,275024017,275024017
1,stride16-clang18-auto-r10-stride16_scan-auto-cache_evicted-basic-536870912,stride16-clang18-auto,basic,instructions,99092277,275023693,275023693
1,stride16-clang18-auto-r10-stride16_scan-auto-cache_evicted-basic-536870912,stride16-clang18-auto,basic,ref_cycles,603574730,275020454,275020454
1,stride16-clang18-auto-r10-stride16_scan-auto-cache_evicted-branch-536870912,stride16-clang18-auto,branch,cycles,601378925,274027110,274027110
1,stride16-clang18-auto-r10-stride16_scan-auto-cache_evicted-branch-536870912,stride16-clang18-auto,branch,branches,3670380,274026455,274026455
1,stride16-clang18-auto-r10-stride16_scan-auto-cache_evicted-branch-536870912,stride16-clang18-auto,branch,branch_misses,70,274022383,274022383
1,stride16-clang18-auto-r10-stride16_scan-auto-cache_evicted-branch-33554432,stride16-clang18-auto,branch,cycles,553718374,252313543,252313543
1,stride16-clang18-auto-r10-stride16_scan-auto-cache_evicted-branch-33554432,stride16-clang18-auto,branch,branches,3313525,252311960,252311960
1,stride16-clang18-auto-r10-stride16_scan-auto-cache_evicted-branch-33554432,stride16-clang18-auto,branch,branch_misses,139,252307985,252307985
1,stride16-clang18-auto-r10-stride16_scan-auto-warm-basic-393216,stride16-clang18-auto,basic,cycles,548735645,250035054,250035054
1,stride16-clang18-auto-r10-stride16_scan-auto-warm-basic-393216,stride16-clang18-auto,basic,instructions,206855995,250033619,250033619
1,stride16-clang18-auto-r10-stride16_scan-auto-warm-basic-393216,stride16-clang18-auto,basic,ref_cycles,548738322,250030484,250030484
1,stride16-clang18-auto-r10-stride16_scan-auto-warm-basic-1048576,stride16-clang18-auto,basic,cycles,548798965,250064202,250064202
1,stride16-clang18-auto-r10-stride16_scan-auto-warm-basic-1048576,stride16-clang18-auto,basic,instructions,197976216,250062546,250062546
1,stride16-clang18-auto-r10-stride16_scan-auto-warm-basic-1048576,stride16-clang18-auto,basic,ref_cycles,548800978,250059227,250059227
1,stride16-clang18-auto-r10-stride16_scan-auto-cache_evicted-basic-1048576,stride16-clang18-auto,basic,cycles,548755274,250043881,250043881
1,stride16-clang18-auto-r10-stride16_scan-auto-cache_evicted-basic-1048576,stride16-clang18-auto,basic,instructions,197976091,250041550,250041550
1,stride16-clang18-auto-r10-stride16_scan-auto-cache_evicted-basic-1048576,stride16-clang18-auto,basic,ref_cycles,548756582,250037889,250037889
1,stride16-clang18-auto-r10-stride16_scan-auto-cache_evicted-branch-8388608,stride16-clang18-auto,branch,cycles,549270849,250286935,250286935
1,stride16-clang18-auto-r10-stride16_scan-auto-cache_evicted-branch-8388608,stride16-clang18-auto,branch,branches,4822899,250286029,250286029
1,stride16-clang18-auto-r10-stride16_scan-auto-cache_evicted-branch-8388608,stride16-clang18-auto,branch,branch_misses,638,250282377,250282377
1,stride16-clang18-auto-r10-stride16_scan-auto-warm-basic-6291456,stride16-clang18-auto,basic,cycles,548802066,250070050,250070050
1,stride16-clang18-auto-r10-stride16_scan-auto-warm-basic-6291456,stride16-clang18-auto,basic,instructions,157766140,250070384,250070384
1,stride16-clang18-auto-r10-stride16_scan-auto-warm-basic-6291456,stride16-clang18-auto,basic,ref_cycles,548805972,250067258,250067258
1,stride16-clang18-auto-r10-stride16_scan-auto-warm-branch-393216,stride16-clang18-auto,branch,cycles,548748466,250041876,250041876
1,stride16-clang18-auto-r10-stride16_scan-auto-warm-branch-393216,stride16-clang18-auto,branch,branches,8458053,250040290,250040290
1,stride16-clang18-auto-r10-stride16_scan-auto-warm-branch-393216,stride16-clang18-auto,branch,branch_misses,20231,250036663,250036663
1,stride16-clang18-auto-r10-stride16_scan-auto-warm-branch-4194304,stride16-clang18-auto,branch,cycles,548886419,250108263,250108263
1,stride16-clang18-auto-r10-stride16_scan-auto-warm-branch-4194304,stride16-clang18-auto,branch,branches,7088915,250107707,250107707
1,stride16-clang18-auto-r10-stride16_scan-auto-warm-branch-4194304,stride16-clang18-auto,branch,branch_misses,1764,250104054,250104054
1,stride16-clang18-auto-r10-stride16_scan-auto-warm-basic-294912,stride16-clang18-auto,basic,cycles,548733313,250033993,250033993
1,stride16-clang18-auto-r10-stride16_scan-auto-warm-basic-294912,stride16-clang18-auto,basic,instructions,249627665,250032514,250032514
1,stride16-clang18-auto-r10-stride16_scan-auto-warm-basic-294912,stride16-clang18-auto,basic,ref_cycles,548735462,250029265,250029265
1,stride16-clang18-auto-r10-stride16_scan-auto-warm-branch-49152,stride16-clang18-auto,branch,cycles,548732944,250034892,250034892
1,stride16-clang18-auto-r10-stride16_scan-auto-warm-branch-49152,stride16-clang18-auto,branch,branches,22572081,250033385,250033385
1,stride16-clang18-auto-r10-stride16_scan-auto-warm-branch-49152,stride16-clang18-auto,branch,branch_misses,272079,250030059,250030059
1,stride16-clang18-auto-r10-stride16_scan-auto-cache_evicted-branch-1048576,stride16-clang18-auto,branch,cycles,548740414,250039083,250039083
1,stride16-clang18-auto-r10-stride16_scan-auto-cache_evicted-branch-1048576,stride16-clang18-auto,branch,branches,7532786,250035984,250035984
1,stride16-clang18-auto-r10-stride16_scan-auto-cache_evicted-branch-1048576,stride16-clang18-auto,branch,branch_misses,7159,250032193,250032193
1,stride16-clang18-auto-r10-stride16_scan-auto-warm-basic-16384,stride16-clang18-auto,basic,cycles,548730709,250031562,250031562
1,stride16-clang18-auto-r10-stride16_scan-auto-warm-basic-16384,stride16-clang18-auto,basic,instructions,908912651,250028855,250028855
1,stride16-clang18-auto-r10-stride16_scan-auto-warm-basic-16384,stride16-clang18-auto,basic,ref_cycles,548732140,250025070,250025070
1,stride16-clang18-auto-r10-stride16_scan-auto-warm-branch-32768,stride16-clang18-auto,branch,cycles,548730725,250033930,250033930
1,stride16-clang18-auto-r10-stride16_scan-auto-warm-branch-32768,stride16-clang18-auto,branch,branches,54446378,250031817,250031817
1,stride16-clang18-auto-r10-stride16_scan-auto-warm-branch-32768,stride16-clang18-auto,branch,branch_misses,136322,250028003,250028003
1,stride16-clang18-auto-r11-stride16_scan-auto-warm-basic-7340032,stride16-clang18-auto,basic,cycles,549016472,250168202,250168202
1,stride16-clang18-auto-r11-stride16_scan-auto-warm-basic-7340032,stride16-clang18-auto,basic,instructions,141801434,250168082,250168082
1,stride16-clang18-auto-r11-stride16_scan-auto-warm-basic-7340032,stride16-clang18-auto,basic,ref_cycles,549020208,250164223,250164223
1,stride16-clang18-auto-r11-stride16_scan-auto-warm-basic-6291456,stride16-clang18-auto,basic,cycles,548958182,250140750,250140750
1,stride16-clang18-auto-r11-stride16_scan-auto-warm-basic-6291456,stride16-clang18-auto,basic,instructions,133021847,250140994,250140994
1,stride16-clang18-auto-r11-stride16_scan-auto-warm-basic-6291456,stride16-clang18-auto,basic,ref_cycles,548961534,250137513,250137513
1,stride16-clang18-auto-r11-stride16_scan-auto-cache_evicted-basic-32768,stride16-clang18-auto,basic,cycles,548731606,250033384,250033384
1,stride16-clang18-auto-r11-stride16_scan-auto-cache_evicted-basic-32768,stride16-clang18-auto,basic,instructions,835840256,250031731,250031731
1,stride16-clang18-auto-r11-stride16_scan-auto-cache_evicted-basic-32768,stride16-clang18-auto,basic,ref_cycles,548733614,250028613,250028613
1,stride16-clang18-auto-r11-stride16_scan-auto-warm-branch-4194304,stride16-clang18-auto,branch,cycles,549046450,250180235,250180235
1,stride16-clang18-auto-r11-stride16_scan-auto-warm-branch-4194304,stride16-clang18-auto,branch,branches,6941105,250180771,250180771
1,stride16-clang18-auto-r11-stride16_scan-auto-warm-branch-4194304,stride16-clang18-auto,branch,branch_misses,1729,250177098,250177098
1,stride16-clang18-auto-r11-stride16_scan-auto-cache_evicted-basic-262144,stride16-clang18-auto,basic,cycles,548738588,250037112,250037112
1,stride16-clang18-auto-r11-stride16_scan-auto-cache_evicted-basic-262144,stride16-clang18-auto,basic,instructions,267606008,250036566,250036566
1,stride16-clang18-auto-r11-stride16_scan-auto-cache_evicted-basic-262144,stride16-clang18-auto,basic,ref_cycles,548741380,250032988,250032988
1,stride16-clang18-auto-r11-stride16_scan-auto-warm-basic-98304,stride16-clang18-auto,basic,cycles,548731412,250033166,250033166
1,stride16-clang18-auto-r11-stride16_scan-auto-warm-basic-98304,stride16-clang18-auto,basic,instructions,389074967,250031497,250031497
1,stride16-clang18-auto-r11-stride16_scan-auto-warm-basic-98304,stride16-clang18-auto,basic,ref_cycles,548733834,250028170,250028170
1,stride16-clang18-auto-r11-stride16_scan-auto-warm-branch-12582912,stride16-clang18-auto,branch,cycles,549308741,250304320,250304320
1,stride16-clang18-auto-r11-stride16_scan-auto-warm-branch-12582912,stride16-clang18-auto,branch,branches,3881864,250303901,250303901
1,stride16-clang18-auto-r11-stride16_scan-auto-warm-branch-12582912,stride16-clang18-auto,branch,branch_misses,365,250299691,250299691
1,stride16-clang18-auto-r11-stride16_scan-auto-warm-basic-49152,stride16-clang18-auto,basic,cycles,548732610,250034331,250034331
1,stride16-clang18-auto-r11-stride16_scan-auto-warm-basic-49152,stride16-clang18-auto,basic,instructions,400909172,250032095,250032095
1,stride16-clang18-auto-r11-stride16_scan-auto-warm-basic-49152,stride16-clang18-auto,basic,ref_cycles,548734296,250028864,250028864
1,stride16-clang18-auto-r11-stride16_scan-auto-warm-basic-134217728,stride16-clang18-auto,basic,cycles,553760527,252330072,252330072
1,stride16-clang18-auto-r11-stride16_scan-auto-warm-basic-134217728,stride16-clang18-auto,basic,instructions,92017828,252329417,252329417
1,stride16-clang18-auto-r11-stride16_scan-auto-warm-basic-134217728,stride16-clang18-auto,basic,ref_cycles,553764090,252325793,252325793
1,stride16-clang18-auto-r11-stride16_scan-auto-warm-branch-294912,stride16-clang18-auto,branch,cycles,548744832,250040247,250040247
1,stride16-clang18-auto-r11-stride16_scan-auto-warm-branch-294912,stride16-clang18-auto,branch,branches,10278271,250037393,250037393
1,stride16-clang18-auto-r11-stride16_scan-auto-warm-branch-294912,stride16-clang18-auto,branch,branch_misses,31582,250033418,250033418
1,stride16-clang18-auto-r11-stride16_scan-auto-warm-branch-28672,stride16-clang18-auto,branch,cycles,548731287,250032770,250032770
1,stride16-clang18-auto-r11-stride16_scan-auto-warm-branch-28672,stride16-clang18-auto,branch,branches,58788251,250031508,250031508
1,stride16-clang18-auto-r11-stride16_scan-auto-warm-branch-28672,stride16-clang18-auto,branch,branch_misses,298,250028183,250028183
1,stride16-clang18-auto-r11-stride16_scan-auto-warm-basic-262144,stride16-clang18-auto,basic,cycles,548734216,250034435,250034435
1,stride16-clang18-auto-r11-stride16_scan-auto-warm-basic-262144,stride16-clang18-auto,basic,instructions,274784873,250031278,250031278
1,stride16-clang18-auto-r11-stride16_scan-auto-warm-basic-262144,stride16-clang18-auto,basic,ref_cycles,548735924,250027999,250027999
1,stride16-clang18-auto-r11-stride16_scan-auto-cache_evicted-basic-8388608,stride16-clang18-auto,basic,cycles,548988243,250156143,250156143
1,stride16-clang18-auto-r11-stride16_scan-auto-cache_evicted-basic-8388608,stride16-clang18-auto,basic,instructions,123522248,250154720,250154720
1,stride16-clang18-auto-r11-stride16_scan-auto-cache_evicted-basic-8388608,stride16-clang18-auto,basic,ref_cycles,548991410,250151223,250151223
1,stride16-clang18-auto-r11-stride16_scan-auto-warm-basic-229376,stride16-clang18-auto,basic,cycles,548734025,250034857,250034857
1,stride16-clang18-auto-r11-stride16_scan-auto-warm-basic-229376,stride16-clang18-auto,basic,instructions,393642350,250032793,250032793
1,stride16-clang18-auto-r11-stride16_scan-auto-warm-basic-229376,stride16-clang18-auto,basic,ref_cycles,548736298,250029539,250029539
1,stride16-clang18-auto-r11-stride16_scan-auto-warm-branch-32768,stride16-clang18-auto,branch,cycles,548731196,250034023,250034023
1,stride16-clang18-auto-r11-stride16_scan-auto-warm-branch-32768,stride16-clang18-auto,branch,branches,54377434,250032236,250032236
1,stride16-clang18-auto-r11-stride16_scan-auto-warm-branch-32768,stride16-clang18-auto,branch,branch_misses,374347,250028597,250028597
1,stride16-clang18-auto-r11-stride16_scan-auto-warm-branch-6291456,stride16-clang18-auto,branch,cycles,548767520,250056205,250056205
1,stride16-clang18-auto-r11-stride16_scan-auto-warm-branch-6291456,stride16-clang18-auto,branch,branches,6512791,250055915,250055915
1,stride16-clang18-auto-r11-stride16_scan-auto-warm-branch-6291456,stride16-clang18-auto,branch,branch_misses,1104,250051822,250051822
1,stride16-clang18-auto-r11-stride16_scan-auto-warm-basic-294912,stride16-clang18-auto,basic,cycles,548733189,250033784,250033784
1,stride16-clang18-auto-r11-stride16_scan-auto-warm-basic-294912,stride16-clang18-auto,basic,instructions,239896335,250031565,250031565
1,stride16-clang18-auto-r11-stride16_scan-auto-warm-basic-294912,stride16-clang18-auto,basic,ref_cycles,548734824,250028095,250028095
1,stride16-clang18-auto-r11-stride16_scan-auto-warm-branch-196608,stride16-clang18-auto,branch,cycles,548736448,250036256,250036256
1,stride16-clang18-auto-r11-stride16_scan-auto-warm-branch-196608,stride16-clang18-auto,branch,branches,14189485,250034115,250034115
1,stride16-clang18-auto-r11-stride16_scan-auto-warm-branch-196608,stride16-clang18-auto,branch,branch_misses,62576,250030727,250030727
1,stride16-clang18-auto-r11-stride16_scan-auto-cache_evicted-basic-33554432,stride16-clang18-auto,basic,cycles,551224576,251175985,251175985
1,stride16-clang18-auto-r11-stride16_scan-auto-cache_evicted-basic-33554432,stride16-clang18-auto,basic,instructions,92916863,251175408,251175408
1,stride16-clang18-auto-r11-stride16_scan-auto-cache_evicted-basic-33554432,stride16-clang18-auto,basic,ref_cycles,551227688,251171799,251171799
1,stride16-clang18-auto-r11-stride16_scan-auto-warm-basic-65536,stride16-clang18-auto,basic,cycles,548730712,250032255,250032255
1,stride16-clang18-auto-r11-stride16_scan-auto-warm-basic-65536,stride16-clang18-auto,basic,instructions,391701110,250029460,250029460
1,stride16-clang18-auto-r11-stride16_scan-auto-warm-basic-65536,stride16-clang18-auto,basic,ref_cycles,548731964,250025737,250025737
1,stride16-clang18-auto-r11-stride16_scan-auto-warm-branch-1048576,stride16-clang18-auto,branch,cycles,548778541,250056660,250056660
1,stride16-clang18-auto-r11-stride16_scan-auto-warm-branch-1048576,stride16-clang18-auto,branch,branches,7532800,250054519,250054519
1,stride16-clang18-auto-r11-stride16_scan-auto-warm-branch-1048576,stride16-clang18-auto,branch,branch_misses,7185,250050867,250050867
1,stride16-clang18-auto-r11-stride16_scan-auto-warm-branch-49152,stride16-clang18-auto,branch,cycles,548731933,250034054,250034054
1,stride16-clang18-auto-r11-stride16_scan-auto-warm-branch-49152,stride16-clang18-auto,branch,branches,22570726,250032894,250032894
1,stride16-clang18-auto-r11-stride16_scan-auto-warm-branch-49152,stride16-clang18-auto,branch,branch_misses,272045,250029230,250029230
1,stride16-clang18-auto-r11-stride16_scan-auto-cache_evicted-branch-6291456,stride16-clang18-auto,branch,cycles,548734159,250041233,250041233
1,stride16-clang18-auto-r11-stride16_scan-auto-cache_evicted-branch-6291456,stride16-clang18-auto,branch,branches,6525152,250041418,250041418
1,stride16-clang18-auto-r11-stride16_scan-auto-cache_evicted-branch-6291456,stride16-clang18-auto,branch,branch_misses,1118,250037985,250037985
1,stride16-clang18-auto-r11-stride16_scan-auto-warm-basic-32768,stride16-clang18-auto,basic,cycles,548731333,250032935,250032935
1,stride16-clang18-auto-r11-stride16_scan-auto-warm-basic-32768,stride16-clang18-auto,basic,instructions,848874638,250030162,250030162
1,stride16-clang18-auto-r11-stride16_scan-auto-warm-basic-32768,stride16-clang18-auto,basic,ref_cycles,548732668,250026750,250026750
1,stride16-clang18-auto-r11-stride16_scan-auto-warm-branch-524288,stride16-clang18-auto,branch,cycles,548735661,250035421,250035421
1,stride16-clang18-auto-r11-stride16_scan-auto-warm-branch-524288,stride16-clang18-auto,branch,branches,7761511,250032474,250032474
1,stride16-clang18-auto-r11-stride16_scan-auto-warm-branch-524288,stride16-clang18-auto,branch,branch_misses,14250,250028623,250028623
1,stride16-clang18-auto-r11-stride16_scan-auto-cache_evicted-branch-1048576,stride16-clang18-auto,branch,cycles,548749836,250043316,250043316
1,stride16-clang18-auto-r11-stride16_scan-auto-cache_evicted-branch-1048576,stride16-clang18-auto,branch,branches,7532795,250040680,250040680
1,stride16-clang18-auto-r11-stride16_scan-auto-cache_evicted-branch-1048576,stride16-clang18-auto,branch,branch_misses,7166,250036740,250036740
1,stride16-clang18-auto-r11-stride16_scan-auto-warm-basic-8192,stride16-clang18-auto,basic,cycles,548730961,250032124,250032124
1,stride16-clang18-auto-r11-stride16_scan-auto-warm-basic-8192,stride16-clang18-auto,basic,instructions,967244596,250029841,250029841
1,stride16-clang18-auto-r11-stride16_scan-auto-warm-basic-8192,stride16-clang18-auto,basic,ref_cycles,548732558,250026416,250026416
1,stride16-clang18-auto-r11-stride16_scan-auto-warm-branch-131072,stride16-clang18-auto,branch,cycles,548735284,250036002,250036002
1,stride16-clang18-auto-r11-stride16_scan-auto-warm-branch-131072,stride16-clang18-auto,branch,branches,18123885,250034330,250034330
1,stride16-clang18-auto-r11-stride16_scan-auto-warm-branch-131072,stride16-clang18-auto,branch,branch_misses,109273,250030914,250030914
1,stride16-clang18-auto-r11-stride16_scan-auto-warm-branch-24576,stride16-clang18-auto,branch,cycles,548730921,250032920,250032920
1,stride16-clang18-auto-r11-stride16_scan-auto-warm-branch-24576,stride16-clang18-auto,branch,branches,62942782,250030631,250030631
1,stride16-clang18-auto-r11-stride16_scan-auto-warm-branch-24576,stride16-clang18-auto,branch,branch_misses,351,250027093,250027093
1,stride16-clang18-auto-r11-stride16_scan-auto-warm-basic-131072,stride16-clang18-auto,basic,cycles,548734566,250034452,250034452
1,stride16-clang18-auto-r11-stride16_scan-auto-warm-basic-131072,stride16-clang18-auto,basic,instructions,393695120,250033713,250033713
1,stride16-clang18-auto-r11-stride16_scan-auto-warm-basic-131072,stride16-clang18-auto,basic,ref_cycles,548736782,250030297,250030297
1,stride16-clang18-auto-r11-stride16_scan-auto-warm-branch-229376,stride16-clang18-auto,branch,cycles,548742380,250039096,250039096
1,stride16-clang18-auto-r11-stride16_scan-auto-warm-branch-229376,stride16-clang18-auto,branch,branches,10796543,250037227,250037227
1,stride16-clang18-auto-r11-stride16_scan-auto-warm-branch-229376,stride16-clang18-auto,branch,branch_misses,41768,250033750,250033750
1,stride16-clang18-auto-r11-stride16_scan-auto-warm-basic-33554432,stride16-clang18-auto,basic,cycles,552488339,251752287,251752287
1,stride16-clang18-auto-r11-stride16_scan-auto-warm-basic-33554432,stride16-clang18-auto,basic,instructions,92916863,251751159,251751159
1,stride16-clang18-auto-r11-stride16_scan-auto-warm-basic-33554432,stride16-clang18-auto,basic,ref_cycles,552491764,251747879,251747879
1,stride16-clang18-auto-r11-stride16_scan-auto-cache_evicted-basic-536870912,stride16-clang18-auto,basic,cycles,601832410,274230889,274230889
1,stride16-clang18-auto-r11-stride16_scan-auto-cache_evicted-basic-536870912,stride16-clang18-auto,basic,instructions,99092277,274230278,274230278
1,stride16-clang18-auto-r11-stride16_scan-auto-cache_evicted-basic-536870912,stride16-clang18-auto,basic,ref_cycles,601835586,274227257,274227257
1,stride16-clang18-auto-r11-stride16_scan-auto-warm-branch-8192,stride16-clang18-auto,branch,cycles,548730682,250033651,250033651
1,stride16-clang18-auto-r11-stride16_scan-auto-warm-branch-8192,stride16-clang18-auto,branch,branches,104379470,250030471,250030471
1,stride16-clang18-auto-r11-stride16_scan-auto-warm-branch-8192,stride16-clang18-auto,branch,branch_misses,538,250026597,250026597
1,stride16-clang18-auto-r11-stride16_scan-auto-warm-basic-1048576,stride16-clang18-auto,basic,cycles,548734423,250035275,250035275
1,stride16-clang18-auto-r11-stride16_scan-auto-warm-basic-1048576,stride16-clang18-auto,basic,instructions,197920467,250034189,250034189
1,stride16-clang18-auto-r11-stride16_scan-auto-warm-basic-1048576,stride16-clang18-auto,basic,ref_cycles,548736452,250031390,250031390
1,stride16-clang18-auto-r11-stride16_scan-auto-warm-branch-5242880,stride16-clang18-auto,branch,cycles,548798063,250069367,250069367
1,stride16-clang18-auto-r11-stride16_scan-auto-warm-branch-5242880,stride16-clang18-auto,branch,branches,6376861,250068045,250068045
1,stride16-clang18-auto-r11-stride16_scan-auto-warm-branch-5242880,stride16-clang18-auto,branch,branch_misses,1291,250063852,250063852
1,stride16-clang18-auto-r11-stride16_scan-auto-warm-branch-8388608,stride16-clang18-auto,branch,cycles,549501979,250390265,250390265
1,stride16-clang18-auto-r11-stride16_scan-auto-warm-branch-8388608,stride16-clang18-auto,branch,branches,5026816,250391007,250391007
1,stride16-clang18-auto-r11-stride16_scan-auto-warm-branch-8388608,stride16-clang18-auto,branch,branch_misses,652,250386950,250386950
1,stride16-clang18-auto-r11-stride16_scan-auto-cache_evicted-branch-536870912,stride16-clang18-auto,branch,cycles,601123482,273911166,273911166
1,stride16-clang18-auto-r11-stride16_scan-auto-cache_evicted-branch-536870912,stride16-clang18-auto,branch,branches,3670380,273909614,273909614
1,stride16-clang18-auto-r11-stride16_scan-auto-cache_evicted-branch-536870912,stride16-clang18-auto,branch,branch_misses,64,273905280,273905280
1,stride16-clang18-auto-r11-stride16_scan-auto-cache_evicted-branch-32768,stride16-clang18-auto,branch,cycles,548731253,250034708,250034708
1,stride16-clang18-auto-r11-stride16_scan-auto-cache_evicted-branch-32768,stride16-clang18-auto,branch,branches,54528270,250032606,250032606
1,stride16-clang18-auto-r11-stride16_scan-auto-cache_evicted-branch-32768,stride16-clang18-auto,branch,branch_misses,252719,250028560,250028560
1,stride16-clang18-auto-r11-stride16_scan-auto-warm-basic-2097152,stride16-clang18-auto,basic,cycles,548782725,250056500,250056500
1,stride16-clang18-auto-r11-stride16_scan-auto-warm-basic-2097152,stride16-clang18-auto,basic,instructions,197609806,250053457,250053457
1,stride16-clang18-auto-r11-stride16_scan-auto-warm-basic-2097152,stride16-clang18-auto,basic,ref_cycles,548783752,250049788,250049788
1,stride16-clang18-auto-r11-stride16_scan-auto-warm-branch-36864,stride16-clang18-auto,branch,cycles,548732170,250035129,250035129
1,stride16-clang18-auto-r11-stride16_scan-auto-warm-branch-36864,stride16-clang18-auto,branch,branches,25703131,250033440,250033440
1,stride16-clang18-auto-r11-stride16_scan-auto-warm-branch-36864,stride16-clang18-auto,branch,branch_misses,362027,250029771,250029771
1,stride16-clang18-auto-r11-stride16_scan-auto-warm-branch-2097152,stride16-clang18-auto,branch,cycles,548830809,250079923,250079923
1,stride16-clang18-auto-r11-stride16_scan-auto-warm-branch-2097152,stride16-clang18-auto,branch,branches,7419765,250078165,250078165
1,stride16-clang18-auto-r11-stride16_scan-auto-warm-branch-2097152,stride16-clang18-auto,branch,branch_misses,3614,250074808,250074808
1,stride16-clang18-auto-r11-stride16_scan-auto-warm-basic-24576,stride16-clang18-auto,basic,cycles,548730887,250031952,250031952
1,stride16-clang18-auto-r11-stride16_scan-auto-warm-basic-24576,stride16-clang18-auto,basic,instructions,885971723,250029872,250029872
1,stride16-clang18-auto-r11-stride16_scan-auto-warm-basic-24576,stride16-clang18-auto,basic,ref_cycles,548732778,250026352,250026352
1,stride16-clang18-auto-r11-stride16_scan-auto-warm-basic-4194304,stride16-clang18-auto,basic,cycles,548929004,250125367,250125367
1,stride16-clang18-auto-r11-stride16_scan-auto-warm-basic-4194304,stride16-clang18-auto,basic,instructions,192191793,250124762,250124762
1,stride16-clang18-auto-r11-stride16_scan-auto-warm-basic-4194304,stride16-clang18-auto,basic,ref_cycles,548931746,250121574,250121574
1,stride16-clang18-auto-r11-stride16_scan-auto-warm-basic-393216,stride16-clang18-auto,basic,cycles,548740291,250037774,250037774
1,stride16-clang18-auto-r11-stride16_scan-auto-warm-basic-393216,stride16-clang18-auto,basic,instructions,199260715,250035352,250035352
1,stride16-clang18-auto-r11-stride16_scan-auto-warm-basic-393216,stride16-clang18-auto,basic,ref_cycles,548741996,250031922,250031922
1,stride16-clang18-auto-r11-stride16_scan-auto-warm-basic-28672,stride16-clang18-auto,basic,cycles,548730627,250031842,250031842
1,stride16-clang18-auto-r11-stride16_scan-auto-warm-basic-28672,stride16-clang18-auto,basic,instructions,877212519,250029653,250029653
1,stride16-clang18-auto-r11-stride16_scan-auto-warm-basic-28672,stride16-clang18-auto,basic,ref_cycles,548732426,250026244,250026244
1,stride16-clang18-auto-r11-stride16_scan-auto-warm-basic-8388608,stride16-clang18-auto,basic,cycles,549146936,250226694,250226694
1,stride16-clang18-auto-r11-stride16_scan-auto-warm-basic-8388608,stride16-clang18-auto,basic,instructions,134147768,250227066,250227066
1,stride16-clang18-auto-r11-stride16_scan-auto-warm-basic-8388608,stride16-clang18-auto,basic,ref_cycles,549149920,250223915,250223915
1,stride16-clang18-auto-r11-stride16_scan-auto-warm-branch-134217728,stride16-clang18-auto,branch,cycles,553566557,252243700,252243700
1,stride16-clang18-auto-r11-stride16_scan-auto-warm-branch-134217728,stride16-clang18-auto,branch,branches,3408901,252243891,252243891
1,stride16-clang18-auto-r11-stride16_scan-auto-warm-branch-134217728,stride16-clang18-auto,branch,branch_misses,80,252240052,252240052
1,stride16-clang18-auto-r11-stride16_scan-auto-warm-basic-16384,stride16-clang18-auto,basic,cycles,548731062,250032789,250032789
1,stride16-clang18-auto-r11-stride16_scan-auto-warm-basic-16384,stride16-clang18-auto,basic,instructions,909085021,250031536,250031536
1,stride16-clang18-auto-r11-stride16_scan-auto-warm-basic-16384,stride16-clang18-auto,basic,ref_cycles,548733042,250028394,250028394
1,stride16-clang18-auto-r11-stride16_scan-auto-cache_evicted-branch-8388608,stride16-clang18-auto,branch,cycles,548904491,250121830,250121830
1,stride16-clang18-auto-r11-stride16_scan-auto-cache_evicted-branch-8388608,stride16-clang18-auto,branch,branches,5018589,250119790,250119790
1,stride16-clang18-auto-r11-stride16_scan-auto-cache_evicted-branch-8388608,stride16-clang18-auto,branch,branch_misses,658,250115149,250115149
1,stride16-clang18-auto-r11-stride16_scan-auto-cache_evicted-branch-33554432,stride16-clang18-auto,branch,cycles,552044569,251551555,251551555
1,stride16-clang18-auto-r11-stride16_scan-auto-cache_evicted-branch-33554432,stride16-clang18-auto,branch,branches,3444750,251550991,251550991
1,stride16-clang18-auto-r11-stride16_scan-auto-cache_evicted-branch-33554432,stride16-clang18-auto,branch,branch_misses,153,251546986,251546986
1,stride16-clang18-auto-r11-stride16_scan-auto-warm-basic-536870912,stride16-clang18-auto,basic,cycles,601002138,273853179,273853179
1,stride16-clang18-auto-r11-stride16_scan-auto-warm-basic-536870912,stride16-clang18-auto,basic,instructions,99092277,273852777,273852777
1,stride16-clang18-auto-r11-stride16_scan-auto-warm-basic-536870912,stride16-clang18-auto,basic,ref_cycles,601005416,273849142,273849142
1,stride16-clang18-auto-r11-stride16_scan-auto-warm-basic-12582912,stride16-clang18-auto,basic,cycles,549706111,250482592,250482592
1,stride16-clang18-auto-r11-stride16_scan-auto-warm-basic-12582912,stride16-clang18-auto,basic,instructions,107222689,250482625,250482625
1,stride16-clang18-auto-r11-stride16_scan-auto-warm-basic-12582912,stride16-clang18-auto,basic,ref_cycles,549709754,250479646,250479646
1,stride16-clang18-auto-r11-stride16_scan-auto-cache_evicted-basic-1048576,stride16-clang18-auto,basic,cycles,548774075,250053489,250053489
1,stride16-clang18-auto-r11-stride16_scan-auto-cache_evicted-basic-1048576,stride16-clang18-auto,basic,instructions,197892665,250052169,250052169
1,stride16-clang18-auto-r11-stride16_scan-auto-cache_evicted-basic-1048576,stride16-clang18-auto,basic,ref_cycles,548775986,250048806,250048806
1,stride16-clang18-auto-r11-stride16_scan-auto-cache_evicted-branch-262144,stride16-clang18-auto,branch,cycles,548733956,250037726,250037726
1,stride16-clang18-auto-r11-stride16_scan-auto-cache_evicted-branch-262144,stride16-clang18-auto,branch,branches,11232111,250035471,250035471
1,stride16-clang18-auto-r11-stride16_scan-auto-cache_evicted-branch-262144,stride16-clang18-auto,branch,branch_misses,38684,250031494,250031494
1,stride16-clang18-auto-r11-stride16_scan-auto-warm-basic-524288,stride16-clang18-auto,basic,cycles,548732683,250033793,250033793
1,stride16-clang18-auto-r11-stride16_scan-auto-warm-basic-524288,stride16-clang18-auto,basic,instructions,198647567,250032106,250032106
1,stride16-clang18-auto-r11-stride16_scan-auto-warm-basic-524288,stride16-clang18-auto,basic,ref_cycles,548734648,250028797,250028797
1,stride16-clang18-auto-r11-stride16_scan-auto-warm-branch-98304,stride16-clang18-auto,branch,cycles,548733166,250034588,250034588
1,stride16-clang18-auto-r11-stride16_scan-auto-warm-branch-98304,stride16-clang18-auto,branch,branches,18853865,250032212,250032212
1,stride16-clang18-auto-r11-stride16_scan-auto-warm-branch-98304,stride16-clang18-auto,branch,branch_misses,140780,250029111,250029111
1,stride16-clang18-auto-r11-stride16_scan-auto-warm-branch-33554432,stride16-clang18-auto,branch,cycles,552378248,251702068,251702068
1,stride16-clang18-auto-r11-stride16_scan-auto-warm-branch-33554432,stride16-clang18-auto,branch,branches,3444434,251701097,251701097
1,stride16-clang18-auto-r11-stride16_scan-auto-warm-branch-33554432,stride16-clang18-auto,branch,branch_misses,151,251697290,251697290
1,stride16-clang18-auto-r11-stride16_scan-auto-warm-branch-7340032,stride16-clang18-auto,branch,cycles,549092762,250205402,250205402
1,stride16-clang18-auto-r11-stride16_scan-auto-warm-branch-7340032,stride16-clang18-auto,branch,branches,5539230,250204916,250204916
1,stride16-clang18-auto-r11-stride16_scan-auto-warm-branch-7340032,stride16-clang18-auto,branch,branch_misses,821,250200834,250200834
1,stride16-clang18-auto-r11-stride16_scan-auto-warm-basic-5242880,stride16-clang18-auto,basic,cycles,549046027,250179286,250179286
1,stride16-clang18-auto-r11-stride16_scan-auto-warm-basic-5242880,stride16-clang18-auto,basic,instructions,190052611,250179170,250179170
1,stride16-clang18-auto-r11-stride16_scan-auto-warm-basic-5242880,stride16-clang18-auto,basic,ref_cycles,549049490,250175502,250175502
1,stride16-clang18-auto-r11-stride16_scan-auto-warm-basic-36864,stride16-clang18-auto,basic,cycles,548732024,250032736,250032736
1,stride16-clang18-auto-r11-stride16_scan-auto-warm-basic-36864,stride16-clang18-auto,basic,instructions,417467859,250030532,250030532
1,stride16-clang18-auto-r11-stride16_scan-auto-warm-basic-36864,stride16-clang18-auto,basic,ref_cycles,548733240,250026970,250026970
1,stride16-clang18-auto-r11-stride16_scan-auto-warm-branch-16384,stride16-clang18-auto,branch,cycles,548731354,250034102,250034102
1,stride16-clang18-auto-r11-stride16_scan-auto-warm-branch-16384,stride16-clang18-auto,branch,branches,75610355,250032020,250032020
1,stride16-clang18-auto-r11-stride16_scan-auto-warm-branch-16384,stride16-clang18-auto,branch,branch_misses,457,250028437,250028437
1,stride16-clang18-auto-r11-stride16_scan-auto-warm-branch-536870912,stride16-clang18-auto,branch,cycles,601717238,274179831,274179831
1,stride16-clang18-auto-r11-stride16_scan-auto-warm-branch-536870912,stride16-clang18-auto,branch,branches,3670380,274180443,274180443
1,stride16-clang18-auto-r11-stride16_scan-auto-warm-branch-536870912,stride16-clang18-auto,branch,branch_misses,56,274177410,274177410
1,stride16-clang18-auto-r11-stride16_scan-auto-warm-basic-196608,stride16-clang18-auto,basic,cycles,548735407,250034480,250034480
1,stride16-clang18-auto-r11-stride16_scan-auto-warm-basic-196608,stride16-clang18-auto,basic,instructions,410710211,250030874,250030874
1,stride16-clang18-auto-r11-stride16_scan-auto-warm-basic-196608,stride16-clang18-auto,basic,ref_cycles,548736342,250027038,250027038
1,stride16-clang18-auto-r11-stride16_scan-auto-warm-branch-65536,stride16-clang18-auto,branch,cycles,548731215,250033265,250033265
1,stride16-clang18-auto-r11-stride16_scan-auto-warm-branch-65536,stride16-clang18-auto,branch,branches,20464495,250031901,250031901
1,stride16-clang18-auto-r11-stride16_scan-auto-warm-branch-65536,stride16-clang18-auto,branch,branch_misses,206816,250028507,250028507
1,stride16-clang18-auto-r11-stride16_scan-auto-warm-branch-393216,stride16-clang18-auto,branch,cycles,548736931,250035901,250035901
1,stride16-clang18-auto-r11-stride16_scan-auto-warm-branch-393216,stride16-clang18-auto,branch,branches,7912114,250032549,250032549
1,stride16-clang18-auto-r11-stride16_scan-auto-warm-branch-393216,stride16-clang18-auto,branch,branch_misses,18939,250028870,250028870
1,stride16-clang18-auto-r11-stride16_scan-auto-warm-branch-262144,stride16-clang18-auto,branch,cycles,548733183,250034738,250034738
1,stride16-clang18-auto-r11-stride16_scan-auto-warm-branch-262144,stride16-clang18-auto,branch,branches,12240496,250033082,250033082
1,stride16-clang18-auto-r11-stride16_scan-auto-warm-branch-262144,stride16-clang18-auto,branch,branch_misses,42130,250029507,250029507
1,stride16-clang18-auto-r11-stride16_scan-auto-cache_evicted-basic-6291456,stride16-clang18-auto,basic,cycles,548904537,250116724,250116724
1,stride16-clang18-auto-r11-stride16_scan-auto-cache_evicted-basic-6291456,stride16-clang18-auto,basic,instructions,156603675,250117562,250117562
1,stride16-clang18-auto-r11-stride16_scan-auto-cache_evicted-basic-6291456,stride16-clang18-auto,basic,ref_cycles,548907832,250114728,250114728
1,stride16-clang18-auto-r12-stride16_scan-auto-warm-branch-2097152,stride16-clang18-auto,branch,cycles,548842017,250087558,250087558
1,stride16-clang18-auto-r12-stride16_scan-auto-warm-branch-2097152,stride16-clang18-auto,branch,branches,7413516,250085181,250085181
1,stride16-clang18-auto-r12-stride16_scan-auto-warm-branch-2097152,stride16-clang18-auto,branch,branch_misses,3604,250080422,250080422
1,stride16-clang18-auto-r12-stride16_scan-auto-cache_evicted-branch-33554432,stride16-clang18-auto,branch,cycles,553067236,252017061,252017061
1,stride16-clang18-auto-r12-stride16_scan-auto-cache_evicted-branch-33554432,stride16-clang18-auto,branch,branches,3378828,252016806,252016806
1,stride16-clang18-auto-r12-stride16_scan-auto-cache_evicted-branch-33554432,stride16-clang18-auto,branch,branch_misses,139,252012744,252012744
1,stride16-clang18-auto-r12-stride16_scan-auto-warm-branch-196608,stride16-clang18-auto,branch,cycles,548731454,250033127,250033127
1,stride16-clang18-auto-r12-stride16_scan-auto-warm-branch-196608,stride16-clang18-auto,branch,branches,17486159,250030741,250030741
1,stride16-clang18-auto-r12-stride16_scan-auto-warm-branch-196608,stride16-clang18-auto,branch,branch_misses,77095,250027248,250027248
1,stride16-clang18-auto-r12-stride16_scan-auto-warm-branch-229376,stride16-clang18-auto,branch,cycles,548734353,250035376,250035376
1,stride16-clang18-auto-r12-stride16_scan-auto-warm-branch-229376,stride16-clang18-auto,branch,branches,11221321,250033702,250033702
1,stride16-clang18-auto-r12-stride16_scan-auto-warm-branch-229376,stride16-clang18-auto,branch,branch_misses,43385,250030164,250030164
1,stride16-clang18-auto-r12-stride16_scan-auto-warm-basic-393216,stride16-clang18-auto,basic,cycles,548740448,250036644,250036644
1,stride16-clang18-auto-r12-stride16_scan-auto-warm-basic-393216,stride16-clang18-auto,basic,instructions,206085884,250033212,250033212
1,stride16-clang18-auto-r12-stride16_scan-auto-warm-basic-393216,stride16-clang18-auto,basic,ref_cycles,548741380,250029745,250029745
1,stride16-clang18-auto-r12-stride16_scan-auto-warm-basic-262144,stride16-clang18-auto,basic,cycles,548739312,250034919,250034919
1,stride16-clang18-auto-r12-stride16_scan-auto-warm-basic-262144,stride16-clang18-auto,basic,instructions,266818029,250032773,250032773
1,stride16-clang18-auto-r12-stride16_scan-auto-warm-basic-262144,stride16-clang18-auto,basic,ref_cycles,548740830,250029250,250029250
1,stride16-clang18-auto-r12-stride16_scan-auto-warm-branch-28672,stride16-clang18-auto,branch,cycles,548730525,250032681,250032681
1,stride16-clang18-auto-r12-stride16_scan-auto-warm-branch-28672,stride16-clang18-auto,branch,branches,58728388,250030074,250030074
1,stride16-clang18-auto-r12-stride16_scan-auto-warm-branch-28672,stride16-clang18-auto,branch,branch_misses,287,250026145,250026145
1,stride16-clang18-auto-r12-stride16_scan-auto-warm-branch-32768,stride16-clang18-auto,branch,cycles,548730732,250033028,250033028
1,stride16-clang18-auto-r12-stride16_scan-auto-warm-branch-32768,stride16-clang18-auto,branch,branches,53780978,250031439,250031439
1,stride16-clang18-auto-r12-stride16_scan-auto-warm-branch-32768,stride16-clang18-auto,branch,branch_misses,315211,250027793,250027793
1,stride16-clang18-auto-r12-stride16_scan-auto-warm-basic-12582912,stride16-clang18-auto,basic,cycles,549722578,250490517,250490517
1,stride16-clang18-auto-r12-stride16_scan-auto-warm-basic-12582912,stride16-clang18-auto,basic,instructions,87637226,250490734,250490734
1,stride16-clang18-auto-r12-stride16_scan-auto-warm-basic-12582912,stride16-clang18-auto,basic,ref_cycles,549726474,250487028,250487028
1,stride16-clang18-auto-r12-stride16_scan-auto-cache_evicted-branch-6291456,stride16-clang18-auto,branch,cycles,548757227,250051776,250051776
1,stride16-clang18-auto-r12-stride16_scan-auto-cache_evicted-branch-6291456,stride16-clang18-auto,branch,branches,5993749,250051340,250051340
1,stride16-clang18-auto-r12-stride16_scan-auto-cache_evicted-branch-6291456,stride16-clang18-auto,branch,branch_misses,1019,250047592,250047592
1,stride16-clang18-auto-r12-stride16_scan-auto-warm-branch-36864,stride16-clang18-auto,branch,cycles,548730493,250033463,250033463
1,stride16-clang18-auto-r12-stride16_scan-auto-warm-branch-36864,stride16-clang18-auto,branch,branches,24946046,250029176,250029176
1,stride16-clang18-auto-r12-stride16_scan-auto-warm-branch-36864,stride16-clang18-auto,branch,branch_misses,351444,250025352,250025352
1,stride16-clang18-auto-r12-stride16_scan-auto-warm-branch-7340032,stride16-clang18-auto,branch,cycles,549115407,250214741,250214741
1,stride16-clang18-auto-r12-stride16_scan-auto-warm-branch-7340032,stride16-clang18-auto,branch,branches,5301527,250215099,250215099
1,stride16-clang18-auto-r12-stride16_scan-auto-warm-branch-7340032,stride16-clang18-auto,branch,branch_misses,785,250211029,250211029
1,stride16-clang18-auto-r12-stride16_scan-auto-warm-basic-49152,stride16-clang18-auto,basic,cycles,548731290,250032790,250032790
1,stride16-clang18-auto-r12-stride16_scan-auto-warm-basic-49152,stride16-clang18-auto,basic,instructions,397243250,250031720,250031720
1,stride16-clang18-auto-r12-stride16_scan-auto-warm-basic-49152,stride16-clang18-auto,basic,ref_cycles,548733944,250028585,250028585
1,stride16-clang18-auto-r12-stride16_scan-auto-warm-basic-229376,stride16-clang18-auto,basic,cycles,548738427,250035640,250035640
1,stride16-clang18-auto-r12-stride16_scan-auto-warm-basic-229376,stride16-clang18-auto,basic,instructions,310267227,250033148,250033148
1,stride16-clang18-auto-r12-stride16_scan-auto-warm-basic-229376,stride16-clang18-auto,basic,ref_cycles,548739686,250030017,250030017
1,stride16-clang18-auto-r12-stride16_scan-auto-warm-basic-294912,stride16-clang18-auto,basic,cycles,548733591,250032881,250032881
1,stride16-clang18-auto-r12-stride16_scan-auto-warm-basic-294912,stride16-clang18-auto,basic,instructions,231757123,250030078,250030078
1,stride16-clang18-auto-r12-stride16_scan-auto-warm-basic-294912,stride16-clang18-auto,basic,ref_cycles,548734736,250026424,250026424
1,stride16-clang18-auto-r12-stride16_scan-auto-warm-branch-8388608,stride16-clang18-auto,branch,cycles,549100943,250208914,250208914
1,stride16-clang18-auto-r12-stride16_scan-auto-warm-branch-8388608,stride16-clang18-auto,branch,branches,4854049,250208962,250208962
1,stride16-clang18-auto-r12-stride16_scan-auto-warm-branch-8388608,stride16-clang18-auto,branch,branch_misses,641,250205241,250205241
1,stride16-clang18-auto-r12-stride16_scan-auto-warm-basic-24576,stride16-clang18-auto,basic,cycles,548731211,250032011,250032011
1,stride16-clang18-auto-r12-stride16_scan-auto-warm-basic-24576,stride16-clang18-auto,basic,instructions,883950585,250030762,250030762
1,stride16-clang18-auto-r12-stride16_scan-auto-warm-basic-24576,stride16-clang18-auto,basic,ref_cycles,548733328,250028018,250028018
1,stride16-clang18-auto-r12-stride16_scan-auto-cache_evicted-basic-6291456,stride16-clang18-auto,basic,cycles,548848736,250094058,250094058
1,stride16-clang18-auto-r12-stride16_scan-auto-cache_evicted-basic-6291456,stride16-clang18-auto,basic,instructions,148632333,250091840,250091840
1,stride16-clang18-auto-r12-stride16_scan-auto-cache_evicted-basic-6291456,stride16-clang18-auto,basic,ref_cycles,548852348,250088589,250088589
1,stride16-clang18-auto-r12-stride16_scan-auto-warm-basic-5242880,stride16-clang18-auto,basic,cycles,548769212,250054209,250054209
1,stride16-clang18-auto-r12-stride16_scan-auto-warm-basic-5242880,stride16-clang18-auto,basic,instructions,155032134,250054000,250054000
1,stride16-clang18-auto-r12-stride16_scan-auto-warm-basic-5242880,stride16-clang18-auto,basic,ref_cycles,548772312,250050669,250050669
1,stride16-clang18-auto-r12-stride16_scan-auto-warm-basic-524288,stride16-clang18-auto,basic,cycles,548766852,250048549,250048549
1,stride16-clang18-auto-r12-stride16_scan-auto-warm-basic-524288,stride16-clang18-auto,basic,instructions,198745547,250045022,250045022
1,stride16-clang18-auto-r12-stride16_scan-auto-warm-basic-524288,stride16-clang18-auto,basic,ref_cycles,548768088,250041333,250041333
1,stride16-clang18-auto-r12-stride16_scan-auto-warm-basic-131072,stride16-clang18-auto,basic,cycles,548734138,250032704,250032704
1,stride16-clang18-auto-r12-stride16_scan-auto-warm-basic-131072,stride16-clang18-auto,basic,instructions,388850654,250030428,250030428
1,stride16-clang18-auto-r12-stride16_scan-auto-warm-basic-131072,stride16-clang18-auto,basic,ref_cycles,548735286,250026949,250026949
1,stride16-clang18-auto-r12-stride16_scan-auto-warm-branch-98304,stride16-clang18-auto,branch,cycles,548733754,250034906,250034906
1,stride16-clang18-auto-r12-stride16_scan-auto-warm-branch-98304,stride16-clang18-auto,branch,branches,18710501,250033192,250033192
1,stride16-clang18-auto-r12-stride16_scan-auto-warm-branch-98304,stride16-clang18-auto,branch,branch_misses,139710,250029219,250029219
1,stride16-clang18-auto-r12-stride16_scan-auto-warm-branch-294912,stride16-clang18-auto,branch,cycles,548741656,250038204,250038204
1,stride16-clang18-auto-r12-stride16_scan-auto-warm-branch-294912,stride16-clang18-auto,branch,branches,9397024,250035372,250035372
1,stride16-clang18-auto-r12-stride16_scan-auto-warm-branch-294912,stride16-clang18-auto,branch,branch_misses,29160,250031737,250031737
1,stride16-clang18-auto-r12-stride16_scan-auto-warm-branch-12582912,stride16-clang18-auto,branch,cycles,548898613,250116780,250116780
1,stride16-clang18-auto-r12-stride16_scan-auto-warm-branch-12582912,stride16-clang18-auto,branch,branches,3364298,250115849,250115849
1,stride16-clang18-auto-r12-stride16_scan-auto-warm-branch-12582912,stride16-clang18-auto,branch,branch_misses,321,250111671,250111671
1,stride16-clang18-auto-r12-stride16_scan-auto-warm-branch-49152,stride16-clang18-auto,branch,cycles,548732254,250034100,250034100
1,stride16-clang18-auto-r12-stride16_scan-auto-warm-branch-49152,stride16-clang18-auto,branch,branches,23224046,250032370,250032370
1,stride16-clang18-auto-r12-stride16_scan-auto-warm-branch-49152,stride16-clang18-auto,branch,branch_misses,270173,250028768,250028768
1,stride16-clang18-auto-r12-stride16_scan-auto-warm-branch-393216,stride16-clang18-auto,branch,cycles,548734407,250035290,250035290
1,stride16-clang18-auto-r12-stride16_scan-auto-warm-branch-393216,stride16-clang18-auto,branch,branches,8287045,250033529,250033529
1,stride16-clang18-auto-r12-stride16_scan-auto-warm-branch-393216,stride16-clang18-auto,branch,branch_misses,19694,250030190,250030190
1,stride16-clang18-auto-r12-stride16_scan-auto-warm-basic-196608,stride16-clang18-auto,basic,cycles,548735704,250035177,250035177
1,stride16-clang18-auto-r12-stride16_scan-auto-warm-basic-196608,stride16-clang18-auto,basic,instructions,345141897,250033578,250033578
1,stride16-clang18-auto-r12-stride16_scan-auto-warm-basic-196608,stride16-clang18-auto,basic,ref_cycles,548737772,250030206,250030206
1,stride16-clang18-auto-r12-stride16_scan-auto-cache_evicted-branch-8388608,stride16-clang18-auto,branch,cycles,549195525,250251323,250251323
1,stride16-clang18-auto-r12-stride16_scan-auto-cache_evicted-branch-8388608,stride16-clang18-auto,branch,branches,3825674,250250734,250250734
1,stride16-clang18-auto-r12-stride16_scan-auto-cache_evicted-branch-8388608,stride16-clang18-auto,branch,branch_misses,512,250246744,250246744
1,stride16-clang18-auto-r12-stride16_scan-auto-warm-basic-98304,stride16-clang18-auto,basic,cycles,548731586,250033334,250033334
1,stride16-clang18-auto-r12-stride16_scan-auto-warm-basic-98304,stride16-clang18-auto,basic,instructions,391013226,250031402,250031402
1,stride16-clang18-auto-r12-stride16_scan-auto-warm-basic-98304,stride16-clang18-auto,basic,ref_cycles,548733680,250028194,250028194
1,stride16-clang18-auto-r12-stride16_scan-auto-cache_evicted-branch-262144,stride16-clang18-auto,branch,cycles,548745497,250040478,250040478
1,stride16-clang18-auto-r12-stride16_scan-auto-cache_evicted-branch-262144,stride16-clang18-auto,branch,branches,10401540,250037478,250037478
1,stride16-clang18-auto-r12-stride16_scan-auto-cache_evicted-branch-262144,stride16-clang18-auto,branch,branch_misses,35804,250033409,250033409
1,stride16-clang18-auto-r12-stride16_scan-auto-warm-basic-28672,stride16-clang18-auto,basic,cycles,548730422,250031557,250031557
1,stride16-clang18-auto-r12-stride16_scan-auto-warm-basic-28672,stride16-clang18-auto,basic,instructions,874539333,250029625,250029625
1,stride16-clang18-auto-r12-stride16_scan-auto-warm-basic-28672,stride16-clang18-auto,basic,ref_cycles,548732140,250026160,250026160
1,stride16-clang18-auto-r12-stride16_scan-auto-cache_evicted-basic-536870912,stride16-clang18-auto,basic,cycles,612318193,279010145,279010145
1,stride16-clang18-auto-r12-stride16_scan-auto-cache_evicted-basic-536870912,stride16-clang18-auto,basic,instructions,99092277,279009304,279009304
1,stride16-clang18-auto-r12-stride16_scan-auto-cache_evicted-basic-536870912,stride16-clang18-auto,basic,ref_cycles,612321644,279006048,279006048
1,stride16-clang18-auto-r12-stride16_scan-auto-cache_evicted-branch-536870912,stride16-clang18-auto,branch,cycles,601517304,274090104,274090104
1,stride16-clang18-auto-r12-stride16_scan-auto-cache_evicted-branch-536870912,stride16-clang18-auto,branch,branches,3670380,274089965,274089965
1,stride16-clang18-auto-r12-stride16_scan-auto-cache_evicted-branch-536870912,stride16-clang18-auto,branch,branch_misses,62,274086008,274086008
1,stride16-clang18-auto-r12-stride16_scan-auto-warm-basic-6291456,stride16-clang18-auto,basic,cycles,549278342,250287332,250287332
1,stride16-clang18-auto-r12-stride16_scan-auto-warm-basic-6291456,stride16-clang18-auto,basic,instructions,162748232,250287365,250287365
1,stride16-clang18-auto-r12-stride16_scan-auto-warm-basic-6291456,stride16-clang18-auto,basic,ref_cycles,549282822,250283831,250283831
1,stride16-clang18-auto-r12-stride16_scan-auto-cache_evicted-basic-262144,stride16-clang18-auto,basic,cycles,548742617,250039328,250039328
1,stride16-clang18-auto-r12-stride16_scan-auto-cache_evicted-basic-262144,stride16-clang18-auto,basic,instructions,256426817,250036971,250036971
1,stride16-clang18-auto-r12-stride16_scan-auto-cache_evicted-basic-262144,stride16-clang18-auto,basic,ref_cycles,548744526,250033500,250033500
1,stride16-clang18-auto-r12-stride16_scan-auto-warm-branch-65536,stride16-clang18-auto,branch,cycles,548731494,250032912,250032912
1,stride16-clang18-auto-r12-stride16_scan-auto-warm-branch-65536,stride16-clang18-auto,branch,branches,20469243,250029662,250029662
1,stride16-clang18-auto-r12-stride16_scan-auto-warm-branch-65536,stride16-clang18-auto,branch,branch_misses,206856,250026098,250026098
1,stride16-clang18-auto-r12-stride16_scan-auto-cache_evicted-basic-33554432,stride16-clang18-auto,basic,cycles,551353800,251235284,251235284
1,stride16-clang18-auto-r12-stride16_scan-auto-cache_evicted-basic-33554432,stride16-clang18-auto,basic,instructions,88492278,251233680,251233680
1,stride16-clang18-auto-r12-stride16_scan-auto-cache_evicted-basic-33554432,stride16-clang18-auto,basic,ref_cycles,551357686,251230399,251230399
1,stride16-clang18-auto-r12-stride16_scan-auto-warm-branch-16384,stride16-clang18-auto,branch,cycles,548731420,250033741,250033741
1,stride16-clang18-auto-r12-stride16_scan-auto-warm-branch-16384,stride16-clang18-auto,branch,branches,75612749,250031850,250031850
1,stride16-clang18-auto-r12-stride16_scan-auto-warm-branch-16384,stride16-clang18-auto,branch,branch_misses,436,250028117,250028117
1,stride16-clang18-auto-r12-stride16_scan-auto-warm-branch-536870912,stride16-clang18-auto,branch,cycles,601272066,273977299,273977299
1,stride16-clang18-auto-r12-stride16_scan-auto-warm-branch-536870912,stride16-clang18-auto,branch,branches,3670380,273976725,273976725
1,stride16-clang18-auto-r12-stride16_scan-auto-warm-branch-536870912,stride16-clang18-auto,branch,branch_misses,65,273972900,273972900
1,stride16-clang18-auto-r12-stride16_scan-auto-warm-basic-32768,stride16-clang18-auto,basic,cycles,548730904,250031668,250031668
1,stride16-clang18-auto-r12-stride16_scan-auto-warm-basic-32768,stride16-clang18-auto,basic,instructions,850631526,250028180,250028180
1,stride16-clang18-auto-r12-stride16_scan-auto-warm-basic-32768,stride16-clang18-auto,basic,ref_cycles,548731656,250024540,250024540
1,stride16-clang18-auto-r12-stride16_scan-auto-warm-branch-6291456,stride16-clang18-auto,branch,cycles,549091520,250203520,250203520
1,stride16-clang18-auto-r12-stride16_scan-auto-warm-branch-6291456,stride16-clang18-auto,branch,branches,6129687,250203355,250203355
1,stride16-clang18-auto-r12-stride16_scan-auto-warm-branch-6291456,stride16-clang18-auto,branch,branch_misses,1040,250199460,250199460
1,stride16-clang18-auto-r12-stride16_scan-auto-cache_evicted-basic-8388608,stride16-clang18-auto,basic,cycles,548935785,250133752,250133752
1,stride16-clang18-auto-r12-stride16_scan-auto-cache_evicted-basic-8388608,stride16-clang18-auto,basic,instructions,131491388,250132933,250132933
1,stride16-clang18-auto-r12-stride16_scan-auto-cache_evicted-basic-8388608,stride16-clang18-auto,basic,ref_cycles,548939226,250129369,250129369
1,stride16-clang18-auto-r12-stride16_scan-auto-warm-basic-7340032,stride16-clang18-auto,basic,cycles,549027152,250174353,250174353
1,stride16-clang18-auto-r12-stride16_scan-auto-warm-basic-7340032,stride16-clang18-auto,basic,instructions,134440176,250173488,250173488
1,stride16-clang18-auto-r12-stride16_scan-auto-warm-basic-7340032,stride16-clang18-auto,basic,ref_cycles,549031098,250170085,250170085
1,stride16-clang18-auto-r12-stride16_scan-auto-warm-branch-134217728,stride16-clang18-auto,branch,cycles,551761214,251423412,251423412
1,stride16-clang18-auto-r12-stride16_scan-auto-warm-branch-134217728,stride16-clang18-auto,branch,branches,3408901,251421956,251421956
1,stride16-clang18-auto-r12-stride16_scan-auto-warm-branch-134217728,stride16-clang18-auto,branch,branch_misses,73,251417623,251417623
1,stride16-clang18-auto-r12-stride16_scan-auto-warm-branch-131072,stride16-clang18-auto,branch,cycles,548734098,250035044,250035044
1,stride16-clang18-auto-r12-stride16_scan-auto-warm-branch-131072,stride16-clang18-auto,branch,branches,17864155,250032651,250032651
1,stride16-clang18-auto-r12-stride16_scan-auto-warm-branch-131072,stride16-clang18-auto,branch,branch_misses,109678,250029246,250029246
1,stride16-clang18-auto-r12-stride16_scan-auto-warm-branch-4194304,stride16-clang18-auto,branch,cycles,548993629,250156551,250156551
1,stride16-clang18-auto-r12-stride16_scan-auto-warm-branch-4194304,stride16-clang18-auto,branch,branches,6758435,250155711,250155711
1,stride16-clang18-auto-r12-stride16_scan-auto-warm-branch-4194304,stride16-clang18-auto,branch,branch_misses,1684,250151819,250151819
1,stride16-clang18-auto-r12-stride16_scan-auto-warm-branch-8192,stride16-clang18-auto,branch,cycles,548730764,250034019,250034019
1,stride16-clang18-auto-r12-stride16_scan-auto-warm-branch-8192,stride16-clang18-auto,branch,branches,104968067,250031244,250031244
1,stride16-clang18-auto-r12-stride16_scan-auto-warm-branch-8192,stride16-clang18-auto,branch,branch_misses,528,250027369,250027369
1,stride16-clang18-auto-r12-stride16_scan-auto-warm-branch-33554432,stride16-clang18-auto,branch,cycles,552404397,251713185,251713185
1,stride16-clang18-auto-r12-stride16_scan-auto-warm-branch-33554432,stride16-clang18-auto,branch,branches,3444434,251713767,251713767
1,stride16-clang18-auto-r12-stride16_scan-auto-warm-branch-33554432,stride16-clang18-auto,branch,branch_misses,141,251709902,251709902
1,stride16-clang18-auto-r12-stride16_scan-auto-warm-basic-16384,stride16-clang18-auto,basic,cycles,548730560,250031108,250031108
1,stride16-clang18-auto-r12-stride16_scan-auto-warm-basic-16384,stride16-clang18-auto,basic,instructions,909958802,250027794,250027794
1,stride16-clang18-auto-r12-stride16_scan-auto-warm-basic-16384,stride16-clang18-auto,basic,ref_cycles,548731326,250024326,250024326
1,stride16-clang18-auto-r12-stride16_scan-auto-warm-branch-1048576,stride16-clang18-auto,branch,cycles,548795730,250064169,250064169
1,stride16-clang18-auto-r12-stride16_scan-auto-warm-branch-1048576,stride16-clang18-auto,branch,branches,7531748,250062735,250062735
1,stride16-clang18-auto-r12-stride16_scan-auto-warm-branch-1048576,stride16-clang18-auto,branch,branch_misses,7170,250058987,250058987
1,stride16-clang18-auto-r12-stride16_scan-auto-warm-basic-4194304,stride16-clang18-auto,basic,cycles,548787653,250062101,250062101
1,stride16-clang18-auto-r12-stride16_scan-auto-warm-basic-4194304,stride16-clang18-auto,basic,instructions,191859468,250061642,250061642
1,stride16-clang18-auto-r12-stride16_scan-auto-warm-basic-4194304,stride16-clang18-auto,basic,ref_cycles,548790550,250058042,250058042
1,stride16-clang18-auto-r12-stride16_scan-auto-warm-branch-24576,stride16-clang18-auto,branch,cycles,548730777,250033776,250033776
1,stride16-clang18-auto-r12-stride16_scan-auto-warm-branch-24576,stride16-clang18-auto,branch,branches,63220518,250030700,250030700
1,stride16-clang18-auto-r12-stride16_scan-auto-warm-branch-24576,stride16-clang18-auto,branch,branch_misses,353,250026694,250026694
1,stride16-clang18-auto-r12-stride16_scan-auto-cache_evicted-basic-32768,stride16-clang18-auto,basic,cycles,548730325,250031275,250031275
1,stride16-clang18-auto-r12-stride16_scan-auto-cache_evicted-basic-32768,stride16-clang18-auto,basic,instructions,845906663,250028031,250028031
1,stride16-clang18-auto-r12-stride16_scan-auto-cache_evicted-basic-32768,stride16-clang18-auto,basic,ref_cycles,548730996,250024427,250024427
1,stride16-clang18-auto-r12-stride16_scan-auto-warm-basic-2097152,stride16-clang18-auto,basic,cycles,548811748,250069985,250069985
1,stride16-clang18-auto-r12-stride16_scan-auto-warm-basic-2097152,stride16-clang18-auto,basic,instructions,197498698,250068297,250068297
1,stride16-clang18-auto-r12-stride16_scan-auto-warm-basic-2097152,stride16-clang18-auto,basic,ref_cycles,548813276,250064585,250064585
1,stride16-clang18-auto-r12-stride16_scan-auto-warm-basic-65536,stride16-clang18-auto,basic,cycles,548731081,250032825,250032825
1,stride16-clang18-auto-r12-stride16_scan-auto-warm-basic-65536,stride16-clang18-auto,basic,instructions,397917630,250030896,250030896
1,stride16-clang18-auto-r12-stride16_scan-auto-warm-basic-65536,stride16-clang18-auto,basic,ref_cycles,548733240,250027597,250027597
1,stride16-clang18-auto-r12-stride16_scan-auto-warm-basic-33554432,stride16-clang18-auto,basic,cycles,553238166,252093355,252093355
1,stride16-clang18-auto-r12-stride16_scan-auto-warm-basic-33554432,stride16-clang18-auto,basic,instructions,92916863,252092561,252092561
1,stride16-clang18-auto-r12-stride16_scan-auto-warm-basic-33554432,stride16-clang18-auto,basic,ref_cycles,553241766,252089754,252089754
1,stride16-clang18-auto-r12-stride16_scan-auto-warm-basic-36864,stride16-clang18-auto,basic,cycles,548731440,250032904,250032904
1,stride16-clang18-auto-r12-stride16_scan-auto-warm-basic-36864,stride16-clang18-auto,basic,instructions,419534274,250029675,250029675
1,stride16-clang18-auto-r12-stride16_scan-auto-warm-basic-36864,stride16-clang18-auto,basic,ref_cycles,548733394,250026324,250026324
1,stride16-clang18-auto-r12-stride16_scan-auto-warm-basic-8388608,stride16-clang18-auto,basic,cycles,549394940,250342049,250342049
1,stride16-clang18-auto-r12-stride16_scan-auto-warm-basic-8388608,stride16-clang18-auto,basic,instructions,134590516,250341860,250341860
1,stride16-clang18-auto-r12-stride16_scan-auto-warm-basic-8388608,stride16-clang18-auto,basic,ref_cycles,549398564,250337516,250337516
1,stride16-clang18-auto-r12-stride16_scan-auto-warm-basic-134217728,stride16-clang18-auto,basic,cycles,557713398,254132266,254132266
1,stride16-clang18-auto-r12-stride16_scan-auto-warm-basic-134217728,stride16-clang18-auto,basic,instructions,92017828,254130726,254130726
1,stride16-clang18-auto-r12-stride16_scan-auto-warm-basic-134217728,stride16-clang18-auto,basic,ref_cycles,557716368,254126613,254126613
1,stride16-clang18-auto-r12-stride16_scan-auto-cache_evicted-basic-1048576,stride16-clang18-auto,basic,cycles,548770322,250051917,250051917
1,stride16-clang18-auto-r12-stride16_scan-auto-cache_evicted-basic-1048576,stride16-clang18-auto,basic,instructions,197948255,250049458,250049458
1,stride16-clang18-auto-r12-stride16_scan-auto-cache_evicted-basic-1048576,stride16-clang18-auto,basic,ref_cycles,548772026,250045818,250045818
1,stride16-clang18-auto-r12-stride16_scan-auto-warm-basic-536870912,stride16-clang18-auto,basic,cycles,602233818,274416107,274416107
1,stride16-clang18-auto-r12-stride16_scan-auto-warm-basic-536870912,stride16-clang18-auto,basic,instructions,99092277,274414420,274414420
1,stride16-clang18-auto-r12-stride16_scan-auto-warm-basic-536870912,stride16-clang18-auto,basic,ref_cycles,602237262,274410847,274410847
1,stride16-clang18-auto-r12-stride16_scan-auto-warm-basic-8192,stride16-clang18-auto,basic,cycles,548730495,250031429,250031429
1,stride16-clang18-auto-r12-stride16_scan-auto-warm-basic-8192,stride16-clang18-auto,basic,instructions,956936640,250027874,250027874
1,stride16-clang18-auto-r12-stride16_scan-auto-warm-basic-8192,stride16-clang18-auto,basic,ref_cycles,548731370,250023865,250023865
1,stride16-clang18-auto-r12-stride16_scan-auto-cache_evicted-branch-1048576,stride16-clang18-auto,branch,cycles,548743581,250040034,250040034
1,stride16-clang18-auto-r12-stride16_scan-auto-cache_evicted-branch-1048576,stride16-clang18-auto,branch,branches,7533845,250037180,250037180
1,stride16-clang18-auto-r12-stride16_scan-auto-cache_evicted-branch-1048576,stride16-clang18-auto,branch,branch_misses,7158,250032997,250032997
1,stride16-clang18-auto-r12-stride16_scan-auto-warm-branch-524288,stride16-clang18-auto,branch,cycles,548745059,250040048,250040048
1,stride16-clang18-auto-r12-stride16_scan-auto-warm-branch-524288,stride16-clang18-auto,branch,branches,7760425,250038275,250038275
1,stride16-clang18-auto-r12-stride16_scan-auto-warm-branch-524288,stride16-clang18-auto,branch,branch_misses,14257,250034693,250034693
1,stride16-clang18-auto-r12-stride16_scan-auto-cache_evicted-branch-32768,stride16-clang18-auto,branch,cycles,548731064,250036481,250036481
1,stride16-clang18-auto-r12-stride16_scan-auto-cache_evicted-branch-32768,stride16-clang18-auto,branch,branches,54585058,250034214,250034214
1,stride16-clang18-auto-r12-stride16_scan-auto-cache_evicted-branch-32768,stride16-clang18-auto,branch,branch_misses,26398,250031036,250031036
1,stride16-clang18-auto-r12-stride16_scan-auto-warm-basic-1048576,stride16-clang18-auto,basic,cycles,548790568,250060108,250060108
1,stride16-clang18-auto-r12-stride16_scan-auto-warm-basic-1048576,stride16-clang18-auto,basic,instructions,197976294,250057860,250057860
1,stride16-clang18-auto-r12-stride16_scan-auto-warm-basic-1048576,stride16-clang18-auto,basic,ref_cycles,548792530,250054596,250054596
1,stride16-clang18-auto-r12-stride16_scan-auto-warm-branch-5242880,stride16-clang18-auto,branch,cycles,548999355,250160042,250160042
1,stride16-clang18-auto-r12-stride16_scan-auto-warm-branch-5242880,stride16-clang18-auto,branch,branches,6727394,250159387,250159387
1,stride16-clang18-auto-r12-stride16_scan-auto-warm-branch-5242880,stride16-clang18-auto,branch,branch_misses,1351,250155998,250155998
1,stride16-clang18-auto-r12-stride16_scan-auto-warm-branch-262144,stride16-clang18-auto,branch,cycles,548731518,250033801,250033801
1,stride16-clang18-auto-r12-stride16_scan-auto-warm-branch-262144,stride16-clang18-auto,branch,branches,11867708,250032524,250032524
1,stride16-clang18-auto-r12-stride16_scan-auto-warm-branch-262144,stride16-clang18-auto,branch,branch_misses,40844,250028792,250028792
1,stride16-clang18-auto-r13-stride16_scan-auto-cache_evicted-basic-1048576,stride16-clang18-auto,basic,cycles,548807827,250069044,250069044
1,stride16-clang18-auto-r13-stride16_scan-auto-cache_evicted-basic-1048576,stride16-clang18-auto,basic,instructions,197976084,250067303,250067303
1,stride16-clang18-auto-r13-stride16_scan-auto-cache_evicted-basic-1048576,stride16-clang18-auto,basic,ref_cycles,548809976,250063616,250063616
1,stride16-clang18-auto-r13-stride16_scan-auto-warm-branch-1048576,stride16-clang18-auto,branch,cycles,548792296,250062041,250062041
1,stride16-clang18-auto-r13-stride16_scan-auto-warm-branch-1048576,stride16-clang18-auto,branch,branches,7533883,250059562,250059562
1,stride16-clang18-auto-r13-stride16_scan-auto-warm-branch-1048576,stride16-clang18-auto,branch,branch_misses,7170,250056036,250056036
1,stride16-clang18-auto-r13-stride16_scan-auto-warm-branch-8192,stride16-clang18-auto,branch,cycles,548730283,250032135,250032135
1,stride16-clang18-auto-r13-stride16_scan-auto-warm-branch-8192,stride16-clang18-auto,branch,branches,99621093,250028931,250028931
1,stride16-clang18-auto-r13-stride16_scan-auto-warm-branch-8192,stride16-clang18-auto,branch,branch_misses,526,250025383,250025383
1,stride16-clang18-auto-r13-stride16_scan-auto-warm-branch-98304,stride16-clang18-auto,branch,cycles,548732322,250034475,250034475
1,stride16-clang18-auto-r13-stride16_scan-auto-warm-branch-98304,stride16-clang18-auto,branch,branches,18302493,250033396,250033396
1,stride16-clang18-auto-r13-stride16_scan-auto-warm-branch-98304,stride16-clang18-auto,branch,branch_misses,139799,250030007,250030007
1,stride16-clang18-auto-r13-stride16_scan-auto-warm-basic-7340032,stride16-clang18-auto,basic,cycles,549300328,250297932,250297932
1,stride16-clang18-auto-r13-stride16_scan-auto-warm-basic-7340032,stride16-clang18-auto,basic,instructions,135796195,250297339,250297339
1,stride16-clang18-auto-r13-stride16_scan-auto-warm-basic-7340032,stride16-clang18-auto,basic,ref_cycles,549303678,250294360,250294360
1,stride16-clang18-auto-r13-stride16_scan-auto-warm-basic-6291456,stride16-clang18-auto,basic,cycles,548882190,250105517,250105517
1,stride16-clang18-auto-r13-stride16_scan-auto-warm-basic-6291456,stride16-clang18-auto,basic,instructions,163578573,250105257,250105257
1,stride16-clang18-auto-r13-stride16_scan-auto-warm-basic-6291456,stride16-clang18-auto,basic,ref_cycles,548885370,250101986,250101986
1,stride16-clang18-auto-r13-stride16_scan-auto-cache_evicted-basic-6291456,stride16-clang18-auto,basic,cycles,549059095,250187404,250187404
1,stride16-clang18-auto-r13-stride16_scan-auto-cache_evicted-basic-6291456,stride16-clang18-auto,basic,instructions,162083922,250186282,250186282
1,stride16-clang18-auto-r13-stride16_scan-auto-cache_evicted-basic-6291456,stride16-clang18-auto,basic,ref_cycles,549062250,250183138,250183138
1,stride16-clang18-auto-r13-stride16_scan-auto-cache_evicted-basic-262144,stride16-clang18-auto,basic,cycles,548733661,250032720,250032720
1,stride16-clang18-auto-r13-stride16_scan-auto-cache_evicted-basic-262144,stride16-clang18-auto,basic,instructions,251170974,250030307,250030307
1,stride16-clang18-auto-r13-stride16_scan-auto-cache_evicted-basic-262144,stride16-clang18-auto,basic,ref_cycles,548734582,250026746,250026746
1,stride16-clang18-auto-r13-stride16_scan-auto-warm-basic-262144,stride16-clang18-auto,basic,cycles,548738968,250035081,250035081
1,stride16-clang18-auto-r13-stride16_scan-auto-warm-basic-262144,stride16-clang18-auto,basic,instructions,283756161,250032410,250032410
1,stride16-clang18-auto-r13-stride16_scan-auto-warm-basic-262144,stride16-clang18-auto,basic,ref_cycles,548740038,250028939,250028939
1,stride16-clang18-auto-r13-stride16_scan-auto-warm-branch-8388608,stride16-clang18-auto,branch,cycles,548760850,250052942,250052942
1,stride16-clang18-auto-r13-stride16_scan-auto-warm-branch-8388608,stride16-clang18-auto,branch,branches,5002138,250052126,250052126
1,stride16-clang18-auto-r13-stride16_scan-auto-warm-branch-8388608,stride16-clang18-auto,branch,branch_misses,662,250047878,250047878
1,stride16-clang18-auto-r13-stride16_scan-auto-warm-branch-262144,stride16-clang18-auto,branch,cycles,548735536,250036026,250036026
1,stride16-clang18-auto-r13-stride16_scan-auto-warm-branch-262144,stride16-clang18-auto,branch,branches,12837916,250033660,250033660
1,stride16-clang18-auto-r13-stride16_scan-auto-warm-branch-262144,stride16-clang18-auto,branch,branch_misses,44182,250030098,250030098
1,stride16-clang18-auto-r13-stride16_scan-auto-warm-branch-24576,stride16-clang18-auto,branch,cycles,548731352,250033245,250033245
1,stride16-clang18-auto-r13-stride16_scan-auto-warm-branch-24576,stride16-clang18-auto,branch,branches,63209289,250031253,250031253
1,stride16-clang18-auto-r13-stride16_scan-auto-warm-branch-24576,stride16-clang18-auto,branch,branch_misses,300,250027963,250027963
1,stride16-clang18-auto-r13-stride16_scan-auto-warm-branch-4194304,stride16-clang18-auto,branch,cycles,548753622,250047930,250047930
1,stride16-clang18-auto-r13-stride16_scan-auto-warm-branch-4194304,stride16-clang18-auto,branch,branches,7073399,250047683,250047683
1,stride16-clang18-auto-r13-stride16_scan-auto-warm-branch-4194304,stride16-clang18-auto,branch,branch_misses,1763,250044046,250044046
1,stride16-clang18-auto-r13-stride16_scan-auto-warm-branch-33554432,stride16-clang18-auto,branch,cycles,553115930,252038527,252038527
1,stride16-clang18-auto-r13-stride16_scan-auto-warm-branch-33554432,stride16-clang18-auto,branch,branches,3378828,252037471,252037471
1,stride16-clang18-auto-r13-stride16_scan-auto-warm-branch-33554432,stride16-clang18-auto,branch,branch_misses,151,252033009,252033009
1,stride16-clang18-auto-r13-stride16_scan-auto-cache_evicted-branch-262144,stride16-clang18-auto,branch,cycles,548739286,250036360,250036360
1,stride16-clang18-auto-r13-stride16_scan-auto-cache_evicted-branch-262144,stride16-clang18-auto,branch,branches,11682344,250033873,250033873
1,stride16-clang18-auto-r13-stride16_scan-auto-cache_evicted-branch-262144,stride16-clang18-auto,branch,branch_misses,40199,250030109,250030109
1,stride16-clang18-auto-r13-stride16_scan-auto-cache_evicted-branch-536870912,stride16-clang18-auto,branch,cycles,603219620,274864471,274864471
1,stride16-clang18-auto-r13-stride16_scan-auto-cache_evicted-branch-536870912,stride16-clang18-auto,branch,branches,3670380,274864215,274864215
1,stride16-clang18-auto-r13-stride16_scan-auto-cache_evicted-branch-536870912,stride16-clang18-auto,branch,branch_misses,70,274860310,274860310
1,stride16-clang18-auto-r13-stride16_scan-auto-warm-branch-7340032,stride16-clang18-auto,branch,cycles,549410009,250349342,250349342
1,stride16-clang18-auto-r13-stride16_scan-auto-warm-branch-7340032,stride16-clang18-auto,branch,branches,5524820,250348461,250348461
1,stride16-clang18-auto-r13-stride16_scan-auto-warm-branch-7340032,stride16-clang18-auto,branch,branch_misses,806,250344471,250344471
1,stride16-clang18-auto-r13-stride16_scan-auto-warm-branch-229376,stride16-clang18-auto,branch,cycles,548736910,250037415,250037415
1,stride16-clang18-auto-r13-stride16_scan-auto-warm-branch-229376,stride16-clang18-auto,branch,branches,11710024,250035606,250035606
1,stride16-clang18-auto-r13-stride16_scan-auto-warm-branch-229376,stride16-clang18-auto,branch,branch_misses,45302,250032349,250032349
1,stride16-clang18-auto-r13-stride16_scan-auto-cache_evicted-branch-33554432,stride16-clang18-auto,branch,cycles,553481132,252205648,252205648
1,stride16-clang18-auto-r13-stride16_scan-auto-cache_evicted-branch-33554432,stride16-clang18-auto,branch,branches,3280419,252204508,252204508
1,stride16-clang18-auto-r13-stride16_scan-auto-cache_evicted-branch-33554432,stride16-clang18-auto,branch,branch_misses,205,252200168,252200168
1,stride16-clang18-auto-r13-stride16_scan-auto-warm-basic-8192,stride16-clang18-auto,basic,cycles,548730813,250032279,250032279
1,stride16-clang18-auto-r13-stride16_scan-auto-warm-basic-8192,stride16-clang18-auto,basic,instructions,964832269,250029565,250029565
1,stride16-clang18-auto-r13-stride16_scan-auto-warm-basic-8192,stride16-clang18-auto,basic,ref_cycles,548732668,250026226,250026226
1,stride16-clang18-auto-r13-stride16_scan-auto-warm-basic-1048576,stride16-clang18-auto,basic,cycles,548805526,250066640,250066640
1,stride16-clang18-auto-r13-stride16_scan-auto-warm-basic-1048576,stride16-clang18-auto,basic,instructions,197948262,250063625,250063625
1,stride16-clang18-auto-r13-stride16_scan-auto-warm-basic-1048576,stride16-clang18-auto,basic,ref_cycles,548806742,250060000,250060000
1,stride16-clang18-auto-r13-stride16_scan-auto-cache_evicted-branch-8388608,stride16-clang18-auto,branch,cycles,549232498,250268789,250268789
1,stride16-clang18-auto-r13-stride16_scan-auto-cache_evicted-branch-8388608,stride16-clang18-auto,branch,branches,5084405,250268173,250268173
1,stride16-clang18-auto-r13-stride16_scan-auto-cache_evicted-branch-8388608,stride16-clang18-auto,branch,branch_misses,666,250264808,250264808
1,stride16-clang18-auto-r13-stride16_scan-auto-warm-basic-8388608,stride16-clang18-auto,basic,cycles,548738965,250043315,250043315
1,stride16-clang18-auto-r13-stride16_scan-auto-warm-basic-8388608,stride16-clang18-auto,basic,instructions,136582783,250042904,250042904
1,stride16-clang18-auto-r13-stride16_scan-auto-warm-basic-8388608,stride16-clang18-auto,basic,ref_cycles,548742568,250039706,250039706
1,stride16-clang18-auto-r13-stride16_scan-auto-warm-basic-131072,stride16-clang18-auto,basic,cycles,548733154,250032492,250032492
1,stride16-clang18-auto-r13-stride16_scan-auto-warm-basic-131072,stride16-clang18-auto,basic,instructions,392742245,250029770,250029770
1,stride16-clang18-auto-r13-stride16_scan-auto-warm-basic-131072,stride16-clang18-auto,basic,ref_cycles,548734560,250026367,250026367
1,stride16-clang18-auto-r13-stride16_scan-auto-warm-branch-393216,stride16-clang18-auto,branch,cycles,548737598,250035429,250035429
1,stride16-clang18-auto-r13-stride16_scan-auto-warm-branch-393216,stride16-clang18-auto,branch,branches,8270028,250032634,250032634
1,stride16-clang18-auto-r13-stride16_scan-auto-warm-branch-393216,stride16-clang18-auto,branch,branch_misses,19794,250028878,250028878
1,stride16-clang18-auto-r13-stride16_scan-auto-cache_evicted-branch-6291456,stride16-clang18-auto,branch,cycles,549061862,250189444,250189444
1,stride16-clang18-auto-r13-stride16_scan-auto-cache_evicted-branch-6291456,stride16-clang18-auto,branch,branches,6441766,250190236,250190236
1,stride16-clang18-auto-r13-stride16_scan-auto-cache_evicted-branch-6291456,stride16-clang18-auto,branch,branch_misses,1087,250185928,250185928
1,stride16-clang18-auto-r13-stride16_scan-auto-warm-branch-134217728,stride16-clang18-auto,branch,cycles,555124321,252952343,252952343
1,stride16-clang18-auto-r13-stride16_scan-auto-warm-branch-134217728,stride16-clang18-auto,branch,branches,3408901,252950408,252950408
1,stride16-clang18-auto-r13-stride16_scan-auto-warm-branch-134217728,stride16-clang18-auto,branch,branch_misses,75,252946082,252946082
1,stride16-clang18-auto-r13-stride16_scan-auto-cache_evicted-branch-32768,stride16-clang18-auto,branch,cycles,548730700,250034079,250034079
1,stride16-clang18-auto-r13-stride16_scan-auto-cache_evicted-branch-32768,stride16-clang18-auto,branch,branches,54055870,250031014,250031014
1,stride16-clang18-auto-r13-stride16_scan-auto-cache_evicted-branch-32768,stride16-clang18-auto,branch,branch_misses,262625,250026892,250026892
1,stride16-clang18-auto-r13-stride16_scan-auto-warm-basic-24576,stride16-clang18-auto,basic,cycles,548730612,250031072,250031072
1,stride16-clang18-auto-r13-stride16_scan-auto-warm-basic-24576,stride16-clang18-auto,basic,instructions,888342882,250027470,250027470
1,stride16-clang18-auto-r13-stride16_scan-auto-warm-basic-24576,stride16-clang18-auto,basic,ref_cycles,548731392,250024033,250024033
1,stride16-clang18-auto-r13-stride16_scan-auto-warm-branch-16384,stride16-clang18-auto,branch,cycles,548730576,250031605,250031605
1,stride16-clang18-auto-r13-stride16_scan-auto-warm-branch-16384,stride16-clang18-auto,branch,branches,75619379,250029232,250029232
1,stride16-clang18-auto-r13-stride16_scan-auto-warm-branch-16384,stride16-clang18-auto,branch,branch_misses,407,250025624,250025624
1,stride16-clang18-auto-r13-stride16_scan-auto-warm-basic-134217728,stride16-clang18-auto,basic,cycles,551005973,251075388,251075388
1,stride16-clang18-auto-r13-stride16_scan-auto-warm-basic-134217728,stride16-clang18-auto,basic,instructions,92017828,251074136,251074136
1,stride16-clang18-auto-r13-stride16_scan-auto-warm-basic-134217728,stride16-clang18-auto,basic,ref_cycles,551009646,251070610,251070610
1,stride16-clang18-auto-r13-stride16_scan-auto-warm-branch-5242880,stride16-clang18-auto,branch,cycles,549006481,250163041,250163041
1,stride16-clang18-auto-r13-stride16_scan-auto-warm-branch-5242880,stride16-clang18-auto,branch,branches,7119181,250162212,250162212
1,stride16-clang18-auto-r13-stride16_scan-auto-warm-branch-5242880,stride16-clang18-auto,branch,branch_misses,1440,250158838,250158838
1,stride16-clang18-auto-r13-stride16_scan-auto-warm-branch-32768,stride16-clang18-auto,branch,cycles,548730392,250032671,250032671
1,stride16-clang18-auto-r13-stride16_scan-auto-warm-branch-32768,stride16-clang18-auto,branch,branches,54398028,250029414,250029414
1,stride16-clang18-auto-r13-stride16_scan-auto-warm-branch-32768,stride16-clang18-auto,branch,branch_misses,221465,250025298,250025298
1,stride16-clang18-auto-r13-stride16_scan-auto-warm-basic-196608,stride16-clang18-auto,basic,cycles,548734397,250034540,250034540
1,stride16-clang18-auto-r13-stride16_scan-auto-warm-basic-196608,stride16-clang18-auto,basic,instructions,415798975,250033266,250033266
1,stride16-clang18-auto-r13-stride16_scan-auto-warm-basic-196608,stride16-clang18-auto,basic,ref_cycles,548736716,250029895,250029895
1,stride16-clang18-auto-r13-stride16_scan-auto-warm-branch-196608,stride16-clang18-auto,branch,cycles,548736841,250037115,250037115
1,stride16-clang18-auto-r13-stride16_scan-auto-warm-branch-196608,stride16-clang18-auto,branch,branches,14311613,250035026,250035026
1,stride16-clang18-auto-r13-stride16_scan-auto-warm-branch-196608,stride16-clang18-auto,branch,branch_misses,63108,250031151,250031151
1,stride16-clang18-auto-r13-stride16_scan-auto-warm-branch-65536,stride16-clang18-auto,branch,cycles,548732391,250033108,250033108
1,stride16-clang18-auto-r13-stride16_scan-auto-warm-branch-65536,stride16-clang18-auto,branch,branches,20612961,250030648,250030648
1,stride16-clang18-auto-r13-stride16_scan-auto-warm-branch-65536,stride16-clang18-auto,branch,branch_misses,208305,250027246,250027246
1,stride16-clang18-auto-r13-stride16_scan-auto-warm-basic-28672,stride16-clang18-auto,basic,cycles,548731596,250033818,250033818
1,stride16-clang18-auto-r13-stride16_scan-auto-warm-basic-28672,stride16-clang18-auto,basic,instructions,875138159,250032301,250032301
1,stride16-clang18-auto-r13-stride16_scan-auto-warm-basic-28672,stride16-clang18-auto,basic,ref_cycles,548733856,250029050,250029050
1,stride16-clang18-auto-r13-stride16_scan-auto-warm-branch-49152,stride16-clang18-auto,branch,cycles,548732084,250035898,250035898
1,stride16-clang18-auto-r13-stride16_scan-auto-warm-branch-49152,stride16-clang18-auto,branch,branches,22352539,250033714,250033714
1,stride16-clang18-auto-r13-stride16_scan-auto-warm-branch-49152,stride16-clang18-auto,branch,branch_misses,269423,250029807,250029807
1,stride16-clang18-auto-r13-stride16_scan-auto-warm-basic-294912,stride16-clang18-auto,basic,cycles,548738958,250037198,250037198
1,stride16-clang18-auto-r13-stride16_scan-auto-warm-basic-294912,stride16-clang18-auto,basic,instructions,225884065,250034809,250034809
1,stride16-clang18-auto-r13-stride16_scan-auto-warm-basic-294912,stride16-clang18-auto,basic,ref_cycles,548741028,250031722,250031722
1,stride16-clang18-auto-r13-stride16_scan-auto-cache_evicted-basic-536870912,stride16-clang18-auto,basic,cycles,614034061,279790827,279790827
1,stride16-clang18-auto-r13-stride16_scan-auto-cache_evicted-basic-536870912,stride16-clang18-auto,basic,instructions,99092277,279789992,279789992
1,stride16-clang18-auto-r13-stride16_scan-auto-cache_evicted-basic-536870912,stride16-clang18-auto,basic,ref_cycles,614036962,279786762,279786762
1,stride16-clang18-auto-r13-stride16_scan-auto-warm-branch-28672,stride16-clang18-auto,branch,cycles,548730190,250032248,250032248
1,stride16-clang18-auto-r13-stride16_scan-auto-warm-branch-28672,stride16-clang18-auto,branch,branches,60684605,250028161,250028161
1,stride16-clang18-auto-r13-stride16_scan-auto-warm-branch-28672,stride16-clang18-auto,branch,branch_misses,281,250023875,250023875
1,stride16-clang18-auto-r13-stride16_scan-auto-cache_evicted-basic-8388608,stride16-clang18-auto,basic,cycles,549083205,250199406,250199406
1,stride16-clang18-auto-r13-stride16_scan-auto-cache_evicted-basic-8388608,stride16-clang18-auto,basic,instructions,137910973,250199039,250199039
1,stride16-clang18-auto-r13-stride16_scan-auto-cache_evicted-basic-8388608,stride16-clang18-auto,basic,ref_cycles,549086538,250195456,250195456
1,stride16-clang18-auto-r13-stride16_scan-auto-warm-basic-229376,stride16-clang18-auto,basic,cycles,548736664,250034455,250034455
1,stride16-clang18-auto-r13-stride16_scan-auto-warm-basic-229376,stride16-clang18-auto,basic,instructions,344302450,250030593,250030593
1,stride16-clang18-auto-r13-stride16_scan-auto-warm-basic-229376,stride16-clang18-auto,basic,ref_cycles,548737662,250026674,250026674
1,stride16-clang18-auto-r13-stride16_scan-auto-warm-branch-294912,stride16-clang18-auto,branch,cycles,548731078,250032492,250032492
1,stride16-clang18-auto-r13-stride16_scan-auto-warm-branch-294912,stride16-clang18-auto,branch,branches,9500676,250030464,250030464
1,stride16-clang18-auto-r13-stride16_scan-auto-warm-branch-294912,stride16-clang18-auto,branch,branch_misses,29476,250027022,250027022
1,stride16-clang18-auto-r13-stride16_scan-auto-warm-branch-2097152,stride16-clang18-auto,branch,cycles,548800215,250065246,250065246
1,stride16-clang18-auto-r13-stride16_scan-auto-warm-branch-2097152,stride16-clang18-auto,branch,branches,7417685,250061792,250061792
1,stride16-clang18-auto-r13-stride16_scan-auto-warm-branch-2097152,stride16-clang18-auto,branch,branch_misses,3606,250057969,250057969
1,stride16-clang18-auto-r13-stride16_scan-auto-warm-basic-33554432,stride16-clang18-auto,basic,cycles,549522954,250400745,250400745
1,stride16-clang18-auto-r13-stride16_scan-auto-warm-basic-33554432,stride16-clang18-auto,basic,instructions,92916863,250400376,250400376
1,stride16-clang18-auto-r13-stride16_scan-auto-warm-basic-33554432,stride16-clang18-auto,basic,ref_cycles,549526802,250397436,250397436
1,stride16-clang18-auto-r13-stride16_scan-auto-warm-branch-36864,stride16-clang18-auto,branch,cycles,548730920,250032237,250032237
1,stride16-clang18-auto-r13-stride16_scan-auto-warm-branch-36864,stride16-clang18-auto,branch,branches,24935658,250028846,250028846
1,stride16-clang18-auto-r13-stride16_scan-auto-warm-branch-36864,stride16-clang18-auto,branch,branch_misses,351325,250024992,250024992
1,stride16-clang18-auto-r13-stride16_scan-auto-warm-branch-6291456,stride16-clang18-auto,branch,cycles,549315389,250304771,250304771
1,stride16-clang18-auto-r13-stride16_scan-auto-warm-branch-6291456,stride16-clang18-auto,branch,branches,5734238,250304981,250304981
1,stride16-clang18-auto-r13-stride16_scan-auto-warm-branch-6291456,stride16-clang18-auto,branch,branch_misses,984,250301030,250301030
1,stride16-clang18-auto-r13-stride16_scan-auto-cache_evicted-basic-32768,stride16-clang18-auto,basic,cycles,548731794,250034998,250034998
1,stride16-clang18-auto-r13-stride16_scan-auto-cache_evicted-basic-32768,stride16-clang18-auto,basic,instructions,847790990,250033016,250033016
1,stride16-clang18-auto-r13-stride16_scan-auto-cache_evicted-basic-32768,stride16-clang18-auto,basic,ref_cycles,548734208,250029979,250029979
1,stride16-clang18-auto-r13-stride16_scan-auto-warm-basic-16384,stride16-clang18-auto,basic,cycles,548730291,250030583,250030583
1,stride16-clang18-auto-r13-stride16_scan-auto-warm-basic-16384,stride16-clang18-auto,basic,instructions,908975491,250026710,250026710
1,stride16-clang18-auto-r13-stride16_scan-auto-warm-basic-16384,stride16-clang18-auto,basic,ref_cycles,548730930,250023116,250023116
1,stride16-clang18-auto-r13-stride16_scan-auto-warm-basic-4194304,stride16-clang18-auto,basic,cycles,548748442,250042295,250042295
1,stride16-clang18-auto-r13-stride16_scan-auto-warm-basic-4194304,stride16-clang18-auto,basic,instructions,196844213,250041382,250041382
1,stride16-clang18-auto-r13-stride16_scan-auto-warm-basic-4194304,stride16-clang18-auto,basic,ref_cycles,548750884,250038147,250038147
1,stride16-clang18-auto-r13-stride16_scan-auto-warm-basic-98304,stride16-clang18-auto,basic,cycles,548732234,250031741,250031741
1,stride16-clang18-auto-r13-stride16_scan-auto-warm-basic-98304,stride16-clang18-auto,basic,instructions,389608399,250027564,250027564
1,stride16-clang18-auto-r13-stride16_scan-auto-warm-basic-98304,stride16-clang18-auto,basic,ref_cycles,548732734,250023748,250023748
1,stride16-clang18-auto-r13-stride16_scan-auto-warm-branch-536870912,stride16-clang18-auto,branch,cycles,630657008,287367713,287367713
1,stride16-clang18-auto-r13-stride16_scan-auto-warm-branch-536870912,stride16-clang18-auto,branch,branches,3670380,287366576,287366576
1,stride16-clang18-auto-r13-stride16_scan-auto-warm-branch-536870912,stride16-clang18-auto,branch,branch_misses,80,287362259,287362259
1,stride16-clang18-auto-r13-stride16_scan-auto-warm-basic-524288,stride16-clang18-auto,basic,cycles,548752571,250044030,250044030
1,stride16-clang18-auto-r13-stride16_scan-auto-warm-basic-524288,stride16-clang18-auto,basic,instructions,198199393,250042940,250042940
1,stride16-clang18-auto-r13-stride16_scan-auto-warm-basic-524288,stride16-clang18-auto,basic,ref_cycles,548754888,250039722,250039722
1,stride16-clang18-auto-r13-stride16_scan-auto-warm-basic-49152,stride16-clang18-auto,basic,cycles,548731784,250034115,250034115
1,stride16-clang18-auto-r13-stride16_scan-auto-warm-basic-49152,stride16-clang18-auto,basic,instructions,396981972,250032259,250032259
1,stride16-clang18-auto-r13-stride16_scan-auto-warm-basic-49152,stride16-clang18-auto,basic,ref_cycles,548733988,250028824,250028824
1,stride16-clang18-auto-r13-stride16_scan-auto-warm-branch-131072,stride16-clang18-auto,branch,cycles,548734645,250036569,250036569
1,stride16-clang18-auto-r13-stride16_scan-auto-warm-branch-131072,stride16-clang18-auto,branch,branches,17943426,250035060,250035060
1,stride16-clang18-auto-r13-stride16_scan-auto-warm-branch-131072,stride16-clang18-auto,branch,branch_misses,110272,250031403,250031403
1,stride16-clang18-auto-r13-stride16_scan-auto-warm-basic-5242880,stride16-clang18-auto,basic,cycles,548734900,250042285,250042285
1,stride16-clang18-auto-r13-stride16_scan-auto-warm-basic-5242880,stride16-clang18-auto,basic,instructions,155728703,250041944,250041944
1,stride16-clang18-auto-r13-stride16_scan-auto-warm-basic-5242880,stride16-clang18-auto,basic,ref_cycles,548737838,250038685,250038685
1,stride16-clang18-auto-r13-stride16_scan-auto-warm-basic-12582912,stride16-clang18-auto,basic,cycles,550667064,250921012,250921012
1,stride16-clang18-auto-r13-stride16_scan-auto-warm-basic-12582912,stride16-clang18-auto,basic,instructions,90956796,250919673,250919673
1,stride16-clang18-auto-r13-stride16_scan-auto-warm-basic-12582912,stride16-clang18-auto,basic,ref_cycles,550670472,250915713,250915713
1,stride16-clang18-auto-r13-stride16_scan-auto-warm-basic-32768,stride16-clang18-auto,basic,cycles,548731432,250034624,250034624
1,stride16-clang18-auto-r13-stride16_scan-auto-warm-basic-32768,stride16-clang18-auto,basic,instructions,847087195,250032715,250032715
1,stride16-clang18-auto-r13-stride16_scan-auto-warm-basic-32768,stride16-clang18-auto,basic,ref_cycles,548733416,250029711,250029711
1,stride16-clang18-auto-r13-stride16_scan-auto-warm-basic-536870912,stride16-clang18-auto,basic,cycles,638877190,291109164,291109164
1,stride16-clang18-auto-r13-stride16_scan-auto-warm-basic-536870912,stride16-clang18-auto,basic,instructions,99092277,291107383,291107383
1,stride16-clang18-auto-r13-stride16_scan-auto-warm-basic-536870912,stride16-clang18-auto,basic,ref_cycles,638880682,291103917,291103917
1,stride16-clang18-auto-r13-stride16_scan-auto-warm-basic-36864,stride16-clang18-auto,basic,cycles,548731571,250034475,250034475
1,stride16-clang18-auto-r13-stride16_scan-auto-warm-basic-36864,stride16-clang18-auto,basic,instructions,411545174,250033653,250033653
1,stride16-clang18-auto-r13-stride16_scan-auto-warm-basic-36864,stride16-clang18-auto,basic,ref_cycles,548733944,250030540,250030540
1,stride16-clang18-auto-r13-stride16_scan-auto-warm-basic-393216,stride16-clang18-auto,basic,cycles,548736565,250036694,250036694
1,stride16-clang18-auto-r13-stride16_scan-auto-warm-basic-393216,stride16-clang18-auto,basic,instructions,198733196,250035164,250035164
1,stride16-clang18-auto-r13-stride16_scan-auto-warm-basic-393216,stride16-clang18-auto,basic,ref_cycles,548739048,250031860,250031860
1,stride16-clang18-auto-r13-stride16_scan-auto-cache_evicted-branch-1048576,stride16-clang18-auto,branch,cycles,548807063,250072979,250072979
1,stride16-clang18-auto-r13-stride16_scan-auto-cache_evicted-branch-1048576,stride16-clang18-auto,branch,branches,7524317,250071738,250071738
1,stride16-clang18-auto-r13-stride16_scan-auto-cache_evicted-branch-1048576,stride16-clang18-auto,branch,branch_misses,7155,250067259,250067259
1,stride16-clang18-auto-r13-stride16_scan-auto-warm-basic-65536,stride16-clang18-auto,basic,cycles,548732945,250034008,250034008
1,stride16-clang18-auto-r13-stride16_scan-auto-warm-basic-65536,stride16-clang18-auto,basic,instructions,393785717,250032853,250032853
1,stride16-clang18-auto-r13-stride16_scan-auto-warm-basic-65536,stride16-clang18-auto,basic,ref_cycles,548735616,250029767,250029767
1,stride16-clang18-auto-r13-stride16_scan-auto-warm-basic-2097152,stride16-clang18-auto,basic,cycles,548809545,250069311,250069311
1,stride16-clang18-auto-r13-stride16_scan-auto-warm-basic-2097152,stride16-clang18-auto,basic,instructions,197276894,250068701,250068701
1,stride16-clang18-auto-r13-stride16_scan-auto-warm-basic-2097152,stride16-clang18-auto,basic,ref_cycles,548812594,250065696,250065696
1,stride16-clang18-auto-r13-stride16_scan-auto-cache_evicted-basic-33554432,stride16-clang18-auto,basic,cycles,550176887,250698657,250698657
1,stride16-clang18-auto-r13-stride16_scan-auto-cache_evicted-basic-33554432,stride16-clang18-auto,basic,instructions,90262112,250697358,250697358
1,stride16-clang18-auto-r13-stride16_scan-auto-cache_evicted-basic-33554432,stride16-clang18-auto,basic,ref_cycles,550180444,250693874,250693874
1,stride16-clang18-auto-r13-stride16_scan-auto-warm-branch-524288,stride16-clang18-auto,branch,cycles,548766630,250050618,250050618
1,stride16-clang18-auto-r13-stride16_scan-auto-warm-branch-524288,stride16-clang18-auto,branch,branches,7960075,250049483,250049483
1,stride16-clang18-auto-r13-stride16_scan-auto-warm-branch-524288,stride16-clang18-auto,branch,branch_misses,14623,250045911,250045911
1,stride16-clang18-auto-r13-stride16_scan-auto-warm-branch-12582912,stride16-clang18-auto,branch,cycles,549325746,250310652,250310652
1,stride16-clang18-auto-r13-stride16_scan-auto-warm-branch-12582912,stride16-clang18-auto,branch,branches,3807926,250308808,250308808
1,stride16-clang18-auto-r13-stride16_scan-auto-warm-branch-12582912,stride16-clang18-auto,branch,branch_misses,354,250305284,250305284
1,stride16-clang18-auto-r14-stride16_scan-auto-warm-branch-24576,stride16-clang18-auto,branch,cycles,548731438,250035096,250035096
1,stride16-clang18-auto-r14-stride16_scan-auto-warm-branch-24576,stride16-clang18-auto,branch,branches,62602928,250033305,250033305
1,stride16-clang18-auto-r14-stride16_scan-auto-warm-branch-24576,stride16-clang18-auto,branch,branch_misses,1023,250029574,250029574
1,stride16-clang18-auto-r14-stride16_scan-auto-warm-basic-49152,stride16-clang18-auto,basic,cycles,548731951,250034821,250034821
1,stride16-clang18-auto-r14-stride16_scan-auto-warm-basic-49152,stride16-clang18-auto,basic,instructions,405695140,250035167,250035167
1,stride16-clang18-auto-r14-stride16_scan-auto-warm-basic-49152,stride16-clang18-auto,basic,ref_cycles,548735352,250031792,250031792
1,stride16-clang18-auto-r14-stride16_scan-auto-cache_evicted-basic-32768,stride16-clang18-auto,basic,cycles,548731396,250037968,250037968
1,stride16-clang18-auto-r14-stride16_scan-auto-cache_evicted-basic-32768,stride16-clang18-auto,basic,instructions,845583945,250035353,250035353
1,stride16-clang18-auto-r14-stride16_scan-auto-cache_evicted-basic-32768,stride16-clang18-auto,basic,ref_cycles,548734296,250032098,250032098
1,stride16-clang18-auto-r14-stride16_scan-auto-cache_evicted-basic-536870912,stride16-clang18-auto,basic,cycles,602529412,274549469,274549469
1,stride16-clang18-auto-r14-stride16_scan-auto-cache_evicted-basic-536870912,stride16-clang18-auto,basic,instructions,99092277,274549481,274549481
1,stride16-clang18-auto-r14-stride16_scan-auto-cache_evicted-basic-536870912,stride16-clang18-auto,basic,ref_cycles,602532810,274546052,274546052
1,stride16-clang18-auto-r14-stride16_scan-auto-warm-basic-33554432,stride16-clang18-auto,basic,cycles,552854089,251917080,251917080
1,stride16-clang18-auto-r14-stride16_scan-auto-warm-basic-33554432,stride16-clang18-auto,basic,instructions,92916869,251916094,251916094
1,stride16-clang18-auto-r14-stride16_scan-auto-warm-basic-33554432,stride16-clang18-auto,basic,ref_cycles,552857382,251913412,251913412
1,stride16-clang18-auto-r14-stride16_scan-auto-warm-branch-65536,stride16-clang18-auto,branch,cycles,548732618,250034549,250034549
1,stride16-clang18-auto-r14-stride16_scan-auto-warm-branch-65536,stride16-clang18-auto,branch,branches,20307287,250033026,250033026
1,stride16-clang18-auto-r14-stride16_scan-auto-warm-branch-65536,stride16-clang18-auto,branch,branch_misses,205226,250029684,250029684
1,stride16-clang18-auto-r14-stride16_scan-auto-warm-basic-536870912,stride16-clang18-auto,basic,cycles,606739927,276467163,276467163
1,stride16-clang18-auto-r14-stride16_scan-auto-warm-basic-536870912,stride16-clang18-auto,basic,instructions,99092277,276467015,276467015
1,stride16-clang18-auto-r14-stride16_scan-auto-warm-basic-536870912,stride16-clang18-auto,basic,ref_cycles,606743214,276463639,276463639
1,stride16-clang18-auto-r14-stride16_scan-auto-warm-branch-196608,stride16-clang18-auto,branch,cycles,548736180,250036793,250036793
1,stride16-clang18-auto-r14-stride16_scan-auto-warm-branch-196608,stride16-clang18-auto,branch,branches,14983297,250034226,250034226
1,stride16-clang18-auto-r14-stride16_scan-auto-warm-branch-196608,stride16-clang18-auto,branch,branch_misses,66071,250030581,250030581
1,stride16-clang18-auto-r14-stride16_scan-auto-cache_evicted-branch-32768,stride16-clang18-auto,branch,cycles,548730982,250034303,250034303
1,stride16-clang18-auto-r14-stride16_scan-auto-cache_evicted-branch-32768,stride16-clang18-auto,branch,branches,54017830,250031957,250031957
1,stride16-clang18-auto-r14-stride16_scan-auto-cache_evicted-branch-32768,stride16-clang18-auto,branch,branch_misses,397922,250027727,250027727
1,stride16-clang18-auto-r14-stride16_scan-auto-warm-branch-28672,stride16-clang18-auto,branch,cycles,548730728,250032866,250032866
1,stride16-clang18-auto-r14-stride16_scan-auto-warm-branch-28672,stride16-clang18-auto,branch,branches,61458122,250030782,250030782
1,stride16-clang18-auto-r14-stride16_scan-auto-warm-branch-28672,stride16-clang18-auto,branch,branch_misses,302,250027242,250027242
1,stride16-clang18-auto-r14-stride16_scan-auto-warm-basic-24576,stride16-clang18-auto,basic,cycles,548731352,250033172,250033172
1,stride16-clang18-auto-r14-stride16_scan-auto-warm-basic-24576,stride16-clang18-auto,basic,instructions,885532285,250032418,250032418
1,stride16-clang18-auto-r14-stride16_scan-auto-warm-basic-24576,stride16-clang18-auto,basic,ref_cycles,548733878,250029508,250029508
1,stride16-clang18-auto-r14-stride16_scan-auto-warm-basic-98304,stride16-clang18-auto,basic,cycles,548732404,250033644,250033644
1,stride16-clang18-auto-r14-stride16_scan-auto-warm-basic-98304,stride16-clang18-auto,basic,instructions,386878759,250031985,250031985
1,stride16-clang18-auto-r14-stride16_scan-auto-warm-basic-98304,stride16-clang18-auto,basic,ref_cycles,548734538,250028948,250028948
1,stride16-clang18-auto-r14-stride16_scan-auto-warm-basic-1048576,stride16-clang18-auto,basic,cycles,548764809,250048641,250048641
1,stride16-clang18-auto-r14-stride16_scan-auto-warm-basic-1048576,stride16-clang18-auto,basic,instructions,197920613,250046928,250046928
1,stride16-clang18-auto-r14-stride16_scan-auto-warm-basic-1048576,stride16-clang18-auto,basic,ref_cycles,548766944,250043651,250043651
1,stride16-clang18-auto-r14-stride16_scan-auto-warm-branch-134217728,stride16-clang18-auto,branch,cycles,554603939,252716621,252716621
1,stride16-clang18-auto-r14-stride16_scan-auto-warm-branch-134217728,stride16-clang18-auto,branch,branches,3408901,252715848,252715848
1,stride16-clang18-auto-r14-stride16_scan-auto-warm-branch-134217728,stride16-clang18-auto,branch,branch_misses,62,252711551,252711551
1,stride16-clang18-auto-r14-stride16_scan-auto-cache_evicted-branch-33554432,stride16-clang18-auto,branch,cycles,551884144,251477551,251477551
1,stride16-clang18-auto-r14-stride16_scan-auto-cache_evicted-branch-33554432,stride16-clang18-auto,branch,branches,3444434,251476812,251476812
1,stride16-clang18-auto-r14-stride16_scan-auto-cache_evicted-branch-33554432,stride16-clang18-auto,branch,branch_misses,141,251472329,251472329
1,stride16-clang18-auto-r14-stride16_scan-auto-cache_evicted-branch-6291456,stride16-clang18-auto,branch,cycles,549047216,250184921,250184921
1,stride16-clang18-auto-r14-stride16_scan-auto-cache_evicted-branch-6291456,stride16-clang18-auto,branch,branches,6457178,250183740,250183740
1,stride16-clang18-auto-r14-stride16_scan-auto-cache_evicted-branch-6291456,stride16-clang18-auto,branch,branch_misses,1109,250179793,250179793
1,stride16-clang18-auto-r14-stride16_scan-auto-warm-basic-28672,stride16-clang18-auto,basic,cycles,548731308,250032354,250032354
1,stride16-clang18-auto-r14-stride16_scan-auto-warm-basic-28672,stride16-clang18-auto,basic,instructions,873464308,250030882,250030882
1,stride16-clang18-auto-r14-stride16_scan-auto-warm-basic-28672,stride16-clang18-auto,basic,ref_cycles,548733152,250027428,250027428
1,stride16-clang18-auto-r14-stride16_scan-auto-warm-basic-2097152,stride16-clang18-auto,basic,cycles,548777055,250054499,250054499
1,stride16-clang18-auto-r14-stride16_scan-auto-warm-basic-2097152,stride16-clang18-auto,basic,instructions,197609707,250052526,250052526
1,stride16-clang18-auto-r14-stride16_scan-auto-warm-basic-2097152,stride16-clang18-auto,basic,ref_cycles,548779418,250049061,250049061
1,stride16-clang18-auto-r14-stride16_scan-auto-warm-basic-393216,stride16-clang18-auto,basic,cycles,548748072,250041165,250041165
1,stride16-clang18-auto-r14-stride16_scan-auto-warm-basic-393216,stride16-clang18-auto,basic,instructions,199155225,250039929,250039929
1,stride16-clang18-auto-r14-stride16_scan-auto-warm-basic-393216,stride16-clang18-auto,basic,ref_cycles,548750202,250036576,250036576
1,stride16-clang18-auto-r14-stride16_scan-auto-warm-branch-8192,stride16-clang18-auto,branch,cycles,548731138,250033558,250033558
1,stride16-clang18-auto-r14-stride16_scan-auto-warm-branch-8192,stride16-clang18-auto,branch,branches,104318773,250031733,250031733
1,stride16-clang18-auto-r14-stride16_scan-auto-warm-branch-8192,stride16-clang18-auto,branch,branch_misses,590,250028223,250028223
1,stride16-clang18-auto-r14-stride16_scan-auto-warm-basic-131072,stride16-clang18-auto,basic,cycles,548733052,250032993,250032993
1,stride16-clang18-auto-r14-stride16_scan-auto-warm-basic-131072,stride16-clang18-auto,basic,instructions,389385315,250029705,250029705
1,stride16-clang18-auto-r14-stride16_scan-auto-warm-basic-131072,stride16-clang18-auto,basic,ref_cycles,548734252,250025914,250025914
1,stride16-clang18-auto-r14-stride16_scan-auto-warm-basic-262144,stride16-clang18-auto,basic,cycles,548734878,250034248,250034248
1,stride16-clang18-auto-r14-stride16_scan-auto-warm-basic-262144,stride16-clang18-auto,basic,instructions,308649177,250032235,250032235
1,stride16-clang18-auto-r14-stride16_scan-auto-warm-basic-262144,stride16-clang18-auto,basic,ref_cycles,548736892,250028704,250028704
1,stride16-clang18-auto-r14-stride16_scan-auto-warm-branch-524288,stride16-clang18-auto,branch,cycles,548759767,250047627,250047627
1,stride16-clang18-auto-r14-stride16_scan-auto-warm-branch-524288,stride16-clang18-auto,branch,branches,7761536,250045297,250045297
1,stride16-clang18-auto-r14-stride16_scan-auto-warm-branch-524288,stride16-clang18-auto,branch,branch_misses,14248,250041899,250041899
1,stride16-clang18-auto-r14-stride16_scan-auto-warm-basic-6291456,stride16-clang18-auto,basic,cycles,549238825,250267616,250267616
1,stride16-clang18-auto-r14-stride16_scan-auto-warm-basic-6291456,stride16-clang18-auto,basic,instructions,161917877,250268329,250268329
1,stride16-clang18-auto-r14-stride16_scan-auto-warm-basic-6291456,stride16-clang18-auto,basic,ref_cycles,549242562,250265476,250265476
1,stride16-clang18-auto-r14-stride16_scan-auto-warm-branch-16384,stride16-clang18-auto,branch,cycles,548730878,250034029,250034029
1,stride16-clang18-auto-r14-stride16_scan-auto-warm-branch-16384,stride16-clang18-auto,branch,branches,75615169,250031495,250031495
1,stride16-clang18-auto-r14-stride16_scan-auto-warm-branch-16384,stride16-clang18-auto,branch,branch_misses,412,250027648,250027648
1,stride16-clang18-auto-r14-stride16_scan-auto-warm-branch-49152,stride16-clang18-auto,branch,cycles,548731419,250033420,250033420
1,stride16-clang18-auto-r14-stride16_scan-auto-warm-branch-49152,stride16-clang18-auto,branch,branches,22870821,250030926,250030926
1,stride16-clang18-auto-r14-stride16_scan-auto-warm-branch-49152,stride16-clang18-auto,branch,branch_misses,275660,250027154,250027154
1,stride16-clang18-auto-r14-stride16_scan-auto-warm-branch-98304,stride16-clang18-auto,branch,cycles,548734164,250034217,250034217
1,stride16-clang18-auto-r14-stride16_scan-auto-warm-branch-98304,stride16-clang18-auto,branch,branches,18509377,250031915,250031915
1,stride16-clang18-auto-r14-stride16_scan-auto-warm-branch-98304,stride16-clang18-auto,branch,branch_misses,141390,250028243,250028243
1,stride16-clang18-auto-r14-stride16_scan-auto-cache_evicted-basic-8388608,stride16-clang18-auto,basic,cycles,549158957,250232921,250232921
1,stride16-clang18-auto-r14-stride16_scan-auto-cache_evicted-basic-8388608,stride16-clang18-auto,basic,instructions,124407726,250233166,250233166
1,stride16-clang18-auto-r14-stride16_scan-auto-cache_evicted-basic-8388608,stride16-clang18-auto,basic,ref_cycles,549162350,250229939,250229939
1,stride16-clang18-auto-r14-stride16_scan-auto-warm-basic-294912,stride16-clang18-auto,basic,cycles,548741815,250038118,250038118
1,stride16-clang18-auto-r14-stride16_scan-auto-warm-basic-294912,stride16-clang18-auto,basic,instructions,247503167,250036240,250036240
1,stride16-clang18-auto-r14-stride16_scan-auto-warm-basic-294912,stride16-clang18-auto,basic,ref_cycles,548743844,250032807,250032807
1,stride16-clang18-auto-r14-stride16_scan-auto-warm-branch-12582912,stride16-clang18-auto,branch,cycles,550005381,250620891,250620891
1,stride16-clang18-auto-r14-stride16_scan-auto-warm-branch-12582912,stride16-clang18-auto,branch,branches,3980448,250619850,250619850
1,stride16-clang18-auto-r14-stride16_scan-auto-warm-branch-12582912,stride16-clang18-auto,branch,branch_misses,368,250616179,250616179
1,stride16-clang18-auto-r14-stride16_scan-auto-warm-branch-5242880,stride16-clang18-auto,branch,cycles,548857537,250095423,250095423
1,stride16-clang18-auto-r14-stride16_scan-auto-warm-branch-5242880,stride16-clang18-auto,branch,branches,7139794,250095261,250095261
1,stride16-clang18-auto-r14-stride16_scan-auto-warm-branch-5242880,stride16-clang18-auto,branch,branch_misses,1433,250091406,250091406
1,stride16-clang18-auto-r14-stride16_scan-auto-warm-branch-4194304,stride16-clang18-auto,branch,cycles,548937313,250131769,250131769
1,stride16-clang18-auto-r14-stride16_scan-auto-warm-branch-4194304,stride16-clang18-auto,branch,branches,7336782,250131096,250131096
1,stride16-clang18-auto-r14-stride16_scan-auto-warm-branch-4194304,stride16-clang18-auto,branch,branch_misses,1830,250127394,250127394
1,stride16-clang18-auto-r14-stride16_scan-auto-warm-basic-229376,stride16-clang18-auto,basic,cycles,548738732,250036232,250036232
1,stride16-clang18-auto-r14-stride16_scan-auto-warm-basic-229376,stride16-clang18-auto,basic,instructions,346925164,250032877,250032877
1,stride16-clang18-auto-r14-stride16_scan-auto-warm-basic-229376,stride16-clang18-auto,basic,ref_cycles,548740038,250029086,250029086
1,stride16-clang18-auto-r14-stride16_scan-auto-cache_evicted-basic-33554432,stride16-clang18-auto,basic,cycles,553467888,252198111,252198111
1,stride16-clang18-auto-r14-stride16_scan-auto-cache_evicted-basic-33554432,stride16-clang18-auto,basic,instructions,92916863,252198271,252198271
1,stride16-clang18-auto-r14-stride16_scan-auto-cache_evicted-basic-33554432,stride16-clang18-auto,basic,ref_cycles,553471468,252194932,252194932
1,stride16-clang18-auto-r14-stride16_scan-auto-cache_evicted-branch-1048576,stride16-clang18-auto,branch,cycles,548731503,250035413,250035413
1,stride16-clang18-auto-r14-stride16_scan-auto-cache_evicted-branch-1048576,stride16-clang18-auto,branch,branches,7532815,250033586,250033586
1,stride16-clang18-auto-r14-stride16_scan-auto-cache_evicted-branch-1048576,stride16-clang18-auto,branch,branch_misses,7170,250029396,250029396
1,stride16-clang18-auto-r14-stride16_scan-auto-warm-branch-131072,stride16-clang18-auto,branch,cycles,548731350,250034015,250034015
1,stride16-clang18-auto-r14-stride16_scan-auto-warm-branch-131072,stride16-clang18-auto,branch,branches,17628665,250032557,250032557
1,stride16-clang18-auto-r14-stride16_scan-auto-warm-branch-131072,stride16-clang18-auto,branch,branch_misses,108265,250029458,250029458
1,stride16-clang18-auto-r14-stride16_scan-auto-warm-branch-536870912,stride16-clang18-auto,branch,cycles,601385224,274029834,274029834
1,stride16-clang18-auto-r14-stride16_scan-auto-warm-branch-536870912,stride16-clang18-auto,branch,branches,3670380,274029673,274029673
1,stride16-clang18-auto-r14-stride16_scan-auto-warm-branch-536870912,stride16-clang18-auto,branch,branch_misses,49,274025693,274025693
1,stride16-clang18-auto-r14-stride16_scan-auto-warm-branch-7340032,stride16-clang18-auto,branch,cycles,548799788,250070619,250070619
1,stride16-clang18-auto-r14-stride16_scan-auto-warm-branch-7340032,stride16-clang18-auto,branch,branches,5575241,250071797,250071797
1,stride16-clang18-auto-r14-stride16_scan-auto-warm-branch-7340032,stride16-clang18-auto,branch,branch_misses,822,250068109,250068109
1,stride16-clang18-auto-r14-stride16_scan-auto-cache_evicted-basic-6291456,stride16-clang18-auto,basic,cycles,549224442,250265083,250265083
1,stride16-clang18-auto-r14-stride16_scan-auto-cache_evicted-basic-6291456,stride16-clang18-auto,basic,instructions,174705166,250263688,250263688
1,stride16-clang18-auto-r14-stride16_scan-auto-cache_evicted-basic-6291456,stride16-clang18-auto,basic,ref_cycles,549227910,250260135,250260135
1,stride16-clang18-auto-r14-stride16_scan-auto-warm-branch-393216,stride16-clang18-auto,branch,cycles,548753907,250044093,250044093
1,stride16-clang18-auto-r14-stride16_scan-auto-warm-branch-393216,stride16-clang18-auto,branch,branches,7913448,250042277,250042277
1,stride16-clang18-auto-r14-stride16_scan-auto-warm-branch-393216,stride16-clang18-auto,branch,branch_misses,18942,250038560,250038560
1,stride16-clang18-auto-r14-stride16_scan-auto-warm-basic-196608,stride16-clang18-auto,basic,cycles,548731262,250032569,250032569
1,stride16-clang18-auto-r14-stride16_scan-auto-warm-basic-196608,stride16-clang18-auto,basic,instructions,398968957,250029457,250029457
1,stride16-clang18-auto-r14-stride16_scan-auto-warm-basic-196608,stride16-clang18-auto,basic,ref_cycles,548732558,250026008,250026008
1,stride16-clang18-auto-r14-stride16_scan-auto-cache_evicted-basic-262144,stride16-clang18-auto,basic,cycles,548738787,250037246,250037246
1,stride16-clang18-auto-r14-stride16_scan-auto-cache_evicted-basic-262144,stride16-clang18-auto,basic,instructions,230282020,250035827,250035827
1,stride16-clang18-auto-r14-stride16_scan-auto-cache_evicted-basic-262144,stride16-clang18-auto,basic,ref_cycles,548740874,250032410,250032410
1,stride16-clang18-auto-r14-stride16_scan-auto-warm-branch-262144,stride16-clang18-auto,branch,cycles,548732797,250034873,250034873
1,stride16-clang18-auto-r14-stride16_scan-auto-warm-branch-262144,stride16-clang18-auto,branch,branches,10239254,250033224,250033224
1,stride16-clang18-auto-r14-stride16_scan-auto-warm-branch-262144,stride16-clang18-auto,branch,branch_misses,35263,250029878,250029878
1,stride16-clang18-auto-r14-stride16_scan-auto-warm-basic-8192,stride16-clang18-auto,basic,cycles,548731180,250032034,250032034
1,stride16-clang18-auto-r14-stride16_scan-auto-warm-basic-8192,stride16-clang18-auto,basic,instructions,967450711,250029997,250029997
1,stride16-clang18-auto-r14-stride16_scan-auto-warm-basic-8192,stride16-clang18-auto,basic,ref_cycles,548733152,250026483,250026483
1,stride16-clang18-auto-r14-stride16_scan-auto-warm-basic-12582912,stride16-clang18-auto,basic,cycles,549353765,250323574,250323574
1,stride16-clang18-auto-r14-stride16_scan-auto-warm-basic-12582912,stride16-clang18-auto,basic,instructions,107222689,250323808,250323808
1,stride16-clang18-auto-r14-stride16_scan-auto-warm-basic-12582912,stride16-clang18-auto,basic,ref_cycles,549357116,250319753,250319753
1,stride16-clang18-auto-r14-stride16_scan-auto-warm-basic-16384,stride16-clang18-auto,basic,cycles,548731003,250033450,250033450
1,stride16-clang18-auto-r14-stride16_scan-auto-warm-basic-16384,stride16-clang18-auto,basic,instructions,917937549,250030963,250030963
1,stride16-clang18-auto-r14-stride16_scan-auto-warm-basic-16384,stride16-clang18-auto,basic,ref_cycles,548732734,250027309,250027309
1,stride16-clang18-auto-r14-stride16_scan-auto-warm-basic-8388608,stride16-clang18-auto,basic,cycles,549034324,250176472,250176472
1,stride16-clang18-auto-r14-stride16_scan-auto-warm-basic-8388608,stride16-clang18-auto,basic,instructions,134811863,250177069,250177069
1,stride16-clang18-auto-r14-stride16_scan-auto-warm-basic-8388608,stride16-clang18-auto,basic,ref_cycles,549038094,250174052,250174052
1,stride16-clang18-auto-r14-stride16_scan-auto-cache_evicted-branch-262144,stride16-clang18-auto,branch,cycles,548737974,250037531,250037531
1,stride16-clang18-auto-r14-stride16_scan-auto-cache_evicted-branch-262144,stride16-clang18-auto,branch,branches,11557652,250035095,250035095
1,stride16-clang18-auto-r14-stride16_scan-auto-cache_evicted-branch-262144,stride16-clang18-auto,branch,branch_misses,39779,250031248,250031248
1,stride16-clang18-auto-r14-stride16_scan-auto-warm-basic-4194304,stride16-clang18-auto,basic,cycles,548934470,250128384,250128384
1,stride16-clang18-auto-r14-stride16_scan-auto-warm-basic-4194304,stride16-clang18-auto,basic,instructions,196068802,250128095,250128095
1,stride16-clang18-auto-r14-stride16_scan-auto-warm-basic-4194304,stride16-clang18-auto,basic,ref_cycles,548937070,250124243,250124243
1,stride16-clang18-auto-r14-stride16_scan-auto-warm-basic-5242880,stride16-clang18-auto,basic,cycles,549098206,250204791,250204791
1,stride16-clang18-auto-r14-stride16_scan-auto-warm-basic-5242880,stride16-clang18-auto,basic,instructions,186453665,250205028,250205028
1,stride16-clang18-auto-r14-stride16_scan-auto-warm-basic-5242880,stride16-clang18-auto,basic,ref_cycles,549101212,250201604,250201604
1,stride16-clang18-auto-r14-stride16_scan-auto-warm-branch-2097152,stride16-clang18-auto,branch,cycles,548837044,250083368,250083368
1,stride16-clang18-auto-r14-stride16_scan-auto-warm-branch-2097152,stride16-clang18-auto,branch,branches,7411433,250081678,250081678
1,stride16-clang18-auto-r14-stride16_scan-auto-warm-branch-2097152,stride16-clang18-auto,branch,branch_misses,3606,250077996,250077996
1,stride16-clang18-auto-r14-stride16_scan-auto-cache_evicted-branch-8388608,stride16-clang18-auto,branch,cycles,549008461,250167209,250167209
1,stride16-clang18-auto-r14-stride16_scan-auto-cache_evicted-branch-8388608,stride16-clang18-auto,branch,branches,5018591,250168097,250168097
1,stride16-clang18-auto-r14-stride16_scan-auto-cache_evicted-branch-8388608,stride16-clang18-auto,branch,branch_misses,663,250164297,250164297
1,stride16-clang18-auto-r14-stride16_scan-auto-warm-basic-36864,stride16-clang18-auto,basic,cycles,548730999,250033167,250033167
1,stride16-clang18-auto-r14-stride16_scan-auto-warm-basic-36864,stride16-clang18-auto,basic,instructions,410719536,250031872,250031872
1,stride16-clang18-auto-r14-stride16_scan-auto-warm-basic-36864,stride16-clang18-auto,basic,ref_cycles,548733482,250028048,250028048
1,stride16-clang18-auto-r14-stride16_scan-auto-warm-branch-229376,stride16-clang18-auto,branch,cycles,548731540,250032658,250032658
1,stride16-clang18-auto-r14-stride16_scan-auto-warm-branch-229376,stride16-clang18-auto,branch,branches,14916252,250029202,250029202
1,stride16-clang18-auto-r14-stride16_scan-auto-warm-branch-229376,stride16-clang18-auto,branch,branch_misses,57658,250025260,250025260
1,stride16-clang18-auto-r14-stride16_scan-auto-cache_evicted-branch-536870912,stride16-clang18-auto,branch,cycles,602547462,274558667,274558667
1,stride16-clang18-auto-r14-stride16_scan-auto-cache_evicted-branch-536870912,stride16-clang18-auto,branch,branches,3670380,274558497,274558497
1,stride16-clang18-auto-r14-stride16_scan-auto-cache_evicted-branch-536870912,stride16-clang18-auto,branch,branch_misses,56,274554898,274554898
1,stride16-clang18-auto-r14-stride16_scan-auto-warm-basic-524288,stride16-clang18-auto,basic,cycles,548739516,250037072,250037072
1,stride16-clang18-auto-r14-stride16_scan-auto-warm-basic-524288,stride16-clang18-auto,basic,instructions,198605896,250034961,250034961
1,stride16-clang18-auto-r14-stride16_scan-auto-warm-basic-524288,stride16-clang18-auto,basic,ref_cycles,548741776,250031871,250031871
1,stride16-clang18-auto-r14-stride16_scan-auto-warm-basic-134217728,stride16-clang18-auto,basic,cycles,554169256,252516552,252516552
1,stride16-clang18-auto-r14-stride16_scan-auto-warm-basic-134217728,stride16-clang18-auto,basic,instructions,92017828,252515883,252515883
1,stride16-clang18-auto-r14-stride16_scan-auto-warm-basic-134217728,stride16-clang18-auto,basic,ref_cycles,554172256,252512567,252512567
1,stride16-clang18-auto-r14-stride16_scan-auto-cache_evicted-basic-1048576,stride16-clang18-auto,basic,cycles,548796279,250063422,250063422
1,stride16-clang18-auto-r14-stride16_scan-auto-cache_evicted-basic-1048576,stride16-clang18-auto,basic,instructions,197976098,250062175,250062175
1,stride16-clang18-auto-r14-stride16_scan-auto-cache_evicted-basic-1048576,stride16-clang18-auto,basic,ref_cycles,548798294,250058739,250058739
1,stride16-clang18-auto-r14-stride16_scan-auto-warm-branch-33554432,stride16-clang18-auto,branch,cycles,550903656,251030770,251030770
1,stride16-clang18-auto-r14-stride16_scan-auto-warm-branch-33554432,stride16-clang18-auto,branch,branches,3444434,251030110,251030110
1,stride16-clang18-auto-r14-stride16_scan-auto-warm-branch-33554432,stride16-clang18-auto,branch,branch_misses,147,251025826,251025826
1,stride16-clang18-auto-r14-stride16_scan-auto-warm-branch-8388608,stride16-clang18-auto,branch,cycles,549113211,250215871,250215871
1,stride16-clang18-auto-r14-stride16_scan-auto-warm-branch-8388608,stride16-clang18-auto,branch,branches,5084405,250215746,250215746
1,stride16-clang18-auto-r14-stride16_scan-auto-warm-branch-8388608,stride16-clang18-auto,branch,branch_misses,665,250211450,250211450
1,stride16-clang18-auto-r14-stride16_scan-auto-warm-basic-32768,stride16-clang18-auto,basic,cycles,548730550,250031669,250031669
1,stride16-clang18-auto-r14-stride16_scan-auto-warm-basic-32768,stride16-clang18-auto,basic,instructions,832384679,250029327,250029327
1,stride16-clang18-auto-r14-stride16_scan-auto-warm-basic-32768,stride16-clang18-auto,basic,ref_cycles,548732294,250026048,250026048
1,stride16-clang18-auto-r14-stride16_scan-auto-warm-branch-294912,stride16-clang18-auto,branch,cycles,548738803,250036325,250036325
1,stride16-clang18-auto-r14-stride16_scan-auto-warm-branch-294912,stride16-clang18-auto,branch,branches,10855210,250032853,250032853
1,stride16-clang18-auto-r14-stride16_scan-auto-warm-branch-294912,stride16-clang18-auto,branch,branch_misses,33661,250029170,250029170
1,stride16-clang18-auto-r14-stride16_scan-auto-warm-branch-6291456,stride16-clang18-auto,branch,cycles,548858941,250096402,250096402
1,stride16-clang18-auto-r14-stride16_scan-auto-warm-branch-6291456,stride16-clang18-auto,branch,branches,6481894,250096581,250096581
1,stride16-clang18-auto-r14-stride16_scan-auto-warm-branch-6291456,stride16-clang18-auto,branch,branch_misses,1105,250092683,250092683
1,stride16-clang18-auto-r14-stride16_scan-auto-warm-basic-65536,stride16-clang18-auto,basic,cycles,548732495,250033941,250033941
1,stride16-clang18-auto-r14-stride16_scan-auto-warm-basic-65536,stride16-clang18-auto,basic,instructions,394606367,250032345,250032345
1,stride16-clang18-auto-r14-stride16_scan-auto-warm-basic-65536,stride16-clang18-auto,basic,ref_cycles,548734604,250029012,250029012
1,stride16-clang18-auto-r14-stride16_scan-auto-warm-branch-1048576,stride16-clang18-auto,branch,cycles,548752292,250044779,250044779
1,stride16-clang18-auto-r14-stride16_scan-auto-warm-branch-1048576,stride16-clang18-auto,branch,branches,7531761,250043177,250043177
1,stride16-clang18-auto-r14-stride16_scan-auto-warm-branch-1048576,stride16-clang18-auto,branch,branch_misses,7177,250038672,250038672
1,stride16-clang18-auto-r14-stride16_scan-auto-warm-branch-32768,stride16-clang18-auto,branch,cycles,548730612,250031974,250031974
1,stride16-clang18-auto-r14-stride16_scan-auto-warm-branch-32768,stride16-clang18-auto,branch,branches,54127407,250028712,250028712
1,stride16-clang18-auto-r14-stride16_scan-auto-warm-branch-32768,stride16-clang18-auto,branch,branch_misses,758433,250024977,250024977
1,stride16-clang18-auto-r14-stride16_scan-auto-warm-branch-36864,stride16-clang18-auto,branch,cycles,548731216,250032392,250032392
1,stride16-clang18-auto-r14-stride16_scan-auto-warm-branch-36864,stride16-clang18-auto,branch,branches,25269885,250031434,250031434
1,stride16-clang18-auto-r14-stride16_scan-auto-warm-branch-36864,stride16-clang18-auto,branch,branch_misses,355624,250028089,250028089
1,stride16-clang18-auto-r14-stride16_scan-auto-warm-basic-7340032,stride16-clang18-auto,basic,cycles,548900312,250116523,250116523
1,stride16-clang18-auto-r14-stride16_scan-auto-warm-basic-7340032,stride16-clang18-auto,basic,instructions,150712404,250116476,250116476
1,stride16-clang18-auto-r14-stride16_scan-auto-warm-basic-7340032,stride16-clang18-auto,basic,ref_cycles,548904048,250112669,250112669
