schema_version,sample_id,build_id,perf_profile,event,value,time_enabled,time_running
1,stride16-clang18-scalar-r0-stride16_scan-scalar-cache_evicted-branch-33554432,stride16-clang18-scalar,branch,cycles,550448374,250822716,250822716
1,stride16-clang18-scalar-r0-stride16_scan-scalar-cache_evicted-branch-33554432,stride16-clang18-scalar,branch,branches,6753932,250823726,250823726
1,stride16-clang18-scalar-r0-stride16_scan-scalar-cache_evicted-branch-33554432,stride16-clang18-scalar,branch,branch_misses,140,250820302,250820302
1,stride16-clang18-scalar-r0-stride16_scan-scalar-warm-branch-1048576,stride16-clang18-scalar,branch,cycles,548779419,250055717,250055717
1,stride16-clang18-scalar-r0-stride16_scan-scalar-warm-branch-1048576,stride16-clang18-scalar,branch,branches,14849833,250054619,250054619
1,stride16-clang18-scalar-r0-stride16_scan-scalar-warm-branch-1048576,stride16-clang18-scalar,branch,branch_misses,7175,250051285,250051285
1,stride16-clang18-scalar-r0-stride16_scan-scalar-warm-branch-134217728,stride16-clang18-scalar,branch,cycles,551391124,251252985,251252985
1,stride16-clang18-scalar-r0-stride16_scan-scalar-warm-branch-134217728,stride16-clang18-scalar,branch,branches,6816773,251253560,251253560
1,stride16-clang18-scalar-r0-stride16_scan-scalar-warm-branch-134217728,stride16-clang18-scalar,branch,branch_misses,57,251249536,251249536
1,stride16-clang18-scalar-r0-stride16_scan-scalar-warm-branch-12582912,stride16-clang18-scalar,branch,cycles,549315463,250309002,250309002
1,stride16-clang18-scalar-r0-stride16_scan-scalar-warm-branch-12582912,stride16-clang18-scalar,branch,branches,7998696,250309164,250309164
1,stride16-clang18-scalar-r0-stride16_scan-scalar-warm-branch-12582912,stride16-clang18-scalar,branch,branch_misses,377,250304956,250304956
1,stride16-clang18-scalar-r0-stride16_scan-scalar-warm-branch-536870912,stride16-clang18-scalar,branch,cycles,606730836,276464144,276464144
1,stride16-clang18-scalar-r0-stride16_scan-scalar-warm-branch-536870912,stride16-clang18-scalar,branch,branches,7340396,276463840,276463840
1,stride16-clang18-scalar-r0-stride16_scan-scalar-warm-branch-536870912,stride16-clang18-scalar,branch,branch_misses,71,276459976,276459976
1,stride16-clang18-scalar-r0-stride16_scan-scalar-warm-basic-28672,stride16-clang18-scalar,basic,cycles,548730724,250032456,250032456
1,stride16-clang18-scalar-r0-stride16_scan-scalar-warm-basic-28672,stride16-clang18-scalar,basic,instructions,1740193472,250030196,250030196
1,stride16-clang18-scalar-r0-stride16_scan-scalar-warm-basic-28672,stride16-clang18-scalar,basic,ref_cycles,548732140,250026572,250026572
1,stride16-clang18-scalar-r0-stride16_scan-scalar-warm-basic-1048576,stride16-clang18-scalar,basic,cycles,548748539,250041887,250041887
1,stride16-clang18-scalar-r0-stride16_scan-scalar-warm-basic-1048576,stride16-clang18-scalar,basic,instructions,278562824,250039850,250039850
1,stride16-clang18-scalar-r0-stride16_scan-scalar-warm-basic-1048576,stride16-clang18-scalar,basic,ref_cycles,548751082,250036302,250036302
1,stride16-clang18-scalar-r0-stride16_scan-scalar-warm-branch-7340032,stride16-clang18-scalar,branch,cycles,549218021,250260895,250260895
1,stride16-clang18-scalar-r0-stride16_scan-scalar-warm-branch-7340032,stride16-clang18-scalar,branch,branches,10878969,250261208,250261208
1,stride16-clang18-scalar-r0-stride16_scan-scalar-warm-branch-7340032,stride16-clang18-scalar,branch,branch_misses,801,250257448,250257448
1,stride16-clang18-scalar-r0-stride16_scan-scalar-warm-basic-8388608,stride16-clang18-scalar,basic,cycles,549133256,250222540,250222540
1,stride16-clang18-scalar-r0-stride16_scan-scalar-warm-basic-8388608,stride16-clang18-scalar,basic,instructions,188124833,250222688,250222688
1,stride16-clang18-scalar-r0-stride16_scan-scalar-warm-basic-8388608,stride16-clang18-scalar,basic,ref_cycles,549136258,250218896,250218896
1,stride16-clang18-scalar-r0-stride16_scan-scalar-warm-basic-16384,stride16-clang18-scalar,basic,cycles,548730898,250031964,250031964
1,stride16-clang18-scalar-r0-stride16_scan-scalar-warm-basic-16384,stride16-clang18-scalar,basic,instructions,1822219558,250029936,250029936
1,stride16-clang18-scalar-r0-stride16_scan-scalar-warm-basic-16384,stride16-clang18-scalar,basic,ref_cycles,548732316,250026690,250026690
1,stride16-clang18-scalar-r0-stride16_scan-scalar-warm-basic-5242880,stride16-clang18-scalar,basic,cycles,548993284,250156965,250156965
1,stride16-clang18-scalar-r0-stride16_scan-scalar-warm-basic-5242880,stride16-clang18-scalar,basic,instructions,240294929,250156251,250156251
1,stride16-clang18-scalar-r0-stride16_scan-scalar-warm-basic-5242880,stride16-clang18-scalar,basic,ref_cycles,548996844,250152517,250152517
1,stride16-clang18-scalar-r0-stride16_scan-scalar-warm-basic-196608,stride16-clang18-scalar,basic,cycles,548735234,250033974,250033974
1,stride16-clang18-scalar-r0-stride16_scan-scalar-warm-basic-196608,stride16-clang18-scalar,basic,instructions,561706027,250030628,250030628
1,stride16-clang18-scalar-r0-stride16_scan-scalar-warm-basic-196608,stride16-clang18-scalar,basic,ref_cycles,548736738,250026843,250026843
1,stride16-clang18-scalar-r0-stride16_scan-scalar-cache_evicted-basic-536870912,stride16-clang18-scalar,basic,cycles,596968855,272016062,272016062
1,stride16-clang18-scalar-r0-stride16_scan-scalar-cache_evicted-basic-536870912,stride16-clang18-scalar,basic,instructions,139462361,272015349,272015349
1,stride16-clang18-scalar-r0-stride16_scan-scalar-cache_evicted-basic-536870912,stride16-clang18-scalar,basic,ref_cycles,596972376,272012009,272012009
1,stride16-clang18-scalar-r0-stride16_scan-scalar-warm-branch-262144,stride16-clang18-scalar,branch,cycles,548731305,250034174,250034174
1,stride16-clang18-scalar-r0-stride16_scan-scalar-warm-branch-262144,stride16-clang18-scalar,branch,branches,21542121,250032383,250032383
1,stride16-clang18-scalar-r0-stride16_scan-scalar-warm-branch-262144,stride16-clang18-scalar,branch,branch_misses,39439,250028725,250028725
1,stride16-clang18-scalar-r0-stride16_scan-scalar-warm-basic-8192,stride16-clang18-scalar,basic,cycles,548730518,250031220,250031220
1,stride16-clang18-scalar-r0-stride16_scan-scalar-warm-basic-8192,stride16-clang18-scalar,basic,instructions,1659839382,250028534,250028534
1,stride16-clang18-scalar-r0-stride16_scan-scalar-warm-basic-8192,stride16-clang18-scalar,basic,ref_cycles,548731876,250025312,250025312
1,stride16-clang18-scalar-r0-stride16_scan-scalar-warm-basic-12582912,stride16-clang18-scalar,basic,cycles,550690663,250930375,250930375
1,stride16-clang18-scalar-r0-stride16_scan-scalar-warm-basic-12582912,stride16-clang18-scalar,basic,instructions,131259049,250930017,250930017
1,stride16-clang18-scalar-r0-stride16_scan-scalar-warm-basic-12582912,stride16-clang18-scalar,basic,ref_cycles,550693594,250926398,250926398
1,stride16-clang18-scalar-r0-stride16_scan-scalar-warm-branch-524288,stride16-clang18-scalar,branch,cycles,548748942,250040876,250040876
1,stride16-clang18-scalar-r0-stride16_scan-scalar-warm-branch-524288,stride16-clang18-scalar,branch,branches,16566147,250038222,250038222
1,stride16-clang18-scalar-r0-stride16_scan-scalar-warm-branch-524288,stride16-clang18-scalar,branch,branch_misses,15699,250034714,250034714
1,stride16-clang18-scalar-r0-stride16_scan-scalar-cache_evicted-basic-8388608,stride16-clang18-scalar,basic,cycles,549142653,250226982,250226982
1,stride16-clang18-scalar-r0-stride16_scan-scalar-cache_evicted-basic-8388608,stride16-clang18-scalar,basic,instructions,147945977,250226648,250226648
1,stride16-clang18-scalar-r0-stride16_scan-scalar-cache_evicted-basic-8388608,stride16-clang18-scalar,basic,ref_cycles,549145850,250223259,250223259
1,stride16-clang18-scalar-r0-stride16_scan-scalar-cache_evicted-basic-6291456,stride16-clang18-scalar,basic,cycles,549065728,250191592,250191592
1,stride16-clang18-scalar-r0-stride16_scan-scalar-cache_evicted-basic-6291456,stride16-clang18-scalar,basic,instructions,170791417,250190470,250190470
1,stride16-clang18-scalar-r0-stride16_scan-scalar-cache_evicted-basic-6291456,stride16-clang18-scalar,basic,ref_cycles,549069246,250186986,250186986
1,stride16-clang18-scalar-r0-stride16_scan-scalar-cache_evicted-branch-6291456,stride16-clang18-scalar,branch,cycles,548854802,250095966,250095966
1,stride16-clang18-scalar-r0-stride16_scan-scalar-cache_evicted-branch-6291456,stride16-clang18-scalar,branch,branches,10043364,250095912,250095912
1,stride16-clang18-scalar-r0-stride16_scan-scalar-cache_evicted-branch-6291456,stride16-clang18-scalar,branch,branch_misses,858,250092305,250092305
1,stride16-clang18-scalar-r0-stride16_scan-scalar-warm-branch-24576,stride16-clang18-scalar,branch,cycles,548730880,250032449,250032449
1,stride16-clang18-scalar-r0-stride16_scan-scalar-warm-branch-24576,stride16-clang18-scalar,branch,branches,137868861,250029904,250029904
1,stride16-clang18-scalar-r0-stride16_scan-scalar-warm-branch-24576,stride16-clang18-scalar,branch,branch_misses,1661480,250025986,250025986
1,stride16-clang18-scalar-r0-stride16_scan-scalar-warm-branch-229376,stride16-clang18-scalar,branch,cycles,548735222,250035274,250035274
1,stride16-clang18-scalar-r0-stride16_scan-scalar-warm-branch-229376,stride16-clang18-scalar,branch,branches,21620192,250033398,250033398
1,stride16-clang18-scalar-r0-stride16_scan-scalar-warm-branch-229376,stride16-clang18-scalar,branch,branch_misses,44819,250029706,250029706
1,stride16-clang18-scalar-r0-stride16_scan-scalar-warm-branch-6291456,stride16-clang18-scalar,branch,cycles,549159867,250235601,250235601
1,stride16-clang18-scalar-r0-stride16_scan-scalar-warm-branch-6291456,stride16-clang18-scalar,branch,branches,10129625,250234650,250234650
1,stride16-clang18-scalar-r0-stride16_scan-scalar-warm-branch-6291456,stride16-clang18-scalar,branch,branch_misses,868,250230682,250230682
1,stride16-clang18-scalar-r0-stride16_scan-scalar-warm-basic-4194304,stride16-clang18-scalar,basic,cycles,548993333,250156447,250156447
1,stride16-clang18-scalar-r0-stride16_scan-scalar-warm-basic-4194304,stride16-clang18-scalar,basic,instructions,266601753,250155248,250155248
1,stride16-clang18-scalar-r0-stride16_scan-scalar-warm-basic-4194304,stride16-clang18-scalar,basic,ref_cycles,548996734,250152317,250152317
1,stride16-clang18-scalar-r0-stride16_scan-scalar-warm-basic-65536,stride16-clang18-scalar,basic,cycles,548732982,250033204,250033204
1,stride16-clang18-scalar-r0-stride16_scan-scalar-warm-basic-65536,stride16-clang18-scalar,basic,instructions,541846411,250031685,250031685
1,stride16-clang18-scalar-r0-stride16_scan-scalar-warm-basic-65536,stride16-clang18-scalar,basic,ref_cycles,548734824,250028363,250028363
1,stride16-clang18-scalar-r0-stride16_scan-scalar-cache_evicted-branch-1048576,stride16-clang18-scalar,branch,cycles,548778632,250056484,250056484
1,stride16-clang18-scalar-r0-stride16_scan-scalar-cache_evicted-branch-1048576,stride16-clang18-scalar,branch,branches,14853998,250055579,250055579
1,stride16-clang18-scalar-r0-stride16_scan-scalar-cache_evicted-branch-1048576,stride16-clang18-scalar,branch,branch_misses,7176,250051862,250051862
1,stride16-clang18-scalar-r0-stride16_scan-scalar-cache_evicted-branch-536870912,stride16-clang18-scalar,branch,cycles,599644734,273238191,273238191
1,stride16-clang18-scalar-r0-stride16_scan-scalar-cache_evicted-branch-536870912,stride16-clang18-scalar,branch,branches,7340396,273236893,273236893
1,stride16-clang18-scalar-r0-stride16_scan-scalar-cache_evicted-branch-536870912,stride16-clang18-scalar,branch,branch_misses,57,273232682,273232682
1,stride16-clang18-scalar-r0-stride16_scan-scalar-warm-branch-5242880,stride16-clang18-scalar,branch,cycles,548797084,250068120,250068120
1,stride16-clang18-scalar-r0-stride16_scan-scalar-warm-branch-5242880,stride16-clang18-scalar,branch,branches,13111019,250068981,250068981
1,stride16-clang18-scalar-r0-stride16_scan-scalar-warm-branch-5242880,stride16-clang18-scalar,branch,branch_misses,1324,250065126,250065126
1,stride16-clang18-scalar-r0-stride16_scan-scalar-warm-basic-294912,stride16-clang18-scalar,basic,cycles,548737164,250035252,250035252
1,stride16-clang18-scalar-r0-stride16_scan-scalar-warm-basic-294912,stride16-clang18-scalar,basic,instructions,330116639,250031565,250031565
1,stride16-clang18-scalar-r0-stride16_scan-scalar-warm-basic-294912,stride16-clang18-scalar,basic,ref_cycles,548738520,250027953,250027953
1,stride16-clang18-scalar-r0-stride16_scan-scalar-warm-branch-28672,stride16-clang18-scalar,branch,cycles,548730951,250032849,250032849
1,stride16-clang18-scalar-r0-stride16_scan-scalar-warm-branch-28672,stride16-clang18-scalar,branch,branches,132044790,250031451,250031451
1,stride16-clang18-scalar-r0-stride16_scan-scalar-warm-branch-28672,stride16-clang18-scalar,branch,branch_misses,1451465,250028305,250028305
1,stride16-clang18-scalar-r0-stride16_scan-scalar-warm-branch-131072,stride16-clang18-scalar,branch,cycles,548732077,250034095,250034095
1,stride16-clang18-scalar-r0-stride16_scan-scalar-warm-branch-131072,stride16-clang18-scalar,branch,branches,31484393,250030109,250030109
1,stride16-clang18-scalar-r0-stride16_scan-scalar-warm-branch-131072,stride16-clang18-scalar,branch,branch_misses,108272,250026540,250026540
1,stride16-clang18-scalar-r0-stride16_scan-scalar-warm-branch-33554432,stride16-clang18-scalar,branch,cycles,551872316,251472129,251472129
1,stride16-clang18-scalar-r0-stride16_scan-scalar-warm-branch-33554432,stride16-clang18-scalar,branch,branches,6885074,251469985,251469985
1,stride16-clang18-scalar-r0-stride16_scan-scalar-warm-branch-33554432,stride16-clang18-scalar,branch,branch_misses,150,251465725,251465725
1,stride16-clang18-scalar-r0-stride16_scan-scalar-warm-basic-2097152,stride16-clang18-scalar,basic,cycles,548857829,250092113,250092113
1,stride16-clang18-scalar-r0-stride16_scan-scalar-warm-basic-2097152,stride16-clang18-scalar,basic,instructions,278198138,250089927,250089927
1,stride16-clang18-scalar-r0-stride16_scan-scalar-warm-basic-2097152,stride16-clang18-scalar,basic,ref_cycles,548860070,250086556,250086556
1,stride16-clang18-scalar-r0-stride16_scan-scalar-warm-basic-7340032,stride16-clang18-scalar,basic,cycles,548881685,250107755,250107755
1,stride16-clang18-scalar-r0-stride16_scan-scalar-warm-basic-7340032,stride16-clang18-scalar,basic,instructions,213684481,250107313,250107313
1,stride16-clang18-scalar-r0-stride16_scan-scalar-warm-basic-7340032,stride16-clang18-scalar,basic,ref_cycles,548884952,250103529,250103529
1,stride16-clang18-scalar-r0-stride16_scan-scalar-cache_evicted-basic-32768,stride16-clang18-scalar,basic,cycles,548731193,250034305,250034305
1,stride16-clang18-scalar-r0-stride16_scan-scalar-cache_evicted-basic-32768,stride16-clang18-scalar,basic,instructions,1595128091,250032081,250032081
1,stride16-clang18-scalar-r0-stride16_scan-scalar-cache_evicted-basic-32768,stride16-clang18-scalar,basic,ref_cycles,548733306,250028741,250028741
1,stride16-clang18-scalar-r0-stride16_scan-scalar-warm-basic-524288,stride16-clang18-scalar,basic,cycles,548749045,250041453,250041453
1,stride16-clang18-scalar-r0-stride16_scan-scalar-warm-basic-524288,stride16-clang18-scalar,basic,instructions,279073516,250039210,250039210
1,stride16-clang18-scalar-r0-stride16_scan-scalar-warm-basic-524288,stride16-clang18-scalar,basic,ref_cycles,548750752,250035641,250035641
1,stride16-clang18-scalar-r0-stride16_scan-scalar-warm-basic-36864,stride16-clang18-scalar,basic,cycles,548731523,250032722,250032722
1,stride16-clang18-scalar-r0-stride16_scan-scalar-warm-basic-36864,stride16-clang18-scalar,basic,instructions,570552842,250031402,250031402
1,stride16-clang18-scalar-r0-stride16_scan-scalar-warm-basic-36864,stride16-clang18-scalar,basic,ref_cycles,548733416,250028489,250028489
1,stride16-clang18-scalar-r0-stride16_scan-scalar-warm-basic-131072,stride16-clang18-scalar,basic,cycles,548731883,250032897,250032897
1,stride16-clang18-scalar-r0-stride16_scan-scalar-warm-basic-131072,stride16-clang18-scalar,basic,instructions,546456170,250029743,250029743
1,stride16-clang18-scalar-r0-stride16_scan-scalar-warm-basic-131072,stride16-clang18-scalar,basic,ref_cycles,548733108,250026341,250026341
1,stride16-clang18-scalar-r0-stride16_scan-scalar-warm-basic-229376,stride16-clang18-scalar,basic,cycles,548736060,250034113,250034113
1,stride16-clang18-scalar-r0-stride16_scan-scalar-warm-basic-229376,stride16-clang18-scalar,basic,instructions,441317908,250031343,250031343
1,stride16-clang18-scalar-r0-stride16_scan-scalar-warm-basic-229376,stride16-clang18-scalar,basic,ref_cycles,548737508,250027669,250027669
1,stride16-clang18-scalar-r0-stride16_scan-scalar-warm-branch-32768,stride16-clang18-scalar,branch,cycles,548730687,250031223,250031223
1,stride16-clang18-scalar-r0-stride16_scan-scalar-warm-branch-32768,stride16-clang18-scalar,branch,branches,112208831,250029157,250029157
1,stride16-clang18-scalar-r0-stride16_scan-scalar-warm-branch-32768,stride16-clang18-scalar,branch,branch_misses,1133723,250025806,250025806
1,stride16-clang18-scalar-r0-stride16_scan-scalar-warm-basic-98304,stride16-clang18-scalar,basic,cycles,548732420,250033049,250033049
1,stride16-clang18-scalar-r0-stride16_scan-scalar-warm-basic-98304,stride16-clang18-scalar,basic,instructions,537766319,250031726,250031726
1,stride16-clang18-scalar-r0-stride16_scan-scalar-warm-basic-98304,stride16-clang18-scalar,basic,ref_cycles,548734538,250028546,250028546
1,stride16-clang18-scalar-r0-stride16_scan-scalar-warm-branch-16384,stride16-clang18-scalar,branch,cycles,548731103,250034604,250034604
1,stride16-clang18-scalar-r0-stride16_scan-scalar-warm-branch-16384,stride16-clang18-scalar,branch,branches,157664944,250032638,250032638
1,stride16-clang18-scalar-r0-stride16_scan-scalar-warm-branch-16384,stride16-clang18-scalar,branch,branch_misses,571,250029020,250029020
1,stride16-clang18-scalar-r0-stride16_scan-scalar-warm-basic-536870912,stride16-clang18-scalar,basic,cycles,598699526,272805346,272805346
1,stride16-clang18-scalar-r0-stride16_scan-scalar-warm-basic-536870912,stride16-clang18-scalar,basic,instructions,139462361,272805100,272805100
1,stride16-clang18-scalar-r0-stride16_scan-scalar-warm-basic-536870912,stride16-clang18-scalar,basic,ref_cycles,598703226,272801761,272801761
1,stride16-clang18-scalar-r0-stride16_scan-scalar-cache_evicted-branch-8388608,stride16-clang18-scalar,branch,cycles,549479813,250382477,250382477
1,stride16-clang18-scalar-r0-stride16_scan-scalar-cache_evicted-branch-8388608,stride16-clang18-scalar,branch,branches,10114223,250383587,250383587
1,stride16-clang18-scalar-r0-stride16_scan-scalar-cache_evicted-branch-8388608,stride16-clang18-scalar,branch,branch_misses,663,250379710,250379710
1,stride16-clang18-scalar-r0-stride16_scan-scalar-cache_evicted-branch-32768,stride16-clang18-scalar,branch,cycles,548730701,250036088,250036088
1,stride16-clang18-scalar-r0-stride16_scan-scalar-cache_evicted-branch-32768,stride16-clang18-scalar,branch,branches,115290881,250033341,250033341
1,stride16-clang18-scalar-r0-stride16_scan-scalar-cache_evicted-branch-32768,stride16-clang18-scalar,branch,branch_misses,1130582,250028630,250028630
1,stride16-clang18-scalar-r0-stride16_scan-scalar-warm-basic-49152,stride16-clang18-scalar,basic,cycles,548731802,250031620,250031620
1,stride16-clang18-scalar-r0-stride16_scan-scalar-warm-basic-49152,stride16-clang18-scalar,basic,instructions,540291280,250029742,250029742
1,stride16-clang18-scalar-r0-stride16_scan-scalar-warm-basic-49152,stride16-clang18-scalar,basic,ref_cycles,548733548,250026224,250026224
1,stride16-clang18-scalar-r0-stride16_scan-scalar-warm-branch-393216,stride16-clang18-scalar,branch,cycles,548749437,250043126,250043126
1,stride16-clang18-scalar-r0-stride16_scan-scalar-warm-branch-393216,stride16-clang18-scalar,branch,branches,15200135,250041456,250041456
1,stride16-clang18-scalar-r0-stride16_scan-scalar-warm-branch-393216,stride16-clang18-scalar,branch,branch_misses,18986,250037323,250037323
1,stride16-clang18-scalar-r0-stride16_scan-scalar-cache_evicted-basic-1048576,stride16-clang18-scalar,basic,cycles,548777081,250056254,250056254
1,stride16-clang18-scalar-r0-stride16_scan-scalar-cache_evicted-basic-1048576,stride16-clang18-scalar,basic,instructions,278523744,250055325,250055325
1,stride16-clang18-scalar-r0-stride16_scan-scalar-cache_evicted-basic-1048576,stride16-clang18-scalar,basic,ref_cycles,548779682,250051912,250051912
1,stride16-clang18-scalar-r0-stride16_scan-scalar-warm-basic-24576,stride16-clang18-scalar,basic,cycles,548730848,250032503,250032503
1,stride16-clang18-scalar-r0-stride16_scan-scalar-warm-basic-24576,stride16-clang18-scalar,basic,instructions,1793230781,250030037,250030037
1,stride16-clang18-scalar-r0-stride16_scan-scalar-warm-basic-24576,stride16-clang18-scalar,basic,ref_cycles,548732580,250026548,250026548
1,stride16-clang18-scalar-r0-stride16_scan-scalar-warm-basic-6291456,stride16-clang18-scalar,basic,cycles,548756378,250048988,250048988
1,stride16-clang18-scalar-r0-stride16_scan-scalar-warm-basic-6291456,stride16-clang18-scalar,basic,instructions,232005097,250049307,250049307
1,stride16-clang18-scalar-r0-stride16_scan-scalar-warm-basic-6291456,stride16-clang18-scalar,basic,ref_cycles,548759574,250045697,250045697
1,stride16-clang18-scalar-r0-stride16_scan-scalar-warm-basic-32768,stride16-clang18-scalar,basic,cycles,548730785,250032405,250032405
1,stride16-clang18-scalar-r0-stride16_scan-scalar-warm-basic-32768,stride16-clang18-scalar,basic,instructions,1553989827,250029401,250029401
1,stride16-clang18-scalar-r0-stride16_scan-scalar-warm-basic-32768,stride16-clang18-scalar,basic,ref_cycles,548731876,250025585,250025585
1,stride16-clang18-scalar-r0-stride16_scan-scalar-warm-branch-8192,stride16-clang18-scalar,branch,cycles,548730582,250032846,250032846
1,stride16-clang18-scalar-r0-stride16_scan-scalar-warm-branch-8192,stride16-clang18-scalar,branch,branches,182842365,250031156,250031156
1,stride16-clang18-scalar-r0-stride16_scan-scalar-warm-branch-8192,stride16-clang18-scalar,branch,branch_misses,606,250027582,250027582
1,stride16-clang18-scalar-r0-stride16_scan-scalar-warm-basic-134217728,stride16-clang18-scalar,basic,cycles,549851790,250549883,250549883
1,stride16-clang18-scalar-r0-stride16_scan-scalar-warm-basic-134217728,stride16-clang18-scalar,basic,instructions,129504081,250549543,250549543
1,stride16-clang18-scalar-r0-stride16_scan-scalar-warm-basic-134217728,stride16-clang18-scalar,basic,ref_cycles,549855152,250545550,250545550
1,stride16-clang18-scalar-r0-stride16_scan-scalar-warm-branch-36864,stride16-clang18-scalar,branch,cycles,548732164,250034218,250034218
1,stride16-clang18-scalar-r0-stride16_scan-scalar-warm-branch-36864,stride16-clang18-scalar,branch,branches,38619530,250032645,250032645
1,stride16-clang18-scalar-r0-stride16_scan-scalar-warm-branch-36864,stride16-clang18-scalar,branch,branch_misses,361079,250029205,250029205
1,stride16-clang18-scalar-r0-stride16_scan-scalar-warm-branch-65536,stride16-clang18-scalar,branch,cycles,548733645,250034809,250034809
1,stride16-clang18-scalar-r0-stride16_scan-scalar-warm-branch-65536,stride16-clang18-scalar,branch,branches,34069366,250033330,250033330
1,stride16-clang18-scalar-r0-stride16_scan-scalar-warm-branch-65536,stride16-clang18-scalar,branch,branch_misses,209106,250030007,250030007
1,stride16-clang18-scalar-r0-stride16_scan-scalar-cache_evicted-branch-262144,stride16-clang18-scalar,branch,cycles,548739750,250042486,250042486
1,stride16-clang18-scalar-r0-stride16_scan-scalar-cache_evicted-branch-262144,stride16-clang18-scalar,branch,branches,21419703,250039195,250039195
1,stride16-clang18-scalar-r0-stride16_scan-scalar-cache_evicted-branch-262144,stride16-clang18-scalar,branch,branch_misses,39220,250034642,250034642
1,stride16-clang18-scalar-r0-stride16_scan-scalar-warm-branch-294912,stride16-clang18-scalar,branch,cycles,548735143,250034727,250034727
1,stride16-clang18-scalar-r0-stride16_scan-scalar-warm-branch-294912,stride16-clang18-scalar,branch,branches,18562913,250033046,250033046
1,stride16-clang18-scalar-r0-stride16_scan-scalar-warm-branch-294912,stride16-clang18-scalar,branch,branch_misses,30434,250029529,250029529
1,stride16-clang18-scalar-r0-stride16_scan-scalar-warm-branch-8388608,stride16-clang18-scalar,branch,cycles,549133539,250222988,250222988
1,stride16-clang18-scalar-r0-stride16_scan-scalar-warm-branch-8388608,stride16-clang18-scalar,branch,branches,10163483,250222692,250222692
1,stride16-clang18-scalar-r0-stride16_scan-scalar-warm-branch-8388608,stride16-clang18-scalar,branch,branch_misses,672,250218490,250218490
1,stride16-clang18-scalar-r0-stride16_scan-scalar-warm-basic-393216,stride16-clang18-scalar,basic,cycles,548745072,250039133,250039133
1,stride16-clang18-scalar-r0-stride16_scan-scalar-warm-basic-393216,stride16-clang18-scalar,basic,instructions,279363111,250037400,250037400
1,stride16-clang18-scalar-r0-stride16_scan-scalar-warm-basic-393216,stride16-clang18-scalar,basic,ref_cycles,548747012,250034581,250034581
1,stride16-clang18-scalar-r0-stride16_scan-scalar-warm-branch-4194304,stride16-clang18-scalar,branch,cycles,548945795,250135305,250135305
1,stride16-clang18-scalar-r0-stride16_scan-scalar-warm-branch-4194304,stride16-clang18-scalar,branch,branches,14660643,250134338,250134338
1,stride16-clang18-scalar-r0-stride16_scan-scalar-warm-branch-4194304,stride16-clang18-scalar,branch,branch_misses,1835,250129949,250129949
1,stride16-clang18-scalar-r0-stride16_scan-scalar-warm-branch-2097152,stride16-clang18-scalar,branch,cycles,548786273,250059186,250059186
1,stride16-clang18-scalar-r0-stride16_scan-scalar-warm-branch-2097152,stride16-clang18-scalar,branch,branches,14747789,250056575,250056575
1,stride16-clang18-scalar-r0-stride16_scan-scalar-warm-branch-2097152,stride16-clang18-scalar,branch,branch_misses,3613,250052757,250052757
1,stride16-clang18-scalar-r0-stride16_scan-scalar-warm-basic-262144,stride16-clang18-scalar,basic,cycles,548740516,250036397,250036397
1,stride16-clang18-scalar-r0-stride16_scan-scalar-warm-basic-262144,stride16-clang18-scalar,basic,instructions,437176231,250033268,250033268
1,stride16-clang18-scalar-r0-stride16_scan-scalar-warm-basic-262144,stride16-clang18-scalar,basic,ref_cycles,548741732,250029180,250029180
1,stride16-clang18-scalar-r0-stride16_scan-scalar-warm-basic-33554432,stride16-clang18-scalar,basic,cycles,549056715,250187129,250187129
1,stride16-clang18-scalar-r0-stride16_scan-scalar-warm-basic-33554432,stride16-clang18-scalar,basic,instructions,129517185,250186096,250186096
1,stride16-clang18-scalar-r0-stride16_scan-scalar-warm-basic-33554432,stride16-clang18-scalar,basic,ref_cycles,549059214,250182170,250182170
1,stride16-clang18-scalar-r0-stride16_scan-scalar-warm-branch-196608,stride16-clang18-scalar,branch,cycles,548737466,250037842,250037842
1,stride16-clang18-scalar-r0-stride16_scan-scalar-warm-branch-196608,stride16-clang18-scalar,branch,branches,26867917,250035821,250035821
1,stride16-clang18-scalar-r0-stride16_scan-scalar-warm-branch-196608,stride16-clang18-scalar,branch,branch_misses,64196,250032191,250032191
1,stride16-clang18-scalar-r0-stride16_scan-scalar-warm-branch-49152,stride16-clang18-scalar,branch,cycles,548731433,250032161,250032161
1,stride16-clang18-scalar-r0-stride16_scan-scalar-warm-branch-49152,stride16-clang18-scalar,branch,branches,35478172,250029184,250029184
1,stride16-clang18-scalar-r0-stride16_scan-scalar-warm-branch-49152,stride16-clang18-scalar,branch,branch_misses,270945,250025564,250025564
1,stride16-clang18-scalar-r0-stride16_scan-scalar-cache_evicted-basic-33554432,stride16-clang18-scalar,basic,cycles,549164805,250237319,250237319
1,stride16-clang18-scalar-r0-stride16_scan-scalar-cache_evicted-basic-33554432,stride16-clang18-scalar,basic,instructions,130762537,250236075,250236075
1,stride16-clang18-scalar-r0-stride16_scan-scalar-cache_evicted-basic-33554432,stride16-clang18-scalar,basic,ref_cycles,549168136,250232703,250232703
1,stride16-clang18-scalar-r0-stride16_scan-scalar-cache_evicted-basic-262144,stride16-clang18-scalar,basic,cycles,548734754,250034616,250034616
1,stride16-clang18-scalar-r0-stride16_scan-scalar-cache_evicted-basic-262144,stride16-clang18-scalar,basic,instructions,437077503,250032047,250032047
1,stride16-clang18-scalar-r0-stride16_scan-scalar-cache_evicted-basic-262144,stride16-clang18-scalar,basic,ref_cycles,548736518,250028519,250028519
1,stride16-clang18-scalar-r0-stride16_scan-scalar-warm-branch-98304,stride16-clang18-scalar,branch,cycles,548715781,250035096,250035096
1,stride16-clang18-scalar-r0-stride16_scan-scalar-warm-branch-98304,stride16-clang18-scalar,branch,branches,32728233,250034060,250034060
1,stride16-clang18-scalar-r0-stride16_scan-scalar-warm-branch-98304,stride16-clang18-scalar,branch,branch_misses,144277,250030674,250030674
1,stride16-clang18-scalar-r1-stride16_scan-scalar-warm-branch-1048576,stride16-clang18-scalar,branch,cycles,548768914,250051915,250051915
1,stride16-clang18-scalar-r1-stride16_scan-scalar-warm-branch-1048576,stride16-clang18-scalar,branch,branches,14851925,250049526,250049526
1,stride16-clang18-scalar-r1-stride16_scan-scalar-warm-branch-1048576,stride16-clang18-scalar,branch,branch_misses,7186,250045390,250045390
1,stride16-clang18-scalar-r1-stride16_scan-scalar-warm-branch-12582912,stride16-clang18-scalar,branch,cycles,549776607,250517733,250517733
1,stride16-clang18-scalar-r1-stride16_scan-scalar-warm-branch-12582912,stride16-clang18-scalar,branch,branches,7949472,250517381,250517381
1,stride16-clang18-scalar-r1-stride16_scan-scalar-warm-branch-12582912,stride16-clang18-scalar,branch,branch_misses,370,250513208,250513208
1,stride16-clang18-scalar-r1-stride16_scan-scalar-warm-branch-16384,stride16-clang18-scalar,branch,cycles,548731031,250033358,250033358
1,stride16-clang18-scalar-r1-stride16_scan-scalar-warm-branch-16384,stride16-clang18-scalar,branch,branches,157667648,250031627,250031627
1,stride16-clang18-scalar-r1-stride16_scan-scalar-warm-branch-16384,stride16-clang18-scalar,branch,branch_misses,7781,250028490,250028490
1,stride16-clang18-scalar-r1-stride16_scan-scalar-warm-basic-1048576,stride16-clang18-scalar,basic,cycles,548754078,250043702,250043702
1,stride16-clang18-scalar-r1-stride16_scan-scalar-warm-basic-1048576,stride16-clang18-scalar,basic,instructions,278484657,250042216,250042216
1,stride16-clang18-scalar-r1-stride16_scan-scalar-warm-basic-1048576,stride16-clang18-scalar,basic,ref_cycles,548756846,250038673,250038673
1,stride16-clang18-scalar-r1-stride16_scan-scalar-warm-basic-7340032,stride16-clang18-scalar,basic,cycles,549002484,250162521,250162521
1,stride16-clang18-scalar-r1-stride16_scan-scalar-warm-basic-7340032,stride16-clang18-scalar,basic,instructions,212863689,250163169,250163169
1,stride16-clang18-scalar-r1-stride16_scan-scalar-warm-basic-7340032,stride16-clang18-scalar,basic,ref_cycles,549005952,250159772,250159772
1,stride16-clang18-scalar-r1-stride16_scan-scalar-warm-branch-134217728,stride16-clang18-scalar,branch,cycles,550412190,250807772,250807772
1,stride16-clang18-scalar-r1-stride16_scan-scalar-warm-branch-134217728,stride16-clang18-scalar,branch,branches,6816773,250807255,250807255
1,stride16-clang18-scalar-r1-stride16_scan-scalar-warm-branch-134217728,stride16-clang18-scalar,branch,branch_misses,65,250803447,250803447
1,stride16-clang18-scalar-r1-stride16_scan-scalar-cache_evicted-branch-6291456,stride16-clang18-scalar,branch,cycles,549110704,250212644,250212644
1,stride16-clang18-scalar-r1-stride16_scan-scalar-cache_evicted-branch-6291456,stride16-clang18-scalar,branch,branches,12372414,250212459,250212459
1,stride16-clang18-scalar-r1-stride16_scan-scalar-cache_evicted-branch-6291456,stride16-clang18-scalar,branch,branch_misses,1056,250208395,250208395
1,stride16-clang18-scalar-r1-stride16_scan-scalar-warm-branch-49152,stride16-clang18-scalar,branch,cycles,548732151,250033552,250033552
1,stride16-clang18-scalar-r1-stride16_scan-scalar-warm-branch-49152,stride16-clang18-scalar,branch,branches,36343411,250030849,250030849
1,stride16-clang18-scalar-r1-stride16_scan-scalar-warm-branch-49152,stride16-clang18-scalar,branch,branch_misses,277554,250026823,250026823
1,stride16-clang18-scalar-r1-stride16_scan-scalar-warm-basic-16384,stride16-clang18-scalar,basic,cycles,548730537,250031024,250031024
1,stride16-clang18-scalar-r1-stride16_scan-scalar-warm-basic-16384,stride16-clang18-scalar,basic,instructions,1829550872,250028115,250028115
1,stride16-clang18-scalar-r1-stride16_scan-scalar-warm-basic-16384,stride16-clang18-scalar,basic,ref_cycles,548731964,250024592,250024592
1,stride16-clang18-scalar-r1-stride16_scan-scalar-cache_evicted-branch-1048576,stride16-clang18-scalar,branch,cycles,548742623,250040212,250040212
1,stride16-clang18-scalar-r1-stride16_scan-scalar-cache_evicted-branch-1048576,stride16-clang18-scalar,branch,branches,14847766,250038083,250038083
1,stride16-clang18-scalar-r1-stride16_scan-scalar-cache_evicted-branch-1048576,stride16-clang18-scalar,branch,branch_misses,7181,250034000,250034000
1,stride16-clang18-scalar-r1-stride16_scan-scalar-cache_evicted-branch-32768,stride16-clang18-scalar,branch,cycles,548731124,250034807,250034807
1,stride16-clang18-scalar-r1-stride16_scan-scalar-cache_evicted-branch-32768,stride16-clang18-scalar,branch,branches,102380923,250033376,250033376
1,stride16-clang18-scalar-r1-stride16_scan-scalar-cache_evicted-branch-32768,stride16-clang18-scalar,branch,branch_misses,1034477,250029586,250029586
1,stride16-clang18-scalar-r1-stride16_scan-scalar-warm-branch-131072,stride16-clang18-scalar,branch,cycles,548731364,250035175,250035175
1,stride16-clang18-scalar-r1-stride16_scan-scalar-warm-branch-131072,stride16-clang18-scalar,branch,branches,32107941,250033178,250033178
1,stride16-clang18-scalar-r1-stride16_scan-scalar-warm-branch-131072,stride16-clang18-scalar,branch,branch_misses,109309,250029796,250029796
1,stride16-clang18-scalar-r1-stride16_scan-scalar-warm-basic-6291456,stride16-clang18-scalar,basic,cycles,549085395,250198921,250198921
1,stride16-clang18-scalar-r1-stride16_scan-scalar-warm-basic-6291456,stride16-clang18-scalar,basic,instructions,225930457,250198521,250198521
1,stride16-clang18-scalar-r1-stride16_scan-scalar-warm-basic-6291456,stride16-clang18-scalar,basic,ref_cycles,549088848,250195033,250195033
1,stride16-clang18-scalar-r1-stride16_scan-scalar-cache_evicted-branch-536870912,stride16-clang18-scalar,branch,cycles,598510054,272719614,272719614
1,stride16-clang18-scalar-r1-stride16_scan-scalar-cache_evicted-branch-536870912,stride16-clang18-scalar,branch,branches,7340396,272718583,272718583
1,stride16-clang18-scalar-r1-stride16_scan-scalar-cache_evicted-branch-536870912,stride16-clang18-scalar,branch,branch_misses,50,272714669,272714669
1,stride16-clang18-scalar-r1-stride16_scan-scalar-warm-basic-8192,stride16-clang18-scalar,basic,cycles,548730465,250031947,250031947
1,stride16-clang18-scalar-r1-stride16_scan-scalar-warm-basic-8192,stride16-clang18-scalar,basic,instructions,1686892999,250028694,250028694
1,stride16-clang18-scalar-r1-stride16_scan-scalar-warm-basic-8192,stride16-clang18-scalar,basic,ref_cycles,548731942,250024949,250024949
1,stride16-clang18-scalar-r1-stride16_scan-scalar-cache_evicted-basic-536870912,stride16-clang18-scalar,basic,cycles,596096803,271618994,271618994
1,stride16-clang18-scalar-r1-stride16_scan-scalar-cache_evicted-basic-536870912,stride16-clang18-scalar,basic,instructions,139462361,271618778,271618778
1,stride16-clang18-scalar-r1-stride16_scan-scalar-cache_evicted-basic-536870912,stride16-clang18-scalar,basic,ref_cycles,596100560,271615253,271615253
1,stride16-clang18-scalar-r1-stride16_scan-scalar-cache_evicted-basic-1048576,stride16-clang18-scalar,basic,cycles,548734535,250034209,250034209
1,stride16-clang18-scalar-r1-stride16_scan-scalar-cache_evicted-basic-1048576,stride16-clang18-scalar,basic,instructions,278640984,250032725,250032725
1,stride16-clang18-scalar-r1-stride16_scan-scalar-cache_evicted-basic-1048576,stride16-clang18-scalar,basic,ref_cycles,548737134,250029120,250029120
1,stride16-clang18-scalar-r1-stride16_scan-scalar-warm-branch-28672,stride16-clang18-scalar,branch,cycles,548730392,250032713,250032713
1,stride16-clang18-scalar-r1-stride16_scan-scalar-warm-branch-28672,stride16-clang18-scalar,branch,branches,131560606,250028935,250028935
1,stride16-clang18-scalar-r1-stride16_scan-scalar-warm-branch-28672,stride16-clang18-scalar,branch,branch_misses,1446129,250024826,250024826
1,stride16-clang18-scalar-r1-stride16_scan-scalar-warm-branch-524288,stride16-clang18-scalar,branch,cycles,548764815,250048426,250048426
1,stride16-clang18-scalar-r1-stride16_scan-scalar-warm-branch-524288,stride16-clang18-scalar,branch,branches,15059149,250047049,250047049
1,stride16-clang18-scalar-r1-stride16_scan-scalar-warm-branch-524288,stride16-clang18-scalar,branch,branch_misses,14280,250043554,250043554
1,stride16-clang18-scalar-r1-stride16_scan-scalar-warm-basic-32768,stride16-clang18-scalar,basic,cycles,548731018,250032299,250032299
1,stride16-clang18-scalar-r1-stride16_scan-scalar-warm-basic-32768,stride16-clang18-scalar,basic,instructions,1556918565,250030285,250030285
1,stride16-clang18-scalar-r1-stride16_scan-scalar-warm-basic-32768,stride16-clang18-scalar,basic,ref_cycles,548732844,250026849,250026849
1,stride16-clang18-scalar-r1-stride16_scan-scalar-warm-basic-294912,stride16-clang18-scalar,basic,cycles,548744859,250038333,250038333
1,stride16-clang18-scalar-r1-stride16_scan-scalar-warm-basic-294912,stride16-clang18-scalar,basic,instructions,327560148,250035429,250035429
1,stride16-clang18-scalar-r1-stride16_scan-scalar-warm-basic-294912,stride16-clang18-scalar,basic,ref_cycles,548746814,250032072,250032072
1,stride16-clang18-scalar-r1-stride16_scan-scalar-cache_evicted-basic-32768,stride16-clang18-scalar,basic,cycles,548731083,250032959,250032959
1,stride16-clang18-scalar-r1-stride16_scan-scalar-cache_evicted-basic-32768,stride16-clang18-scalar,basic,instructions,1616274525,250031825,250031825
1,stride16-clang18-scalar-r1-stride16_scan-scalar-cache_evicted-basic-32768,stride16-clang18-scalar,basic,ref_cycles,548732976,250028726,250028726
1,stride16-clang18-scalar-r1-stride16_scan-scalar-warm-branch-7340032,stride16-clang18-scalar,branch,cycles,549366744,250329173,250329173
1,stride16-clang18-scalar-r1-stride16_scan-scalar-warm-branch-7340032,stride16-clang18-scalar,branch,branches,10332870,250328057,250328057
1,stride16-clang18-scalar-r1-stride16_scan-scalar-warm-branch-7340032,stride16-clang18-scalar,branch,branch_misses,768,250324690,250324690
1,stride16-clang18-scalar-r1-stride16_scan-scalar-warm-basic-536870912,stride16-clang18-scalar,basic,cycles,595632892,271406858,271406858
1,stride16-clang18-scalar-r1-stride16_scan-scalar-warm-basic-536870912,stride16-clang18-scalar,basic,instructions,139462361,271407100,271407100
1,stride16-clang18-scalar-r1-stride16_scan-scalar-warm-basic-536870912,stride16-clang18-scalar,basic,ref_cycles,595636360,271403972,271403972
1,stride16-clang18-scalar-r1-stride16_scan-scalar-warm-branch-8388608,stride16-clang18-scalar,branch,cycles,549564981,250420516,250420516
1,stride16-clang18-scalar-r1-stride16_scan-scalar-warm-branch-8388608,stride16-clang18-scalar,branch,branches,9851519,250420039,250420039
1,stride16-clang18-scalar-r1-stride16_scan-scalar-warm-branch-8388608,stride16-clang18-scalar,branch,branch_misses,649,250415875,250415875
1,stride16-clang18-scalar-r1-stride16_scan-scalar-warm-basic-8388608,stride16-clang18-scalar,basic,cycles,549102098,250208096,250208096
1,stride16-clang18-scalar-r1-stride16_scan-scalar-warm-basic-8388608,stride16-clang18-scalar,basic,instructions,187813369,250208949,250208949
1,stride16-clang18-scalar-r1-stride16_scan-scalar-warm-basic-8388608,stride16-clang18-scalar,basic,ref_cycles,549106316,250205944,250205944
1,stride16-clang18-scalar-r1-stride16_scan-scalar-warm-branch-5242880,stride16-clang18-scalar,branch,cycles,548943483,250135588,250135588
1,stride16-clang18-scalar-r1-stride16_scan-scalar-warm-branch-5242880,stride16-clang18-scalar,branch,branches,13316519,250135596,250135596
1,stride16-clang18-scalar-r1-stride16_scan-scalar-warm-branch-5242880,stride16-clang18-scalar,branch,branch_misses,1346,250131361,250131361
1,stride16-clang18-scalar-r1-stride16_scan-scalar-warm-branch-36864,stride16-clang18-scalar,branch,cycles,548731962,250034244,250034244
1,stride16-clang18-scalar-r1-stride16_scan-scalar-warm-branch-36864,stride16-clang18-scalar,branch,branches,39007765,250032879,250032879
1,stride16-clang18-scalar-r1-stride16_scan-scalar-warm-branch-36864,stride16-clang18-scalar,branch,branch_misses,364690,250029349,250029349
1,stride16-clang18-scalar-r1-stride16_scan-scalar-warm-branch-6291456,stride16-clang18-scalar,branch,cycles,549108320,250211962,250211962
1,stride16-clang18-scalar-r1-stride16_scan-scalar-warm-branch-6291456,stride16-clang18-scalar,branch,branches,11793230,250211051,250211051
1,stride16-clang18-scalar-r1-stride16_scan-scalar-warm-branch-6291456,stride16-clang18-scalar,branch,branch_misses,1000,250206564,250206564
1,stride16-clang18-scalar-r1-stride16_scan-scalar-warm-branch-196608,stride16-clang18-scalar,branch,cycles,548736072,250035149,250035149
1,stride16-clang18-scalar-r1-stride16_scan-scalar-warm-branch-196608,stride16-clang18-scalar,branch,branches,23632582,250032652,250032652
1,stride16-clang18-scalar-r1-stride16_scan-scalar-warm-branch-196608,stride16-clang18-scalar,branch,branch_misses,56459,250028906,250028906
1,stride16-clang18-scalar-r1-stride16_scan-scalar-cache_evicted-basic-6291456,stride16-clang18-scalar,basic,cycles,548912538,250119860,250119860
1,stride16-clang18-scalar-r1-stride16_scan-scalar-cache_evicted-basic-6291456,stride16-clang18-scalar,basic,instructions,229435057,250120756,250120756
1,stride16-clang18-scalar-r1-stride16_scan-scalar-cache_evicted-basic-6291456,stride16-clang18-scalar,basic,ref_cycles,548915950,250117571,250117571
1,stride16-clang18-scalar-r1-stride16_scan-scalar-warm-basic-65536,stride16-clang18-scalar,basic,cycles,548732607,250033786,250033786
1,stride16-clang18-scalar-r1-stride16_scan-scalar-warm-basic-65536,stride16-clang18-scalar,basic,instructions,540055336,250031710,250031710
1,stride16-clang18-scalar-r1-stride16_scan-scalar-warm-basic-65536,stride16-clang18-scalar,basic,ref_cycles,548734692,250028352,250028352
1,stride16-clang18-scalar-r1-stride16_scan-scalar-warm-branch-393216,stride16-clang18-scalar,branch,cycles,548740563,250038603,250038603
1,stride16-clang18-scalar-r1-stride16_scan-scalar-warm-branch-393216,stride16-clang18-scalar,branch,branches,15873866,250035915,250035915
1,stride16-clang18-scalar-r1-stride16_scan-scalar-warm-branch-393216,stride16-clang18-scalar,branch,branch_misses,19836,250032538,250032538
1,stride16-clang18-scalar-r1-stride16_scan-scalar-cache_evicted-basic-33554432,stride16-clang18-scalar,basic,cycles,549968358,250603765,250603765
1,stride16-clang18-scalar-r1-stride16_scan-scalar-cache_evicted-basic-33554432,stride16-clang18-scalar,basic,instructions,130762537,250604223,250604223
1,stride16-clang18-scalar-r1-stride16_scan-scalar-cache_evicted-basic-33554432,stride16-clang18-scalar,basic,ref_cycles,549971972,250601210,250601210
1,stride16-clang18-scalar-r1-stride16_scan-scalar-cache_evicted-basic-262144,stride16-clang18-scalar,basic,cycles,548735821,250034971,250034971
1,stride16-clang18-scalar-r1-stride16_scan-scalar-cache_evicted-basic-262144,stride16-clang18-scalar,basic,instructions,353298398,250032703,250032703
1,stride16-clang18-scalar-r1-stride16_scan-scalar-cache_evicted-basic-262144,stride16-clang18-scalar,basic,ref_cycles,548737464,250029528,250029528
1,stride16-clang18-scalar-r1-stride16_scan-scalar-warm-branch-536870912,stride16-clang18-scalar,branch,cycles,596247081,271688215,271688215
1,stride16-clang18-scalar-r1-stride16_scan-scalar-warm-branch-536870912,stride16-clang18-scalar,branch,branches,7340396,271687830,271687830
1,stride16-clang18-scalar-r1-stride16_scan-scalar-warm-branch-536870912,stride16-clang18-scalar,branch,branch_misses,49,271684064,271684064
1,stride16-clang18-scalar-r1-stride16_scan-scalar-warm-basic-134217728,stride16-clang18-scalar,basic,cycles,550392862,250796540,250796540
1,stride16-clang18-scalar-r1-stride16_scan-scalar-warm-basic-134217728,stride16-clang18-scalar,basic,instructions,129504081,250796754,250796754
1,stride16-clang18-scalar-r1-stride16_scan-scalar-warm-basic-134217728,stride16-clang18-scalar,basic,ref_cycles,550396748,250793454,250793454
1,stride16-clang18-scalar-r1-stride16_scan-scalar-warm-branch-98304,stride16-clang18-scalar,branch,cycles,548731765,250033776,250033776
1,stride16-clang18-scalar-r1-stride16_scan-scalar-warm-branch-98304,stride16-clang18-scalar,branch,branches,32027417,250032054,250032054
1,stride16-clang18-scalar-r1-stride16_scan-scalar-warm-branch-98304,stride16-clang18-scalar,branch,branch_misses,141166,250028567,250028567
1,stride16-clang18-scalar-r1-stride16_scan-scalar-cache_evicted-basic-8388608,stride16-clang18-scalar,basic,cycles,549123300,250218158,250218158
1,stride16-clang18-scalar-r1-stride16_scan-scalar-cache_evicted-basic-8388608,stride16-clang18-scalar,basic,instructions,193108263,250218286,250218286
1,stride16-clang18-scalar-r1-stride16_scan-scalar-cache_evicted-basic-8388608,stride16-clang18-scalar,basic,ref_cycles,549126732,250214899,250214899
1,stride16-clang18-scalar-r1-stride16_scan-scalar-warm-basic-24576,stride16-clang18-scalar,basic,cycles,548730965,250032352,250032352
1,stride16-clang18-scalar-r1-stride16_scan-scalar-warm-basic-24576,stride16-clang18-scalar,basic,instructions,1793560972,250030739,250030739
1,stride16-clang18-scalar-r1-stride16_scan-scalar-warm-basic-24576,stride16-clang18-scalar,basic,ref_cycles,548732954,250027259,250027259
1,stride16-clang18-scalar-r1-stride16_scan-scalar-warm-branch-229376,stride16-clang18-scalar,branch,cycles,548732064,250034795,250034795
1,stride16-clang18-scalar-r1-stride16_scan-scalar-warm-branch-229376,stride16-clang18-scalar,branch,branches,27817607,250033481,250033481
1,stride16-clang18-scalar-r1-stride16_scan-scalar-warm-branch-229376,stride16-clang18-scalar,branch,branch_misses,57669,250030086,250030086
1,stride16-clang18-scalar-r1-stride16_scan-scalar-warm-basic-98304,stride16-clang18-scalar,basic,cycles,548731946,250033946,250033946
1,stride16-clang18-scalar-r1-stride16_scan-scalar-warm-basic-98304,stride16-clang18-scalar,basic,instructions,534668227,250032084,250032084
1,stride16-clang18-scalar-r1-stride16_scan-scalar-warm-basic-98304,stride16-clang18-scalar,basic,ref_cycles,548734384,250028978,250028978
1,stride16-clang18-scalar-r1-stride16_scan-scalar-warm-basic-2097152,stride16-clang18-scalar,basic,cycles,548812575,250070844,250070844
1,stride16-clang18-scalar-r1-stride16_scan-scalar-warm-basic-2097152,stride16-clang18-scalar,basic,instructions,278446345,250068390,250068390
1,stride16-clang18-scalar-r1-stride16_scan-scalar-warm-basic-2097152,stride16-clang18-scalar,basic,ref_cycles,548814354,250065225,250065225
1,stride16-clang18-scalar-r1-stride16_scan-scalar-warm-basic-196608,stride16-clang18-scalar,basic,cycles,548737190,250035186,250035186
1,stride16-clang18-scalar-r1-stride16_scan-scalar-warm-basic-196608,stride16-clang18-scalar,basic,instructions,464963139,250033136,250033136
1,stride16-clang18-scalar-r1-stride16_scan-scalar-warm-basic-196608,stride16-clang18-scalar,basic,ref_cycles,548739378,250029752,250029752
1,stride16-clang18-scalar-r1-stride16_scan-scalar-warm-basic-524288,stride16-clang18-scalar,basic,cycles,548736127,250035539,250035539
1,stride16-clang18-scalar-r1-stride16_scan-scalar-warm-basic-524288,stride16-clang18-scalar,basic,instructions,279132374,250033185,250033185
1,stride16-clang18-scalar-r1-stride16_scan-scalar-warm-basic-524288,stride16-clang18-scalar,basic,ref_cycles,548737838,250030271,250030271
1,stride16-clang18-scalar-r1-stride16_scan-scalar-warm-basic-131072,stride16-clang18-scalar,basic,cycles,548734461,250033705,250033705
1,stride16-clang18-scalar-r1-stride16_scan-scalar-warm-basic-131072,stride16-clang18-scalar,basic,instructions,552388622,250029996,250029996
1,stride16-clang18-scalar-r1-stride16_scan-scalar-warm-basic-131072,stride16-clang18-scalar,basic,ref_cycles,548735330,250026437,250026437
1,stride16-clang18-scalar-r1-stride16_scan-scalar-warm-basic-33554432,stride16-clang18-scalar,basic,cycles,553214207,252081237,252081237
1,stride16-clang18-scalar-r1-stride16_scan-scalar-warm-basic-33554432,stride16-clang18-scalar,basic,instructions,132007889,252080973,252080973
1,stride16-clang18-scalar-r1-stride16_scan-scalar-warm-basic-33554432,stride16-clang18-scalar,basic,ref_cycles,553217962,252077599,252077599
1,stride16-clang18-scalar-r1-stride16_scan-scalar-warm-branch-294912,stride16-clang18-scalar,branch,cycles,548734792,250035202,250035202
1,stride16-clang18-scalar-r1-stride16_scan-scalar-warm-branch-294912,stride16-clang18-scalar,branch,branches,19842379,250032722,250032722
1,stride16-clang18-scalar-r1-stride16_scan-scalar-warm-branch-294912,stride16-clang18-scalar,branch,branch_misses,32542,250029154,250029154
1,stride16-clang18-scalar-r1-stride16_scan-scalar-cache_evicted-branch-8388608,stride16-clang18-scalar,branch,cycles,548766782,250055668,250055668
1,stride16-clang18-scalar-r1-stride16_scan-scalar-cache_evicted-branch-8388608,stride16-clang18-scalar,branch,branches,10212743,250055718,250055718
1,stride16-clang18-scalar-r1-stride16_scan-scalar-cache_evicted-branch-8388608,stride16-clang18-scalar,branch,branch_misses,672,250051737,250051737
1,stride16-clang18-scalar-r1-stride16_scan-scalar-warm-basic-262144,stride16-clang18-scalar,basic,cycles,548736896,250035407,250035407
1,stride16-clang18-scalar-r1-stride16_scan-scalar-warm-basic-262144,stride16-clang18-scalar,basic,instructions,391258833,250034236,250034236
1,stride16-clang18-scalar-r1-stride16_scan-scalar-warm-basic-262144,stride16-clang18-scalar,basic,ref_cycles,548739708,250031821,250031821
1,stride16-clang18-scalar-r1-stride16_scan-scalar-warm-basic-49152,stride16-clang18-scalar,basic,cycles,548731036,250031792,250031792
1,stride16-clang18-scalar-r1-stride16_scan-scalar-warm-basic-49152,stride16-clang18-scalar,basic,instructions,551844586,250028526,250028526
1,stride16-clang18-scalar-r1-stride16_scan-scalar-warm-basic-49152,stride16-clang18-scalar,basic,ref_cycles,548732030,250025064,250025064
1,stride16-clang18-scalar-r1-stride16_scan-scalar-warm-branch-8192,stride16-clang18-scalar,branch,cycles,548730395,250032002,250032002
1,stride16-clang18-scalar-r1-stride16_scan-scalar-warm-branch-8192,stride16-clang18-scalar,branch,branches,189894064,250029261,250029261
1,stride16-clang18-scalar-r1-stride16_scan-scalar-warm-branch-8192,stride16-clang18-scalar,branch,branch_misses,573,250025693,250025693
1,stride16-clang18-scalar-r1-stride16_scan-scalar-warm-branch-24576,stride16-clang18-scalar,branch,cycles,548731028,250033354,250033354
1,stride16-clang18-scalar-r1-stride16_scan-scalar-warm-branch-24576,stride16-clang18-scalar,branch,branches,136498521,250032473,250032473
1,stride16-clang18-scalar-r1-stride16_scan-scalar-warm-branch-24576,stride16-clang18-scalar,branch,branch_misses,1644986,250028565,250028565
1,stride16-clang18-scalar-r1-stride16_scan-scalar-cache_evicted-branch-262144,stride16-clang18-scalar,branch,cycles,548739068,250037140,250037140
1,stride16-clang18-scalar-r1-stride16_scan-scalar-cache_evicted-branch-262144,stride16-clang18-scalar,branch,branches,23762367,250034659,250034659
1,stride16-clang18-scalar-r1-stride16_scan-scalar-cache_evicted-branch-262144,stride16-clang18-scalar,branch,branch_misses,43497,250030842,250030842
1,stride16-clang18-scalar-r1-stride16_scan-scalar-warm-branch-32768,stride16-clang18-scalar,branch,cycles,548730681,250031971,250031971
1,stride16-clang18-scalar-r1-stride16_scan-scalar-warm-branch-32768,stride16-clang18-scalar,branch,branches,108834890,250029080,250029080
1,stride16-clang18-scalar-r1-stride16_scan-scalar-warm-branch-32768,stride16-clang18-scalar,branch,branch_misses,1099652,250025339,250025339
1,stride16-clang18-scalar-r1-stride16_scan-scalar-warm-basic-229376,stride16-clang18-scalar,basic,cycles,548730720,250031498,250031498
1,stride16-clang18-scalar-r1-stride16_scan-scalar-warm-basic-229376,stride16-clang18-scalar,basic,instructions,332826573,250029139,250029139
1,stride16-clang18-scalar-r1-stride16_scan-scalar-warm-basic-229376,stride16-clang18-scalar,basic,ref_cycles,548732888,250025761,250025761
1,stride16-clang18-scalar-r1-stride16_scan-scalar-warm-basic-393216,stride16-clang18-scalar,basic,cycles,548732153,250032145,250032145
1,stride16-clang18-scalar-r1-stride16_scan-scalar-warm-basic-393216,stride16-clang18-scalar,basic,instructions,306757671,250028928,250028928
1,stride16-clang18-scalar-r1-stride16_scan-scalar-warm-basic-393216,stride16-clang18-scalar,basic,ref_cycles,548733394,250025363,250025363
1,stride16-clang18-scalar-r1-stride16_scan-scalar-warm-branch-4194304,stride16-clang18-scalar,branch,cycles,548805617,250070823,250070823
1,stride16-clang18-scalar-r1-stride16_scan-scalar-warm-branch-4194304,stride16-clang18-scalar,branch,branches,14594817,250070793,250070793
1,stride16-clang18-scalar-r1-stride16_scan-scalar-warm-branch-4194304,stride16-clang18-scalar,branch,branch_misses,1821,250066979,250066979
1,stride16-clang18-scalar-r1-stride16_scan-scalar-warm-basic-28672,stride16-clang18-scalar,basic,cycles,548731335,250032847,250032847
1,stride16-clang18-scalar-r1-stride16_scan-scalar-warm-basic-28672,stride16-clang18-scalar,basic,instructions,1748974296,250030979,250030979
1,stride16-clang18-scalar-r1-stride16_scan-scalar-warm-basic-28672,stride16-clang18-scalar,basic,ref_cycles,548733900,250027840,250027840
1,stride16-clang18-scalar-r1-stride16_scan-scalar-warm-basic-4194304,stride16-clang18-scalar,basic,cycles,548734550,250036382,250036382
1,stride16-clang18-scalar-r1-stride16_scan-scalar-warm-basic-4194304,stride16-clang18-scalar,basic,instructions,277353057,250035840,250035840
1,stride16-clang18-scalar-r1-stride16_scan-scalar-warm-basic-4194304,stride16-clang18-scalar,basic,ref_cycles,548737244,250032282,250032282
1,stride16-clang18-scalar-r1-stride16_scan-scalar-warm-branch-65536,stride16-clang18-scalar,branch,cycles,548731909,250033209,250033209
1,stride16-clang18-scalar-r1-stride16_scan-scalar-warm-branch-65536,stride16-clang18-scalar,branch,branches,34066771,250029096,250029096
1,stride16-clang18-scalar-r1-stride16_scan-scalar-warm-branch-65536,stride16-clang18-scalar,branch,branch_misses,209084,250024994,250024994
1,stride16-clang18-scalar-r1-stride16_scan-scalar-warm-basic-12582912,stride16-clang18-scalar,basic,cycles,550367280,250783949,250783949
1,stride16-clang18-scalar-r1-stride16_scan-scalar-warm-basic-12582912,stride16-clang18-scalar,basic,instructions,134995945,250784537,250784537
1,stride16-clang18-scalar-r1-stride16_scan-scalar-warm-basic-12582912,stride16-clang18-scalar,basic,ref_cycles,550370832,250781532,250781532
1,stride16-clang18-scalar-r1-stride16_scan-scalar-warm-branch-33554432,stride16-clang18-scalar,branch,cycles,548876569,250107306,250107306
1,stride16-clang18-scalar-r1-stride16_scan-scalar-warm-branch-33554432,stride16-clang18-scalar,branch,branches,6885074,250107390,250107390
1,stride16-clang18-scalar-r1-stride16_scan-scalar-warm-branch-33554432,stride16-clang18-scalar,branch,branch_misses,142,250103640,250103640
1,stride16-clang18-scalar-r1-stride16_scan-scalar-warm-branch-2097152,stride16-clang18-scalar,branch,cycles,548872129,250098026,250098026
1,stride16-clang18-scalar-r1-stride16_scan-scalar-warm-branch-2097152,stride16-clang18-scalar,branch,branches,14743661,250095262,250095262
1,stride16-clang18-scalar-r1-stride16_scan-scalar-warm-branch-2097152,stride16-clang18-scalar,branch,branch_misses,3620,250091920,250091920
1,stride16-clang18-scalar-r1-stride16_scan-scalar-cache_evicted-branch-33554432,stride16-clang18-scalar,branch,cycles,553241003,252095624,252095624
1,stride16-clang18-scalar-r1-stride16_scan-scalar-cache_evicted-branch-33554432,stride16-clang18-scalar,branch,branches,6950645,252096179,252096179
1,stride16-clang18-scalar-r1-stride16_scan-scalar-cache_evicted-branch-33554432,stride16-clang18-scalar,branch,branch_misses,149,252092273,252092273
1,stride16-clang18-scalar-r1-stride16_scan-scalar-warm-basic-5242880,stride16-clang18-scalar,basic,cycles,548869542,250100072,250100072
1,stride16-clang18-scalar-r1-stride16_scan-scalar-warm-basic-5242880,stride16-clang18-scalar,basic,instructions,271061971,250100528,250100528
1,stride16-clang18-scalar-r1-stride16_scan-scalar-warm-basic-5242880,stride16-clang18-scalar,basic,ref_cycles,548873864,250097083,250097083
1,stride16-clang18-scalar-r1-stride16_scan-scalar-warm-basic-36864,stride16-clang18-scalar,basic,cycles,548732324,250033215,250033215
1,stride16-clang18-scalar-r1-stride16_scan-scalar-warm-basic-36864,stride16-clang18-scalar,basic,instructions,545583768,250031597,250031597
1,stride16-clang18-scalar-r1-stride16_scan-scalar-warm-basic-36864,stride16-clang18-scalar,basic,ref_cycles,548734428,250028177,250028177
1,stride16-clang18-scalar-r1-stride16_scan-scalar-warm-branch-262144,stride16-clang18-scalar,branch,cycles,548742030,250038962,250038962
1,stride16-clang18-scalar-r1-stride16_scan-scalar-warm-branch-262144,stride16-clang18-scalar,branch,branches,19753395,250036524,250036524
1,stride16-clang18-scalar-r1-stride16_scan-scalar-warm-branch-262144,stride16-clang18-scalar,branch,branch_misses,36161,250033035,250033035
1,stride16-clang18-scalar-r2-stride16_scan-scalar-warm-basic-5242880,stride16-clang18-scalar,basic,cycles,548978239,250149208,250149208
1,stride16-clang18-scalar-r2-stride16_scan-scalar-warm-basic-5242880,stride16-clang18-scalar,basic,instructions,270283041,250149947,250149947
1,stride16-clang18-scalar-r2-stride16_scan-scalar-warm-basic-5242880,stride16-clang18-scalar,basic,ref_cycles,548981642,250146574,250146574
1,stride16-clang18-scalar-r2-stride16_scan-scalar-cache_evicted-branch-536870912,stride16-clang18-scalar,branch,cycles,596149025,271645302,271645302
1,stride16-clang18-scalar-r2-stride16_scan-scalar-cache_evicted-branch-536870912,stride16-clang18-scalar,branch,branches,7340396,271643654,271643654
1,stride16-clang18-scalar-r2-stride16_scan-scalar-cache_evicted-branch-536870912,stride16-clang18-scalar,branch,branch_misses,53,271639927,271639927
1,stride16-clang18-scalar-r2-stride16_scan-scalar-warm-branch-33554432,stride16-clang18-scalar,branch,cycles,553626967,252272420,252272420
1,stride16-clang18-scalar-r2-stride16_scan-scalar-warm-branch-33554432,stride16-clang18-scalar,branch,branches,6950645,252272014,252272014
1,stride16-clang18-scalar-r2-stride16_scan-scalar-warm-branch-33554432,stride16-clang18-scalar,branch,branch_misses,141,252268604,252268604
1,stride16-clang18-scalar-r2-stride16_scan-scalar-warm-basic-8192,stride16-clang18-scalar,basic,cycles,548731138,250032891,250032891
1,stride16-clang18-scalar-r2-stride16_scan-scalar-warm-basic-8192,stride16-clang18-scalar,basic,instructions,1521651331,250031237,250031237
1,stride16-clang18-scalar-r2-stride16_scan-scalar-warm-basic-8192,stride16-clang18-scalar,basic,ref_cycles,548733746,250028161,250028161
1,stride16-clang18-scalar-r2-stride16_scan-scalar-warm-branch-131072,stride16-clang18-scalar,branch,cycles,548732425,250034646,250034646
1,stride16-clang18-scalar-r2-stride16_scan-scalar-warm-branch-131072,stride16-clang18-scalar,branch,branches,31658361,250032043,250032043
1,stride16-clang18-scalar-r2-stride16_scan-scalar-warm-branch-131072,stride16-clang18-scalar,branch,branch_misses,108863,250027911,250027911
1,stride16-clang18-scalar-r2-stride16_scan-scalar-warm-branch-2097152,stride16-clang18-scalar,branch,cycles,548839245,250083746,250083746
1,stride16-clang18-scalar-r2-stride16_scan-scalar-warm-branch-2097152,stride16-clang18-scalar,branch,branches,14743678,250081109,250081109
1,stride16-clang18-scalar-r2-stride16_scan-scalar-warm-branch-2097152,stride16-clang18-scalar,branch,branch_misses,3613,250076867,250076867
1,stride16-clang18-scalar-r2-stride16_scan-scalar-cache_evicted-basic-536870912,stride16-clang18-scalar,basic,cycles,605520237,275913358,275913358
1,stride16-clang18-scalar-r2-stride16_scan-scalar-cache_evicted-basic-536870912,stride16-clang18-scalar,basic,instructions,139462361,275912346,275912346
1,stride16-clang18-scalar-r2-stride16_scan-scalar-cache_evicted-basic-536870912,stride16-clang18-scalar,basic,ref_cycles,605523556,275908590,275908590
1,stride16-clang18-scalar-r2-stride16_scan-scalar-warm-basic-134217728,stride16-clang18-scalar,basic,cycles,556395300,253530997,253530997
1,stride16-clang18-scalar-r2-stride16_scan-scalar-warm-basic-134217728,stride16-clang18-scalar,basic,instructions,129504081,253530545,253530545
1,stride16-clang18-scalar-r2-stride16_scan-scalar-warm-basic-134217728,stride16-clang18-scalar,basic,ref_cycles,556398348,253527483,253527483
1,stride16-clang18-scalar-r2-stride16_scan-scalar-warm-basic-98304,stride16-clang18-scalar,basic,cycles,548731479,250033344,250033344
1,stride16-clang18-scalar-r2-stride16_scan-scalar-warm-basic-98304,stride16-clang18-scalar,basic,instructions,535881777,250031645,250031645
1,stride16-clang18-scalar-r2-stride16_scan-scalar-warm-basic-98304,stride16-clang18-scalar,basic,ref_cycles,548733768,250028296,250028296
1,stride16-clang18-scalar-r2-stride16_scan-scalar-warm-basic-1048576,stride16-clang18-scalar,basic,cycles,548792277,250059596,250059596
1,stride16-clang18-scalar-r2-stride16_scan-scalar-warm-basic-1048576,stride16-clang18-scalar,basic,instructions,278680311,250055741,250055741
1,stride16-clang18-scalar-r2-stride16_scan-scalar-warm-basic-1048576,stride16-clang18-scalar,basic,ref_cycles,548793256,250052078,250052078
1,stride16-clang18-scalar-r2-stride16_scan-scalar-warm-branch-524288,stride16-clang18-scalar,branch,cycles,548750224,250040577,250040577
1,stride16-clang18-scalar-r2-stride16_scan-scalar-warm-branch-524288,stride16-clang18-scalar,branch,branches,15064404,250037259,250037259
1,stride16-clang18-scalar-r2-stride16_scan-scalar-warm-branch-524288,stride16-clang18-scalar,branch,branch_misses,14258,250033270,250033270
1,stride16-clang18-scalar-r2-stride16_scan-scalar-warm-basic-196608,stride16-clang18-scalar,basic,cycles,548731968,250030329,250030329
1,stride16-clang18-scalar-r2-stride16_scan-scalar-warm-basic-196608,stride16-clang18-scalar,basic,instructions,481981127,250028039,250028039
1,stride16-clang18-scalar-r2-stride16_scan-scalar-warm-basic-196608,stride16-clang18-scalar,basic,ref_cycles,548733064,250024220,250024220
1,stride16-clang18-scalar-r2-stride16_scan-scalar-warm-branch-24576,stride16-clang18-scalar,branch,cycles,548730577,250030803,250030803
1,stride16-clang18-scalar-r2-stride16_scan-scalar-warm-branch-24576,stride16-clang18-scalar,branch,branches,137871945,250027760,250027760
1,stride16-clang18-scalar-r2-stride16_scan-scalar-warm-branch-24576,stride16-clang18-scalar,branch,branch_misses,1661537,250023856,250023856
1,stride16-clang18-scalar-r2-stride16_scan-scalar-cache_evicted-basic-1048576,stride16-clang18-scalar,basic,cycles,548761576,250044806,250044806
1,stride16-clang18-scalar-r2-stride16_scan-scalar-cache_evicted-basic-1048576,stride16-clang18-scalar,basic,instructions,278680297,250042658,250042658
1,stride16-clang18-scalar-r2-stride16_scan-scalar-cache_evicted-basic-1048576,stride16-clang18-scalar,basic,ref_cycles,548762918,250039169,250039169
1,stride16-clang18-scalar-r2-stride16_scan-scalar-warm-basic-294912,stride16-clang18-scalar,basic,cycles,548730392,250030556,250030556
1,stride16-clang18-scalar-r2-stride16_scan-scalar-warm-basic-294912,stride16-clang18-scalar,basic,instructions,360062892,250027118,250027118
1,stride16-clang18-scalar-r2-stride16_scan-scalar-warm-basic-294912,stride16-clang18-scalar,basic,ref_cycles,548731348,250023617,250023617
1,stride16-clang18-scalar-r2-stride16_scan-scalar-warm-basic-24576,stride16-clang18-scalar,basic,cycles,548730207,250029095,250029095
1,stride16-clang18-scalar-r2-stride16_scan-scalar-warm-basic-24576,stride16-clang18-scalar,basic,instructions,1802301445,250026518,250026518
1,stride16-clang18-scalar-r2-stride16_scan-scalar-warm-basic-24576,stride16-clang18-scalar,basic,ref_cycles,548731018,250022828,250022828
1,stride16-clang18-scalar-r2-stride16_scan-scalar-warm-basic-229376,stride16-clang18-scalar,basic,cycles,548740502,250036340,250036340
1,stride16-clang18-scalar-r2-stride16_scan-scalar-warm-basic-229376,stride16-clang18-scalar,basic,instructions,419236097,250035866,250035866
1,stride16-clang18-scalar-r2-stride16_scan-scalar-warm-basic-229376,stride16-clang18-scalar,basic,ref_cycles,548743448,250032824,250032824
1,stride16-clang18-scalar-r2-stride16_scan-scalar-warm-branch-16384,stride16-clang18-scalar,branch,cycles,548731099,250034542,250034542
1,stride16-clang18-scalar-r2-stride16_scan-scalar-warm-branch-16384,stride16-clang18-scalar,branch,branches,157915454,250032896,250032896
1,stride16-clang18-scalar-r2-stride16_scan-scalar-warm-branch-16384,stride16-clang18-scalar,branch,branch_misses,615,250029218,250029218
1,stride16-clang18-scalar-r2-stride16_scan-scalar-warm-basic-16384,stride16-clang18-scalar,basic,cycles,548730406,250030920,250030920
1,stride16-clang18-scalar-r2-stride16_scan-scalar-warm-basic-16384,stride16-clang18-scalar,basic,instructions,1827162425,250027174,250027174
1,stride16-clang18-scalar-r2-stride16_scan-scalar-warm-basic-16384,stride16-clang18-scalar,basic,ref_cycles,548730996,250023434,250023434
1,stride16-clang18-scalar-r2-stride16_scan-scalar-warm-branch-196608,stride16-clang18-scalar,branch,cycles,548736992,250034651,250034651
1,stride16-clang18-scalar-r2-stride16_scan-scalar-warm-branch-196608,stride16-clang18-scalar,branch,branches,27268295,250031427,250031427
1,stride16-clang18-scalar-r2-stride16_scan-scalar-warm-branch-196608,stride16-clang18-scalar,branch,branch_misses,65152,250027342,250027342
1,stride16-clang18-scalar-r2-stride16_scan-scalar-warm-basic-65536,stride16-clang18-scalar,basic,cycles,548730458,250030336,250030336
1,stride16-clang18-scalar-r2-stride16_scan-scalar-warm-basic-65536,stride16-clang18-scalar,basic,instructions,536159940,250026891,250026891
1,stride16-clang18-scalar-r2-stride16_scan-scalar-warm-basic-65536,stride16-clang18-scalar,basic,ref_cycles,548731150,250023268,250023268
1,stride16-clang18-scalar-r2-stride16_scan-scalar-warm-branch-8192,stride16-clang18-scalar,branch,cycles,548730257,250030258,250030258
1,stride16-clang18-scalar-r2-stride16_scan-scalar-warm-branch-8192,stride16-clang18-scalar,branch,branches,175418415,250027508,250027508
1,stride16-clang18-scalar-r2-stride16_scan-scalar-warm-branch-8192,stride16-clang18-scalar,branch,branch_misses,576,250023411,250023411
1,stride16-clang18-scalar-r2-stride16_scan-scalar-warm-basic-6291456,stride16-clang18-scalar,basic,cycles,549203763,250254334,250254334
1,stride16-clang18-scalar-r2-stride16_scan-scalar-warm-basic-6291456,stride16-clang18-scalar,basic,instructions,224766105,250254070,250254070
1,stride16-clang18-scalar-r2-stride16_scan-scalar-warm-basic-6291456,stride16-clang18-scalar,basic,ref_cycles,549207076,250250843,250250843
1,stride16-clang18-scalar-r2-stride16_scan-scalar-warm-branch-1048576,stride16-clang18-scalar,branch,cycles,548746205,250039517,250039517
1,stride16-clang18-scalar-r2-stride16_scan-scalar-warm-branch-1048576,stride16-clang18-scalar,branch,branches,14853995,250035736,250035736
1,stride16-clang18-scalar-r2-stride16_scan-scalar-warm-branch-1048576,stride16-clang18-scalar,branch,branch_misses,7171,250031529,250031529
1,stride16-clang18-scalar-r2-stride16_scan-scalar-warm-branch-28672,stride16-clang18-scalar,branch,cycles,548730453,250029975,250029975
1,stride16-clang18-scalar-r2-stride16_scan-scalar-warm-branch-28672,stride16-clang18-scalar,branch,branches,131200718,250027985,250027985
1,stride16-clang18-scalar-r2-stride16_scan-scalar-warm-branch-28672,stride16-clang18-scalar,branch,branch_misses,1442147,250024183,250024183
1,stride16-clang18-scalar-r2-stride16_scan-scalar-warm-basic-33554432,stride16-clang18-scalar,basic,cycles,553973240,252427889,252427889
1,stride16-clang18-scalar-r2-stride16_scan-scalar-warm-basic-33554432,stride16-clang18-scalar,basic,instructions,128271839,252427164,252427164
1,stride16-clang18-scalar-r2-stride16_scan-scalar-warm-basic-33554432,stride16-clang18-scalar,basic,ref_cycles,553976918,252423491,252423491
1,stride16-clang18-scalar-r2-stride16_scan-scalar-warm-branch-8388608,stride16-clang18-scalar,branch,cycles,549399445,250345794,250345794
1,stride16-clang18-scalar-r2-stride16_scan-scalar-warm-branch-8388608,stride16-clang18-scalar,branch,branches,10147061,250344634,250344634
1,stride16-clang18-scalar-r2-stride16_scan-scalar-warm-branch-8388608,stride16-clang18-scalar,branch,branch_misses,665,250340850,250340850
1,stride16-clang18-scalar-r2-stride16_scan-scalar-warm-basic-262144,stride16-clang18-scalar,basic,cycles,548742078,250037907,250037907
1,stride16-clang18-scalar-r2-stride16_scan-scalar-warm-basic-262144,stride16-clang18-scalar,basic,instructions,400432397,250036643,250036643
1,stride16-clang18-scalar-r2-stride16_scan-scalar-warm-basic-262144,stride16-clang18-scalar,basic,ref_cycles,548744460,250033842,250033842
1,stride16-clang18-scalar-r2-stride16_scan-scalar-warm-basic-7340032,stride16-clang18-scalar,basic,cycles,549077068,250196466,250196466
1,stride16-clang18-scalar-r2-stride16_scan-scalar-warm-basic-7340032,stride16-clang18-scalar,basic,instructions,179884921,250195850,250195850
1,stride16-clang18-scalar-r2-stride16_scan-scalar-warm-basic-7340032,stride16-clang18-scalar,basic,ref_cycles,549080818,250192759,250192759
1,stride16-clang18-scalar-r2-stride16_scan-scalar-cache_evicted-branch-6291456,stride16-clang18-scalar,branch,cycles,549328616,250312466,250312466
1,stride16-clang18-scalar-r2-stride16_scan-scalar-cache_evicted-branch-6291456,stride16-clang18-scalar,branch,branches,9636705,250311518,250311518
1,stride16-clang18-scalar-r2-stride16_scan-scalar-cache_evicted-branch-6291456,stride16-clang18-scalar,branch,branch_misses,828,250307551,250307551
1,stride16-clang18-scalar-r2-stride16_scan-scalar-warm-branch-12582912,stride16-clang18-scalar,branch,cycles,550090857,250660863,250660863
1,stride16-clang18-scalar-r2-stride16_scan-scalar-warm-branch-12582912,stride16-clang18-scalar,branch,branches,6694311,250659906,250659906
1,stride16-clang18-scalar-r2-stride16_scan-scalar-warm-branch-12582912,stride16-clang18-scalar,branch,branch_misses,326,250656208,250656208
1,stride16-clang18-scalar-r2-stride16_scan-scalar-warm-branch-229376,stride16-clang18-scalar,branch,cycles,548739619,250039091,250039091
1,stride16-clang18-scalar-r2-stride16_scan-scalar-warm-branch-229376,stride16-clang18-scalar,branch,branches,27666909,250037721,250037721
1,stride16-clang18-scalar-r2-stride16_scan-scalar-warm-branch-229376,stride16-clang18-scalar,branch,branch_misses,57351,250033948,250033948
1,stride16-clang18-scalar-r2-stride16_scan-scalar-warm-basic-524288,stride16-clang18-scalar,basic,cycles,548767667,250050111,250050111
1,stride16-clang18-scalar-r2-stride16_scan-scalar-warm-basic-524288,stride16-clang18-scalar,basic,instructions,278779592,250048713,250048713
1,stride16-clang18-scalar-r2-stride16_scan-scalar-warm-basic-524288,stride16-clang18-scalar,basic,ref_cycles,548769584,250045213,250045213
1,stride16-clang18-scalar-r2-stride16_scan-scalar-cache_evicted-branch-262144,stride16-clang18-scalar,branch,cycles,548733092,250039979,250039979
1,stride16-clang18-scalar-r2-stride16_scan-scalar-cache_evicted-branch-262144,stride16-clang18-scalar,branch,branches,19421403,250037396,250037396
1,stride16-clang18-scalar-r2-stride16_scan-scalar-cache_evicted-branch-262144,stride16-clang18-scalar,branch,branch_misses,35566,250033216,250033216
1,stride16-clang18-scalar-r2-stride16_scan-scalar-cache_evicted-branch-33554432,stride16-clang18-scalar,branch,cycles,547987515,250016228,250016228
1,stride16-clang18-scalar-r2-stride16_scan-scalar-cache_evicted-branch-33554432,stride16-clang18-scalar,branch,branches,6295026,250017509,250017509
1,stride16-clang18-scalar-r2-stride16_scan-scalar-cache_evicted-branch-33554432,stride16-clang18-scalar,branch,branch_misses,285,250010990,250010990
1,stride16-clang18-scalar-r2-stride16_scan-scalar-warm-branch-5242880,stride16-clang18-scalar,branch,cycles,549186649,250246558,250246558
1,stride16-clang18-scalar-r2-stride16_scan-scalar-warm-branch-5242880,stride16-clang18-scalar,branch,branches,9545613,250247730,250247730
1,stride16-clang18-scalar-r2-stride16_scan-scalar-warm-branch-5242880,stride16-clang18-scalar,branch,branch_misses,986,250244013,250244013
1,stride16-clang18-scalar-r2-stride16_scan-scalar-warm-branch-98304,stride16-clang18-scalar,branch,cycles,548733641,250036759,250036759
1,stride16-clang18-scalar-r2-stride16_scan-scalar-warm-branch-98304,stride16-clang18-scalar,branch,branches,32027042,250034739,250034739
1,stride16-clang18-scalar-r2-stride16_scan-scalar-warm-branch-98304,stride16-clang18-scalar,branch,branch_misses,141187,250030978,250030978
1,stride16-clang18-scalar-r2-stride16_scan-scalar-warm-branch-536870912,stride16-clang18-scalar,branch,cycles,626591380,285515729,285515729
1,stride16-clang18-scalar-r2-stride16_scan-scalar-warm-branch-536870912,stride16-clang18-scalar,branch,branches,7340396,285514843,285514843
1,stride16-clang18-scalar-r2-stride16_scan-scalar-warm-branch-536870912,stride16-clang18-scalar,branch,branch_misses,88,285510363,285510363
1,stride16-clang18-scalar-r2-stride16_scan-scalar-warm-basic-28672,stride16-clang18-scalar,basic,cycles,548730959,250033830,250033830
1,stride16-clang18-scalar-r2-stride16_scan-scalar-warm-basic-28672,stride16-clang18-scalar,basic,instructions,1752427795,250032661,250032661
1,stride16-clang18-scalar-r2-stride16_scan-scalar-warm-basic-28672,stride16-clang18-scalar,basic,ref_cycles,548733680,250029405,250029405
1,stride16-clang18-scalar-r2-stride16_scan-scalar-warm-basic-4194304,stride16-clang18-scalar,basic,cycles,548921423,250124781,250124781
1,stride16-clang18-scalar-r2-stride16_scan-scalar-warm-basic-4194304,stride16-clang18-scalar,basic,instructions,249773625,250126158,250126158
1,stride16-clang18-scalar-r2-stride16_scan-scalar-warm-basic-4194304,stride16-clang18-scalar,basic,ref_cycles,548925168,250122990,250122990
1,stride16-clang18-scalar-r2-stride16_scan-scalar-warm-basic-32768,stride16-clang18-scalar,basic,cycles,548731528,250033613,250033613
1,stride16-clang18-scalar-r2-stride16_scan-scalar-warm-basic-32768,stride16-clang18-scalar,basic,instructions,1550270886,250031946,250031946
1,stride16-clang18-scalar-r2-stride16_scan-scalar-warm-basic-32768,stride16-clang18-scalar,basic,ref_cycles,548734032,250028458,250028458
1,stride16-clang18-scalar-r2-stride16_scan-scalar-cache_evicted-branch-1048576,stride16-clang18-scalar,branch,cycles,548736238,250038868,250038868
1,stride16-clang18-scalar-r2-stride16_scan-scalar-cache_evicted-branch-1048576,stride16-clang18-scalar,branch,branches,14843586,250037537,250037537
1,stride16-clang18-scalar-r2-stride16_scan-scalar-cache_evicted-branch-1048576,stride16-clang18-scalar,branch,branch_misses,7177,250033419,250033419
1,stride16-clang18-scalar-r2-stride16_scan-scalar-warm-branch-4194304,stride16-clang18-scalar,branch,cycles,548766096,250052504,250052504
1,stride16-clang18-scalar-r2-stride16_scan-scalar-warm-branch-4194304,stride16-clang18-scalar,branch,branches,13969565,250053313,250053313
1,stride16-clang18-scalar-r2-stride16_scan-scalar-warm-branch-4194304,stride16-clang18-scalar,branch,branch_misses,1742,250049874,250049874
1,stride16-clang18-scalar-r2-stride16_scan-scalar-warm-branch-32768,stride16-clang18-scalar,branch,cycles,548731337,250034513,250034513
1,stride16-clang18-scalar-r2-stride16_scan-scalar-warm-branch-32768,stride16-clang18-scalar,branch,branches,111930419,250032942,250032942
1,stride16-clang18-scalar-r2-stride16_scan-scalar-warm-branch-32768,stride16-clang18-scalar,branch,branch_misses,1130953,250029325,250029325
1,stride16-clang18-scalar-r2-stride16_scan-scalar-warm-branch-7340032,stride16-clang18-scalar,branch,cycles,549441992,250365449,250365449
1,stride16-clang18-scalar-r2-stride16_scan-scalar-warm-branch-7340032,stride16-clang18-scalar,branch,branches,8004769,250364314,250364314
1,stride16-clang18-scalar-r2-stride16_scan-scalar-warm-branch-7340032,stride16-clang18-scalar,branch,branch_misses,615,250360803,250360803
1,stride16-clang18-scalar-r2-stride16_scan-scalar-warm-branch-294912,stride16-clang18-scalar,branch,cycles,548745052,250042300,250042300
1,stride16-clang18-scalar-r2-stride16_scan-scalar-warm-branch-294912,stride16-clang18-scalar,branch,branches,17910988,250040921,250040921
1,stride16-clang18-scalar-r2-stride16_scan-scalar-warm-branch-294912,stride16-clang18-scalar,branch,branch_misses,29364,250036643,250036643
1,stride16-clang18-scalar-r2-stride16_scan-scalar-warm-branch-36864,stride16-clang18-scalar,branch,cycles,548732271,250035406,250035406
1,stride16-clang18-scalar-r2-stride16_scan-scalar-warm-branch-36864,stride16-clang18-scalar,branch,branches,38445607,250034443,250034443
1,stride16-clang18-scalar-r2-stride16_scan-scalar-warm-branch-36864,stride16-clang18-scalar,branch,branch_misses,359486,250030710,250030710
1,stride16-clang18-scalar-r2-stride16_scan-scalar-cache_evicted-basic-262144,stride16-clang18-scalar,basic,cycles,548740537,250043420,250043420
1,stride16-clang18-scalar-r2-stride16_scan-scalar-cache_evicted-basic-262144,stride16-clang18-scalar,basic,instructions,415593070,250041935,250041935
1,stride16-clang18-scalar-r2-stride16_scan-scalar-cache_evicted-basic-262144,stride16-clang18-scalar,basic,ref_cycles,548743272,250037614,250037614
1,stride16-clang18-scalar-r2-stride16_scan-scalar-warm-basic-2097152,stride16-clang18-scalar,basic,cycles,548797348,250065993,250065993
1,stride16-clang18-scalar-r2-stride16_scan-scalar-warm-basic-2097152,stride16-clang18-scalar,basic,instructions,278198177,250064291,250064291
1,stride16-clang18-scalar-r2-stride16_scan-scalar-warm-basic-2097152,stride16-clang18-scalar,basic,ref_cycles,548799768,250060574,250060574
1,stride16-clang18-scalar-r2-stride16_scan-scalar-warm-basic-131072,stride16-clang18-scalar,basic,cycles,548734746,250034912,250034912
1,stride16-clang18-scalar-r2-stride16_scan-scalar-warm-basic-131072,stride16-clang18-scalar,basic,instructions,555050693,250032775,250032775
1,stride16-clang18-scalar-r2-stride16_scan-scalar-warm-basic-131072,stride16-clang18-scalar,basic,ref_cycles,548736518,250029440,250029440
1,stride16-clang18-scalar-r2-stride16_scan-scalar-warm-branch-393216,stride16-clang18-scalar,branch,cycles,548758536,250045944,250045944
1,stride16-clang18-scalar-r2-stride16_scan-scalar-warm-branch-393216,stride16-clang18-scalar,branch,branches,15206536,250043279,250043279
1,stride16-clang18-scalar-r2-stride16_scan-scalar-warm-branch-393216,stride16-clang18-scalar,branch,branch_misses,18984,250039950,250039950
1,stride16-clang18-scalar-r2-stride16_scan-scalar-cache_evicted-basic-33554432,stride16-clang18-scalar,basic,cycles,550202874,250710047,250710047
1,stride16-clang18-scalar-r2-stride16_scan-scalar-cache_evicted-basic-33554432,stride16-clang18-scalar,basic,instructions,130762537,250710121,250710121
1,stride16-clang18-scalar-r2-stride16_scan-scalar-cache_evicted-basic-33554432,stride16-clang18-scalar,basic,ref_cycles,550206778,250706812,250706812
1,stride16-clang18-scalar-r2-stride16_scan-scalar-warm-branch-65536,stride16-clang18-scalar,branch,cycles,548731480,250033616,250033616
1,stride16-clang18-scalar-r2-stride16_scan-scalar-warm-branch-65536,stride16-clang18-scalar,branch,branches,33851067,250031801,250031801
1,stride16-clang18-scalar-r2-stride16_scan-scalar-warm-branch-65536,stride16-clang18-scalar,branch,branch_misses,207789,250028220,250028220
1,stride16-clang18-scalar-r2-stride16_scan-scalar-warm-branch-134217728,stride16-clang18-scalar,branch,cycles,569843348,259658667,259658667
1,stride16-clang18-scalar-r2-stride16_scan-scalar-warm-branch-134217728,stride16-clang18-scalar,branch,branches,7078952,259658158,259658158
1,stride16-clang18-scalar-r2-stride16_scan-scalar-warm-branch-134217728,stride16-clang18-scalar,branch,branch_misses,60,259654021,259654021
1,stride16-clang18-scalar-r2-stride16_scan-scalar-warm-basic-36864,stride16-clang18-scalar,basic,cycles,548731092,250032700,250032700
1,stride16-clang18-scalar-r2-stride16_scan-scalar-warm-basic-36864,stride16-clang18-scalar,basic,instructions,554336161,250030767,250030767
1,stride16-clang18-scalar-r2-stride16_scan-scalar-warm-basic-36864,stride16-clang18-scalar,basic,ref_cycles,548733240,250027723,250027723
1,stride16-clang18-scalar-r2-stride16_scan-scalar-warm-basic-536870912,stride16-clang18-scalar,basic,cycles,597080741,272066983,272066983
1,stride16-clang18-scalar-r2-stride16_scan-scalar-warm-basic-536870912,stride16-clang18-scalar,basic,instructions,139462361,272066335,272066335
1,stride16-clang18-scalar-r2-stride16_scan-scalar-warm-basic-536870912,stride16-clang18-scalar,basic,ref_cycles,597084026,272062501,272062501
1,stride16-clang18-scalar-r2-stride16_scan-scalar-cache_evicted-branch-8388608,stride16-clang18-scalar,branch,cycles,549483465,250382595,250382595
1,stride16-clang18-scalar-r2-stride16_scan-scalar-cache_evicted-branch-8388608,stride16-clang18-scalar,branch,branches,9851522,250382813,250382813
1,stride16-clang18-scalar-r2-stride16_scan-scalar-cache_evicted-branch-8388608,stride16-clang18-scalar,branch,branch_misses,647,250379179,250379179
1,stride16-clang18-scalar-r2-stride16_scan-scalar-cache_evicted-basic-8388608,stride16-clang18-scalar,basic,cycles,549202809,250254332,250254332
1,stride16-clang18-scalar-r2-stride16_scan-scalar-cache_evicted-basic-8388608,stride16-clang18-scalar,basic,instructions,186567513,250253373,250253373
1,stride16-clang18-scalar-r2-stride16_scan-scalar-cache_evicted-basic-8388608,stride16-clang18-scalar,basic,ref_cycles,549205998,250250021,250250021
1,stride16-clang18-scalar-r2-stride16_scan-scalar-cache_evicted-branch-32768,stride16-clang18-scalar,branch,cycles,548731034,250035467,250035467
1,stride16-clang18-scalar-r2-stride16_scan-scalar-cache_evicted-branch-32768,stride16-clang18-scalar,branch,branches,112760707,250032593,250032593
1,stride16-clang18-scalar-r2-stride16_scan-scalar-cache_evicted-branch-32768,stride16-clang18-scalar,branch,branch_misses,1139332,250028853,250028853
1,stride16-clang18-scalar-r2-stride16_scan-scalar-cache_evicted-basic-32768,stride16-clang18-scalar,basic,cycles,548730768,250032576,250032576
1,stride16-clang18-scalar-r2-stride16_scan-scalar-cache_evicted-basic-32768,stride16-clang18-scalar,basic,instructions,1517728653,250030647,250030647
1,stride16-clang18-scalar-r2-stride16_scan-scalar-cache_evicted-basic-32768,stride16-clang18-scalar,basic,ref_cycles,548732954,250027238,250027238
1,stride16-clang18-scalar-r2-stride16_scan-scalar-warm-branch-6291456,stride16-clang18-scalar,branch,cycles,548775913,250058987,250058987
1,stride16-clang18-scalar-r2-stride16_scan-scalar-warm-branch-6291456,stride16-clang18-scalar,branch,branches,12002721,250058465,250058465
1,stride16-clang18-scalar-r2-stride16_scan-scalar-warm-branch-6291456,stride16-clang18-scalar,branch,branch_misses,1019,250054431,250054431
1,stride16-clang18-scalar-r2-stride16_scan-scalar-cache_evicted-basic-6291456,stride16-clang18-scalar,basic,cycles,549279266,250288401,250288401
1,stride16-clang18-scalar-r2-stride16_scan-scalar-cache_evicted-basic-6291456,stride16-clang18-scalar,basic,instructions,210510217,250288208,250288208
1,stride16-clang18-scalar-r2-stride16_scan-scalar-cache_evicted-basic-6291456,stride16-clang18-scalar,basic,ref_cycles,549282382,250284457,250284457
1,stride16-clang18-scalar-r2-stride16_scan-scalar-warm-branch-49152,stride16-clang18-scalar,branch,cycles,548731336,250034438,250034438
1,stride16-clang18-scalar-r2-stride16_scan-scalar-warm-branch-49152,stride16-clang18-scalar,branch,branches,35838004,250032967,250032967
1,stride16-clang18-scalar-r2-stride16_scan-scalar-warm-branch-49152,stride16-clang18-scalar,branch,branch_misses,273693,250029451,250029451
1,stride16-clang18-scalar-r2-stride16_scan-scalar-warm-basic-393216,stride16-clang18-scalar,basic,cycles,548757461,250044873,250044873
1,stride16-clang18-scalar-r2-stride16_scan-scalar-warm-basic-393216,stride16-clang18-scalar,basic,instructions,292367229,250042100,250042100
1,stride16-clang18-scalar-r2-stride16_scan-scalar-warm-basic-393216,stride16-clang18-scalar,basic,ref_cycles,548759332,250038767,250038767
1,stride16-clang18-scalar-r2-stride16_scan-scalar-warm-basic-12582912,stride16-clang18-scalar,basic,cycles,549052776,250185152,250185152
1,stride16-clang18-scalar-r2-stride16_scan-scalar-warm-basic-12582912,stride16-clang18-scalar,basic,instructions,150877753,250185725,250185725
1,stride16-clang18-scalar-r2-stride16_scan-scalar-warm-basic-12582912,stride16-clang18-scalar,basic,ref_cycles,549056486,250182381,250182381
1,stride16-clang18-scalar-r2-stride16_scan-scalar-warm-basic-49152,stride16-clang18-scalar,basic,cycles,548732168,250033608,250033608
1,stride16-clang18-scalar-r2-stride16_scan-scalar-warm-basic-49152,stride16-clang18-scalar,basic,instructions,550834953,250031238,250031238
1,stride16-clang18-scalar-r2-stride16_scan-scalar-warm-basic-49152,stride16-clang18-scalar,basic,ref_cycles,548735044,250027972,250027972
1,stride16-clang18-scalar-r2-stride16_scan-scalar-warm-basic-8388608,stride16-clang18-scalar,basic,cycles,549594545,250432524,250432524
1,stride16-clang18-scalar-r2-stride16_scan-scalar-warm-basic-8388608,stride16-clang18-scalar,basic,instructions,188747761,250431097,250431097
1,stride16-clang18-scalar-r2-stride16_scan-scalar-warm-basic-8388608,stride16-clang18-scalar,basic,ref_cycles,549598192,250427735,250427735
1,stride16-clang18-scalar-r2-stride16_scan-scalar-warm-branch-262144,stride16-clang18-scalar,branch,cycles,548736451,250036269,250036269
1,stride16-clang18-scalar-r2-stride16_scan-scalar-warm-branch-262144,stride16-clang18-scalar,branch,branches,24505991,250034373,250034373
1,stride16-clang18-scalar-r2-stride16_scan-scalar-warm-branch-262144,stride16-clang18-scalar,branch,branch_misses,44872,250031227,250031227
1,stride16-clang18-scalar-r3-stride16_scan-scalar-warm-basic-7340032,stride16-clang18-scalar,basic,cycles,549262975,250283108,250283108
1,stride16-clang18-scalar-r3-stride16_scan-scalar-warm-basic-7340032,stride16-clang18-scalar,basic,instructions,206867545,250283014,250283014
1,stride16-clang18-scalar-r3-stride16_scan-scalar-warm-basic-7340032,stride16-clang18-scalar,basic,ref_cycles,549266542,250278759,250278759
1,stride16-clang18-scalar-r3-stride16_scan-scalar-warm-basic-393216,stride16-clang18-scalar,basic,cycles,548739400,250036752,250036752
1,stride16-clang18-scalar-r3-stride16_scan-scalar-warm-basic-393216,stride16-clang18-scalar,basic,instructions,279481239,250034743,250034743
1,stride16-clang18-scalar-r3-stride16_scan-scalar-warm-basic-393216,stride16-clang18-scalar,basic,ref_cycles,548741534,250031575,250031575
1,stride16-clang18-scalar-r3-stride16_scan-scalar-warm-branch-393216,stride16-clang18-scalar,branch,cycles,548735082,250035446,250035446
1,stride16-clang18-scalar-r3-stride16_scan-scalar-warm-branch-393216,stride16-clang18-scalar,branch,branches,15204130,250033799,250033799
1,stride16-clang18-scalar-r3-stride16_scan-scalar-warm-branch-393216,stride16-clang18-scalar,branch,branch_misses,18982,250030564,250030564
1,stride16-clang18-scalar-r3-stride16_scan-scalar-warm-branch-16384,stride16-clang18-scalar,branch,cycles,548730707,250032416,250032416
1,stride16-clang18-scalar-r3-stride16_scan-scalar-warm-branch-16384,stride16-clang18-scalar,branch,branches,157930213,250030588,250030588
1,stride16-clang18-scalar-r3-stride16_scan-scalar-warm-branch-16384,stride16-clang18-scalar,branch,branch_misses,623,250027257,250027257
1,stride16-clang18-scalar-r3-stride16_scan-scalar-warm-basic-33554432,stride16-clang18-scalar,basic,cycles,552033812,251544779,251544779
1,stride16-clang18-scalar-r3-stride16_scan-scalar-warm-basic-33554432,stride16-clang18-scalar,basic,instructions,128271833,251543789,251543789
1,stride16-clang18-scalar-r3-stride16_scan-scalar-warm-basic-33554432,stride16-clang18-scalar,basic,ref_cycles,552037794,251540172,251540172
1,stride16-clang18-scalar-r3-stride16_scan-scalar-warm-branch-134217728,stride16-clang18-scalar,branch,cycles,550591931,250888409,250888409
1,stride16-clang18-scalar-r3-stride16_scan-scalar-warm-branch-134217728,stride16-clang18-scalar,branch,branches,6816773,250887630,250887630
1,stride16-clang18-scalar-r3-stride16_scan-scalar-warm-branch-134217728,stride16-clang18-scalar,branch,branch_misses,52,250883708,250883708
1,stride16-clang18-scalar-r3-stride16_scan-scalar-warm-basic-524288,stride16-clang18-scalar,basic,cycles,548724418,250037094,250037094
1,stride16-clang18-scalar-r3-stride16_scan-scalar-warm-basic-524288,stride16-clang18-scalar,basic,instructions,279132807,250034833,250034833
1,stride16-clang18-scalar-r3-stride16_scan-scalar-warm-basic-524288,stride16-clang18-scalar,basic,ref_cycles,548726354,250031786,250031786
1,stride16-clang18-scalar-r3-stride16_scan-scalar-warm-basic-8388608,stride16-clang18-scalar,basic,cycles,549592215,250432115,250432115
1,stride16-clang18-scalar-r3-stride16_scan-scalar-warm-basic-8388608,stride16-clang18-scalar,basic,instructions,193108257,250432114,250432114
1,stride16-clang18-scalar-r3-stride16_scan-scalar-warm-basic-8388608,stride16-clang18-scalar,basic,ref_cycles,549595618,250428717,250428717
1,stride16-clang18-scalar-r3-stride16_scan-scalar-warm-branch-4194304,stride16-clang18-scalar,branch,cycles,548942328,250132765,250132765
1,stride16-clang18-scalar-r3-stride16_scan-scalar-warm-branch-4194304,stride16-clang18-scalar,branch,branches,14644179,250132253,250132253
1,stride16-clang18-scalar-r3-stride16_scan-scalar-warm-branch-4194304,stride16-clang18-scalar,branch,branch_misses,1826,250128401,250128401
1,stride16-clang18-scalar-r3-stride16_scan-scalar-warm-basic-134217728,stride16-clang18-scalar,basic,cycles,565084457,257490445,257490445
1,stride16-clang18-scalar-r3-stride16_scan-scalar-warm-basic-134217728,stride16-clang18-scalar,basic,instructions,129504081,257490472,257490472
1,stride16-clang18-scalar-r3-stride16_scan-scalar-warm-basic-134217728,stride16-clang18-scalar,basic,ref_cycles,565088480,257487009,257487009
1,stride16-clang18-scalar-r3-stride16_scan-scalar-warm-basic-24576,stride16-clang18-scalar,basic,cycles,548730887,250032624,250032624
1,stride16-clang18-scalar-r3-stride16_scan-scalar-warm-basic-24576,stride16-clang18-scalar,basic,instructions,1797960015,250030841,250030841
1,stride16-clang18-scalar-r3-stride16_scan-scalar-warm-basic-24576,stride16-clang18-scalar,basic,ref_cycles,548732624,250027243,250027243
1,stride16-clang18-scalar-r3-stride16_scan-scalar-warm-branch-131072,stride16-clang18-scalar,branch,cycles,548733201,250034271,250034271
1,stride16-clang18-scalar-r3-stride16_scan-scalar-warm-branch-131072,stride16-clang18-scalar,branch,branches,24454040,250032449,250032449
1,stride16-clang18-scalar-r3-stride16_scan-scalar-warm-branch-131072,stride16-clang18-scalar,branch,branch_misses,84094,250028757,250028757
1,stride16-clang18-scalar-r3-stride16_scan-scalar-cache_evicted-basic-8388608,stride16-clang18-scalar,basic,cycles,549598236,250434662,250434662
1,stride16-clang18-scalar-r3-stride16_scan-scalar-cache_evicted-basic-8388608,stride16-clang18-scalar,basic,instructions,180649697,250435119,250435119
1,stride16-clang18-scalar-r3-stride16_scan-scalar-cache_evicted-basic-8388608,stride16-clang18-scalar,basic,ref_cycles,549601734,250431307,250431307
1,stride16-clang18-scalar-r3-stride16_scan-scalar-warm-basic-294912,stride16-clang18-scalar,basic,cycles,548748824,250040908,250040908
1,stride16-clang18-scalar-r3-stride16_scan-scalar-warm-basic-294912,stride16-clang18-scalar,basic,instructions,320182626,250038809,250038809
1,stride16-clang18-scalar-r3-stride16_scan-scalar-warm-basic-294912,stride16-clang18-scalar,basic,ref_cycles,548750884,250035439,250035439
1,stride16-clang18-scalar-r3-stride16_scan-scalar-warm-branch-294912,stride16-clang18-scalar,branch,cycles,548736111,250035229,250035229
1,stride16-clang18-scalar-r3-stride16_scan-scalar-warm-branch-294912,stride16-clang18-scalar,branch,branches,18566599,250032696,250032696
1,stride16-clang18-scalar-r3-stride16_scan-scalar-warm-branch-294912,stride16-clang18-scalar,branch,branch_misses,30441,250028652,250028652
1,stride16-clang18-scalar-r3-stride16_scan-scalar-cache_evicted-basic-536870912,stride16-clang18-scalar,basic,cycles,605678597,275985838,275985838
1,stride16-clang18-scalar-r3-stride16_scan-scalar-cache_evicted-basic-536870912,stride16-clang18-scalar,basic,instructions,139462361,275984575,275984575
1,stride16-clang18-scalar-r3-stride16_scan-scalar-cache_evicted-basic-536870912,stride16-clang18-scalar,basic,ref_cycles,605682418,275981016,275981016
1,stride16-clang18-scalar-r3-stride16_scan-scalar-cache_evicted-branch-33554432,stride16-clang18-scalar,branch,cycles,549099783,250209771,250209771
1,stride16-clang18-scalar-r3-stride16_scan-scalar-cache_evicted-branch-33554432,stride16-clang18-scalar,branch,branches,6885074,250209175,250209175
1,stride16-clang18-scalar-r3-stride16_scan-scalar-cache_evicted-branch-33554432,stride16-clang18-scalar,branch,branch_misses,142,250205264,250205264
1,stride16-clang18-scalar-r3-stride16_scan-scalar-warm-basic-49152,stride16-clang18-scalar,basic,cycles,548731808,250032451,250032451
1,stride16-clang18-scalar-r3-stride16_scan-scalar-warm-basic-49152,stride16-clang18-scalar,basic,instructions,551170656,250030749,250030749
1,stride16-clang18-scalar-r3-stride16_scan-scalar-warm-basic-49152,stride16-clang18-scalar,basic,ref_cycles,548734054,250027433,250027433
1,stride16-clang18-scalar-r3-stride16_scan-scalar-warm-basic-1048576,stride16-clang18-scalar,basic,cycles,548741795,250038192,250038192
1,stride16-clang18-scalar-r3-stride16_scan-scalar-warm-basic-1048576,stride16-clang18-scalar,basic,instructions,278601897,250036213,250036213
1,stride16-clang18-scalar-r3-stride16_scan-scalar-warm-basic-1048576,stride16-clang18-scalar,basic,ref_cycles,548744064,250032732,250032732
1,stride16-clang18-scalar-r3-stride16_scan-scalar-warm-basic-98304,stride16-clang18-scalar,basic,cycles,548731920,250033006,250033006
1,stride16-clang18-scalar-r3-stride16_scan-scalar-warm-basic-98304,stride16-clang18-scalar,basic,instructions,532710500,250030320,250030320
1,stride16-clang18-scalar-r3-stride16_scan-scalar-warm-basic-98304,stride16-clang18-scalar,basic,ref_cycles,548733746,250026719,250026719
1,stride16-clang18-scalar-r3-stride16_scan-scalar-warm-basic-36864,stride16-clang18-scalar,basic,cycles,548732362,250032998,250032998
1,stride16-clang18-scalar-r3-stride16_scan-scalar-warm-basic-36864,stride16-clang18-scalar,basic,instructions,546980345,250031434,250031434
1,stride16-clang18-scalar-r3-stride16_scan-scalar-warm-basic-36864,stride16-clang18-scalar,basic,ref_cycles,548734692,250028249,250028249
1,stride16-clang18-scalar-r3-stride16_scan-scalar-warm-branch-8388608,stride16-clang18-scalar,branch,cycles,548917379,250124858,250124858
1,stride16-clang18-scalar-r3-stride16_scan-scalar-warm-branch-8388608,stride16-clang18-scalar,branch,branches,10163482,250125921,250125921
1,stride16-clang18-scalar-r3-stride16_scan-scalar-warm-branch-8388608,stride16-clang18-scalar,branch,branch_misses,671,250121703,250121703
1,stride16-clang18-scalar-r3-stride16_scan-scalar-warm-branch-5242880,stride16-clang18-scalar,branch,cycles,549085753,250201867,250201867
1,stride16-clang18-scalar-r3-stride16_scan-scalar-warm-branch-5242880,stride16-clang18-scalar,branch,branches,14467319,250200544,250200544
1,stride16-clang18-scalar-r3-stride16_scan-scalar-warm-branch-5242880,stride16-clang18-scalar,branch,branch_misses,1457,250196483,250196483
1,stride16-clang18-scalar-r3-stride16_scan-scalar-cache_evicted-branch-262144,stride16-clang18-scalar,branch,cycles,548734876,250038313,250038313
1,stride16-clang18-scalar-r3-stride16_scan-scalar-cache_evicted-branch-262144,stride16-clang18-scalar,branch,branches,22647031,250036688,250036688
1,stride16-clang18-scalar-r3-stride16_scan-scalar-cache_evicted-branch-262144,stride16-clang18-scalar,branch,branch_misses,41459,250033218,250033218
1,stride16-clang18-scalar-r3-stride16_scan-scalar-warm-basic-262144,stride16-clang18-scalar,basic,cycles,548746037,250038737,250038737
1,stride16-clang18-scalar-r3-stride16_scan-scalar-warm-basic-262144,stride16-clang18-scalar,basic,instructions,347666973,250036250,250036250
1,stride16-clang18-scalar-r3-stride16_scan-scalar-warm-basic-262144,stride16-clang18-scalar,basic,ref_cycles,548747496,250032689,250032689
1,stride16-clang18-scalar-r3-stride16_scan-scalar-warm-basic-28672,stride16-clang18-scalar,basic,cycles,548731172,250032721,250032721
1,stride16-clang18-scalar-r3-stride16_scan-scalar-warm-basic-28672,stride16-clang18-scalar,basic,instructions,1779691511,250031260,250031260
1,stride16-clang18-scalar-r3-stride16_scan-scalar-warm-basic-28672,stride16-clang18-scalar,basic,ref_cycles,548733438,250027911,250027911
1,stride16-clang18-scalar-r3-stride16_scan-scalar-warm-basic-16384,stride16-clang18-scalar,basic,cycles,548730411,250031597,250031597
1,stride16-clang18-scalar-r3-stride16_scan-scalar-warm-basic-16384,stride16-clang18-scalar,basic,instructions,1826991540,250029160,250029160
1,stride16-clang18-scalar-r3-stride16_scan-scalar-warm-basic-16384,stride16-clang18-scalar,basic,ref_cycles,548731964,250025993,250025993
1,stride16-clang18-scalar-r3-stride16_scan-scalar-warm-basic-196608,stride16-clang18-scalar,basic,cycles,548734923,250033812,250033812
1,stride16-clang18-scalar-r3-stride16_scan-scalar-warm-basic-196608,stride16-clang18-scalar,basic,instructions,472136153,250030992,250030992
1,stride16-clang18-scalar-r3-stride16_scan-scalar-warm-basic-196608,stride16-clang18-scalar,basic,ref_cycles,548736562,250027349,250027349
1,stride16-clang18-scalar-r3-stride16_scan-scalar-warm-basic-5242880,stride16-clang18-scalar,basic,cycles,549086117,250198472,250198472
1,stride16-clang18-scalar-r3-stride16_scan-scalar-warm-basic-5242880,stride16-clang18-scalar,basic,instructions,270283041,250198488,250198488
1,stride16-clang18-scalar-r3-stride16_scan-scalar-warm-basic-5242880,stride16-clang18-scalar,basic,ref_cycles,549089332,250195435,250195435
1,stride16-clang18-scalar-r3-stride16_scan-scalar-cache_evicted-branch-1048576,stride16-clang18-scalar,branch,cycles,548750667,250043732,250043732
1,stride16-clang18-scalar-r3-stride16_scan-scalar-cache_evicted-branch-1048576,stride16-clang18-scalar,branch,branches,14849861,250041933,250041933
1,stride16-clang18-scalar-r3-stride16_scan-scalar-cache_evicted-branch-1048576,stride16-clang18-scalar,branch,branch_misses,7187,250038205,250038205
1,stride16-clang18-scalar-r3-stride16_scan-scalar-cache_evicted-basic-262144,stride16-clang18-scalar,basic,cycles,548740537,250037946,250037946
1,stride16-clang18-scalar-r3-stride16_scan-scalar-cache_evicted-basic-262144,stride16-clang18-scalar,basic,instructions,447369126,250035106,250035106
1,stride16-clang18-scalar-r3-stride16_scan-scalar-cache_evicted-basic-262144,stride16-clang18-scalar,basic,ref_cycles,548742018,250031540,250031540
1,stride16-clang18-scalar-r3-stride16_scan-scalar-warm-branch-49152,stride16-clang18-scalar,branch,cycles,548732557,250033889,250033889
1,stride16-clang18-scalar-r3-stride16_scan-scalar-warm-branch-49152,stride16-clang18-scalar,branch,branches,36539728,250032596,250032596
1,stride16-clang18-scalar-r3-stride16_scan-scalar-warm-branch-49152,stride16-clang18-scalar,branch,branch_misses,279034,250029081,250029081
1,stride16-clang18-scalar-r3-stride16_scan-scalar-warm-basic-8192,stride16-clang18-scalar,basic,cycles,548731310,250033164,250033164
1,stride16-clang18-scalar-r3-stride16_scan-scalar-warm-basic-8192,stride16-clang18-scalar,basic,instructions,1685725742,250031608,250031608
1,stride16-clang18-scalar-r3-stride16_scan-scalar-warm-basic-8192,stride16-clang18-scalar,basic,ref_cycles,548733196,250028104,250028104
1,stride16-clang18-scalar-r3-stride16_scan-scalar-warm-branch-536870912,stride16-clang18-scalar,branch,cycles,596826335,271952413,271952413
1,stride16-clang18-scalar-r3-stride16_scan-scalar-warm-branch-536870912,stride16-clang18-scalar,branch,branches,7340396,271952555,271952555
1,stride16-clang18-scalar-r3-stride16_scan-scalar-warm-branch-536870912,stride16-clang18-scalar,branch,branch_misses,55,271948780,271948780
1,stride16-clang18-scalar-r3-stride16_scan-scalar-warm-basic-2097152,stride16-clang18-scalar,basic,cycles,548745343,250039901,250039901
1,stride16-clang18-scalar-r3-stride16_scan-scalar-warm-basic-2097152,stride16-clang18-scalar,basic,instructions,278432101,250037938,250037938
1,stride16-clang18-scalar-r3-stride16_scan-scalar-warm-basic-2097152,stride16-clang18-scalar,basic,ref_cycles,548746946,250034416,250034416
1,stride16-clang18-scalar-r3-stride16_scan-scalar-cache_evicted-branch-6291456,stride16-clang18-scalar,branch,cycles,548836557,250087694,250087694
1,stride16-clang18-scalar-r3-stride16_scan-scalar-cache_evicted-branch-6291456,stride16-clang18-scalar,branch,branches,12175243,250087581,250087581
1,stride16-clang18-scalar-r3-stride16_scan-scalar-cache_evicted-branch-6291456,stride16-clang18-scalar,branch,branch_misses,1030,250083450,250083450
1,stride16-clang18-scalar-r3-stride16_scan-scalar-warm-branch-229376,stride16-clang18-scalar,branch,cycles,548735574,250036407,250036407
1,stride16-clang18-scalar-r3-stride16_scan-scalar-warm-branch-229376,stride16-clang18-scalar,branch,branches,27321064,250034444,250034444
1,stride16-clang18-scalar-r3-stride16_scan-scalar-warm-branch-229376,stride16-clang18-scalar,branch,branch_misses,56637,250030814,250030814
1,stride16-clang18-scalar-r3-stride16_scan-scalar-warm-branch-33554432,stride16-clang18-scalar,branch,cycles,551569279,251333395,251333395
1,stride16-clang18-scalar-r3-stride16_scan-scalar-warm-branch-33554432,stride16-clang18-scalar,branch,branches,6622790,251332538,251332538
1,stride16-clang18-scalar-r3-stride16_scan-scalar-warm-branch-33554432,stride16-clang18-scalar,branch,branch_misses,134,251328048,251328048
1,stride16-clang18-scalar-r3-stride16_scan-scalar-warm-branch-8192,stride16-clang18-scalar,branch,cycles,548730987,250033373,250033373
1,stride16-clang18-scalar-r3-stride16_scan-scalar-warm-branch-8192,stride16-clang18-scalar,branch,branches,182241983,250031656,250031656
1,stride16-clang18-scalar-r3-stride16_scan-scalar-warm-branch-8192,stride16-clang18-scalar,branch,branch_misses,626,250028228,250028228
1,stride16-clang18-scalar-r3-stride16_scan-scalar-cache_evicted-branch-536870912,stride16-clang18-scalar,branch,cycles,597043890,272052620,272052620
1,stride16-clang18-scalar-r3-stride16_scan-scalar-cache_evicted-branch-536870912,stride16-clang18-scalar,branch,branches,7340396,272051383,272051383
1,stride16-clang18-scalar-r3-stride16_scan-scalar-cache_evicted-branch-536870912,stride16-clang18-scalar,branch,branch_misses,63,272047753,272047753
1,stride16-clang18-scalar-r3-stride16_scan-scalar-warm-branch-196608,stride16-clang18-scalar,branch,cycles,548731095,250034391,250034391
1,stride16-clang18-scalar-r3-stride16_scan-scalar-warm-branch-196608,stride16-clang18-scalar,branch,branches,26335967,250031959,250031959
1,stride16-clang18-scalar-r3-stride16_scan-scalar-warm-branch-196608,stride16-clang18-scalar,branch,branch_misses,62908,250028078,250028078
1,stride16-clang18-scalar-r3-stride16_scan-scalar-warm-branch-65536,stride16-clang18-scalar,branch,cycles,548732190,250034241,250034241
1,stride16-clang18-scalar-r3-stride16_scan-scalar-warm-branch-65536,stride16-clang18-scalar,branch,branches,33924168,250032762,250032762
1,stride16-clang18-scalar-r3-stride16_scan-scalar-warm-branch-65536,stride16-clang18-scalar,branch,branch_misses,208234,250029290,250029290
1,stride16-clang18-scalar-r3-stride16_scan-scalar-cache_evicted-basic-33554432,stride16-clang18-scalar,basic,cycles,553567446,252243075,252243075
1,stride16-clang18-scalar-r3-stride16_scan-scalar-cache_evicted-basic-33554432,stride16-clang18-scalar,basic,instructions,129517185,252241963,252241963
1,stride16-clang18-scalar-r3-stride16_scan-scalar-cache_evicted-basic-33554432,stride16-clang18-scalar,basic,ref_cycles,553570820,252238458,252238458
1,stride16-clang18-scalar-r3-stride16_scan-scalar-warm-basic-536870912,stride16-clang18-scalar,basic,cycles,596578235,271837784,271837784
1,stride16-clang18-scalar-r3-stride16_scan-scalar-warm-basic-536870912,stride16-clang18-scalar,basic,instructions,139462361,271838261,271838261
1,stride16-clang18-scalar-r3-stride16_scan-scalar-warm-basic-536870912,stride16-clang18-scalar,basic,ref_cycles,596581524,271835303,271835303
1,stride16-clang18-scalar-r3-stride16_scan-scalar-warm-branch-32768,stride16-clang18-scalar,branch,cycles,548730609,250032465,250032465
1,stride16-clang18-scalar-r3-stride16_scan-scalar-warm-branch-32768,stride16-clang18-scalar,branch,branches,111892013,250029874,250029874
1,stride16-clang18-scalar-r3-stride16_scan-scalar-warm-branch-32768,stride16-clang18-scalar,branch,branch_misses,1130527,250025939,250025939
1,stride16-clang18-scalar-r3-stride16_scan-scalar-warm-branch-262144,stride16-clang18-scalar,branch,cycles,548738755,250036315,250036315
1,stride16-clang18-scalar-r3-stride16_scan-scalar-warm-branch-262144,stride16-clang18-scalar,branch,branches,19209695,250034142,250034142
1,stride16-clang18-scalar-r3-stride16_scan-scalar-warm-branch-262144,stride16-clang18-scalar,branch,branch_misses,35177,250030420,250030420
1,stride16-clang18-scalar-r3-stride16_scan-scalar-warm-branch-524288,stride16-clang18-scalar,branch,cycles,548748258,250041146,250041146
1,stride16-clang18-scalar-r3-stride16_scan-scalar-warm-branch-524288,stride16-clang18-scalar,branch,branches,15060210,250038781,250038781
1,stride16-clang18-scalar-r3-stride16_scan-scalar-warm-branch-524288,stride16-clang18-scalar,branch,branch_misses,14270,250034679,250034679
1,stride16-clang18-scalar-r3-stride16_scan-scalar-warm-basic-65536,stride16-clang18-scalar,basic,cycles,548731778,250033529,250033529
1,stride16-clang18-scalar-r3-stride16_scan-scalar-warm-basic-65536,stride16-clang18-scalar,basic,instructions,540507331,250031612,250031612
1,stride16-clang18-scalar-r3-stride16_scan-scalar-warm-basic-65536,stride16-clang18-scalar,basic,ref_cycles,548733812,250028074,250028074
1,stride16-clang18-scalar-r3-stride16_scan-scalar-warm-basic-12582912,stride16-clang18-scalar,basic,cycles,549567231,250419466,250419466
1,stride16-clang18-scalar-r3-stride16_scan-scalar-warm-basic-12582912,stride16-clang18-scalar,basic,instructions,141535513,250418568,250418568
1,stride16-clang18-scalar-r3-stride16_scan-scalar-warm-basic-12582912,stride16-clang18-scalar,basic,ref_cycles,549570296,250415187,250415187
1,stride16-clang18-scalar-r3-stride16_scan-scalar-warm-branch-2097152,stride16-clang18-scalar,branch,cycles,548806351,250069579,250069579
1,stride16-clang18-scalar-r3-stride16_scan-scalar-warm-branch-2097152,stride16-clang18-scalar,branch,branches,14735399,250067892,250067892
1,stride16-clang18-scalar-r3-stride16_scan-scalar-warm-branch-2097152,stride16-clang18-scalar,branch,branch_misses,3611,250064388,250064388
1,stride16-clang18-scalar-r3-stride16_scan-scalar-warm-basic-131072,stride16-clang18-scalar,basic,cycles,548733278,250033399,250033399
1,stride16-clang18-scalar-r3-stride16_scan-scalar-warm-basic-131072,stride16-clang18-scalar,basic,instructions,553976036,250031310,250031310
1,stride16-clang18-scalar-r3-stride16_scan-scalar-warm-basic-131072,stride16-clang18-scalar,basic,ref_cycles,548735374,250028358,250028358
1,stride16-clang18-scalar-r3-stride16_scan-scalar-warm-basic-32768,stride16-clang18-scalar,basic,cycles,548731474,250031916,250031916
1,stride16-clang18-scalar-r3-stride16_scan-scalar-warm-basic-32768,stride16-clang18-scalar,basic,instructions,1571852124,250028683,250028683
1,stride16-clang18-scalar-r3-stride16_scan-scalar-warm-basic-32768,stride16-clang18-scalar,basic,ref_cycles,548732800,250025163,250025163
1,stride16-clang18-scalar-r3-stride16_scan-scalar-warm-branch-1048576,stride16-clang18-scalar,branch,cycles,548731643,250033240,250033240
1,stride16-clang18-scalar-r3-stride16_scan-scalar-warm-branch-1048576,stride16-clang18-scalar,branch,branches,14847743,250030769,250030769
1,stride16-clang18-scalar-r3-stride16_scan-scalar-warm-branch-1048576,stride16-clang18-scalar,branch,branch_misses,7165,250026959,250026959
1,stride16-clang18-scalar-r3-stride16_scan-scalar-cache_evicted-branch-8388608,stride16-clang18-scalar,branch,cycles,548892233,250114078,250114078
1,stride16-clang18-scalar-r3-stride16_scan-scalar-cache_evicted-branch-8388608,stride16-clang18-scalar,branch,branches,9982871,250114121,250114121
1,stride16-clang18-scalar-r3-stride16_scan-scalar-cache_evicted-branch-8388608,stride16-clang18-scalar,branch,branch_misses,656,250110488,250110488
1,stride16-clang18-scalar-r3-stride16_scan-scalar-cache_evicted-branch-32768,stride16-clang18-scalar,branch,cycles,548730769,250033455,250033455
1,stride16-clang18-scalar-r3-stride16_scan-scalar-cache_evicted-branch-32768,stride16-clang18-scalar,branch,branches,109954735,250031879,250031879
1,stride16-clang18-scalar-r3-stride16_scan-scalar-cache_evicted-branch-32768,stride16-clang18-scalar,branch,branch_misses,1110933,250028421,250028421
1,stride16-clang18-scalar-r3-stride16_scan-scalar-warm-branch-12582912,stride16-clang18-scalar,branch,cycles,549550243,250413815,250413815
1,stride16-clang18-scalar-r3-stride16_scan-scalar-warm-branch-12582912,stride16-clang18-scalar,branch,branches,7974083,250413646,250413646
1,stride16-clang18-scalar-r3-stride16_scan-scalar-warm-branch-12582912,stride16-clang18-scalar,branch,branch_misses,368,250409556,250409556
1,stride16-clang18-scalar-r3-stride16_scan-scalar-warm-branch-98304,stride16-clang18-scalar,branch,cycles,548734135,250035275,250035275
1,stride16-clang18-scalar-r3-stride16_scan-scalar-warm-branch-98304,stride16-clang18-scalar,branch,branches,31616778,250033565,250033565
1,stride16-clang18-scalar-r3-stride16_scan-scalar-warm-branch-98304,stride16-clang18-scalar,branch,branch_misses,139358,250030494,250030494
1,stride16-clang18-scalar-r3-stride16_scan-scalar-warm-branch-6291456,stride16-clang18-scalar,branch,cycles,549274536,250287429,250287429
1,stride16-clang18-scalar-r3-stride16_scan-scalar-warm-branch-6291456,stride16-clang18-scalar,branch,branches,10573253,250286529,250286529
1,stride16-clang18-scalar-r3-stride16_scan-scalar-warm-branch-6291456,stride16-clang18-scalar,branch,branch_misses,908,250283131,250283131
1,stride16-clang18-scalar-r3-stride16_scan-scalar-cache_evicted-basic-32768,stride16-clang18-scalar,basic,cycles,548731483,250033727,250033727
1,stride16-clang18-scalar-r3-stride16_scan-scalar-cache_evicted-basic-32768,stride16-clang18-scalar,basic,instructions,1448365136,250032658,250032658
1,stride16-clang18-scalar-r3-stride16_scan-scalar-cache_evicted-basic-32768,stride16-clang18-scalar,basic,ref_cycles,548733966,250029303,250029303
1,stride16-clang18-scalar-r3-stride16_scan-scalar-warm-basic-4194304,stride16-clang18-scalar,basic,cycles,549016210,250166261,250166261
1,stride16-clang18-scalar-r3-stride16_scan-scalar-warm-basic-4194304,stride16-clang18-scalar,basic,instructions,256006265,250165516,250165516
1,stride16-clang18-scalar-r3-stride16_scan-scalar-warm-basic-4194304,stride16-clang18-scalar,basic,ref_cycles,549020164,250161855,250161855
1,stride16-clang18-scalar-r3-stride16_scan-scalar-warm-branch-36864,stride16-clang18-scalar,branch,cycles,548731625,250033996,250033996
1,stride16-clang18-scalar-r3-stride16_scan-scalar-warm-branch-36864,stride16-clang18-scalar,branch,branches,37972720,250031367,250031367
1,stride16-clang18-scalar-r3-stride16_scan-scalar-warm-branch-36864,stride16-clang18-scalar,branch,branch_misses,355033,250027245,250027245
1,stride16-clang18-scalar-r3-stride16_scan-scalar-warm-basic-229376,stride16-clang18-scalar,basic,cycles,548741672,250036210,250036210
1,stride16-clang18-scalar-r3-stride16_scan-scalar-warm-basic-229376,stride16-clang18-scalar,basic,instructions,395878205,250032967,250032967
1,stride16-clang18-scalar-r3-stride16_scan-scalar-warm-basic-229376,stride16-clang18-scalar,basic,ref_cycles,548742546,250029421,250029421
1,stride16-clang18-scalar-r3-stride16_scan-scalar-cache_evicted-basic-6291456,stride16-clang18-scalar,basic,cycles,548994505,250160281,250160281
1,stride16-clang18-scalar-r3-stride16_scan-scalar-cache_evicted-basic-6291456,stride16-clang18-scalar,basic,instructions,217986715,250158473,250158473
1,stride16-clang18-scalar-r3-stride16_scan-scalar-cache_evicted-basic-6291456,stride16-clang18-scalar,basic,ref_cycles,548997702,250155690,250155690
1,stride16-clang18-scalar-r3-stride16_scan-scalar-cache_evicted-basic-1048576,stride16-clang18-scalar,basic,cycles,548754646,250045592,250045592
1,stride16-clang18-scalar-r3-stride16_scan-scalar-cache_evicted-basic-1048576,stride16-clang18-scalar,basic,instructions,278562858,250043892,250043892
1,stride16-clang18-scalar-r3-stride16_scan-scalar-cache_evicted-basic-1048576,stride16-clang18-scalar,basic,ref_cycles,548756604,250040339,250040339
1,stride16-clang18-scalar-r3-stride16_scan-scalar-warm-basic-6291456,stride16-clang18-scalar,basic,cycles,549149678,250228649,250228649
1,stride16-clang18-scalar-r3-stride16_scan-scalar-warm-basic-6291456,stride16-clang18-scalar,basic,instructions,219388537,250228130,250228130
1,stride16-clang18-scalar-r3-stride16_scan-scalar-warm-basic-6291456,stride16-clang18-scalar,basic,ref_cycles,549153660,250224528,250224528
1,stride16-clang18-scalar-r3-stride16_scan-scalar-warm-branch-7340032,stride16-clang18-scalar,branch,cycles,549348727,250321151,250321151
1,stride16-clang18-scalar-r3-stride16_scan-scalar-warm-branch-7340032,stride16-clang18-scalar,branch,branches,9844256,250320652,250320652
1,stride16-clang18-scalar-r3-stride16_scan-scalar-warm-branch-7340032,stride16-clang18-scalar,branch,branch_misses,737,250316209,250316209
1,stride16-clang18-scalar-r3-stride16_scan-scalar-warm-branch-24576,stride16-clang18-scalar,branch,cycles,548731032,250034284,250034284
1,stride16-clang18-scalar-r3-stride16_scan-scalar-warm-branch-24576,stride16-clang18-scalar,branch,branches,136072362,250032668,250032668
1,stride16-clang18-scalar-r3-stride16_scan-scalar-warm-branch-24576,stride16-clang18-scalar,branch,branch_misses,1639863,250028710,250028710
1,stride16-clang18-scalar-r3-stride16_scan-scalar-warm-branch-28672,stride16-clang18-scalar,branch,cycles,548730536,250031606,250031606
1,stride16-clang18-scalar-r3-stride16_scan-scalar-warm-branch-28672,stride16-clang18-scalar,branch,branches,130932136,250028696,250028696
1,stride16-clang18-scalar-r3-stride16_scan-scalar-warm-branch-28672,stride16-clang18-scalar,branch,branch_misses,1439176,250025038,250025038
1,stride16-clang18-scalar-r4-stride16_scan-scalar-warm-branch-524288,stride16-clang18-scalar,branch,cycles,548649349,250030655,250030655
1,stride16-clang18-scalar-r4-stride16_scan-scalar-warm-branch-524288,stride16-clang18-scalar,branch,branches,15056993,250030133,250030133
1,stride16-clang18-scalar-r4-stride16_scan-scalar-warm-branch-524288,stride16-clang18-scalar,branch,branch_misses,14280,250027071,250027071
1,stride16-clang18-scalar-r4-stride16_scan-scalar-warm-branch-134217728,stride16-clang18-scalar,branch,cycles,550674203,250925535,250925535
1,stride16-clang18-scalar-r4-stride16_scan-scalar-warm-branch-134217728,stride16-clang18-scalar,branch,branches,6816773,250924258,250924258
1,stride16-clang18-scalar-r4-stride16_scan-scalar-warm-branch-134217728,stride16-clang18-scalar,branch,branch_misses,53,250920037,250920037
1,stride16-clang18-scalar-r4-stride16_scan-scalar-warm-basic-98304,stride16-clang18-scalar,basic,cycles,548732479,250033630,250033630
1,stride16-clang18-scalar-r4-stride16_scan-scalar-warm-basic-98304,stride16-clang18-scalar,basic,instructions,534454503,250031208,250031208
1,stride16-clang18-scalar-r4-stride16_scan-scalar-warm-basic-98304,stride16-clang18-scalar,basic,ref_cycles,548734384,250027711,250027711
1,stride16-clang18-scalar-r4-stride16_scan-scalar-cache_evicted-branch-1048576,stride16-clang18-scalar,branch,cycles,548734693,250034849,250034849
1,stride16-clang18-scalar-r4-stride16_scan-scalar-cache_evicted-branch-1048576,stride16-clang18-scalar,branch,branches,14849836,250032448,250032448
1,stride16-clang18-scalar-r4-stride16_scan-scalar-cache_evicted-branch-1048576,stride16-clang18-scalar,branch,branch_misses,7175,250028666,250028666
1,stride16-clang18-scalar-r4-stride16_scan-scalar-warm-basic-536870912,stride16-clang18-scalar,basic,cycles,599150181,273009961,273009961
1,stride16-clang18-scalar-r4-stride16_scan-scalar-warm-basic-536870912,stride16-clang18-scalar,basic,instructions,139462361,273010331,273010331
1,stride16-clang18-scalar-r4-stride16_scan-scalar-warm-basic-536870912,stride16-clang18-scalar,basic,ref_cycles,599153610,273007412,273007412
1,stride16-clang18-scalar-r4-stride16_scan-scalar-warm-basic-2097152,stride16-clang18-scalar,basic,cycles,548798527,250063797,250063797
1,stride16-clang18-scalar-r4-stride16_scan-scalar-warm-basic-2097152,stride16-clang18-scalar,basic,instructions,278354091,250062827,250062827
1,stride16-clang18-scalar-r4-stride16_scan-scalar-warm-basic-2097152,stride16-clang18-scalar,basic,ref_cycles,548801440,250059722,250059722
1,stride16-clang18-scalar-r4-stride16_scan-scalar-warm-branch-8388608,stride16-clang18-scalar,branch,cycles,549004926,250165406,250165406
1,stride16-clang18-scalar-r4-stride16_scan-scalar-warm-branch-8388608,stride16-clang18-scalar,branch,branches,9966452,250164476,250164476
1,stride16-clang18-scalar-r4-stride16_scan-scalar-warm-branch-8388608,stride16-clang18-scalar,branch,branch_misses,651,250160741,250160741
1,stride16-clang18-scalar-r4-stride16_scan-scalar-warm-branch-2097152,stride16-clang18-scalar,branch,cycles,548881866,250104753,250104753
1,stride16-clang18-scalar-r4-stride16_scan-scalar-warm-branch-2097152,stride16-clang18-scalar,branch,branches,14743658,250102562,250102562
1,stride16-clang18-scalar-r4-stride16_scan-scalar-warm-branch-2097152,stride16-clang18-scalar,branch,branch_misses,3616,250098722,250098722
1,stride16-clang18-scalar-r4-stride16_scan-scalar-warm-basic-4194304,stride16-clang18-scalar,basic,cycles,548897491,250111147,250111147
1,stride16-clang18-scalar-r4-stride16_scan-scalar-warm-basic-4194304,stride16-clang18-scalar,basic,instructions,276885609,250111978,250111978
1,stride16-clang18-scalar-r4-stride16_scan-scalar-warm-basic-4194304,stride16-clang18-scalar,basic,ref_cycles,548900418,250108837,250108837
1,stride16-clang18-scalar-r4-stride16_scan-scalar-warm-branch-8192,stride16-clang18-scalar,branch,cycles,548730517,250032616,250032616
1,stride16-clang18-scalar-r4-stride16_scan-scalar-warm-branch-8192,stride16-clang18-scalar,branch,branches,178198389,250031042,250031042
1,stride16-clang18-scalar-r4-stride16_scan-scalar-warm-branch-8192,stride16-clang18-scalar,branch,branch_misses,587,250027292,250027292
1,stride16-clang18-scalar-r4-stride16_scan-scalar-warm-branch-262144,stride16-clang18-scalar,branch,cycles,548734028,250034573,250034573
1,stride16-clang18-scalar-r4-stride16_scan-scalar-warm-branch-262144,stride16-clang18-scalar,branch,branches,22240626,250032413,250032413
1,stride16-clang18-scalar-r4-stride16_scan-scalar-warm-branch-262144,stride16-clang18-scalar,branch,branch_misses,40717,250028656,250028656
1,stride16-clang18-scalar-r4-stride16_scan-scalar-warm-basic-8192,stride16-clang18-scalar,basic,cycles,548731028,250032525,250032525
1,stride16-clang18-scalar-r4-stride16_scan-scalar-warm-basic-8192,stride16-clang18-scalar,basic,instructions,1685230593,250031339,250031339
1,stride16-clang18-scalar-r4-stride16_scan-scalar-warm-basic-8192,stride16-clang18-scalar,basic,ref_cycles,548733196,250028084,250028084
1,stride16-clang18-scalar-r4-stride16_scan-scalar-warm-branch-36864,stride16-clang18-scalar,branch,cycles,548731105,250032700,250032700
1,stride16-clang18-scalar-r4-stride16_scan-scalar-warm-branch-36864,stride16-clang18-scalar,branch,branches,38797337,250030655,250030655
1,stride16-clang18-scalar-r4-stride16_scan-scalar-warm-branch-36864,stride16-clang18-scalar,branch,branch_misses,362728,250026849,250026849
1,stride16-clang18-scalar-r4-stride16_scan-scalar-warm-branch-33554432,stride16-clang18-scalar,branch,cycles,553778581,252340060,252340060
1,stride16-clang18-scalar-r4-stride16_scan-scalar-warm-branch-33554432,stride16-clang18-scalar,branch,branches,6950646,252340340,252340340
1,stride16-clang18-scalar-r4-stride16_scan-scalar-warm-branch-33554432,stride16-clang18-scalar,branch,branch_misses,141,252336416,252336416
1,stride16-clang18-scalar-r4-stride16_scan-scalar-warm-basic-229376,stride16-clang18-scalar,basic,cycles,548731043,250032328,250032328
1,stride16-clang18-scalar-r4-stride16_scan-scalar-warm-basic-229376,stride16-clang18-scalar,basic,instructions,427881317,250029546,250029546
1,stride16-clang18-scalar-r4-stride16_scan-scalar-warm-basic-229376,stride16-clang18-scalar,basic,ref_cycles,548732624,250026305,250026305
1,stride16-clang18-scalar-r4-stride16_scan-scalar-warm-basic-196608,stride16-clang18-scalar,basic,cycles,548732916,250033678,250033678
1,stride16-clang18-scalar-r4-stride16_scan-scalar-warm-basic-196608,stride16-clang18-scalar,basic,instructions,584872237,250031972,250031972
1,stride16-clang18-scalar-r4-stride16_scan-scalar-warm-basic-196608,stride16-clang18-scalar,basic,ref_cycles,548735440,250028767,250028767
1,stride16-clang18-scalar-r4-stride16_scan-scalar-warm-basic-16384,stride16-clang18-scalar,basic,cycles,548730636,250031907,250031907
1,stride16-clang18-scalar-r4-stride16_scan-scalar-warm-basic-16384,stride16-clang18-scalar,basic,instructions,1827010601,250029169,250029169
1,stride16-clang18-scalar-r4-stride16_scan-scalar-warm-basic-16384,stride16-clang18-scalar,basic,ref_cycles,548731854,250025392,250025392
1,stride16-clang18-scalar-r4-stride16_scan-scalar-cache_evicted-branch-33554432,stride16-clang18-scalar,branch,cycles,549688779,250476905,250476905
1,stride16-clang18-scalar-r4-stride16_scan-scalar-cache_evicted-branch-33554432,stride16-clang18-scalar,branch,branches,6885075,250475826,250475826
1,stride16-clang18-scalar-r4-stride16_scan-scalar-cache_evicted-branch-33554432,stride16-clang18-scalar,branch,branch_misses,156,250472296,250472296
1,stride16-clang18-scalar-r4-stride16_scan-scalar-cache_evicted-basic-32768,stride16-clang18-scalar,basic,cycles,548730981,250033298,250033298
1,stride16-clang18-scalar-r4-stride16_scan-scalar-cache_evicted-basic-32768,stride16-clang18-scalar,basic,instructions,1498516159,250031222,250031222
1,stride16-clang18-scalar-r4-stride16_scan-scalar-cache_evicted-basic-32768,stride16-clang18-scalar,basic,ref_cycles,548732602,250027831,250027831
1,stride16-clang18-scalar-r4-stride16_scan-scalar-warm-branch-12582912,stride16-clang18-scalar,branch,cycles,549006732,250166103,250166103
1,stride16-clang18-scalar-r4-stride16_scan-scalar-warm-branch-12582912,stride16-clang18-scalar,branch,branches,7359705,250165432,250165432
1,stride16-clang18-scalar-r4-stride16_scan-scalar-warm-branch-12582912,stride16-clang18-scalar,branch,branch_misses,350,250161664,250161664
1,stride16-clang18-scalar-r4-stride16_scan-scalar-warm-basic-24576,stride16-clang18-scalar,basic,cycles,548731303,250032855,250032855
1,stride16-clang18-scalar-r4-stride16_scan-scalar-warm-basic-24576,stride16-clang18-scalar,basic,instructions,1792936827,250031870,250031870
1,stride16-clang18-scalar-r4-stride16_scan-scalar-warm-basic-24576,stride16-clang18-scalar,basic,ref_cycles,548733636,250028156,250028156
1,stride16-clang18-scalar-r4-stride16_scan-scalar-warm-branch-393216,stride16-clang18-scalar,branch,cycles,548755716,250044205,250044205
1,stride16-clang18-scalar-r4-stride16_scan-scalar-warm-branch-393216,stride16-clang18-scalar,branch,branches,15204936,250041602,250041602
1,stride16-clang18-scalar-r4-stride16_scan-scalar-warm-branch-393216,stride16-clang18-scalar,branch,branch_misses,18985,250037839,250037839
1,stride16-clang18-scalar-r4-stride16_scan-scalar-warm-basic-6291456,stride16-clang18-scalar,basic,cycles,549031747,250174006,250174006
1,stride16-clang18-scalar-r4-stride16_scan-scalar-warm-basic-6291456,stride16-clang18-scalar,basic,instructions,235509697,250174891,250174891
1,stride16-clang18-scalar-r4-stride16_scan-scalar-warm-basic-6291456,stride16-clang18-scalar,basic,ref_cycles,549036070,250171937,250171937
1,stride16-clang18-scalar-r4-stride16_scan-scalar-warm-basic-33554432,stride16-clang18-scalar,basic,cycles,548832117,250085173,250085173
1,stride16-clang18-scalar-r4-stride16_scan-scalar-warm-basic-33554432,stride16-clang18-scalar,basic,instructions,130762537,250085709,250085709
1,stride16-clang18-scalar-r4-stride16_scan-scalar-warm-basic-33554432,stride16-clang18-scalar,basic,ref_cycles,548836442,250082297,250082297
1,stride16-clang18-scalar-r4-stride16_scan-scalar-warm-basic-7340032,stride16-clang18-scalar,basic,cycles,549140499,250224432,250224432
1,stride16-clang18-scalar-r4-stride16_scan-scalar-warm-basic-7340032,stride16-clang18-scalar,basic,instructions,212046045,250224471,250224471
1,stride16-clang18-scalar-r4-stride16_scan-scalar-warm-basic-7340032,stride16-clang18-scalar,basic,ref_cycles,549144244,250221235,250221235
1,stride16-clang18-scalar-r4-stride16_scan-scalar-warm-branch-49152,stride16-clang18-scalar,branch,cycles,548732049,250033665,250033665
1,stride16-clang18-scalar-r4-stride16_scan-scalar-warm-branch-49152,stride16-clang18-scalar,branch,branches,36266876,250032123,250032123
1,stride16-clang18-scalar-r4-stride16_scan-scalar-warm-branch-49152,stride16-clang18-scalar,branch,branch_misses,276958,250028277,250028277
1,stride16-clang18-scalar-r4-stride16_scan-scalar-warm-basic-32768,stride16-clang18-scalar,basic,cycles,548731026,250032361,250032361
1,stride16-clang18-scalar-r4-stride16_scan-scalar-warm-basic-32768,stride16-clang18-scalar,basic,instructions,1485145541,250030754,250030754
1,stride16-clang18-scalar-r4-stride16_scan-scalar-warm-basic-32768,stride16-clang18-scalar,basic,ref_cycles,548732932,250027286,250027286
1,stride16-clang18-scalar-r4-stride16_scan-scalar-warm-branch-65536,stride16-clang18-scalar,branch,cycles,548732607,250035898,250035898
1,stride16-clang18-scalar-r4-stride16_scan-scalar-warm-branch-65536,stride16-clang18-scalar,branch,branches,33858651,250033978,250033978
1,stride16-clang18-scalar-r4-stride16_scan-scalar-warm-branch-65536,stride16-clang18-scalar,branch,branch_misses,207827,250030634,250030634
1,stride16-clang18-scalar-r4-stride16_scan-scalar-warm-basic-5242880,stride16-clang18-scalar,basic,cycles,548988458,250156854,250156854
1,stride16-clang18-scalar-r4-stride16_scan-scalar-warm-basic-5242880,stride16-clang18-scalar,basic,instructions,253925907,250155387,250155387
1,stride16-clang18-scalar-r4-stride16_scan-scalar-warm-basic-5242880,stride16-clang18-scalar,basic,ref_cycles,548991828,250152702,250152702
1,stride16-clang18-scalar-r4-stride16_scan-scalar-warm-basic-134217728,stride16-clang18-scalar,basic,cycles,569075994,259308646,259308646
1,stride16-clang18-scalar-r4-stride16_scan-scalar-warm-basic-134217728,stride16-clang18-scalar,basic,instructions,134484985,259307379,259307379
1,stride16-clang18-scalar-r4-stride16_scan-scalar-warm-basic-134217728,stride16-clang18-scalar,basic,ref_cycles,569079544,259303913,259303913
1,stride16-clang18-scalar-r4-stride16_scan-scalar-warm-branch-7340032,stride16-clang18-scalar,branch,cycles,549320893,250310697,250310697
1,stride16-clang18-scalar-r4-stride16_scan-scalar-warm-branch-7340032,stride16-clang18-scalar,branch,branches,11037047,250309033,250309033
1,stride16-clang18-scalar-r4-stride16_scan-scalar-warm-branch-7340032,stride16-clang18-scalar,branch,branch_misses,814,250306097,250306097
1,stride16-clang18-scalar-r4-stride16_scan-scalar-warm-basic-262144,stride16-clang18-scalar,basic,cycles,548738546,250035661,250035661
1,stride16-clang18-scalar-r4-stride16_scan-scalar-warm-basic-262144,stride16-clang18-scalar,basic,instructions,452367375,250033664,250033664
1,stride16-clang18-scalar-r4-stride16_scan-scalar-warm-basic-262144,stride16-clang18-scalar,basic,ref_cycles,548740126,250030526,250030526
1,stride16-clang18-scalar-r4-stride16_scan-scalar-cache_evicted-basic-262144,stride16-clang18-scalar,basic,cycles,548740863,250038216,250038216
1,stride16-clang18-scalar-r4-stride16_scan-scalar-cache_evicted-basic-262144,stride16-clang18-scalar,basic,instructions,439600820,250036084,250036084
1,stride16-clang18-scalar-r4-stride16_scan-scalar-cache_evicted-basic-262144,stride16-clang18-scalar,basic,ref_cycles,548742678,250032562,250032562
1,stride16-clang18-scalar-r4-stride16_scan-scalar-warm-basic-524288,stride16-clang18-scalar,basic,cycles,548760870,250046437,250046437
1,stride16-clang18-scalar-r4-stride16_scan-scalar-warm-basic-524288,stride16-clang18-scalar,basic,instructions,278994999,250045250,250045250
1,stride16-clang18-scalar-r4-stride16_scan-scalar-warm-basic-524288,stride16-clang18-scalar,basic,ref_cycles,548763314,250042219,250042219
1,stride16-clang18-scalar-r4-stride16_scan-scalar-warm-branch-5242880,stride16-clang18-scalar,branch,cycles,549069891,250193732,250193732
1,stride16-clang18-scalar-r4-stride16_scan-scalar-warm-branch-5242880,stride16-clang18-scalar,branch,branches,14066594,250192723,250192723
1,stride16-clang18-scalar-r4-stride16_scan-scalar-warm-branch-5242880,stride16-clang18-scalar,branch,branch_misses,1416,250189031,250189031
1,stride16-clang18-scalar-r4-stride16_scan-scalar-warm-branch-28672,stride16-clang18-scalar,branch,cycles,548731059,250032991,250032991
1,stride16-clang18-scalar-r4-stride16_scan-scalar-warm-branch-28672,stride16-clang18-scalar,branch,branches,131574876,250031474,250031474
1,stride16-clang18-scalar-r4-stride16_scan-scalar-warm-branch-28672,stride16-clang18-scalar,branch,branch_misses,1446245,250028197,250028197
1,stride16-clang18-scalar-r4-stride16_scan-scalar-warm-branch-32768,stride16-clang18-scalar,branch,cycles,548731181,250033710,250033710
1,stride16-clang18-scalar-r4-stride16_scan-scalar-warm-branch-32768,stride16-clang18-scalar,branch,branches,111472686,250032199,250032199
1,stride16-clang18-scalar-r4-stride16_scan-scalar-warm-branch-32768,stride16-clang18-scalar,branch,branch_misses,1126308,250028949,250028949
1,stride16-clang18-scalar-r4-stride16_scan-scalar-warm-branch-131072,stride16-clang18-scalar,branch,cycles,548731515,250032410,250032410
1,stride16-clang18-scalar-r4-stride16_scan-scalar-warm-branch-131072,stride16-clang18-scalar,branch,branches,31362461,250029055,250029055
1,stride16-clang18-scalar-r4-stride16_scan-scalar-warm-branch-131072,stride16-clang18-scalar,branch,branch_misses,107858,250025963,250025963
1,stride16-clang18-scalar-r4-stride16_scan-scalar-warm-basic-294912,stride16-clang18-scalar,basic,cycles,548748172,250039471,250039471
1,stride16-clang18-scalar-r4-stride16_scan-scalar-warm-basic-294912,stride16-clang18-scalar,basic,instructions,340527921,250036427,250036427
1,stride16-clang18-scalar-r4-stride16_scan-scalar-warm-basic-294912,stride16-clang18-scalar,basic,ref_cycles,548749410,250032954,250032954
1,stride16-clang18-scalar-r4-stride16_scan-scalar-warm-basic-1048576,stride16-clang18-scalar,basic,cycles,548770159,250049084,250049084
1,stride16-clang18-scalar-r4-stride16_scan-scalar-warm-basic-1048576,stride16-clang18-scalar,basic,instructions,278641085,250046742,250046742
1,stride16-clang18-scalar-r4-stride16_scan-scalar-warm-basic-1048576,stride16-clang18-scalar,basic,ref_cycles,548772004,250043545,250043545
1,stride16-clang18-scalar-r4-stride16_scan-scalar-cache_evicted-basic-33554432,stride16-clang18-scalar,basic,cycles,553497643,252212068,252212068
1,stride16-clang18-scalar-r4-stride16_scan-scalar-cache_evicted-basic-33554432,stride16-clang18-scalar,basic,instructions,130762537,252211553,252211553
1,stride16-clang18-scalar-r4-stride16_scan-scalar-cache_evicted-basic-33554432,stride16-clang18-scalar,basic,ref_cycles,553501168,252208099,252208099
1,stride16-clang18-scalar-r4-stride16_scan-scalar-warm-basic-393216,stride16-clang18-scalar,basic,cycles,548744307,250038191,250038191
1,stride16-clang18-scalar-r4-stride16_scan-scalar-warm-basic-393216,stride16-clang18-scalar,basic,instructions,279422179,250035295,250035295
1,stride16-clang18-scalar-r4-stride16_scan-scalar-warm-basic-393216,stride16-clang18-scalar,basic,ref_cycles,548745978,250031987,250031987
1,stride16-clang18-scalar-r4-stride16_scan-scalar-warm-branch-1048576,stride16-clang18-scalar,branch,cycles,548779023,250055633,250055633
1,stride16-clang18-scalar-r4-stride16_scan-scalar-warm-branch-1048576,stride16-clang18-scalar,branch,branches,14853998,250053201,250053201
1,stride16-clang18-scalar-r4-stride16_scan-scalar-warm-branch-1048576,stride16-clang18-scalar,branch,branch_misses,7179,250049739,250049739
1,stride16-clang18-scalar-r4-stride16_scan-scalar-cache_evicted-branch-262144,stride16-clang18-scalar,branch,cycles,548734808,250035406,250035406
1,stride16-clang18-scalar-r4-stride16_scan-scalar-cache_evicted-branch-262144,stride16-clang18-scalar,branch,branches,24368044,250033529,250033529
1,stride16-clang18-scalar-r4-stride16_scan-scalar-cache_evicted-branch-262144,stride16-clang18-scalar,branch,branch_misses,44624,250029478,250029478
1,stride16-clang18-scalar-r4-stride16_scan-scalar-warm-branch-536870912,stride16-clang18-scalar,branch,cycles,597945905,272465047,272465047
1,stride16-clang18-scalar-r4-stride16_scan-scalar-warm-branch-536870912,stride16-clang18-scalar,branch,branches,7340396,272463820,272463820
1,stride16-clang18-scalar-r4-stride16_scan-scalar-warm-branch-536870912,stride16-clang18-scalar,branch,branch_misses,51,272459227,272459227
1,stride16-clang18-scalar-r4-stride16_scan-scalar-cache_evicted-branch-536870912,stride16-clang18-scalar,branch,cycles,597398781,272213877,272213877
1,stride16-clang18-scalar-r4-stride16_scan-scalar-cache_evicted-branch-536870912,stride16-clang18-scalar,branch,branches,7340396,272213171,272213171
1,stride16-clang18-scalar-r4-stride16_scan-scalar-cache_evicted-branch-536870912,stride16-clang18-scalar,branch,branch_misses,66,272209444,272209444
1,stride16-clang18-scalar-r4-stride16_scan-scalar-warm-branch-294912,stride16-clang18-scalar,branch,cycles,548744057,250040265,250040265
1,stride16-clang18-scalar-r4-stride16_scan-scalar-warm-branch-294912,stride16-clang18-scalar,branch,branches,18340506,250038123,250038123
1,stride16-clang18-scalar-r4-stride16_scan-scalar-warm-branch-294912,stride16-clang18-scalar,branch,branch_misses,30060,250034648,250034648
1,stride16-clang18-scalar-r4-stride16_scan-scalar-warm-branch-6291456,stride16-clang18-scalar,branch,cycles,548766571,250056053,250056053
1,stride16-clang18-scalar-r4-stride16_scan-scalar-warm-branch-6291456,stride16-clang18-scalar,branch,branches,11460516,250055208,250055208
1,stride16-clang18-scalar-r4-stride16_scan-scalar-warm-branch-6291456,stride16-clang18-scalar,branch,branch_misses,980,250051440,250051440
1,stride16-clang18-scalar-r4-stride16_scan-scalar-cache_evicted-basic-8388608,stride16-clang18-scalar,basic,cycles,549336703,250314414,250314414
1,stride16-clang18-scalar-r4-stride16_scan-scalar-cache_evicted-basic-8388608,stride16-clang18-scalar,basic,instructions,185321663,250313864,250313864
1,stride16-clang18-scalar-r4-stride16_scan-scalar-cache_evicted-basic-8388608,stride16-clang18-scalar,basic,ref_cycles,549340462,250310575,250310575
1,stride16-clang18-scalar-r4-stride16_scan-scalar-warm-branch-16384,stride16-clang18-scalar,branch,cycles,548730582,250033954,250033954
1,stride16-clang18-scalar-r4-stride16_scan-scalar-warm-branch-16384,stride16-clang18-scalar,branch,branches,157702524,250032737,250032737
1,stride16-clang18-scalar-r4-stride16_scan-scalar-warm-branch-16384,stride16-clang18-scalar,branch,branch_misses,592,250028950,250028950
1,stride16-clang18-scalar-r4-stride16_scan-scalar-cache_evicted-basic-536870912,stride16-clang18-scalar,basic,cycles,597544824,272279689,272279689
1,stride16-clang18-scalar-r4-stride16_scan-scalar-cache_evicted-basic-536870912,stride16-clang18-scalar,basic,instructions,139462361,272278008,272278008
1,stride16-clang18-scalar-r4-stride16_scan-scalar-cache_evicted-basic-536870912,stride16-clang18-scalar,basic,ref_cycles,597548226,272274536,272274536
1,stride16-clang18-scalar-r4-stride16_scan-scalar-warm-basic-12582912,stride16-clang18-scalar,basic,cycles,550153981,250687098,250687098
1,stride16-clang18-scalar-r4-stride16_scan-scalar-warm-basic-12582912,stride16-clang18-scalar,basic,instructions,150410641,250685605,250685605
1,stride16-clang18-scalar-r4-stride16_scan-scalar-warm-basic-12582912,stride16-clang18-scalar,basic,ref_cycles,550157234,250682597,250682597
1,stride16-clang18-scalar-r4-stride16_scan-scalar-warm-branch-98304,stride16-clang18-scalar,branch,cycles,548731079,250033861,250033861
1,stride16-clang18-scalar-r4-stride16_scan-scalar-warm-branch-98304,stride16-clang18-scalar,branch,branches,32198951,250032205,250032205
1,stride16-clang18-scalar-r4-stride16_scan-scalar-warm-branch-98304,stride16-clang18-scalar,branch,branch_misses,141948,250029110,250029110
1,stride16-clang18-scalar-r4-stride16_scan-scalar-cache_evicted-basic-1048576,stride16-clang18-scalar,basic,cycles,548748957,250041920,250041920
1,stride16-clang18-scalar-r4-stride16_scan-scalar-cache_evicted-basic-1048576,stride16-clang18-scalar,basic,instructions,278562824,250038604,250038604
1,stride16-clang18-scalar-r4-stride16_scan-scalar-cache_evicted-basic-1048576,stride16-clang18-scalar,basic,ref_cycles,548750708,250035223,250035223
1,stride16-clang18-scalar-r4-stride16_scan-scalar-warm-basic-8388608,stride16-clang18-scalar,basic,cycles,549298806,250296970,250296970
1,stride16-clang18-scalar-r4-stride16_scan-scalar-warm-basic-8388608,stride16-clang18-scalar,basic,instructions,188436297,250297148,250297148
1,stride16-clang18-scalar-r4-stride16_scan-scalar-warm-basic-8388608,stride16-clang18-scalar,basic,ref_cycles,549302490,250293437,250293437
1,stride16-clang18-scalar-r4-stride16_scan-scalar-warm-branch-229376,stride16-clang18-scalar,branch,cycles,548739423,250037582,250037582
1,stride16-clang18-scalar-r4-stride16_scan-scalar-warm-branch-229376,stride16-clang18-scalar,branch,branches,24688489,250035558,250035558
1,stride16-clang18-scalar-r4-stride16_scan-scalar-warm-branch-229376,stride16-clang18-scalar,branch,branch_misses,50866,250032093,250032093
1,stride16-clang18-scalar-r4-stride16_scan-scalar-warm-branch-196608,stride16-clang18-scalar,branch,cycles,548735768,250035131,250035131
1,stride16-clang18-scalar-r4-stride16_scan-scalar-warm-branch-196608,stride16-clang18-scalar,branch,branches,27439350,250031521,250031521
1,stride16-clang18-scalar-r4-stride16_scan-scalar-warm-branch-196608,stride16-clang18-scalar,branch,branch_misses,65549,250027623,250027623
1,stride16-clang18-scalar-r4-stride16_scan-scalar-cache_evicted-branch-32768,stride16-clang18-scalar,branch,cycles,548730485,250032551,250032551
1,stride16-clang18-scalar-r4-stride16_scan-scalar-cache_evicted-branch-32768,stride16-clang18-scalar,branch,branches,103252735,250030223,250030223
1,stride16-clang18-scalar-r4-stride16_scan-scalar-cache_evicted-branch-32768,stride16-clang18-scalar,branch,branch_misses,1043319,250026613,250026613
1,stride16-clang18-scalar-r4-stride16_scan-scalar-cache_evicted-branch-6291456,stride16-clang18-scalar,branch,cycles,549134728,250223603,250223603
1,stride16-clang18-scalar-r4-stride16_scan-scalar-cache_evicted-branch-6291456,stride16-clang18-scalar,branch,branches,12162920,250223078,250223078
1,stride16-clang18-scalar-r4-stride16_scan-scalar-cache_evicted-branch-6291456,stride16-clang18-scalar,branch,branch_misses,1037,250219326,250219326
1,stride16-clang18-scalar-r4-stride16_scan-scalar-warm-branch-4194304,stride16-clang18-scalar,branch,cycles,548796599,250067225,250067225
1,stride16-clang18-scalar-r4-stride16_scan-scalar-warm-branch-4194304,stride16-clang18-scalar,branch,branches,14232829,250066138,250066138
1,stride16-clang18-scalar-r4-stride16_scan-scalar-warm-branch-4194304,stride16-clang18-scalar,branch,branch_misses,1776,250062247,250062247
1,stride16-clang18-scalar-r4-stride16_scan-scalar-cache_evicted-branch-8388608,stride16-clang18-scalar,branch,cycles,549567771,250421094,250421094
1,stride16-clang18-scalar-r4-stride16_scan-scalar-cache_evicted-branch-8388608,stride16-clang18-scalar,branch,branches,9211200,250419393,250419393
1,stride16-clang18-scalar-r4-stride16_scan-scalar-cache_evicted-branch-8388608,stride16-clang18-scalar,branch,branch_misses,617,250415813,250415813
1,stride16-clang18-scalar-r4-stride16_scan-scalar-warm-basic-131072,stride16-clang18-scalar,basic,cycles,548734225,250034295,250034295
1,stride16-clang18-scalar-r4-stride16_scan-scalar-warm-basic-131072,stride16-clang18-scalar,basic,instructions,551754559,250032441,250032441
1,stride16-clang18-scalar-r4-stride16_scan-scalar-warm-basic-131072,stride16-clang18-scalar,basic,ref_cycles,548736166,250029165,250029165
1,stride16-clang18-scalar-r4-stride16_scan-scalar-warm-basic-28672,stride16-clang18-scalar,basic,cycles,548730670,250032132,250032132
1,stride16-clang18-scalar-r4-stride16_scan-scalar-warm-basic-28672,stride16-clang18-scalar,basic,instructions,1784382862,250030475,250030475
1,stride16-clang18-scalar-r4-stride16_scan-scalar-warm-basic-28672,stride16-clang18-scalar,basic,ref_cycles,548732316,250027307,250027307
1,stride16-clang18-scalar-r4-stride16_scan-scalar-cache_evicted-basic-6291456,stride16-clang18-scalar,basic,cycles,549087830,250200101,250200101
1,stride16-clang18-scalar-r4-stride16_scan-scalar-cache_evicted-basic-6291456,stride16-clang18-scalar,basic,instructions,221958577,250200910,250200910
1,stride16-clang18-scalar-r4-stride16_scan-scalar-cache_evicted-basic-6291456,stride16-clang18-scalar,basic,ref_cycles,549091268,250197702,250197702
1,stride16-clang18-scalar-r4-stride16_scan-scalar-warm-basic-65536,stride16-clang18-scalar,basic,cycles,548731058,250032646,250032646
1,stride16-clang18-scalar-r4-stride16_scan-scalar-warm-basic-65536,stride16-clang18-scalar,basic,instructions,537621379,250029564,250029564
1,stride16-clang18-scalar-r4-stride16_scan-scalar-warm-basic-65536,stride16-clang18-scalar,basic,ref_cycles,548732184,250025802,250025802
1,stride16-clang18-scalar-r4-stride16_scan-scalar-warm-branch-24576,stride16-clang18-scalar,branch,cycles,548730480,250031708,250031708
1,stride16-clang18-scalar-r4-stride16_scan-scalar-warm-branch-24576,stride16-clang18-scalar,branch,branches,138589531,250028643,250028643
1,stride16-clang18-scalar-r4-stride16_scan-scalar-warm-branch-24576,stride16-clang18-scalar,branch,branch_misses,1670152,250024474,250024474
1,stride16-clang18-scalar-r4-stride16_scan-scalar-warm-basic-49152,stride16-clang18-scalar,basic,cycles,548731535,250030798,250030798
1,stride16-clang18-scalar-r4-stride16_scan-scalar-warm-basic-49152,stride16-clang18-scalar,basic,instructions,552547970,250028754,250028754
1,stride16-clang18-scalar-r4-stride16_scan-scalar-warm-basic-49152,stride16-clang18-scalar,basic,ref_cycles,548732888,250025213,250025213
1,stride16-clang18-scalar-r4-stride16_scan-scalar-warm-basic-36864,stride16-clang18-scalar,basic,cycles,548732253,250032875,250032875
1,stride16-clang18-scalar-r4-stride16_scan-scalar-warm-basic-36864,stride16-clang18-scalar,basic,instructions,551344015,250031712,250031712
1,stride16-clang18-scalar-r4-stride16_scan-scalar-warm-basic-36864,stride16-clang18-scalar,basic,ref_cycles,548734780,250028524,250028524
1,stride16-clang18-scalar-r5-stride16_scan-scalar-warm-basic-12582912,stride16-clang18-scalar,basic,cycles,550294744,250751152,250751152
1,stride16-clang18-scalar-r5-stride16_scan-scalar-warm-basic-12582912,stride16-clang18-scalar,basic,instructions,150410647,250749542,250749542
1,stride16-clang18-scalar-r5-stride16_scan-scalar-warm-basic-12582912,stride16-clang18-scalar,basic,ref_cycles,550297990,250745992,250745992
1,stride16-clang18-scalar-r5-stride16_scan-scalar-warm-basic-33554432,stride16-clang18-scalar,basic,cycles,549440508,250362326,250362326
1,stride16-clang18-scalar-r5-stride16_scan-scalar-warm-basic-33554432,stride16-clang18-scalar,basic,instructions,125781129,250361336,250361336
1,stride16-clang18-scalar-r5-stride16_scan-scalar-warm-basic-33554432,stride16-clang18-scalar,basic,ref_cycles,549444566,250358105,250358105
1,stride16-clang18-scalar-r5-stride16_scan-scalar-warm-branch-262144,stride16-clang18-scalar,branch,cycles,548737800,250036734,250036734
1,stride16-clang18-scalar-r5-stride16_scan-scalar-warm-branch-262144,stride16-clang18-scalar,branch,branches,19306502,250034182,250034182
1,stride16-clang18-scalar-r5-stride16_scan-scalar-warm-branch-262144,stride16-clang18-scalar,branch,branch_misses,35350,250030360,250030360
1,stride16-clang18-scalar-r5-stride16_scan-scalar-warm-basic-131072,stride16-clang18-scalar,basic,cycles,548730574,250031314,250031314
1,stride16-clang18-scalar-r5-stride16_scan-scalar-warm-basic-131072,stride16-clang18-scalar,basic,instructions,553325712,250028760,250028760
1,stride16-clang18-scalar-r5-stride16_scan-scalar-warm-basic-131072,stride16-clang18-scalar,basic,ref_cycles,548732580,250025938,250025938
1,stride16-clang18-scalar-r5-stride16_scan-scalar-cache_evicted-basic-33554432,stride16-clang18-scalar,basic,cycles,551753135,251416466,251416466
1,stride16-clang18-scalar-r5-stride16_scan-scalar-cache_evicted-basic-33554432,stride16-clang18-scalar,basic,instructions,128271833,251415706,251415706
1,stride16-clang18-scalar-r5-stride16_scan-scalar-cache_evicted-basic-33554432,stride16-clang18-scalar,basic,ref_cycles,551757206,251412688,251412688
1,stride16-clang18-scalar-r5-stride16_scan-scalar-warm-basic-393216,stride16-clang18-scalar,basic,cycles,548743670,250037617,250037617
1,stride16-clang18-scalar-r5-stride16_scan-scalar-warm-basic-393216,stride16-clang18-scalar,basic,instructions,292440553,250034326,250034326
1,stride16-clang18-scalar-r5-stride16_scan-scalar-warm-basic-393216,stride16-clang18-scalar,basic,ref_cycles,548744790,250030325,250030325
1,stride16-clang18-scalar-r5-stride16_scan-scalar-cache_evicted-basic-6291456,stride16-clang18-scalar,basic,cycles,548892963,250112775,250112775
1,stride16-clang18-scalar-r5-stride16_scan-scalar-cache_evicted-basic-6291456,stride16-clang18-scalar,basic,instructions,231304254,250111542,250111542
1,stride16-clang18-scalar-r5-stride16_scan-scalar-cache_evicted-basic-6291456,stride16-clang18-scalar,basic,ref_cycles,548896436,250108102,250108102
1,stride16-clang18-scalar-r5-stride16_scan-scalar-warm-basic-5242880,stride16-clang18-scalar,basic,cycles,549101767,250205347,250205347
1,stride16-clang18-scalar-r5-stride16_scan-scalar-warm-basic-5242880,stride16-clang18-scalar,basic,instructions,256457365,250205195,250205195
1,stride16-clang18-scalar-r5-stride16_scan-scalar-warm-basic-5242880,stride16-clang18-scalar,basic,ref_cycles,549104842,250201761,250201761
1,stride16-clang18-scalar-r5-stride16_scan-scalar-warm-branch-393216,stride16-clang18-scalar,branch,cycles,548744799,250040589,250040589
1,stride16-clang18-scalar-r5-stride16_scan-scalar-warm-branch-393216,stride16-clang18-scalar,branch,branches,15203341,250038647,250038647
1,stride16-clang18-scalar-r5-stride16_scan-scalar-warm-branch-393216,stride16-clang18-scalar,branch,branch_misses,18987,250034971,250034971
1,stride16-clang18-scalar-r5-stride16_scan-scalar-cache_evicted-branch-6291456,stride16-clang18-scalar,branch,cycles,549281927,250289945,250289945
1,stride16-clang18-scalar-r5-stride16_scan-scalar-cache_evicted-branch-6291456,stride16-clang18-scalar,branch,branches,10967589,250290063,250290063
1,stride16-clang18-scalar-r5-stride16_scan-scalar-cache_evicted-branch-6291456,stride16-clang18-scalar,branch,branch_misses,935,250286437,250286437
1,stride16-clang18-scalar-r5-stride16_scan-scalar-cache_evicted-branch-1048576,stride16-clang18-scalar,branch,cycles,548796266,250068275,250068275
1,stride16-clang18-scalar-r5-stride16_scan-scalar-cache_evicted-branch-1048576,stride16-clang18-scalar,branch,branches,14849835,250065811,250065811
1,stride16-clang18-scalar-r5-stride16_scan-scalar-cache_evicted-branch-1048576,stride16-clang18-scalar,branch,branch_misses,7186,250061229,250061229
1,stride16-clang18-scalar-r5-stride16_scan-scalar-warm-branch-2097152,stride16-clang18-scalar,branch,cycles,548808842,250069878,250069878
1,stride16-clang18-scalar-r5-stride16_scan-scalar-warm-branch-2097152,stride16-clang18-scalar,branch,branches,14743682,250067889,250067889
1,stride16-clang18-scalar-r5-stride16_scan-scalar-warm-branch-2097152,stride16-clang18-scalar,branch,branch_misses,3621,250064000,250064000
1,stride16-clang18-scalar-r5-stride16_scan-scalar-warm-branch-1048576,stride16-clang18-scalar,branch,cycles,548761331,250047268,250047268
1,stride16-clang18-scalar-r5-stride16_scan-scalar-warm-branch-1048576,stride16-clang18-scalar,branch,branches,14854001,250044138,250044138
1,stride16-clang18-scalar-r5-stride16_scan-scalar-warm-branch-1048576,stride16-clang18-scalar,branch,branch_misses,7181,250040180,250040180
1,stride16-clang18-scalar-r5-stride16_scan-scalar-warm-basic-1048576,stride16-clang18-scalar,basic,cycles,548747561,250039330,250039330
1,stride16-clang18-scalar-r5-stride16_scan-scalar-warm-basic-1048576,stride16-clang18-scalar,basic,instructions,278680064,250036661,250036661
1,stride16-clang18-scalar-r5-stride16_scan-scalar-warm-basic-1048576,stride16-clang18-scalar,basic,ref_cycles,548748882,250033347,250033347
1,stride16-clang18-scalar-r5-stride16_scan-scalar-warm-branch-65536,stride16-clang18-scalar,branch,cycles,548731705,250033002,250033002
1,stride16-clang18-scalar-r5-stride16_scan-scalar-warm-branch-65536,stride16-clang18-scalar,branch,branches,33631734,250030381,250030381
1,stride16-clang18-scalar-r5-stride16_scan-scalar-warm-branch-65536,stride16-clang18-scalar,branch,branch_misses,206430,250026490,250026490
1,stride16-clang18-scalar-r5-stride16_scan-scalar-warm-branch-24576,stride16-clang18-scalar,branch,cycles,548730917,250033189,250033189
1,stride16-clang18-scalar-r5-stride16_scan-scalar-warm-branch-24576,stride16-clang18-scalar,branch,branches,138364615,250031322,250031322
1,stride16-clang18-scalar-r5-stride16_scan-scalar-warm-branch-24576,stride16-clang18-scalar,branch,branch_misses,1667433,250028133,250028133
1,stride16-clang18-scalar-r5-stride16_scan-scalar-cache_evicted-branch-262144,stride16-clang18-scalar,branch,cycles,548747317,250043636,250043636
1,stride16-clang18-scalar-r5-stride16_scan-scalar-cache_evicted-branch-262144,stride16-clang18-scalar,branch,branches,18099826,250041816,250041816
1,stride16-clang18-scalar-r5-stride16_scan-scalar-cache_evicted-branch-262144,stride16-clang18-scalar,branch,branch_misses,33145,250038089,250038089
1,stride16-clang18-scalar-r5-stride16_scan-scalar-warm-branch-32768,stride16-clang18-scalar,branch,cycles,548731266,250033999,250033999
1,stride16-clang18-scalar-r5-stride16_scan-scalar-warm-branch-32768,stride16-clang18-scalar,branch,branches,114631724,250032230,250032230
1,stride16-clang18-scalar-r5-stride16_scan-scalar-warm-branch-32768,stride16-clang18-scalar,branch,branch_misses,1158278,250028911,250028911
1,stride16-clang18-scalar-r5-stride16_scan-scalar-warm-basic-4194304,stride16-clang18-scalar,basic,cycles,548803738,250070049,250070049
1,stride16-clang18-scalar-r5-stride16_scan-scalar-warm-basic-4194304,stride16-clang18-scalar,basic,instructions,256941228,250069662,250069662
1,stride16-clang18-scalar-r5-stride16_scan-scalar-warm-basic-4194304,stride16-clang18-scalar,basic,ref_cycles,548806742,250065770,250065770
1,stride16-clang18-scalar-r5-stride16_scan-scalar-warm-basic-28672,stride16-clang18-scalar,basic,cycles,548730562,250031752,250031752
1,stride16-clang18-scalar-r5-stride16_scan-scalar-warm-basic-28672,stride16-clang18-scalar,basic,instructions,1784841403,250028636,250028636
1,stride16-clang18-scalar-r5-stride16_scan-scalar-warm-basic-28672,stride16-clang18-scalar,basic,ref_cycles,548731788,250025074,250025074
1,stride16-clang18-scalar-r5-stride16_scan-scalar-warm-branch-12582912,stride16-clang18-scalar,branch,cycles,550183286,250702459,250702459
1,stride16-clang18-scalar-r5-stride16_scan-scalar-warm-branch-12582912,stride16-clang18-scalar,branch,branches,7924861,250701489,250701489
1,stride16-clang18-scalar-r5-stride16_scan-scalar-warm-branch-12582912,stride16-clang18-scalar,branch,branch_misses,371,250697629,250697629
1,stride16-clang18-scalar-r5-stride16_scan-scalar-warm-branch-196608,stride16-clang18-scalar,branch,cycles,548736042,250037131,250037131
1,stride16-clang18-scalar-r5-stride16_scan-scalar-warm-branch-196608,stride16-clang18-scalar,branch,branches,32668782,250035346,250035346
1,stride16-clang18-scalar-r5-stride16_scan-scalar-warm-branch-196608,stride16-clang18-scalar,branch,branch_misses,78041,250031639,250031639
1,stride16-clang18-scalar-r5-stride16_scan-scalar-warm-branch-49152,stride16-clang18-scalar,branch,cycles,548730505,250032300,250032300
1,stride16-clang18-scalar-r5-stride16_scan-scalar-warm-branch-49152,stride16-clang18-scalar,branch,branches,35524883,250029530,250029530
1,stride16-clang18-scalar-r5-stride16_scan-scalar-warm-branch-49152,stride16-clang18-scalar,branch,branch_misses,271291,250025780,250025780
1,stride16-clang18-scalar-r5-stride16_scan-scalar-warm-basic-65536,stride16-clang18-scalar,basic,cycles,548732781,250032768,250032768
1,stride16-clang18-scalar-r5-stride16_scan-scalar-warm-basic-65536,stride16-clang18-scalar,basic,instructions,549981575,250029332,250029332
1,stride16-clang18-scalar-r5-stride16_scan-scalar-warm-basic-65536,stride16-clang18-scalar,basic,ref_cycles,548733856,250025722,250025722
1,stride16-clang18-scalar-r5-stride16_scan-scalar-cache_evicted-branch-536870912,stride16-clang18-scalar,branch,cycles,605195226,275765427,275765427
1,stride16-clang18-scalar-r5-stride16_scan-scalar-cache_evicted-branch-536870912,stride16-clang18-scalar,branch,branches,7340396,275764994,275764994
1,stride16-clang18-scalar-r5-stride16_scan-scalar-cache_evicted-branch-536870912,stride16-clang18-scalar,branch,branch_misses,72,275761273,275761273
1,stride16-clang18-scalar-r5-stride16_scan-scalar-warm-branch-131072,stride16-clang18-scalar,branch,cycles,548733010,250034264,250034264
1,stride16-clang18-scalar-r5-stride16_scan-scalar-warm-branch-131072,stride16-clang18-scalar,branch,branches,31618527,250030555,250030555
1,stride16-clang18-scalar-r5-stride16_scan-scalar-warm-branch-131072,stride16-clang18-scalar,branch,branch_misses,108729,250026304,250026304
1,stride16-clang18-scalar-r5-stride16_scan-scalar-warm-branch-229376,stride16-clang18-scalar,branch,cycles,548731439,250032489,250032489
1,stride16-clang18-scalar-r5-stride16_scan-scalar-warm-branch-229376,stride16-clang18-scalar,branch,branches,27570812,250029918,250029918
1,stride16-clang18-scalar-r5-stride16_scan-scalar-warm-branch-229376,stride16-clang18-scalar,branch,branch_misses,57158,250026133,250026133
1,stride16-clang18-scalar-r5-stride16_scan-scalar-warm-branch-33554432,stride16-clang18-scalar,branch,cycles,553263966,252106009,252106009
1,stride16-clang18-scalar-r5-stride16_scan-scalar-warm-branch-33554432,stride16-clang18-scalar,branch,branches,6950645,252105617,252105617
1,stride16-clang18-scalar-r5-stride16_scan-scalar-warm-branch-33554432,stride16-clang18-scalar,branch,branch_misses,141,252101380,252101380
1,stride16-clang18-scalar-r5-stride16_scan-scalar-warm-basic-8388608,stride16-clang18-scalar,basic,cycles,549586761,250429192,250429192
1,stride16-clang18-scalar-r5-stride16_scan-scalar-warm-basic-8388608,stride16-clang18-scalar,basic,instructions,191862401,250429147,250429147
1,stride16-clang18-scalar-r5-stride16_scan-scalar-warm-basic-8388608,stride16-clang18-scalar,basic,ref_cycles,549590470,250425226,250425226
1,stride16-clang18-scalar-r5-stride16_scan-scalar-warm-branch-28672,stride16-clang18-scalar,branch,cycles,548730483,250032797,250032797
1,stride16-clang18-scalar-r5-stride16_scan-scalar-warm-branch-28672,stride16-clang18-scalar,branch,branches,131235630,250029749,250029749
1,stride16-clang18-scalar-r5-stride16_scan-scalar-warm-branch-28672,stride16-clang18-scalar,branch,branch_misses,1442563,250025626,250025626
1,stride16-clang18-scalar-r5-stride16_scan-scalar-warm-basic-2097152,stride16-clang18-scalar,basic,cycles,548758609,250045624,250045624
1,stride16-clang18-scalar-r5-stride16_scan-scalar-warm-basic-2097152,stride16-clang18-scalar,basic,instructions,278276047,250044238,250044238
1,stride16-clang18-scalar-r5-stride16_scan-scalar-warm-basic-2097152,stride16-clang18-scalar,basic,ref_cycles,548760608,250040955,250040955
1,stride16-clang18-scalar-r5-stride16_scan-scalar-warm-branch-8388608,stride16-clang18-scalar,branch,cycles,548866199,250100805,250100805
1,stride16-clang18-scalar-r5-stride16_scan-scalar-warm-branch-8388608,stride16-clang18-scalar,branch,branches,10064969,250100141,250100141
1,stride16-clang18-scalar-r5-stride16_scan-scalar-warm-branch-8388608,stride16-clang18-scalar,branch,branch_misses,672,250096007,250096007
1,stride16-clang18-scalar-r5-stride16_scan-scalar-warm-basic-24576,stride16-clang18-scalar,basic,cycles,548731055,250033571,250033571
1,stride16-clang18-scalar-r5-stride16_scan-scalar-warm-basic-24576,stride16-clang18-scalar,basic,instructions,1788927903,250031854,250031854
1,stride16-clang18-scalar-r5-stride16_scan-scalar-warm-basic-24576,stride16-clang18-scalar,basic,ref_cycles,548733240,250028561,250028561
1,stride16-clang18-scalar-r5-stride16_scan-scalar-warm-branch-6291456,stride16-clang18-scalar,branch,cycles,549135368,250224141,250224141
1,stride16-clang18-scalar-r5-stride16_scan-scalar-warm-branch-6291456,stride16-clang18-scalar,branch,branches,12446349,250223741,250223741
1,stride16-clang18-scalar-r5-stride16_scan-scalar-warm-branch-6291456,stride16-clang18-scalar,branch,branch_misses,1062,250219512,250219512
1,stride16-clang18-scalar-r5-stride16_scan-scalar-warm-basic-262144,stride16-clang18-scalar,basic,cycles,548734967,250034182,250034182
1,stride16-clang18-scalar-r5-stride16_scan-scalar-warm-basic-262144,stride16-clang18-scalar,basic,instructions,382085268,250032332,250032332
1,stride16-clang18-scalar-r5-stride16_scan-scalar-warm-basic-262144,stride16-clang18-scalar,basic,ref_cycles,548736870,250029365,250029365
1,stride16-clang18-scalar-r5-stride16_scan-scalar-warm-basic-7340032,stride16-clang18-scalar,basic,cycles,548760139,250052570,250052570
1,stride16-clang18-scalar-r5-stride16_scan-scalar-warm-basic-7340032,stride16-clang18-scalar,basic,instructions,214226449,250052691,250052691
1,stride16-clang18-scalar-r5-stride16_scan-scalar-warm-basic-7340032,stride16-clang18-scalar,basic,ref_cycles,548763666,250049289,250049289
1,stride16-clang18-scalar-r5-stride16_scan-scalar-warm-basic-6291456,stride16-clang18-scalar,basic,cycles,548839676,250087372,250087372
1,stride16-clang18-scalar-r5-stride16_scan-scalar-warm-basic-6291456,stride16-clang18-scalar,basic,instructions,245556217,250087291,250087291
1,stride16-clang18-scalar-r5-stride16_scan-scalar-warm-basic-6291456,stride16-clang18-scalar,basic,ref_cycles,548842932,250084324,250084324
1,stride16-clang18-scalar-r5-stride16_scan-scalar-warm-basic-196608,stride16-clang18-scalar,basic,cycles,548731452,250033590,250033590
1,stride16-clang18-scalar-r5-stride16_scan-scalar-warm-basic-196608,stride16-clang18-scalar,basic,instructions,492012737,250032619,250032619
1,stride16-clang18-scalar-r5-stride16_scan-scalar-warm-basic-196608,stride16-clang18-scalar,basic,ref_cycles,548735000,250029451,250029451
1,stride16-clang18-scalar-r5-stride16_scan-scalar-warm-basic-36864,stride16-clang18-scalar,basic,cycles,548638711,250021827,250021827
1,stride16-clang18-scalar-r5-stride16_scan-scalar-warm-basic-36864,stride16-clang18-scalar,basic,instructions,554025310,250021666,250021666
1,stride16-clang18-scalar-r5-stride16_scan-scalar-warm-basic-36864,stride16-clang18-scalar,basic,ref_cycles,548644272,250018854,250018854
1,stride16-clang18-scalar-r5-stride16_scan-scalar-warm-basic-8192,stride16-clang18-scalar,basic,cycles,548730662,250031626,250031626
1,stride16-clang18-scalar-r5-stride16_scan-scalar-warm-basic-8192,stride16-clang18-scalar,basic,instructions,1686792972,250030014,250030014
1,stride16-clang18-scalar-r5-stride16_scan-scalar-warm-basic-8192,stride16-clang18-scalar,basic,ref_cycles,548732514,250026744,250026744
1,stride16-clang18-scalar-r5-stride16_scan-scalar-cache_evicted-branch-8388608,stride16-clang18-scalar,branch,cycles,548763618,250054324,250054324
1,stride16-clang18-scalar-r5-stride16_scan-scalar-cache_evicted-branch-8388608,stride16-clang18-scalar,branch,branches,9391787,250053063,250053063
1,stride16-clang18-scalar-r5-stride16_scan-scalar-cache_evicted-branch-8388608,stride16-clang18-scalar,branch,branch_misses,619,250049536,250049536
1,stride16-clang18-scalar-r5-stride16_scan-scalar-warm-branch-7340032,stride16-clang18-scalar,branch,cycles,549390648,250341318,250341318
1,stride16-clang18-scalar-r5-stride16_scan-scalar-warm-branch-7340032,stride16-clang18-scalar,branch,branches,10562804,250340879,250340879
1,stride16-clang18-scalar-r5-stride16_scan-scalar-warm-branch-7340032,stride16-clang18-scalar,branch,branch_misses,780,250336961,250336961
1,stride16-clang18-scalar-r5-stride16_scan-scalar-warm-basic-294912,stride16-clang18-scalar,basic,cycles,548748079,250039900,250039900
1,stride16-clang18-scalar-r5-stride16_scan-scalar-warm-basic-294912,stride16-clang18-scalar,basic,instructions,334161703,250036539,250036539
1,stride16-clang18-scalar-r5-stride16_scan-scalar-warm-basic-294912,stride16-clang18-scalar,basic,ref_cycles,548749190,250033003,250033003
1,stride16-clang18-scalar-r5-stride16_scan-scalar-warm-basic-134217728,stride16-clang18-scalar,basic,cycles,568855632,259208816,259208816
1,stride16-clang18-scalar-r5-stride16_scan-scalar-warm-basic-134217728,stride16-clang18-scalar,basic,instructions,134484985,259208148,259208148
1,stride16-clang18-scalar-r5-stride16_scan-scalar-warm-basic-134217728,stride16-clang18-scalar,basic,ref_cycles,568858884,259204517,259204517
1,stride16-clang18-scalar-r5-stride16_scan-scalar-warm-branch-8192,stride16-clang18-scalar,branch,cycles,548705904,250033855,250033855
1,stride16-clang18-scalar-r5-stride16_scan-scalar-warm-branch-8192,stride16-clang18-scalar,branch,branches,182249583,250032164,250032164
1,stride16-clang18-scalar-r5-stride16_scan-scalar-warm-branch-8192,stride16-clang18-scalar,branch,branch_misses,555,250028751,250028751
1,stride16-clang18-scalar-r5-stride16_scan-scalar-warm-branch-4194304,stride16-clang18-scalar,branch,cycles,548744419,250043598,250043598
1,stride16-clang18-scalar-r5-stride16_scan-scalar-warm-branch-4194304,stride16-clang18-scalar,branch,branches,14603057,250041894,250041894
1,stride16-clang18-scalar-r5-stride16_scan-scalar-warm-branch-4194304,stride16-clang18-scalar,branch,branch_misses,1835,250038297,250038297
1,stride16-clang18-scalar-r5-stride16_scan-scalar-warm-branch-524288,stride16-clang18-scalar,branch,cycles,548734993,250034793,250034793
1,stride16-clang18-scalar-r5-stride16_scan-scalar-warm-branch-524288,stride16-clang18-scalar,branch,branches,15060161,250032536,250032536
1,stride16-clang18-scalar-r5-stride16_scan-scalar-warm-branch-524288,stride16-clang18-scalar,branch,branch_misses,14268,250028868,250028868
1,stride16-clang18-scalar-r5-stride16_scan-scalar-cache_evicted-branch-33554432,stride16-clang18-scalar,branch,cycles,551733861,251408193,251408193
1,stride16-clang18-scalar-r5-stride16_scan-scalar-cache_evicted-branch-33554432,stride16-clang18-scalar,branch,branches,6885389,251407472,251407472
1,stride16-clang18-scalar-r5-stride16_scan-scalar-cache_evicted-branch-33554432,stride16-clang18-scalar,branch,branch_misses,159,251403403,251403403
1,stride16-clang18-scalar-r5-stride16_scan-scalar-cache_evicted-basic-262144,stride16-clang18-scalar,basic,cycles,548742068,250038463,250038463
1,stride16-clang18-scalar-r5-stride16_scan-scalar-cache_evicted-basic-262144,stride16-clang18-scalar,basic,instructions,396533374,250037163,250037163
1,stride16-clang18-scalar-r5-stride16_scan-scalar-cache_evicted-basic-262144,stride16-clang18-scalar,basic,ref_cycles,548744570,250034403,250034403
1,stride16-clang18-scalar-r5-stride16_scan-scalar-warm-branch-294912,stride16-clang18-scalar,branch,cycles,548733440,250035790,250035790
1,stride16-clang18-scalar-r5-stride16_scan-scalar-warm-branch-294912,stride16-clang18-scalar,branch,branches,18445173,250033952,250033952
1,stride16-clang18-scalar-r5-stride16_scan-scalar-warm-branch-294912,stride16-clang18-scalar,branch,branch_misses,30251,250029931,250029931
1,stride16-clang18-scalar-r5-stride16_scan-scalar-warm-branch-134217728,stride16-clang18-scalar,branch,cycles,568327207,258969549,258969549
1,stride16-clang18-scalar-r5-stride16_scan-scalar-warm-branch-134217728,stride16-clang18-scalar,branch,branches,7078952,258969113,258969113
1,stride16-clang18-scalar-r5-stride16_scan-scalar-warm-branch-134217728,stride16-clang18-scalar,branch,branch_misses,68,258964555,258964555
1,stride16-clang18-scalar-r5-stride16_scan-scalar-warm-basic-536870912,stride16-clang18-scalar,basic,cycles,596574995,271835248,271835248
1,stride16-clang18-scalar-r5-stride16_scan-scalar-warm-basic-536870912,stride16-clang18-scalar,basic,instructions,139462361,271836360,271836360
1,stride16-clang18-scalar-r5-stride16_scan-scalar-warm-basic-536870912,stride16-clang18-scalar,basic,ref_cycles,596578268,271833107,271833107
1,stride16-clang18-scalar-r5-stride16_scan-scalar-cache_evicted-basic-32768,stride16-clang18-scalar,basic,cycles,548731383,250034078,250034078
1,stride16-clang18-scalar-r5-stride16_scan-scalar-cache_evicted-basic-32768,stride16-clang18-scalar,basic,instructions,1563303183,250032605,250032605
1,stride16-clang18-scalar-r5-stride16_scan-scalar-cache_evicted-basic-32768,stride16-clang18-scalar,basic,ref_cycles,548733284,250029074,250029074
1,stride16-clang18-scalar-r5-stride16_scan-scalar-warm-basic-98304,stride16-clang18-scalar,basic,cycles,548734061,250034087,250034087
1,stride16-clang18-scalar-r5-stride16_scan-scalar-warm-basic-98304,stride16-clang18-scalar,basic,instructions,538236774,250032420,250032420
1,stride16-clang18-scalar-r5-stride16_scan-scalar-warm-basic-98304,stride16-clang18-scalar,basic,ref_cycles,548736056,250029248,250029248
1,stride16-clang18-scalar-r5-stride16_scan-scalar-cache_evicted-basic-8388608,stride16-clang18-scalar,basic,cycles,549282396,250291565,250291565
1,stride16-clang18-scalar-r5-stride16_scan-scalar-cache_evicted-basic-8388608,stride16-clang18-scalar,basic,instructions,188747761,250290915,250290915
1,stride16-clang18-scalar-r5-stride16_scan-scalar-cache_evicted-basic-8388608,stride16-clang18-scalar,basic,ref_cycles,549285286,250288227,250288227
1,stride16-clang18-scalar-r5-stride16_scan-scalar-warm-branch-36864,stride16-clang18-scalar,branch,cycles,548730924,250032148,250032148
1,stride16-clang18-scalar-r5-stride16_scan-scalar-warm-branch-36864,stride16-clang18-scalar,branch,branches,38037656,250028306,250028306
1,stride16-clang18-scalar-r5-stride16_scan-scalar-warm-branch-36864,stride16-clang18-scalar,branch,branch_misses,355632,250024380,250024380
1,stride16-clang18-scalar-r5-stride16_scan-scalar-warm-branch-536870912,stride16-clang18-scalar,branch,cycles,597826920,272408033,272408033
1,stride16-clang18-scalar-r5-stride16_scan-scalar-warm-branch-536870912,stride16-clang18-scalar,branch,branches,7340396,272407335,272407335
1,stride16-clang18-scalar-r5-stride16_scan-scalar-warm-branch-536870912,stride16-clang18-scalar,branch,branch_misses,57,272403190,272403190
1,stride16-clang18-scalar-r5-stride16_scan-scalar-warm-branch-16384,stride16-clang18-scalar,branch,cycles,548730165,250032373,250032373
1,stride16-clang18-scalar-r5-stride16_scan-scalar-warm-branch-16384,stride16-clang18-scalar,branch,branches,157085525,250027970,250027970
1,stride16-clang18-scalar-r5-stride16_scan-scalar-warm-branch-16384,stride16-clang18-scalar,branch,branch_misses,541,250023833,250023833
1,stride16-clang18-scalar-r5-stride16_scan-scalar-warm-basic-16384,stride16-clang18-scalar,basic,cycles,548731164,250031289,250031289
1,stride16-clang18-scalar-r5-stride16_scan-scalar-warm-basic-16384,stride16-clang18-scalar,basic,instructions,1831030467,250030636,250030636
1,stride16-clang18-scalar-r5-stride16_scan-scalar-warm-basic-16384,stride16-clang18-scalar,basic,ref_cycles,548733438,250027369,250027369
1,stride16-clang18-scalar-r5-stride16_scan-scalar-warm-basic-229376,stride16-clang18-scalar,basic,cycles,548738343,250036708,250036708
1,stride16-clang18-scalar-r5-stride16_scan-scalar-warm-basic-229376,stride16-clang18-scalar,basic,instructions,476905859,250034761,250034761
1,stride16-clang18-scalar-r5-stride16_scan-scalar-warm-basic-229376,stride16-clang18-scalar,basic,ref_cycles,548740500,250031351,250031351
1,stride16-clang18-scalar-r5-stride16_scan-scalar-warm-branch-5242880,stride16-clang18-scalar,branch,cycles,548767424,250053411,250053411
1,stride16-clang18-scalar-r5-stride16_scan-scalar-warm-branch-5242880,stride16-clang18-scalar,branch,branches,14477594,250054522,250054522
1,stride16-clang18-scalar-r5-stride16_scan-scalar-warm-branch-5242880,stride16-clang18-scalar,branch,branch_misses,1454,250050840,250050840
1,stride16-clang18-scalar-r5-stride16_scan-scalar-warm-basic-524288,stride16-clang18-scalar,basic,cycles,548750615,250040712,250040712
1,stride16-clang18-scalar-r5-stride16_scan-scalar-warm-basic-524288,stride16-clang18-scalar,basic,instructions,279093147,250036735,250036735
1,stride16-clang18-scalar-r5-stride16_scan-scalar-warm-basic-524288,stride16-clang18-scalar,basic,ref_cycles,548751610,250033049,250033049
1,stride16-clang18-scalar-r5-stride16_scan-scalar-warm-basic-49152,stride16-clang18-scalar,basic,cycles,548730880,250028960,250028960
1,stride16-clang18-scalar-r5-stride16_scan-scalar-warm-basic-49152,stride16-clang18-scalar,basic,instructions,546444808,250026817,250026817
1,stride16-clang18-scalar-r5-stride16_scan-scalar-warm-basic-49152,stride16-clang18-scalar,basic,ref_cycles,548731700,250023187,250023187
1,stride16-clang18-scalar-r5-stride16_scan-scalar-cache_evicted-basic-1048576,stride16-clang18-scalar,basic,cycles,548732063,250031807,250031807
1,stride16-clang18-scalar-r5-stride16_scan-scalar-cache_evicted-basic-1048576,stride16-clang18-scalar,basic,instructions,278640977,250028902,250028902
1,stride16-clang18-scalar-r5-stride16_scan-scalar-cache_evicted-basic-1048576,stride16-clang18-scalar,basic,ref_cycles,548733152,250025013,250025013
1,stride16-clang18-scalar-r5-stride16_scan-scalar-cache_evicted-branch-32768,stride16-clang18-scalar,branch,cycles,548730504,250031703,250031703
1,stride16-clang18-scalar-r5-stride16_scan-scalar-cache_evicted-branch-32768,stride16-clang18-scalar,branch,branches,106142402,250028957,250028957
1,stride16-clang18-scalar-r5-stride16_scan-scalar-cache_evicted-branch-32768,stride16-clang18-scalar,branch,branch_misses,1072477,250024893,250024893
1,stride16-clang18-scalar-r5-stride16_scan-scalar-warm-branch-98304,stride16-clang18-scalar,branch,cycles,548732040,250033596,250033596
1,stride16-clang18-scalar-r5-stride16_scan-scalar-warm-branch-98304,stride16-clang18-scalar,branch,branches,31576175,250032090,250032090
1,stride16-clang18-scalar-r5-stride16_scan-scalar-warm-branch-98304,stride16-clang18-scalar,branch,branch_misses,139195,250028623,250028623
1,stride16-clang18-scalar-r5-stride16_scan-scalar-cache_evicted-basic-536870912,stride16-clang18-scalar,basic,cycles,597895523,272437888,272437888
1,stride16-clang18-scalar-r5-stride16_scan-scalar-cache_evicted-basic-536870912,stride16-clang18-scalar,basic,instructions,139462367,272437875,272437875
1,stride16-clang18-scalar-r5-stride16_scan-scalar-cache_evicted-basic-536870912,stride16-clang18-scalar,basic,ref_cycles,597898884,272434689,272434689
1,stride16-clang18-scalar-r5-stride16_scan-scalar-warm-basic-32768,stride16-clang18-scalar,basic,cycles,548730811,250032381,250032381
1,stride16-clang18-scalar-r5-stride16_scan-scalar-warm-basic-32768,stride16-clang18-scalar,basic,instructions,1541030312,250030489,250030489
1,stride16-clang18-scalar-r5-stride16_scan-scalar-warm-basic-32768,stride16-clang18-scalar,basic,ref_cycles,548733196,250027069,250027069
1,stride16-clang18-scalar-r6-stride16_scan-scalar-warm-branch-33554432,stride16-clang18-scalar,branch,cycles,550630034,250905899,250905899
1,stride16-clang18-scalar-r6-stride16_scan-scalar-warm-branch-33554432,stride16-clang18-scalar,branch,branches,6557219,250903138,250903138
1,stride16-clang18-scalar-r6-stride16_scan-scalar-warm-branch-33554432,stride16-clang18-scalar,branch,branch_misses,144,250898384,250898384
1,stride16-clang18-scalar-r6-stride16_scan-scalar-cache_evicted-basic-33554432,stride16-clang18-scalar,basic,cycles,553756274,252328359,252328359
1,stride16-clang18-scalar-r6-stride16_scan-scalar-cache_evicted-basic-33554432,stride16-clang18-scalar,basic,instructions,124535777,252327998,252327998
1,stride16-clang18-scalar-r6-stride16_scan-scalar-cache_evicted-basic-33554432,stride16-clang18-scalar,basic,ref_cycles,553759844,252324998,252324998
1,stride16-clang18-scalar-r6-stride16_scan-scalar-cache_evicted-branch-6291456,stride16-clang18-scalar,branch,cycles,549001083,250162948,250162948
1,stride16-clang18-scalar-r6-stride16_scan-scalar-cache_evicted-branch-6291456,stride16-clang18-scalar,branch,branches,9316311,250163209,250163209
1,stride16-clang18-scalar-r6-stride16_scan-scalar-cache_evicted-branch-6291456,stride16-clang18-scalar,branch,branch_misses,809,250160236,250160236
1,stride16-clang18-scalar-r6-stride16_scan-scalar-cache_evicted-basic-262144,stride16-clang18-scalar,basic,cycles,548740222,250043301,250043301
1,stride16-clang18-scalar-r6-stride16_scan-scalar-cache_evicted-basic-262144,stride16-clang18-scalar,basic,instructions,352238919,250042082,250042082
1,stride16-clang18-scalar-r6-stride16_scan-scalar-cache_evicted-basic-262144,stride16-clang18-scalar,basic,ref_cycles,548742502,250038494,250038494
1,stride16-clang18-scalar-r6-stride16_scan-scalar-cache_evicted-branch-262144,stride16-clang18-scalar,branch,cycles,548737040,250042229,250042229
1,stride16-clang18-scalar-r6-stride16_scan-scalar-cache_evicted-branch-262144,stride16-clang18-scalar,branch,branches,20851224,250040295,250040295
1,stride16-clang18-scalar-r6-stride16_scan-scalar-cache_evicted-branch-262144,stride16-clang18-scalar,branch,branch_misses,38168,250035860,250035860
1,stride16-clang18-scalar-r6-stride16_scan-scalar-warm-basic-1048576,stride16-clang18-scalar,basic,cycles,548786223,250058804,250058804
1,stride16-clang18-scalar-r6-stride16_scan-scalar-warm-basic-1048576,stride16-clang18-scalar,basic,instructions,278289496,250057763,250057763
1,stride16-clang18-scalar-r6-stride16_scan-scalar-warm-basic-1048576,stride16-clang18-scalar,basic,ref_cycles,548788878,250054437,250054437
1,stride16-clang18-scalar-r6-stride16_scan-scalar-warm-branch-8388608,stride16-clang18-scalar,branch,cycles,548902152,250120265,250120265
1,stride16-clang18-scalar-r6-stride16_scan-scalar-warm-branch-8388608,stride16-clang18-scalar,branch,branches,7405088,250118319,250118319
1,stride16-clang18-scalar-r6-stride16_scan-scalar-warm-branch-8388608,stride16-clang18-scalar,branch,branch_misses,499,250114181,250114181
1,stride16-clang18-scalar-r6-stride16_scan-scalar-warm-branch-24576,stride16-clang18-scalar,branch,cycles,548730981,250034382,250034382
1,stride16-clang18-scalar-r6-stride16_scan-scalar-warm-branch-24576,stride16-clang18-scalar,branch,branches,137334087,250033673,250033673
1,stride16-clang18-scalar-r6-stride16_scan-scalar-warm-branch-24576,stride16-clang18-scalar,branch,branch_misses,1647714,250030608,250030608
1,stride16-clang18-scalar-r6-stride16_scan-scalar-cache_evicted-branch-33554432,stride16-clang18-scalar,branch,cycles,551937812,251502287,251502287
1,stride16-clang18-scalar-r6-stride16_scan-scalar-cache_evicted-branch-33554432,stride16-clang18-scalar,branch,branches,6491648,251500206,251500206
1,stride16-clang18-scalar-r6-stride16_scan-scalar-cache_evicted-branch-33554432,stride16-clang18-scalar,branch,branch_misses,155,251496320,251496320
1,stride16-clang18-scalar-r6-stride16_scan-scalar-warm-branch-28672,stride16-clang18-scalar,branch,cycles,548731226,250035035,250035035
1,stride16-clang18-scalar-r6-stride16_scan-scalar-warm-branch-28672,stride16-clang18-scalar,branch,branches,130674250,250033232,250033232
1,stride16-clang18-scalar-r6-stride16_scan-scalar-warm-branch-28672,stride16-clang18-scalar,branch,branch_misses,1436376,250029670,250029670
1,stride16-clang18-scalar-r6-stride16_scan-scalar-warm-branch-12582912,stride16-clang18-scalar,branch,cycles,550035401,250635343,250635343
1,stride16-clang18-scalar-r6-stride16_scan-scalar-warm-branch-12582912,stride16-clang18-scalar,branch,branches,6448987,250633630,250633630
1,stride16-clang18-scalar-r6-stride16_scan-scalar-warm-branch-12582912,stride16-clang18-scalar,branch,branch_misses,308,250629978,250629978
1,stride16-clang18-scalar-r6-stride16_scan-scalar-warm-basic-2097152,stride16-clang18-scalar,basic,cycles,548874734,250102581,250102581
1,stride16-clang18-scalar-r6-stride16_scan-scalar-warm-basic-2097152,stride16-clang18-scalar,basic,instructions,277418121,250101616,250101616
1,stride16-clang18-scalar-r6-stride16_scan-scalar-warm-basic-2097152,stride16-clang18-scalar,basic,ref_cycles,548877186,250097976,250097976
1,stride16-clang18-scalar-r6-stride16_scan-scalar-warm-branch-134217728,stride16-clang18-scalar,branch,cycles,562588425,256359426,256359426
1,stride16-clang18-scalar-r6-stride16_scan-scalar-warm-branch-134217728,stride16-clang18-scalar,branch,branches,6554594,256356221,256356221
1,stride16-clang18-scalar-r6-stride16_scan-scalar-warm-branch-134217728,stride16-clang18-scalar,branch,branch_misses,124,256351325,256351325
1,stride16-clang18-scalar-r6-stride16_scan-scalar-warm-branch-294912,stride16-clang18-scalar,branch,cycles,548742157,250040110,250040110
1,stride16-clang18-scalar-r6-stride16_scan-scalar-warm-branch-294912,stride16-clang18-scalar,branch,branches,18514699,250038233,250038233
1,stride16-clang18-scalar-r6-stride16_scan-scalar-warm-branch-294912,stride16-clang18-scalar,branch,branch_misses,30370,250034830,250034830
1,stride16-clang18-scalar-r6-stride16_scan-scalar-warm-basic-131072,stride16-clang18-scalar,basic,cycles,548734332,250035158,250035158
1,stride16-clang18-scalar-r6-stride16_scan-scalar-warm-basic-131072,stride16-clang18-scalar,basic,instructions,551749438,250033771,250033771
1,stride16-clang18-scalar-r6-stride16_scan-scalar-warm-basic-131072,stride16-clang18-scalar,basic,ref_cycles,548737068,250030459,250030459
1,stride16-clang18-scalar-r6-stride16_scan-scalar-warm-branch-2097152,stride16-clang18-scalar,branch,cycles,548783812,250059479,250059479
1,stride16-clang18-scalar-r6-stride16_scan-scalar-warm-branch-2097152,stride16-clang18-scalar,branch,branches,14735399,250057537,250057537
1,stride16-clang18-scalar-r6-stride16_scan-scalar-warm-branch-2097152,stride16-clang18-scalar,branch,branch_misses,3613,250054257,250054257
1,stride16-clang18-scalar-r6-stride16_scan-scalar-warm-branch-393216,stride16-clang18-scalar,branch,cycles,548759354,250047511,250047511
1,stride16-clang18-scalar-r6-stride16_scan-scalar-warm-branch-393216,stride16-clang18-scalar,branch,branches,15197000,250046201,250046201
1,stride16-clang18-scalar-r6-stride16_scan-scalar-warm-branch-393216,stride16-clang18-scalar,branch,branch_misses,18987,250042537,250042537
1,stride16-clang18-scalar-r6-stride16_scan-scalar-warm-branch-536870912,stride16-clang18-scalar,branch,cycles,578307253,263515756,263515756
1,stride16-clang18-scalar-r6-stride16_scan-scalar-warm-branch-536870912,stride16-clang18-scalar,branch,branches,6291785,263514360,263514360
1,stride16-clang18-scalar-r6-stride16_scan-scalar-warm-branch-536870912,stride16-clang18-scalar,branch,branch_misses,75,263510171,263510171
1,stride16-clang18-scalar-r6-stride16_scan-scalar-cache_evicted-branch-536870912,stride16-clang18-scalar,branch,cycles,598193272,272575770,272575770
1,stride16-clang18-scalar-r6-stride16_scan-scalar-cache_evicted-branch-536870912,stride16-clang18-scalar,branch,branches,7340396,272574854,272574854
1,stride16-clang18-scalar-r6-stride16_scan-scalar-cache_evicted-branch-536870912,stride16-clang18-scalar,branch,branch_misses,63,272570989,272570989
1,stride16-clang18-scalar-r6-stride16_scan-scalar-warm-basic-196608,stride16-clang18-scalar,basic,cycles,548733584,250034124,250034124
1,stride16-clang18-scalar-r6-stride16_scan-scalar-warm-basic-196608,stride16-clang18-scalar,basic,instructions,575803594,250031690,250031690
1,stride16-clang18-scalar-r6-stride16_scan-scalar-warm-basic-196608,stride16-clang18-scalar,basic,ref_cycles,548735594,250027951,250027951
1,stride16-clang18-scalar-r6-stride16_scan-scalar-cache_evicted-branch-32768,stride16-clang18-scalar,branch,cycles,548731261,250034407,250034407
1,stride16-clang18-scalar-r6-stride16_scan-scalar-cache_evicted-branch-32768,stride16-clang18-scalar,branch,branches,110298200,250032673,250032673
1,stride16-clang18-scalar-r6-stride16_scan-scalar-cache_evicted-branch-32768,stride16-clang18-scalar,branch,branch_misses,1114461,250028772,250028772
1,stride16-clang18-scalar-r6-stride16_scan-scalar-warm-basic-4194304,stride16-clang18-scalar,basic,cycles,548740907,250041534,250041534
1,stride16-clang18-scalar-r6-stride16_scan-scalar-warm-basic-4194304,stride16-clang18-scalar,basic,instructions,277197289,250040917,250040917
1,stride16-clang18-scalar-r6-stride16_scan-scalar-warm-basic-4194304,stride16-clang18-scalar,basic,ref_cycles,548744504,250037152,250037152
1,stride16-clang18-scalar-r6-stride16_scan-scalar-warm-branch-1048576,stride16-clang18-scalar,branch,cycles,548800345,250065875,250065875
1,stride16-clang18-scalar-r6-stride16_scan-scalar-warm-branch-1048576,stride16-clang18-scalar,branch,branches,14851918,250063729,250063729
1,stride16-clang18-scalar-r6-stride16_scan-scalar-warm-branch-1048576,stride16-clang18-scalar,branch,branch_misses,7186,250059894,250059894
1,stride16-clang18-scalar-r6-stride16_scan-scalar-warm-branch-131072,stride16-clang18-scalar,branch,cycles,548733734,250034912,250034912
1,stride16-clang18-scalar-r6-stride16_scan-scalar-warm-branch-131072,stride16-clang18-scalar,branch,branches,32089072,250033078,250033078
1,stride16-clang18-scalar-r6-stride16_scan-scalar-warm-branch-131072,stride16-clang18-scalar,branch,branch_misses,110351,250029529,250029529
1,stride16-clang18-scalar-r6-stride16_scan-scalar-warm-branch-49152,stride16-clang18-scalar,branch,cycles,548731479,250034145,250034145
1,stride16-clang18-scalar-r6-stride16_scan-scalar-warm-branch-49152,stride16-clang18-scalar,branch,branches,35379321,250032953,250032953
1,stride16-clang18-scalar-r6-stride16_scan-scalar-warm-branch-49152,stride16-clang18-scalar,branch,branch_misses,270167,250029358,250029358
1,stride16-clang18-scalar-r6-stride16_scan-scalar-warm-branch-36864,stride16-clang18-scalar,branch,cycles,548731820,250034401,250034401
1,stride16-clang18-scalar-r6-stride16_scan-scalar-warm-branch-36864,stride16-clang18-scalar,branch,branches,37910207,250033057,250033057
1,stride16-clang18-scalar-r6-stride16_scan-scalar-warm-branch-36864,stride16-clang18-scalar,branch,branch_misses,354416,250029418,250029418
1,stride16-clang18-scalar-r6-stride16_scan-scalar-warm-basic-8192,stride16-clang18-scalar,basic,cycles,548730469,250031990,250031990
1,stride16-clang18-scalar-r6-stride16_scan-scalar-warm-basic-8192,stride16-clang18-scalar,basic,instructions,1703326181,250029534,250029534
1,stride16-clang18-scalar-r6-stride16_scan-scalar-warm-basic-8192,stride16-clang18-scalar,basic,ref_cycles,548732338,250026418,250026418
1,stride16-clang18-scalar-r6-stride16_scan-scalar-warm-basic-28672,stride16-clang18-scalar,basic,cycles,548731501,250033490,250033490
1,stride16-clang18-scalar-r6-stride16_scan-scalar-warm-basic-28672,stride16-clang18-scalar,basic,instructions,1783934720,250031834,250031834
1,stride16-clang18-scalar-r6-stride16_scan-scalar-warm-basic-28672,stride16-clang18-scalar,basic,ref_cycles,548733790,250028819,250028819
1,stride16-clang18-scalar-r6-stride16_scan-scalar-warm-branch-98304,stride16-clang18-scalar,branch,cycles,548732224,250033967,250033967
1,stride16-clang18-scalar-r6-stride16_scan-scalar-warm-branch-98304,stride16-clang18-scalar,branch,branches,32218552,250032407,250032407
1,stride16-clang18-scalar-r6-stride16_scan-scalar-warm-branch-98304,stride16-clang18-scalar,branch,branch_misses,142010,250028719,250028719
1,stride16-clang18-scalar-r6-stride16_scan-scalar-warm-basic-7340032,stride16-clang18-scalar,basic,cycles,548801781,250069905,250069905
1,stride16-clang18-scalar-r6-stride16_scan-scalar-warm-basic-7340032,stride16-clang18-scalar,basic,instructions,211500947,250069882,250069882
1,stride16-clang18-scalar-r6-stride16_scan-scalar-warm-basic-7340032,stride16-clang18-scalar,basic,ref_cycles,548806258,250066768,250066768
1,stride16-clang18-scalar-r6-stride16_scan-scalar-warm-branch-5242880,stride16-clang18-scalar,branch,cycles,548984532,250152559,250152559
1,stride16-clang18-scalar-r6-stride16_scan-scalar-warm-branch-5242880,stride16-clang18-scalar,branch,branches,14004944,250153217,250153217
1,stride16-clang18-scalar-r6-stride16_scan-scalar-warm-branch-5242880,stride16-clang18-scalar,branch,branch_misses,1410,250149985,250149985
1,stride16-clang18-scalar-r6-stride16_scan-scalar-warm-branch-524288,stride16-clang18-scalar,branch,cycles,548747377,250042086,250042086
1,stride16-clang18-scalar-r6-stride16_scan-scalar-warm-branch-524288,stride16-clang18-scalar,branch,branches,15062282,250040004,250040004
1,stride16-clang18-scalar-r6-stride16_scan-scalar-warm-branch-524288,stride16-clang18-scalar,branch,branch_misses,14272,250036425,250036425
1,stride16-clang18-scalar-r6-stride16_scan-scalar-warm-branch-16384,stride16-clang18-scalar,branch,cycles,548730982,250033395,250033395
1,stride16-clang18-scalar-r6-stride16_scan-scalar-warm-branch-16384,stride16-clang18-scalar,branch,branches,157865936,250032172,250032172
1,stride16-clang18-scalar-r6-stride16_scan-scalar-warm-branch-16384,stride16-clang18-scalar,branch,branch_misses,609,250028923,250028923
1,stride16-clang18-scalar-r6-stride16_scan-scalar-warm-basic-16384,stride16-clang18-scalar,basic,cycles,548731486,250034034,250034034
1,stride16-clang18-scalar-r6-stride16_scan-scalar-warm-basic-16384,stride16-clang18-scalar,basic,instructions,1826771317,250031747,250031747
1,stride16-clang18-scalar-r6-stride16_scan-scalar-warm-basic-16384,stride16-clang18-scalar,basic,ref_cycles,548733108,250028350,250028350
1,stride16-clang18-scalar-r6-stride16_scan-scalar-warm-branch-32768,stride16-clang18-scalar,branch,cycles,548730926,250034247,250034247
1,stride16-clang18-scalar-r6-stride16_scan-scalar-warm-branch-32768,stride16-clang18-scalar,branch,branches,110235622,250032441,250032441
1,stride16-clang18-scalar-r6-stride16_scan-scalar-warm-branch-32768,stride16-clang18-scalar,branch,branch_misses,1113836,250029106,250029106
1,stride16-clang18-scalar-r6-stride16_scan-scalar-warm-basic-33554432,stride16-clang18-scalar,basic,cycles,553305293,252123966,252123966
1,stride16-clang18-scalar-r6-stride16_scan-scalar-warm-basic-33554432,stride16-clang18-scalar,basic,instructions,130762537,252124376,252124376
1,stride16-clang18-scalar-r6-stride16_scan-scalar-warm-basic-33554432,stride16-clang18-scalar,basic,ref_cycles,553308470,252120755,252120755
1,stride16-clang18-scalar-r6-stride16_scan-scalar-cache_evicted-basic-1048576,stride16-clang18-scalar,basic,cycles,548775488,250052989,250052989
1,stride16-clang18-scalar-r6-stride16_scan-scalar-cache_evicted-basic-1048576,stride16-clang18-scalar,basic,instructions,278601953,250051316,250051316
1,stride16-clang18-scalar-r6-stride16_scan-scalar-cache_evicted-basic-1048576,stride16-clang18-scalar,basic,ref_cycles,548777680,250048021,250048021
1,stride16-clang18-scalar-r6-stride16_scan-scalar-warm-basic-65536,stride16-clang18-scalar,basic,cycles,548731509,250032667,250032667
1,stride16-clang18-scalar-r6-stride16_scan-scalar-warm-basic-65536,stride16-clang18-scalar,basic,instructions,541166970,250030990,250030990
1,stride16-clang18-scalar-r6-stride16_scan-scalar-warm-basic-65536,stride16-clang18-scalar,basic,ref_cycles,548733548,250027638,250027638
1,stride16-clang18-scalar-r6-stride16_scan-scalar-warm-branch-4194304,stride16-clang18-scalar,branch,cycles,549033900,250173919,250173919
1,stride16-clang18-scalar-r6-stride16_scan-scalar-warm-branch-4194304,stride16-clang18-scalar,branch,branches,14652406,250173699,250173699
1,stride16-clang18-scalar-r6-stride16_scan-scalar-warm-branch-4194304,stride16-clang18-scalar,branch,branch_misses,1825,250170256,250170256
1,stride16-clang18-scalar-r6-stride16_scan-scalar-cache_evicted-basic-32768,stride16-clang18-scalar,basic,cycles,548730494,250033039,250033039
1,stride16-clang18-scalar-r6-stride16_scan-scalar-cache_evicted-basic-32768,stride16-clang18-scalar,basic,instructions,1585160523,250030719,250030719
1,stride16-clang18-scalar-r6-stride16_scan-scalar-cache_evicted-basic-32768,stride16-clang18-scalar,basic,ref_cycles,548732096,250027409,250027409
1,stride16-clang18-scalar-r6-stride16_scan-scalar-warm-branch-65536,stride16-clang18-scalar,branch,cycles,548732825,250034016,250034016
1,stride16-clang18-scalar-r6-stride16_scan-scalar-warm-branch-65536,stride16-clang18-scalar,branch,branches,34753222,250031458,250031458
1,stride16-clang18-scalar-r6-stride16_scan-scalar-warm-branch-65536,stride16-clang18-scalar,branch,branch_misses,213306,250027555,250027555
1,stride16-clang18-scalar-r6-stride16_scan-scalar-cache_evicted-basic-6291456,stride16-clang18-scalar,basic,cycles,548953932,250139968,250139968
1,stride16-clang18-scalar-r6-stride16_scan-scalar-cache_evicted-basic-6291456,stride16-clang18-scalar,basic,instructions,213547537,250140209,250140209
1,stride16-clang18-scalar-r6-stride16_scan-scalar-cache_evicted-basic-6291456,stride16-clang18-scalar,basic,ref_cycles,548957618,250137151,250137151
1,stride16-clang18-scalar-r6-stride16_scan-scalar-warm-branch-8192,stride16-clang18-scalar,branch,cycles,548731004,250033759,250033759
1,stride16-clang18-scalar-r6-stride16_scan-scalar-warm-branch-8192,stride16-clang18-scalar,branch,branches,179302201,250032185,250032185
1,stride16-clang18-scalar-r6-stride16_scan-scalar-warm-branch-8192,stride16-clang18-scalar,branch,branch_misses,606,250028489,250028489
1,stride16-clang18-scalar-r6-stride16_scan-scalar-cache_evicted-basic-536870912,stride16-clang18-scalar,basic,cycles,598099518,272532237,272532237
1,stride16-clang18-scalar-r6-stride16_scan-scalar-cache_evicted-basic-536870912,stride16-clang18-scalar,basic,instructions,139462361,272531519,272531519
1,stride16-clang18-scalar-r6-stride16_scan-scalar-cache_evicted-basic-536870912,stride16-clang18-scalar,basic,ref_cycles,598102868,272528530,272528530
1,stride16-clang18-scalar-r6-stride16_scan-scalar-warm-basic-24576,stride16-clang18-scalar,basic,cycles,548730681,250032781,250032781
1,stride16-clang18-scalar-r6-stride16_scan-scalar-warm-basic-24576,stride16-clang18-scalar,basic,instructions,1749588048,250030258,250030258
1,stride16-clang18-scalar-r6-stride16_scan-scalar-warm-basic-24576,stride16-clang18-scalar,basic,ref_cycles,548732272,250026720,250026720
1,stride16-clang18-scalar-r6-stride16_scan-scalar-warm-branch-229376,stride16-clang18-scalar,branch,cycles,548734002,250035385,250035385
1,stride16-clang18-scalar-r6-stride16_scan-scalar-warm-branch-229376,stride16-clang18-scalar,branch,branches,24086156,250033657,250033657
1,stride16-clang18-scalar-r6-stride16_scan-scalar-warm-branch-229376,stride16-clang18-scalar,branch,branch_misses,49940,250030309,250030309
1,stride16-clang18-scalar-r6-stride16_scan-scalar-warm-basic-536870912,stride16-clang18-scalar,basic,cycles,597817697,272402174,272402174
1,stride16-clang18-scalar-r6-stride16_scan-scalar-warm-basic-536870912,stride16-clang18-scalar,basic,instructions,139462361,272402572,272402572
1,stride16-clang18-scalar-r6-stride16_scan-scalar-warm-basic-536870912,stride16-clang18-scalar,basic,ref_cycles,597821158,272399941,272399941
1,stride16-clang18-scalar-r6-stride16_scan-scalar-cache_evicted-branch-8388608,stride16-clang18-scalar,branch,cycles,549479462,250381893,250381893
1,stride16-clang18-scalar-r6-stride16_scan-scalar-cache_evicted-branch-8388608,stride16-clang18-scalar,branch,branches,10196318,250381908,250381908
1,stride16-clang18-scalar-r6-stride16_scan-scalar-cache_evicted-branch-8388608,stride16-clang18-scalar,branch,branch_misses,671,250377908,250377908
1,stride16-clang18-scalar-r6-stride16_scan-scalar-warm-basic-6291456,stride16-clang18-scalar,basic,cycles,549074384,250193669,250193669
1,stride16-clang18-scalar-r6-stride16_scan-scalar-warm-basic-6291456,stride16-clang18-scalar,basic,instructions,239014324,250193956,250193956
1,stride16-clang18-scalar-r6-stride16_scan-scalar-warm-basic-6291456,stride16-clang18-scalar,basic,ref_cycles,549078024,250190694,250190694
1,stride16-clang18-scalar-r6-stride16_scan-scalar-warm-branch-196608,stride16-clang18-scalar,branch,cycles,548731303,250033614,250033614
1,stride16-clang18-scalar-r6-stride16_scan-scalar-warm-branch-196608,stride16-clang18-scalar,branch,branches,31767077,250031979,250031979
1,stride16-clang18-scalar-r6-stride16_scan-scalar-warm-branch-196608,stride16-clang18-scalar,branch,branch_misses,75882,250028304,250028304
1,stride16-clang18-scalar-r6-stride16_scan-scalar-cache_evicted-branch-1048576,stride16-clang18-scalar,branch,cycles,548775577,250054603,250054603
1,stride16-clang18-scalar-r6-stride16_scan-scalar-cache_evicted-branch-1048576,stride16-clang18-scalar,branch,branches,14851943,250052970,250052970
1,stride16-clang18-scalar-r6-stride16_scan-scalar-cache_evicted-branch-1048576,stride16-clang18-scalar,branch,branch_misses,7181,250049403,250049403
1,stride16-clang18-scalar-r6-stride16_scan-scalar-warm-basic-229376,stride16-clang18-scalar,basic,cycles,548733892,250033831,250033831
1,stride16-clang18-scalar-r6-stride16_scan-scalar-warm-basic-229376,stride16-clang18-scalar,basic,instructions,500741228,250030925,250030925
1,stride16-clang18-scalar-r6-stride16_scan-scalar-warm-basic-229376,stride16-clang18-scalar,basic,ref_cycles,548735396,250027553,250027553
1,stride16-clang18-scalar-r6-stride16_scan-scalar-warm-basic-32768,stride16-clang18-scalar,basic,cycles,548731472,250032431,250032431
1,stride16-clang18-scalar-r6-stride16_scan-scalar-warm-basic-32768,stride16-clang18-scalar,basic,instructions,1566891655,250031234,250031234
1,stride16-clang18-scalar-r6-stride16_scan-scalar-warm-basic-32768,stride16-clang18-scalar,basic,ref_cycles,548733746,250028445,250028445
1,stride16-clang18-scalar-r6-stride16_scan-scalar-warm-basic-134217728,stride16-clang18-scalar,basic,cycles,569103493,259320562,259320562
1,stride16-clang18-scalar-r6-stride16_scan-scalar-warm-basic-134217728,stride16-clang18-scalar,basic,instructions,134484985,259319586,259319586
1,stride16-clang18-scalar-r6-stride16_scan-scalar-warm-basic-134217728,stride16-clang18-scalar,basic,ref_cycles,569107066,259316411,259316411
1,stride16-clang18-scalar-r6-stride16_scan-scalar-warm-basic-393216,stride16-clang18-scalar,basic,cycles,548742349,250037658,250037658
1,stride16-clang18-scalar-r6-stride16_scan-scalar-warm-basic-393216,stride16-clang18-scalar,basic,instructions,279571750,250034922,250034922
1,stride16-clang18-scalar-r6-stride16_scan-scalar-warm-basic-393216,stride16-clang18-scalar,basic,ref_cycles,548744614,250031733,250031733
1,stride16-clang18-scalar-r6-stride16_scan-scalar-warm-basic-8388608,stride16-clang18-scalar,basic,cycles,548739585,250042603,250042603
1,stride16-clang18-scalar-r6-stride16_scan-scalar-warm-basic-8388608,stride16-clang18-scalar,basic,instructions,186567513,250041981,250041981
1,stride16-clang18-scalar-r6-stride16_scan-scalar-warm-basic-8388608,stride16-clang18-scalar,basic,ref_cycles,548743030,250038426,250038426
1,stride16-clang18-scalar-r6-stride16_scan-scalar-warm-branch-262144,stride16-clang18-scalar,branch,cycles,548740969,250039079,250039079
1,stride16-clang18-scalar-r6-stride16_scan-scalar-warm-branch-262144,stride16-clang18-scalar,branch,branches,20020902,250036911,250036911
1,stride16-clang18-scalar-r6-stride16_scan-scalar-warm-branch-262144,stride16-clang18-scalar,branch,branch_misses,36662,250033119,250033119
1,stride16-clang18-scalar-r6-stride16_scan-scalar-warm-basic-5242880,stride16-clang18-scalar,basic,cycles,549132320,250220892,250220892
1,stride16-clang18-scalar-r6-stride16_scan-scalar-warm-basic-5242880,stride16-clang18-scalar,basic,instructions,250031359,250220316,250220316
1,stride16-clang18-scalar-r6-stride16_scan-scalar-warm-basic-5242880,stride16-clang18-scalar,basic,ref_cycles,549135664,250217015,250217015
1,stride16-clang18-scalar-r6-stride16_scan-scalar-warm-basic-36864,stride16-clang18-scalar,basic,cycles,548730885,250031707,250031707
1,stride16-clang18-scalar-r6-stride16_scan-scalar-warm-basic-36864,stride16-clang18-scalar,basic,instructions,557758339,250029456,250029456
1,stride16-clang18-scalar-r6-stride16_scan-scalar-warm-basic-36864,stride16-clang18-scalar,basic,ref_cycles,548732558,250026013,250026013
1,stride16-clang18-scalar-r6-stride16_scan-scalar-warm-branch-6291456,stride16-clang18-scalar,branch,cycles,549368959,250329578,250329578
1,stride16-clang18-scalar-r6-stride16_scan-scalar-warm-branch-6291456,stride16-clang18-scalar,branch,branches,10585576,250328368,250328368
1,stride16-clang18-scalar-r6-stride16_scan-scalar-warm-branch-6291456,stride16-clang18-scalar,branch,branch_misses,900,250324413,250324413
1,stride16-clang18-scalar-r6-stride16_scan-scalar-warm-basic-98304,stride16-clang18-scalar,basic,cycles,548732223,250032963,250032963
1,stride16-clang18-scalar-r6-stride16_scan-scalar-warm-basic-98304,stride16-clang18-scalar,basic,instructions,532126962,250031174,250031174
1,stride16-clang18-scalar-r6-stride16_scan-scalar-warm-basic-98304,stride16-clang18-scalar,basic,ref_cycles,548734538,250027983,250027983
1,stride16-clang18-scalar-r6-stride16_scan-scalar-warm-basic-49152,stride16-clang18-scalar,basic,cycles,548732775,250034054,250034054
1,stride16-clang18-scalar-r6-stride16_scan-scalar-warm-basic-49152,stride16-clang18-scalar,basic,instructions,545343557,250032180,250032180
1,stride16-clang18-scalar-r6-stride16_scan-scalar-warm-basic-49152,stride16-clang18-scalar,basic,ref_cycles,548735264,250029254,250029254
1,stride16-clang18-scalar-r6-stride16_scan-scalar-warm-basic-12582912,stride16-clang18-scalar,basic,cycles,550090587,250658909,250658909
1,stride16-clang18-scalar-r6-stride16_scan-scalar-warm-basic-12582912,stride16-clang18-scalar,basic,instructions,151344865,250659169,250659169
1,stride16-clang18-scalar-r6-stride16_scan-scalar-warm-basic-12582912,stride16-clang18-scalar,basic,ref_cycles,550094644,250655967,250655967
1,stride16-clang18-scalar-r6-stride16_scan-scalar-warm-basic-524288,stride16-clang18-scalar,basic,cycles,548760870,250045976,250045976
1,stride16-clang18-scalar-r6-stride16_scan-scalar-warm-basic-524288,stride16-clang18-scalar,basic,instructions,279112736,250043806,250043806
1,stride16-clang18-scalar-r6-stride16_scan-scalar-warm-basic-524288,stride16-clang18-scalar,basic,ref_cycles,548763666,250040516,250040516
1,stride16-clang18-scalar-r6-stride16_scan-scalar-warm-branch-7340032,stride16-clang18-scalar,branch,cycles,548777963,250061275,250061275
1,stride16-clang18-scalar-r6-stride16_scan-scalar-warm-branch-7340032,stride16-clang18-scalar,branch,branches,10922082,250061177,250061177
1,stride16-clang18-scalar-r6-stride16_scan-scalar-warm-branch-7340032,stride16-clang18-scalar,branch,branch_misses,813,250058399,250058399
1,stride16-clang18-scalar-r6-stride16_scan-scalar-cache_evicted-basic-8388608,stride16-clang18-scalar,basic,cycles,549226405,250264729,250264729
1,stride16-clang18-scalar-r6-stride16_scan-scalar-cache_evicted-basic-8388608,stride16-clang18-scalar,basic,instructions,187501939,250264136,250264136
1,stride16-clang18-scalar-r6-stride16_scan-scalar-cache_evicted-basic-8388608,stride16-clang18-scalar,basic,ref_cycles,549230858,250260515,250260515
1,stride16-clang18-scalar-r6-stride16_scan-scalar-warm-basic-262144,stride16-clang18-scalar,basic,cycles,548738314,250035156,250035156
1,stride16-clang18-scalar-r6-stride16_scan-scalar-warm-basic-262144,stride16-clang18-scalar,basic,instructions,449734291,250032235,250032235
1,stride16-clang18-scalar-r6-stride16_scan-scalar-warm-basic-262144,stride16-clang18-scalar,basic,ref_cycles,548739884,250028935,250028935
1,stride16-clang18-scalar-r6-stride16_scan-scalar-warm-basic-294912,stride16-clang18-scalar,basic,cycles,548735475,250034980,250034980
1,stride16-clang18-scalar-r6-stride16_scan-scalar-warm-basic-294912,stride16-clang18-scalar,basic,instructions,330771550,250033393,250033393
1,stride16-clang18-scalar-r6-stride16_scan-scalar-warm-basic-294912,stride16-clang18-scalar,basic,ref_cycles,548738212,250030218,250030218
1,stride16-clang18-scalar-r7-stride16_scan-scalar-warm-basic-524288,stride16-clang18-scalar,basic,cycles,548758540,250046707,250046707
1,stride16-clang18-scalar-r7-stride16_scan-scalar-warm-basic-524288,stride16-clang18-scalar,basic,instructions,279113061,250044831,250044831
1,stride16-clang18-scalar-r7-stride16_scan-scalar-warm-basic-524288,stride16-clang18-scalar,basic,ref_cycles,548760652,250041493,250041493
1,stride16-clang18-scalar-r7-stride16_scan-scalar-cache_evicted-branch-8388608,stride16-clang18-scalar,branch,cycles,548893672,250114440,250114440
1,stride16-clang18-scalar-r7-stride16_scan-scalar-cache_evicted-branch-8388608,stride16-clang18-scalar,branch,branches,9441044,250113187,250113187
1,stride16-clang18-scalar-r7-stride16_scan-scalar-cache_evicted-branch-8388608,stride16-clang18-scalar,branch,branch_misses,621,250109344,250109344
1,stride16-clang18-scalar-r7-stride16_scan-scalar-cache_evicted-branch-262144,stride16-clang18-scalar,branch,cycles,548730637,250034316,250034316
1,stride16-clang18-scalar-r7-stride16_scan-scalar-cache_evicted-branch-262144,stride16-clang18-scalar,branch,branches,23519508,250032886,250032886
1,stride16-clang18-scalar-r7-stride16_scan-scalar-cache_evicted-branch-262144,stride16-clang18-scalar,branch,branch_misses,43058,250029141,250029141
1,stride16-clang18-scalar-r7-stride16_scan-scalar-warm-branch-16384,stride16-clang18-scalar,branch,cycles,548730966,250033455,250033455
1,stride16-clang18-scalar-r7-stride16_scan-scalar-warm-branch-16384,stride16-clang18-scalar,branch,branches,157700720,250031600,250031600
1,stride16-clang18-scalar-r7-stride16_scan-scalar-warm-branch-16384,stride16-clang18-scalar,branch,branch_misses,560,250028104,250028104
1,stride16-clang18-scalar-r7-stride16_scan-scalar-warm-branch-36864,stride16-clang18-scalar,branch,cycles,548731378,250033964,250033964
1,stride16-clang18-scalar-r7-stride16_scan-scalar-warm-branch-36864,stride16-clang18-scalar,branch,branches,39070012,250031658,250031658
1,stride16-clang18-scalar-r7-stride16_scan-scalar-warm-branch-36864,stride16-clang18-scalar,branch,branch_misses,365279,250027705,250027705
1,stride16-clang18-scalar-r7-stride16_scan-scalar-cache_evicted-basic-536870912,stride16-clang18-scalar,basic,cycles,598135599,272547995,272547995
1,stride16-clang18-scalar-r7-stride16_scan-scalar-cache_evicted-basic-536870912,stride16-clang18-scalar,basic,instructions,139462361,272547703,272547703
1,stride16-clang18-scalar-r7-stride16_scan-scalar-cache_evicted-basic-536870912,stride16-clang18-scalar,basic,ref_cycles,598139102,272544358,272544358
1,stride16-clang18-scalar-r7-stride16_scan-scalar-warm-branch-12582912,stride16-clang18-scalar,branch,cycles,549179422,250244469,250244469
1,stride16-clang18-scalar-r7-stride16_scan-scalar-warm-branch-12582912,stride16-clang18-scalar,branch,branches,7408030,250242914,250242914
1,stride16-clang18-scalar-r7-stride16_scan-scalar-warm-branch-12582912,stride16-clang18-scalar,branch,branch_misses,353,250239512,250239512
1,stride16-clang18-scalar-r7-stride16_scan-scalar-warm-basic-7340032,stride16-clang18-scalar,basic,cycles,548998054,250158509,250158509
1,stride16-clang18-scalar-r7-stride16_scan-scalar-warm-basic-7340032,stride16-clang18-scalar,basic,instructions,203324369,250159561,250159561
1,stride16-clang18-scalar-r7-stride16_scan-scalar-warm-basic-7340032,stride16-clang18-scalar,basic,ref_cycles,549001596,250156052,250156052
1,stride16-clang18-scalar-r7-stride16_scan-scalar-warm-basic-65536,stride16-clang18-scalar,basic,cycles,548732921,250033590,250033590
1,stride16-clang18-scalar-r7-stride16_scan-scalar-warm-basic-65536,stride16-clang18-scalar,basic,instructions,539164869,250030796,250030796
1,stride16-clang18-scalar-r7-stride16_scan-scalar-warm-basic-65536,stride16-clang18-scalar,basic,ref_cycles,548734802,250027209,250027209
1,stride16-clang18-scalar-r7-stride16_scan-scalar-cache_evicted-branch-1048576,stride16-clang18-scalar,branch,cycles,548804464,250067750,250067750
1,stride16-clang18-scalar-r7-stride16_scan-scalar-cache_evicted-branch-1048576,stride16-clang18-scalar,branch,branches,14851915,250064914,250064914
1,stride16-clang18-scalar-r7-stride16_scan-scalar-cache_evicted-branch-1048576,stride16-clang18-scalar,branch,branch_misses,7183,250060891,250060891
1,stride16-clang18-scalar-r7-stride16_scan-scalar-warm-branch-536870912,stride16-clang18-scalar,branch,cycles,598221828,272589280,272589280
1,stride16-clang18-scalar-r7-stride16_scan-scalar-warm-branch-536870912,stride16-clang18-scalar,branch,branches,7340396,272589130,272589130
1,stride16-clang18-scalar-r7-stride16_scan-scalar-warm-branch-536870912,stride16-clang18-scalar,branch,branch_misses,53,272584167,272584167
1,stride16-clang18-scalar-r7-stride16_scan-scalar-cache_evicted-branch-33554432,stride16-clang18-scalar,branch,cycles,553886116,252388642,252388642
1,stride16-clang18-scalar-r7-stride16_scan-scalar-cache_evicted-branch-33554432,stride16-clang18-scalar,branch,branches,6819503,252388493,252388493
1,stride16-clang18-scalar-r7-stride16_scan-scalar-cache_evicted-branch-33554432,stride16-clang18-scalar,branch,branch_misses,153,252385006,252385006
1,stride16-clang18-scalar-r7-stride16_scan-scalar-warm-branch-5242880,stride16-clang18-scalar,branch,cycles,548790079,250065006,250065006
1,stride16-clang18-scalar-r7-stride16_scan-scalar-warm-branch-5242880,stride16-clang18-scalar,branch,branches,14066594,250064492,250064492
1,stride16-clang18-scalar-r7-stride16_scan-scalar-warm-branch-5242880,stride16-clang18-scalar,branch,branch_misses,1415,250060690,250060690
1,stride16-clang18-scalar-r7-stride16_scan-scalar-warm-basic-8388608,stride16-clang18-scalar,basic,cycles,548748177,250046546,250046546
1,stride16-clang18-scalar-r7-stride16_scan-scalar-warm-basic-8388608,stride16-clang18-scalar,basic,instructions,191862413,250045570,250045570
1,stride16-clang18-scalar-r7-stride16_scan-scalar-warm-basic-8388608,stride16-clang18-scalar,basic,ref_cycles,548751654,250041868,250041868
1,stride16-clang18-scalar-r7-stride16_scan-scalar-warm-basic-196608,stride16-clang18-scalar,basic,cycles,548737112,250035780,250035780
1,stride16-clang18-scalar-r7-stride16_scan-scalar-warm-basic-196608,stride16-clang18-scalar,basic,instructions,591171950,250033711,250033711
1,stride16-clang18-scalar-r7-stride16_scan-scalar-warm-basic-196608,stride16-clang18-scalar,basic,ref_cycles,548739664,250030569,250030569
1,stride16-clang18-scalar-r7-stride16_scan-scalar-warm-branch-524288,stride16-clang18-scalar,branch,cycles,548746379,250040458,250040458
1,stride16-clang18-scalar-r7-stride16_scan-scalar-warm-branch-524288,stride16-clang18-scalar,branch,branches,15063350,250037430,250037430
1,stride16-clang18-scalar-r7-stride16_scan-scalar-warm-branch-524288,stride16-clang18-scalar,branch,branch_misses,14280,250033217,250033217
1,stride16-clang18-scalar-r7-stride16_scan-scalar-warm-basic-16384,stride16-clang18-scalar,basic,cycles,548730574,250030976,250030976
1,stride16-clang18-scalar-r7-stride16_scan-scalar-warm-basic-16384,stride16-clang18-scalar,basic,instructions,1826975004,250028867,250028867
1,stride16-clang18-scalar-r7-stride16_scan-scalar-warm-basic-16384,stride16-clang18-scalar,basic,ref_cycles,548732624,250025739,250025739
1,stride16-clang18-scalar-r7-stride16_scan-scalar-cache_evicted-branch-6291456,stride16-clang18-scalar,branch,cycles,548866831,250101226,250101226
1,stride16-clang18-scalar-r7-stride16_scan-scalar-cache_evicted-branch-6291456,stride16-clang18-scalar,branch,branches,13050180,250101326,250101326
1,stride16-clang18-scalar-r7-stride16_scan-scalar-cache_evicted-branch-6291456,stride16-clang18-scalar,branch,branch_misses,1111,250097173,250097173
1,stride16-clang18-scalar-r7-stride16_scan-scalar-warm-basic-24576,stride16-clang18-scalar,basic,cycles,548730931,250032396,250032396
1,stride16-clang18-scalar-r7-stride16_scan-scalar-warm-basic-24576,stride16-clang18-scalar,basic,instructions,1793599894,250030675,250030675
1,stride16-clang18-scalar-r7-stride16_scan-scalar-warm-basic-24576,stride16-clang18-scalar,basic,ref_cycles,548733240,250026874,250026874
1,stride16-clang18-scalar-r7-stride16_scan-scalar-warm-basic-98304,stride16-clang18-scalar,basic,cycles,548732493,250033031,250033031
1,stride16-clang18-scalar-r7-stride16_scan-scalar-warm-basic-98304,stride16-clang18-scalar,basic,instructions,538343012,250031540,250031540
1,stride16-clang18-scalar-r7-stride16_scan-scalar-warm-basic-98304,stride16-clang18-scalar,basic,ref_cycles,548734362,250028405,250028405
1,stride16-clang18-scalar-r7-stride16_scan-scalar-cache_evicted-basic-33554432,stride16-clang18-scalar,basic,cycles,553698930,252303207,252303207
1,stride16-clang18-scalar-r7-stride16_scan-scalar-cache_evicted-basic-33554432,stride16-clang18-scalar,basic,instructions,129517185,252301569,252301569
1,stride16-clang18-scalar-r7-stride16_scan-scalar-cache_evicted-basic-33554432,stride16-clang18-scalar,basic,ref_cycles,553702534,252297856,252297856
1,stride16-clang18-scalar-r7-stride16_scan-scalar-warm-basic-229376,stride16-clang18-scalar,basic,cycles,548734049,250033864,250033864
1,stride16-clang18-scalar-r7-stride16_scan-scalar-warm-basic-229376,stride16-clang18-scalar,basic,instructions,491106441,250032596,250032596
1,stride16-clang18-scalar-r7-stride16_scan-scalar-warm-basic-229376,stride16-clang18-scalar,basic,ref_cycles,548736386,250029649,250029649
1,stride16-clang18-scalar-r7-stride16_scan-scalar-warm-branch-1048576,stride16-clang18-scalar,branch,cycles,548786652,250059902,250059902
1,stride16-clang18-scalar-r7-stride16_scan-scalar-warm-branch-1048576,stride16-clang18-scalar,branch,branches,14851909,250059059,250059059
1,stride16-clang18-scalar-r7-stride16_scan-scalar-warm-branch-1048576,stride16-clang18-scalar,branch,branch_misses,7172,250056413,250056413
1,stride16-clang18-scalar-r7-stride16_scan-scalar-warm-basic-6291456,stride16-clang18-scalar,basic,cycles,549167110,250235774,250235774
1,stride16-clang18-scalar-r7-stride16_scan-scalar-warm-basic-6291456,stride16-clang18-scalar,basic,instructions,249294457,250235422,250235422
1,stride16-clang18-scalar-r7-stride16_scan-scalar-warm-basic-6291456,stride16-clang18-scalar,basic,ref_cycles,549170600,250231827,250231827
1,stride16-clang18-scalar-r7-stride16_scan-scalar-cache_evicted-basic-1048576,stride16-clang18-scalar,basic,cycles,548779212,250055735,250055735
1,stride16-clang18-scalar-r7-stride16_scan-scalar-cache_evicted-basic-1048576,stride16-clang18-scalar,basic,instructions,278641129,250053966,250053966
1,stride16-clang18-scalar-r7-stride16_scan-scalar-cache_evicted-basic-1048576,stride16-clang18-scalar,basic,ref_cycles,548781332,250050355,250050355
1,stride16-clang18-scalar-r7-stride16_scan-scalar-warm-basic-294912,stride16-clang18-scalar,basic,cycles,548731940,250032853,250032853
1,stride16-clang18-scalar-r7-stride16_scan-scalar-warm-basic-294912,stride16-clang18-scalar,basic,instructions,326371129,250030248,250030248
1,stride16-clang18-scalar-r7-stride16_scan-scalar-warm-basic-294912,stride16-clang18-scalar,basic,ref_cycles,548734208,250027450,250027450
1,stride16-clang18-scalar-r7-stride16_scan-scalar-warm-basic-131072,stride16-clang18-scalar,basic,cycles,548731721,250033182,250033182
1,stride16-clang18-scalar-r7-stride16_scan-scalar-warm-basic-131072,stride16-clang18-scalar,basic,instructions,541985219,250030685,250030685
1,stride16-clang18-scalar-r7-stride16_scan-scalar-warm-basic-131072,stride16-clang18-scalar,basic,ref_cycles,548733834,250027786,250027786
1,stride16-clang18-scalar-r7-stride16_scan-scalar-warm-basic-5242880,stride16-clang18-scalar,basic,cycles,549127245,250217284,250217284
1,stride16-clang18-scalar-r7-stride16_scan-scalar-warm-basic-5242880,stride16-clang18-scalar,basic,instructions,270477769,250217166,250217166
1,stride16-clang18-scalar-r7-stride16_scan-scalar-warm-basic-5242880,stride16-clang18-scalar,basic,ref_cycles,549130736,250213822,250213822
1,stride16-clang18-scalar-r7-stride16_scan-scalar-warm-branch-24576,stride16-clang18-scalar,branch,cycles,548730847,250033667,250033667
1,stride16-clang18-scalar-r7-stride16_scan-scalar-warm-branch-24576,stride16-clang18-scalar,branch,branches,137669566,250032113,250032113
1,stride16-clang18-scalar-r7-stride16_scan-scalar-warm-branch-24576,stride16-clang18-scalar,branch,branch_misses,1658891,250028669,250028669
1,stride16-clang18-scalar-r7-stride16_scan-scalar-warm-branch-196608,stride16-clang18-scalar,branch,cycles,548737681,250036941,250036941
1,stride16-clang18-scalar-r7-stride16_scan-scalar-warm-branch-196608,stride16-clang18-scalar,branch,branches,32721138,250034539,250034539
1,stride16-clang18-scalar-r7-stride16_scan-scalar-warm-branch-196608,stride16-clang18-scalar,branch,branch_misses,78159,250031328,250031328
1,stride16-clang18-scalar-r7-stride16_scan-scalar-warm-basic-33554432,stride16-clang18-scalar,basic,cycles,548770798,250056971,250056971
1,stride16-clang18-scalar-r7-stride16_scan-scalar-warm-basic-33554432,stride16-clang18-scalar,basic,instructions,130762537,250056606,250056606
1,stride16-clang18-scalar-r7-stride16_scan-scalar-warm-basic-33554432,stride16-clang18-scalar,basic,ref_cycles,548774248,250053617,250053617
1,stride16-clang18-scalar-r7-stride16_scan-scalar-warm-basic-28672,stride16-clang18-scalar,basic,cycles,548730573,250033218,250033218
1,stride16-clang18-scalar-r7-stride16_scan-scalar-warm-basic-28672,stride16-clang18-scalar,basic,instructions,1778538688,250030315,250030315
1,stride16-clang18-scalar-r7-stride16_scan-scalar-warm-basic-28672,stride16-clang18-scalar,basic,ref_cycles,548732228,250026943,250026943
1,stride16-clang18-scalar-r7-stride16_scan-scalar-warm-branch-32768,stride16-clang18-scalar,branch,cycles,548731152,250033096,250033096
1,stride16-clang18-scalar-r7-stride16_scan-scalar-warm-branch-32768,stride16-clang18-scalar,branch,branches,110670171,250032115,250032115
1,stride16-clang18-scalar-r7-stride16_scan-scalar-warm-branch-32768,stride16-clang18-scalar,branch,branch_misses,1118191,250028646,250028646
1,stride16-clang18-scalar-r7-stride16_scan-scalar-warm-branch-33554432,stride16-clang18-scalar,branch,cycles,548912266,250123511,250123511
1,stride16-clang18-scalar-r7-stride16_scan-scalar-warm-branch-33554432,stride16-clang18-scalar,branch,branches,6885074,250123474,250123474
1,stride16-clang18-scalar-r7-stride16_scan-scalar-warm-branch-33554432,stride16-clang18-scalar,branch,branch_misses,142,250120334,250120334
1,stride16-clang18-scalar-r7-stride16_scan-scalar-warm-branch-8388608,stride16-clang18-scalar,branch,cycles,548967490,250146776,250146776
1,stride16-clang18-scalar-r7-stride16_scan-scalar-warm-branch-8388608,stride16-clang18-scalar,branch,branches,10032128,250147544,250147544
1,stride16-clang18-scalar-r7-stride16_scan-scalar-warm-branch-8388608,stride16-clang18-scalar,branch,branch_misses,658,250143764,250143764
1,stride16-clang18-scalar-r7-stride16_scan-scalar-warm-basic-12582912,stride16-clang18-scalar,basic,cycles,550140296,250681383,250681383
1,stride16-clang18-scalar-r7-stride16_scan-scalar-warm-basic-12582912,stride16-clang18-scalar,basic,instructions,151344871,250681619,250681619
1,stride16-clang18-scalar-r7-stride16_scan-scalar-warm-basic-12582912,stride16-clang18-scalar,basic,ref_cycles,550143572,250678252,250678252
1,stride16-clang18-scalar-r7-stride16_scan-scalar-warm-basic-393216,stride16-clang18-scalar,basic,cycles,548748956,250041338,250041338
1,stride16-clang18-scalar-r7-stride16_scan-scalar-warm-basic-393216,stride16-clang18-scalar,basic,instructions,279392706,250039783,250039783
1,stride16-clang18-scalar-r7-stride16_scan-scalar-warm-basic-393216,stride16-clang18-scalar,basic,ref_cycles,548751192,250036626,250036626
1,stride16-clang18-scalar-r7-stride16_scan-scalar-warm-basic-2097152,stride16-clang18-scalar,basic,cycles,548865987,250097013,250097013
1,stride16-clang18-scalar-r7-stride16_scan-scalar-warm-basic-2097152,stride16-clang18-scalar,basic,instructions,278198041,250093914,250093914
1,stride16-clang18-scalar-r7-stride16_scan-scalar-warm-basic-2097152,stride16-clang18-scalar,basic,ref_cycles,548867990,250090061,250090061
1,stride16-clang18-scalar-r7-stride16_scan-scalar-warm-branch-98304,stride16-clang18-scalar,branch,cycles,548732614,250034193,250034193
1,stride16-clang18-scalar-r7-stride16_scan-scalar-warm-branch-98304,stride16-clang18-scalar,branch,branches,31821990,250031736,250031736
1,stride16-clang18-scalar-r7-stride16_scan-scalar-warm-branch-98304,stride16-clang18-scalar,branch,branch_misses,140261,250028226,250028226
1,stride16-clang18-scalar-r7-stride16_scan-scalar-warm-branch-294912,stride16-clang18-scalar,branch,cycles,548746575,250040602,250040602
1,stride16-clang18-scalar-r7-stride16_scan-scalar-warm-branch-294912,stride16-clang18-scalar,branch,branches,18798446,250038338,250038338
1,stride16-clang18-scalar-r7-stride16_scan-scalar-warm-branch-294912,stride16-clang18-scalar,branch,branch_misses,30675,250034919,250034919
1,stride16-clang18-scalar-r7-stride16_scan-scalar-warm-branch-131072,stride16-clang18-scalar,branch,cycles,548731859,250033519,250033519
1,stride16-clang18-scalar-r7-stride16_scan-scalar-warm-branch-131072,stride16-clang18-scalar,branch,branches,31462832,250031029,250031029
1,stride16-clang18-scalar-r7-stride16_scan-scalar-warm-branch-131072,stride16-clang18-scalar,branch,branch_misses,108189,250028226,250028226
1,stride16-clang18-scalar-r7-stride16_scan-scalar-warm-branch-28672,stride16-clang18-scalar,branch,cycles,548730713,250032948,250032948
1,stride16-clang18-scalar-r7-stride16_scan-scalar-warm-branch-28672,stride16-clang18-scalar,branch,branches,131790997,250030437,250030437
1,stride16-clang18-scalar-r7-stride16_scan-scalar-warm-branch-28672,stride16-clang18-scalar,branch,branch_misses,1448603,250026474,250026474
1,stride16-clang18-scalar-r7-stride16_scan-scalar-cache_evicted-basic-6291456,stride16-clang18-scalar,basic,cycles,548739025,250042630,250042630
1,stride16-clang18-scalar-r7-stride16_scan-scalar-cache_evicted-basic-6291456,stride16-clang18-scalar,basic,instructions,246490777,250042876,250042876
1,stride16-clang18-scalar-r7-stride16_scan-scalar-cache_evicted-basic-6291456,stride16-clang18-scalar,basic,ref_cycles,548742942,250039315,250039315
1,stride16-clang18-scalar-r7-stride16_scan-scalar-warm-basic-134217728,stride16-clang18-scalar,basic,cycles,569161965,259347623,259347623
1,stride16-clang18-scalar-r7-stride16_scan-scalar-warm-basic-134217728,stride16-clang18-scalar,basic,instructions,134484985,259346892,259346892
1,stride16-clang18-scalar-r7-stride16_scan-scalar-warm-basic-134217728,stride16-clang18-scalar,basic,ref_cycles,569165256,259343971,259343971
1,stride16-clang18-scalar-r7-stride16_scan-scalar-warm-branch-229376,stride16-clang18-scalar,branch,cycles,548723805,250037258,250037258
1,stride16-clang18-scalar-r7-stride16_scan-scalar-warm-branch-229376,stride16-clang18-scalar,branch,branches,27540363,250036135,250036135
1,stride16-clang18-scalar-r7-stride16_scan-scalar-warm-branch-229376,stride16-clang18-scalar,branch,branch_misses,57098,250032774,250032774
1,stride16-clang18-scalar-r7-stride16_scan-scalar-cache_evicted-basic-262144,stride16-clang18-scalar,basic,cycles,548735303,250039225,250039225
1,stride16-clang18-scalar-r7-stride16_scan-scalar-cache_evicted-basic-262144,stride16-clang18-scalar,basic,instructions,428230281,250035963,250035963
1,stride16-clang18-scalar-r7-stride16_scan-scalar-cache_evicted-basic-262144,stride16-clang18-scalar,basic,ref_cycles,548737574,250032191,250032191
1,stride16-clang18-scalar-r7-stride16_scan-scalar-warm-basic-49152,stride16-clang18-scalar,basic,cycles,548732080,250032755,250032755
1,stride16-clang18-scalar-r7-stride16_scan-scalar-warm-basic-49152,stride16-clang18-scalar,basic,instructions,546548912,250031012,250031012
1,stride16-clang18-scalar-r7-stride16_scan-scalar-warm-basic-49152,stride16-clang18-scalar,basic,ref_cycles,548734340,250028078,250028078
1,stride16-clang18-scalar-r7-stride16_scan-scalar-warm-branch-7340032,stride16-clang18-scalar,branch,cycles,549292086,250295492,250295492
1,stride16-clang18-scalar-r7-stride16_scan-scalar-warm-branch-7340032,stride16-clang18-scalar,branch,branches,10792740,250295108,250295108
1,stride16-clang18-scalar-r7-stride16_scan-scalar-warm-branch-7340032,stride16-clang18-scalar,branch,branch_misses,796,250291033,250291033
1,stride16-clang18-scalar-r7-stride16_scan-scalar-warm-branch-4194304,stride16-clang18-scalar,branch,cycles,549003994,250161235,250161235
1,stride16-clang18-scalar-r7-stride16_scan-scalar-warm-branch-4194304,stride16-clang18-scalar,branch,branches,14397372,250161536,250161536
1,stride16-clang18-scalar-r7-stride16_scan-scalar-warm-branch-4194304,stride16-clang18-scalar,branch,branch_misses,1798,250157744,250157744
1,stride16-clang18-scalar-r7-stride16_scan-scalar-warm-basic-8192,stride16-clang18-scalar,basic,cycles,548730707,250032289,250032289
1,stride16-clang18-scalar-r7-stride16_scan-scalar-warm-basic-8192,stride16-clang18-scalar,basic,instructions,1686778468,250029809,250029809
1,stride16-clang18-scalar-r7-stride16_scan-scalar-warm-basic-8192,stride16-clang18-scalar,basic,ref_cycles,548732514,250026460,250026460
1,stride16-clang18-scalar-r7-stride16_scan-scalar-warm-branch-393216,stride16-clang18-scalar,branch,cycles,548744669,250039969,250039969
1,stride16-clang18-scalar-r7-stride16_scan-scalar-warm-branch-393216,stride16-clang18-scalar,branch,branches,15196949,250037592,250037592
1,stride16-clang18-scalar-r7-stride16_scan-scalar-warm-branch-393216,stride16-clang18-scalar,branch,branch_misses,18975,250034094,250034094
1,stride16-clang18-scalar-r7-stride16_scan-scalar-warm-basic-32768,stride16-clang18-scalar,basic,cycles,548731184,250032900,250032900
1,stride16-clang18-scalar-r7-stride16_scan-scalar-warm-basic-32768,stride16-clang18-scalar,basic,instructions,1528507411,250030384,250030384
1,stride16-clang18-scalar-r7-stride16_scan-scalar-warm-basic-32768,stride16-clang18-scalar,basic,ref_cycles,548732976,250027186,250027186
1,stride16-clang18-scalar-r7-stride16_scan-scalar-cache_evicted-basic-32768,stride16-clang18-scalar,basic,cycles,548731393,250033919,250033919
1,stride16-clang18-scalar-r7-stride16_scan-scalar-cache_evicted-basic-32768,stride16-clang18-scalar,basic,instructions,1483911150,250031992,250031992
1,stride16-clang18-scalar-r7-stride16_scan-scalar-cache_evicted-basic-32768,stride16-clang18-scalar,basic,ref_cycles,548733482,250028912,250028912
1,stride16-clang18-scalar-r7-stride16_scan-scalar-warm-basic-536870912,stride16-clang18-scalar,basic,cycles,598947186,272917323,272917323
1,stride16-clang18-scalar-r7-stride16_scan-scalar-warm-basic-536870912,stride16-clang18-scalar,basic,instructions,139462361,272916853,272916853
1,stride16-clang18-scalar-r7-stride16_scan-scalar-warm-basic-536870912,stride16-clang18-scalar,basic,ref_cycles,598950792,272913384,272913384
1,stride16-clang18-scalar-r7-stride16_scan-scalar-warm-branch-262144,stride16-clang18-scalar,branch,cycles,548733037,250035367,250035367
1,stride16-clang18-scalar-r7-stride16_scan-scalar-warm-branch-262144,stride16-clang18-scalar,branch,branches,22230230,250032166,250032166
1,stride16-clang18-scalar-r7-stride16_scan-scalar-warm-branch-262144,stride16-clang18-scalar,branch,branch_misses,40697,250027891,250027891
1,stride16-clang18-scalar-r7-stride16_scan-scalar-warm-basic-262144,stride16-clang18-scalar,basic,cycles,548735259,250033761,250033761
1,stride16-clang18-scalar-r7-stride16_scan-scalar-warm-basic-262144,stride16-clang18-scalar,basic,instructions,404619089,250031222,250031222
1,stride16-clang18-scalar-r7-stride16_scan-scalar-warm-basic-262144,stride16-clang18-scalar,basic,ref_cycles,548737024,250027682,250027682
1,stride16-clang18-scalar-r7-stride16_scan-scalar-warm-basic-1048576,stride16-clang18-scalar,basic,cycles,548743454,250038940,250038940
1,stride16-clang18-scalar-r7-stride16_scan-scalar-warm-basic-1048576,stride16-clang18-scalar,basic,instructions,278640984,250036269,250036269
1,stride16-clang18-scalar-r7-stride16_scan-scalar-warm-basic-1048576,stride16-clang18-scalar,basic,ref_cycles,548745076,250032678,250032678
1,stride16-clang18-scalar-r7-stride16_scan-scalar-warm-branch-6291456,stride16-clang18-scalar,branch,cycles,549123324,250216334,250216334
1,stride16-clang18-scalar-r7-stride16_scan-scalar-warm-branch-6291456,stride16-clang18-scalar,branch,branches,12520287,250217528,250217528
1,stride16-clang18-scalar-r7-stride16_scan-scalar-warm-branch-6291456,stride16-clang18-scalar,branch,branch_misses,1062,250213958,250213958
1,stride16-clang18-scalar-r7-stride16_scan-scalar-warm-branch-2097152,stride16-clang18-scalar,branch,cycles,548739380,250039164,250039164
1,stride16-clang18-scalar-r7-stride16_scan-scalar-warm-branch-2097152,stride16-clang18-scalar,branch,branches,14739527,250036984,250036984
1,stride16-clang18-scalar-r7-stride16_scan-scalar-warm-branch-2097152,stride16-clang18-scalar,branch,branch_misses,3616,250033467,250033467
1,stride16-clang18-scalar-r7-stride16_scan-scalar-warm-branch-134217728,stride16-clang18-scalar,branch,cycles,553701391,252305318,252305318
1,stride16-clang18-scalar-r7-stride16_scan-scalar-warm-branch-134217728,stride16-clang18-scalar,branch,branches,6816773,252303595,252303595
1,stride16-clang18-scalar-r7-stride16_scan-scalar-warm-branch-134217728,stride16-clang18-scalar,branch,branch_misses,66,252299556,252299556
1,stride16-clang18-scalar-r7-stride16_scan-scalar-cache_evicted-branch-32768,stride16-clang18-scalar,branch,cycles,548730800,250033308,250033308
1,stride16-clang18-scalar-r7-stride16_scan-scalar-cache_evicted-branch-32768,stride16-clang18-scalar,branch,branches,106847475,250030701,250030701
1,stride16-clang18-scalar-r7-stride16_scan-scalar-cache_evicted-branch-32768,stride16-clang18-scalar,branch,branch_misses,1079620,250027016,250027016
1,stride16-clang18-scalar-r7-stride16_scan-scalar-warm-branch-49152,stride16-clang18-scalar,branch,cycles,548732180,250033636,250033636
1,stride16-clang18-scalar-r7-stride16_scan-scalar-warm-branch-49152,stride16-clang18-scalar,branch,branches,35356689,250031530,250031530
1,stride16-clang18-scalar-r7-stride16_scan-scalar-warm-branch-49152,stride16-clang18-scalar,branch,branch_misses,270007,250027977,250027977
1,stride16-clang18-scalar-r7-stride16_scan-scalar-warm-branch-65536,stride16-clang18-scalar,branch,cycles,548732794,250034123,250034123
1,stride16-clang18-scalar-r7-stride16_scan-scalar-warm-branch-65536,stride16-clang18-scalar,branch,branches,33891617,250031313,250031313
1,stride16-clang18-scalar-r7-stride16_scan-scalar-warm-branch-65536,stride16-clang18-scalar,branch,branch_misses,208022,250027519,250027519
1,stride16-clang18-scalar-r7-stride16_scan-scalar-warm-basic-36864,stride16-clang18-scalar,basic,cycles,548731294,250031617,250031617
1,stride16-clang18-scalar-r7-stride16_scan-scalar-warm-basic-36864,stride16-clang18-scalar,basic,instructions,550227109,250028704,250028704
1,stride16-clang18-scalar-r7-stride16_scan-scalar-warm-basic-36864,stride16-clang18-scalar,basic,ref_cycles,548732294,250025134,250025134
1,stride16-clang18-scalar-r7-stride16_scan-scalar-warm-basic-4194304,stride16-clang18-scalar,basic,cycles,548994227,250155910,250155910
1,stride16-clang18-scalar-r7-stride16_scan-scalar-warm-basic-4194304,stride16-clang18-scalar,basic,instructions,268627361,250155323,250155323
1,stride16-clang18-scalar-r7-stride16_scan-scalar-warm-basic-4194304,stride16-clang18-scalar,basic,ref_cycles,548997372,250151821,250151821
1,stride16-clang18-scalar-r7-stride16_scan-scalar-cache_evicted-basic-8388608,stride16-clang18-scalar,basic,cycles,549506182,250392766,250392766
1,stride16-clang18-scalar-r7-stride16_scan-scalar-cache_evicted-basic-8388608,stride16-clang18-scalar,basic,instructions,189059225,250392684,250392684
1,stride16-clang18-scalar-r7-stride16_scan-scalar-cache_evicted-basic-8388608,stride16-clang18-scalar,basic,ref_cycles,549509664,250389521,250389521
1,stride16-clang18-scalar-r7-stride16_scan-scalar-cache_evicted-branch-536870912,stride16-clang18-scalar,branch,cycles,597608401,272309784,272309784
1,stride16-clang18-scalar-r7-stride16_scan-scalar-cache_evicted-branch-536870912,stride16-clang18-scalar,branch,branches,7340396,272309191,272309191
1,stride16-clang18-scalar-r7-stride16_scan-scalar-cache_evicted-branch-536870912,stride16-clang18-scalar,branch,branch_misses,58,272305610,272305610
1,stride16-clang18-scalar-r7-stride16_scan-scalar-warm-branch-8192,stride16-clang18-scalar,branch,cycles,548730371,250032420,250032420
1,stride16-clang18-scalar-r7-stride16_scan-scalar-warm-branch-8192,stride16-clang18-scalar,branch,branches,182273370,250028961,250028961
1,stride16-clang18-scalar-r7-stride16_scan-scalar-warm-branch-8192,stride16-clang18-scalar,branch,branch_misses,577,250024957,250024957
1,stride16-clang18-scalar-r8-stride16_scan-scalar-warm-branch-98304,stride16-clang18-scalar,branch,cycles,548733470,250034555,250034555
1,stride16-clang18-scalar-r8-stride16_scan-scalar-warm-branch-98304,stride16-clang18-scalar,branch,branches,32038345,250032246,250032246
1,stride16-clang18-scalar-r8-stride16_scan-scalar-warm-branch-98304,stride16-clang18-scalar,branch,branch_misses,141230,250028636,250028636
1,stride16-clang18-scalar-r8-stride16_scan-scalar-cache_evicted-basic-1048576,stride16-clang18-scalar,basic,cycles,548758731,250046872,250046872
1,stride16-clang18-scalar-r8-stride16_scan-scalar-cache_evicted-basic-1048576,stride16-clang18-scalar,basic,instructions,278562824,250045369,250045369
1,stride16-clang18-scalar-r8-stride16_scan-scalar-cache_evicted-basic-1048576,stride16-clang18-scalar,basic,ref_cycles,548760872,250041875,250041875
1,stride16-clang18-scalar-r8-stride16_scan-scalar-warm-branch-1048576,stride16-clang18-scalar,branch,cycles,548761157,250048351,250048351
1,stride16-clang18-scalar-r8-stride16_scan-scalar-warm-branch-1048576,stride16-clang18-scalar,branch,branches,14851930,250046105,250046105
1,stride16-clang18-scalar-r8-stride16_scan-scalar-warm-branch-1048576,stride16-clang18-scalar,branch,branch_misses,7183,250042408,250042408
1,stride16-clang18-scalar-r8-stride16_scan-scalar-cache_evicted-basic-6291456,stride16-clang18-scalar,basic,cycles,548795644,250067743,250067743
1,stride16-clang18-scalar-r8-stride16_scan-scalar-cache_evicted-basic-6291456,stride16-clang18-scalar,basic,instructions,221958577,250068662,250068662
1,stride16-clang18-scalar-r8-stride16_scan-scalar-cache_evicted-basic-6291456,stride16-clang18-scalar,basic,ref_cycles,548799834,250065546,250065546
1,stride16-clang18-scalar-r8-stride16_scan-scalar-warm-branch-33554432,stride16-clang18-scalar,branch,cycles,551133519,251136707,251136707
1,stride16-clang18-scalar-r8-stride16_scan-scalar-warm-branch-33554432,stride16-clang18-scalar,branch,branches,6753932,251134796,251134796
1,stride16-clang18-scalar-r8-stride16_scan-scalar-warm-branch-33554432,stride16-clang18-scalar,branch,branch_misses,149,251130700,251130700
1,stride16-clang18-scalar-r8-stride16_scan-scalar-warm-branch-65536,stride16-clang18-scalar,branch,cycles,548732430,250033294,250033294
1,stride16-clang18-scalar-r8-stride16_scan-scalar-warm-branch-65536,stride16-clang18-scalar,branch,branches,33937047,250030972,250030972
1,stride16-clang18-scalar-r8-stride16_scan-scalar-warm-branch-65536,stride16-clang18-scalar,branch,branch_misses,208305,250027554,250027554
1,stride16-clang18-scalar-r8-stride16_scan-scalar-warm-basic-16384,stride16-clang18-scalar,basic,cycles,548730824,250031535,250031535
1,stride16-clang18-scalar-r8-stride16_scan-scalar-warm-basic-16384,stride16-clang18-scalar,basic,instructions,1827090384,250029267,250029267
1,stride16-clang18-scalar-r8-stride16_scan-scalar-warm-basic-16384,stride16-clang18-scalar,basic,ref_cycles,548732360,250025801,250025801
1,stride16-clang18-scalar-r8-stride16_scan-scalar-warm-branch-131072,stride16-clang18-scalar,branch,cycles,548732184,250034123,250034123
1,stride16-clang18-scalar-r8-stride16_scan-scalar-warm-branch-131072,stride16-clang18-scalar,branch,branches,31521295,250032854,250032854
1,stride16-clang18-scalar-r8-stride16_scan-scalar-warm-branch-131072,stride16-clang18-scalar,branch,branch_misses,108389,250029268,250029268
1,stride16-clang18-scalar-r8-stride16_scan-scalar-warm-branch-134217728,stride16-clang18-scalar,branch,cycles,568655306,259118467,259118467
1,stride16-clang18-scalar-r8-stride16_scan-scalar-warm-branch-134217728,stride16-clang18-scalar,branch,branches,7078952,259118283,259118283
1,stride16-clang18-scalar-r8-stride16_scan-scalar-warm-branch-134217728,stride16-clang18-scalar,branch,branch_misses,67,259114336,259114336
1,stride16-clang18-scalar-r8-stride16_scan-scalar-warm-branch-16384,stride16-clang18-scalar,branch,cycles,548719495,250033187,250033187
1,stride16-clang18-scalar-r8-stride16_scan-scalar-warm-branch-16384,stride16-clang18-scalar,branch,branches,157749001,250030735,250030735
1,stride16-clang18-scalar-r8-stride16_scan-scalar-warm-branch-16384,stride16-clang18-scalar,branch,branch_misses,534,250027076,250027076
1,stride16-clang18-scalar-r8-stride16_scan-scalar-warm-branch-12582912,stride16-clang18-scalar,branch,cycles,550319687,250763419,250763419
1,stride16-clang18-scalar-r8-stride16_scan-scalar-warm-branch-12582912,stride16-clang18-scalar,branch,branches,8023308,250762233,250762233
1,stride16-clang18-scalar-r8-stride16_scan-scalar-warm-branch-12582912,stride16-clang18-scalar,branch,branch_misses,380,250758433,250758433
1,stride16-clang18-scalar-r8-stride16_scan-scalar-cache_evicted-branch-6291456,stride16-clang18-scalar,branch,cycles,549081887,250200404,250200404
1,stride16-clang18-scalar-r8-stride16_scan-scalar-cache_evicted-branch-6291456,stride16-clang18-scalar,branch,branches,11706969,250199252,250199252
1,stride16-clang18-scalar-r8-stride16_scan-scalar-cache_evicted-branch-6291456,stride16-clang18-scalar,branch,branch_misses,1000,250195211,250195211
1,stride16-clang18-scalar-r8-stride16_scan-scalar-warm-basic-5242880,stride16-clang18-scalar,basic,cycles,549012322,250165547,250165547
1,stride16-clang18-scalar-r8-stride16_scan-scalar-warm-basic-5242880,stride16-clang18-scalar,basic,instructions,224327233,250164971,250164971
1,stride16-clang18-scalar-r8-stride16_scan-scalar-warm-basic-5242880,stride16-clang18-scalar,basic,ref_cycles,549015720,250161156,250161156
1,stride16-clang18-scalar-r8-stride16_scan-scalar-warm-branch-24576,stride16-clang18-scalar,branch,cycles,548731131,250034503,250034503
1,stride16-clang18-scalar-r8-stride16_scan-scalar-warm-branch-24576,stride16-clang18-scalar,branch,branches,137806366,250033097,250033097
1,stride16-clang18-scalar-r8-stride16_scan-scalar-warm-branch-24576,stride16-clang18-scalar,branch,branch_misses,1660721,250029420,250029420
1,stride16-clang18-scalar-r8-stride16_scan-scalar-warm-basic-1048576,stride16-clang18-scalar,basic,cycles,548739466,250036168,250036168
1,stride16-clang18-scalar-r8-stride16_scan-scalar-warm-basic-1048576,stride16-clang18-scalar,basic,instructions,278680091,250033331,250033331
1,stride16-clang18-scalar-r8-stride16_scan-scalar-warm-basic-1048576,stride16-clang18-scalar,basic,ref_cycles,548741270,250030025,250030025
1,stride16-clang18-scalar-r8-stride16_scan-scalar-cache_evicted-branch-33554432,stride16-clang18-scalar,branch,cycles,552804368,251897146,251897146
1,stride16-clang18-scalar-r8-stride16_scan-scalar-cache_evicted-branch-33554432,stride16-clang18-scalar,branch,branches,6950645,251896370,251896370
1,stride16-clang18-scalar-r8-stride16_scan-scalar-cache_evicted-branch-33554432,stride16-clang18-scalar,branch,branch_misses,145,251892056,251892056
1,stride16-clang18-scalar-r8-stride16_scan-scalar-warm-basic-7340032,stride16-clang18-scalar,basic,cycles,549148095,250228842,250228842
1,stride16-clang18-scalar-r8-stride16_scan-scalar-warm-basic-7340032,stride16-clang18-scalar,basic,instructions,213408805,250230186,250230186
1,stride16-clang18-scalar-r8-stride16_scan-scalar-warm-basic-7340032,stride16-clang18-scalar,basic,ref_cycles,549152494,250227239,250227239
1,stride16-clang18-scalar-r8-stride16_scan-scalar-cache_evicted-branch-8388608,stride16-clang18-scalar,branch,cycles,548775210,250060917,250060917
1,stride16-clang18-scalar-r8-stride16_scan-scalar-cache_evicted-branch-8388608,stride16-clang18-scalar,branch,branches,10196318,250061203,250061203
1,stride16-clang18-scalar-r8-stride16_scan-scalar-cache_evicted-branch-8388608,stride16-clang18-scalar,branch,branch_misses,673,250058158,250058158
1,stride16-clang18-scalar-r8-stride16_scan-scalar-warm-basic-28672,stride16-clang18-scalar,basic,cycles,548731058,250031858,250031858
1,stride16-clang18-scalar-r8-stride16_scan-scalar-warm-basic-28672,stride16-clang18-scalar,basic,instructions,1783960719,250030674,250030674
1,stride16-clang18-scalar-r8-stride16_scan-scalar-warm-basic-28672,stride16-clang18-scalar,basic,ref_cycles,548732954,250027613,250027613
1,stride16-clang18-scalar-r8-stride16_scan-scalar-warm-branch-262144,stride16-clang18-scalar,branch,cycles,548739996,250037795,250037795
1,stride16-clang18-scalar-r8-stride16_scan-scalar-warm-branch-262144,stride16-clang18-scalar,branch,branches,19670814,250036258,250036258
1,stride16-clang18-scalar-r8-stride16_scan-scalar-warm-branch-262144,stride16-clang18-scalar,branch,branch_misses,36017,250033104,250033104
1,stride16-clang18-scalar-r8-stride16_scan-scalar-warm-branch-7340032,stride16-clang18-scalar,branch,cycles,549075927,250197271,250197271
1,stride16-clang18-scalar-r8-stride16_scan-scalar-warm-branch-7340032,stride16-clang18-scalar,branch,branches,10232273,250197006,250197006
1,stride16-clang18-scalar-r8-stride16_scan-scalar-warm-branch-7340032,stride16-clang18-scalar,branch,branch_misses,773,250192656,250192656
1,stride16-clang18-scalar-r8-stride16_scan-scalar-warm-branch-196608,stride16-clang18-scalar,branch,cycles,548737129,250037176,250037176
1,stride16-clang18-scalar-r8-stride16_scan-scalar-warm-branch-196608,stride16-clang18-scalar,branch,branches,32806179,250035260,250035260
1,stride16-clang18-scalar-r8-stride16_scan-scalar-warm-branch-196608,stride16-clang18-scalar,branch,branch_misses,78353,250031918,250031918
1,stride16-clang18-scalar-r8-stride16_scan-scalar-warm-basic-134217728,stride16-clang18-scalar,basic,cycles,569420761,259465452,259465452
1,stride16-clang18-scalar-r8-stride16_scan-scalar-warm-basic-134217728,stride16-clang18-scalar,basic,instructions,134484985,259464487,259464487
1,stride16-clang18-scalar-r8-stride16_scan-scalar-warm-basic-134217728,stride16-clang18-scalar,basic,ref_cycles,569424086,259460989,259460989
1,stride16-clang18-scalar-r8-stride16_scan-scalar-cache_evicted-basic-262144,stride16-clang18-scalar,basic,cycles,548738461,250037388,250037388
1,stride16-clang18-scalar-r8-stride16_scan-scalar-cache_evicted-basic-262144,stride16-clang18-scalar,basic,instructions,395128724,250035540,250035540
1,stride16-clang18-scalar-r8-stride16_scan-scalar-cache_evicted-basic-262144,stride16-clang18-scalar,basic,ref_cycles,548740412,250032241,250032241
1,stride16-clang18-scalar-r8-stride16_scan-scalar-warm-basic-294912,stride16-clang18-scalar,basic,cycles,548745588,250038168,250038168
1,stride16-clang18-scalar-r8-stride16_scan-scalar-warm-basic-294912,stride16-clang18-scalar,basic,instructions,333005103,250035640,250035640
1,stride16-clang18-scalar-r8-stride16_scan-scalar-warm-basic-294912,stride16-clang18-scalar,basic,ref_cycles,548746858,250032341,250032341
1,stride16-clang18-scalar-r8-stride16_scan-scalar-warm-basic-12582912,stride16-clang18-scalar,basic,cycles,549196611,250251170,250251170
1,stride16-clang18-scalar-r8-stride16_scan-scalar-warm-basic-12582912,stride16-clang18-scalar,basic,instructions,151344865,250251728,250251728
1,stride16-clang18-scalar-r8-stride16_scan-scalar-warm-basic-12582912,stride16-clang18-scalar,basic,ref_cycles,549200212,250248227,250248227
1,stride16-clang18-scalar-r8-stride16_scan-scalar-warm-basic-131072,stride16-clang18-scalar,basic,cycles,548732870,250033832,250033832
1,stride16-clang18-scalar-r8-stride16_scan-scalar-warm-basic-131072,stride16-clang18-scalar,basic,instructions,549646294,250031553,250031553
1,stride16-clang18-scalar-r8-stride16_scan-scalar-warm-basic-131072,stride16-clang18-scalar,basic,ref_cycles,548735572,250028857,250028857
1,stride16-clang18-scalar-r8-stride16_scan-scalar-warm-branch-28672,stride16-clang18-scalar,branch,cycles,548731166,250034308,250034308
1,stride16-clang18-scalar-r8-stride16_scan-scalar-warm-branch-28672,stride16-clang18-scalar,branch,branches,131108731,250032252,250032252
1,stride16-clang18-scalar-r8-stride16_scan-scalar-warm-branch-28672,stride16-clang18-scalar,branch,branch_misses,1441184,250028810,250028810
1,stride16-clang18-scalar-r8-stride16_scan-scalar-warm-branch-6291456,stride16-clang18-scalar,branch,cycles,548840459,250089402,250089402
1,stride16-clang18-scalar-r8-stride16_scan-scalar-warm-branch-6291456,stride16-clang18-scalar,branch,branches,11768584,250089302,250089302
1,stride16-clang18-scalar-r8-stride16_scan-scalar-warm-branch-6291456,stride16-clang18-scalar,branch,branch_misses,1004,250085032,250085032
1,stride16-clang18-scalar-r8-stride16_scan-scalar-warm-branch-536870912,stride16-clang18-scalar,branch,cycles,598467331,272700525,272700525
1,stride16-clang18-scalar-r8-stride16_scan-scalar-warm-branch-536870912,stride16-clang18-scalar,branch,branches,7340396,272701771,272701771
1,stride16-clang18-scalar-r8-stride16_scan-scalar-warm-branch-536870912,stride16-clang18-scalar,branch,branch_misses,57,272697843,272697843
1,stride16-clang18-scalar-r8-stride16_scan-scalar-warm-basic-36864,stride16-clang18-scalar,basic,cycles,548732112,250034284,250034284
1,stride16-clang18-scalar-r8-stride16_scan-scalar-warm-basic-36864,stride16-clang18-scalar,basic,instructions,552174839,250032686,250032686
1,stride16-clang18-scalar-r8-stride16_scan-scalar-warm-basic-36864,stride16-clang18-scalar,basic,ref_cycles,548734362,250029270,250029270
1,stride16-clang18-scalar-r8-stride16_scan-scalar-warm-basic-2097152,stride16-clang18-scalar,basic,cycles,548856901,250091217,250091217
1,stride16-clang18-scalar-r8-stride16_scan-scalar-warm-basic-2097152,stride16-clang18-scalar,basic,instructions,278276033,250088505,250088505
1,stride16-clang18-scalar-r8-stride16_scan-scalar-warm-basic-2097152,stride16-clang18-scalar,basic,ref_cycles,548858574,250084971,250084971
1,stride16-clang18-scalar-r8-stride16_scan-scalar-warm-branch-294912,stride16-clang18-scalar,branch,cycles,548748613,250040330,250040330
1,stride16-clang18-scalar-r8-stride16_scan-scalar-warm-branch-294912,stride16-clang18-scalar,branch,branches,17221856,250037768,250037768
1,stride16-clang18-scalar-r8-stride16_scan-scalar-warm-branch-294912,stride16-clang18-scalar,branch,branch_misses,28254,250034139,250034139
1,stride16-clang18-scalar-r8-stride16_scan-scalar-cache_evicted-basic-8388608,stride16-clang18-scalar,basic,cycles,549200821,250251601,250251601
1,stride16-clang18-scalar-r8-stride16_scan-scalar-cache_evicted-basic-8388608,stride16-clang18-scalar,basic,instructions,190928016,250252032,250252032
1,stride16-clang18-scalar-r8-stride16_scan-scalar-cache_evicted-basic-8388608,stride16-clang18-scalar,basic,ref_cycles,549204458,250248658,250248658
1,stride16-clang18-scalar-r8-stride16_scan-scalar-warm-basic-8388608,stride16-clang18-scalar,basic,cycles,548777163,250060152,250060152
1,stride16-clang18-scalar-r8-stride16_scan-scalar-warm-basic-8388608,stride16-clang18-scalar,basic,instructions,168191137,250059803,250059803
1,stride16-clang18-scalar-r8-stride16_scan-scalar-warm-basic-8388608,stride16-clang18-scalar,basic,ref_cycles,548781090,250056420,250056420
1,stride16-clang18-scalar-r8-stride16_scan-scalar-warm-branch-36864,stride16-clang18-scalar,branch,cycles,548731396,250032966,250032966
1,stride16-clang18-scalar-r8-stride16_scan-scalar-warm-branch-36864,stride16-clang18-scalar,branch,branches,39012534,250030967,250030967
1,stride16-clang18-scalar-r8-stride16_scan-scalar-warm-branch-36864,stride16-clang18-scalar,branch,branch_misses,364715,250027174,250027174
1,stride16-clang18-scalar-r8-stride16_scan-scalar-warm-branch-8388608,stride16-clang18-scalar,branch,cycles,549051693,250186278,250186278
1,stride16-clang18-scalar-r8-stride16_scan-scalar-warm-branch-8388608,stride16-clang18-scalar,branch,branches,9966453,250186508,250186508
1,stride16-clang18-scalar-r8-stride16_scan-scalar-warm-branch-8388608,stride16-clang18-scalar,branch,branch_misses,659,250183067,250183067
1,stride16-clang18-scalar-r8-stride16_scan-scalar-warm-branch-8192,stride16-clang18-scalar,branch,cycles,548730620,250033013,250033013
1,stride16-clang18-scalar-r8-stride16_scan-scalar-warm-branch-8192,stride16-clang18-scalar,branch,branches,179348215,250030052,250030052
1,stride16-clang18-scalar-r8-stride16_scan-scalar-warm-branch-8192,stride16-clang18-scalar,branch,branch_misses,549,250026014,250026014
1,stride16-clang18-scalar-r8-stride16_scan-scalar-warm-basic-24576,stride16-clang18-scalar,basic,cycles,548730812,250031560,250031560
1,stride16-clang18-scalar-r8-stride16_scan-scalar-warm-basic-24576,stride16-clang18-scalar,basic,instructions,1789782142,250030010,250030010
1,stride16-clang18-scalar-r8-stride16_scan-scalar-warm-basic-24576,stride16-clang18-scalar,basic,ref_cycles,548732558,250027008,250027008
1,stride16-clang18-scalar-r8-stride16_scan-scalar-warm-basic-229376,stride16-clang18-scalar,basic,cycles,548739666,250036020,250036020
1,stride16-clang18-scalar-r8-stride16_scan-scalar-warm-basic-229376,stride16-clang18-scalar,basic,instructions,432672696,250033166,250033166
1,stride16-clang18-scalar-r8-stride16_scan-scalar-warm-basic-229376,stride16-clang18-scalar,basic,ref_cycles,548740874,250029266,250029266
1,stride16-clang18-scalar-r8-stride16_scan-scalar-warm-basic-393216,stride16-clang18-scalar,basic,cycles,548750540,250041028,250041028
1,stride16-clang18-scalar-r8-stride16_scan-scalar-warm-basic-393216,stride16-clang18-scalar,basic,instructions,292396514,250039402,250039402
1,stride16-clang18-scalar-r8-stride16_scan-scalar-warm-basic-393216,stride16-clang18-scalar,basic,ref_cycles,548752556,250036009,250036009
1,stride16-clang18-scalar-r8-stride16_scan-scalar-warm-branch-32768,stride16-clang18-scalar,branch,cycles,548730401,250032319,250032319
1,stride16-clang18-scalar-r8-stride16_scan-scalar-warm-branch-32768,stride16-clang18-scalar,branch,branches,111312566,250029824,250029824
1,stride16-clang18-scalar-r8-stride16_scan-scalar-warm-branch-32768,stride16-clang18-scalar,branch,branch_misses,1124688,250025922,250025922
1,stride16-clang18-scalar-r8-stride16_scan-scalar-warm-branch-229376,stride16-clang18-scalar,branch,cycles,548737281,250036649,250036649
1,stride16-clang18-scalar-r8-stride16_scan-scalar-warm-branch-229376,stride16-clang18-scalar,branch,branches,24053042,250035322,250035322
1,stride16-clang18-scalar-r8-stride16_scan-scalar-warm-branch-229376,stride16-clang18-scalar,branch,branch_misses,49852,250031927,250031927
1,stride16-clang18-scalar-r8-stride16_scan-scalar-warm-basic-49152,stride16-clang18-scalar,basic,cycles,548732682,250034367,250034367
1,stride16-clang18-scalar-r8-stride16_scan-scalar-warm-basic-49152,stride16-clang18-scalar,basic,instructions,543944544,250033072,250033072
1,stride16-clang18-scalar-r8-stride16_scan-scalar-warm-basic-49152,stride16-clang18-scalar,basic,ref_cycles,548735594,250029599,250029599
1,stride16-clang18-scalar-r8-stride16_scan-scalar-warm-basic-4194304,stride16-clang18-scalar,basic,cycles,548208407,249967667,249967667
1,stride16-clang18-scalar-r8-stride16_scan-scalar-warm-basic-4194304,stride16-clang18-scalar,basic,instructions,249773746,249972017,249972017
1,stride16-clang18-scalar-r8-stride16_scan-scalar-warm-basic-4194304,stride16-clang18-scalar,basic,ref_cycles,548216922,249969113,249969113
1,stride16-clang18-scalar-r8-stride16_scan-scalar-cache_evicted-basic-33554432,stride16-clang18-scalar,basic,cycles,553567670,252242931,252242931
1,stride16-clang18-scalar-r8-stride16_scan-scalar-cache_evicted-basic-33554432,stride16-clang18-scalar,basic,instructions,129517185,252242484,252242484
1,stride16-clang18-scalar-r8-stride16_scan-scalar-cache_evicted-basic-33554432,stride16-clang18-scalar,basic,ref_cycles,553570952,252239450,252239450
1,stride16-clang18-scalar-r8-stride16_scan-scalar-warm-branch-49152,stride16-clang18-scalar,branch,cycles,548731552,250032893,250032893
1,stride16-clang18-scalar-r8-stride16_scan-scalar-warm-branch-49152,stride16-clang18-scalar,branch,branches,35604008,250031086,250031086
1,stride16-clang18-scalar-r8-stride16_scan-scalar-warm-branch-49152,stride16-clang18-scalar,branch,branch_misses,271891,250027751,250027751
1,stride16-clang18-scalar-r8-stride16_scan-scalar-warm-basic-32768,stride16-clang18-scalar,basic,cycles,548730783,250031377,250031377
1,stride16-clang18-scalar-r8-stride16_scan-scalar-warm-basic-32768,stride16-clang18-scalar,basic,instructions,1464871293,250028266,250028266
1,stride16-clang18-scalar-r8-stride16_scan-scalar-warm-basic-32768,stride16-clang18-scalar,basic,ref_cycles,548732118,250024760,250024760
1,stride16-clang18-scalar-r8-stride16_scan-scalar-warm-basic-8192,stride16-clang18-scalar,basic,cycles,548730565,250031755,250031755
1,stride16-clang18-scalar-r8-stride16_scan-scalar-warm-basic-8192,stride16-clang18-scalar,basic,instructions,1686856186,250029486,250029486
1,stride16-clang18-scalar-r8-stride16_scan-scalar-warm-basic-8192,stride16-clang18-scalar,basic,ref_cycles,548732316,250026012,250026012
1,stride16-clang18-scalar-r8-stride16_scan-scalar-warm-branch-5242880,stride16-clang18-scalar,branch,cycles,548904108,250120018,250120018
1,stride16-clang18-scalar-r8-stride16_scan-scalar-warm-branch-5242880,stride16-clang18-scalar,branch,branches,12083519,250118166,250118166
1,stride16-clang18-scalar-r8-stride16_scan-scalar-warm-branch-5242880,stride16-clang18-scalar,branch,branch_misses,1223,250114940,250114940
1,stride16-clang18-scalar-r8-stride16_scan-scalar-warm-branch-4194304,stride16-clang18-scalar,branch,cycles,548783041,250060179,250060179
1,stride16-clang18-scalar-r8-stride16_scan-scalar-warm-branch-4194304,stride16-clang18-scalar,branch,branches,13788578,250060130,250060130
1,stride16-clang18-scalar-r8-stride16_scan-scalar-warm-branch-4194304,stride16-clang18-scalar,branch,branch_misses,1726,250056395,250056395
1,stride16-clang18-scalar-r8-stride16_scan-scalar-warm-basic-65536,stride16-clang18-scalar,basic,cycles,548731464,250033447,250033447
1,stride16-clang18-scalar-r8-stride16_scan-scalar-warm-basic-65536,stride16-clang18-scalar,basic,instructions,539399042,250031711,250031711
1,stride16-clang18-scalar-r8-stride16_scan-scalar-warm-basic-65536,stride16-clang18-scalar,basic,ref_cycles,548733614,250028275,250028275
1,stride16-clang18-scalar-r8-stride16_scan-scalar-cache_evicted-basic-536870912,stride16-clang18-scalar,basic,cycles,598191271,272572387,272572387
1,stride16-clang18-scalar-r8-stride16_scan-scalar-cache_evicted-basic-536870912,stride16-clang18-scalar,basic,instructions,139462361,272570637,272570637
1,stride16-clang18-scalar-r8-stride16_scan-scalar-cache_evicted-basic-536870912,stride16-clang18-scalar,basic,ref_cycles,598194278,272567273,272567273
1,stride16-clang18-scalar-r8-stride16_scan-scalar-cache_evicted-branch-536870912,stride16-clang18-scalar,branch,cycles,602639976,274601508,274601508
1,stride16-clang18-scalar-r8-stride16_scan-scalar-cache_evicted-branch-536870912,stride16-clang18-scalar,branch,branches,7340396,274599567,274599567
1,stride16-clang18-scalar-r8-stride16_scan-scalar-cache_evicted-branch-536870912,stride16-clang18-scalar,branch,branch_misses,67,274596038,274596038
1,stride16-clang18-scalar-r8-stride16_scan-scalar-warm-branch-524288,stride16-clang18-scalar,branch,cycles,548764986,250050297,250050297
1,stride16-clang18-scalar-r8-stride16_scan-scalar-warm-branch-524288,stride16-clang18-scalar,branch,branches,15059122,250048441,250048441
1,stride16-clang18-scalar-r8-stride16_scan-scalar-warm-branch-524288,stride16-clang18-scalar,branch,branch_misses,14273,250044604,250044604
1,stride16-clang18-scalar-r8-stride16_scan-scalar-warm-basic-524288,stride16-clang18-scalar,basic,cycles,548765664,250047655,250047655
1,stride16-clang18-scalar-r8-stride16_scan-scalar-warm-basic-524288,stride16-clang18-scalar,basic,instructions,279132408,250044527,250044527
1,stride16-clang18-scalar-r8-stride16_scan-scalar-warm-basic-524288,stride16-clang18-scalar,basic,ref_cycles,548766724,250040763,250040763
1,stride16-clang18-scalar-r8-stride16_scan-scalar-warm-basic-536870912,stride16-clang18-scalar,basic,cycles,597661705,272331400,272331400
1,stride16-clang18-scalar-r8-stride16_scan-scalar-warm-basic-536870912,stride16-clang18-scalar,basic,instructions,139462361,272332122,272332122
1,stride16-clang18-scalar-r8-stride16_scan-scalar-warm-basic-536870912,stride16-clang18-scalar,basic,ref_cycles,597665112,272328330,272328330
1,stride16-clang18-scalar-r8-stride16_scan-scalar-cache_evicted-branch-1048576,stride16-clang18-scalar,branch,cycles,548743158,250039882,250039882
1,stride16-clang18-scalar-r8-stride16_scan-scalar-cache_evicted-branch-1048576,stride16-clang18-scalar,branch,branches,14849887,250037918,250037918
1,stride16-clang18-scalar-r8-stride16_scan-scalar-cache_evicted-branch-1048576,stride16-clang18-scalar,branch,branch_misses,7190,250034129,250034129
1,stride16-clang18-scalar-r8-stride16_scan-scalar-warm-basic-33554432,stride16-clang18-scalar,basic,cycles,552815983,251900555,251900555
1,stride16-clang18-scalar-r8-stride16_scan-scalar-warm-basic-33554432,stride16-clang18-scalar,basic,instructions,132007889,251900904,251900904
1,stride16-clang18-scalar-r8-stride16_scan-scalar-warm-basic-33554432,stride16-clang18-scalar,basic,ref_cycles,552819586,251896911,251896911
1,stride16-clang18-scalar-r8-stride16_scan-scalar-warm-basic-6291456,stride16-clang18-scalar,basic,cycles,549183465,250243580,250243580
1,stride16-clang18-scalar-r8-stride16_scan-scalar-warm-basic-6291456,stride16-clang18-scalar,basic,instructions,213547537,250244073,250244073
1,stride16-clang18-scalar-r8-stride16_scan-scalar-warm-basic-6291456,stride16-clang18-scalar,basic,ref_cycles,549186638,250241074,250241074
1,stride16-clang18-scalar-r8-stride16_scan-scalar-warm-branch-393216,stride16-clang18-scalar,branch,cycles,548744473,250041868,250041868
1,stride16-clang18-scalar-r8-stride16_scan-scalar-warm-branch-393216,stride16-clang18-scalar,branch,branches,15204146,250039293,250039293
1,stride16-clang18-scalar-r8-stride16_scan-scalar-warm-branch-393216,stride16-clang18-scalar,branch,branch_misses,18988,250034931,250034931
1,stride16-clang18-scalar-r8-stride16_scan-scalar-warm-branch-2097152,stride16-clang18-scalar,branch,cycles,548865003,250094800,250094800
1,stride16-clang18-scalar-r8-stride16_scan-scalar-warm-branch-2097152,stride16-clang18-scalar,branch,branches,14743678,250093135,250093135
1,stride16-clang18-scalar-r8-stride16_scan-scalar-warm-branch-2097152,stride16-clang18-scalar,branch,branch_misses,3620,250089499,250089499
1,stride16-clang18-scalar-r8-stride16_scan-scalar-warm-basic-262144,stride16-clang18-scalar,basic,cycles,548735371,250034082,250034082
1,stride16-clang18-scalar-r8-stride16_scan-scalar-warm-basic-262144,stride16-clang18-scalar,basic,instructions,450070713,250030251,250030251
1,stride16-clang18-scalar-r8-stride16_scan-scalar-warm-basic-262144,stride16-clang18-scalar,basic,ref_cycles,548736562,250026505,250026505
1,stride16-clang18-scalar-r8-stride16_scan-scalar-warm-basic-98304,stride16-clang18-scalar,basic,cycles,548732769,250031858,250031858
1,stride16-clang18-scalar-r8-stride16_scan-scalar-warm-basic-98304,stride16-clang18-scalar,basic,instructions,532844302,250029786,250029786
1,stride16-clang18-scalar-r8-stride16_scan-scalar-warm-basic-98304,stride16-clang18-scalar,basic,ref_cycles,548734164,250026009,250026009
1,stride16-clang18-scalar-r8-stride16_scan-scalar-cache_evicted-branch-262144,stride16-clang18-scalar,branch,cycles,548741531,250038561,250038561
1,stride16-clang18-scalar-r8-stride16_scan-scalar-cache_evicted-branch-262144,stride16-clang18-scalar,branch,branches,19652771,250035669,250035669
1,stride16-clang18-scalar-r8-stride16_scan-scalar-cache_evicted-branch-262144,stride16-clang18-scalar,branch,branch_misses,35989,250031637,250031637
1,stride16-clang18-scalar-r8-stride16_scan-scalar-warm-basic-196608,stride16-clang18-scalar,basic,cycles,548732523,250031814,250031814
1,stride16-clang18-scalar-r8-stride16_scan-scalar-warm-basic-196608,stride16-clang18-scalar,basic,instructions,483841807,250029333,250029333
1,stride16-clang18-scalar-r8-stride16_scan-scalar-warm-basic-196608,stride16-clang18-scalar,basic,ref_cycles,548733812,250025790,250025790
1,stride16-clang18-scalar-r8-stride16_scan-scalar-cache_evicted-branch-32768,stride16-clang18-scalar,branch,cycles,548730352,250032007,250032007
1,stride16-clang18-scalar-r8-stride16_scan-scalar-cache_evicted-branch-32768,stride16-clang18-scalar,branch,branches,113468303,250029403,250029403
1,stride16-clang18-scalar-r8-stride16_scan-scalar-cache_evicted-branch-32768,stride16-clang18-scalar,branch,branch_misses,1146444,250025139,250025139
1,stride16-clang18-scalar-r8-stride16_scan-scalar-cache_evicted-basic-32768,stride16-clang18-scalar,basic,cycles,548731165,250035025,250035025
1,stride16-clang18-scalar-r8-stride16_scan-scalar-cache_evicted-basic-32768,stride16-clang18-scalar,basic,instructions,1490242715,250033329,250033329
1,stride16-clang18-scalar-r8-stride16_scan-scalar-cache_evicted-basic-32768,stride16-clang18-scalar,basic,ref_cycles,548733350,250029834,250029834
1,stride16-clang18-scalar-r9-stride16_scan-scalar-cache_evicted-basic-536870912,stride16-clang18-scalar,basic,cycles,598409736,272672136,272672136
1,stride16-clang18-scalar-r9-stride16_scan-scalar-cache_evicted-basic-536870912,stride16-clang18-scalar,basic,instructions,139462361,272671522,272671522
1,stride16-clang18-scalar-r9-stride16_scan-scalar-cache_evicted-basic-536870912,stride16-clang18-scalar,basic,ref_cycles,598413398,272668307,272668307
1,stride16-clang18-scalar-r9-stride16_scan-scalar-cache_evicted-branch-8388608,stride16-clang18-scalar,branch,cycles,549601530,250435836,250435836
1,stride16-clang18-scalar-r9-stride16_scan-scalar-cache_evicted-branch-8388608,stride16-clang18-scalar,branch,branches,10097807,250436443,250436443
1,stride16-clang18-scalar-r9-stride16_scan-scalar-cache_evicted-branch-8388608,stride16-clang18-scalar,branch,branch_misses,673,250433146,250433146
1,stride16-clang18-scalar-r9-stride16_scan-scalar-warm-basic-229376,stride16-clang18-scalar,basic,cycles,548735941,250034971,250034971
1,stride16-clang18-scalar-r9-stride16_scan-scalar-warm-basic-229376,stride16-clang18-scalar,basic,instructions,440632285,250033917,250033917
1,stride16-clang18-scalar-r9-stride16_scan-scalar-warm-basic-229376,stride16-clang18-scalar,basic,ref_cycles,548738740,250030777,250030777
1,stride16-clang18-scalar-r9-stride16_scan-scalar-warm-basic-36864,stride16-clang18-scalar,basic,cycles,548732969,250034039,250034039
1,stride16-clang18-scalar-r9-stride16_scan-scalar-warm-basic-36864,stride16-clang18-scalar,basic,instructions,559529293,250032108,250032108
1,stride16-clang18-scalar-r9-stride16_scan-scalar-warm-basic-36864,stride16-clang18-scalar,basic,ref_cycles,548735000,250029279,250029279
1,stride16-clang18-scalar-r9-stride16_scan-scalar-warm-basic-49152,stride16-clang18-scalar,basic,cycles,548730962,250033994,250033994
1,stride16-clang18-scalar-r9-stride16_scan-scalar-warm-basic-49152,stride16-clang18-scalar,basic,instructions,543861126,250032153,250032153
1,stride16-clang18-scalar-r9-stride16_scan-scalar-warm-basic-49152,stride16-clang18-scalar,basic,ref_cycles,548733152,250028439,250028439
1,stride16-clang18-scalar-r9-stride16_scan-scalar-warm-branch-131072,stride16-clang18-scalar,branch,cycles,548735162,250035364,250035364
1,stride16-clang18-scalar-r9-stride16_scan-scalar-warm-branch-131072,stride16-clang18-scalar,branch,branches,31984930,250033714,250033714
1,stride16-clang18-scalar-r9-stride16_scan-scalar-warm-branch-131072,stride16-clang18-scalar,branch,branch_misses,110002,250030062,250030062
1,stride16-clang18-scalar-r9-stride16_scan-scalar-warm-branch-134217728,stride16-clang18-scalar,branch,cycles,549808614,250531883,250531883
1,stride16-clang18-scalar-r9-stride16_scan-scalar-warm-branch-134217728,stride16-clang18-scalar,branch,branches,6816773,250530092,250530092
1,stride16-clang18-scalar-r9-stride16_scan-scalar-warm-branch-134217728,stride16-clang18-scalar,branch,branch_misses,58,250526182,250526182
1,stride16-clang18-scalar-r9-stride16_scan-scalar-warm-branch-49152,stride16-clang18-scalar,branch,cycles,548713282,250032247,250032247
1,stride16-clang18-scalar-r9-stride16_scan-scalar-warm-branch-49152,stride16-clang18-scalar,branch,branches,39200551,250028899,250028899
1,stride16-clang18-scalar-r9-stride16_scan-scalar-warm-branch-49152,stride16-clang18-scalar,branch,branch_misses,299379,250024871,250024871
1,stride16-clang18-scalar-r9-stride16_scan-scalar-warm-branch-28672,stride16-clang18-scalar,branch,cycles,548731071,250032706,250032706
1,stride16-clang18-scalar-r9-stride16_scan-scalar-warm-branch-28672,stride16-clang18-scalar,branch,branches,130282190,250031722,250031722
1,stride16-clang18-scalar-r9-stride16_scan-scalar-warm-branch-28672,stride16-clang18-scalar,branch,branch_misses,1431978,250028108,250028108
1,stride16-clang18-scalar-r9-stride16_scan-scalar-warm-branch-32768,stride16-clang18-scalar,branch,cycles,548730332,250031563,250031563
1,stride16-clang18-scalar-r9-stride16_scan-scalar-warm-branch-32768,stride16-clang18-scalar,branch,branches,114681075,250028361,250028361
1,stride16-clang18-scalar-r9-stride16_scan-scalar-warm-branch-32768,stride16-clang18-scalar,branch,branch_misses,1158694,250024388,250024388
1,stride16-clang18-scalar-r9-stride16_scan-scalar-warm-basic-4194304,stride16-clang18-scalar,basic,cycles,548983104,250150473,250150473
1,stride16-clang18-scalar-r9-stride16_scan-scalar-warm-basic-4194304,stride16-clang18-scalar,basic,instructions,277197241,250150230,250150230
1,stride16-clang18-scalar-r9-stride16_scan-scalar-warm-basic-4194304,stride16-clang18-scalar,basic,ref_cycles,548986108,250146840,250146840
1,stride16-clang18-scalar-r9-stride16_scan-scalar-cache_evicted-basic-8388608,stride16-clang18-scalar,basic,cycles,549045346,250182945,250182945
1,stride16-clang18-scalar-r9-stride16_scan-scalar-cache_evicted-basic-8388608,stride16-clang18-scalar,basic,instructions,192796793,250183289,250183289
1,stride16-clang18-scalar-r9-stride16_scan-scalar-cache_evicted-basic-8388608,stride16-clang18-scalar,basic,ref_cycles,549049138,250180051,250180051
1,stride16-clang18-scalar-r9-stride16_scan-scalar-warm-basic-8192,stride16-clang18-scalar,basic,cycles,548730545,250032511,250032511
1,stride16-clang18-scalar-r9-stride16_scan-scalar-warm-basic-8192,stride16-clang18-scalar,basic,instructions,1659782302,250029872,250029872
1,stride16-clang18-scalar-r9-stride16_scan-scalar-warm-basic-8192,stride16-clang18-scalar,basic,ref_cycles,548732602,250026593,250026593
1,stride16-clang18-scalar-r9-stride16_scan-scalar-warm-branch-12582912,stride16-clang18-scalar,branch,cycles,549937251,250590479,250590479
1,stride16-clang18-scalar-r9-stride16_scan-scalar-warm-branch-12582912,stride16-clang18-scalar,branch,branches,7408030,250589302,250589302
1,stride16-clang18-scalar-r9-stride16_scan-scalar-warm-branch-12582912,stride16-clang18-scalar,branch,branch_misses,351,250585102,250585102
1,stride16-clang18-scalar-r9-stride16_scan-scalar-warm-branch-524288,stride16-clang18-scalar,branch,cycles,548756754,250045163,250045163
1,stride16-clang18-scalar-r9-stride16_scan-scalar-warm-branch-524288,stride16-clang18-scalar,branch,branches,15064407,250041791,250041791
1,stride16-clang18-scalar-r9-stride16_scan-scalar-warm-branch-524288,stride16-clang18-scalar,branch,branch_misses,14279,250038066,250038066
1,stride16-clang18-scalar-r9-stride16_scan-scalar-warm-basic-24576,stride16-clang18-scalar,basic,cycles,548730857,250031307,250031307
1,stride16-clang18-scalar-r9-stride16_scan-scalar-warm-basic-24576,stride16-clang18-scalar,basic,instructions,1774429279,250028506,250028506
1,stride16-clang18-scalar-r9-stride16_scan-scalar-warm-basic-24576,stride16-clang18-scalar,basic,ref_cycles,548732228,250025200,250025200
1,stride16-clang18-scalar-r9-stride16_scan-scalar-cache_evicted-basic-262144,stride16-clang18-scalar,basic,cycles,548731090,250032040,250032040
1,stride16-clang18-scalar-r9-stride16_scan-scalar-cache_evicted-basic-262144,stride16-clang18-scalar,basic,instructions,399008613,250030168,250030168
1,stride16-clang18-scalar-r9-stride16_scan-scalar-cache_evicted-basic-262144,stride16-clang18-scalar,basic,ref_cycles,548732888,250026963,250026963
1,stride16-clang18-scalar-r9-stride16_scan-scalar-warm-basic-16384,stride16-clang18-scalar,basic,cycles,548730448,250030735,250030735
1,stride16-clang18-scalar-r9-stride16_scan-scalar-warm-basic-16384,stride16-clang18-scalar,basic,instructions,1827117784,250027217,250027217
1,stride16-clang18-scalar-r9-stride16_scan-scalar-warm-basic-16384,stride16-clang18-scalar,basic,ref_cycles,548731062,250023417,250023417
1,stride16-clang18-scalar-r9-stride16_scan-scalar-cache_evicted-branch-6291456,stride16-clang18-scalar,branch,cycles,549070617,250193906,250193906
1,stride16-clang18-scalar-r9-stride16_scan-scalar-cache_evicted-branch-6291456,stride16-clang18-scalar,branch,branches,11990398,250193995,250193995
1,stride16-clang18-scalar-r9-stride16_scan-scalar-cache_evicted-branch-6291456,stride16-clang18-scalar,branch,branch_misses,1023,250190073,250190073
1,stride16-clang18-scalar-r9-stride16_scan-scalar-cache_evicted-basic-32768,stride16-clang18-scalar,basic,cycles,548730878,250032207,250032207
1,stride16-clang18-scalar-r9-stride16_scan-scalar-cache_evicted-basic-32768,stride16-clang18-scalar,basic,instructions,1518492961,250029222,250029222
1,stride16-clang18-scalar-r9-stride16_scan-scalar-cache_evicted-basic-32768,stride16-clang18-scalar,basic,ref_cycles,548731568,250025764,250025764
1,stride16-clang18-scalar-r9-stride16_scan-scalar-warm-branch-536870912,stride16-clang18-scalar,branch,cycles,604920818,275640426,275640426
1,stride16-clang18-scalar-r9-stride16_scan-scalar-warm-branch-536870912,stride16-clang18-scalar,branch,branches,7340396,275640470,275640470
1,stride16-clang18-scalar-r9-stride16_scan-scalar-warm-branch-536870912,stride16-clang18-scalar,branch,branch_misses,64,275636316,275636316
1,stride16-clang18-scalar-r9-stride16_scan-scalar-warm-branch-65536,stride16-clang18-scalar,branch,cycles,548731512,250033348,250033348
1,stride16-clang18-scalar-r9-stride16_scan-scalar-warm-branch-65536,stride16-clang18-scalar,branch,branches,33892443,250029512,250029512
1,stride16-clang18-scalar-r9-stride16_scan-scalar-warm-branch-65536,stride16-clang18-scalar,branch,branch_misses,208026,250025353,250025353
1,stride16-clang18-scalar-r9-stride16_scan-scalar-warm-branch-1048576,stride16-clang18-scalar,branch,cycles,548801150,250065861,250065861
1,stride16-clang18-scalar-r9-stride16_scan-scalar-warm-branch-1048576,stride16-clang18-scalar,branch,branches,14851909,250064842,250064842
1,stride16-clang18-scalar-r9-stride16_scan-scalar-warm-branch-1048576,stride16-clang18-scalar,branch,branch_misses,7180,250060909,250060909
1,stride16-clang18-scalar-r9-stride16_scan-scalar-warm-branch-196608,stride16-clang18-scalar,branch,cycles,548736621,250035483,250035483
1,stride16-clang18-scalar-r9-stride16_scan-scalar-warm-branch-196608,stride16-clang18-scalar,branch,branches,31615421,250031703,250031703
1,stride16-clang18-scalar-r9-stride16_scan-scalar-warm-branch-196608,stride16-clang18-scalar,branch,branch_misses,75524,250027789,250027789
1,stride16-clang18-scalar-r9-stride16_scan-scalar-warm-branch-262144,stride16-clang18-scalar,branch,cycles,548736569,250034407,250034407
1,stride16-clang18-scalar-r9-stride16_scan-scalar-warm-branch-262144,stride16-clang18-scalar,branch,branches,22147080,250031391,250031391
1,stride16-clang18-scalar-r9-stride16_scan-scalar-warm-branch-262144,stride16-clang18-scalar,branch,branch_misses,40538,250027308,250027308
1,stride16-clang18-scalar-r9-stride16_scan-scalar-warm-branch-33554432,stride16-clang18-scalar,branch,cycles,552005024,251532456,251532456
1,stride16-clang18-scalar-r9-stride16_scan-scalar-warm-branch-33554432,stride16-clang18-scalar,branch,branches,6950645,251530938,251530938
1,stride16-clang18-scalar-r9-stride16_scan-scalar-warm-branch-33554432,stride16-clang18-scalar,branch,branch_misses,141,251527231,251527231
1,stride16-clang18-scalar-r9-stride16_scan-scalar-warm-branch-8192,stride16-clang18-scalar,branch,cycles,548730223,250031593,250031593
1,stride16-clang18-scalar-r9-stride16_scan-scalar-warm-branch-8192,stride16-clang18-scalar,branch,branches,182276270,250027380,250027380
1,stride16-clang18-scalar-r9-stride16_scan-scalar-warm-branch-8192,stride16-clang18-scalar,branch,branch_misses,518,250023434,250023434
1,stride16-clang18-scalar-r9-stride16_scan-scalar-warm-basic-32768,stride16-clang18-scalar,basic,cycles,548731435,250031211,250031211
1,stride16-clang18-scalar-r9-stride16_scan-scalar-warm-basic-32768,stride16-clang18-scalar,basic,instructions,1535617047,250030961,250030961
1,stride16-clang18-scalar-r9-stride16_scan-scalar-warm-basic-32768,stride16-clang18-scalar,basic,ref_cycles,548733570,250027822,250027822
1,stride16-clang18-scalar-r9-stride16_scan-scalar-warm-basic-262144,stride16-clang18-scalar,basic,cycles,548733429,250034245,250034245
1,stride16-clang18-scalar-r9-stride16_scan-scalar-warm-basic-262144,stride16-clang18-scalar,basic,instructions,412219801,250032499,250032499
1,stride16-clang18-scalar-r9-stride16_scan-scalar-warm-basic-262144,stride16-clang18-scalar,basic,ref_cycles,548735946,250029235,250029235
1,stride16-clang18-scalar-r9-stride16_scan-scalar-cache_evicted-basic-33554432,stride16-clang18-scalar,basic,cycles,551461911,251285189,251285189
1,stride16-clang18-scalar-r9-stride16_scan-scalar-cache_evicted-basic-33554432,stride16-clang18-scalar,basic,instructions,132007889,251285613,251285613
1,stride16-clang18-scalar-r9-stride16_scan-scalar-cache_evicted-basic-33554432,stride16-clang18-scalar,basic,ref_cycles,551465508,251281910,251281910
1,stride16-clang18-scalar-r9-stride16_scan-scalar-warm-branch-24576,stride16-clang18-scalar,branch,cycles,548730226,250031574,250031574
1,stride16-clang18-scalar-r9-stride16_scan-scalar-warm-branch-24576,stride16-clang18-scalar,branch,branches,137870333,250027883,250027883
1,stride16-clang18-scalar-r9-stride16_scan-scalar-warm-branch-24576,stride16-clang18-scalar,branch,branch_misses,1661513,250024319,250024319
1,stride16-clang18-scalar-r9-stride16_scan-scalar-warm-branch-36864,stride16-clang18-scalar,branch,cycles,548730584,250030527,250030527
1,stride16-clang18-scalar-r9-stride16_scan-scalar-warm-branch-36864,stride16-clang18-scalar,branch,branches,37904735,250027936,250027936
1,stride16-clang18-scalar-r9-stride16_scan-scalar-warm-branch-36864,stride16-clang18-scalar,branch,branch_misses,354377,250024091,250024091
1,stride16-clang18-scalar-r9-stride16_scan-scalar-warm-basic-12582912,stride16-clang18-scalar,basic,cycles,549471270,250376270,250376270
1,stride16-clang18-scalar-r9-stride16_scan-scalar-warm-basic-12582912,stride16-clang18-scalar,basic,instructions,152746207,250376064,250376064
1,stride16-clang18-scalar-r9-stride16_scan-scalar-warm-basic-12582912,stride16-clang18-scalar,basic,ref_cycles,549474882,250372596,250372596
1,stride16-clang18-scalar-r9-stride16_scan-scalar-warm-basic-98304,stride16-clang18-scalar,basic,cycles,548731672,250031721,250031721
1,stride16-clang18-scalar-r9-stride16_scan-scalar-warm-basic-98304,stride16-clang18-scalar,basic,instructions,543304021,250027861,250027861
1,stride16-clang18-scalar-r9-stride16_scan-scalar-warm-basic-98304,stride16-clang18-scalar,basic,ref_cycles,548732294,250024250,250024250
1,stride16-clang18-scalar-r9-stride16_scan-scalar-warm-basic-536870912,stride16-clang18-scalar,basic,cycles,598915381,272904092,272904092
1,stride16-clang18-scalar-r9-stride16_scan-scalar-warm-basic-536870912,stride16-clang18-scalar,basic,instructions,139462361,272902322,272902322
1,stride16-clang18-scalar-r9-stride16_scan-scalar-warm-basic-536870912,stride16-clang18-scalar,basic,ref_cycles,598918672,272898794,272898794
1,stride16-clang18-scalar-r9-stride16_scan-scalar-warm-basic-134217728,stride16-clang18-scalar,basic,cycles,549288433,250293040,250293040
1,stride16-clang18-scalar-r9-stride16_scan-scalar-warm-basic-134217728,stride16-clang18-scalar,basic,instructions,129504081,250292930,250292930
1,stride16-clang18-scalar-r9-stride16_scan-scalar-warm-basic-134217728,stride16-clang18-scalar,basic,ref_cycles,549291380,250289576,250289576
1,stride16-clang18-scalar-r9-stride16_scan-scalar-warm-branch-393216,stride16-clang18-scalar,branch,cycles,548746209,250039902,250039902
1,stride16-clang18-scalar-r9-stride16_scan-scalar-warm-branch-393216,stride16-clang18-scalar,branch,branches,16623960,250036055,250036055
1,stride16-clang18-scalar-r9-stride16_scan-scalar-warm-branch-393216,stride16-clang18-scalar,branch,branch_misses,20764,250031835,250031835
1,stride16-clang18-scalar-r9-stride16_scan-scalar-warm-basic-28672,stride16-clang18-scalar,basic,cycles,548730327,250030146,250030146
1,stride16-clang18-scalar-r9-stride16_scan-scalar-warm-basic-28672,stride16-clang18-scalar,basic,instructions,1783451568,250026724,250026724
1,stride16-clang18-scalar-r9-stride16_scan-scalar-warm-basic-28672,stride16-clang18-scalar,basic,ref_cycles,548730886,250022874,250022874
1,stride16-clang18-scalar-r9-stride16_scan-scalar-warm-basic-1048576,stride16-clang18-scalar,basic,cycles,548732921,250033052,250033052
1,stride16-clang18-scalar-r9-stride16_scan-scalar-warm-basic-1048576,stride16-clang18-scalar,basic,instructions,278406504,250032856,250032856
1,stride16-clang18-scalar-r9-stride16_scan-scalar-warm-basic-1048576,stride16-clang18-scalar,basic,ref_cycles,548735176,250029889,250029889
1,stride16-clang18-scalar-r9-stride16_scan-scalar-warm-branch-4194304,stride16-clang18-scalar,branch,cycles,548806323,250072738,250072738
1,stride16-clang18-scalar-r9-stride16_scan-scalar-warm-branch-4194304,stride16-clang18-scalar,branch,branches,11485014,250072515,250072515
1,stride16-clang18-scalar-r9-stride16_scan-scalar-warm-branch-4194304,stride16-clang18-scalar,branch,branch_misses,1443,250068962,250068962
1,stride16-clang18-scalar-r9-stride16_scan-scalar-cache_evicted-branch-262144,stride16-clang18-scalar,branch,cycles,548736062,250040824,250040824
1,stride16-clang18-scalar-r9-stride16_scan-scalar-cache_evicted-branch-262144,stride16-clang18-scalar,branch,branches,19846597,250038524,250038524
1,stride16-clang18-scalar-r9-stride16_scan-scalar-cache_evicted-branch-262144,stride16-clang18-scalar,branch,branch_misses,36346,250034503,250034503
1,stride16-clang18-scalar-r9-stride16_scan-scalar-warm-basic-7340032,stride16-clang18-scalar,basic,cycles,548980907,250151884,250151884
1,stride16-clang18-scalar-r9-stride16_scan-scalar-warm-basic-7340032,stride16-clang18-scalar,basic,instructions,122921529,250151782,250151782
1,stride16-clang18-scalar-r9-stride16_scan-scalar-warm-basic-7340032,stride16-clang18-scalar,basic,ref_cycles,548985470,250148150,250148150
1,stride16-clang18-scalar-r9-stride16_scan-scalar-warm-basic-393216,stride16-clang18-scalar,basic,cycles,548755824,250045193,250045193
1,stride16-clang18-scalar-r9-stride16_scan-scalar-warm-basic-393216,stride16-clang18-scalar,basic,instructions,279097480,250043505,250043505
1,stride16-clang18-scalar-r9-stride16_scan-scalar-warm-basic-393216,stride16-clang18-scalar,basic,ref_cycles,548757616,250040043,250040043
1,stride16-clang18-scalar-r9-stride16_scan-scalar-warm-branch-229376,stride16-clang18-scalar,branch,cycles,548732506,250036135,250036135
1,stride16-clang18-scalar-r9-stride16_scan-scalar-warm-branch-229376,stride16-clang18-scalar,branch,branches,19550088,250034053,250034053
1,stride16-clang18-scalar-r9-stride16_scan-scalar-warm-branch-229376,stride16-clang18-scalar,branch,branch_misses,40550,250030216,250030216
1,stride16-clang18-scalar-r9-stride16_scan-scalar-warm-branch-2097152,stride16-clang18-scalar,branch,cycles,548856488,250094085,250094085
1,stride16-clang18-scalar-r9-stride16_scan-scalar-warm-branch-2097152,stride16-clang18-scalar,branch,branches,14644531,250092354,250092354
1,stride16-clang18-scalar-r9-stride16_scan-scalar-warm-branch-2097152,stride16-clang18-scalar,branch,branch_misses,3596,250088546,250088546
1,stride16-clang18-scalar-r9-stride16_scan-scalar-warm-basic-6291456,stride16-clang18-scalar,basic,cycles,549273613,250286804,250286804
1,stride16-clang18-scalar-r9-stride16_scan-scalar-warm-basic-6291456,stride16-clang18-scalar,basic,instructions,146025577,250286533,250286533
1,stride16-clang18-scalar-r9-stride16_scan-scalar-warm-basic-6291456,stride16-clang18-scalar,basic,ref_cycles,549276640,250282438,250282438
1,stride16-clang18-scalar-r9-stride16_scan-scalar-warm-basic-196608,stride16-clang18-scalar,basic,cycles,548736705,250036097,250036097
1,stride16-clang18-scalar-r9-stride16_scan-scalar-warm-basic-196608,stride16-clang18-scalar,basic,instructions,490676605,250035047,250035047
1,stride16-clang18-scalar-r9-stride16_scan-scalar-warm-basic-196608,stride16-clang18-scalar,basic,ref_cycles,548739400,250031795,250031795
1,stride16-clang18-scalar-r9-stride16_scan-scalar-cache_evicted-branch-1048576,stride16-clang18-scalar,branch,cycles,548788853,250064892,250064892
1,stride16-clang18-scalar-r9-stride16_scan-scalar-cache_evicted-branch-1048576,stride16-clang18-scalar,branch,branches,14828996,250062480,250062480
1,stride16-clang18-scalar-r9-stride16_scan-scalar-cache_evicted-branch-1048576,stride16-clang18-scalar,branch,branch_misses,7167,250058557,250058557
1,stride16-clang18-scalar-r9-stride16_scan-scalar-warm-branch-7340032,stride16-clang18-scalar,branch,cycles,548851298,250095206,250095206
1,stride16-clang18-scalar-r9-stride16_scan-scalar-warm-branch-7340032,stride16-clang18-scalar,branch,branches,7401187,250094031,250094031
1,stride16-clang18-scalar-r9-stride16_scan-scalar-warm-branch-7340032,stride16-clang18-scalar,branch,branch_misses,567,250089533,250089533
1,stride16-clang18-scalar-r9-stride16_scan-scalar-warm-basic-8388608,stride16-clang18-scalar,basic,cycles,548782486,250062558,250062558
1,stride16-clang18-scalar-r9-stride16_scan-scalar-warm-basic-8388608,stride16-clang18-scalar,basic,instructions,118979825,250062139,250062139
1,stride16-clang18-scalar-r9-stride16_scan-scalar-warm-basic-8388608,stride16-clang18-scalar,basic,ref_cycles,548786150,250058773,250058773
1,stride16-clang18-scalar-r9-stride16_scan-scalar-warm-basic-5242880,stride16-clang18-scalar,basic,cycles,549432529,250357904,250357904
1,stride16-clang18-scalar-r9-stride16_scan-scalar-warm-basic-5242880,stride16-clang18-scalar,basic,instructions,143515113,250356497,250356497
1,stride16-clang18-scalar-r9-stride16_scan-scalar-warm-basic-5242880,stride16-clang18-scalar,basic,ref_cycles,549436096,250352688,250352688
1,stride16-clang18-scalar-r9-stride16_scan-scalar-warm-branch-16384,stride16-clang18-scalar,branch,cycles,548730895,250034126,250034126
1,stride16-clang18-scalar-r9-stride16_scan-scalar-warm-branch-16384,stride16-clang18-scalar,branch,branches,149322991,250032792,250032792
1,stride16-clang18-scalar-r9-stride16_scan-scalar-warm-branch-16384,stride16-clang18-scalar,branch,branch_misses,972,250029501,250029501
1,stride16-clang18-scalar-r9-stride16_scan-scalar-cache_evicted-basic-1048576,stride16-clang18-scalar,basic,cycles,548798114,250066842,250066842
1,stride16-clang18-scalar-r9-stride16_scan-scalar-cache_evicted-basic-1048576,stride16-clang18-scalar,basic,instructions,278211145,250065224,250065224
1,stride16-clang18-scalar-r9-stride16_scan-scalar-cache_evicted-basic-1048576,stride16-clang18-scalar,basic,ref_cycles,548800846,250061557,250061557
1,stride16-clang18-scalar-r9-stride16_scan-scalar-cache_evicted-branch-536870912,stride16-clang18-scalar,branch,cycles,600201358,273489875,273489875
1,stride16-clang18-scalar-r9-stride16_scan-scalar-cache_evicted-branch-536870912,stride16-clang18-scalar,branch,branches,7340396,273489550,273489550
1,stride16-clang18-scalar-r9-stride16_scan-scalar-cache_evicted-branch-536870912,stride16-clang18-scalar,branch,branch_misses,54,273486138,273486138
1,stride16-clang18-scalar-r9-stride16_scan-scalar-cache_evicted-basic-6291456,stride16-clang18-scalar,basic,cycles,549004654,250164003,250164003
1,stride16-clang18-scalar-r9-stride16_scan-scalar-cache_evicted-basic-6291456,stride16-clang18-scalar,basic,instructions,198360937,250164555,250164555
1,stride16-clang18-scalar-r9-stride16_scan-scalar-cache_evicted-basic-6291456,stride16-clang18-scalar,basic,ref_cycles,549008548,250161432,250161432
1,stride16-clang18-scalar-r9-stride16_scan-scalar-cache_evicted-branch-32768,stride16-clang18-scalar,branch,cycles,548731008,250034874,250034874
1,stride16-clang18-scalar-r9-stride16_scan-scalar-cache_evicted-branch-32768,stride16-clang18-scalar,branch,branches,104390180,250034089,250034089
1,stride16-clang18-scalar-r9-stride16_scan-scalar-cache_evicted-branch-32768,stride16-clang18-scalar,branch,branch_misses,1054812,250030504,250030504
1,stride16-clang18-scalar-r9-stride16_scan-scalar-warm-basic-131072,stride16-clang18-scalar,basic,cycles,548732425,250035617,250035617
1,stride16-clang18-scalar-r9-stride16_scan-scalar-warm-basic-131072,stride16-clang18-scalar,basic,instructions,549820280,250034549,250034549
1,stride16-clang18-scalar-r9-stride16_scan-scalar-warm-basic-131072,stride16-clang18-scalar,basic,ref_cycles,548735440,250031449,250031449
1,stride16-clang18-scalar-r9-stride16_scan-scalar-warm-basic-294912,stride16-clang18-scalar,basic,cycles,548749900,250043355,250043355
1,stride16-clang18-scalar-r9-stride16_scan-scalar-warm-basic-294912,stride16-clang18-scalar,basic,instructions,318881751,250041149,250041149
1,stride16-clang18-scalar-r9-stride16_scan-scalar-warm-basic-294912,stride16-clang18-scalar,basic,ref_cycles,548752028,250037965,250037965
1,stride16-clang18-scalar-r9-stride16_scan-scalar-warm-branch-98304,stride16-clang18-scalar,branch,cycles,548733304,250036071,250036071
1,stride16-clang18-scalar-r9-stride16_scan-scalar-warm-branch-98304,stride16-clang18-scalar,branch,branches,32008181,250035396,250035396
1,stride16-clang18-scalar-r9-stride16_scan-scalar-warm-branch-98304,stride16-clang18-scalar,branch,branch_misses,141106,250031801,250031801
1,stride16-clang18-scalar-r9-stride16_scan-scalar-warm-basic-524288,stride16-clang18-scalar,basic,cycles,548757383,250046160,250046160
1,stride16-clang18-scalar-r9-stride16_scan-scalar-warm-basic-524288,stride16-clang18-scalar,basic,instructions,278975409,250044274,250044274
1,stride16-clang18-scalar-r9-stride16_scan-scalar-warm-basic-524288,stride16-clang18-scalar,basic,ref_cycles,548759266,250040980,250040980
1,stride16-clang18-scalar-r9-stride16_scan-scalar-warm-branch-6291456,stride16-clang18-scalar,branch,cycles,549077559,250195827,250195827
1,stride16-clang18-scalar-r9-stride16_scan-scalar-warm-branch-6291456,stride16-clang18-scalar,branch,branches,12039694,250196065,250196065
1,stride16-clang18-scalar-r9-stride16_scan-scalar-warm-branch-6291456,stride16-clang18-scalar,branch,branch_misses,1030,250192492,250192492
1,stride16-clang18-scalar-r9-stride16_scan-scalar-warm-branch-5242880,stride16-clang18-scalar,branch,cycles,548897132,250113620,250113620
1,stride16-clang18-scalar-r9-stride16_scan-scalar-warm-branch-5242880,stride16-clang18-scalar,branch,branches,12730847,250113591,250113591
1,stride16-clang18-scalar-r9-stride16_scan-scalar-warm-branch-5242880,stride16-clang18-scalar,branch,branch_misses,1287,250110199,250110199
1,stride16-clang18-scalar-r9-stride16_scan-scalar-warm-basic-65536,stride16-clang18-scalar,basic,cycles,548731673,250033382,250033382
1,stride16-clang18-scalar-r9-stride16_scan-scalar-warm-basic-65536,stride16-clang18-scalar,basic,instructions,541193517,250031709,250031709
1,stride16-clang18-scalar-r9-stride16_scan-scalar-warm-basic-65536,stride16-clang18-scalar,basic,ref_cycles,548734450,250028597,250028597
1,stride16-clang18-scalar-r9-stride16_scan-scalar-warm-basic-33554432,stride16-clang18-scalar,basic,cycles,552598459,251801284,251801284
1,stride16-clang18-scalar-r9-stride16_scan-scalar-warm-basic-33554432,stride16-clang18-scalar,basic,instructions,129517185,251800818,251800818
1,stride16-clang18-scalar-r9-stride16_scan-scalar-warm-basic-33554432,stride16-clang18-scalar,basic,ref_cycles,552601720,251797342,251797342
1,stride16-clang18-scalar-r9-stride16_scan-scalar-warm-branch-8388608,stride16-clang18-scalar,branch,cycles,549239764,250272171,250272171
1,stride16-clang18-scalar-r9-stride16_scan-scalar-warm-branch-8388608,stride16-clang18-scalar,branch,branches,9555980,250271841,250271841
1,stride16-clang18-scalar-r9-stride16_scan-scalar-warm-branch-8388608,stride16-clang18-scalar,branch,branch_misses,637,250268040,250268040
1,stride16-clang18-scalar-r9-stride16_scan-scalar-warm-branch-294912,stride16-clang18-scalar,branch,cycles,548746705,250041200,250041200
1,stride16-clang18-scalar-r9-stride16_scan-scalar-warm-branch-294912,stride16-clang18-scalar,branch,branches,19041964,250039716,250039716
1,stride16-clang18-scalar-r9-stride16_scan-scalar-warm-branch-294912,stride16-clang18-scalar,branch,branch_misses,31232,250036262,250036262
1,stride16-clang18-scalar-r9-stride16_scan-scalar-cache_evicted-branch-33554432,stride16-clang18-scalar,branch,cycles,552766231,251880110,251880110
1,stride16-clang18-scalar-r9-stride16_scan-scalar-cache_evicted-branch-33554432,stride16-clang18-scalar,branch,branches,6819503,251879445,251879445
1,stride16-clang18-scalar-r9-stride16_scan-scalar-cache_evicted-branch-33554432,stride16-clang18-scalar,branch,branch_misses,144,251875551,251875551
1,stride16-clang18-scalar-r9-stride16_scan-scalar-warm-basic-2097152,stride16-clang18-scalar,basic,cycles,548759198,250046543,250046543
1,stride16-clang18-scalar-r9-stride16_scan-scalar-warm-basic-2097152,stride16-clang18-scalar,basic,instructions,278432113,250044615,250044615
1,stride16-clang18-scalar-r9-stride16_scan-scalar-warm-basic-2097152,stride16-clang18-scalar,basic,ref_cycles,548761554,250040994,250040994
1,stride16-clang18-scalar-r10-stride16_scan-scalar-warm-basic-524288,stride16-clang18-scalar,basic,cycles,548757118,250045098,250045098
1,stride16-clang18-scalar-r10-stride16_scan-scalar-warm-basic-524288,stride16-clang18-scalar,basic,instructions,279014671,250043037,250043037
1,stride16-clang18-scalar-r10-stride16_scan-scalar-warm-basic-524288,stride16-clang18-scalar,basic,ref_cycles,548759112,250039689,250039689
1,stride16-clang18-scalar-r10-stride16_scan-scalar-warm-branch-36864,stride16-clang18-scalar,branch,cycles,548731517,250033877,250033877
1,stride16-clang18-scalar-r10-stride16_scan-scalar-warm-branch-36864,stride16-clang18-scalar,branch,branches,37991154,250032275,250032275
1,stride16-clang18-scalar-r10-stride16_scan-scalar-warm-branch-36864,stride16-clang18-scalar,branch,branch_misses,355185,250029088,250029088
1,stride16-clang18-scalar-r10-stride16_scan-scalar-warm-basic-12582912,stride16-clang18-scalar,basic,cycles,550004080,250619769,250619769
1,stride16-clang18-scalar-r10-stride16_scan-scalar-warm-basic-12582912,stride16-clang18-scalar,basic,instructions,151811977,250619775,250619775
1,stride16-clang18-scalar-r10-stride16_scan-scalar-warm-basic-12582912,stride16-clang18-scalar,basic,ref_cycles,550007634,250616580,250616580
1,stride16-clang18-scalar-r10-stride16_scan-scalar-warm-branch-8192,stride16-clang18-scalar,branch,cycles,548730748,250033560,250033560
1,stride16-clang18-scalar-r10-stride16_scan-scalar-warm-branch-8192,stride16-clang18-scalar,branch,branches,182268442,250031981,250031981
1,stride16-clang18-scalar-r10-stride16_scan-scalar-warm-branch-8192,stride16-clang18-scalar,branch,branch_misses,587,250028089,250028089
1,stride16-clang18-scalar-r10-stride16_scan-scalar-cache_evicted-basic-1048576,stride16-clang18-scalar,basic,cycles,548805059,250066757,250066757
1,stride16-clang18-scalar-r10-stride16_scan-scalar-cache_evicted-basic-1048576,stride16-clang18-scalar,basic,instructions,278640991,250064467,250064467
1,stride16-clang18-scalar-r10-stride16_scan-scalar-cache_evicted-basic-1048576,stride16-clang18-scalar,basic,ref_cycles,548807006,250061224,250061224
1,stride16-clang18-scalar-r10-stride16_scan-scalar-cache_evicted-basic-8388608,stride16-clang18-scalar,basic,cycles,549701092,250480817,250480817
1,stride16-clang18-scalar-r10-stride16_scan-scalar-cache_evicted-basic-8388608,stride16-clang18-scalar,basic,instructions,166633817,250480104,250480104
1,stride16-clang18-scalar-r10-stride16_scan-scalar-cache_evicted-basic-8388608,stride16-clang18-scalar,basic,ref_cycles,549704342,250476677,250476677
1,stride16-clang18-scalar-r10-stride16_scan-scalar-warm-branch-65536,stride16-clang18-scalar,branch,cycles,548731302,250033999,250033999
1,stride16-clang18-scalar-r10-stride16_scan-scalar-warm-branch-65536,stride16-clang18-scalar,branch,branches,34208925,250032889,250032889
1,stride16-clang18-scalar-r10-stride16_scan-scalar-warm-branch-65536,stride16-clang18-scalar,branch,branch_misses,209976,250029257,250029257
1,stride16-clang18-scalar-r10-stride16_scan-scalar-warm-basic-33554432,stride16-clang18-scalar,basic,cycles,553598243,252257897,252257897
1,stride16-clang18-scalar-r10-stride16_scan-scalar-warm-basic-33554432,stride16-clang18-scalar,basic,instructions,129517185,252257518,252257518
1,stride16-clang18-scalar-r10-stride16_scan-scalar-warm-basic-33554432,stride16-clang18-scalar,basic,ref_cycles,553602346,252253998,252253998
1,stride16-clang18-scalar-r10-stride16_scan-scalar-warm-branch-8388608,stride16-clang18-scalar,branch,cycles,548617850,250108629,250108629
1,stride16-clang18-scalar-r10-stride16_scan-scalar-warm-branch-8388608,stride16-clang18-scalar,branch,branches,9424639,250112514,250112514
1,stride16-clang18-scalar-r10-stride16_scan-scalar-warm-branch-8388608,stride16-clang18-scalar,branch,branch_misses,689,250108797,250108797
1,stride16-clang18-scalar-r10-stride16_scan-scalar-cache_evicted-branch-6291456,stride16-clang18-scalar,branch,cycles,548966724,250149381,250149381
1,stride16-clang18-scalar-r10-stride16_scan-scalar-cache_evicted-branch-6291456,stride16-clang18-scalar,branch,branches,11780907,250147881,250147881
1,stride16-clang18-scalar-r10-stride16_scan-scalar-cache_evicted-branch-6291456,stride16-clang18-scalar,branch,branch_misses,1001,250144449,250144449
1,stride16-clang18-scalar-r10-stride16_scan-scalar-warm-basic-196608,stride16-clang18-scalar,basic,cycles,548732808,250033668,250033668
1,stride16-clang18-scalar-r10-stride16_scan-scalar-warm-basic-196608,stride16-clang18-scalar,basic,instructions,483938331,250031869,250031869
1,stride16-clang18-scalar-r10-stride16_scan-scalar-warm-basic-196608,stride16-clang18-scalar,basic,ref_cycles,548734538,250028422,250028422
1,stride16-clang18-scalar-r10-stride16_scan-scalar-warm-branch-24576,stride16-clang18-scalar,branch,cycles,548730858,250032895,250032895
1,stride16-clang18-scalar-r10-stride16_scan-scalar-warm-branch-24576,stride16-clang18-scalar,branch,branches,137852028,250031024,250031024
1,stride16-clang18-scalar-r10-stride16_scan-scalar-warm-branch-24576,stride16-clang18-scalar,branch,branch_misses,1661297,250027326,250027326
1,stride16-clang18-scalar-r10-stride16_scan-scalar-warm-branch-49152,stride16-clang18-scalar,branch,cycles,548731379,250034209,250034209
1,stride16-clang18-scalar-r10-stride16_scan-scalar-warm-branch-49152,stride16-clang18-scalar,branch,branches,36328830,250032807,250032807
1,stride16-clang18-scalar-r10-stride16_scan-scalar-warm-branch-49152,stride16-clang18-scalar,branch,branch_misses,277430,250029207,250029207
1,stride16-clang18-scalar-r10-stride16_scan-scalar-cache_evicted-branch-32768,stride16-clang18-scalar,branch,cycles,548731146,250034789,250034789
1,stride16-clang18-scalar-r10-stride16_scan-scalar-cache_evicted-branch-32768,stride16-clang18-scalar,branch,branches,114497280,250032684,250032684
1,stride16-clang18-scalar-r10-stride16_scan-scalar-cache_evicted-branch-32768,stride16-clang18-scalar,branch,branch_misses,1156934,250029371,250029371
1,stride16-clang18-scalar-r10-stride16_scan-scalar-cache_evicted-basic-262144,stride16-clang18-scalar,basic,cycles,548733706,250036475,250036475
1,stride16-clang18-scalar-r10-stride16_scan-scalar-cache_evicted-basic-262144,stride16-clang18-scalar,basic,instructions,382848156,250034456,250034456
1,stride16-clang18-scalar-r10-stride16_scan-scalar-cache_evicted-basic-262144,stride16-clang18-scalar,basic,ref_cycles,548735946,250030748,250030748
1,stride16-clang18-scalar-r10-stride16_scan-scalar-warm-basic-2097152,stride16-clang18-scalar,basic,cycles,548869512,250097166,250097166
1,stride16-clang18-scalar-r10-stride16_scan-scalar-warm-basic-2097152,stride16-clang18-scalar,basic,instructions,278432024,250094715,250094715
1,stride16-clang18-scalar-r10-stride16_scan-scalar-warm-basic-2097152,stride16-clang18-scalar,basic,ref_cycles,548871312,250091255,250091255
1,stride16-clang18-scalar-r10-stride16_scan-scalar-warm-basic-32768,stride16-clang18-scalar,basic,cycles,548730863,250031745,250031745
1,stride16-clang18-scalar-r10-stride16_scan-scalar-warm-basic-32768,stride16-clang18-scalar,basic,instructions,1601533891,250029551,250029551
1,stride16-clang18-scalar-r10-stride16_scan-scalar-warm-basic-32768,stride16-clang18-scalar,basic,ref_cycles,548732844,250026028,250026028
1,stride16-clang18-scalar-r10-stride16_scan-scalar-warm-branch-196608,stride16-clang18-scalar,branch,cycles,548735542,250035295,250035295
1,stride16-clang18-scalar-r10-stride16_scan-scalar-warm-branch-196608,stride16-clang18-scalar,branch,branches,27326108,250032919,250032919
1,stride16-clang18-scalar-r10-stride16_scan-scalar-warm-branch-196608,stride16-clang18-scalar,branch,branch_misses,65285,250029372,250029372
1,stride16-clang18-scalar-r10-stride16_scan-scalar-warm-branch-536870912,stride16-clang18-scalar,branch,cycles,596773497,271928914,271928914
1,stride16-clang18-scalar-r10-stride16_scan-scalar-warm-branch-536870912,stride16-clang18-scalar,branch,branches,7340396,271929481,271929481
1,stride16-clang18-scalar-r10-stride16_scan-scalar-warm-branch-536870912,stride16-clang18-scalar,branch,branch_misses,55,271925538,271925538
1,stride16-clang18-scalar-r10-stride16_scan-scalar-warm-basic-8388608,stride16-clang18-scalar,basic,cycles,548996121,250160189,250160189
1,stride16-clang18-scalar-r10-stride16_scan-scalar-warm-basic-8388608,stride16-clang18-scalar,basic,instructions,172240181,250159962,250159962
1,stride16-clang18-scalar-r10-stride16_scan-scalar-warm-basic-8388608,stride16-clang18-scalar,basic,ref_cycles,548999572,250156102,250156102
1,stride16-clang18-scalar-r10-stride16_scan-scalar-cache_evicted-branch-8388608,stride16-clang18-scalar,branch,cycles,549286217,250294157,250294157
1,stride16-clang18-scalar-r10-stride16_scan-scalar-cache_evicted-branch-8388608,stride16-clang18-scalar,branch,branches,10048547,250294214,250294214
1,stride16-clang18-scalar-r10-stride16_scan-scalar-cache_evicted-branch-8388608,stride16-clang18-scalar,branch,branch_misses,653,250290804,250290804
1,stride16-clang18-scalar-r10-stride16_scan-scalar-warm-branch-2097152,stride16-clang18-scalar,branch,cycles,548883790,250104533,250104533
1,stride16-clang18-scalar-r10-stride16_scan-scalar-warm-branch-2097152,stride16-clang18-scalar,branch,branches,14743658,250102683,250102683
1,stride16-clang18-scalar-r10-stride16_scan-scalar-warm-branch-2097152,stride16-clang18-scalar,branch,branch_misses,3614,250098675,250098675
1,stride16-clang18-scalar-r10-stride16_scan-scalar-warm-basic-36864,stride16-clang18-scalar,basic,cycles,548731650,250032822,250032822
1,stride16-clang18-scalar-r10-stride16_scan-scalar-warm-basic-36864,stride16-clang18-scalar,basic,instructions,544219979,250031229,250031229
1,stride16-clang18-scalar-r10-stride16_scan-scalar-warm-basic-36864,stride16-clang18-scalar,basic,ref_cycles,548733988,250027920,250027920
1,stride16-clang18-scalar-r10-stride16_scan-scalar-cache_evicted-branch-536870912,stride16-clang18-scalar,branch,cycles,596773853,271928734,271928734
1,stride16-clang18-scalar-r10-stride16_scan-scalar-cache_evicted-branch-536870912,stride16-clang18-scalar,branch,branches,7340396,271927403,271927403
1,stride16-clang18-scalar-r10-stride16_scan-scalar-cache_evicted-branch-536870912,stride16-clang18-scalar,branch,branch_misses,57,271923563,271923563
1,stride16-clang18-scalar-r10-stride16_scan-scalar-warm-branch-4194304,stride16-clang18-scalar,branch,cycles,548977436,250149732,250149732
1,stride16-clang18-scalar-r10-stride16_scan-scalar-warm-branch-4194304,stride16-clang18-scalar,branch,branches,14191694,250149907,250149907
1,stride16-clang18-scalar-r10-stride16_scan-scalar-warm-branch-4194304,stride16-clang18-scalar,branch,branch_misses,1769,250146470,250146470
1,stride16-clang18-scalar-r10-stride16_scan-scalar-warm-branch-12582912,stride16-clang18-scalar,branch,cycles,550369482,250787379,250787379
1,stride16-clang18-scalar-r10-stride16_scan-scalar-warm-branch-12582912,stride16-clang18-scalar,branch,branches,7580307,250786391,250786391
1,stride16-clang18-scalar-r10-stride16_scan-scalar-warm-branch-12582912,stride16-clang18-scalar,branch,branch_misses,355,250782471,250782471
1,stride16-clang18-scalar-r10-stride16_scan-scalar-warm-basic-16384,stride16-clang18-scalar,basic,cycles,548730864,250032118,250032118
1,stride16-clang18-scalar-r10-stride16_scan-scalar-warm-basic-16384,stride16-clang18-scalar,basic,instructions,1814668442,250029699,250029699
1,stride16-clang18-scalar-r10-stride16_scan-scalar-warm-basic-16384,stride16-clang18-scalar,basic,ref_cycles,548732602,250026631,250026631
1,stride16-clang18-scalar-r10-stride16_scan-scalar-warm-branch-5242880,stride16-clang18-scalar,branch,cycles,549041482,250179394,250179394
1,stride16-clang18-scalar-r10-stride16_scan-scalar-warm-branch-5242880,stride16-clang18-scalar,branch,branches,11836923,250178473,250178473
1,stride16-clang18-scalar-r10-stride16_scan-scalar-warm-branch-5242880,stride16-clang18-scalar,branch,branch_misses,1205,250174754,250174754
1,stride16-clang18-scalar-r10-stride16_scan-scalar-warm-basic-1048576,stride16-clang18-scalar,basic,cycles,548755864,250044178,250044178
1,stride16-clang18-scalar-r10-stride16_scan-scalar-warm-basic-1048576,stride16-clang18-scalar,basic,instructions,278640991,250042312,250042312
1,stride16-clang18-scalar-r10-stride16_scan-scalar-warm-basic-1048576,stride16-clang18-scalar,basic,ref_cycles,548757792,250038973,250038973
1,stride16-clang18-scalar-r10-stride16_scan-scalar-warm-basic-65536,stride16-clang18-scalar,basic,cycles,548730758,250031583,250031583
1,stride16-clang18-scalar-r10-stride16_scan-scalar-warm-basic-65536,stride16-clang18-scalar,basic,instructions,558080661,250028576,250028576
1,stride16-clang18-scalar-r10-stride16_scan-scalar-warm-basic-65536,stride16-clang18-scalar,basic,ref_cycles,548731766,250024700,250024700
1,stride16-clang18-scalar-r10-stride16_scan-scalar-warm-basic-134217728,stride16-clang18-scalar,basic,cycles,552522542,251767310,251767310
1,stride16-clang18-scalar-r10-stride16_scan-scalar-warm-basic-134217728,stride16-clang18-scalar,basic,instructions,129504081,251766992,251766992
1,stride16-clang18-scalar-r10-stride16_scan-scalar-warm-basic-134217728,stride16-clang18-scalar,basic,ref_cycles,552526348,251763506,251763506
1,stride16-clang18-scalar-r10-stride16_scan-scalar-warm-basic-229376,stride16-clang18-scalar,basic,cycles,548736456,250035431,250035431
1,stride16-clang18-scalar-r10-stride16_scan-scalar-warm-basic-229376,stride16-clang18-scalar,basic,instructions,434192947,250032586,250032586
1,stride16-clang18-scalar-r10-stride16_scan-scalar-warm-basic-229376,stride16-clang18-scalar,basic,ref_cycles,548737992,250029447,250029447
1,stride16-clang18-scalar-r10-stride16_scan-scalar-warm-branch-524288,stride16-clang18-scalar,branch,cycles,548759287,250046975,250046975
1,stride16-clang18-scalar-r10-stride16_scan-scalar-warm-branch-524288,stride16-clang18-scalar,branch,branches,15055934,250045313,250045313
1,stride16-clang18-scalar-r10-stride16_scan-scalar-warm-branch-524288,stride16-clang18-scalar,branch,branch_misses,14272,250042071,250042071
1,stride16-clang18-scalar-r10-stride16_scan-scalar-warm-basic-393216,stride16-clang18-scalar,basic,cycles,548758076,250045251,250045251
1,stride16-clang18-scalar-r10-stride16_scan-scalar-warm-basic-393216,stride16-clang18-scalar,basic,instructions,279274537,250042949,250042949
1,stride16-clang18-scalar-r10-stride16_scan-scalar-warm-basic-393216,stride16-clang18-scalar,basic,ref_cycles,548759860,250039740,250039740
1,stride16-clang18-scalar-r10-stride16_scan-scalar-warm-branch-28672,stride16-clang18-scalar,branch,cycles,548730779,250032543,250032543
1,stride16-clang18-scalar-r10-stride16_scan-scalar-warm-branch-28672,stride16-clang18-scalar,branch,branches,128507805,250031039,250031039
1,stride16-clang18-scalar-r10-stride16_scan-scalar-warm-branch-28672,stride16-clang18-scalar,branch,branch_misses,1412499,250027601,250027601
1,stride16-clang18-scalar-r10-stride16_scan-scalar-warm-branch-7340032,stride16-clang18-scalar,branch,cycles,549416806,250352296,250352296
1,stride16-clang18-scalar-r10-stride16_scan-scalar-warm-branch-7340032,stride16-clang18-scalar,branch,branches,11123273,250352342,250352342
1,stride16-clang18-scalar-r10-stride16_scan-scalar-warm-branch-7340032,stride16-clang18-scalar,branch,branch_misses,821,250348200,250348200
1,stride16-clang18-scalar-r10-stride16_scan-scalar-warm-basic-8192,stride16-clang18-scalar,basic,cycles,548730971,250032673,250032673
1,stride16-clang18-scalar-r10-stride16_scan-scalar-warm-basic-8192,stride16-clang18-scalar,basic,instructions,1686498279,250030869,250030869
1,stride16-clang18-scalar-r10-stride16_scan-scalar-warm-basic-8192,stride16-clang18-scalar,basic,ref_cycles,548732778,250027761,250027761
1,stride16-clang18-scalar-r10-stride16_scan-scalar-warm-basic-131072,stride16-clang18-scalar,basic,cycles,548734554,250034216,250034216
1,stride16-clang18-scalar-r10-stride16_scan-scalar-warm-basic-131072,stride16-clang18-scalar,basic,instructions,543567490,250031596,250031596
1,stride16-clang18-scalar-r10-stride16_scan-scalar-warm-basic-131072,stride16-clang18-scalar,basic,ref_cycles,548736122,250028288,250028288
1,stride16-clang18-scalar-r10-stride16_scan-scalar-cache_evicted-basic-536870912,stride16-clang18-scalar,basic,cycles,604437256,275418982,275418982
1,stride16-clang18-scalar-r10-stride16_scan-scalar-cache_evicted-basic-536870912,stride16-clang18-scalar,basic,instructions,139462361,275418096,275418096
1,stride16-clang18-scalar-r10-stride16_scan-scalar-cache_evicted-basic-536870912,stride16-clang18-scalar,basic,ref_cycles,604440078,275415035,275415035
1,stride16-clang18-scalar-r10-stride16_scan-scalar-warm-basic-4194304,stride16-clang18-scalar,basic,cycles,548749303,250044820,250044820
1,stride16-clang18-scalar-r10-stride16_scan-scalar-warm-basic-4194304,stride16-clang18-scalar,basic,instructions,268159955,250044168,250044168
1,stride16-clang18-scalar-r10-stride16_scan-scalar-warm-basic-4194304,stride16-clang18-scalar,basic,ref_cycles,548752534,250040495,250040495
1,stride16-clang18-scalar-r10-stride16_scan-scalar-warm-branch-1048576,stride16-clang18-scalar,branch,cycles,548794876,250063585,250063585
1,stride16-clang18-scalar-r10-stride16_scan-scalar-warm-branch-1048576,stride16-clang18-scalar,branch,branches,14851918,250061320,250061320
1,stride16-clang18-scalar-r10-stride16_scan-scalar-warm-branch-1048576,stride16-clang18-scalar,branch,branch_misses,7190,250057689,250057689
1,stride16-clang18-scalar-r10-stride16_scan-scalar-warm-basic-49152,stride16-clang18-scalar,basic,cycles,548731141,250031920,250031920
1,stride16-clang18-scalar-r10-stride16_scan-scalar-warm-basic-49152,stride16-clang18-scalar,basic,instructions,541380922,250029102,250029102
1,stride16-clang18-scalar-r10-stride16_scan-scalar-warm-basic-49152,stride16-clang18-scalar,basic,ref_cycles,548732448,250025633,250025633
1,stride16-clang18-scalar-r10-stride16_scan-scalar-warm-branch-131072,stride16-clang18-scalar,branch,cycles,548732890,250033526,250033526
1,stride16-clang18-scalar-r10-stride16_scan-scalar-warm-branch-131072,stride16-clang18-scalar,branch,branches,32019817,250030919,250030919
1,stride16-clang18-scalar-r10-stride16_scan-scalar-warm-branch-131072,stride16-clang18-scalar,branch,branch_misses,110109,250027405,250027405
1,stride16-clang18-scalar-r10-stride16_scan-scalar-warm-branch-98304,stride16-clang18-scalar,branch,cycles,548734333,250034822,250034822
1,stride16-clang18-scalar-r10-stride16_scan-scalar-warm-branch-98304,stride16-clang18-scalar,branch,branches,31790277,250032529,250032529
1,stride16-clang18-scalar-r10-stride16_scan-scalar-warm-branch-98304,stride16-clang18-scalar,branch,branch_misses,140134,250028659,250028659
1,stride16-clang18-scalar-r10-stride16_scan-scalar-cache_evicted-branch-262144,stride16-clang18-scalar,branch,cycles,548736285,250036290,250036290
1,stride16-clang18-scalar-r10-stride16_scan-scalar-cache_evicted-branch-262144,stride16-clang18-scalar,branch,branches,20856723,250033367,250033367
1,stride16-clang18-scalar-r10-stride16_scan-scalar-cache_evicted-branch-262144,stride16-clang18-scalar,branch,branch_misses,38185,250029132,250029132
1,stride16-clang18-scalar-r10-stride16_scan-scalar-warm-branch-33554432,stride16-clang18-scalar,branch,cycles,549595941,250435529,250435529
1,stride16-clang18-scalar-r10-stride16_scan-scalar-warm-branch-33554432,stride16-clang18-scalar,branch,branches,6885074,250435223,250435223
1,stride16-clang18-scalar-r10-stride16_scan-scalar-warm-branch-33554432,stride16-clang18-scalar,branch,branch_misses,139,250431370,250431370
1,stride16-clang18-scalar-r10-stride16_scan-scalar-cache_evicted-branch-33554432,stride16-clang18-scalar,branch,cycles,550222186,250719347,250719347
1,stride16-clang18-scalar-r10-stride16_scan-scalar-cache_evicted-branch-33554432,stride16-clang18-scalar,branch,branches,6753933,250719117,250719117
1,stride16-clang18-scalar-r10-stride16_scan-scalar-cache_evicted-branch-33554432,stride16-clang18-scalar,branch,branch_misses,147,250715643,250715643
1,stride16-clang18-scalar-r10-stride16_scan-scalar-warm-basic-7340032,stride16-clang18-scalar,basic,cycles,549270411,250284903,250284903
1,stride16-clang18-scalar-r10-stride16_scan-scalar-warm-basic-7340032,stride16-clang18-scalar,basic,instructions,198418433,250283559,250283559
1,stride16-clang18-scalar-r10-stride16_scan-scalar-warm-basic-7340032,stride16-clang18-scalar,basic,ref_cycles,549274374,250280058,250280058
1,stride16-clang18-scalar-r10-stride16_scan-scalar-cache_evicted-basic-33554432,stride16-clang18-scalar,basic,cycles,553157262,252056799,252056799
1,stride16-clang18-scalar-r10-stride16_scan-scalar-cache_evicted-basic-33554432,stride16-clang18-scalar,basic,instructions,132007889,252057006,252057006
1,stride16-clang18-scalar-r10-stride16_scan-scalar-cache_evicted-basic-33554432,stride16-clang18-scalar,basic,ref_cycles,553160630,252053429,252053429
1,stride16-clang18-scalar-r10-stride16_scan-scalar-warm-basic-536870912,stride16-clang18-scalar,basic,cycles,596061763,271602997,271602997
1,stride16-clang18-scalar-r10-stride16_scan-scalar-warm-basic-536870912,stride16-clang18-scalar,basic,instructions,139462361,271603283,271603283
1,stride16-clang18-scalar-r10-stride16_scan-scalar-warm-basic-536870912,stride16-clang18-scalar,basic,ref_cycles,596065404,271600172,271600172
1,stride16-clang18-scalar-r10-stride16_scan-scalar-cache_evicted-basic-6291456,stride16-clang18-scalar,basic,cycles,548967899,250146046,250146046
1,stride16-clang18-scalar-r10-stride16_scan-scalar-cache_evicted-basic-6291456,stride16-clang18-scalar,basic,instructions,233406937,250147040,250147040
1,stride16-clang18-scalar-r10-stride16_scan-scalar-cache_evicted-basic-6291456,stride16-clang18-scalar,basic,ref_cycles,548971544,250143918,250143918
1,stride16-clang18-scalar-r10-stride16_scan-scalar-warm-branch-294912,stride16-clang18-scalar,branch,cycles,548733235,250034333,250034333
1,stride16-clang18-scalar-r10-stride16_scan-scalar-warm-branch-294912,stride16-clang18-scalar,branch,branches,17850620,250031930,250031930
1,stride16-clang18-scalar-r10-stride16_scan-scalar-warm-branch-294912,stride16-clang18-scalar,branch,branch_misses,29281,250027901,250027901
1,stride16-clang18-scalar-r10-stride16_scan-scalar-warm-branch-134217728,stride16-clang18-scalar,branch,cycles,553808641,252355603,252355603
1,stride16-clang18-scalar-r10-stride16_scan-scalar-warm-branch-134217728,stride16-clang18-scalar,branch,branches,6816773,252353550,252353550
1,stride16-clang18-scalar-r10-stride16_scan-scalar-warm-branch-134217728,stride16-clang18-scalar,branch,branch_misses,65,252349551,252349551
1,stride16-clang18-scalar-r10-stride16_scan-scalar-warm-basic-6291456,stride16-clang18-scalar,basic,cycles,549118896,250215171,250215171
1,stride16-clang18-scalar-r10-stride16_scan-scalar-warm-basic-6291456,stride16-clang18-scalar,basic,instructions,241117057,250216020,250216020
1,stride16-clang18-scalar-r10-stride16_scan-scalar-warm-basic-6291456,stride16-clang18-scalar,basic,ref_cycles,549122706,250212836,250212836
1,stride16-clang18-scalar-r10-stride16_scan-scalar-warm-basic-294912,stride16-clang18-scalar,basic,cycles,548738373,250035489,250035489
1,stride16-clang18-scalar-r10-stride16_scan-scalar-warm-basic-294912,stride16-clang18-scalar,basic,instructions,331394492,250033670,250033670
1,stride16-clang18-scalar-r10-stride16_scan-scalar-warm-basic-294912,stride16-clang18-scalar,basic,ref_cycles,548740324,250030294,250030294
1,stride16-clang18-scalar-r10-stride16_scan-scalar-warm-basic-98304,stride16-clang18-scalar,basic,cycles,548732787,250033445,250033445
1,stride16-clang18-scalar-r10-stride16_scan-scalar-warm-basic-98304,stride16-clang18-scalar,basic,instructions,537438676,250031966,250031966
1,stride16-clang18-scalar-r10-stride16_scan-scalar-warm-basic-98304,stride16-clang18-scalar,basic,ref_cycles,548735308,250028915,250028915
1,stride16-clang18-scalar-r10-stride16_scan-scalar-warm-basic-262144,stride16-clang18-scalar,basic,cycles,548731495,250032399,250032399
1,stride16-clang18-scalar-r10-stride16_scan-scalar-warm-basic-262144,stride16-clang18-scalar,basic,instructions,356682195,250030958,250030958
1,stride16-clang18-scalar-r10-stride16_scan-scalar-warm-basic-262144,stride16-clang18-scalar,basic,ref_cycles,548733746,250027850,250027850
1,stride16-clang18-scalar-r10-stride16_scan-scalar-warm-basic-5242880,stride16-clang18-scalar,basic,cycles,548840124,250085950,250085950
1,stride16-clang18-scalar-r10-stride16_scan-scalar-warm-basic-5242880,stride16-clang18-scalar,basic,instructions,273593438,250085797,250085797
1,stride16-clang18-scalar-r10-stride16_scan-scalar-warm-basic-5242880,stride16-clang18-scalar,basic,ref_cycles,548843658,250082658,250082658
1,stride16-clang18-scalar-r10-stride16_scan-scalar-cache_evicted-basic-32768,stride16-clang18-scalar,basic,cycles,548731370,250032976,250032976
1,stride16-clang18-scalar-r10-stride16_scan-scalar-cache_evicted-basic-32768,stride16-clang18-scalar,basic,instructions,1550339264,250031449,250031449
1,stride16-clang18-scalar-r10-stride16_scan-scalar-cache_evicted-basic-32768,stride16-clang18-scalar,basic,ref_cycles,548733152,250027878,250027878
1,stride16-clang18-scalar-r10-stride16_scan-scalar-warm-branch-229376,stride16-clang18-scalar,branch,cycles,548739488,250037222,250037222
1,stride16-clang18-scalar-r10-stride16_scan-scalar-warm-branch-229376,stride16-clang18-scalar,branch,branches,26647739,250035156,250035156
1,stride16-clang18-scalar-r10-stride16_scan-scalar-warm-branch-229376,stride16-clang18-scalar,branch,branch_misses,55232,250031691,250031691
1,stride16-clang18-scalar-r10-stride16_scan-scalar-warm-branch-6291456,stride16-clang18-scalar,branch,cycles,549125117,250219411,250219411
1,stride16-clang18-scalar-r10-stride16_scan-scalar-warm-branch-6291456,stride16-clang18-scalar,branch,branches,11226384,250218481,250218481
1,stride16-clang18-scalar-r10-stride16_scan-scalar-warm-branch-6291456,stride16-clang18-scalar,branch,branch_misses,961,250214454,250214454
1,stride16-clang18-scalar-r10-stride16_scan-scalar-warm-branch-16384,stride16-clang18-scalar,branch,cycles,548730839,250033200,250033200
1,stride16-clang18-scalar-r10-stride16_scan-scalar-warm-branch-16384,stride16-clang18-scalar,branch,branches,157709114,250031766,250031766
1,stride16-clang18-scalar-r10-stride16_scan-scalar-warm-branch-16384,stride16-clang18-scalar,branch,branch_misses,601,250028344,250028344
1,stride16-clang18-scalar-r10-stride16_scan-scalar-warm-branch-32768,stride16-clang18-scalar,branch,cycles,548730808,250033056,250033056
1,stride16-clang18-scalar-r10-stride16_scan-scalar-warm-branch-32768,stride16-clang18-scalar,branch,branches,111821383,250031048,250031048
1,stride16-clang18-scalar-r10-stride16_scan-scalar-warm-branch-32768,stride16-clang18-scalar,branch,branch_misses,1129807,250027133,250027133
1,stride16-clang18-scalar-r10-stride16_scan-scalar-warm-basic-28672,stride16-clang18-scalar,basic,cycles,548731240,250032532,250032532
1,stride16-clang18-scalar-r10-stride16_scan-scalar-warm-basic-28672,stride16-clang18-scalar,basic,instructions,1781743989,250030799,250030799
1,stride16-clang18-scalar-r10-stride16_scan-scalar-warm-basic-28672,stride16-clang18-scalar,basic,ref_cycles,548733504,250027523,250027523
1,stride16-clang18-scalar-r10-stride16_scan-scalar-warm-branch-262144,stride16-clang18-scalar,branch,cycles,548741434,250038369,250038369
1,stride16-clang18-scalar-r10-stride16_scan-scalar-warm-branch-262144,stride16-clang18-scalar,branch,branches,21514751,250036072,250036072
1,stride16-clang18-scalar-r10-stride16_scan-scalar-warm-branch-262144,stride16-clang18-scalar,branch,branch_misses,39387,250032525,250032525
1,stride16-clang18-scalar-r10-stride16_scan-scalar-cache_evicted-branch-1048576,stride16-clang18-scalar,branch,cycles,548776854,250056703,250056703
1,stride16-clang18-scalar-r10-stride16_scan-scalar-cache_evicted-branch-1048576,stride16-clang18-scalar,branch,branches,14851912,250054733,250054733
1,stride16-clang18-scalar-r10-stride16_scan-scalar-cache_evicted-branch-1048576,stride16-clang18-scalar,branch,branch_misses,7176,250050785,250050785
1,stride16-clang18-scalar-r10-stride16_scan-scalar-warm-basic-24576,stride16-clang18-scalar,basic,cycles,548730797,250032058,250032058
1,stride16-clang18-scalar-r10-stride16_scan-scalar-warm-basic-24576,stride16-clang18-scalar,basic,instructions,1801649082,250029090,250029090
1,stride16-clang18-scalar-r10-stride16_scan-scalar-warm-basic-24576,stride16-clang18-scalar,basic,ref_cycles,548732338,250026171,250026171
1,stride16-clang18-scalar-r10-stride16_scan-scalar-warm-branch-393216,stride16-clang18-scalar,branch,cycles,548748501,250040741,250040741
1,stride16-clang18-scalar-r10-stride16_scan-scalar-warm-branch-393216,stride16-clang18-scalar,branch,branches,16286584,250037774,250037774
1,stride16-clang18-scalar-r10-stride16_scan-scalar-warm-branch-393216,stride16-clang18-scalar,branch,branch_misses,20336,250033868,250033868
1,stride16-clang18-scalar-r11-stride16_scan-scalar-warm-branch-7340032,stride16-clang18-scalar,branch,cycles,549178795,250243408,250243408
1,stride16-clang18-scalar-r11-stride16_scan-scalar-warm-branch-7340032,stride16-clang18-scalar,branch,branches,10605917,250243687,250243687
1,stride16-clang18-scalar-r11-stride16_scan-scalar-warm-branch-7340032,stride16-clang18-scalar,branch,branch_misses,787,250240052,250240052
1,stride16-clang18-scalar-r11-stride16_scan-scalar-cache_evicted-branch-32768,stride16-clang18-scalar,branch,cycles,548731596,250038476,250038476
1,stride16-clang18-scalar-r11-stride16_scan-scalar-cache_evicted-branch-32768,stride16-clang18-scalar,branch,branches,110541073,250035397,250035397
1,stride16-clang18-scalar-r11-stride16_scan-scalar-cache_evicted-branch-32768,stride16-clang18-scalar,branch,branch_misses,1116920,250031377,250031377
1,stride16-clang18-scalar-r11-stride16_scan-scalar-warm-basic-196608,stride16-clang18-scalar,basic,cycles,548735004,250034100,250034100
1,stride16-clang18-scalar-r11-stride16_scan-scalar-warm-basic-196608,stride16-clang18-scalar,basic,instructions,580169931,250031523,250031523
1,stride16-clang18-scalar-r11-stride16_scan-scalar-warm-basic-196608,stride16-clang18-scalar,basic,ref_cycles,548736694,250028207,250028207
1,stride16-clang18-scalar-r11-stride16_scan-scalar-warm-branch-33554432,stride16-clang18-scalar,branch,cycles,553809035,252353930,252353930
1,stride16-clang18-scalar-r11-stride16_scan-scalar-warm-branch-33554432,stride16-clang18-scalar,branch,branches,6950645,252353188,252353188
1,stride16-clang18-scalar-r11-stride16_scan-scalar-warm-branch-33554432,stride16-clang18-scalar,branch,branch_misses,139,252349059,252349059
1,stride16-clang18-scalar-r11-stride16_scan-scalar-warm-basic-6291456,stride16-clang18-scalar,basic,cycles,549051000,250183040,250183040
1,stride16-clang18-scalar-r11-stride16_scan-scalar-warm-basic-6291456,stride16-clang18-scalar,basic,instructions,249995377,250183337,250183337
1,stride16-clang18-scalar-r11-stride16_scan-scalar-warm-basic-6291456,stride16-clang18-scalar,basic,ref_cycles,549054176,250179984,250179984
1,stride16-clang18-scalar-r11-stride16_scan-scalar-warm-basic-32768,stride16-clang18-scalar,basic,cycles,548730604,250032314,250032314
1,stride16-clang18-scalar-r11-stride16_scan-scalar-warm-basic-32768,stride16-clang18-scalar,basic,instructions,1569676028,250029273,250029273
1,stride16-clang18-scalar-r11-stride16_scan-scalar-warm-basic-32768,stride16-clang18-scalar,basic,ref_cycles,548731920,250025902,250025902
1,stride16-clang18-scalar-r11-stride16_scan-scalar-cache_evicted-basic-6291456,stride16-clang18-scalar,basic,cycles,549082652,250198906,250198906
1,stride16-clang18-scalar-r11-stride16_scan-scalar-cache_evicted-basic-6291456,stride16-clang18-scalar,basic,instructions,239247937,250199463,250199463
1,stride16-clang18-scalar-r11-stride16_scan-scalar-cache_evicted-basic-6291456,stride16-clang18-scalar,basic,ref_cycles,549086098,250196008,250196008
1,stride16-clang18-scalar-r11-stride16_scan-scalar-warm-branch-8388608,stride16-clang18-scalar,branch,cycles,548741468,250046053,250046053
1,stride16-clang18-scalar-r11-stride16_scan-scalar-warm-branch-8388608,stride16-clang18-scalar,branch,branches,10163480,250046479,250046479
1,stride16-clang18-scalar-r11-stride16_scan-scalar-warm-branch-8388608,stride16-clang18-scalar,branch,branch_misses,662,250042395,250042395
1,stride16-clang18-scalar-r11-stride16_scan-scalar-warm-branch-131072,stride16-clang18-scalar,branch,cycles,548731459,250033635,250033635
1,stride16-clang18-scalar-r11-stride16_scan-scalar-warm-branch-131072,stride16-clang18-scalar,branch,branches,31699689,250032012,250032012
1,stride16-clang18-scalar-r11-stride16_scan-scalar-warm-branch-131072,stride16-clang18-scalar,branch,branch_misses,109011,250028450,250028450
1,stride16-clang18-scalar-r11-stride16_scan-scalar-cache_evicted-branch-536870912,stride16-clang18-scalar,branch,cycles,597343231,272187762,272187762
1,stride16-clang18-scalar-r11-stride16_scan-scalar-cache_evicted-branch-536870912,stride16-clang18-scalar,branch,branches,7340396,272187886,272187886
1,stride16-clang18-scalar-r11-stride16_scan-scalar-cache_evicted-branch-536870912,stride16-clang18-scalar,branch,branch_misses,53,272184509,272184509
1,stride16-clang18-scalar-r11-stride16_scan-scalar-warm-branch-524288,stride16-clang18-scalar,branch,cycles,548734922,250035774,250035774
1,stride16-clang18-scalar-r11-stride16_scan-scalar-warm-branch-524288,stride16-clang18-scalar,branch,branches,15063400,250033378,250033378
1,stride16-clang18-scalar-r11-stride16_scan-scalar-warm-branch-524288,stride16-clang18-scalar,branch,branch_misses,14284,250029747,250029747
1,stride16-clang18-scalar-r11-stride16_scan-scalar-warm-basic-134217728,stride16-clang18-scalar,basic,cycles,568395905,258998862,258998862
1,stride16-clang18-scalar-r11-stride16_scan-scalar-warm-basic-134217728,stride16-clang18-scalar,basic,instructions,134484985,258997858,258997858
1,stride16-clang18-scalar-r11-stride16_scan-scalar-warm-basic-134217728,stride16-clang18-scalar,basic,ref_cycles,568399216,258994535,258994535
1,stride16-clang18-scalar-r11-stride16_scan-scalar-warm-basic-393216,stride16-clang18-scalar,basic,cycles,548708537,250032612,250032612
1,stride16-clang18-scalar-r11-stride16_scan-scalar-warm-basic-393216,stride16-clang18-scalar,basic,instructions,279245075,250030579,250030579
1,stride16-clang18-scalar-r11-stride16_scan-scalar-warm-basic-393216,stride16-clang18-scalar,basic,ref_cycles,548710734,250027127,250027127
1,stride16-clang18-scalar-r11-stride16_scan-scalar-warm-branch-536870912,stride16-clang18-scalar,branch,cycles,597379583,272204496,272204496
1,stride16-clang18-scalar-r11-stride16_scan-scalar-warm-branch-536870912,stride16-clang18-scalar,branch,branches,7340396,272204196,272204196
1,stride16-clang18-scalar-r11-stride16_scan-scalar-warm-branch-536870912,stride16-clang18-scalar,branch,branch_misses,56,272199914,272199914
1,stride16-clang18-scalar-r11-stride16_scan-scalar-warm-basic-36864,stride16-clang18-scalar,basic,cycles,548730815,250032297,250032297
1,stride16-clang18-scalar-r11-stride16_scan-scalar-warm-basic-36864,stride16-clang18-scalar,basic,instructions,545916252,250029923,250029923
1,stride16-clang18-scalar-r11-stride16_scan-scalar-warm-basic-36864,stride16-clang18-scalar,basic,ref_cycles,548732404,250026317,250026317
1,stride16-clang18-scalar-r11-stride16_scan-scalar-cache_evicted-basic-1048576,stride16-clang18-scalar,basic,cycles,548747989,250041351,250041351
1,stride16-clang18-scalar-r11-stride16_scan-scalar-cache_evicted-basic-1048576,stride16-clang18-scalar,basic,instructions,278523744,250040462,250040462
1,stride16-clang18-scalar-r11-stride16_scan-scalar-cache_evicted-basic-1048576,stride16-clang18-scalar,basic,ref_cycles,548750422,250037805,250037805
1,stride16-clang18-scalar-r11-stride16_scan-scalar-warm-basic-131072,stride16-clang18-scalar,basic,cycles,548733248,250033201,250033201
1,stride16-clang18-scalar-r11-stride16_scan-scalar-warm-basic-131072,stride16-clang18-scalar,basic,instructions,541720793,250031058,250031058
1,stride16-clang18-scalar-r11-stride16_scan-scalar-warm-basic-131072,stride16-clang18-scalar,basic,ref_cycles,548735308,250027908,250027908
1,stride16-clang18-scalar-r11-stride16_scan-scalar-warm-branch-16384,stride16-clang18-scalar,branch,cycles,548730440,250032150,250032150
1,stride16-clang18-scalar-r11-stride16_scan-scalar-warm-branch-16384,stride16-clang18-scalar,branch,branches,157751850,250028829,250028829
1,stride16-clang18-scalar-r11-stride16_scan-scalar-warm-branch-16384,stride16-clang18-scalar,branch,branch_misses,521,250024915,250024915
1,stride16-clang18-scalar-r11-stride16_scan-scalar-warm-branch-134217728,stride16-clang18-scalar,branch,cycles,553557223,252240264,252240264
1,stride16-clang18-scalar-r11-stride16_scan-scalar-warm-branch-134217728,stride16-clang18-scalar,branch,branches,6816773,252239671,252239671
1,stride16-clang18-scalar-r11-stride16_scan-scalar-warm-branch-134217728,stride16-clang18-scalar,branch,branch_misses,55,252235613,252235613
1,stride16-clang18-scalar-r11-stride16_scan-scalar-warm-basic-33554432,stride16-clang18-scalar,basic,cycles,552715465,251855013,251855013
1,stride16-clang18-scalar-r11-stride16_scan-scalar-warm-basic-33554432,stride16-clang18-scalar,basic,instructions,129517185,251854748,251854748
1,stride16-clang18-scalar-r11-stride16_scan-scalar-warm-basic-33554432,stride16-clang18-scalar,basic,ref_cycles,552718958,251850892,251850892
1,stride16-clang18-scalar-r11-stride16_scan-scalar-warm-branch-6291456,stride16-clang18-scalar,branch,cycles,549204617,250254058,250254058
1,stride16-clang18-scalar-r11-stride16_scan-scalar-warm-branch-6291456,stride16-clang18-scalar,branch,branches,12581902,250254008,250254008
1,stride16-clang18-scalar-r11-stride16_scan-scalar-warm-branch-6291456,stride16-clang18-scalar,branch,branch_misses,1070,250250481,250250481
1,stride16-clang18-scalar-r11-stride16_scan-scalar-warm-basic-262144,stride16-clang18-scalar,basic,cycles,548736359,250035539,250035539
1,stride16-clang18-scalar-r11-stride16_scan-scalar-warm-basic-262144,stride16-clang18-scalar,basic,instructions,397830523,250033699,250033699
1,stride16-clang18-scalar-r11-stride16_scan-scalar-warm-basic-262144,stride16-clang18-scalar,basic,ref_cycles,548738344,250030645,250030645
1,stride16-clang18-scalar-r11-stride16_scan-scalar-cache_evicted-basic-33554432,stride16-clang18-scalar,basic,cycles,553152143,252052678,252052678
1,stride16-clang18-scalar-r11-stride16_scan-scalar-cache_evicted-basic-33554432,stride16-clang18-scalar,basic,instructions,132007889,252053286,252053286
1,stride16-clang18-scalar-r11-stride16_scan-scalar-cache_evicted-basic-33554432,stride16-clang18-scalar,basic,ref_cycles,553155834,252050234,252050234
1,stride16-clang18-scalar-r11-stride16_scan-scalar-cache_evicted-branch-262144,stride16-clang18-scalar,branch,cycles,548739691,250039624,250039624
1,stride16-clang18-scalar-r11-stride16_scan-scalar-cache_evicted-branch-262144,stride16-clang18-scalar,branch,branches,22081458,250037834,250037834
1,stride16-clang18-scalar-r11-stride16_scan-scalar-cache_evicted-branch-262144,stride16-clang18-scalar,branch,branch_misses,40439,250034486,250034486
1,stride16-clang18-scalar-r11-stride16_scan-scalar-warm-branch-262144,stride16-clang18-scalar,branch,cycles,548734902,250035128,250035128
1,stride16-clang18-scalar-r11-stride16_scan-scalar-warm-branch-262144,stride16-clang18-scalar,branch,branches,21740801,250032441,250032441
1,stride16-clang18-scalar-r11-stride16_scan-scalar-warm-branch-262144,stride16-clang18-scalar,branch,branch_misses,39816,250028699,250028699
1,stride16-clang18-scalar-r11-stride16_scan-scalar-warm-branch-8192,stride16-clang18-scalar,branch,cycles,548730837,250034744,250034744
1,stride16-clang18-scalar-r11-stride16_scan-scalar-warm-branch-8192,stride16-clang18-scalar,branch,branches,182230104,250032787,250032787
1,stride16-clang18-scalar-r11-stride16_scan-scalar-warm-branch-8192,stride16-clang18-scalar,branch,branch_misses,603,250029320,250029320
1,stride16-clang18-scalar-r11-stride16_scan-scalar-cache_evicted-branch-6291456,stride16-clang18-scalar,branch,cycles,548810106,250075391,250075391
1,stride16-clang18-scalar-r11-stride16_scan-scalar-cache_evicted-branch-6291456,stride16-clang18-scalar,branch,branches,12113628,250075931,250075931
1,stride16-clang18-scalar-r11-stride16_scan-scalar-cache_evicted-branch-6291456,stride16-clang18-scalar,branch,branch_misses,1033,250072277,250072277
1,stride16-clang18-scalar-r11-stride16_scan-scalar-warm-basic-294912,stride16-clang18-scalar,basic,cycles,548738278,250036270,250036270
1,stride16-clang18-scalar-r11-stride16_scan-scalar-warm-basic-294912,stride16-clang18-scalar,basic,instructions,312614508,250034847,250034847
1,stride16-clang18-scalar-r11-stride16_scan-scalar-warm-basic-294912,stride16-clang18-scalar,basic,ref_cycles,548740676,250031825,250031825
1,stride16-clang18-scalar-r11-stride16_scan-scalar-warm-basic-12582912,stride16-clang18-scalar,basic,cycles,549297660,250298115,250298115
1,stride16-clang18-scalar-r11-stride16_scan-scalar-warm-basic-12582912,stride16-clang18-scalar,basic,instructions,150410647,250297106,250297106
1,stride16-clang18-scalar-r11-stride16_scan-scalar-warm-basic-12582912,stride16-clang18-scalar,basic,ref_cycles,549301236,250293226,250293226
1,stride16-clang18-scalar-r11-stride16_scan-scalar-cache_evicted-basic-536870912,stride16-clang18-scalar,basic,cycles,595911189,271533711,271533711
1,stride16-clang18-scalar-r11-stride16_scan-scalar-cache_evicted-basic-536870912,stride16-clang18-scalar,basic,instructions,139462361,271534475,271534475
1,stride16-clang18-scalar-r11-stride16_scan-scalar-cache_evicted-basic-536870912,stride16-clang18-scalar,basic,ref_cycles,595914792,271531186,271531186
1,stride16-clang18-scalar-r11-stride16_scan-scalar-warm-basic-1048576,stride16-clang18-scalar,basic,cycles,548769786,250051624,250051624
1,stride16-clang18-scalar-r11-stride16_scan-scalar-warm-basic-1048576,stride16-clang18-scalar,basic,instructions,278640984,250048356,250048356
1,stride16-clang18-scalar-r11-stride16_scan-scalar-warm-basic-1048576,stride16-clang18-scalar,basic,ref_cycles,548770992,250044239,250044239
1,stride16-clang18-scalar-r11-stride16_scan-scalar-warm-branch-393216,stride16-clang18-scalar,branch,cycles,548748629,250042073,250042073
1,stride16-clang18-scalar-r11-stride16_scan-scalar-warm-branch-393216,stride16-clang18-scalar,branch,branches,15204930,250039155,250039155
1,stride16-clang18-scalar-r11-stride16_scan-scalar-warm-branch-393216,stride16-clang18-scalar,branch,branch_misses,18983,250035263,250035263
1,stride16-clang18-scalar-r11-stride16_scan-scalar-cache_evicted-branch-8388608,stride16-clang18-scalar,branch,cycles,549645302,250457418,250457418
1,stride16-clang18-scalar-r11-stride16_scan-scalar-cache_evicted-branch-8388608,stride16-clang18-scalar,branch,branches,9424625,250457332,250457332
1,stride16-clang18-scalar-r11-stride16_scan-scalar-cache_evicted-branch-8388608,stride16-clang18-scalar,branch,branch_misses,622,250453939,250453939
1,stride16-clang18-scalar-r11-stride16_scan-scalar-warm-basic-8388608,stride16-clang18-scalar,basic,cycles,548941163,250135103,250135103
1,stride16-clang18-scalar-r11-stride16_scan-scalar-warm-basic-8388608,stride16-clang18-scalar,basic,instructions,182829957,250134580,250134580
1,stride16-clang18-scalar-r11-stride16_scan-scalar-warm-basic-8388608,stride16-clang18-scalar,basic,ref_cycles,548944726,250131263,250131263
1,stride16-clang18-scalar-r11-stride16_scan-scalar-warm-branch-4194304,stride16-clang18-scalar,branch,cycles,548797131,250067021,250067021
1,stride16-clang18-scalar-r11-stride16_scan-scalar-warm-branch-4194304,stride16-clang18-scalar,branch,branches,14644179,250066309,250066309
1,stride16-clang18-scalar-r11-stride16_scan-scalar-warm-branch-4194304,stride16-clang18-scalar,branch,branch_misses,1824,250062448,250062448
1,stride16-clang18-scalar-r11-stride16_scan-scalar-cache_evicted-basic-32768,stride16-clang18-scalar,basic,cycles,548730646,250033033,250033033
1,stride16-clang18-scalar-r11-stride16_scan-scalar-cache_evicted-basic-32768,stride16-clang18-scalar,basic,instructions,1522033174,250031137,250031137
1,stride16-clang18-scalar-r11-stride16_scan-scalar-cache_evicted-basic-32768,stride16-clang18-scalar,basic,ref_cycles,548732118,250027623,250027623
1,stride16-clang18-scalar-r11-stride16_scan-scalar-warm-branch-1048576,stride16-clang18-scalar,branch,cycles,548805672,250068978,250068978
1,stride16-clang18-scalar-r11-stride16_scan-scalar-warm-branch-1048576,stride16-clang18-scalar,branch,branches,14851929,250066669,250066669
1,stride16-clang18-scalar-r11-stride16_scan-scalar-warm-branch-1048576,stride16-clang18-scalar,branch,branch_misses,7181,250062921,250062921
1,stride16-clang18-scalar-r11-stride16_scan-scalar-warm-basic-5242880,stride16-clang18-scalar,basic,cycles,548829257,250080893,250080893
1,stride16-clang18-scalar-r11-stride16_scan-scalar-warm-basic-5242880,stride16-clang18-scalar,basic,instructions,271256681,250081077,250081077
1,stride16-clang18-scalar-r11-stride16_scan-scalar-warm-basic-5242880,stride16-clang18-scalar,basic,ref_cycles,548832724,250077782,250077782
1,stride16-clang18-scalar-r11-stride16_scan-scalar-warm-basic-8192,stride16-clang18-scalar,basic,cycles,548730719,250032679,250032679
1,stride16-clang18-scalar-r11-stride16_scan-scalar-warm-basic-8192,stride16-clang18-scalar,basic,instructions,1686853482,250029701,250029701
1,stride16-clang18-scalar-r11-stride16_scan-scalar-warm-basic-8192,stride16-clang18-scalar,basic,ref_cycles,548732360,250026152,250026152
1,stride16-clang18-scalar-r11-stride16_scan-scalar-warm-branch-65536,stride16-clang18-scalar,branch,cycles,548730793,250032780,250032780
1,stride16-clang18-scalar-r11-stride16_scan-scalar-warm-branch-65536,stride16-clang18-scalar,branch,branches,33914871,250030699,250030699
1,stride16-clang18-scalar-r11-stride16_scan-scalar-warm-branch-65536,stride16-clang18-scalar,branch,branch_misses,208163,250027255,250027255
1,stride16-clang18-scalar-r11-stride16_scan-scalar-warm-branch-24576,stride16-clang18-scalar,branch,cycles,548730661,250031927,250031927
1,stride16-clang18-scalar-r11-stride16_scan-scalar-warm-branch-24576,stride16-clang18-scalar,branch,branches,137871145,250028814,250028814
1,stride16-clang18-scalar-r11-stride16_scan-scalar-warm-branch-24576,stride16-clang18-scalar,branch,branch_misses,1661500,250024964,250024964
1,stride16-clang18-scalar-r11-stride16_scan-scalar-cache_evicted-basic-8388608,stride16-clang18-scalar,basic,cycles,549177949,250242399,250242399
1,stride16-clang18-scalar-r11-stride16_scan-scalar-cache_evicted-basic-8388608,stride16-clang18-scalar,basic,instructions,171617241,250242051,250242051
1,stride16-clang18-scalar-r11-stride16_scan-scalar-cache_evicted-basic-8388608,stride16-clang18-scalar,basic,ref_cycles,549181028,250238747,250238747
1,stride16-clang18-scalar-r11-stride16_scan-scalar-warm-basic-28672,stride16-clang18-scalar,basic,cycles,548731185,250032553,250032553
1,stride16-clang18-scalar-r11-stride16_scan-scalar-warm-basic-28672,stride16-clang18-scalar,basic,instructions,1761762340,250031365,250031365
1,stride16-clang18-scalar-r11-stride16_scan-scalar-warm-basic-28672,stride16-clang18-scalar,basic,ref_cycles,548733306,250028221,250028221
1,stride16-clang18-scalar-r11-stride16_scan-scalar-warm-branch-12582912,stride16-clang18-scalar,branch,cycles,548943260,250135729,250135729
1,stride16-clang18-scalar-r11-stride16_scan-scalar-warm-branch-12582912,stride16-clang18-scalar,branch,branches,7949472,250136477,250136477
1,stride16-clang18-scalar-r11-stride16_scan-scalar-warm-branch-12582912,stride16-clang18-scalar,branch,branch_misses,370,250132995,250132995
1,stride16-clang18-scalar-r11-stride16_scan-scalar-warm-basic-2097152,stride16-clang18-scalar,basic,cycles,548861770,250093107,250093107
1,stride16-clang18-scalar-r11-stride16_scan-scalar-warm-basic-2097152,stride16-clang18-scalar,basic,instructions,278354126,250091198,250091198
1,stride16-clang18-scalar-r11-stride16_scan-scalar-warm-basic-2097152,stride16-clang18-scalar,basic,ref_cycles,548863986,250088268,250088268
1,stride16-clang18-scalar-r11-stride16_scan-scalar-warm-branch-294912,stride16-clang18-scalar,branch,cycles,548733323,250034697,250034697
1,stride16-clang18-scalar-r11-stride16_scan-scalar-warm-branch-294912,stride16-clang18-scalar,branch,branches,18440759,250032143,250032143
1,stride16-clang18-scalar-r11-stride16_scan-scalar-warm-branch-294912,stride16-clang18-scalar,branch,branch_misses,30248,250028345,250028345
1,stride16-clang18-scalar-r11-stride16_scan-scalar-warm-basic-49152,stride16-clang18-scalar,basic,cycles,548732023,250031855,250031855
1,stride16-clang18-scalar-r11-stride16_scan-scalar-warm-basic-49152,stride16-clang18-scalar,basic,instructions,546751342,250029772,250029772
1,stride16-clang18-scalar-r11-stride16_scan-scalar-warm-basic-49152,stride16-clang18-scalar,basic,ref_cycles,548733878,250026200,250026200
1,stride16-clang18-scalar-r11-stride16_scan-scalar-warm-branch-229376,stride16-clang18-scalar,branch,cycles,548734059,250035632,250035632
1,stride16-clang18-scalar-r11-stride16_scan-scalar-warm-branch-229376,stride16-clang18-scalar,branch,branches,24456889,250033454,250033454
1,stride16-clang18-scalar-r11-stride16_scan-scalar-warm-branch-229376,stride16-clang18-scalar,branch,branch_misses,50708,250029823,250029823
1,stride16-clang18-scalar-r11-stride16_scan-scalar-warm-basic-229376,stride16-clang18-scalar,basic,cycles,548733747,250033249,250033249
1,stride16-clang18-scalar-r11-stride16_scan-scalar-warm-basic-229376,stride16-clang18-scalar,basic,instructions,430564123,250030563,250030563
1,stride16-clang18-scalar-r11-stride16_scan-scalar-warm-basic-229376,stride16-clang18-scalar,basic,ref_cycles,548734868,250027085,250027085
1,stride16-clang18-scalar-r11-stride16_scan-scalar-warm-basic-4194304,stride16-clang18-scalar,basic,cycles,549041733,250178483,250178483
1,stride16-clang18-scalar-r11-stride16_scan-scalar-warm-basic-4194304,stride16-clang18-scalar,basic,instructions,277041425,250177811,250177811
1,stride16-clang18-scalar-r11-stride16_scan-scalar-warm-basic-4194304,stride16-clang18-scalar,basic,ref_cycles,549044936,250174363,250174363
1,stride16-clang18-scalar-r11-stride16_scan-scalar-cache_evicted-basic-262144,stride16-clang18-scalar,basic,cycles,548737533,250038499,250038499
1,stride16-clang18-scalar-r11-stride16_scan-scalar-cache_evicted-basic-262144,stride16-clang18-scalar,basic,instructions,394603660,250036154,250036154
1,stride16-clang18-scalar-r11-stride16_scan-scalar-cache_evicted-basic-262144,stride16-clang18-scalar,basic,ref_cycles,548740324,250032433,250032433
1,stride16-clang18-scalar-r11-stride16_scan-scalar-warm-branch-98304,stride16-clang18-scalar,branch,cycles,548731385,250033045,250033045
1,stride16-clang18-scalar-r11-stride16_scan-scalar-warm-branch-98304,stride16-clang18-scalar,branch,branches,32034207,250030809,250030809
1,stride16-clang18-scalar-r11-stride16_scan-scalar-warm-branch-98304,stride16-clang18-scalar,branch,branch_misses,141189,250027225,250027225
1,stride16-clang18-scalar-r11-stride16_scan-scalar-warm-branch-32768,stride16-clang18-scalar,branch,cycles,548731073,250033293,250033293
1,stride16-clang18-scalar-r11-stride16_scan-scalar-warm-branch-32768,stride16-clang18-scalar,branch,branches,110632092,250031548,250031548
1,stride16-clang18-scalar-r11-stride16_scan-scalar-warm-branch-32768,stride16-clang18-scalar,branch,branch_misses,1117775,250028417,250028417
1,stride16-clang18-scalar-r11-stride16_scan-scalar-warm-branch-36864,stride16-clang18-scalar,branch,cycles,548731464,250033188,250033188
1,stride16-clang18-scalar-r11-stride16_scan-scalar-warm-branch-36864,stride16-clang18-scalar,branch,branches,38530282,250030977,250030977
1,stride16-clang18-scalar-r11-stride16_scan-scalar-warm-branch-36864,stride16-clang18-scalar,branch,branch_misses,360232,250027416,250027416
1,stride16-clang18-scalar-r11-stride16_scan-scalar-warm-basic-16384,stride16-clang18-scalar,basic,cycles,548730391,250031001,250031001
1,stride16-clang18-scalar-r11-stride16_scan-scalar-warm-basic-16384,stride16-clang18-scalar,basic,instructions,1827770355,250028476,250028476
1,stride16-clang18-scalar-r11-stride16_scan-scalar-warm-basic-16384,stride16-clang18-scalar,basic,ref_cycles,548731524,250024906,250024906
1,stride16-clang18-scalar-r11-stride16_scan-scalar-warm-basic-65536,stride16-clang18-scalar,basic,cycles,548732319,250031810,250031810
1,stride16-clang18-scalar-r11-stride16_scan-scalar-warm-basic-65536,stride16-clang18-scalar,basic,instructions,540785298,250028850,250028850
1,stride16-clang18-scalar-r11-stride16_scan-scalar-warm-basic-65536,stride16-clang18-scalar,basic,ref_cycles,548734076,250025597,250025597
1,stride16-clang18-scalar-r11-stride16_scan-scalar-warm-basic-7340032,stride16-clang18-scalar,basic,cycles,549148386,250228416,250228416
1,stride16-clang18-scalar-r11-stride16_scan-scalar-warm-basic-7340032,stride16-clang18-scalar,basic,instructions,211228389,250229439,250229439
1,stride16-clang18-scalar-r11-stride16_scan-scalar-warm-basic-7340032,stride16-clang18-scalar,basic,ref_cycles,549151922,250226544,250226544
1,stride16-clang18-scalar-r11-stride16_scan-scalar-warm-basic-24576,stride16-clang18-scalar,basic,cycles,548730672,250033360,250033360
1,stride16-clang18-scalar-r11-stride16_scan-scalar-warm-basic-24576,stride16-clang18-scalar,basic,instructions,1800872824,250030856,250030856
1,stride16-clang18-scalar-r11-stride16_scan-scalar-warm-basic-24576,stride16-clang18-scalar,basic,ref_cycles,548733042,250027121,250027121
1,stride16-clang18-scalar-r11-stride16_scan-scalar-warm-branch-5242880,stride16-clang18-scalar,branch,cycles,548867240,250100947,250100947
1,stride16-clang18-scalar-r11-stride16_scan-scalar-warm-branch-5242880,stride16-clang18-scalar,branch,branches,12987719,250100973,250100973
1,stride16-clang18-scalar-r11-stride16_scan-scalar-warm-branch-5242880,stride16-clang18-scalar,branch,branch_misses,1316,250097180,250097180
1,stride16-clang18-scalar-r11-stride16_scan-scalar-warm-branch-49152,stride16-clang18-scalar,branch,cycles,548731586,250034561,250034561
1,stride16-clang18-scalar-r11-stride16_scan-scalar-warm-branch-49152,stride16-clang18-scalar,branch,branches,35549360,250032557,250032557
1,stride16-clang18-scalar-r11-stride16_scan-scalar-warm-branch-49152,stride16-clang18-scalar,branch,branch_misses,271502,250029216,250029216
1,stride16-clang18-scalar-r11-stride16_scan-scalar-warm-branch-28672,stride16-clang18-scalar,branch,cycles,548730652,250031332,250031332
1,stride16-clang18-scalar-r11-stride16_scan-scalar-warm-branch-28672,stride16-clang18-scalar,branch,branches,131832399,250028040,250028040
1,stride16-clang18-scalar-r11-stride16_scan-scalar-warm-branch-28672,stride16-clang18-scalar,branch,branch_misses,1449033,250024211,250024211
1,stride16-clang18-scalar-r11-stride16_scan-scalar-warm-basic-98304,stride16-clang18-scalar,basic,cycles,548734676,250033920,250033920
1,stride16-clang18-scalar-r11-stride16_scan-scalar-warm-basic-98304,stride16-clang18-scalar,basic,instructions,535774914,250032930,250032930
1,stride16-clang18-scalar-r11-stride16_scan-scalar-warm-basic-98304,stride16-clang18-scalar,basic,ref_cycles,548736452,250030169,250030169
1,stride16-clang18-scalar-r11-stride16_scan-scalar-warm-basic-524288,stride16-clang18-scalar,basic,cycles,548753385,250042763,250042763
1,stride16-clang18-scalar-r11-stride16_scan-scalar-warm-basic-524288,stride16-clang18-scalar,basic,instructions,279053947,250040357,250040357
1,stride16-clang18-scalar-r11-stride16_scan-scalar-warm-basic-524288,stride16-clang18-scalar,basic,ref_cycles,548755812,250037116,250037116
1,stride16-clang18-scalar-r11-stride16_scan-scalar-cache_evicted-branch-1048576,stride16-clang18-scalar,branch,cycles,548739531,250039520,250039520
1,stride16-clang18-scalar-r11-stride16_scan-scalar-cache_evicted-branch-1048576,stride16-clang18-scalar,branch,branches,14849829,250038037,250038037
1,stride16-clang18-scalar-r11-stride16_scan-scalar-cache_evicted-branch-1048576,stride16-clang18-scalar,branch,branch_misses,7178,250033721,250033721
1,stride16-clang18-scalar-r11-stride16_scan-scalar-warm-basic-536870912,stride16-clang18-scalar,basic,cycles,603895433,275172222,275172222
1,stride16-clang18-scalar-r11-stride16_scan-scalar-warm-basic-536870912,stride16-clang18-scalar,basic,instructions,139462361,275170608,275170608
1,stride16-clang18-scalar-r11-stride16_scan-scalar-warm-basic-536870912,stride16-clang18-scalar,basic,ref_cycles,603898218,275167525,275167525
1,stride16-clang18-scalar-r11-stride16_scan-scalar-warm-branch-2097152,stride16-clang18-scalar,branch,cycles,548863966,250096021,250096021
1,stride16-clang18-scalar-r11-stride16_scan-scalar-warm-branch-2097152,stride16-clang18-scalar,branch,branches,14743661,250094269,250094269
1,stride16-clang18-scalar-r11-stride16_scan-scalar-warm-branch-2097152,stride16-clang18-scalar,branch,branch_misses,3618,250090151,250090151
1,stride16-clang18-scalar-r11-stride16_scan-scalar-warm-branch-196608,stride16-clang18-scalar,branch,cycles,548734968,250035601,250035601
1,stride16-clang18-scalar-r11-stride16_scan-scalar-warm-branch-196608,stride16-clang18-scalar,branch,branches,32917646,250034373,250034373
1,stride16-clang18-scalar-r11-stride16_scan-scalar-warm-branch-196608,stride16-clang18-scalar,branch,branch_misses,78632,250030900,250030900
1,stride16-clang18-scalar-r11-stride16_scan-scalar-cache_evicted-branch-33554432,stride16-clang18-scalar,branch,cycles,553768511,252335539,252335539
1,stride16-clang18-scalar-r11-stride16_scan-scalar-cache_evicted-branch-33554432,stride16-clang18-scalar,branch,branches,6819503,252335693,252335693
1,stride16-clang18-scalar-r11-stride16_scan-scalar-cache_evicted-branch-33554432,stride16-clang18-scalar,branch,branch_misses,144,252332246,252332246
1,stride16-clang18-scalar-r12-stride16_scan-scalar-warm-basic-524288,stride16-clang18-scalar,basic,cycles,548752758,250042972,250042972
1,stride16-clang18-scalar-r12-stride16_scan-scalar-warm-basic-524288,stride16-clang18-scalar,basic,instructions,279112981,250040859,250040859
1,stride16-clang18-scalar-r12-stride16_scan-scalar-warm-basic-524288,stride16-clang18-scalar,basic,ref_cycles,548754624,250037375,250037375
1,stride16-clang18-scalar-r12-stride16_scan-scalar-warm-branch-16384,stride16-clang18-scalar,branch,cycles,548730446,250032081,250032081
1,stride16-clang18-scalar-r12-stride16_scan-scalar-warm-branch-16384,stride16-clang18-scalar,branch,branches,163211983,250029422,250029422
1,stride16-clang18-scalar-r12-stride16_scan-scalar-warm-branch-16384,stride16-clang18-scalar,branch,branch_misses,23126,250025385,250025385
1,stride16-clang18-scalar-r12-stride16_scan-scalar-cache_evicted-branch-1048576,stride16-clang18-scalar,branch,cycles,548772653,250052114,250052114
1,stride16-clang18-scalar-r12-stride16_scan-scalar-cache_evicted-branch-1048576,stride16-clang18-scalar,branch,branches,14851915,250049924,250049924
1,stride16-clang18-scalar-r12-stride16_scan-scalar-cache_evicted-branch-1048576,stride16-clang18-scalar,branch,branch_misses,7174,250045822,250045822
1,stride16-clang18-scalar-r12-stride16_scan-scalar-warm-basic-16384,stride16-clang18-scalar,basic,cycles,548730669,250031355,250031355
1,stride16-clang18-scalar-r12-stride16_scan-scalar-warm-basic-16384,stride16-clang18-scalar,basic,instructions,1829050205,250028371,250028371
1,stride16-clang18-scalar-r12-stride16_scan-scalar-warm-basic-16384,stride16-clang18-scalar,basic,ref_cycles,548732030,250024800,250024800
1,stride16-clang18-scalar-r12-stride16_scan-scalar-warm-basic-6291456,stride16-clang18-scalar,basic,cycles,548817340,250077115,250077115
1,stride16-clang18-scalar-r12-stride16_scan-scalar-warm-basic-6291456,stride16-clang18-scalar,basic,instructions,213547549,250076525,250076525
1,stride16-clang18-scalar-r12-stride16_scan-scalar-warm-basic-6291456,stride16-clang18-scalar,basic,ref_cycles,548821262,250073361,250073361
1,stride16-clang18-scalar-r12-stride16_scan-scalar-warm-basic-294912,stride16-clang18-scalar,basic,cycles,548734582,250034938,250034938
1,stride16-clang18-scalar-r12-stride16_scan-scalar-warm-basic-294912,stride16-clang18-scalar,basic,instructions,344972686,250033394,250033394
1,stride16-clang18-scalar-r12-stride16_scan-scalar-warm-basic-294912,stride16-clang18-scalar,basic,ref_cycles,548736606,250030027,250030027
1,stride16-clang18-scalar-r12-stride16_scan-scalar-warm-branch-8388608,stride16-clang18-scalar,branch,cycles,548797205,250071001,250071001
1,stride16-clang18-scalar-r12-stride16_scan-scalar-warm-branch-8388608,stride16-clang18-scalar,branch,branches,9736593,250071189,250071189
1,stride16-clang18-scalar-r12-stride16_scan-scalar-warm-branch-8388608,stride16-clang18-scalar,branch,branch_misses,649,250067015,250067015
1,stride16-clang18-scalar-r12-stride16_scan-scalar-warm-branch-524288,stride16-clang18-scalar,branch,cycles,548760241,250048435,250048435
1,stride16-clang18-scalar-r12-stride16_scan-scalar-warm-branch-524288,stride16-clang18-scalar,branch,branches,15063335,250046152,250046152
1,stride16-clang18-scalar-r12-stride16_scan-scalar-warm-branch-524288,stride16-clang18-scalar,branch,branch_misses,14270,250042769,250042769
1,stride16-clang18-scalar-r12-stride16_scan-scalar-cache_evicted-branch-536870912,stride16-clang18-scalar,branch,cycles,596612575,271855700,271855700
1,stride16-clang18-scalar-r12-stride16_scan-scalar-cache_evicted-branch-536870912,stride16-clang18-scalar,branch,branches,7340396,271855088,271855088
1,stride16-clang18-scalar-r12-stride16_scan-scalar-cache_evicted-branch-536870912,stride16-clang18-scalar,branch,branch_misses,57,271851082,271851082
1,stride16-clang18-scalar-r12-stride16_scan-scalar-cache_evicted-basic-32768,stride16-clang18-scalar,basic,cycles,548730819,250033594,250033594
1,stride16-clang18-scalar-r12-stride16_scan-scalar-cache_evicted-basic-32768,stride16-clang18-scalar,basic,instructions,1493931068,250030323,250030323
1,stride16-clang18-scalar-r12-stride16_scan-scalar-cache_evicted-basic-32768,stride16-clang18-scalar,basic,ref_cycles,548732536,250026443,250026443
1,stride16-clang18-scalar-r12-stride16_scan-scalar-warm-branch-33554432,stride16-clang18-scalar,branch,cycles,549672736,250469689,250469689
1,stride16-clang18-scalar-r12-stride16_scan-scalar-warm-branch-33554432,stride16-clang18-scalar,branch,branches,6753932,250468354,250468354
1,stride16-clang18-scalar-r12-stride16_scan-scalar-warm-branch-33554432,stride16-clang18-scalar,branch,branch_misses,139,250464342,250464342
1,stride16-clang18-scalar-r12-stride16_scan-scalar-cache_evicted-basic-536870912,stride16-clang18-scalar,basic,cycles,595839895,271501185,271501185
1,stride16-clang18-scalar-r12-stride16_scan-scalar-cache_evicted-basic-536870912,stride16-clang18-scalar,basic,instructions,139462361,271500309,271500309
1,stride16-clang18-scalar-r12-stride16_scan-scalar-cache_evicted-basic-536870912,stride16-clang18-scalar,basic,ref_cycles,595843864,271496905,271496905
1,stride16-clang18-scalar-r12-stride16_scan-scalar-warm-basic-33554432,stride16-clang18-scalar,basic,cycles,553699432,252303670,252303670
1,stride16-clang18-scalar-r12-stride16_scan-scalar-warm-basic-33554432,stride16-clang18-scalar,basic,instructions,129517185,252302831,252302831
1,stride16-clang18-scalar-r12-stride16_scan-scalar-warm-basic-33554432,stride16-clang18-scalar,basic,ref_cycles,553702842,252299388,252299388
1,stride16-clang18-scalar-r12-stride16_scan-scalar-warm-basic-28672,stride16-clang18-scalar,basic,cycles,548731383,250033371,250033371
1,stride16-clang18-scalar-r12-stride16_scan-scalar-warm-basic-28672,stride16-clang18-scalar,basic,instructions,1713027888,250030971,250030971
1,stride16-clang18-scalar-r12-stride16_scan-scalar-warm-basic-28672,stride16-clang18-scalar,basic,ref_cycles,548733372,250027739,250027739
1,stride16-clang18-scalar-r12-stride16_scan-scalar-warm-branch-65536,stride16-clang18-scalar,branch,cycles,548731639,250033568,250033568
1,stride16-clang18-scalar-r12-stride16_scan-scalar-warm-branch-65536,stride16-clang18-scalar,branch,branches,33967001,250031063,250031063
1,stride16-clang18-scalar-r12-stride16_scan-scalar-warm-branch-65536,stride16-clang18-scalar,branch,branch_misses,208474,250027307,250027307
1,stride16-clang18-scalar-r12-stride16_scan-scalar-warm-basic-2097152,stride16-clang18-scalar,basic,cycles,548865060,250094415,250094415
1,stride16-clang18-scalar-r12-stride16_scan-scalar-warm-basic-2097152,stride16-clang18-scalar,basic,instructions,278198048,250093067,250093067
1,stride16-clang18-scalar-r12-stride16_scan-scalar-warm-basic-2097152,stride16-clang18-scalar,basic,ref_cycles,548867022,250089608,250089608
1,stride16-clang18-scalar-r12-stride16_scan-scalar-warm-branch-24576,stride16-clang18-scalar,branch,cycles,548731174,250034513,250034513
1,stride16-clang18-scalar-r12-stride16_scan-scalar-warm-branch-24576,stride16-clang18-scalar,branch,branches,138550612,250032247,250032247
1,stride16-clang18-scalar-r12-stride16_scan-scalar-warm-branch-24576,stride16-clang18-scalar,branch,branch_misses,1669690,250028703,250028703
1,stride16-clang18-scalar-r12-stride16_scan-scalar-warm-basic-229376,stride16-clang18-scalar,basic,cycles,548741358,250036297,250036297
1,stride16-clang18-scalar-r12-stride16_scan-scalar-warm-basic-229376,stride16-clang18-scalar,basic,instructions,381417845,250032497,250032497
1,stride16-clang18-scalar-r12-stride16_scan-scalar-warm-basic-229376,stride16-clang18-scalar,basic,ref_cycles,548742590,250028973,250028973
1,stride16-clang18-scalar-r12-stride16_scan-scalar-warm-branch-131072,stride16-clang18-scalar,branch,cycles,548733179,250033633,250033633
1,stride16-clang18-scalar-r12-stride16_scan-scalar-warm-branch-131072,stride16-clang18-scalar,branch,branches,31542837,250031631,250031631
1,stride16-clang18-scalar-r12-stride16_scan-scalar-warm-branch-131072,stride16-clang18-scalar,branch,branch_misses,108460,250028000,250028000
1,stride16-clang18-scalar-r12-stride16_scan-scalar-warm-branch-196608,stride16-clang18-scalar,branch,cycles,548740265,250037769,250037769
1,stride16-clang18-scalar-r12-stride16_scan-scalar-warm-branch-196608,stride16-clang18-scalar,branch,branches,22717483,250035571,250035571
1,stride16-clang18-scalar-r12-stride16_scan-scalar-warm-branch-196608,stride16-clang18-scalar,branch,branch_misses,54274,250031966,250031966
1,stride16-clang18-scalar-r12-stride16_scan-scalar-warm-basic-196608,stride16-clang18-scalar,basic,cycles,548732051,250033152,250033152
1,stride16-clang18-scalar-r12-stride16_scan-scalar-warm-basic-196608,stride16-clang18-scalar,basic,instructions,462417825,250030816,250030816
1,stride16-clang18-scalar-r12-stride16_scan-scalar-warm-basic-196608,stride16-clang18-scalar,basic,ref_cycles,548733900,250027364,250027364
1,stride16-clang18-scalar-r12-stride16_scan-scalar-warm-basic-393216,stride16-clang18-scalar,basic,cycles,548751510,250042286,250042286
1,stride16-clang18-scalar-r12-stride16_scan-scalar-warm-basic-393216,stride16-clang18-scalar,basic,instructions,302772581,250039803,250039803
1,stride16-clang18-scalar-r12-stride16_scan-scalar-warm-basic-393216,stride16-clang18-scalar,basic,ref_cycles,548754052,250036500,250036500
1,stride16-clang18-scalar-r12-stride16_scan-scalar-warm-branch-2097152,stride16-clang18-scalar,branch,cycles,548786361,250059694,250059694
1,stride16-clang18-scalar-r12-stride16_scan-scalar-warm-branch-2097152,stride16-clang18-scalar,branch,branches,14743661,250057970,250057970
1,stride16-clang18-scalar-r12-stride16_scan-scalar-warm-branch-2097152,stride16-clang18-scalar,branch,branch_misses,3618,250054075,250054075
1,stride16-clang18-scalar-r12-stride16_scan-scalar-warm-branch-7340032,stride16-clang18-scalar,branch,cycles,548987454,250156607,250156607
1,stride16-clang18-scalar-r12-stride16_scan-scalar-warm-branch-7340032,stride16-clang18-scalar,branch,branches,8550864,250156322,250156322
1,stride16-clang18-scalar-r12-stride16_scan-scalar-warm-branch-7340032,stride16-clang18-scalar,branch,branch_misses,645,250152406,250152406
1,stride16-clang18-scalar-r12-stride16_scan-scalar-warm-branch-536870912,stride16-clang18-scalar,branch,cycles,595979236,271566654,271566654
1,stride16-clang18-scalar-r12-stride16_scan-scalar-warm-branch-536870912,stride16-clang18-scalar,branch,branches,7340396,271566720,271566720
1,stride16-clang18-scalar-r12-stride16_scan-scalar-warm-branch-536870912,stride16-clang18-scalar,branch,branch_misses,53,271562723,271562723
1,stride16-clang18-scalar-r12-stride16_scan-scalar-cache_evicted-branch-262144,stride16-clang18-scalar,branch,cycles,548742156,250039798,250039798
1,stride16-clang18-scalar-r12-stride16_scan-scalar-cache_evicted-branch-262144,stride16-clang18-scalar,branch,branches,19881490,250037329,250037329
1,stride16-clang18-scalar-r12-stride16_scan-scalar-cache_evicted-branch-262144,stride16-clang18-scalar,branch,branch_misses,36422,250033147,250033147
1,stride16-clang18-scalar-r12-stride16_scan-scalar-warm-basic-5242880,stride16-clang18-scalar,basic,cycles,548862780,250096233,250096233
1,stride16-clang18-scalar-r12-stride16_scan-scalar-warm-basic-5242880,stride16-clang18-scalar,basic,instructions,257041537,250096385,250096385
1,stride16-clang18-scalar-r12-stride16_scan-scalar-warm-basic-5242880,stride16-clang18-scalar,basic,ref_cycles,548866186,250093054,250093054
1,stride16-clang18-scalar-r12-stride16_scan-scalar-warm-basic-32768,stride16-clang18-scalar,basic,cycles,548731090,250032673,250032673
1,stride16-clang18-scalar-r12-stride16_scan-scalar-warm-basic-32768,stride16-clang18-scalar,basic,instructions,1500411442,250030631,250030631
1,stride16-clang18-scalar-r12-stride16_scan-scalar-warm-basic-32768,stride16-clang18-scalar,basic,ref_cycles,548733350,250027374,250027374
1,stride16-clang18-scalar-r12-stride16_scan-scalar-warm-branch-1048576,stride16-clang18-scalar,branch,cycles,548788837,250060600,250060600
1,stride16-clang18-scalar-r12-stride16_scan-scalar-warm-branch-1048576,stride16-clang18-scalar,branch,branches,14849829,250057688,250057688
1,stride16-clang18-scalar-r12-stride16_scan-scalar-warm-branch-1048576,stride16-clang18-scalar,branch,branch_misses,7183,250053846,250053846
1,stride16-clang18-scalar-r12-stride16_scan-scalar-warm-branch-98304,stride16-clang18-scalar,branch,cycles,548734825,250035697,250035697
1,stride16-clang18-scalar-r12-stride16_scan-scalar-warm-branch-98304,stride16-clang18-scalar,branch,branches,31801808,250034613,250034613
1,stride16-clang18-scalar-r12-stride16_scan-scalar-warm-branch-98304,stride16-clang18-scalar,branch,branch_misses,140181,250031279,250031279
1,stride16-clang18-scalar-r12-stride16_scan-scalar-warm-branch-28672,stride16-clang18-scalar,branch,cycles,548731105,250033996,250033996
1,stride16-clang18-scalar-r12-stride16_scan-scalar-warm-branch-28672,stride16-clang18-scalar,branch,branches,131762947,250032291,250032291
1,stride16-clang18-scalar-r12-stride16_scan-scalar-warm-branch-28672,stride16-clang18-scalar,branch,branch_misses,1448308,250029283,250029283
1,stride16-clang18-scalar-r12-stride16_scan-scalar-warm-branch-12582912,stride16-clang18-scalar,branch,cycles,549913928,250579423,250579423
1,stride16-clang18-scalar-r12-stride16_scan-scalar-warm-branch-12582912,stride16-clang18-scalar,branch,branches,7974083,250579130,250579130
1,stride16-clang18-scalar-r12-stride16_scan-scalar-warm-branch-12582912,stride16-clang18-scalar,branch,branch_misses,373,250575046,250575046
1,stride16-clang18-scalar-r12-stride16_scan-scalar-warm-basic-131072,stride16-clang18-scalar,basic,cycles,548731778,250032801,250032801
1,stride16-clang18-scalar-r12-stride16_scan-scalar-warm-basic-131072,stride16-clang18-scalar,basic,instructions,544699791,250030136,250030136
1,stride16-clang18-scalar-r12-stride16_scan-scalar-warm-basic-131072,stride16-clang18-scalar,basic,ref_cycles,548733944,250026785,250026785
1,stride16-clang18-scalar-r12-stride16_scan-scalar-cache_evicted-branch-8388608,stride16-clang18-scalar,branch,cycles,548982983,250155137,250155137
1,stride16-clang18-scalar-r12-stride16_scan-scalar-cache_evicted-branch-8388608,stride16-clang18-scalar,branch,branches,10130646,250154872,250154872
1,stride16-clang18-scalar-r12-stride16_scan-scalar-cache_evicted-branch-8388608,stride16-clang18-scalar,branch,branch_misses,667,250150904,250150904
1,stride16-clang18-scalar-r12-stride16_scan-scalar-warm-branch-36864,stride16-clang18-scalar,branch,cycles,548730915,250033259,250033259
1,stride16-clang18-scalar-r12-stride16_scan-scalar-warm-branch-36864,stride16-clang18-scalar,branch,branches,38422088,250030768,250030768
1,stride16-clang18-scalar-r12-stride16_scan-scalar-warm-branch-36864,stride16-clang18-scalar,branch,branch_misses,359219,250026938,250026938
1,stride16-clang18-scalar-r12-stride16_scan-scalar-warm-basic-65536,stride16-clang18-scalar,basic,cycles,548731112,250032421,250032421
1,stride16-clang18-scalar-r12-stride16_scan-scalar-warm-basic-65536,stride16-clang18-scalar,basic,instructions,542186801,250030645,250030645
1,stride16-clang18-scalar-r12-stride16_scan-scalar-warm-basic-65536,stride16-clang18-scalar,basic,ref_cycles,548732514,250027732,250027732
1,stride16-clang18-scalar-r12-stride16_scan-scalar-warm-basic-98304,stride16-clang18-scalar,basic,cycles,548733568,250033113,250033113
1,stride16-clang18-scalar-r12-stride16_scan-scalar-warm-basic-98304,stride16-clang18-scalar,basic,instructions,535179619,250030335,250030335
1,stride16-clang18-scalar-r12-stride16_scan-scalar-warm-basic-98304,stride16-clang18-scalar,basic,ref_cycles,548735308,250026866,250026866
1,stride16-clang18-scalar-r12-stride16_scan-scalar-cache_evicted-basic-33554432,stride16-clang18-scalar,basic,cycles,549176594,250242762,250242762
1,stride16-clang18-scalar-r12-stride16_scan-scalar-cache_evicted-basic-33554432,stride16-clang18-scalar,basic,instructions,130762543,250243037,250243037
1,stride16-clang18-scalar-r12-stride16_scan-scalar-cache_evicted-basic-33554432,stride16-clang18-scalar,basic,ref_cycles,549180412,250240085,250240085
1,stride16-clang18-scalar-r12-stride16_scan-scalar-cache_evicted-basic-6291456,stride16-clang18-scalar,basic,cycles,548995142,250159885,250159885
1,stride16-clang18-scalar-r12-stride16_scan-scalar-cache_evicted-basic-6291456,stride16-clang18-scalar,basic,instructions,215883937,250158961,250158961
1,stride16-clang18-scalar-r12-stride16_scan-scalar-cache_evicted-basic-6291456,stride16-clang18-scalar,basic,ref_cycles,548999110,250155371,250155371
1,stride16-clang18-scalar-r12-stride16_scan-scalar-warm-basic-12582912,stride16-clang18-scalar,basic,cycles,549392538,250340098,250340098
1,stride16-clang18-scalar-r12-stride16_scan-scalar-warm-basic-12582912,stride16-clang18-scalar,basic,instructions,151811977,250340060,250340060
1,stride16-clang18-scalar-r12-stride16_scan-scalar-warm-basic-12582912,stride16-clang18-scalar,basic,ref_cycles,549397156,250337404,250337404
1,stride16-clang18-scalar-r12-stride16_scan-scalar-cache_evicted-branch-33554432,stride16-clang18-scalar,branch,cycles,550635241,250909223,250909223
1,stride16-clang18-scalar-r12-stride16_scan-scalar-cache_evicted-branch-33554432,stride16-clang18-scalar,branch,branches,6885075,250908585,250908585
1,stride16-clang18-scalar-r12-stride16_scan-scalar-cache_evicted-branch-33554432,stride16-clang18-scalar,branch,branch_misses,148,250904339,250904339
1,stride16-clang18-scalar-r12-stride16_scan-scalar-cache_evicted-basic-1048576,stride16-clang18-scalar,basic,cycles,548806076,250067945,250067945
1,stride16-clang18-scalar-r12-stride16_scan-scalar-cache_evicted-basic-1048576,stride16-clang18-scalar,basic,instructions,278601904,250065793,250065793
1,stride16-clang18-scalar-r12-stride16_scan-scalar-cache_evicted-basic-1048576,stride16-clang18-scalar,basic,ref_cycles,548808326,250062368,250062368
1,stride16-clang18-scalar-r12-stride16_scan-scalar-warm-branch-262144,stride16-clang18-scalar,branch,cycles,548743741,250039527,250039527
1,stride16-clang18-scalar-r12-stride16_scan-scalar-warm-branch-262144,stride16-clang18-scalar,branch,branches,21403160,250037346,250037346
1,stride16-clang18-scalar-r12-stride16_scan-scalar-warm-branch-262144,stride16-clang18-scalar,branch,branch_misses,39188,250033681,250033681
1,stride16-clang18-scalar-r12-stride16_scan-scalar-warm-basic-8388608,stride16-clang18-scalar,basic,cycles,549031946,250176303,250176303
1,stride16-clang18-scalar-r12-stride16_scan-scalar-warm-basic-8388608,stride16-clang18-scalar,basic,instructions,190928009,250175863,250175863
1,stride16-clang18-scalar-r12-stride16_scan-scalar-warm-basic-8388608,stride16-clang18-scalar,basic,ref_cycles,549035718,250172423,250172423
1,stride16-clang18-scalar-r12-stride16_scan-scalar-cache_evicted-branch-32768,stride16-clang18-scalar,branch,cycles,548731225,250033927,250033927
1,stride16-clang18-scalar-r12-stride16_scan-scalar-cache_evicted-branch-32768,stride16-clang18-scalar,branch,branches,114513527,250030679,250030679
1,stride16-clang18-scalar-r12-stride16_scan-scalar-cache_evicted-branch-32768,stride16-clang18-scalar,branch,branch_misses,1156960,250026508,250026508
1,stride16-clang18-scalar-r12-stride16_scan-scalar-warm-basic-8192,stride16-clang18-scalar,basic,cycles,548730581,250031364,250031364
1,stride16-clang18-scalar-r12-stride16_scan-scalar-warm-basic-8192,stride16-clang18-scalar,basic,instructions,1686805914,250029144,250029144
1,stride16-clang18-scalar-r12-stride16_scan-scalar-warm-basic-8192,stride16-clang18-scalar,basic,ref_cycles,548732140,250025894,250025894
1,stride16-clang18-scalar-r12-stride16_scan-scalar-warm-basic-7340032,stride16-clang18-scalar,basic,cycles,549493175,250384496,250384496
1,stride16-clang18-scalar-r12-stride16_scan-scalar-warm-basic-7340032,stride16-clang18-scalar,basic,instructions,191059529,250384339,250384339
1,stride16-clang18-scalar-r12-stride16_scan-scalar-warm-basic-7340032,stride16-clang18-scalar,basic,ref_cycles,549496486,250380801,250380801
1,stride16-clang18-scalar-r12-stride16_scan-scalar-warm-branch-4194304,stride16-clang18-scalar,branch,cycles,548809419,250076527,250076527
1,stride16-clang18-scalar-r12-stride16_scan-scalar-warm-branch-4194304,stride16-clang18-scalar,branch,branches,13714528,250074452,250074452
1,stride16-clang18-scalar-r12-stride16_scan-scalar-warm-branch-4194304,stride16-clang18-scalar,branch,branch_misses,1714,250070434,250070434
1,stride16-clang18-scalar-r12-stride16_scan-scalar-warm-branch-49152,stride16-clang18-scalar,branch,cycles,548730278,250032221,250032221
1,stride16-clang18-scalar-r12-stride16_scan-scalar-warm-branch-49152,stride16-clang18-scalar,branch,branches,35494899,250028994,250028994
1,stride16-clang18-scalar-r12-stride16_scan-scalar-warm-branch-49152,stride16-clang18-scalar,branch,branch_misses,271068,250024922,250024922
1,stride16-clang18-scalar-r12-stride16_scan-scalar-cache_evicted-basic-262144,stride16-clang18-scalar,basic,cycles,548734418,250035232,250035232
1,stride16-clang18-scalar-r12-stride16_scan-scalar-cache_evicted-basic-262144,stride16-clang18-scalar,basic,instructions,353376910,250032234,250032234
1,stride16-clang18-scalar-r12-stride16_scan-scalar-cache_evicted-basic-262144,stride16-clang18-scalar,basic,ref_cycles,548735814,250028665,250028665
1,stride16-clang18-scalar-r12-stride16_scan-scalar-warm-branch-8192,stride16-clang18-scalar,branch,cycles,548730233,250031294,250031294
1,stride16-clang18-scalar-r12-stride16_scan-scalar-warm-branch-8192,stride16-clang18-scalar,branch,branches,182274604,250027965,250027965
1,stride16-clang18-scalar-r12-stride16_scan-scalar-warm-branch-8192,stride16-clang18-scalar,branch,branch_misses,567,250023918,250023918
1,stride16-clang18-scalar-r12-stride16_scan-scalar-cache_evicted-branch-6291456,stride16-clang18-scalar,branch,cycles,548940221,250135842,250135842
1,stride16-clang18-scalar-r12-stride16_scan-scalar-cache_evicted-branch-6291456,stride16-clang18-scalar,branch,branches,13185729,250136297,250136297
1,stride16-clang18-scalar-r12-stride16_scan-scalar-cache_evicted-branch-6291456,stride16-clang18-scalar,branch,branch_misses,1163,250133104,250133104
1,stride16-clang18-scalar-r12-stride16_scan-scalar-warm-basic-262144,stride16-clang18-scalar,basic,cycles,548737770,250035386,250035386
1,stride16-clang18-scalar-r12-stride16_scan-scalar-warm-basic-262144,stride16-clang18-scalar,basic,instructions,441353929,250032117,250032117
1,stride16-clang18-scalar-r12-stride16_scan-scalar-warm-basic-262144,stride16-clang18-scalar,basic,ref_cycles,548738850,250028199,250028199
1,stride16-clang18-scalar-r12-stride16_scan-scalar-warm-branch-5242880,stride16-clang18-scalar,branch,cycles,548775605,250057650,250057650
1,stride16-clang18-scalar-r12-stride16_scan-scalar-warm-branch-5242880,stride16-clang18-scalar,branch,branches,14508422,250058118,250058118
1,stride16-clang18-scalar-r12-stride16_scan-scalar-warm-branch-5242880,stride16-clang18-scalar,branch,branch_misses,1463,250054314,250054314
1,stride16-clang18-scalar-r12-stride16_scan-scalar-warm-basic-134217728,stride16-clang18-scalar,basic,cycles,554089744,252480499,252480499
1,stride16-clang18-scalar-r12-stride16_scan-scalar-warm-basic-134217728,stride16-clang18-scalar,basic,instructions,129504081,252481172,252481172
1,stride16-clang18-scalar-r12-stride16_scan-scalar-warm-basic-134217728,stride16-clang18-scalar,basic,ref_cycles,554093584,252477891,252477891
1,stride16-clang18-scalar-r12-stride16_scan-scalar-warm-branch-32768,stride16-clang18-scalar,branch,cycles,548731139,250034245,250034245
1,stride16-clang18-scalar-r12-stride16_scan-scalar-warm-branch-32768,stride16-clang18-scalar,branch,branches,110754928,250033533,250033533
1,stride16-clang18-scalar-r12-stride16_scan-scalar-warm-branch-32768,stride16-clang18-scalar,branch,branch_misses,1119029,250030011,250030011
1,stride16-clang18-scalar-r12-stride16_scan-scalar-warm-basic-4194304,stride16-clang18-scalar,basic,cycles,548918351,250121361,250121361
1,stride16-clang18-scalar-r12-stride16_scan-scalar-warm-basic-4194304,stride16-clang18-scalar,basic,instructions,275639122,250120652,250120652
1,stride16-clang18-scalar-r12-stride16_scan-scalar-warm-basic-4194304,stride16-clang18-scalar,basic,ref_cycles,548921714,250117420,250117420
1,stride16-clang18-scalar-r12-stride16_scan-scalar-warm-basic-1048576,stride16-clang18-scalar,basic,cycles,548760999,250046227,250046227
1,stride16-clang18-scalar-r12-stride16_scan-scalar-warm-basic-1048576,stride16-clang18-scalar,basic,instructions,278825840,250043722,250043722
1,stride16-clang18-scalar-r12-stride16_scan-scalar-warm-basic-1048576,stride16-clang18-scalar,basic,ref_cycles,548762632,250040500,250040500
1,stride16-clang18-scalar-r12-stride16_scan-scalar-warm-branch-6291456,stride16-clang18-scalar,branch,cycles,548995533,250158179,250158179
1,stride16-clang18-scalar-r12-stride16_scan-scalar-warm-branch-6291456,stride16-clang18-scalar,branch,branches,11472838,250158498,250158498
1,stride16-clang18-scalar-r12-stride16_scan-scalar-warm-branch-6291456,stride16-clang18-scalar,branch,branch_misses,983,250154705,250154705
1,stride16-clang18-scalar-r12-stride16_scan-scalar-warm-basic-49152,stride16-clang18-scalar,basic,cycles,548731305,250032046,250032046
1,stride16-clang18-scalar-r12-stride16_scan-scalar-warm-basic-49152,stride16-clang18-scalar,basic,instructions,553296707,250029459,250029459
1,stride16-clang18-scalar-r12-stride16_scan-scalar-warm-basic-49152,stride16-clang18-scalar,basic,ref_cycles,548732646,250025657,250025657
1,stride16-clang18-scalar-r12-stride16_scan-scalar-cache_evicted-basic-8388608,stride16-clang18-scalar,basic,cycles,548816388,250078443,250078443
1,stride16-clang18-scalar-r12-stride16_scan-scalar-cache_evicted-basic-8388608,stride16-clang18-scalar,basic,instructions,188747761,250079412,250079412
1,stride16-clang18-scalar-r12-stride16_scan-scalar-cache_evicted-basic-8388608,stride16-clang18-scalar,basic,ref_cycles,548820096,250076205,250076205
1,stride16-clang18-scalar-r12-stride16_scan-scalar-warm-basic-536870912,stride16-clang18-scalar,basic,cycles,600048645,273420549,273420549
1,stride16-clang18-scalar-r12-stride16_scan-scalar-warm-basic-536870912,stride16-clang18-scalar,basic,instructions,139462361,273419365,273419365
1,stride16-clang18-scalar-r12-stride16_scan-scalar-warm-basic-536870912,stride16-clang18-scalar,basic,ref_cycles,600052156,273416023,273416023
1,stride16-clang18-scalar-r12-stride16_scan-scalar-warm-branch-229376,stride16-clang18-scalar,branch,cycles,548739047,250037480,250037480
1,stride16-clang18-scalar-r12-stride16_scan-scalar-warm-branch-229376,stride16-clang18-scalar,branch,branches,27966832,250033872,250033872
1,stride16-clang18-scalar-r12-stride16_scan-scalar-warm-branch-229376,stride16-clang18-scalar,branch,branch_misses,57965,250029830,250029830
1,stride16-clang18-scalar-r12-stride16_scan-scalar-warm-branch-393216,stride16-clang18-scalar,branch,cycles,548749019,250041925,250041925
1,stride16-clang18-scalar-r12-stride16_scan-scalar-warm-branch-393216,stride16-clang18-scalar,branch,branches,15203445,250039989,250039989
1,stride16-clang18-scalar-r12-stride16_scan-scalar-warm-branch-393216,stride16-clang18-scalar,branch,branch_misses,18997,250036630,250036630
1,stride16-clang18-scalar-r12-stride16_scan-scalar-warm-basic-36864,stride16-clang18-scalar,basic,cycles,548731871,250033098,250033098
1,stride16-clang18-scalar-r12-stride16_scan-scalar-warm-basic-36864,stride16-clang18-scalar,basic,instructions,546502455,250031505,250031505
1,stride16-clang18-scalar-r12-stride16_scan-scalar-warm-basic-36864,stride16-clang18-scalar,basic,ref_cycles,548734384,250028473,250028473
1,stride16-clang18-scalar-r12-stride16_scan-scalar-warm-basic-24576,stride16-clang18-scalar,basic,cycles,548730561,250030928,250030928
1,stride16-clang18-scalar-r12-stride16_scan-scalar-warm-basic-24576,stride16-clang18-scalar,basic,instructions,1793967200,250027253,250027253
1,stride16-clang18-scalar-r12-stride16_scan-scalar-warm-basic-24576,stride16-clang18-scalar,basic,ref_cycles,548731392,250023522,250023522
1,stride16-clang18-scalar-r12-stride16_scan-scalar-warm-branch-134217728,stride16-clang18-scalar,branch,cycles,549142033,250227178,250227178
1,stride16-clang18-scalar-r12-stride16_scan-scalar-warm-branch-134217728,stride16-clang18-scalar,branch,branches,6816773,250227900,250227900
1,stride16-clang18-scalar-r12-stride16_scan-scalar-warm-branch-134217728,stride16-clang18-scalar,branch,branch_misses,58,250224210,250224210
1,stride16-clang18-scalar-r12-stride16_scan-scalar-warm-branch-294912,stride16-clang18-scalar,branch,cycles,548722555,250035462,250035462
1,stride16-clang18-scalar-r12-stride16_scan-scalar-warm-branch-294912,stride16-clang18-scalar,branch,branches,18644360,250032131,250032131
1,stride16-clang18-scalar-r12-stride16_scan-scalar-warm-branch-294912,stride16-clang18-scalar,branch,branch_misses,30579,250028194,250028194
1,stride16-clang18-scalar-r13-stride16_scan-scalar-warm-branch-294912,stride16-clang18-scalar,branch,cycles,548740794,250038763,250038763
1,stride16-clang18-scalar-r13-stride16_scan-scalar-warm-branch-294912,stride16-clang18-scalar,branch,branches,18355796,250037005,250037005
1,stride16-clang18-scalar-r13-stride16_scan-scalar-warm-branch-294912,stride16-clang18-scalar,branch,branch_misses,30092,250033153,250033153
1,stride16-clang18-scalar-r13-stride16_scan-scalar-warm-basic-134217728,stride16-clang18-scalar,basic,cycles,549126606,250219044,250219044
1,stride16-clang18-scalar-r13-stride16_scan-scalar-warm-basic-134217728,stride16-clang18-scalar,basic,instructions,129504081,250219448,250219448
1,stride16-clang18-scalar-r13-stride16_scan-scalar-warm-basic-134217728,stride16-clang18-scalar,basic,ref_cycles,549130230,250216073,250216073
1,stride16-clang18-scalar-r13-stride16_scan-scalar-warm-basic-98304,stride16-clang18-scalar,basic,cycles,548730974,250031738,250031738
1,stride16-clang18-scalar-r13-stride16_scan-scalar-warm-basic-98304,stride16-clang18-scalar,basic,instructions,534607904,250027576,250027576
1,stride16-clang18-scalar-r13-stride16_scan-scalar-warm-basic-98304,stride16-clang18-scalar,basic,ref_cycles,548731612,250023493,250023493
1,stride16-clang18-scalar-r13-stride16_scan-scalar-warm-basic-12582912,stride16-clang18-scalar,basic,cycles,549064978,250191853,250191853
1,stride16-clang18-scalar-r13-stride16_scan-scalar-warm-basic-12582912,stride16-clang18-scalar,basic,instructions,152746201,250191420,250191420
1,stride16-clang18-scalar-r13-stride16_scan-scalar-warm-basic-12582912,stride16-clang18-scalar,basic,ref_cycles,549068454,250187741,250187741
1,stride16-clang18-scalar-r13-stride16_scan-scalar-warm-basic-294912,stride16-clang18-scalar,basic,cycles,548745054,250037773,250037773
1,stride16-clang18-scalar-r13-stride16_scan-scalar-warm-basic-294912,stride16-clang18-scalar,basic,instructions,356706965,250034339,250034339
1,stride16-clang18-scalar-r13-stride16_scan-scalar-warm-basic-294912,stride16-clang18-scalar,basic,ref_cycles,548745978,250030688,250030688
1,stride16-clang18-scalar-r13-stride16_scan-scalar-cache_evicted-basic-33554432,stride16-clang18-scalar,basic,cycles,552866292,251923564,251923564
1,stride16-clang18-scalar-r13-stride16_scan-scalar-cache_evicted-basic-33554432,stride16-clang18-scalar,basic,instructions,129517191,251923463,251923463
1,stride16-clang18-scalar-r13-stride16_scan-scalar-cache_evicted-basic-33554432,stride16-clang18-scalar,basic,ref_cycles,552870120,251920368,251920368
1,stride16-clang18-scalar-r13-stride16_scan-scalar-warm-branch-5242880,stride16-clang18-scalar,branch,cycles,548926547,250127408,250127408
1,stride16-clang18-scalar-r13-stride16_scan-scalar-warm-branch-5242880,stride16-clang18-scalar,branch,branches,11857469,250126699,250126699
1,stride16-clang18-scalar-r13-stride16_scan-scalar-warm-branch-5242880,stride16-clang18-scalar,branch,branch_misses,1202,250122870,250122870
1,stride16-clang18-scalar-r13-stride16_scan-scalar-warm-basic-8192,stride16-clang18-scalar,basic,cycles,548731117,250032875,250032875
1,stride16-clang18-scalar-r13-stride16_scan-scalar-warm-basic-8192,stride16-clang18-scalar,basic,instructions,1697746236,250031394,250031394
1,stride16-clang18-scalar-r13-stride16_scan-scalar-warm-basic-8192,stride16-clang18-scalar,basic,ref_cycles,548733284,250028434,250028434
1,stride16-clang18-scalar-r13-stride16_scan-scalar-warm-branch-536870912,stride16-clang18-scalar,branch,cycles,596038610,271593258,271593258
1,stride16-clang18-scalar-r13-stride16_scan-scalar-warm-branch-536870912,stride16-clang18-scalar,branch,branches,7340396,271593730,271593730
1,stride16-clang18-scalar-r13-stride16_scan-scalar-warm-branch-536870912,stride16-clang18-scalar,branch,branch_misses,51,271589922,271589922
1,stride16-clang18-scalar-r13-stride16_scan-scalar-warm-branch-65536,stride16-clang18-scalar,branch,cycles,548730998,250032644,250032644
1,stride16-clang18-scalar-r13-stride16_scan-scalar-warm-branch-65536,stride16-clang18-scalar,branch,branches,33923852,250028669,250028669
1,stride16-clang18-scalar-r13-stride16_scan-scalar-warm-branch-65536,stride16-clang18-scalar,branch,branch_misses,208228,250024318,250024318
1,stride16-clang18-scalar-r13-stride16_scan-scalar-warm-basic-524288,stride16-clang18-scalar,basic,cycles,548740650,250035578,250035578
1,stride16-clang18-scalar-r13-stride16_scan-scalar-warm-basic-524288,stride16-clang18-scalar,basic,instructions,279093595,250032030,250032030
1,stride16-clang18-scalar-r13-stride16_scan-scalar-warm-basic-524288,stride16-clang18-scalar,basic,ref_cycles,548741556,250028495,250028495
1,stride16-clang18-scalar-r13-stride16_scan-scalar-warm-basic-1048576,stride16-clang18-scalar,basic,cycles,548734284,250033813,250033813
1,stride16-clang18-scalar-r13-stride16_scan-scalar-warm-basic-1048576,stride16-clang18-scalar,basic,instructions,278640984,250032823,250032823
1,stride16-clang18-scalar-r13-stride16_scan-scalar-warm-basic-1048576,stride16-clang18-scalar,basic,ref_cycles,548736496,250029849,250029849
1,stride16-clang18-scalar-r13-stride16_scan-scalar-warm-branch-4194304,stride16-clang18-scalar,branch,cycles,548948254,250137829,250137829
1,stride16-clang18-scalar-r13-stride16_scan-scalar-warm-branch-4194304,stride16-clang18-scalar,branch,branches,14290421,250136818,250136818
1,stride16-clang18-scalar-r13-stride16_scan-scalar-warm-branch-4194304,stride16-clang18-scalar,branch,branch_misses,1786,250132704,250132704
1,stride16-clang18-scalar-r13-stride16_scan-scalar-cache_evicted-branch-6291456,stride16-clang18-scalar,branch,cycles,549414040,250351130,250351130
1,stride16-clang18-scalar-r13-stride16_scan-scalar-cache_evicted-branch-6291456,stride16-clang18-scalar,branch,branches,10018718,250349586,250349586
1,stride16-clang18-scalar-r13-stride16_scan-scalar-cache_evicted-branch-6291456,stride16-clang18-scalar,branch,branch_misses,861,250346489,250346489
1,stride16-clang18-scalar-r13-stride16_scan-scalar-warm-branch-262144,stride16-clang18-scalar,branch,cycles,548732822,250035789,250035789
1,stride16-clang18-scalar-r13-stride16_scan-scalar-warm-branch-262144,stride16-clang18-scalar,branch,branches,21558709,250034055,250034055
1,stride16-clang18-scalar-r13-stride16_scan-scalar-warm-branch-262144,stride16-clang18-scalar,branch,branch_misses,39476,250030398,250030398
1,stride16-clang18-scalar-r13-stride16_scan-scalar-warm-branch-32768,stride16-clang18-scalar,branch,cycles,548731409,250034258,250034258
1,stride16-clang18-scalar-r13-stride16_scan-scalar-warm-branch-32768,stride16-clang18-scalar,branch,branches,106491004,250033078,250033078
1,stride16-clang18-scalar-r13-stride16_scan-scalar-warm-branch-32768,stride16-clang18-scalar,branch,branch_misses,1076096,250029616,250029616
1,stride16-clang18-scalar-r13-stride16_scan-scalar-cache_evicted-branch-33554432,stride16-clang18-scalar,branch,cycles,549510567,250397514,250397514
1,stride16-clang18-scalar-r13-stride16_scan-scalar-cache_evicted-branch-33554432,stride16-clang18-scalar,branch,branches,6360506,250395953,250395953
1,stride16-clang18-scalar-r13-stride16_scan-scalar-cache_evicted-branch-33554432,stride16-clang18-scalar,branch,branch_misses,216,250391753,250391753
1,stride16-clang18-scalar-r13-stride16_scan-scalar-cache_evicted-basic-536870912,stride16-clang18-scalar,basic,cycles,628440833,286355616,286355616
1,stride16-clang18-scalar-r13-stride16_scan-scalar-cache_evicted-basic-536870912,stride16-clang18-scalar,basic,instructions,139462361,286354216,286354216
1,stride16-clang18-scalar-r13-stride16_scan-scalar-cache_evicted-basic-536870912,stride16-clang18-scalar,basic,ref_cycles,628443838,286350746,286350746
1,stride16-clang18-scalar-r13-stride16_scan-scalar-warm-branch-33554432,stride16-clang18-scalar,branch,cycles,553289372,252119053,252119053
1,stride16-clang18-scalar-r13-stride16_scan-scalar-warm-branch-33554432,stride16-clang18-scalar,branch,branches,6557219,252117271,252117271
1,stride16-clang18-scalar-r13-stride16_scan-scalar-warm-branch-33554432,stride16-clang18-scalar,branch,branch_misses,180,252112421,252112421
1,stride16-clang18-scalar-r13-stride16_scan-scalar-warm-basic-24576,stride16-clang18-scalar,basic,cycles,548731084,250034890,250034890
1,stride16-clang18-scalar-r13-stride16_scan-scalar-warm-basic-24576,stride16-clang18-scalar,basic,instructions,1775750587,250033036,250033036
1,stride16-clang18-scalar-r13-stride16_scan-scalar-warm-basic-24576,stride16-clang18-scalar,basic,ref_cycles,548733614,250029503,250029503
1,stride16-clang18-scalar-r13-stride16_scan-scalar-warm-basic-393216,stride16-clang18-scalar,basic,cycles,548733265,250037112,250037112
1,stride16-clang18-scalar-r13-stride16_scan-scalar-warm-basic-393216,stride16-clang18-scalar,basic,instructions,291732039,250035122,250035122
1,stride16-clang18-scalar-r13-stride16_scan-scalar-warm-basic-393216,stride16-clang18-scalar,basic,ref_cycles,548735858,250031494,250031494
1,stride16-clang18-scalar-r13-stride16_scan-scalar-warm-branch-8388608,stride16-clang18-scalar,branch,cycles,549614555,250445257,250445257
1,stride16-clang18-scalar-r13-stride16_scan-scalar-warm-branch-8388608,stride16-clang18-scalar,branch,branches,7109546,250446354,250446354
1,stride16-clang18-scalar-r13-stride16_scan-scalar-warm-branch-8388608,stride16-clang18-scalar,branch,branch_misses,484,250441958,250441958
1,stride16-clang18-scalar-r13-stride16_scan-scalar-cache_evicted-branch-262144,stride16-clang18-scalar,branch,cycles,548734630,250041253,250041253
1,stride16-clang18-scalar-r13-stride16_scan-scalar-cache_evicted-branch-262144,stride16-clang18-scalar,branch,branches,21217923,250038714,250038714
1,stride16-clang18-scalar-r13-stride16_scan-scalar-cache_evicted-branch-262144,stride16-clang18-scalar,branch,branch_misses,38852,250034024,250034024
1,stride16-clang18-scalar-r13-stride16_scan-scalar-warm-basic-49152,stride16-clang18-scalar,basic,cycles,548731215,250033250,250033250
1,stride16-clang18-scalar-r13-stride16_scan-scalar-warm-basic-49152,stride16-clang18-scalar,basic,instructions,556960412,250031794,250031794
1,stride16-clang18-scalar-r13-stride16_scan-scalar-warm-basic-49152,stride16-clang18-scalar,basic,ref_cycles,548733416,250028485,250028485
1,stride16-clang18-scalar-r13-stride16_scan-scalar-warm-basic-2097152,stride16-clang18-scalar,basic,cycles,548844740,250085694,250085694
1,stride16-clang18-scalar-r13-stride16_scan-scalar-warm-basic-2097152,stride16-clang18-scalar,basic,instructions,277964072,250084724,250084724
1,stride16-clang18-scalar-r13-stride16_scan-scalar-warm-basic-2097152,stride16-clang18-scalar,basic,ref_cycles,548847310,250081260,250081260
1,stride16-clang18-scalar-r13-stride16_scan-scalar-warm-basic-28672,stride16-clang18-scalar,basic,cycles,548730985,250033273,250033273
1,stride16-clang18-scalar-r13-stride16_scan-scalar-warm-basic-28672,stride16-clang18-scalar,basic,instructions,1770004561,250032304,250032304
1,stride16-clang18-scalar-r13-stride16_scan-scalar-warm-basic-28672,stride16-clang18-scalar,basic,ref_cycles,548734142,250029697,250029697
1,stride16-clang18-scalar-r13-stride16_scan-scalar-warm-branch-196608,stride16-clang18-scalar,branch,cycles,548734663,250035852,250035852
1,stride16-clang18-scalar-r13-stride16_scan-scalar-warm-branch-196608,stride16-clang18-scalar,branch,branches,32383414,250034043,250034043
1,stride16-clang18-scalar-r13-stride16_scan-scalar-warm-branch-196608,stride16-clang18-scalar,branch,branch_misses,77363,250030753,250030753
1,stride16-clang18-scalar-r13-stride16_scan-scalar-cache_evicted-basic-6291456,stride16-clang18-scalar,basic,cycles,548976886,250151589,250151589
1,stride16-clang18-scalar-r13-stride16_scan-scalar-cache_evicted-basic-6291456,stride16-clang18-scalar,basic,instructions,213080257,250151225,250151225
1,stride16-clang18-scalar-r13-stride16_scan-scalar-cache_evicted-basic-6291456,stride16-clang18-scalar,basic,ref_cycles,548981136,250147662,250147662
1,stride16-clang18-scalar-r13-stride16_scan-scalar-cache_evicted-basic-1048576,stride16-clang18-scalar,basic,cycles,548748656,250045961,250045961
1,stride16-clang18-scalar-r13-stride16_scan-scalar-cache_evicted-basic-1048576,stride16-clang18-scalar,basic,instructions,278172086,250044322,250044322
1,stride16-clang18-scalar-r13-stride16_scan-scalar-cache_evicted-basic-1048576,stride16-clang18-scalar,basic,ref_cycles,548751632,250040419,250040419
1,stride16-clang18-scalar-r13-stride16_scan-scalar-warm-branch-49152,stride16-clang18-scalar,branch,cycles,548733103,250035230,250035230
1,stride16-clang18-scalar-r13-stride16_scan-scalar-warm-branch-49152,stride16-clang18-scalar,branch,branches,36209960,250033884,250033884
1,stride16-clang18-scalar-r13-stride16_scan-scalar-warm-branch-49152,stride16-clang18-scalar,branch,branch_misses,276550,250030314,250030314
1,stride16-clang18-scalar-r13-stride16_scan-scalar-warm-basic-32768,stride16-clang18-scalar,basic,cycles,548731100,250033260,250033260
1,stride16-clang18-scalar-r13-stride16_scan-scalar-warm-basic-32768,stride16-clang18-scalar,basic,instructions,1602607544,250031910,250031910
1,stride16-clang18-scalar-r13-stride16_scan-scalar-warm-basic-32768,stride16-clang18-scalar,basic,ref_cycles,548733108,250028549,250028549
1,stride16-clang18-scalar-r13-stride16_scan-scalar-warm-branch-16384,stride16-clang18-scalar,branch,cycles,548731356,250035348,250035348
1,stride16-clang18-scalar-r13-stride16_scan-scalar-warm-branch-16384,stride16-clang18-scalar,branch,branches,156643509,250033719,250033719
1,stride16-clang18-scalar-r13-stride16_scan-scalar-warm-branch-16384,stride16-clang18-scalar,branch,branch_misses,753,250030205,250030205
1,stride16-clang18-scalar-r13-stride16_scan-scalar-warm-branch-229376,stride16-clang18-scalar,branch,cycles,548734942,250036158,250036158
1,stride16-clang18-scalar-r13-stride16_scan-scalar-warm-branch-229376,stride16-clang18-scalar,branch,branches,23767616,250034256,250034256
1,stride16-clang18-scalar-r13-stride16_scan-scalar-warm-branch-229376,stride16-clang18-scalar,branch,branch_misses,49270,250030712,250030712
1,stride16-clang18-scalar-r13-stride16_scan-scalar-warm-basic-8388608,stride16-clang18-scalar,basic,cycles,549198264,250251748,250251748
1,stride16-clang18-scalar-r13-stride16_scan-scalar-warm-basic-8388608,stride16-clang18-scalar,basic,instructions,183764355,250251530,250251530
1,stride16-clang18-scalar-r13-stride16_scan-scalar-warm-basic-8388608,stride16-clang18-scalar,basic,ref_cycles,549202500,250248368,250248368
1,stride16-clang18-scalar-r13-stride16_scan-scalar-cache_evicted-branch-536870912,stride16-clang18-scalar,branch,cycles,602572535,274570098,274570098
1,stride16-clang18-scalar-r13-stride16_scan-scalar-cache_evicted-branch-536870912,stride16-clang18-scalar,branch,branches,7340396,274569817,274569817
1,stride16-clang18-scalar-r13-stride16_scan-scalar-cache_evicted-branch-536870912,stride16-clang18-scalar,branch,branch_misses,68,274566495,274566495
1,stride16-clang18-scalar-r13-stride16_scan-scalar-warm-basic-5242880,stride16-clang18-scalar,basic,cycles,548755773,250046789,250046789
1,stride16-clang18-scalar-r13-stride16_scan-scalar-warm-basic-5242880,stride16-clang18-scalar,basic,instructions,274372329,250046871,250046871
1,stride16-clang18-scalar-r13-stride16_scan-scalar-warm-basic-5242880,stride16-clang18-scalar,basic,ref_cycles,548758914,250043418,250043418
1,stride16-clang18-scalar-r13-stride16_scan-scalar-warm-branch-393216,stride16-clang18-scalar,branch,cycles,548758109,250046492,250046492
1,stride16-clang18-scalar-r13-stride16_scan-scalar-warm-branch-393216,stride16-clang18-scalar,branch,branches,15197712,250043946,250043946
1,stride16-clang18-scalar-r13-stride16_scan-scalar-warm-branch-393216,stride16-clang18-scalar,branch,branch_misses,18978,250040731,250040731
1,stride16-clang18-scalar-r13-stride16_scan-scalar-cache_evicted-basic-8388608,stride16-clang18-scalar,basic,cycles,549188271,250248389,250248389
1,stride16-clang18-scalar-r13-stride16_scan-scalar-cache_evicted-basic-8388608,stride16-clang18-scalar,basic,instructions,191550937,250247796,250247796
1,stride16-clang18-scalar-r13-stride16_scan-scalar-cache_evicted-basic-8388608,stride16-clang18-scalar,basic,ref_cycles,549192534,250244699,250244699
1,stride16-clang18-scalar-r13-stride16_scan-scalar-warm-basic-7340032,stride16-clang18-scalar,basic,cycles,549295995,250296682,250296682
1,stride16-clang18-scalar-r13-stride16_scan-scalar-warm-basic-7340032,stride16-clang18-scalar,basic,instructions,209865648,250296289,250296289
1,stride16-clang18-scalar-r13-stride16_scan-scalar-warm-basic-7340032,stride16-clang18-scalar,basic,ref_cycles,549299586,250292966,250292966
1,stride16-clang18-scalar-r13-stride16_scan-scalar-warm-branch-6291456,stride16-clang18-scalar,branch,cycles,548788238,250066103,250066103
1,stride16-clang18-scalar-r13-stride16_scan-scalar-warm-branch-6291456,stride16-clang18-scalar,branch,branches,12926949,250065866,250065866
1,stride16-clang18-scalar-r13-stride16_scan-scalar-warm-branch-6291456,stride16-clang18-scalar,branch,branch_misses,1097,250061771,250061771
1,stride16-clang18-scalar-r13-stride16_scan-scalar-warm-branch-24576,stride16-clang18-scalar,branch,cycles,548731031,250033321,250033321
1,stride16-clang18-scalar-r13-stride16_scan-scalar-warm-branch-24576,stride16-clang18-scalar,branch,branches,137826252,250031871,250031871
1,stride16-clang18-scalar-r13-stride16_scan-scalar-warm-branch-24576,stride16-clang18-scalar,branch,branch_misses,1660991,250028217,250028217
1,stride16-clang18-scalar-r13-stride16_scan-scalar-cache_evicted-branch-8388608,stride16-clang18-scalar,branch,cycles,549274846,250287644,250287644
1,stride16-clang18-scalar-r13-stride16_scan-scalar-cache_evicted-branch-8388608,stride16-clang18-scalar,branch,branches,9818681,250287281,250287281
1,stride16-clang18-scalar-r13-stride16_scan-scalar-cache_evicted-branch-8388608,stride16-clang18-scalar,branch,branch_misses,644,250283636,250283636
1,stride16-clang18-scalar-r13-stride16_scan-scalar-warm-branch-28672,stride16-clang18-scalar,branch,cycles,548731249,250033906,250033906
1,stride16-clang18-scalar-r13-stride16_scan-scalar-warm-branch-28672,stride16-clang18-scalar,branch,branches,131384696,250032619,250032619
1,stride16-clang18-scalar-r13-stride16_scan-scalar-warm-branch-28672,stride16-clang18-scalar,branch,branch_misses,1444153,250028874,250028874
1,stride16-clang18-scalar-r13-stride16_scan-scalar-warm-basic-229376,stride16-clang18-scalar,basic,cycles,548733005,250034760,250034760
1,stride16-clang18-scalar-r13-stride16_scan-scalar-warm-basic-229376,stride16-clang18-scalar,basic,instructions,419591922,250032194,250032194
1,stride16-clang18-scalar-r13-stride16_scan-scalar-warm-basic-229376,stride16-clang18-scalar,basic,ref_cycles,548735286,250028993,250028993
1,stride16-clang18-scalar-r13-stride16_scan-scalar-warm-branch-36864,stride16-clang18-scalar,branch,cycles,548730600,250032636,250032636
1,stride16-clang18-scalar-r13-stride16_scan-scalar-warm-branch-36864,stride16-clang18-scalar,branch,branches,38006580,250030266,250030266
1,stride16-clang18-scalar-r13-stride16_scan-scalar-warm-branch-36864,stride16-clang18-scalar,branch,branch_misses,355327,250026674,250026674
1,stride16-clang18-scalar-r13-stride16_scan-scalar-warm-branch-8192,stride16-clang18-scalar,branch,cycles,548731044,250034767,250034767
1,stride16-clang18-scalar-r13-stride16_scan-scalar-warm-branch-8192,stride16-clang18-scalar,branch,branches,189858116,250033371,250033371
1,stride16-clang18-scalar-r13-stride16_scan-scalar-warm-branch-8192,stride16-clang18-scalar,branch,branch_misses,652,250029512,250029512
1,stride16-clang18-scalar-r13-stride16_scan-scalar-warm-basic-4194304,stride16-clang18-scalar,basic,cycles,548842060,250086077,250086077
1,stride16-clang18-scalar-r13-stride16_scan-scalar-warm-basic-4194304,stride16-clang18-scalar,basic,instructions,277197295,250086561,250086561
1,stride16-clang18-scalar-r13-stride16_scan-scalar-warm-basic-4194304,stride16-clang18-scalar,basic,ref_cycles,548845594,250083408,250083408
1,stride16-clang18-scalar-r13-stride16_scan-scalar-warm-basic-65536,stride16-clang18-scalar,basic,cycles,548732289,250032961,250032961
1,stride16-clang18-scalar-r13-stride16_scan-scalar-warm-basic-65536,stride16-clang18-scalar,basic,instructions,540905001,250031109,250031109
1,stride16-clang18-scalar-r13-stride16_scan-scalar-warm-basic-65536,stride16-clang18-scalar,basic,ref_cycles,548734604,250027749,250027749
1,stride16-clang18-scalar-r13-stride16_scan-scalar-warm-basic-33554432,stride16-clang18-scalar,basic,cycles,548819630,250079662,250079662
1,stride16-clang18-scalar-r13-stride16_scan-scalar-warm-basic-33554432,stride16-clang18-scalar,basic,instructions,129517185,250078714,250078714
1,stride16-clang18-scalar-r13-stride16_scan-scalar-warm-basic-33554432,stride16-clang18-scalar,basic,ref_cycles,548823352,250075240,250075240
1,stride16-clang18-scalar-r13-stride16_scan-scalar-warm-basic-262144,stride16-clang18-scalar,basic,cycles,548732603,250033746,250033746
1,stride16-clang18-scalar-r13-stride16_scan-scalar-warm-basic-262144,stride16-clang18-scalar,basic,instructions,399869551,250031210,250031210
1,stride16-clang18-scalar-r13-stride16_scan-scalar-warm-basic-262144,stride16-clang18-scalar,basic,ref_cycles,548734186,250028133,250028133
1,stride16-clang18-scalar-r13-stride16_scan-scalar-cache_evicted-basic-32768,stride16-clang18-scalar,basic,cycles,548731009,250033888,250033888
1,stride16-clang18-scalar-r13-stride16_scan-scalar-cache_evicted-basic-32768,stride16-clang18-scalar,basic,instructions,1549512555,250032550,250032550
1,stride16-clang18-scalar-r13-stride16_scan-scalar-cache_evicted-basic-32768,stride16-clang18-scalar,basic,ref_cycles,548733548,250029290,250029290
1,stride16-clang18-scalar-r13-stride16_scan-scalar-warm-branch-12582912,stride16-clang18-scalar,branch,cycles,549009795,250168132,250168132
1,stride16-clang18-scalar-r13-stride16_scan-scalar-warm-branch-12582912,stride16-clang18-scalar,branch,branches,7875639,250166854,250166854
1,stride16-clang18-scalar-r13-stride16_scan-scalar-warm-branch-12582912,stride16-clang18-scalar,branch,branch_misses,371,250163067,250163067
1,stride16-clang18-scalar-r13-stride16_scan-scalar-warm-basic-6291456,stride16-clang18-scalar,basic,cycles,549025504,250171078,250171078
1,stride16-clang18-scalar-r13-stride16_scan-scalar-warm-basic-6291456,stride16-clang18-scalar,basic,instructions,247425337,250171977,250171977
1,stride16-clang18-scalar-r13-stride16_scan-scalar-warm-basic-6291456,stride16-clang18-scalar,basic,ref_cycles,549029008,250169002,250169002
1,stride16-clang18-scalar-r13-stride16_scan-scalar-warm-branch-524288,stride16-clang18-scalar,branch,cycles,548767885,250050916,250050916
1,stride16-clang18-scalar-r13-stride16_scan-scalar-warm-branch-524288,stride16-clang18-scalar,branch,branches,15063423,250048790,250048790
1,stride16-clang18-scalar-r13-stride16_scan-scalar-warm-branch-524288,stride16-clang18-scalar,branch,branch_misses,14288,250045365,250045365
1,stride16-clang18-scalar-r13-stride16_scan-scalar-warm-branch-2097152,stride16-clang18-scalar,branch,cycles,548854245,250090973,250090973
1,stride16-clang18-scalar-r13-stride16_scan-scalar-warm-branch-2097152,stride16-clang18-scalar,branch,branches,14743658,250089037,250089037
1,stride16-clang18-scalar-r13-stride16_scan-scalar-warm-branch-2097152,stride16-clang18-scalar,branch,branch_misses,3613,250085940,250085940
1,stride16-clang18-scalar-r13-stride16_scan-scalar-cache_evicted-branch-1048576,stride16-clang18-scalar,branch,cycles,548807663,250070494,250070494
1,stride16-clang18-scalar-r13-stride16_scan-scalar-cache_evicted-branch-1048576,stride16-clang18-scalar,branch,branches,14849826,250068423,250068423
1,stride16-clang18-scalar-r13-stride16_scan-scalar-cache_evicted-branch-1048576,stride16-clang18-scalar,branch,branch_misses,7171,250064477,250064477
1,stride16-clang18-scalar-r13-stride16_scan-scalar-warm-basic-196608,stride16-clang18-scalar,basic,cycles,548733573,250034236,250034236
1,stride16-clang18-scalar-r13-stride16_scan-scalar-warm-basic-196608,stride16-clang18-scalar,basic,instructions,493415887,250032396,250032396
1,stride16-clang18-scalar-r13-stride16_scan-scalar-warm-basic-196608,stride16-clang18-scalar,basic,ref_cycles,548735792,250028698,250028698
1,stride16-clang18-scalar-r13-stride16_scan-scalar-warm-basic-131072,stride16-clang18-scalar,basic,cycles,548732310,250033485,250033485
1,stride16-clang18-scalar-r13-stride16_scan-scalar-warm-basic-131072,stride16-clang18-scalar,basic,instructions,541789212,250031074,250031074
1,stride16-clang18-scalar-r13-stride16_scan-scalar-warm-basic-131072,stride16-clang18-scalar,basic,ref_cycles,548733746,250027549,250027549
1,stride16-clang18-scalar-r13-stride16_scan-scalar-cache_evicted-branch-32768,stride16-clang18-scalar,branch,cycles,548731214,250034164,250034164
1,stride16-clang18-scalar-r13-stride16_scan-scalar-cache_evicted-branch-32768,stride16-clang18-scalar,branch,branches,117747800,250033467,250033467
1,stride16-clang18-scalar-r13-stride16_scan-scalar-cache_evicted-branch-32768,stride16-clang18-scalar,branch,branch_misses,1189701,250029990,250029990
1,stride16-clang18-scalar-r13-stride16_scan-scalar-warm-branch-98304,stride16-clang18-scalar,branch,cycles,548734381,250035982,250035982
1,stride16-clang18-scalar-r13-stride16_scan-scalar-warm-branch-98304,stride16-clang18-scalar,branch,branches,31643718,250034590,250034590
1,stride16-clang18-scalar-r13-stride16_scan-scalar-warm-branch-98304,stride16-clang18-scalar,branch,branch_misses,139517,250030970,250030970
1,stride16-clang18-scalar-r13-stride16_scan-scalar-warm-branch-1048576,stride16-clang18-scalar,branch,cycles,548731761,250033883,250033883
1,stride16-clang18-scalar-r13-stride16_scan-scalar-warm-branch-1048576,stride16-clang18-scalar,branch,branches,14851928,250032052,250032052
1,stride16-clang18-scalar-r13-stride16_scan-scalar-warm-branch-1048576,stride16-clang18-scalar,branch,branch_misses,7185,250028271,250028271
1,stride16-clang18-scalar-r13-stride16_scan-scalar-warm-branch-134217728,stride16-clang18-scalar,branch,cycles,569514268,259509257,259509257
1,stride16-clang18-scalar-r13-stride16_scan-scalar-warm-branch-134217728,stride16-clang18-scalar,branch,branches,7078952,259509385,259509385
1,stride16-clang18-scalar-r13-stride16_scan-scalar-warm-branch-134217728,stride16-clang18-scalar,branch,branch_misses,54,259505887,259505887
1,stride16-clang18-scalar-r13-stride16_scan-scalar-warm-branch-131072,stride16-clang18-scalar,branch,cycles,548733489,250035175,250035175
1,stride16-clang18-scalar-r13-stride16_scan-scalar-warm-branch-131072,stride16-clang18-scalar,branch,branches,31196304,250033093,250033093
1,stride16-clang18-scalar-r13-stride16_scan-scalar-warm-branch-131072,stride16-clang18-scalar,branch,branch_misses,107289,250029368,250029368
1,stride16-clang18-scalar-r13-stride16_scan-scalar-warm-basic-36864,stride16-clang18-scalar,basic,cycles,548732416,250033305,250033305
1,stride16-clang18-scalar-r13-stride16_scan-scalar-warm-basic-36864,stride16-clang18-scalar,basic,instructions,542197019,250031519,250031519
1,stride16-clang18-scalar-r13-stride16_scan-scalar-warm-basic-36864,stride16-clang18-scalar,basic,ref_cycles,548734076,250028424,250028424
1,stride16-clang18-scalar-r13-stride16_scan-scalar-cache_evicted-basic-262144,stride16-clang18-scalar,basic,cycles,548742498,250039198,250039198
1,stride16-clang18-scalar-r13-stride16_scan-scalar-cache_evicted-basic-262144,stride16-clang18-scalar,basic,instructions,400888763,250037519,250037519
1,stride16-clang18-scalar-r13-stride16_scan-scalar-cache_evicted-basic-262144,stride16-clang18-scalar,basic,ref_cycles,548744614,250033969,250033969
1,stride16-clang18-scalar-r13-stride16_scan-scalar-warm-basic-536870912,stride16-clang18-scalar,basic,cycles,598349989,272644331,272644331
1,stride16-clang18-scalar-r13-stride16_scan-scalar-warm-basic-536870912,stride16-clang18-scalar,basic,instructions,139462389,272644568,272644568
1,stride16-clang18-scalar-r13-stride16_scan-scalar-warm-basic-536870912,stride16-clang18-scalar,basic,ref_cycles,598353294,272641372,272641372
1,stride16-clang18-scalar-r13-stride16_scan-scalar-warm-basic-16384,stride16-clang18-scalar,basic,cycles,548730660,250033757,250033757
1,stride16-clang18-scalar-r13-stride16_scan-scalar-warm-basic-16384,stride16-clang18-scalar,basic,instructions,1826559210,250031937,250031937
1,stride16-clang18-scalar-r13-stride16_scan-scalar-warm-basic-16384,stride16-clang18-scalar,basic,ref_cycles,548732712,250028424,250028424
1,stride16-clang18-scalar-r13-stride16_scan-scalar-warm-branch-7340032,stride16-clang18-scalar,branch,cycles,549366866,250328790,250328790
1,stride16-clang18-scalar-r13-stride16_scan-scalar-warm-branch-7340032,stride16-clang18-scalar,branch,branches,11094531,250328361,250328361
1,stride16-clang18-scalar-r13-stride16_scan-scalar-warm-branch-7340032,stride16-clang18-scalar,branch,branch_misses,820,250324455,250324455
1,stride16-clang18-scalar-r14-stride16_scan-scalar-warm-basic-1048576,stride16-clang18-scalar,basic,cycles,548804364,250066889,250066889
1,stride16-clang18-scalar-r14-stride16_scan-scalar-warm-basic-1048576,stride16-clang18-scalar,basic,instructions,278601979,250064775,250064775
1,stride16-clang18-scalar-r14-stride16_scan-scalar-warm-basic-1048576,stride16-clang18-scalar,basic,ref_cycles,548806588,250061158,250061158
1,stride16-clang18-scalar-r14-stride16_scan-scalar-warm-branch-2097152,stride16-clang18-scalar,branch,cycles,548815327,250072300,250072300
1,stride16-clang18-scalar-r14-stride16_scan-scalar-warm-branch-2097152,stride16-clang18-scalar,branch,branches,14743685,250070649,250070649
1,stride16-clang18-scalar-r14-stride16_scan-scalar-warm-branch-2097152,stride16-clang18-scalar,branch,branch_misses,3624,250067072,250067072
1,stride16-clang18-scalar-r14-stride16_scan-scalar-warm-branch-49152,stride16-clang18-scalar,branch,cycles,548731102,250032533,250032533
1,stride16-clang18-scalar-r14-stride16_scan-scalar-warm-branch-49152,stride16-clang18-scalar,branch,branches,35839567,250029812,250029812
1,stride16-clang18-scalar-r14-stride16_scan-scalar-warm-branch-49152,stride16-clang18-scalar,branch,branch_misses,273703,250026170,250026170
1,stride16-clang18-scalar-r14-stride16_scan-scalar-cache_evicted-branch-1048576,stride16-clang18-scalar,branch,cycles,548734639,250037004,250037004
1,stride16-clang18-scalar-r14-stride16_scan-scalar-cache_evicted-branch-1048576,stride16-clang18-scalar,branch,branches,14847750,250035550,250035550
1,stride16-clang18-scalar-r14-stride16_scan-scalar-cache_evicted-branch-1048576,stride16-clang18-scalar,branch,branch_misses,7177,250031936,250031936
1,stride16-clang18-scalar-r14-stride16_scan-scalar-cache_evicted-basic-1048576,stride16-clang18-scalar,basic,cycles,548799161,250064648,250064648
1,stride16-clang18-scalar-r14-stride16_scan-scalar-cache_evicted-basic-1048576,stride16-clang18-scalar,basic,instructions,278523929,250063346,250063346
1,stride16-clang18-scalar-r14-stride16_scan-scalar-cache_evicted-basic-1048576,stride16-clang18-scalar,basic,ref_cycles,548801946,250060578,250060578
1,stride16-clang18-scalar-r14-stride16_scan-scalar-cache_evicted-branch-8388608,stride16-clang18-scalar,branch,cycles,549650769,250459344,250459344
1,stride16-clang18-scalar-r14-stride16_scan-scalar-cache_evicted-branch-8388608,stride16-clang18-scalar,branch,branches,9785843,250457818,250457818
1,stride16-clang18-scalar-r14-stride16_scan-scalar-cache_evicted-branch-8388608,stride16-clang18-scalar,branch,branch_misses,649,250454356,250454356
1,stride16-clang18-scalar-r14-stride16_scan-scalar-warm-branch-134217728,stride16-clang18-scalar,branch,cycles,550502209,250848317,250848317
1,stride16-clang18-scalar-r14-stride16_scan-scalar-warm-branch-134217728,stride16-clang18-scalar,branch,branches,6816773,250847838,250847838
1,stride16-clang18-scalar-r14-stride16_scan-scalar-warm-branch-134217728,stride16-clang18-scalar,branch,branch_misses,58,250843515,250843515
1,stride16-clang18-scalar-r14-stride16_scan-scalar-warm-basic-2097152,stride16-clang18-scalar,basic,cycles,548822081,250076038,250076038
1,stride16-clang18-scalar-r14-stride16_scan-scalar-warm-basic-2097152,stride16-clang18-scalar,basic,instructions,278432017,250074786,250074786
1,stride16-clang18-scalar-r14-stride16_scan-scalar-warm-basic-2097152,stride16-clang18-scalar,basic,ref_cycles,548824980,250071686,250071686
1,stride16-clang18-scalar-r14-stride16_scan-scalar-warm-branch-6291456,stride16-clang18-scalar,branch,cycles,548831454,250085315,250085315
1,stride16-clang18-scalar-r14-stride16_scan-scalar-warm-branch-6291456,stride16-clang18-scalar,branch,branches,13111796,250085423,250085423
1,stride16-clang18-scalar-r14-stride16_scan-scalar-warm-branch-6291456,stride16-clang18-scalar,branch,branch_misses,1114,250082209,250082209
1,stride16-clang18-scalar-r14-stride16_scan-scalar-warm-branch-5242880,stride16-clang18-scalar,branch,cycles,549032791,250175310,250175310
1,stride16-clang18-scalar-r14-stride16_scan-scalar-warm-branch-5242880,stride16-clang18-scalar,branch,branches,14374844,250174589,250174589
1,stride16-clang18-scalar-r14-stride16_scan-scalar-warm-branch-5242880,stride16-clang18-scalar,branch,branch_misses,1447,250171295,250171295
1,stride16-clang18-scalar-r14-stride16_scan-scalar-cache_evicted-branch-536870912,stride16-clang18-scalar,branch,cycles,600054648,273424596,273424596
1,stride16-clang18-scalar-r14-stride16_scan-scalar-cache_evicted-branch-536870912,stride16-clang18-scalar,branch,branches,7340396,273423290,273423290
1,stride16-clang18-scalar-r14-stride16_scan-scalar-cache_evicted-branch-536870912,stride16-clang18-scalar,branch,branch_misses,59,273418871,273418871
1,stride16-clang18-scalar-r14-stride16_scan-scalar-warm-branch-262144,stride16-clang18-scalar,branch,cycles,548741001,250038565,250038565
1,stride16-clang18-scalar-r14-stride16_scan-scalar-warm-branch-262144,stride16-clang18-scalar,branch,branches,21114356,250035992,250035992
1,stride16-clang18-scalar-r14-stride16_scan-scalar-warm-branch-262144,stride16-clang18-scalar,branch,branch_misses,38660,250032360,250032360
1,stride16-clang18-scalar-r14-stride16_scan-scalar-cache_evicted-branch-262144,stride16-clang18-scalar,branch,cycles,548742599,250040589,250040589
1,stride16-clang18-scalar-r14-stride16_scan-scalar-cache_evicted-branch-262144,stride16-clang18-scalar,branch,branches,20402337,250039098,250039098
1,stride16-clang18-scalar-r14-stride16_scan-scalar-cache_evicted-branch-262144,stride16-clang18-scalar,branch,branch_misses,37369,250035406,250035406
1,stride16-clang18-scalar-r14-stride16_scan-scalar-warm-branch-36864,stride16-clang18-scalar,branch,cycles,548731111,250033048,250033048
1,stride16-clang18-scalar-r14-stride16_scan-scalar-warm-branch-36864,stride16-clang18-scalar,branch,branches,38370182,250031163,250031163
1,stride16-clang18-scalar-r14-stride16_scan-scalar-warm-branch-36864,stride16-clang18-scalar,branch,branch_misses,358734,250027946,250027946
1,stride16-clang18-scalar-r14-stride16_scan-scalar-cache_evicted-basic-33554432,stride16-clang18-scalar,basic,cycles,553246612,252097199,252097199
1,stride16-clang18-scalar-r14-stride16_scan-scalar-cache_evicted-basic-33554432,stride16-clang18-scalar,basic,instructions,132007889,252097809,252097809
1,stride16-clang18-scalar-r14-stride16_scan-scalar-cache_evicted-basic-33554432,stride16-clang18-scalar,basic,ref_cycles,553250500,252094677,252094677
1,stride16-clang18-scalar-r14-stride16_scan-scalar-warm-branch-229376,stride16-clang18-scalar,branch,cycles,548736794,250037742,250037742
1,stride16-clang18-scalar-r14-stride16_scan-scalar-warm-branch-229376,stride16-clang18-scalar,branch,branches,27602660,250034785,250034785
1,stride16-clang18-scalar-r14-stride16_scan-scalar-warm-branch-229376,stride16-clang18-scalar,branch,branch_misses,57221,250031474,250031474
1,stride16-clang18-scalar-r14-stride16_scan-scalar-warm-branch-65536,stride16-clang18-scalar,branch,cycles,548731039,250032780,250032780
1,stride16-clang18-scalar-r14-stride16_scan-scalar-warm-branch-65536,stride16-clang18-scalar,branch,branches,33880942,250029404,250029404
1,stride16-clang18-scalar-r14-stride16_scan-scalar-warm-branch-65536,stride16-clang18-scalar,branch,branch_misses,207988,250025673,250025673
1,stride16-clang18-scalar-r14-stride16_scan-scalar-warm-branch-294912,stride16-clang18-scalar,branch,cycles,548743999,250039453,250039453
1,stride16-clang18-scalar-r14-stride16_scan-scalar-warm-branch-294912,stride16-clang18-scalar,branch,branches,18317291,250038566,250038566
1,stride16-clang18-scalar-r14-stride16_scan-scalar-warm-branch-294912,stride16-clang18-scalar,branch,branch_misses,30029,250034550,250034550
1,stride16-clang18-scalar-r14-stride16_scan-scalar-warm-basic-262144,stride16-clang18-scalar,basic,cycles,548737868,250035929,250035929
1,stride16-clang18-scalar-r14-stride16_scan-scalar-warm-basic-262144,stride16-clang18-scalar,basic,instructions,331655163,250034260,250034260
1,stride16-clang18-scalar-r14-stride16_scan-scalar-warm-basic-262144,stride16-clang18-scalar,basic,ref_cycles,548740170,250030963,250030963
1,stride16-clang18-scalar-r14-stride16_scan-scalar-warm-branch-524288,stride16-clang18-scalar,branch,cycles,548757520,250045513,250045513
1,stride16-clang18-scalar-r14-stride16_scan-scalar-warm-branch-524288,stride16-clang18-scalar,branch,branches,15064406,250042251,250042251
1,stride16-clang18-scalar-r14-stride16_scan-scalar-warm-branch-524288,stride16-clang18-scalar,branch,branch_misses,14274,250038521,250038521
1,stride16-clang18-scalar-r14-stride16_scan-scalar-warm-branch-98304,stride16-clang18-scalar,branch,cycles,548732971,250033021,250033021
1,stride16-clang18-scalar-r14-stride16_scan-scalar-warm-branch-98304,stride16-clang18-scalar,branch,branches,32017554,250030538,250030538
1,stride16-clang18-scalar-r14-stride16_scan-scalar-warm-branch-98304,stride16-clang18-scalar,branch,branch_misses,141127,250027170,250027170
1,stride16-clang18-scalar-r14-stride16_scan-scalar-warm-branch-28672,stride16-clang18-scalar,branch,cycles,548730456,250032321,250032321
1,stride16-clang18-scalar-r14-stride16_scan-scalar-warm-branch-28672,stride16-clang18-scalar,branch,branches,131846452,250030366,250030366
1,stride16-clang18-scalar-r14-stride16_scan-scalar-warm-branch-28672,stride16-clang18-scalar,branch,branch_misses,1449216,250026300,250026300
1,stride16-clang18-scalar-r14-stride16_scan-scalar-warm-branch-196608,stride16-clang18-scalar,branch,cycles,548737505,250036152,250036152
1,stride16-clang18-scalar-r14-stride16_scan-scalar-warm-branch-196608,stride16-clang18-scalar,branch,branches,31707596,250035018,250035018
1,stride16-clang18-scalar-r14-stride16_scan-scalar-warm-branch-196608,stride16-clang18-scalar,branch,branch_misses,75749,250031661,250031661
1,stride16-clang18-scalar-r14-stride16_scan-scalar-warm-branch-393216,stride16-clang18-scalar,branch,cycles,548753469,250043006,250043006
1,stride16-clang18-scalar-r14-stride16_scan-scalar-warm-branch-393216,stride16-clang18-scalar,branch,branches,15916394,250039835,250039835
1,stride16-clang18-scalar-r14-stride16_scan-scalar-warm-branch-393216,stride16-clang18-scalar,branch,branch_misses,19870,250036439,250036439
1,stride16-clang18-scalar-r14-stride16_scan-scalar-cache_evicted-branch-32768,stride16-clang18-scalar,branch,cycles,548730667,250032902,250032902
1,stride16-clang18-scalar-r14-stride16_scan-scalar-cache_evicted-branch-32768,stride16-clang18-scalar,branch,branches,114080202,250030380,250030380
1,stride16-clang18-scalar-r14-stride16_scan-scalar-cache_evicted-branch-32768,stride16-clang18-scalar,branch,branch_misses,1152672,250026458,250026458
1,stride16-clang18-scalar-r14-stride16_scan-scalar-warm-basic-98304,stride16-clang18-scalar,basic,cycles,548730648,250030297,250030297
1,stride16-clang18-scalar-r14-stride16_scan-scalar-warm-basic-98304,stride16-clang18-scalar,basic,instructions,538564259,250028146,250028146
1,stride16-clang18-scalar-r14-stride16_scan-scalar-warm-basic-98304,stride16-clang18-scalar,basic,ref_cycles,548731656,250024574,250024574
1,stride16-clang18-scalar-r14-stride16_scan-scalar-cache_evicted-basic-536870912,stride16-clang18-scalar,basic,cycles,598552229,272736694,272736694
1,stride16-clang18-scalar-r14-stride16_scan-scalar-cache_evicted-basic-536870912,stride16-clang18-scalar,basic,instructions,139462389,272737547,272737547
1,stride16-clang18-scalar-r14-stride16_scan-scalar-cache_evicted-basic-536870912,stride16-clang18-scalar,basic,ref_cycles,598555892,272733912,272733912
1,stride16-clang18-scalar-r14-stride16_scan-scalar-warm-branch-32768,stride16-clang18-scalar,branch,cycles,548730172,250032336,250032336
1,stride16-clang18-scalar-r14-stride16_scan-scalar-warm-branch-32768,stride16-clang18-scalar,branch,branches,111851833,250028824,250028824
1,stride16-clang18-scalar-r14-stride16_scan-scalar-warm-branch-32768,stride16-clang18-scalar,branch,branch_misses,1130146,250024451,250024451
1,stride16-clang18-scalar-r14-stride16_scan-scalar-warm-branch-24576,stride16-clang18-scalar,branch,cycles,548730262,250031308,250031308
1,stride16-clang18-scalar-r14-stride16_scan-scalar-warm-branch-24576,stride16-clang18-scalar,branch,branches,137873442,250028204,250028204
1,stride16-clang18-scalar-r14-stride16_scan-scalar-warm-branch-24576,stride16-clang18-scalar,branch,branch_misses,1661437,250024441,250024441
1,stride16-clang18-scalar-r14-stride16_scan-scalar-warm-basic-229376,stride16-clang18-scalar,basic,cycles,548736796,250034932,250034932
1,stride16-clang18-scalar-r14-stride16_scan-scalar-warm-basic-229376,stride16-clang18-scalar,basic,instructions,386451759,250032670,250032670
1,stride16-clang18-scalar-r14-stride16_scan-scalar-warm-basic-229376,stride16-clang18-scalar,basic,ref_cycles,548738234,250028686,250028686
1,stride16-clang18-scalar-r14-stride16_scan-scalar-warm-branch-131072,stride16-clang18-scalar,branch,cycles,548735045,250035596,250035596
1,stride16-clang18-scalar-r14-stride16_scan-scalar-warm-branch-131072,stride16-clang18-scalar,branch,branches,31327846,250033078,250033078
1,stride16-clang18-scalar-r14-stride16_scan-scalar-warm-branch-131072,stride16-clang18-scalar,branch,branch_misses,107732,250029411,250029411
1,stride16-clang18-scalar-r14-stride16_scan-scalar-warm-basic-65536,stride16-clang18-scalar,basic,cycles,548731652,250033360,250033360
1,stride16-clang18-scalar-r14-stride16_scan-scalar-warm-basic-65536,stride16-clang18-scalar,basic,instructions,535133008,250031654,250031654
1,stride16-clang18-scalar-r14-stride16_scan-scalar-warm-basic-65536,stride16-clang18-scalar,basic,ref_cycles,548733812,250028453,250028453
1,stride16-clang18-scalar-r14-stride16_scan-scalar-warm-basic-16384,stride16-clang18-scalar,basic,cycles,548731209,250033052,250033052
1,stride16-clang18-scalar-r14-stride16_scan-scalar-warm-basic-16384,stride16-clang18-scalar,basic,instructions,1814511678,250031530,250031530
1,stride16-clang18-scalar-r14-stride16_scan-scalar-warm-basic-16384,stride16-clang18-scalar,basic,ref_cycles,548733636,250028171,250028171
1,stride16-clang18-scalar-r14-stride16_scan-scalar-warm-basic-131072,stride16-clang18-scalar,basic,cycles,548734005,250034895,250034895
1,stride16-clang18-scalar-r14-stride16_scan-scalar-warm-basic-131072,stride16-clang18-scalar,basic,instructions,549625996,250031107,250031107
1,stride16-clang18-scalar-r14-stride16_scan-scalar-warm-basic-131072,stride16-clang18-scalar,basic,ref_cycles,548735154,250027200,250027200
1,stride16-clang18-scalar-r14-stride16_scan-scalar-cache_evicted-basic-8388608,stride16-clang18-scalar,basic,cycles,549552900,250413636,250413636
1,stride16-clang18-scalar-r14-stride16_scan-scalar-cache_evicted-basic-8388608,stride16-clang18-scalar,basic,instructions,189059225,250413890,250413890
1,stride16-clang18-scalar-r14-stride16_scan-scalar-cache_evicted-basic-8388608,stride16-clang18-scalar,basic,ref_cycles,549556502,250410430,250410430
1,stride16-clang18-scalar-r14-stride16_scan-scalar-warm-basic-24576,stride16-clang18-scalar,basic,cycles,548730716,250031810,250031810
1,stride16-clang18-scalar-r14-stride16_scan-scalar-warm-basic-24576,stride16-clang18-scalar,basic,instructions,1793874195,250029137,250029137
1,stride16-clang18-scalar-r14-stride16_scan-scalar-warm-basic-24576,stride16-clang18-scalar,basic,ref_cycles,548731920,250025500,250025500
1,stride16-clang18-scalar-r14-stride16_scan-scalar-warm-branch-536870912,stride16-clang18-scalar,branch,cycles,597822837,272406767,272406767
1,stride16-clang18-scalar-r14-stride16_scan-scalar-warm-branch-536870912,stride16-clang18-scalar,branch,branches,7340396,272405783,272405783
1,stride16-clang18-scalar-r14-stride16_scan-scalar-warm-branch-536870912,stride16-clang18-scalar,branch,branch_misses,63,272401913,272401913
1,stride16-clang18-scalar-r14-stride16_scan-scalar-warm-basic-134217728,stride16-clang18-scalar,basic,cycles,554556638,252693350,252693350
1,stride16-clang18-scalar-r14-stride16_scan-scalar-warm-basic-134217728,stride16-clang18-scalar,basic,instructions,129504081,252692264,252692264
1,stride16-clang18-scalar-r14-stride16_scan-scalar-warm-basic-134217728,stride16-clang18-scalar,basic,ref_cycles,554560072,252688826,252688826
1,stride16-clang18-scalar-r14-stride16_scan-scalar-cache_evicted-branch-33554432,stride16-clang18-scalar,branch,cycles,552593084,251799797,251799797
1,stride16-clang18-scalar-r14-stride16_scan-scalar-cache_evicted-branch-33554432,stride16-clang18-scalar,branch,branches,6950645,251799115,251799115
1,stride16-clang18-scalar-r14-stride16_scan-scalar-cache_evicted-branch-33554432,stride16-clang18-scalar,branch,branch_misses,144,251795191,251795191
1,stride16-clang18-scalar-r14-stride16_scan-scalar-warm-basic-8192,stride16-clang18-scalar,basic,cycles,548731069,250032651,250032651
1,stride16-clang18-scalar-r14-stride16_scan-scalar-warm-basic-8192,stride16-clang18-scalar,basic,instructions,1686593235,250031424,250031424
1,stride16-clang18-scalar-r14-stride16_scan-scalar-warm-basic-8192,stride16-clang18-scalar,basic,ref_cycles,548733878,250028771,250028771
1,stride16-clang18-scalar-r14-stride16_scan-scalar-cache_evicted-branch-6291456,stride16-clang18-scalar,branch,cycles,548988697,250156672,250156672
1,stride16-clang18-scalar-r14-stride16_scan-scalar-cache_evicted-branch-6291456,stride16-clang18-scalar,branch,branches,12742108,250157368,250157368
1,stride16-clang18-scalar-r14-stride16_scan-scalar-cache_evicted-branch-6291456,stride16-clang18-scalar,branch,branch_misses,1081,250153553,250153553
1,stride16-clang18-scalar-r14-stride16_scan-scalar-warm-basic-33554432,stride16-clang18-scalar,basic,cycles,553412875,252171537,252171537
1,stride16-clang18-scalar-r14-stride16_scan-scalar-warm-basic-33554432,stride16-clang18-scalar,basic,instructions,132007889,252172327,252172327
1,stride16-clang18-scalar-r14-stride16_scan-scalar-warm-basic-33554432,stride16-clang18-scalar,basic,ref_cycles,553417106,252168621,252168621
1,stride16-clang18-scalar-r14-stride16_scan-scalar-warm-basic-49152,stride16-clang18-scalar,basic,cycles,548732403,250033327,250033327
1,stride16-clang18-scalar-r14-stride16_scan-scalar-warm-basic-49152,stride16-clang18-scalar,basic,instructions,545028414,250031600,250031600
1,stride16-clang18-scalar-r14-stride16_scan-scalar-warm-basic-49152,stride16-clang18-scalar,basic,ref_cycles,548735000,250028133,250028133
1,stride16-clang18-scalar-r14-stride16_scan-scalar-warm-basic-5242880,stride16-clang18-scalar,basic,cycles,549080377,250196834,250196834
1,stride16-clang18-scalar-r14-stride16_scan-scalar-warm-basic-5242880,stride16-clang18-scalar,basic,instructions,254510110,250196260,250196260
1,stride16-clang18-scalar-r14-stride16_scan-scalar-warm-basic-5242880,stride16-clang18-scalar,basic,ref_cycles,549083722,250192678,250192678
1,stride16-clang18-scalar-r14-stride16_scan-scalar-warm-basic-12582912,stride16-clang18-scalar,basic,cycles,549448672,250366118,250366118
1,stride16-clang18-scalar-r14-stride16_scan-scalar-warm-basic-12582912,stride16-clang18-scalar,basic,instructions,148542193,250366595,250366595
1,stride16-clang18-scalar-r14-stride16_scan-scalar-warm-basic-12582912,stride16-clang18-scalar,basic,ref_cycles,549451826,250363044,250363044
1,stride16-clang18-scalar-r14-stride16_scan-scalar-warm-branch-1048576,stride16-clang18-scalar,branch,cycles,548749681,250042706,250042706
1,stride16-clang18-scalar-r14-stride16_scan-scalar-warm-branch-1048576,stride16-clang18-scalar,branch,branches,14841497,250040683,250040683
1,stride16-clang18-scalar-r14-stride16_scan-scalar-warm-branch-1048576,stride16-clang18-scalar,branch,branch_misses,7179,250037372,250037372
1,stride16-clang18-scalar-r14-stride16_scan-scalar-warm-basic-294912,stride16-clang18-scalar,basic,cycles,548731666,250032601,250032601
1,stride16-clang18-scalar-r14-stride16_scan-scalar-warm-basic-294912,stride16-clang18-scalar,basic,instructions,328149132,250029793,250029793
1,stride16-clang18-scalar-r14-stride16_scan-scalar-warm-basic-294912,stride16-clang18-scalar,basic,ref_cycles,548732910,250026374,250026374
1,stride16-clang18-scalar-r14-stride16_scan-scalar-warm-basic-6291456,stride16-clang18-scalar,basic,cycles,548930730,250128519,250128519
1,stride16-clang18-scalar-r14-stride16_scan-scalar-warm-basic-6291456,stride16-clang18-scalar,basic,instructions,228266881,250128087,250128087
1,stride16-clang18-scalar-r14-stride16_scan-scalar-warm-basic-6291456,stride16-clang18-scalar,basic,ref_cycles,548934188,250124701,250124701
1,stride16-clang18-scalar-r14-stride16_scan-scalar-warm-basic-32768,stride16-clang18-scalar,basic,cycles,548730405,250032827,250032827
1,stride16-clang18-scalar-r14-stride16_scan-scalar-warm-basic-32768,stride16-clang18-scalar,basic,instructions,1542024322,250029115,250029115
1,stride16-clang18-scalar-r14-stride16_scan-scalar-warm-basic-32768,stride16-clang18-scalar,basic,ref_cycles,548731942,250025512,250025512
1,stride16-clang18-scalar-r14-stride16_scan-scalar-warm-branch-33554432,stride16-clang18-scalar,branch,cycles,550030832,250633671,250633671
1,stride16-clang18-scalar-r14-stride16_scan-scalar-warm-branch-33554432,stride16-clang18-scalar,branch,branches,6885074,250632805,250632805
1,stride16-clang18-scalar-r14-stride16_scan-scalar-warm-branch-33554432,stride16-clang18-scalar,branch,branch_misses,139,250628999,250628999
1,stride16-clang18-scalar-r14-stride16_scan-scalar-warm-branch-8388608,stride16-clang18-scalar,branch,cycles,548971917,250150992,250150992
1,stride16-clang18-scalar-r14-stride16_scan-scalar-warm-branch-8388608,stride16-clang18-scalar,branch,branches,10064966,250150963,250150963
1,stride16-clang18-scalar-r14-stride16_scan-scalar-warm-branch-8388608,stride16-clang18-scalar,branch,branch_misses,658,250146727,250146727
1,stride16-clang18-scalar-r14-stride16_scan-scalar-warm-basic-393216,stride16-clang18-scalar,basic,cycles,548751658,250041899,250041899
1,stride16-clang18-scalar-r14-stride16_scan-scalar-warm-basic-393216,stride16-clang18-scalar,basic,instructions,279422609,250039545,250039545
1,stride16-clang18-scalar-r14-stride16_scan-scalar-warm-basic-393216,stride16-clang18-scalar,basic,ref_cycles,548753018,250036001,250036001
1,stride16-clang18-scalar-r14-stride16_scan-scalar-warm-basic-4194304,stride16-clang18-scalar,basic,cycles,548736727,250038345,250038345
1,stride16-clang18-scalar-r14-stride16_scan-scalar-warm-basic-4194304,stride16-clang18-scalar,basic,instructions,273769289,250037664,250037664
1,stride16-clang18-scalar-r14-stride16_scan-scalar-warm-basic-4194304,stride16-clang18-scalar,basic,ref_cycles,548739686,250034211,250034211
1,stride16-clang18-scalar-r14-stride16_scan-scalar-warm-basic-36864,stride16-clang18-scalar,basic,cycles,548731557,250033125,250033125
1,stride16-clang18-scalar-r14-stride16_scan-scalar-warm-basic-36864,stride16-clang18-scalar,basic,instructions,545943357,250031965,250031965
1,stride16-clang18-scalar-r14-stride16_scan-scalar-warm-basic-36864,stride16-clang18-scalar,basic,ref_cycles,548734076,250028638,250028638
1,stride16-clang18-scalar-r14-stride16_scan-scalar-warm-basic-8388608,stride16-clang18-scalar,basic,cycles,549279995,250289989,250289989
1,stride16-clang18-scalar-r14-stride16_scan-scalar-warm-basic-8388608,stride16-clang18-scalar,basic,instructions,188747761,250288850,250288850
1,stride16-clang18-scalar-r14-stride16_scan-scalar-warm-basic-8388608,stride16-clang18-scalar,basic,ref_cycles,549283944,250285940,250285940
1,stride16-clang18-scalar-r14-stride16_scan-scalar-cache_evicted-basic-6291456,stride16-clang18-scalar,basic,cycles,549018951,250169332,250169332
1,stride16-clang18-scalar-r14-stride16_scan-scalar-cache_evicted-basic-6291456,stride16-clang18-scalar,basic,instructions,237145201,250170300,250170300
1,stride16-clang18-scalar-r14-stride16_scan-scalar-cache_evicted-basic-6291456,stride16-clang18-scalar,basic,ref_cycles,549022870,250167055,250167055
1,stride16-clang18-scalar-r14-stride16_scan-scalar-warm-branch-7340032,stride16-clang18-scalar,branch,cycles,549331920,250312445,250312445
1,stride16-clang18-scalar-r14-stride16_scan-scalar-warm-branch-7340032,stride16-clang18-scalar,branch,branches,11123273,250313086,250313086
1,stride16-clang18-scalar-r14-stride16_scan-scalar-warm-branch-7340032,stride16-clang18-scalar,branch,branch_misses,818,250309342,250309342
1,stride16-clang18-scalar-r14-stride16_scan-scalar-cache_evicted-basic-32768,stride16-clang18-scalar,basic,cycles,548731555,250034137,250034137
1,stride16-clang18-scalar-r14-stride16_scan-scalar-cache_evicted-basic-32768,stride16-clang18-scalar,basic,instructions,1605679568,250032604,250032604
1,stride16-clang18-scalar-r14-stride16_scan-scalar-cache_evicted-basic-32768,stride16-clang18-scalar,basic,ref_cycles,548733922,250029368,250029368
1,stride16-clang18-scalar-r14-stride16_scan-scalar-warm-branch-4194304,stride16-clang18-scalar,branch,cycles,548800212,250067278,250067278
1,stride16-clang18-scalar-r14-stride16_scan-scalar-warm-branch-4194304,stride16-clang18-scalar,branch,branches,14323339,250068536,250068536
1,stride16-clang18-scalar-r14-stride16_scan-scalar-warm-branch-4194304,stride16-clang18-scalar,branch,branch_misses,1799,250065595,250065595
1,stride16-clang18-scalar-r14-stride16_scan-scalar-warm-basic-524288,stride16-clang18-scalar,basic,cycles,548731497,250032133,250032133
1,stride16-clang18-scalar-r14-stride16_scan-scalar-warm-basic-524288,stride16-clang18-scalar,basic,instructions,279132360,250029639,250029639
1,stride16-clang18-scalar-r14-stride16_scan-scalar-warm-basic-524288,stride16-clang18-scalar,basic,ref_cycles,548733108,250026362,250026362
1,stride16-clang18-scalar-r14-stride16_scan-scalar-warm-basic-536870912,stride16-clang18-scalar,basic,cycles,597512197,272262725,272262725
1,stride16-clang18-scalar-r14-stride16_scan-scalar-warm-basic-536870912,stride16-clang18-scalar,basic,instructions,139462361,272262013,272262013
1,stride16-clang18-scalar-r14-stride16_scan-scalar-warm-basic-536870912,stride16-clang18-scalar,basic,ref_cycles,597515050,272258544,272258544
1,stride16-clang18-scalar-r14-stride16_scan-scalar-warm-basic-7340032,stride16-clang18-scalar,basic,cycles,549250050,250274470,250274470
1,stride16-clang18-scalar-r14-stride16_scan-scalar-warm-basic-7340032,stride16-clang18-scalar,basic,instructions,208775409,250274914,250274914
1,stride16-clang18-scalar-r14-stride16_scan-scalar-warm-basic-7340032,stride16-clang18-scalar,basic,ref_cycles,549253672,250271958,250271958
1,stride16-clang18-scalar-r14-stride16_scan-scalar-warm-branch-12582912,stride16-clang18-scalar,branch,cycles,549616254,250443151,250443151
1,stride16-clang18-scalar-r14-stride16_scan-scalar-warm-branch-12582912,stride16-clang18-scalar,branch,branches,7900250,250443633,250443633
1,stride16-clang18-scalar-r14-stride16_scan-scalar-warm-branch-12582912,stride16-clang18-scalar,branch,branch_misses,372,250439343,250439343
1,stride16-clang18-scalar-r14-stride16_scan-scalar-warm-basic-196608,stride16-clang18-scalar,basic,cycles,548737394,250035418,250035418
1,stride16-clang18-scalar-r14-stride16_scan-scalar-warm-basic-196608,stride16-clang18-scalar,basic,instructions,560877200,250033919,250033919
1,stride16-clang18-scalar-r14-stride16_scan-scalar-warm-basic-196608,stride16-clang18-scalar,basic,ref_cycles,548740214,250030812,250030812
1,stride16-clang18-scalar-r14-stride16_scan-scalar-warm-basic-28672,stride16-clang18-scalar,basic,cycles,548715864,250033338,250033338
1,stride16-clang18-scalar-r14-stride16_scan-scalar-warm-basic-28672,stride16-clang18-scalar,basic,instructions,1779325715,250032911,250032911
1,stride16-clang18-scalar-r14-stride16_scan-scalar-warm-basic-28672,stride16-clang18-scalar,basic,ref_cycles,548719864,250030037,250030037
1,stride16-clang18-scalar-r14-stride16_scan-scalar-cache_evicted-basic-262144,stride16-clang18-scalar,basic,cycles,548740558,250037356,250037356
1,stride16-clang18-scalar-r14-stride16_scan-scalar-cache_evicted-basic-262144,stride16-clang18-scalar,basic,instructions,394257389,250034972,250034972
1,stride16-clang18-scalar-r14-stride16_scan-scalar-cache_evicted-basic-262144,stride16-clang18-scalar,basic,ref_cycles,548742744,250031390,250031390
1,stride16-clang18-scalar-r14-stride16_scan-scalar-warm-branch-8192,stride16-clang18-scalar,branch,cycles,548730233,250031746,250031746
1,stride16-clang18-scalar-r14-stride16_scan-scalar-warm-branch-8192,stride16-clang18-scalar,branch,branches,182270253,250029616,250029616
1,stride16-clang18-scalar-r14-stride16_scan-scalar-warm-branch-8192,stride16-clang18-scalar,branch,branch_misses,579,250025748,250025748
1,stride16-clang18-scalar-r14-stride16_scan-scalar-warm-branch-16384,stride16-clang18-scalar,branch,cycles,548730986,250033673,250033673
1,stride16-clang18-scalar-r14-stride16_scan-scalar-warm-branch-16384,stride16-clang18-scalar,branch,branches,157503350,250032511,250032511
1,stride16-clang18-scalar-r14-stride16_scan-scalar-warm-branch-16384,stride16-clang18-scalar,branch,branch_misses,4926,250028593,250028593
