schema_version,sample_id,build_id,round,mode,implementation,state,perf_profile,footprint_bytes,physical_footprint_bytes,logical_operations,passes,wall_ns,tsc_ticks,cpu_before,cpu_after,minor_faults,major_faults,checksum,first_touch_exception
1,stride16-clang18-scalar-r0-stride16_scan-scalar-cache_evicted-branch-33554432,stride16-clang18-scalar,0,stride16_scan,scalar,cache_evicted,branch,33554432,33554432,54001664,103,250782503,550446488,4,4,0,0,1126183803982906,0
1,stride16-clang18-scalar-r0-stride16_scan-scalar-warm-branch-1048576,stride16-clang18-scalar,0,stride16_scan,scalar,warm,branch,1048576,1048576,116801536,7129,250022190,548777584,4,4,0,0,35367931870377,0
1,stride16-clang18-scalar-r0-stride16_scan-scalar-warm-branch-134217728,stride16-clang18-scalar,0,stride16_scan,scalar,warm,branch,134217728,134217728,54525952,26,251212032,551389240,4,4,0,0,0,0
1,stride16-clang18-scalar-r0-stride16_scan-scalar-warm-branch-12582912,stride16-clang18-scalar,0,stride16_scan,scalar,warm,branch,12582912,12582912,63897600,325,250266102,549312988,4,4,0,0,423455210179455,0
1,stride16-clang18-scalar-r0-stride16_scan-scalar-warm-branch-536870912,stride16-clang18-scalar,0,stride16_scan,scalar,warm,branch,536870912,536870912,58720256,7,276424698,606729072,4,4,0,0,18006694042731052,0
1,stride16-clang18-scalar-r0-stride16_scan-scalar-warm-basic-28672,stride16-clang18-scalar,0,stride16_scan,scalar,warm,basic,28672,28672,632796416,1412492,250000161,548729440,4,4,0,0,0,0
1,stride16-clang18-scalar-r0-stride16_scan-scalar-warm-basic-1048576,stride16-clang18-scalar,0,stride16_scan,scalar,warm,basic,1048576,1048576,116785152,7128,250008238,548747056,4,4,0,0,0,0
1,stride16-clang18-scalar-r0-stride16_scan-scalar-warm-branch-7340032,stride16-clang18-scalar,0,stride16_scan,scalar,warm,branch,7340032,7340032,86818816,757,250221950,549216116,4,4,0,0,247228875589121,0
1,stride16-clang18-scalar-r0-stride16_scan-scalar-warm-basic-8388608,stride16-clang18-scalar,0,stride16_scan,scalar,warm,basic,8388608,8388608,79167488,604,250183269,549131188,4,4,0,0,0,0
1,stride16-clang18-scalar-r0-stride16_scan-scalar-warm-basic-16384,stride16-clang18-scalar,0,stride16_scan,scalar,warm,basic,16384,16384,601143040,2348215,250000168,548729432,4,4,0,0,565111506682,0
1,stride16-clang18-scalar-r0-stride16_scan-scalar-warm-basic-5242880,stride16-clang18-scalar,0,stride16_scan,scalar,warm,basic,5242880,5242880,101089280,1234,250119459,548991128,4,4,0,0,0,0
1,stride16-clang18-scalar-r0-stride16_scan-scalar-warm-basic-196608,stride16-clang18-scalar,0,stride16_scan,scalar,warm,basic,196608,196608,231183360,75255,250002244,548733976,4,4,0,0,6667115048227,0
1,stride16-clang18-scalar-r0-stride16_scan-scalar-cache_evicted-basic-536870912,stride16-clang18-scalar,0,stride16_scan,scalar,cache_evicted,basic,536870912,536870912,58720256,7,271977137,596967032,4,4,0,0,18015042600573679,0
1,stride16-clang18-scalar-r0-stride16_scan-scalar-warm-branch-262144,stride16-clang18-scalar,0,stride16_scan,scalar,warm,branch,262144,262144,161308672,39382,250000332,548729808,4,4,0,0,0,0
1,stride16-clang18-scalar-r0-stride16_scan-scalar-warm-basic-8192,stride16-clang18-scalar,0,stride16_scan,scalar,warm,basic,8192,8192,450124160,3516595,250000137,548729352,4,4,0,0,277544750740,0
1,stride16-clang18-scalar-r0-stride16_scan-scalar-warm-basic-12582912,stride16-clang18-scalar,0,stride16_scan,scalar,warm,basic,12582912,12582912,55246848,281,250892756,550688468,4,4,0,0,423455210179455,0
1,stride16-clang18-scalar-r0-stride16_scan-scalar-warm-branch-524288,stride16-clang18-scalar,0,stride16_scan,scalar,warm,branch,524288,524288,128147456,15643,250008445,548747600,4,4,0,0,17635518056580,0
1,stride16-clang18-scalar-r0-stride16_scan-scalar-cache_evicted-basic-8388608,stride16-clang18-scalar,0,stride16_scan,scalar,cache_evicted,basic,8388608,8388608,62259200,475,250187467,549140436,4,4,0,0,281507542950063,0
1,stride16-clang18-scalar-r0-stride16_scan-scalar-cache_evicted-basic-6291456,stride16-clang18-scalar,0,stride16_scan,scalar,cache_evicted,basic,6291456,6291456,71860224,731,250152536,549063740,4,4,0,0,210920685449919,0
1,stride16-clang18-scalar-r0-stride16_scan-scalar-cache_evicted-branch-6291456,stride16-clang18-scalar,0,stride16_scan,scalar,cache_evicted,branch,6291456,6291456,80117760,815,250056506,548852996,4,4,0,0,210920685449919,0
1,stride16-clang18-scalar-r0-stride16_scan-scalar-warm-branch-24576,stride16-clang18-scalar,0,stride16_scan,scalar,warm,branch,24576,24576,637811328,1660967,250000167,548729432,4,4,0,0,829473446522,0
1,stride16-clang18-scalar-r0-stride16_scan-scalar-warm-branch-229376,stride16-clang18-scalar,0,stride16_scan,scalar,warm,branch,229376,229376,160427008,44762,250002195,548733884,4,4,0,0,0,0
1,stride16-clang18-scalar-r0-stride16_scan-scalar-warm-branch-6291456,stride16-clang18-scalar,0,stride16_scan,scalar,warm,branch,6291456,6291456,80805888,822,250195492,549158060,4,4,0,0,0,0
1,stride16-clang18-scalar-r0-stride16_scan-scalar-warm-basic-4194304,stride16-clang18-scalar,0,stride16_scan,scalar,warm,basic,4194304,4194304,112132096,1711,250119544,548991332,4,4,0,0,141368020905390,0
1,stride16-clang18-scalar-r0-stride16_scan-scalar-warm-basic-65536,stride16-clang18-scalar,0,stride16_scan,scalar,warm,basic,65536,65536,213401600,208400,250001105,548731492,4,4,0,0,0,0
1,stride16-clang18-scalar-r0-stride16_scan-scalar-cache_evicted-branch-1048576,stride16-clang18-scalar,0,stride16_scan,scalar,cache_evicted,branch,1048576,1048576,116834304,7131,250021810,548776948,4,4,0,0,35348285803208,0
1,stride16-clang18-scalar-r0-stride16_scan-scalar-cache_evicted-branch-536870912,stride16-clang18-scalar,0,stride16_scan,scalar,cache_evicted,branch,536870912,536870912,58720256,7,273196277,599642948,4,4,0,0,18015042600573679,0
1,stride16-clang18-scalar-r0-stride16_scan-scalar-warm-branch-5242880,stride16-clang18-scalar,0,stride16_scan,scalar,warm,branch,5242880,5242880,104529920,1276,250030047,548794876,4,4,0,0,0,0
1,stride16-clang18-scalar-r0-stride16_scan-scalar-warm-basic-294912,stride16-clang18-scalar,0,stride16_scan,scalar,warm,basic,294912,294912,136894464,29708,250003137,548735940,4,4,0,0,0,0
1,stride16-clang18-scalar-r0-stride16_scan-scalar-warm-branch-28672,stride16-clang18-scalar,0,stride16_scan,scalar,warm,branch,28672,28672,650060544,1451028,250000184,548729484,4,4,0,0,0,0
1,stride16-clang18-scalar-r0-stride16_scan-scalar-warm-branch-131072,stride16-clang18-scalar,0,stride16_scan,scalar,warm,branch,131072,131072,221579264,108193,250000794,548730792,4,4,0,0,4387134588690,0
1,stride16-clang18-scalar-r0-stride16_scan-scalar-warm-branch-33554432,stride16-clang18-scalar,0,stride16_scan,scalar,warm,branch,33554432,33554432,55050240,105,251431202,551870332,4,4,0,0,1126673945468506,0
1,stride16-clang18-scalar-r0-stride16_scan-scalar-warm-basic-2097152,stride16-clang18-scalar,0,stride16_scan,scalar,warm,basic,2097152,2097152,116883456,3567,250057907,548856056,4,4,0,0,70689683411531,0
1,stride16-clang18-scalar-r0-stride16_scan-scalar-warm-basic-7340032,stride16-clang18-scalar,0,stride16_scan,scalar,warm,basic,7340032,7340032,89915392,784,250068758,548879848,4,4,0,0,0,0
1,stride16-clang18-scalar-r0-stride16_scan-scalar-cache_evicted-basic-32768,stride16-clang18-scalar,0,stride16_scan,scalar,cache_evicted,basic,32768,32768,590104064,1152547,250000258,548729508,4,4,0,0,1072378616068,0
1,stride16-clang18-scalar-r0-stride16_scan-scalar-warm-basic-524288,stride16-clang18-scalar,0,stride16_scan,scalar,warm,basic,524288,524288,116498432,14221,250008369,548747420,4,4,0,0,17635518056580,0
1,stride16-clang18-scalar-r0-stride16_scan-scalar-warm-basic-36864,stride16-clang18-scalar,0,stride16_scan,scalar,warm,basic,36864,36864,213953472,371447,250000343,548729708,4,4,0,0,1251772322871,0
1,stride16-clang18-scalar-r0-stride16_scan-scalar-warm-basic-131072,stride16-clang18-scalar,0,stride16_scan,scalar,warm,basic,131072,131072,222404608,108596,250000770,548730740,4,4,0,0,0,0
1,stride16-clang18-scalar-r0-stride16_scan-scalar-warm-basic-229376,stride16-clang18-scalar,0,stride16_scan,scalar,warm,basic,229376,229376,182221312,50843,250002685,548734948,4,4,0,0,7738132306021,0
1,stride16-clang18-scalar-r0-stride16_scan-scalar-warm-branch-32768,stride16-clang18-scalar,0,stride16_scan,scalar,warm,branch,32768,32768,580307456,1133413,250000192,548729508,4,4,0,0,1103962522432,0
1,stride16-clang18-scalar-r0-stride16_scan-scalar-warm-basic-98304,stride16-clang18-scalar,0,stride16_scan,scalar,warm,basic,98304,98304,216457728,140923,250000775,548730656,4,4,0,0,3269693229840,0
1,stride16-clang18-scalar-r0-stride16_scan-scalar-warm-branch-16384,stride16-clang18-scalar,0,stride16_scan,scalar,warm,branch,16384,16384,602414848,2353183,250000254,548729356,4,4,0,0,565111506682,0
1,stride16-clang18-scalar-r0-stride16_scan-scalar-warm-basic-536870912,stride16-clang18-scalar,0,stride16_scan,scalar,warm,basic,536870912,536870912,58720256,7,272765621,598697700,4,4,0,0,18006694042731052,0
1,stride16-clang18-scalar-r0-stride16_scan-scalar-cache_evicted-branch-8388608,stride16-clang18-scalar,0,stride16_scan,scalar,cache_evicted,branch,8388608,8388608,80740352,616,250341203,549477876,4,4,0,0,0,0
1,stride16-clang18-scalar-r0-stride16_scan-scalar-cache_evicted-branch-32768,stride16-clang18-scalar,0,stride16_scan,scalar,cache_evicted,branch,32768,32768,578689024,1130252,250000229,548729552,4,4,0,0,0,0
1,stride16-clang18-scalar-r0-stride16_scan-scalar-warm-basic-49152,stride16-clang18-scalar,0,stride16_scan,scalar,warm,basic,49152,49152,208304640,271230,250000653,548730492,4,4,0,0,0,0
1,stride16-clang18-scalar-r0-stride16_scan-scalar-warm-branch-393216,stride16-clang18-scalar,0,stride16_scan,scalar,warm,branch,393216,393216,116299776,18929,250008533,548747680,4,4,0,0,13163560371852,0
1,stride16-clang18-scalar-r0-stride16_scan-scalar-cache_evicted-basic-1048576,stride16-clang18-scalar,0,stride16_scan,scalar,cache_evicted,basic,1048576,1048576,116768768,7127,250021104,548775228,4,4,0,0,35348285803208,0
1,stride16-clang18-scalar-r0-stride16_scan-scalar-warm-basic-24576,stride16-clang18-scalar,0,stride16_scan,scalar,warm,basic,24576,24576,637578624,1660361,250000200,548729516,4,4,0,0,829473446522,0
1,stride16-clang18-scalar-r0-stride16_scan-scalar-warm-basic-6291456,stride16-clang18-scalar,0,stride16_scan,scalar,warm,basic,6291456,6291456,97615872,993,250011637,548754516,4,4,0,0,212026233059311,0
1,stride16-clang18-scalar-r0-stride16_scan-scalar-warm-basic-32768,stride16-clang18-scalar,0,stride16_scan,scalar,warm,basic,32768,32768,574885376,1122823,250000219,548729548,4,4,0,0,1103962522432,0
1,stride16-clang18-scalar-r0-stride16_scan-scalar-warm-branch-8192,stride16-clang18-scalar,0,stride16_scan,scalar,warm,branch,8192,8192,458892928,3585101,250000100,548729272,4,4,0,0,277544750740,0
1,stride16-clang18-scalar-r0-stride16_scan-scalar-warm-basic-134217728,stride16-clang18-scalar,0,stride16_scan,scalar,warm,basic,134217728,134217728,54525952,26,250510635,549849732,4,4,0,0,0,0
1,stride16-clang18-scalar-r0-stride16_scan-scalar-warm-branch-36864,stride16-clang18-scalar,0,stride16_scan,scalar,warm,branch,36864,36864,207893376,360926,250000593,548730388,4,4,0,0,0,0
1,stride16-clang18-scalar-r0-stride16_scan-scalar-warm-branch-65536,stride16-clang18-scalar,0,stride16_scan,scalar,warm,branch,65536,65536,214029312,209013,250001318,548731836,4,4,0,0,2211460699481,0
1,stride16-clang18-scalar-r0-stride16_scan-scalar-cache_evicted-branch-262144,stride16-clang18-scalar,0,stride16_scan,scalar,cache_evicted,branch,262144,262144,160391168,39158,250004116,548738004,4,4,0,0,0,0
1,stride16-clang18-scalar-r0-stride16_scan-scalar-warm-branch-294912,stride16-clang18-scalar,0,stride16_scan,scalar,warm,branch,294912,294912,139995648,30381,250002118,548733672,4,4,0,0,9959122970823,0
1,stride16-clang18-scalar-r0-stride16_scan-scalar-warm-branch-8388608,stride16-clang18-scalar,0,stride16_scan,scalar,warm,branch,8388608,8388608,81133568,619,250183416,549131520,4,4,0,0,282530597735604,0
1,stride16-clang18-scalar-r0-stride16_scan-scalar-warm-basic-393216,stride16-clang18-scalar,0,stride16_scan,scalar,warm,basic,393216,393216,116287488,18927,250006587,548743396,4,4,0,0,13163560371852,0
1,stride16-clang18-scalar-r0-stride16_scan-scalar-warm-branch-4194304,stride16-clang18-scalar,0,stride16_scan,scalar,warm,branch,4194304,4194304,116785152,1782,250097703,548943420,4,4,0,0,0,0
1,stride16-clang18-scalar-r0-stride16_scan-scalar-warm-branch-2097152,stride16-clang18-scalar,0,stride16_scan,scalar,warm,branch,2097152,2097152,116981760,3570,250025427,548784888,4,4,0,0,0,0
1,stride16-clang18-scalar-r0-stride16_scan-scalar-warm-basic-262144,stride16-clang18-scalar,0,stride16_scan,scalar,warm,basic,262144,262144,180948992,44177,250004728,548739432,4,4,0,0,8846565440051,0
1,stride16-clang18-scalar-r0-stride16_scan-scalar-warm-basic-33554432,stride16-clang18-scalar,0,stride16_scan,scalar,warm,basic,33554432,33554432,54525952,104,250148371,549054600,4,4,0,0,0,0
1,stride16-clang18-scalar-r0-stride16_scan-scalar-warm-branch-196608,stride16-clang18-scalar,0,stride16_scan,scalar,warm,branch,196608,196608,196985856,64123,250003013,548735556,4,4,0,0,6667115048227,0
1,stride16-clang18-scalar-r0-stride16_scan-scalar-warm-branch-49152,stride16-clang18-scalar,0,stride16_scan,scalar,warm,branch,49152,49152,207992064,270823,250000502,548730168,4,4,0,0,1698083955936,0
1,stride16-clang18-scalar-r0-stride16_scan-scalar-cache_evicted-basic-33554432,stride16-clang18-scalar,0,stride16_scan,scalar,cache_evicted,basic,33554432,33554432,55050240,105,250197437,549162244,4,4,0,0,1126183803982906,0
1,stride16-clang18-scalar-r0-stride16_scan-scalar-cache_evicted-basic-262144,stride16-clang18-scalar,0,stride16_scan,scalar,cache_evicted,basic,262144,262144,180908032,44167,250001949,548733328,4,4,0,0,8842951601924,0
1,stride16-clang18-scalar-r0-stride16_scan-scalar-warm-branch-98304,stride16-clang18-scalar,0,stride16_scan,scalar,warm,branch,98304,98304,221454336,144176,250000155,548729392,4,4,1,0,0,0
1,stride16-clang18-scalar-r1-stride16_scan-scalar-warm-branch-1048576,stride16-clang18-scalar,1,stride16_scan,scalar,warm,branch,1048576,1048576,116817920,7130,250017412,548767280,4,4,0,0,0,0
1,stride16-clang18-scalar-r1-stride16_scan-scalar-warm-branch-12582912,stride16-clang18-scalar,1,stride16_scan,scalar,warm,branch,12582912,12582912,63504384,323,250476372,549774548,4,4,0,0,421428453443259,0
1,stride16-clang18-scalar-r1-stride16_scan-scalar-warm-branch-16384,stride16-clang18-scalar,1,stride16_scan,scalar,warm,branch,16384,16384,602397184,2353114,250000182,548729348,4,4,0,0,0,0
1,stride16-clang18-scalar-r1-stride16_scan-scalar-warm-basic-1048576,stride16-clang18-scalar,1,stride16_scan,scalar,warm,basic,1048576,1048576,116752384,7126,250010642,548752296,4,4,0,0,0,0
1,stride16-clang18-scalar-r1-stride16_scan-scalar-warm-basic-7340032,stride16-clang18-scalar,1,stride16_scan,scalar,warm,basic,7340032,7340032,89571328,781,250123757,549000576,4,4,0,0,245806271394985,0
1,stride16-clang18-scalar-r1-stride16_scan-scalar-warm-branch-134217728,stride16-clang18-scalar,1,stride16_scan,scalar,warm,branch,134217728,134217728,54525952,26,250765888,550410004,4,4,0,0,0,0
1,stride16-clang18-scalar-r1-stride16_scan-scalar-cache_evicted-branch-6291456,stride16-clang18-scalar,1,stride16_scan,scalar,cache_evicted,branch,6291456,6291456,98697216,1004,250173050,549108748,4,4,0,0,0,0
1,stride16-clang18-scalar-r1-stride16_scan-scalar-warm-branch-49152,stride16-clang18-scalar,1,stride16_scan,scalar,warm,branch,49152,49152,213064704,277428,250000852,548730936,4,4,0,0,0,0
1,stride16-clang18-scalar-r1-stride16_scan-scalar-warm-basic-16384,stride16-clang18-scalar,1,stride16_scan,scalar,warm,basic,16384,16384,603561472,2357662,250000099,548729248,4,4,0,0,0,0
1,stride16-clang18-scalar-r1-stride16_scan-scalar-cache_evicted-branch-1048576,stride16-clang18-scalar,1,stride16_scan,scalar,cache_evicted,branch,1048576,1048576,116785152,7128,250005413,548740936,4,4,0,0,0,0
1,stride16-clang18-scalar-r1-stride16_scan-scalar-cache_evicted-branch-32768,stride16-clang18-scalar,1,stride16_scan,scalar,cache_evicted,branch,32768,32768,529480192,1034141,250000274,548729544,4,4,0,0,1114331772438,0
1,stride16-clang18-scalar-r1-stride16_scan-scalar-warm-branch-131072,stride16-clang18-scalar,1,stride16_scan,scalar,warm,branch,131072,131072,223662080,109210,250000280,548729552,4,4,0,0,0,0
1,stride16-clang18-scalar-r1-stride16_scan-scalar-warm-basic-6291456,stride16-clang18-scalar,1,stride16_scan,scalar,warm,basic,6291456,6291456,95059968,967,250161579,549083532,4,4,0,0,210435711695743,0
1,stride16-clang18-scalar-r1-stride16_scan-scalar-cache_evicted-branch-536870912,stride16-clang18-scalar,1,stride16_scan,scalar,cache_evicted,branch,536870912,536870912,58720256,7,272679323,598508300,4,4,0,0,18015631118446742,0
1,stride16-clang18-scalar-r1-stride16_scan-scalar-warm-basic-8192,stride16-clang18-scalar,1,stride16_scan,scalar,warm,basic,8192,8192,457443328,3573776,250000084,548729268,4,4,0,0,0,0
1,stride16-clang18-scalar-r1-stride16_scan-scalar-cache_evicted-basic-536870912,stride16-clang18-scalar,1,stride16_scan,scalar,cache_evicted,basic,536870912,536870912,58720256,7,271579848,596095000,4,4,0,0,18015631118446742,0
1,stride16-clang18-scalar-r1-stride16_scan-scalar-cache_evicted-basic-1048576,stride16-clang18-scalar,1,stride16_scan,scalar,cache_evicted,basic,1048576,1048576,116817920,7130,250001952,548733328,4,4,0,0,0,0
1,stride16-clang18-scalar-r1-stride16_scan-scalar-warm-branch-28672,stride16-clang18-scalar,1,stride16_scan,scalar,warm,branch,28672,28672,647676736,1445707,250000101,548729288,4,4,0,0,978716121332,0
1,stride16-clang18-scalar-r1-stride16_scan-scalar-warm-branch-524288,stride16-clang18-scalar,1,stride16_scan,scalar,warm,branch,524288,524288,116490240,14220,250015649,548763404,4,4,0,0,0,0
1,stride16-clang18-scalar-r1-stride16_scan-scalar-warm-basic-32768,stride16-clang18-scalar,1,stride16_scan,scalar,warm,basic,32768,32768,575968768,1124939,250000176,548729460,4,4,0,0,1123546468123,0
1,stride16-clang18-scalar-r1-stride16_scan-scalar-warm-basic-294912,stride16-clang18-scalar,1,stride16_scan,scalar,warm,basic,294912,294912,135834624,29478,250006649,548743640,4,4,0,0,0,0
1,stride16-clang18-scalar-r1-stride16_scan-scalar-cache_evicted-basic-32768,stride16-clang18-scalar,1,stride16_scan,scalar,cache_evicted,basic,32768,32768,597926912,1167826,250000219,548729444,4,4,0,0,0,0
1,stride16-clang18-scalar-r1-stride16_scan-scalar-warm-branch-7340032,stride16-clang18-scalar,1,stride16_scan,scalar,warm,branch,7340032,7340032,82460672,719,250289668,549364740,4,4,0,0,245806271394985,0
1,stride16-clang18-scalar-r1-stride16_scan-scalar-warm-basic-536870912,stride16-clang18-scalar,1,stride16_scan,scalar,warm,basic,536870912,536870912,58720256,7,271368470,595631092,4,4,0,0,18013998530839609,0
1,stride16-clang18-scalar-r1-stride16_scan-scalar-warm-branch-8388608,stride16-clang18-scalar,1,stride16_scan,scalar,warm,branch,8388608,8388608,78643200,600,250379789,549562372,4,4,0,0,0,0
1,stride16-clang18-scalar-r1-stride16_scan-scalar-warm-basic-8388608,stride16-clang18-scalar,1,stride16_scan,scalar,warm,basic,8388608,8388608,79036416,603,250168905,549099660,4,4,0,0,281000156621322,0
1,stride16-clang18-scalar-r1-stride16_scan-scalar-warm-branch-5242880,stride16-clang18-scalar,1,stride16_scan,scalar,warm,branch,5242880,5242880,106168320,1296,250096842,548941532,4,4,0,0,0,0
1,stride16-clang18-scalar-r1-stride16_scan-scalar-warm-branch-36864,stride16-clang18-scalar,1,stride16_scan,scalar,warm,branch,36864,36864,209978496,364546,250000587,548730236,4,4,0,0,0,0
1,stride16-clang18-scalar-r1-stride16_scan-scalar-warm-branch-6291456,stride16-clang18-scalar,1,stride16_scan,scalar,warm,branch,6291456,6291456,94076928,957,250171940,549106356,4,4,0,0,210435711695743,0
1,stride16-clang18-scalar-r1-stride16_scan-scalar-warm-branch-196608,stride16-clang18-scalar,1,stride16_scan,scalar,warm,branch,196608,196608,173266944,56402,250002599,548734752,4,4,0,0,0,0
1,stride16-clang18-scalar-r1-stride16_scan-scalar-cache_evicted-basic-6291456,stride16-clang18-scalar,1,stride16_scan,scalar,cache_evicted,basic,6291456,6291456,96534528,982,250082797,548910656,4,4,0,0,0,0
1,stride16-clang18-scalar-r1-stride16_scan-scalar-warm-basic-65536,stride16-clang18-scalar,1,stride16_scan,scalar,warm,basic,65536,65536,212697088,207712,250000868,548730992,4,4,0,0,0,0
1,stride16-clang18-scalar-r1-stride16_scan-scalar-warm-branch-393216,stride16-clang18-scalar,1,stride16_scan,scalar,warm,branch,393216,393216,121454592,19768,250004593,548739132,4,4,0,0,0,0
1,stride16-clang18-scalar-r1-stride16_scan-scalar-cache_evicted-basic-33554432,stride16-clang18-scalar,1,stride16_scan,scalar,cache_evicted,basic,33554432,33554432,55050240,105,250563719,549966248,4,4,0,0,1125643461760403,0
1,stride16-clang18-scalar-r1-stride16_scan-scalar-cache_evicted-basic-262144,stride16-clang18-scalar,1,stride16_scan,scalar,cache_evicted,basic,262144,262144,146231296,35701,250002577,548734708,4,4,0,0,8799471600115,0
1,stride16-clang18-scalar-r1-stride16_scan-scalar-warm-branch-536870912,stride16-clang18-scalar,1,stride16_scan,scalar,warm,branch,536870912,536870912,58720256,7,271648053,596244752,4,4,0,0,18013998530839609,0
1,stride16-clang18-scalar-r1-stride16_scan-scalar-warm-basic-134217728,stride16-clang18-scalar,1,stride16_scan,scalar,warm,basic,134217728,134217728,54525952,26,250757179,550390896,4,4,0,0,0,0
1,stride16-clang18-scalar-r1-stride16_scan-scalar-warm-branch-98304,stride16-clang18-scalar,1,stride16_scan,scalar,warm,branch,98304,98304,216712704,141089,250000642,548730472,4,4,0,0,3375903763914,0
1,stride16-clang18-scalar-r1-stride16_scan-scalar-cache_evicted-basic-8388608,stride16-clang18-scalar,1,stride16_scan,scalar,cache_evicted,basic,8388608,8388608,81264640,620,250178630,549121020,4,4,0,0,0,0
1,stride16-clang18-scalar-r1-stride16_scan-scalar-warm-basic-24576,stride16-clang18-scalar,1,stride16_scan,scalar,warm,basic,24576,24576,637709184,1660701,250000194,548729504,4,4,0,0,825266969302,0
1,stride16-clang18-scalar-r1-stride16_scan-scalar-warm-branch-229376,stride16-clang18-scalar,1,stride16_scan,scalar,warm,branch,229376,229376,206413312,57593,250000655,548730408,4,4,0,0,7789868461353,0
1,stride16-clang18-scalar-r1-stride16_scan-scalar-warm-basic-98304,stride16-clang18-scalar,1,stride16_scan,scalar,warm,basic,98304,98304,215212032,140112,250000594,548730280,4,4,0,0,0,0
1,stride16-clang18-scalar-r1-stride16_scan-scalar-warm-basic-2097152,stride16-clang18-scalar,1,stride16_scan,scalar,warm,basic,2097152,2097152,116981760,3570,250037335,548811004,4,4,0,0,0,0
1,stride16-clang18-scalar-r1-stride16_scan-scalar-warm-basic-196608,stride16-clang18-scalar,1,stride16_scan,scalar,warm,basic,196608,196608,191367168,62294,250003195,548736064,4,4,0,0,0,0
1,stride16-clang18-scalar-r1-stride16_scan-scalar-warm-basic-524288,stride16-clang18-scalar,1,stride16_scan,scalar,warm,basic,524288,524288,116523008,14224,250002465,548734460,4,4,0,0,0,0
1,stride16-clang18-scalar-r1-stride16_scan-scalar-warm-basic-131072,stride16-clang18-scalar,1,stride16_scan,scalar,warm,basic,131072,131072,224819200,109775,250001934,548733300,4,4,0,0,4517661751626,0
1,stride16-clang18-scalar-r1-stride16_scan-scalar-warm-basic-33554432,stride16-clang18-scalar,1,stride16_scan,scalar,warm,basic,33554432,33554432,55574528,106,252042155,553211296,4,4,0,0,0,0
1,stride16-clang18-scalar-r1-stride16_scan-scalar-warm-branch-294912,stride16-clang18-scalar,1,stride16_scan,scalar,warm,branch,294912,294912,149644800,32475,250001867,548733152,4,4,0,0,9981269687085,0
1,stride16-clang18-scalar-r1-stride16_scan-scalar-cache_evicted-branch-8388608,stride16-clang18-scalar,1,stride16_scan,scalar,cache_evicted,branch,8388608,8388608,81526784,622,250016392,548764916,4,4,0,0,0,0
1,stride16-clang18-scalar-r1-stride16_scan-scalar-warm-basic-262144,stride16-clang18-scalar,1,stride16_scan,scalar,warm,basic,262144,262144,161943552,39537,250002768,548735000,4,4,0,0,8865436883495,0
1,stride16-clang18-scalar-r1-stride16_scan-scalar-warm-basic-49152,stride16-clang18-scalar,1,stride16_scan,scalar,warm,basic,49152,49152,212757504,277028,250000345,548729808,4,4,0,0,0,0
1,stride16-clang18-scalar-r1-stride16_scan-scalar-warm-branch-8192,stride16-clang18-scalar,1,stride16_scan,scalar,warm,branch,8192,8192,450115072,3516524,250000088,548729276,4,4,0,0,0,0
1,stride16-clang18-scalar-r1-stride16_scan-scalar-warm-branch-24576,stride16-clang18-scalar,1,stride16_scan,scalar,warm,branch,24576,24576,631505280,1644545,250000243,548729516,4,4,0,0,825266969302,0
1,stride16-clang18-scalar-r1-stride16_scan-scalar-cache_evicted-branch-262144,stride16-clang18-scalar,1,stride16_scan,scalar,cache_evicted,branch,262144,262144,177934336,43441,250004033,548737940,4,4,0,0,8799471600115,0
1,stride16-clang18-scalar-r1-stride16_scan-scalar-warm-branch-32768,stride16-clang18-scalar,1,stride16_scan,scalar,warm,branch,32768,32768,562845696,1099308,250000252,548729632,4,4,0,0,0,0
1,stride16-clang18-scalar-r1-stride16_scan-scalar-warm-basic-229376,stride16-clang18-scalar,1,stride16_scan,scalar,warm,basic,229376,229376,137424896,38344,250000197,548729488,4,4,0,0,0,0
1,stride16-clang18-scalar-r1-stride16_scan-scalar-warm-basic-393216,stride16-clang18-scalar,1,stride16_scan,scalar,warm,basic,393216,393216,127690752,20783,250000850,548730928,4,4,0,0,13209971301426,0
1,stride16-clang18-scalar-r1-stride16_scan-scalar-warm-branch-4194304,stride16-clang18-scalar,1,stride16_scan,scalar,warm,branch,4194304,4194304,116260864,1774,250034004,548803564,4,4,0,0,0,0
1,stride16-clang18-scalar-r1-stride16_scan-scalar-warm-basic-28672,stride16-clang18-scalar,1,stride16_scan,scalar,warm,basic,28672,28672,635983040,1419605,250000258,548729516,4,4,0,0,978716121332,0
1,stride16-clang18-scalar-r1-stride16_scan-scalar-warm-basic-4194304,stride16-clang18-scalar,1,stride16_scan,scalar,warm,basic,4194304,4194304,116654080,1780,250001683,548732636,4,4,0,0,0,0
1,stride16-clang18-scalar-r1-stride16_scan-scalar-warm-branch-65536,stride16-clang18-scalar,1,stride16_scan,scalar,warm,branch,65536,65536,214012928,208997,250000803,548730844,4,4,0,0,2271258088339,0
1,stride16-clang18-scalar-r1-stride16_scan-scalar-warm-basic-12582912,stride16-clang18-scalar,1,stride16_scan,scalar,warm,basic,12582912,12582912,56819712,289,250745409,550364900,4,4,0,0,421428453443259,0
1,stride16-clang18-scalar-r1-stride16_scan-scalar-warm-branch-33554432,stride16-clang18-scalar,1,stride16_scan,scalar,warm,branch,33554432,33554432,55050240,105,250066442,548874752,4,4,0,0,1125097237269974,0
1,stride16-clang18-scalar-r1-stride16_scan-scalar-warm-branch-2097152,stride16-clang18-scalar,1,stride16_scan,scalar,warm,branch,2097152,2097152,116948992,3569,250064613,548870888,4,4,0,0,69916255170150,0
1,stride16-clang18-scalar-r1-stride16_scan-scalar-cache_evicted-branch-33554432,stride16-clang18-scalar,1,stride16_scan,scalar,cache_evicted,branch,33554432,33554432,55574528,106,252054803,553239064,4,4,0,0,0,0
1,stride16-clang18-scalar-r1-stride16_scan-scalar-warm-basic-5242880,stride16-clang18-scalar,1,stride16_scan,scalar,warm,basic,5242880,5242880,114032640,1392,250063061,548867332,4,4,0,0,0,0
1,stride16-clang18-scalar-r1-stride16_scan-scalar-warm-basic-36864,stride16-clang18-scalar,1,stride16_scan,scalar,warm,basic,36864,36864,204593472,355197,250000756,548730528,4,4,0,0,1270803500608,0
1,stride16-clang18-scalar-r1-stride16_scan-scalar-warm-branch-262144,stride16-clang18-scalar,1,stride16_scan,scalar,warm,branch,262144,262144,147914752,36112,250005243,548740568,4,4,0,0,0,0
1,stride16-clang18-scalar-r2-stride16_scan-scalar-warm-basic-5242880,stride16-clang18-scalar,2,stride16_scan,scalar,warm,basic,5242880,5242880,113704960,1388,250112712,548976188,4,4,0,0,0,0
1,stride16-clang18-scalar-r2-stride16_scan-scalar-cache_evicted-branch-536870912,stride16-clang18-scalar,2,stride16_scan,scalar,cache_evicted,branch,536870912,536870912,58720256,7,271603630,596147220,4,4,0,0,18018138236334544,0
1,stride16-clang18-scalar-r2-stride16_scan-scalar-warm-branch-33554432,stride16-clang18-scalar,2,stride16_scan,scalar,warm,branch,33554432,33554432,55574528,106,252230505,553624692,4,4,0,0,0,0
1,stride16-clang18-scalar-r2-stride16_scan-scalar-warm-basic-8192,stride16-clang18-scalar,2,stride16_scan,scalar,warm,basic,8192,8192,412649728,3223826,250000168,548729320,4,4,0,0,0,0
1,stride16-clang18-scalar-r2-stride16_scan-scalar-warm-branch-131072,stride16-clang18-scalar,2,stride16_scan,scalar,warm,branch,131072,131072,222803968,108791,250000916,548731064,4,4,0,0,4435220212417,0
1,stride16-clang18-scalar-r2-stride16_scan-scalar-warm-branch-2097152,stride16-clang18-scalar,2,stride16_scan,scalar,warm,branch,2097152,2097152,116948992,3569,250049521,548837752,4,4,0,0,71080920162527,0
1,stride16-clang18-scalar-r2-stride16_scan-scalar-cache_evicted-basic-536870912,stride16-clang18-scalar,2,stride16_scan,scalar,cache_evicted,basic,536870912,536870912,58720256,7,275873099,605518328,4,4,0,0,18018138236334544,0
1,stride16-clang18-scalar-r2-stride16_scan-scalar-warm-basic-134217728,stride16-clang18-scalar,2,stride16_scan,scalar,warm,basic,134217728,134217728,54525952,26,253491917,556393428,4,4,0,0,0,0
1,stride16-clang18-scalar-r2-stride16_scan-scalar-warm-basic-98304,stride16-clang18-scalar,2,stride16_scan,scalar,warm,basic,98304,98304,215700480,140430,250000410,548729844,4,4,0,0,0,0
1,stride16-clang18-scalar-r2-stride16_scan-scalar-warm-basic-1048576,stride16-clang18-scalar,2,stride16_scan,scalar,warm,basic,1048576,1048576,116834304,7131,250028357,548791292,4,4,0,0,35633181691364,0
1,stride16-clang18-scalar-r2-stride16_scan-scalar-warm-branch-524288,stride16-clang18-scalar,2,stride16_scan,scalar,warm,branch,524288,524288,116531200,14225,250009194,548749260,4,4,0,0,17838961015015,0
1,stride16-clang18-scalar-r2-stride16_scan-scalar-warm-basic-196608,stride16-clang18-scalar,2,stride16_scan,scalar,warm,basic,196608,196608,198371328,64574,250000848,548730916,4,4,0,0,0,0
1,stride16-clang18-scalar-r2-stride16_scan-scalar-warm-branch-24576,stride16-clang18-scalar,2,stride16_scan,scalar,warm,branch,24576,24576,637858944,1661091,250000207,548729416,4,4,0,0,854043843132,0
1,stride16-clang18-scalar-r2-stride16_scan-scalar-cache_evicted-basic-1048576,stride16-clang18-scalar,2,stride16_scan,scalar,cache_evicted,basic,1048576,1048576,116834304,7131,250014316,548760384,4,4,0,0,35417408889455,0
1,stride16-clang18-scalar-r2-stride16_scan-scalar-warm-basic-294912,stride16-clang18-scalar,2,stride16_scan,scalar,warm,basic,294912,294912,149313024,32403,250000154,548729384,4,4,0,0,10043047323091,0
1,stride16-clang18-scalar-r2-stride16_scan-scalar-warm-basic-24576,stride16-clang18-scalar,2,stride16_scan,scalar,warm,basic,24576,24576,640816896,1668794,250000098,548729264,4,4,0,0,0,0
1,stride16-clang18-scalar-r2-stride16_scan-scalar-warm-basic-229376,stride16-clang18-scalar,2,stride16_scan,scalar,warm,basic,229376,229376,173103616,48299,250004473,548738792,4,4,0,0,7748276730430,0
1,stride16-clang18-scalar-r2-stride16_scan-scalar-warm-branch-16384,stride16-clang18-scalar,2,stride16_scan,scalar,warm,branch,16384,16384,603322368,2356728,250000190,548729376,4,4,0,0,0,0
1,stride16-clang18-scalar-r2-stride16_scan-scalar-warm-basic-16384,stride16-clang18-scalar,2,stride16_scan,scalar,warm,basic,16384,16384,602773504,2354584,250000124,548729340,4,4,0,0,0,0
1,stride16-clang18-scalar-r2-stride16_scan-scalar-warm-branch-196608,stride16-clang18-scalar,2,stride16_scan,scalar,warm,branch,196608,196608,199922688,65079,250003175,548736052,4,4,0,0,6614988883088,0
1,stride16-clang18-scalar-r2-stride16_scan-scalar-warm-basic-65536,stride16-clang18-scalar,2,stride16_scan,scalar,warm,basic,65536,65536,211164160,206215,250000170,548729420,4,4,0,0,2258195232138,0
1,stride16-clang18-scalar-r2-stride16_scan-scalar-warm-branch-8192,stride16-clang18-scalar,2,stride16_scan,scalar,warm,branch,8192,8192,440214656,3439177,250000101,548729276,4,4,0,0,278285643378,0
1,stride16-clang18-scalar-r2-stride16_scan-scalar-warm-basic-6291456,stride16-clang18-scalar,2,stride16_scan,scalar,warm,basic,6291456,6291456,94568448,962,250215462,549201864,4,4,0,0,0,0
1,stride16-clang18-scalar-r2-stride16_scan-scalar-warm-branch-1048576,stride16-clang18-scalar,2,stride16_scan,scalar,warm,branch,1048576,1048576,116834304,7131,250007365,548745216,4,4,0,0,35633181691364,0
1,stride16-clang18-scalar-r2-stride16_scan-scalar-warm-branch-28672,stride16-clang18-scalar,2,stride16_scan,scalar,warm,branch,28672,28672,645905344,1441753,250000141,548729360,4,4,0,0,995922852696,0
1,stride16-clang18-scalar-r2-stride16_scan-scalar-warm-basic-33554432,stride16-clang18-scalar,2,stride16_scan,scalar,warm,basic,33554432,33554432,54001664,103,252388370,553971196,4,4,0,0,1125609418673861,0
1,stride16-clang18-scalar-r2-stride16_scan-scalar-warm-branch-8388608,stride16-clang18-scalar,2,stride16_scan,scalar,warm,branch,8388608,8388608,81002496,618,250304640,549397568,4,4,0,0,0,0
1,stride16-clang18-scalar-r2-stride16_scan-scalar-warm-basic-262144,stride16-clang18-scalar,2,stride16_scan,scalar,warm,basic,262144,262144,165740544,40464,250005192,548740336,4,4,0,0,0,0
1,stride16-clang18-scalar-r2-stride16_scan-scalar-warm-basic-7340032,stride16-clang18-scalar,2,stride16_scan,scalar,warm,basic,7340032,7340032,75694080,660,250157503,549074656,4,4,0,0,0,0
1,stride16-clang18-scalar-r2-stride16_scan-scalar-cache_evicted-branch-6291456,stride16-clang18-scalar,2,stride16_scan,scalar,cache_evicted,branch,6291456,6291456,76873728,782,250272206,549326412,4,4,0,0,0,0
1,stride16-clang18-scalar-r2-stride16_scan-scalar-warm-branch-12582912,stride16-clang18-scalar,2,stride16_scan,scalar,warm,branch,12582912,12582912,53477376,272,250619553,550088808,4,4,0,0,0,0
1,stride16-clang18-scalar-r2-stride16_scan-scalar-warm-branch-229376,stride16-clang18-scalar,2,stride16_scan,scalar,warm,branch,229376,229376,205295104,57281,250003984,548737680,4,4,0,0,7748276730430,0
1,stride16-clang18-scalar-r2-stride16_scan-scalar-warm-basic-524288,stride16-clang18-scalar,2,stride16_scan,scalar,warm,basic,524288,524288,116375552,14206,250016896,548766056,4,4,0,0,0,0
1,stride16-clang18-scalar-r2-stride16_scan-scalar-cache_evicted-branch-262144,stride16-clang18-scalar,2,stride16_scan,scalar,cache_evicted,branch,262144,262144,145428480,35505,250001054,548731284,4,4,0,0,8927489887915,0
1,stride16-clang18-scalar-r2-stride16_scan-scalar-cache_evicted-branch-33554432,stride16-clang18-scalar,2,stride16_scan,scalar,cache_evicted,branch,33554432,33554432,50331648,96,250676553,550213820,4,4,46,0,0,0
1,stride16-clang18-scalar-r2-stride16_scan-scalar-warm-branch-5242880,stride16-clang18-scalar,2,stride16_scan,scalar,warm,branch,5242880,5242880,76103680,929,250207428,549184252,4,4,0,0,176834230349933,0
1,stride16-clang18-scalar-r2-stride16_scan-scalar-warm-branch-98304,stride16-clang18-scalar,2,stride16_scan,scalar,warm,branch,98304,98304,216705024,141084,250001348,548731900,4,4,0,0,0,0
1,stride16-clang18-scalar-r2-stride16_scan-scalar-warm-branch-536870912,stride16-clang18-scalar,2,stride16_scan,scalar,warm,branch,536870912,536870912,58720256,7,285473045,626589428,4,4,0,0,18017015376263269,0
1,stride16-clang18-scalar-r2-stride16_scan-scalar-warm-basic-28672,stride16-clang18-scalar,2,stride16_scan,scalar,warm,basic,28672,28672,637245056,1422422,250000148,548729276,4,4,0,0,0,0
1,stride16-clang18-scalar-r2-stride16_scan-scalar-warm-basic-4194304,stride16-clang18-scalar,2,stride16_scan,scalar,warm,basic,4194304,4194304,105054208,1603,250086699,548919224,4,4,0,0,141580053400505,0
1,stride16-clang18-scalar-r2-stride16_scan-scalar-warm-basic-32768,stride16-clang18-scalar,2,stride16_scan,scalar,warm,basic,32768,32768,573496832,1120111,250000318,548729644,4,4,0,0,1123188153833,0
1,stride16-clang18-scalar-r2-stride16_scan-scalar-cache_evicted-branch-1048576,stride16-clang18-scalar,2,stride16_scan,scalar,cache_evicted,branch,1048576,1048576,116752384,7126,250002628,548734712,4,4,0,0,0,0
1,stride16-clang18-scalar-r2-stride16_scan-scalar-warm-branch-4194304,stride16-clang18-scalar,2,stride16_scan,scalar,warm,branch,4194304,4194304,111280128,1698,250016017,548764080,4,4,0,0,0,0
1,stride16-clang18-scalar-r2-stride16_scan-scalar-warm-branch-32768,stride16-clang18-scalar,2,stride16_scan,scalar,warm,branch,32768,32768,578867200,1130600,250000322,548729636,4,4,0,0,0,0
1,stride16-clang18-scalar-r2-stride16_scan-scalar-warm-branch-7340032,stride16-clang18-scalar,2,stride16_scan,scalar,warm,branch,7340032,7340032,63881216,557,250323886,549439740,4,4,0,0,246992121950756,0
1,stride16-clang18-scalar-r2-stride16_scan-scalar-warm-branch-294912,stride16-clang18-scalar,2,stride16_scan,scalar,warm,branch,294912,294912,135078912,29314,250006488,548743216,4,4,0,0,0,0
1,stride16-clang18-scalar-r2-stride16_scan-scalar-warm-branch-36864,stride16-clang18-scalar,2,stride16_scan,scalar,warm,branch,36864,36864,206956800,359300,250000792,548730688,4,4,0,0,0,0
1,stride16-clang18-scalar-r2-stride16_scan-scalar-cache_evicted-basic-262144,stride16-clang18-scalar,2,stride16_scan,scalar,cache_evicted,basic,262144,262144,172015616,41996,250004412,548738624,4,4,0,0,0,0
1,stride16-clang18-scalar-r2-stride16_scan-scalar-warm-basic-2097152,stride16-clang18-scalar,2,stride16_scan,scalar,warm,basic,2097152,2097152,116883456,3567,250030309,548795464,4,4,0,0,71080920162527,0
1,stride16-clang18-scalar-r2-stride16_scan-scalar-warm-basic-131072,stride16-clang18-scalar,2,stride16_scan,scalar,warm,basic,131072,131072,225902592,110304,250001795,548732884,4,4,0,0,0,0
1,stride16-clang18-scalar-r2-stride16_scan-scalar-warm-branch-393216,stride16-clang18-scalar,2,stride16_scan,scalar,warm,branch,393216,393216,116348928,18937,250012801,548757152,4,4,0,0,13385687496061,0
1,stride16-clang18-scalar-r2-stride16_scan-scalar-cache_evicted-basic-33554432,stride16-clang18-scalar,2,stride16_scan,scalar,cache_evicted,basic,33554432,33554432,55050240,105,250670623,550200900,4,4,0,0,1127447314741974,0
1,stride16-clang18-scalar-r2-stride16_scan-scalar-warm-branch-65536,stride16-clang18-scalar,2,stride16_scan,scalar,warm,branch,65536,65536,212651008,207667,250000460,548730088,4,4,0,0,2258195232138,0
1,stride16-clang18-scalar-r2-stride16_scan-scalar-warm-branch-134217728,stride16-clang18-scalar,2,stride16_scan,scalar,warm,branch,134217728,134217728,56623104,27,259618775,569841436,4,4,0,0,4504549468052054,0
1,stride16-clang18-scalar-r2-stride16_scan-scalar-warm-basic-36864,stride16-clang18-scalar,2,stride16_scan,scalar,warm,basic,36864,36864,207875520,360895,250000189,548729476,4,4,0,0,1268435412712,0
1,stride16-clang18-scalar-r2-stride16_scan-scalar-warm-basic-536870912,stride16-clang18-scalar,2,stride16_scan,scalar,warm,basic,536870912,536870912,58720256,7,272028095,597078864,4,4,0,0,18017015376263269,0
1,stride16-clang18-scalar-r2-stride16_scan-scalar-cache_evicted-branch-8388608,stride16-clang18-scalar,2,stride16_scan,scalar,cache_evicted,branch,8388608,8388608,78643200,600,250342902,549481572,4,4,0,0,0,0
1,stride16-clang18-scalar-r2-stride16_scan-scalar-cache_evicted-basic-8388608,stride16-clang18-scalar,2,stride16_scan,scalar,cache_evicted,basic,8388608,8388608,78512128,599,250214937,549200708,4,4,0,0,281904633947272,0
1,stride16-clang18-scalar-r2-stride16_scan-scalar-cache_evicted-branch-32768,stride16-clang18-scalar,2,stride16_scan,scalar,cache_evicted,branch,32768,32768,583161344,1138987,250000245,548729576,4,4,0,0,1101398788270,0
1,stride16-clang18-scalar-r2-stride16_scan-scalar-cache_evicted-basic-32768,stride16-clang18-scalar,2,stride16_scan,scalar,cache_evicted,basic,32768,32768,561459200,1096600,250000207,548729500,4,4,0,0,0,0
1,stride16-clang18-scalar-r2-stride16_scan-scalar-warm-branch-6291456,stride16-clang18-scalar,2,stride16_scan,scalar,warm,branch,6291456,6291456,95748096,974,250020539,548774044,4,4,0,0,0,0
1,stride16-clang18-scalar-r2-stride16_scan-scalar-cache_evicted-basic-6291456,stride16-clang18-scalar,2,stride16_scan,scalar,cache_evicted,basic,6291456,6291456,88571904,901,250249783,549277196,4,4,0,0,211312469851834,0
1,stride16-clang18-scalar-r2-stride16_scan-scalar-warm-branch-49152,stride16-clang18-scalar,2,stride16_scan,scalar,warm,branch,49152,49152,210101760,273570,250000320,548729680,4,4,0,0,0,0
1,stride16-clang18-scalar-r2-stride16_scan-scalar-warm-basic-393216,stride16-clang18-scalar,2,stride16_scan,scalar,warm,basic,393216,393216,121700352,19808,250012266,548755976,4,4,0,0,0,0
1,stride16-clang18-scalar-r2-stride16_scan-scalar-warm-basic-12582912,stride16-clang18-scalar,2,stride16_scan,scalar,warm,basic,12582912,12582912,63504384,323,250146624,549050792,4,4,0,0,422705609180667,0
1,stride16-clang18-scalar-r2-stride16_scan-scalar-warm-basic-49152,stride16-clang18-scalar,2,stride16_scan,scalar,warm,basic,49152,49152,212369664,276523,250000788,548730752,4,4,0,0,1678557819729,0
1,stride16-clang18-scalar-r2-stride16_scan-scalar-warm-basic-8388608,stride16-clang18-scalar,2,stride16_scan,scalar,warm,basic,8388608,8388608,79429632,606,250393453,549592532,4,4,0,0,0,0
1,stride16-clang18-scalar-r2-stride16_scan-scalar-warm-branch-262144,stride16-clang18-scalar,2,stride16_scan,scalar,warm,branch,262144,262144,183500800,44800,250002642,548734768,4,4,0,0,0,0
1,stride16-clang18-scalar-r3-stride16_scan-scalar-warm-basic-7340032,stride16-clang18-scalar,3,stride16_scan,scalar,warm,basic,7340032,7340032,87048192,759,250242114,549260304,4,4,0,0,246617036804768,0
1,stride16-clang18-scalar-r3-stride16_scan-scalar-warm-basic-393216,stride16-clang18-scalar,3,stride16_scan,scalar,warm,basic,393216,393216,116336640,18935,250004018,548737780,4,4,0,0,13123223841934,0
1,stride16-clang18-scalar-r3-stride16_scan-scalar-warm-branch-393216,stride16-clang18-scalar,3,stride16_scan,scalar,warm,branch,393216,393216,116330496,18934,250002009,548733360,4,4,0,0,0,0
1,stride16-clang18-scalar-r3-stride16_scan-scalar-warm-branch-16384,stride16-clang18-scalar,3,stride16_scan,scalar,warm,branch,16384,16384,603388160,2356985,250000106,548729316,4,4,0,0,580605274617,0
1,stride16-clang18-scalar-r3-stride16_scan-scalar-warm-basic-33554432,stride16-clang18-scalar,3,stride16_scan,scalar,warm,basic,33554432,33554432,54001664,103,251504800,552031828,4,4,0,0,1125583027973696,0
1,stride16-clang18-scalar-r3-stride16_scan-scalar-warm-branch-134217728,stride16-clang18-scalar,3,stride16_scan,scalar,warm,branch,134217728,134217728,54525952,26,250847878,550589924,4,4,0,0,0,0
1,stride16-clang18-scalar-r3-stride16_scan-scalar-warm-basic-524288,stride16-clang18-scalar,3,stride16_scan,scalar,warm,basic,524288,524288,116523008,14224,250003822,548737344,4,4,0,0,0,0
1,stride16-clang18-scalar-r3-stride16_scan-scalar-warm-basic-8388608,stride16-clang18-scalar,3,stride16_scan,scalar,warm,basic,8388608,8388608,81264640,620,250392309,549590036,4,4,0,0,0,0
1,stride16-clang18-scalar-r3-stride16_scan-scalar-warm-branch-4194304,stride16-clang18-scalar,3,stride16_scan,scalar,warm,branch,4194304,4194304,116654080,1780,250096329,548940396,4,4,0,0,0,0
1,stride16-clang18-scalar-r3-stride16_scan-scalar-warm-basic-134217728,stride16-clang18-scalar,3,stride16_scan,scalar,warm,basic,134217728,134217728,54525952,26,257450617,565082420,4,4,0,0,0,0
1,stride16-clang18-scalar-r3-stride16_scan-scalar-warm-basic-24576,stride16-clang18-scalar,3,stride16_scan,scalar,warm,basic,24576,24576,639273216,1664774,250000116,548729336,4,4,0,0,0,0
1,stride16-clang18-scalar-r3-stride16_scan-scalar-warm-branch-131072,stride16-clang18-scalar,3,stride16_scan,scalar,warm,branch,131072,131072,172101632,84034,250001283,548731880,4,4,0,0,0,0
1,stride16-clang18-scalar-r3-stride16_scan-scalar-cache_evicted-basic-8388608,stride16-clang18-scalar,3,stride16_scan,scalar,cache_evicted,basic,8388608,8388608,76021760,580,250395101,549596136,4,4,0,0,0,0
1,stride16-clang18-scalar-r3-stride16_scan-scalar-warm-basic-294912,stride16-clang18-scalar,3,stride16_scan,scalar,warm,basic,294912,294912,132774912,28814,250008391,548747476,4,4,0,0,0,0
1,stride16-clang18-scalar-r3-stride16_scan-scalar-warm-branch-294912,stride16-clang18-scalar,3,stride16_scan,scalar,warm,branch,294912,294912,140023296,30387,250002698,548734872,4,4,0,0,9782795075421,0
1,stride16-clang18-scalar-r3-stride16_scan-scalar-cache_evicted-basic-536870912,stride16-clang18-scalar,3,stride16_scan,scalar,cache_evicted,basic,536870912,536870912,58720256,7,275945087,605676380,4,4,0,0,18022305741371962,0
1,stride16-clang18-scalar-r3-stride16_scan-scalar-cache_evicted-branch-33554432,stride16-clang18-scalar,3,stride16_scan,scalar,cache_evicted,branch,33554432,33554432,55050240,105,250168102,549097896,4,4,0,0,1127470638920906,0
1,stride16-clang18-scalar-r3-stride16_scan-scalar-warm-basic-49152,stride16-clang18-scalar,3,stride16_scan,scalar,warm,basic,49152,49152,212496384,276688,250000553,548730260,4,4,0,0,0,0
1,stride16-clang18-scalar-r3-stride16_scan-scalar-warm-basic-1048576,stride16-clang18-scalar,3,stride16_scan,scalar,warm,basic,1048576,1048576,116801536,7129,250005143,548740236,4,4,0,0,35080806240091,0
1,stride16-clang18-scalar-r3-stride16_scan-scalar-warm-basic-98304,stride16-clang18-scalar,3,stride16_scan,scalar,warm,basic,98304,98304,214424064,139599,250000686,548730588,4,4,0,0,3270808815657,0
1,stride16-clang18-scalar-r3-stride16_scan-scalar-warm-basic-36864,stride16-clang18-scalar,3,stride16_scan,scalar,warm,basic,36864,36864,205117056,356106,250000782,548730688,4,4,0,0,0,0
1,stride16-clang18-scalar-r3-stride16_scan-scalar-warm-branch-8388608,stride16-clang18-scalar,3,stride16_scan,scalar,warm,branch,8388608,8388608,81133568,619,250084867,548915204,4,4,0,0,281849610020793,0
1,stride16-clang18-scalar-r3-stride16_scan-scalar-warm-branch-5242880,stride16-clang18-scalar,3,stride16_scan,scalar,warm,branch,5242880,5242880,115343360,1408,250161609,549083672,4,4,0,0,0,0
1,stride16-clang18-scalar-r3-stride16_scan-scalar-cache_evicted-branch-262144,stride16-clang18-scalar,3,stride16_scan,scalar,cache_evicted,branch,262144,262144,169582592,41402,250001832,548732996,4,4,0,0,0,0
1,stride16-clang18-scalar-r3-stride16_scan-scalar-warm-basic-262144,stride16-clang18-scalar,3,stride16_scan,scalar,warm,basic,262144,262144,143900672,35132,250007175,548744140,4,4,0,0,0,0
1,stride16-clang18-scalar-r3-stride16_scan-scalar-warm-basic-28672,stride16-clang18-scalar,3,stride16_scan,scalar,warm,basic,28672,28672,647146304,1444523,250000278,548729564,4,4,0,0,969954667736,0
1,stride16-clang18-scalar-r3-stride16_scan-scalar-warm-basic-16384,stride16-clang18-scalar,3,stride16_scan,scalar,warm,basic,16384,16384,602717184,2354364,250000134,548729240,4,4,0,0,0,0
1,stride16-clang18-scalar-r3-stride16_scan-scalar-warm-basic-196608,stride16-clang18-scalar,3,stride16_scan,scalar,warm,basic,196608,196608,194319360,63255,250002175,548733828,4,4,0,0,6513770584324,0
1,stride16-clang18-scalar-r3-stride16_scan-scalar-warm-basic-5242880,stride16-clang18-scalar,3,stride16_scan,scalar,warm,basic,5242880,5242880,113704960,1388,250161831,549084156,4,4,0,0,0,0
1,stride16-clang18-scalar-r3-stride16_scan-scalar-cache_evicted-branch-1048576,stride16-clang18-scalar,3,stride16_scan,scalar,cache_evicted,branch,1048576,1048576,116801536,7129,250009231,548749200,4,4,0,0,35014271474139,0
1,stride16-clang18-scalar-r3-stride16_scan-scalar-cache_evicted-basic-262144,stride16-clang18-scalar,3,stride16_scan,scalar,cache_evicted,basic,262144,262144,185167872,45207,250004708,548739384,4,4,0,0,8693086313669,0
1,stride16-clang18-scalar-r3-stride16_scan-scalar-warm-branch-49152,stride16-clang18-scalar,3,stride16_scan,scalar,warm,branch,49152,49152,214215936,278927,250000890,548730896,4,4,0,0,1653144300599,0
1,stride16-clang18-scalar-r3-stride16_scan-scalar-warm-basic-8192,stride16-clang18-scalar,3,stride16_scan,scalar,warm,basic,8192,8192,457144448,3571441,250000192,548729360,4,4,0,0,301803460594,0
1,stride16-clang18-scalar-r3-stride16_scan-scalar-warm-branch-536870912,stride16-clang18-scalar,3,stride16_scan,scalar,warm,branch,536870912,536870912,58720256,7,271912232,596824604,4,4,0,0,18017378678603339,0
1,stride16-clang18-scalar-r3-stride16_scan-scalar-warm-basic-2097152,stride16-clang18-scalar,3,stride16_scan,scalar,warm,basic,2097152,2097152,116981760,3570,250006716,548743716,4,4,0,0,0,0
1,stride16-clang18-scalar-r3-stride16_scan-scalar-cache_evicted-branch-6291456,stride16-clang18-scalar,3,stride16_scan,scalar,cache_evicted,branch,6291456,6291456,97124352,988,250048184,548834664,4,4,0,0,0,0
1,stride16-clang18-scalar-r3-stride16_scan-scalar-warm-branch-229376,stride16-clang18-scalar,3,stride16_scan,scalar,warm,branch,229376,229376,202728960,56565,250002204,548733904,4,4,0,0,7585174759353,0
1,stride16-clang18-scalar-r3-stride16_scan-scalar-warm-branch-33554432,stride16-clang18-scalar,3,stride16_scan,scalar,warm,branch,33554432,33554432,52953088,101,251293097,551567172,4,4,0,0,1125583027973696,0
1,stride16-clang18-scalar-r3-stride16_scan-scalar-warm-branch-8192,stride16-clang18-scalar,3,stride16_scan,scalar,warm,branch,8192,8192,457387008,3573336,250000172,548729328,4,4,0,0,0,0
1,stride16-clang18-scalar-r3-stride16_scan-scalar-cache_evicted-branch-536870912,stride16-clang18-scalar,3,stride16_scan,scalar,cache_evicted,branch,536870912,536870912,58720256,7,272011329,597042080,4,4,0,0,18022305741371962,0
1,stride16-clang18-scalar-r3-stride16_scan-scalar-warm-branch-196608,stride16-clang18-scalar,3,stride16_scan,scalar,warm,branch,196608,196608,193087488,62854,250000296,548729708,4,4,0,0,0,0
1,stride16-clang18-scalar-r3-stride16_scan-scalar-warm-branch-65536,stride16-clang18-scalar,3,stride16_scan,scalar,warm,branch,65536,65536,213116928,208122,250000707,548730532,4,4,0,0,0,0
1,stride16-clang18-scalar-r3-stride16_scan-scalar-cache_evicted-basic-33554432,stride16-clang18-scalar,3,stride16_scan,scalar,cache_evicted,basic,33554432,33554432,54525952,104,252203351,553565132,4,4,0,0,0,0
1,stride16-clang18-scalar-r3-stride16_scan-scalar-warm-basic-536870912,stride16-clang18-scalar,3,stride16_scan,scalar,warm,basic,536870912,536870912,58720256,7,271799219,596576548,4,4,0,0,18017378678603339,0
1,stride16-clang18-scalar-r3-stride16_scan-scalar-warm-branch-32768,stride16-clang18-scalar,3,stride16_scan,scalar,warm,branch,32768,32768,578669056,1130213,250000192,548729480,4,4,0,0,1119805800818,0
1,stride16-clang18-scalar-r3-stride16_scan-scalar-warm-branch-262144,stride16-clang18-scalar,3,stride16_scan,scalar,warm,branch,262144,262144,143843328,35118,250003765,548737324,4,4,0,0,0,0
1,stride16-clang18-scalar-r3-stride16_scan-scalar-warm-branch-524288,stride16-clang18-scalar,3,stride16_scan,scalar,warm,branch,524288,524288,116498432,14221,250008181,548747008,4,4,0,0,17540853279023,0
1,stride16-clang18-scalar-r3-stride16_scan-scalar-warm-basic-65536,stride16-clang18-scalar,3,stride16_scan,scalar,warm,basic,65536,65536,212876288,207887,250000460,548729960,4,4,0,0,2191374536516,0
1,stride16-clang18-scalar-r3-stride16_scan-scalar-warm-basic-12582912,stride16-clang18-scalar,3,stride16_scan,scalar,warm,basic,12582912,12582912,59572224,303,250381012,549565256,4,4,0,0,422589347643191,0
1,stride16-clang18-scalar-r3-stride16_scan-scalar-warm-branch-2097152,stride16-clang18-scalar,3,stride16_scan,scalar,warm,branch,2097152,2097152,116883456,3567,250034477,548804756,4,4,0,0,70221165544626,0
1,stride16-clang18-scalar-r3-stride16_scan-scalar-warm-basic-131072,stride16-clang18-scalar,3,stride16_scan,scalar,warm,basic,131072,131072,225464320,110090,250001283,548731884,4,4,0,0,0,0
1,stride16-clang18-scalar-r3-stride16_scan-scalar-warm-basic-32768,stride16-clang18-scalar,3,stride16_scan,scalar,warm,basic,32768,32768,581493248,1135729,250000259,548729648,4,4,0,0,1119805800818,0
1,stride16-clang18-scalar-r3-stride16_scan-scalar-warm-branch-1048576,stride16-clang18-scalar,3,stride16_scan,scalar,warm,branch,1048576,1048576,116785152,7128,250000596,548730376,4,4,0,0,0,0
1,stride16-clang18-scalar-r3-stride16_scan-scalar-cache_evicted-branch-8388608,stride16-clang18-scalar,3,stride16_scan,scalar,cache_evicted,branch,8388608,8388608,79691776,608,250073558,548890388,4,4,0,0,0,0
1,stride16-clang18-scalar-r3-stride16_scan-scalar-cache_evicted-branch-32768,stride16-clang18-scalar,3,stride16_scan,scalar,cache_evicted,branch,32768,32768,568629760,1110605,250000261,548729656,4,4,0,0,1081822647018,0
1,stride16-clang18-scalar-r3-stride16_scan-scalar-warm-branch-12582912,stride16-clang18-scalar,3,stride16_scan,scalar,warm,branch,12582912,12582912,63700992,324,250373214,549548100,4,4,0,0,0,0
1,stride16-clang18-scalar-r3-stride16_scan-scalar-warm-branch-98304,stride16-clang18-scalar,3,stride16_scan,scalar,warm,branch,98304,98304,213934080,139280,250001502,548732248,4,4,0,0,0,0
1,stride16-clang18-scalar-r3-stride16_scan-scalar-warm-branch-6291456,stride16-clang18-scalar,3,stride16_scan,scalar,warm,branch,6291456,6291456,84344832,858,250247707,549272632,4,4,0,0,0,0
1,stride16-clang18-scalar-r3-stride16_scan-scalar-cache_evicted-basic-32768,stride16-clang18-scalar,3,stride16_scan,scalar,cache_evicted,basic,32768,32768,535802368,1046489,250000449,548729632,4,4,0,0,1081822647018,0
1,stride16-clang18-scalar-r3-stride16_scan-scalar-warm-basic-4194304,stride16-clang18-scalar,3,stride16_scan,scalar,warm,basic,4194304,4194304,107675648,1643,250129974,549014248,4,4,0,0,140723773294051,0
1,stride16-clang18-scalar-r3-stride16_scan-scalar-warm-branch-36864,stride16-clang18-scalar,3,stride16_scan,scalar,warm,branch,36864,36864,204411456,354881,250000638,548730448,4,4,0,0,1267317843571,0
1,stride16-clang18-scalar-r3-stride16_scan-scalar-warm-basic-229376,stride16-clang18-scalar,3,stride16_scan,scalar,warm,basic,229376,229376,163459072,45608,250005153,548740300,4,4,0,0,0,0
1,stride16-clang18-scalar-r3-stride16_scan-scalar-cache_evicted-basic-6291456,stride16-clang18-scalar,3,stride16_scan,scalar,cache_evicted,basic,6291456,6291456,91717632,933,250119985,548992260,4,4,0,0,210880173279116,0
1,stride16-clang18-scalar-r3-stride16_scan-scalar-cache_evicted-basic-1048576,stride16-clang18-scalar,3,stride16_scan,scalar,cache_evicted,basic,1048576,1048576,116785152,7128,250011099,548753444,4,4,0,0,0,0
1,stride16-clang18-scalar-r3-stride16_scan-scalar-warm-basic-6291456,stride16-clang18-scalar,3,stride16_scan,scalar,warm,basic,6291456,6291456,92307456,939,250190825,549147812,4,4,0,0,211268679159789,0
1,stride16-clang18-scalar-r3-stride16_scan-scalar-warm-branch-7340032,stride16-clang18-scalar,3,stride16_scan,scalar,warm,branch,7340032,7340032,78561280,685,250281482,549346756,4,4,0,0,246617036804768,0
1,stride16-clang18-scalar-r3-stride16_scan-scalar-warm-branch-24576,stride16-clang18-scalar,3,stride16_scan,scalar,warm,branch,24576,24576,629533440,1639410,250000135,548729272,4,4,0,0,0,0
1,stride16-clang18-scalar-r3-stride16_scan-scalar-warm-branch-28672,stride16-clang18-scalar,3,stride16_scan,scalar,warm,branch,28672,28672,644583296,1438802,250000094,548729284,4,4,0,0,0,0
1,stride16-clang18-scalar-r4-stride16_scan-scalar-warm-branch-524288,stride16-clang18-scalar,4,stride16_scan,scalar,warm,branch,524288,524288,116473856,14218,250011241,548753636,4,4,1,0,0,0
1,stride16-clang18-scalar-r4-stride16_scan-scalar-warm-branch-134217728,stride16-clang18-scalar,4,stride16_scan,scalar,warm,branch,134217728,134217728,54525952,26,250885311,550672116,4,4,0,0,0,0
1,stride16-clang18-scalar-r4-stride16_scan-scalar-warm-basic-98304,stride16-clang18-scalar,4,stride16_scan,scalar,warm,basic,98304,98304,215126016,140056,250000824,548730876,4,4,0,0,0,0
1,stride16-clang18-scalar-r4-stride16_scan-scalar-cache_evicted-branch-1048576,stride16-clang18-scalar,4,stride16_scan,scalar,cache_evicted,branch,1048576,1048576,116801536,7129,250002014,548733508,4,4,0,0,35335456838376,0
1,stride16-clang18-scalar-r4-stride16_scan-scalar-warm-basic-536870912,stride16-clang18-scalar,4,stride16_scan,scalar,warm,basic,536870912,536870912,58720256,7,272970900,599148268,4,4,0,0,18015733430633011,0
1,stride16-clang18-scalar-r4-stride16_scan-scalar-warm-basic-2097152,stride16-clang18-scalar,4,stride16_scan,scalar,warm,basic,2097152,2097152,116948992,3569,250030904,548796920,4,4,0,0,70183020256429,0
1,stride16-clang18-scalar-r4-stride16_scan-scalar-warm-branch-8388608,stride16-clang18-scalar,4,stride16_scan,scalar,warm,branch,8388608,8388608,79560704,607,250124772,549002828,4,4,0,0,280846292562348,0
1,stride16-clang18-scalar-r4-stride16_scan-scalar-warm-branch-2097152,stride16-clang18-scalar,4,stride16_scan,scalar,warm,branch,2097152,2097152,116948992,3569,250068800,548879944,4,4,0,0,70183020256429,0
1,stride16-clang18-scalar-r4-stride16_scan-scalar-warm-basic-4194304,stride16-clang18-scalar,4,stride16_scan,scalar,warm,basic,4194304,4194304,116457472,1777,250075886,548895508,4,4,0,0,140333085323022,0
1,stride16-clang18-scalar-r4-stride16_scan-scalar-warm-branch-8192,stride16-clang18-scalar,4,stride16_scan,scalar,warm,branch,8192,8192,447211392,3493839,250000095,548729276,4,4,0,0,249709441335,0
1,stride16-clang18-scalar-r4-stride16_scan-scalar-warm-branch-262144,stride16-clang18-scalar,4,stride16_scan,scalar,warm,branch,262144,262144,166539264,40659,250001678,548732732,4,4,0,0,8716315336334,0
1,stride16-clang18-scalar-r4-stride16_scan-scalar-warm-basic-8192,stride16-clang18-scalar,4,stride16_scan,scalar,warm,basic,8192,8192,457010048,3570391,250000142,548729292,4,4,0,0,249709441335,0
1,stride16-clang18-scalar-r4-stride16_scan-scalar-warm-branch-36864,stride16-clang18-scalar,4,stride16_scan,scalar,warm,branch,36864,36864,208850688,362588,250000349,548729820,4,4,0,0,0,0
1,stride16-clang18-scalar-r4-stride16_scan-scalar-warm-branch-33554432,stride16-clang18-scalar,4,stride16_scan,scalar,warm,branch,33554432,33554432,55574528,106,252299261,553775560,4,4,0,0,0,0
1,stride16-clang18-scalar-r4-stride16_scan-scalar-warm-basic-229376,stride16-clang18-scalar,4,stride16_scan,scalar,warm,basic,229376,229376,176673280,49295,250000396,548729920,4,4,0,0,7633951322737,0
1,stride16-clang18-scalar-r4-stride16_scan-scalar-warm-basic-196608,stride16-clang18-scalar,4,stride16_scan,scalar,warm,basic,196608,196608,240718848,78359,250000983,548731212,4,4,0,0,6532194166792,0
1,stride16-clang18-scalar-r4-stride16_scan-scalar-warm-basic-16384,stride16-clang18-scalar,4,stride16_scan,scalar,warm,basic,16384,16384,602723584,2354389,250000176,548729440,4,4,0,0,504764471523,0
1,stride16-clang18-scalar-r4-stride16_scan-scalar-cache_evicted-branch-33554432,stride16-clang18-scalar,4,stride16_scan,scalar,cache_evicted,branch,33554432,33554432,55050240,105,250436392,549686784,4,4,0,0,1126419427349883,0
1,stride16-clang18-scalar-r4-stride16_scan-scalar-cache_evicted-basic-32768,stride16-clang18-scalar,4,stride16_scan,scalar,cache_evicted,basic,32768,32768,554363392,1082741,250000170,548729420,4,4,0,0,1116469165256,0
1,stride16-clang18-scalar-r4-stride16_scan-scalar-warm-branch-12582912,stride16-clang18-scalar,4,stride16_scan,scalar,warm,branch,12582912,12582912,58785792,299,250125560,549004520,4,4,0,0,421465328814538,0
1,stride16-clang18-scalar-r4-stride16_scan-scalar-warm-basic-24576,stride16-clang18-scalar,4,stride16_scan,scalar,warm,basic,24576,24576,637476864,1660096,250000185,548729348,4,4,0,0,0,0
1,stride16-clang18-scalar-r4-stride16_scan-scalar-warm-branch-393216,stride16-clang18-scalar,4,stride16_scan,scalar,warm,branch,393216,393216,116336640,18935,250011597,548754492,4,4,0,0,13050551073294,0
1,stride16-clang18-scalar-r4-stride16_scan-scalar-warm-basic-6291456,stride16-clang18-scalar,4,stride16_scan,scalar,warm,basic,6291456,6291456,99090432,1008,250137025,549029720,4,4,0,0,0,0
1,stride16-clang18-scalar-r4-stride16_scan-scalar-warm-basic-33554432,stride16-clang18-scalar,4,stride16_scan,scalar,warm,basic,33554432,33554432,55050240,105,250045980,548829852,4,4,0,0,1124115648051249,0
1,stride16-clang18-scalar-r4-stride16_scan-scalar-warm-basic-7340032,stride16-clang18-scalar,4,stride16_scan,scalar,warm,basic,7340032,7340032,89227264,778,250186618,549138528,4,4,0,0,0,0
1,stride16-clang18-scalar-r4-stride16_scan-scalar-warm-branch-49152,stride16-clang18-scalar,4,stride16_scan,scalar,warm,branch,49152,49152,212616192,276844,250000834,548730912,4,4,0,0,0,0
1,stride16-clang18-scalar-r4-stride16_scan-scalar-warm-basic-32768,stride16-clang18-scalar,4,stride16_scan,scalar,warm,basic,32768,32768,549416960,1073080,250000215,548729528,4,4,0,0,0,0
1,stride16-clang18-scalar-r4-stride16_scan-scalar-warm-branch-65536,stride16-clang18-scalar,4,stride16_scan,scalar,warm,branch,65536,65536,212705280,207720,250000892,548730912,4,4,0,0,0,0
1,stride16-clang18-scalar-r4-stride16_scan-scalar-warm-basic-5242880,stride16-clang18-scalar,4,stride16_scan,scalar,warm,basic,5242880,5242880,106823680,1304,250117277,548986112,4,4,0,0,0,0
1,stride16-clang18-scalar-r4-stride16_scan-scalar-warm-basic-134217728,stride16-clang18-scalar,4,stride16_scan,scalar,warm,basic,134217728,134217728,56623104,27,259269084,569073804,4,4,0,0,4503720186931531,0
1,stride16-clang18-scalar-r4-stride16_scan-scalar-warm-branch-7340032,stride16-clang18-scalar,4,stride16_scan,scalar,warm,branch,7340032,7340032,88080384,768,250268743,549318832,4,4,0,0,0,0
1,stride16-clang18-scalar-r4-stride16_scan-scalar-warm-basic-262144,stride16-clang18-scalar,4,stride16_scan,scalar,warm,basic,262144,262144,187236352,45712,250003564,548736872,4,4,0,0,0,0
1,stride16-clang18-scalar-r4-stride16_scan-scalar-cache_evicted-basic-262144,stride16-clang18-scalar,4,stride16_scan,scalar,cache_evicted,basic,262144,262144,181952512,44422,250004788,548739508,4,4,0,0,0,0
1,stride16-clang18-scalar-r4-stride16_scan-scalar-warm-basic-524288,stride16-clang18-scalar,4,stride16_scan,scalar,warm,basic,524288,524288,116465664,14217,250013782,548759312,4,4,0,0,17470022945844,0
1,stride16-clang18-scalar-r4-stride16_scan-scalar-warm-branch-5242880,stride16-clang18-scalar,4,stride16_scan,scalar,warm,branch,5242880,5242880,112148480,1369,250154452,549067980,4,4,0,0,175833733618492,0
1,stride16-clang18-scalar-r4-stride16_scan-scalar-warm-branch-28672,stride16-clang18-scalar,4,stride16_scan,scalar,warm,branch,28672,28672,647728256,1445822,250000190,548729372,4,4,0,0,0,0
1,stride16-clang18-scalar-r4-stride16_scan-scalar-warm-branch-32768,stride16-clang18-scalar,4,stride16_scan,scalar,warm,branch,32768,32768,576500224,1125977,250000232,548729468,4,4,0,0,1066264212487,0
1,stride16-clang18-scalar-r4-stride16_scan-scalar-warm-branch-131072,stride16-clang18-scalar,4,stride16_scan,scalar,warm,branch,131072,131072,220721152,107774,250000575,548730308,4,4,0,0,0,0
1,stride16-clang18-scalar-r4-stride16_scan-scalar-warm-basic-294912,stride16-clang18-scalar,4,stride16_scan,scalar,warm,basic,294912,294912,141212160,30645,250008156,548746956,4,4,0,0,9797940573625,0
1,stride16-clang18-scalar-r4-stride16_scan-scalar-warm-basic-1048576,stride16-clang18-scalar,4,stride16_scan,scalar,warm,basic,1048576,1048576,116817920,7130,250018024,548768620,4,4,0,0,0,0
1,stride16-clang18-scalar-r4-stride16_scan-scalar-cache_evicted-basic-33554432,stride16-clang18-scalar,4,stride16_scan,scalar,cache_evicted,basic,33554432,33554432,55050240,105,252171726,553495712,4,4,0,0,1126419427349883,0
1,stride16-clang18-scalar-r4-stride16_scan-scalar-warm-basic-393216,stride16-clang18-scalar,4,stride16_scan,scalar,warm,basic,393216,393216,116312064,18931,250006284,548742852,4,4,0,0,13050551073294,0
1,stride16-clang18-scalar-r4-stride16_scan-scalar-warm-branch-1048576,stride16-clang18-scalar,4,stride16_scan,scalar,warm,branch,1048576,1048576,116834304,7131,250022084,548777528,4,4,0,0,34892935430792,0
1,stride16-clang18-scalar-r4-stride16_scan-scalar-cache_evicted-branch-262144,stride16-clang18-scalar,4,stride16_scan,scalar,cache_evicted,branch,262144,262144,182468608,44548,250001901,548733220,4,4,0,0,0,0
1,stride16-clang18-scalar-r4-stride16_scan-scalar-warm-branch-536870912,stride16-clang18-scalar,4,stride16_scan,scalar,warm,branch,536870912,536870912,58720256,7,272422174,597943772,4,4,0,0,18015733430633011,0
1,stride16-clang18-scalar-r4-stride16_scan-scalar-cache_evicted-branch-536870912,stride16-clang18-scalar,4,stride16_scan,scalar,cache_evicted,branch,536870912,536870912,58720256,7,272172975,597396764,4,4,0,0,18012855125309380,0
1,stride16-clang18-scalar-r4-stride16_scan-scalar-warm-branch-294912,stride16-clang18-scalar,4,stride16_scan,scalar,warm,branch,294912,294912,138318336,30017,250006103,548742480,4,4,0,0,9797940573625,0
1,stride16-clang18-scalar-r4-stride16_scan-scalar-warm-branch-6291456,stride16-clang18-scalar,4,stride16_scan,scalar,warm,branch,6291456,6291456,91422720,930,250016243,548764580,4,4,0,0,0,0
1,stride16-clang18-scalar-r4-stride16_scan-scalar-cache_evicted-basic-8388608,stride16-clang18-scalar,4,stride16_scan,scalar,cache_evicted,basic,8388608,8388608,77987840,595,250276039,549334776,4,4,0,0,281937011751577,0
1,stride16-clang18-scalar-r4-stride16_scan-scalar-warm-branch-16384,stride16-clang18-scalar,4,stride16_scan,scalar,warm,branch,16384,16384,602558720,2353745,250000163,548729328,4,4,0,0,504764471523,0
1,stride16-clang18-scalar-r4-stride16_scan-scalar-cache_evicted-basic-536870912,stride16-clang18-scalar,4,stride16_scan,scalar,cache_evicted,basic,536870912,536870912,58720256,7,272239525,597542956,4,4,0,0,18012855125309380,0
1,stride16-clang18-scalar-r4-stride16_scan-scalar-warm-basic-12582912,stride16-clang18-scalar,4,stride16_scan,scalar,warm,basic,12582912,12582912,63307776,322,250648278,550151844,4,4,0,0,0,0
1,stride16-clang18-scalar-r4-stride16_scan-scalar-warm-branch-98304,stride16-clang18-scalar,4,stride16_scan,scalar,warm,branch,98304,98304,217870848,141843,250000193,548729380,4,4,0,0,3281461908305,0
1,stride16-clang18-scalar-r4-stride16_scan-scalar-cache_evicted-basic-1048576,stride16-clang18-scalar,4,stride16_scan,scalar,cache_evicted,basic,1048576,1048576,116785152,7128,250008431,548747560,4,4,0,0,0,0
1,stride16-clang18-scalar-r4-stride16_scan-scalar-warm-basic-8388608,stride16-clang18-scalar,4,stride16_scan,scalar,warm,basic,8388608,8388608,79298560,605,250258808,549296996,4,4,0,0,280846292562348,0
1,stride16-clang18-scalar-r4-stride16_scan-scalar-warm-branch-229376,stride16-clang18-scalar,4,stride16_scan,scalar,warm,branch,229376,229376,182063616,50799,250003961,548737684,4,4,0,0,7633951322737,0
1,stride16-clang18-scalar-r4-stride16_scan-scalar-warm-branch-196608,stride16-clang18-scalar,4,stride16_scan,scalar,warm,branch,196608,196608,201176064,65487,250002599,548734772,4,4,0,0,6532194166792,0
1,stride16-clang18-scalar-r4-stride16_scan-scalar-cache_evicted-branch-32768,stride16-clang18-scalar,4,stride16_scan,scalar,cache_evicted,branch,32768,32768,533988352,1042946,250000129,548729332,4,4,0,0,0,0
1,stride16-clang18-scalar-r4-stride16_scan-scalar-cache_evicted-branch-6291456,stride16-clang18-scalar,4,stride16_scan,scalar,cache_evicted,branch,6291456,6291456,97026048,987,250183801,549132336,4,4,0,0,211369940324693,0
1,stride16-clang18-scalar-r4-stride16_scan-scalar-warm-branch-4194304,stride16-clang18-scalar,4,stride16_scan,scalar,warm,branch,4194304,4194304,113377280,1730,250029973,548794212,4,4,0,0,0,0
1,stride16-clang18-scalar-r4-stride16_scan-scalar-cache_evicted-branch-8388608,stride16-clang18-scalar,4,stride16_scan,scalar,cache_evicted,branch,8388608,8388608,73531392,561,250381125,549565468,4,4,0,0,281937011751577,0
1,stride16-clang18-scalar-r4-stride16_scan-scalar-warm-basic-131072,stride16-clang18-scalar,4,stride16_scan,scalar,warm,basic,131072,131072,224561152,109649,250001683,548732640,4,4,0,0,4368190345489,0
1,stride16-clang18-scalar-r4-stride16_scan-scalar-warm-basic-28672,stride16-clang18-scalar,4,stride16_scan,scalar,warm,basic,28672,28672,648865280,1448360,250000117,548729312,4,4,0,0,0,0
1,stride16-clang18-scalar-r4-stride16_scan-scalar-cache_evicted-basic-6291456,stride16-clang18-scalar,4,stride16_scan,scalar,cache_evicted,basic,6291456,6291456,93388800,950,250162620,549085860,4,4,0,0,0,0
1,stride16-clang18-scalar-r4-stride16_scan-scalar-warm-basic-65536,stride16-clang18-scalar,4,stride16_scan,scalar,warm,basic,65536,65536,211738624,206776,250000332,548729780,4,4,0,0,0,0
1,stride16-clang18-scalar-r4-stride16_scan-scalar-warm-branch-24576,stride16-clang18-scalar,4,stride16_scan,scalar,warm,branch,24576,24576,641179392,1669738,250000197,548729500,4,4,0,0,0,0
1,stride16-clang18-scalar-r4-stride16_scan-scalar-warm-basic-49152,stride16-clang18-scalar,4,stride16_scan,scalar,warm,basic,49152,49152,213030144,277383,250000652,548730476,4,4,0,0,1629620994100,0
1,stride16-clang18-scalar-r4-stride16_scan-scalar-warm-basic-36864,stride16-clang18-scalar,4,stride16_scan,scalar,warm,basic,36864,36864,206753472,358947,250000719,548730644,4,4,0,0,1205687502153,0
1,stride16-clang18-scalar-r5-stride16_scan-scalar-warm-basic-12582912,stride16-clang18-scalar,5,stride16_scan,scalar,warm,basic,12582912,12582912,63307776,322,250712507,550292808,4,4,0,0,0,0
1,stride16-clang18-scalar-r5-stride16_scan-scalar-warm-basic-33554432,stride16-clang18-scalar,5,stride16_scan,scalar,warm,basic,33554432,33554432,52953088,101,250323219,549438400,4,4,0,0,1125584612103552,0
1,stride16-clang18-scalar-r5-stride16_scan-scalar-warm-branch-262144,stride16-clang18-scalar,5,stride16_scan,scalar,warm,branch,262144,262144,144568320,35295,250003238,548736164,4,4,0,0,8754495699321,0
1,stride16-clang18-scalar-r5-stride16_scan-scalar-warm-basic-131072,stride16-clang18-scalar,5,stride16_scan,scalar,warm,basic,131072,131072,225200128,109961,250000131,548729344,4,4,0,0,4399883329278,0
1,stride16-clang18-scalar-r5-stride16_scan-scalar-cache_evicted-basic-33554432,stride16-clang18-scalar,5,stride16_scan,scalar,cache_evicted,basic,33554432,33554432,54001664,103,251376869,551751024,4,4,0,0,1124225134642610,0
1,stride16-clang18-scalar-r5-stride16_scan-scalar-warm-basic-393216,stride16-clang18-scalar,5,stride16_scan,scalar,warm,basic,393216,393216,121731072,19813,250006202,548742696,4,4,0,0,13183762961315,0
1,stride16-clang18-scalar-r5-stride16_scan-scalar-cache_evicted-basic-6291456,stride16-clang18-scalar,5,stride16_scan,scalar,cache_evicted,basic,6291456,6291456,97320960,990,250073820,548891056,4,4,0,0,0,0
1,stride16-clang18-scalar-r5-stride16_scan-scalar-warm-basic-5242880,stride16-clang18-scalar,5,stride16_scan,scalar,warm,basic,5242880,5242880,107888640,1317,250168911,549099700,4,4,0,0,175532494968030,0
1,stride16-clang18-scalar-r5-stride16_scan-scalar-warm-branch-393216,stride16-clang18-scalar,5,stride16_scan,scalar,warm,branch,393216,393216,116324352,18933,250006515,548743272,4,4,0,0,13183762961315,0
1,stride16-clang18-scalar-r5-stride16_scan-scalar-cache_evicted-branch-6291456,stride16-clang18-scalar,5,stride16_scan,scalar,cache_evicted,branch,6291456,6291456,87490560,890,250251026,549279936,4,4,0,0,0,0
1,stride16-clang18-scalar-r5-stride16_scan-scalar-cache_evicted-branch-1048576,stride16-clang18-scalar,5,stride16_scan,scalar,cache_evicted,branch,1048576,1048576,116801536,7129,250029804,548794460,4,4,0,0,35308345443750,0
1,stride16-clang18-scalar-r5-stride16_scan-scalar-warm-branch-2097152,stride16-clang18-scalar,5,stride16_scan,scalar,warm,branch,2097152,2097152,116948992,3569,250035807,548807640,4,4,0,0,70255563338767,0
1,stride16-clang18-scalar-r5-stride16_scan-scalar-warm-branch-1048576,stride16-clang18-scalar,5,stride16_scan,scalar,warm,branch,1048576,1048576,116834304,7131,250014147,548760056,4,4,0,0,35185090564000,0
1,stride16-clang18-scalar-r5-stride16_scan-scalar-warm-basic-1048576,stride16-clang18-scalar,5,stride16_scan,scalar,warm,basic,1048576,1048576,116834304,7131,250007824,548746228,4,4,0,0,35185090564000,0
1,stride16-clang18-scalar-r5-stride16_scan-scalar-warm-branch-65536,stride16-clang18-scalar,5,stride16_scan,scalar,warm,branch,65536,65536,211279872,206328,250000657,548730496,4,4,0,0,0,0
1,stride16-clang18-scalar-r5-stride16_scan-scalar-warm-branch-24576,stride16-clang18-scalar,5,stride16_scan,scalar,warm,branch,24576,24576,640093056,1666909,250000247,548729484,4,4,0,0,832819788323,0
1,stride16-clang18-scalar-r5-stride16_scan-scalar-cache_evicted-branch-262144,stride16-clang18-scalar,5,stride16_scan,scalar,cache_evicted,branch,262144,262144,135532544,33089,250007625,548745708,4,4,0,0,8800341606381,0
1,stride16-clang18-scalar-r5-stride16_scan-scalar-warm-branch-32768,stride16-clang18-scalar,5,stride16_scan,scalar,warm,branch,32768,32768,592837632,1157886,250000232,548729456,4,4,0,0,0,0
1,stride16-clang18-scalar-r5-stride16_scan-scalar-warm-basic-4194304,stride16-clang18-scalar,5,stride16_scan,scalar,warm,basic,4194304,4194304,108068864,1649,250033230,548801876,4,4,0,0,140299415345159,0
1,stride16-clang18-scalar-r5-stride16_scan-scalar-warm-basic-28672,stride16-clang18-scalar,5,stride16_scan,scalar,warm,basic,28672,28672,649031936,1448732,250000119,548729320,4,4,0,0,0,0
1,stride16-clang18-scalar-r5-stride16_scan-scalar-warm-branch-12582912,stride16-clang18-scalar,5,stride16_scan,scalar,warm,branch,12582912,12582912,63307776,322,250661768,550181456,4,4,0,0,0,0
1,stride16-clang18-scalar-r5-stride16_scan-scalar-warm-branch-196608,stride16-clang18-scalar,5,stride16_scan,scalar,warm,branch,196608,196608,239517696,77968,250002376,548733972,4,4,0,0,0,0
1,stride16-clang18-scalar-r5-stride16_scan-scalar-warm-branch-49152,stride16-clang18-scalar,5,stride16_scan,scalar,warm,branch,49152,49152,208257024,271168,250000174,548729432,4,4,0,0,0,0
1,stride16-clang18-scalar-r5-stride16_scan-scalar-warm-basic-65536,stride16-clang18-scalar,5,stride16_scan,scalar,warm,basic,65536,65536,216607744,211531,250001203,548731692,4,4,0,0,2208874284837,0
1,stride16-clang18-scalar-r5-stride16_scan-scalar-cache_evicted-branch-536870912,stride16-clang18-scalar,5,stride16_scan,scalar,cache_evicted,branch,536870912,536870912,58720256,7,275725091,605193508,4,4,0,0,18012226726777630,0
1,stride16-clang18-scalar-r5-stride16_scan-scalar-warm-branch-131072,stride16-clang18-scalar,5,stride16_scan,scalar,warm,branch,131072,131072,222523392,108654,250001315,548731940,4,4,0,0,0,0
1,stride16-clang18-scalar-r5-stride16_scan-scalar-warm-branch-229376,stride16-clang18-scalar,5,stride16_scan,scalar,warm,branch,229376,229376,204581888,57082,250000500,548730152,4,4,0,0,0,0
1,stride16-clang18-scalar-r5-stride16_scan-scalar-warm-branch-33554432,stride16-clang18-scalar,5,stride16_scan,scalar,warm,branch,33554432,33554432,55574528,106,252065307,553262116,4,4,0,0,0,0
1,stride16-clang18-scalar-r5-stride16_scan-scalar-warm-basic-8388608,stride16-clang18-scalar,5,stride16_scan,scalar,warm,basic,8388608,8388608,80740352,616,250389961,549584872,4,4,0,0,0,0
1,stride16-clang18-scalar-r5-stride16_scan-scalar-warm-branch-28672,stride16-clang18-scalar,5,stride16_scan,scalar,warm,branch,28672,28672,646076928,1442136,250000181,548729456,4,4,0,0,0,0
1,stride16-clang18-scalar-r5-stride16_scan-scalar-warm-basic-2097152,stride16-clang18-scalar,5,stride16_scan,scalar,warm,basic,2097152,2097152,116916224,3568,250012877,548757348,4,4,0,0,0,0
1,stride16-clang18-scalar-r5-stride16_scan-scalar-warm-branch-8388608,stride16-clang18-scalar,5,stride16_scan,scalar,warm,branch,8388608,8388608,80347136,613,250061428,548863760,4,4,0,0,281453299980227,0
1,stride16-clang18-scalar-r5-stride16_scan-scalar-warm-basic-24576,stride16-clang18-scalar,5,stride16_scan,scalar,warm,basic,24576,24576,636061824,1656411,250000212,548729416,4,4,0,0,832819788323,0
1,stride16-clang18-scalar-r5-stride16_scan-scalar-warm-branch-6291456,stride16-clang18-scalar,5,stride16_scan,scalar,warm,branch,6291456,6291456,99287040,1010,250184246,549133352,4,4,0,0,0,0
1,stride16-clang18-scalar-r5-stride16_scan-scalar-warm-basic-262144,stride16-clang18-scalar,5,stride16_scan,scalar,warm,basic,262144,262144,158146560,38610,250001908,548733252,4,4,0,0,0,0
1,stride16-clang18-scalar-r5-stride16_scan-scalar-warm-basic-7340032,stride16-clang18-scalar,5,stride16_scan,scalar,warm,basic,7340032,7340032,90144768,786,250013342,548758244,4,4,0,0,0,0
1,stride16-clang18-scalar-r5-stride16_scan-scalar-warm-basic-6291456,stride16-clang18-scalar,5,stride16_scan,scalar,warm,basic,6291456,6291456,103317504,1051,250049605,548837812,4,4,0,0,211000716022173,0
1,stride16-clang18-scalar-r5-stride16_scan-scalar-warm-basic-196608,stride16-clang18-scalar,5,stride16_scan,scalar,warm,basic,196608,196608,202500096,65918,250000289,548729568,4,4,0,0,0,0
1,stride16-clang18-scalar-r5-stride16_scan-scalar-warm-basic-36864,stride16-clang18-scalar,5,stride16_scan,scalar,warm,basic,36864,36864,207754560,360685,250000701,548730484,4,4,1,0,1246948212458,0
1,stride16-clang18-scalar-r5-stride16_scan-scalar-warm-basic-8192,stride16-clang18-scalar,5,stride16_scan,scalar,warm,basic,8192,8192,457433856,3573702,250000083,548729244,4,4,0,0,0,0
1,stride16-clang18-scalar-r5-stride16_scan-scalar-cache_evicted-branch-8388608,stride16-clang18-scalar,5,stride16_scan,scalar,cache_evicted,branch,8388608,8388608,74973184,572,250014922,548761648,4,4,0,0,0,0
1,stride16-clang18-scalar-r5-stride16_scan-scalar-warm-branch-7340032,stride16-clang18-scalar,5,stride16_scan,scalar,warm,branch,7340032,7340032,84295680,735,250300377,549388268,4,4,0,0,246131906538143,0
1,stride16-clang18-scalar-r5-stride16_scan-scalar-warm-basic-294912,stride16-clang18-scalar,5,stride16_scan,scalar,warm,basic,294912,294912,138571776,30072,250008087,548746816,4,4,0,0,0,0
1,stride16-clang18-scalar-r5-stride16_scan-scalar-warm-basic-134217728,stride16-clang18-scalar,5,stride16_scan,scalar,warm,basic,134217728,134217728,56623104,27,259168725,568853516,4,4,0,0,4504067175786675,0
1,stride16-clang18-scalar-r5-stride16_scan-scalar-warm-branch-8192,stride16-clang18-scalar,5,stride16_scan,scalar,warm,branch,8192,8192,457405824,3573483,250000088,548729260,4,4,0,0,278818499930,0
1,stride16-clang18-scalar-r5-stride16_scan-scalar-warm-branch-4194304,stride16-clang18-scalar,5,stride16_scan,scalar,warm,branch,4194304,4194304,116326400,1775,250006157,548742428,4,4,0,0,140299415345159,0
1,stride16-clang18-scalar-r5-stride16_scan-scalar-warm-branch-524288,stride16-clang18-scalar,5,stride16_scan,scalar,warm,branch,524288,524288,116498432,14221,250002120,548733736,4,4,0,0,17555514137435,0
1,stride16-clang18-scalar-r5-stride16_scan-scalar-cache_evicted-branch-33554432,stride16-clang18-scalar,5,stride16_scan,scalar,cache_evicted,branch,33554432,33554432,55050240,105,251368094,551731784,4,4,0,0,1124225134642610,0
1,stride16-clang18-scalar-r5-stride16_scan-scalar-cache_evicted-basic-262144,stride16-clang18-scalar,5,stride16_scan,scalar,cache_evicted,basic,262144,262144,164126720,40070,250005151,548740276,4,4,0,0,0,0
1,stride16-clang18-scalar-r5-stride16_scan-scalar-warm-branch-294912,stride16-clang18-scalar,5,stride16_scan,scalar,warm,branch,294912,294912,139106304,30188,250001243,548731796,4,4,0,0,0,0
1,stride16-clang18-scalar-r5-stride16_scan-scalar-warm-branch-134217728,stride16-clang18-scalar,5,stride16_scan,scalar,warm,branch,134217728,134217728,56623104,27,258927869,568324864,4,4,0,0,4504067175786675,0
1,stride16-clang18-scalar-r5-stride16_scan-scalar-warm-basic-536870912,stride16-clang18-scalar,5,stride16_scan,scalar,warm,basic,536870912,536870912,58720256,7,271797706,596573224,4,4,0,0,18014085047108678,0
1,stride16-clang18-scalar-r5-stride16_scan-scalar-cache_evicted-basic-32768,stride16-clang18-scalar,5,stride16_scan,scalar,cache_evicted,basic,32768,32768,578330624,1129552,250000252,548729504,4,4,0,0,0,0
1,stride16-clang18-scalar-r5-stride16_scan-scalar-warm-basic-98304,stride16-clang18-scalar,5,stride16_scan,scalar,warm,basic,98304,98304,216646656,141046,250001551,548732352,4,4,0,0,0,0
1,stride16-clang18-scalar-r5-stride16_scan-scalar-cache_evicted-basic-8388608,stride16-clang18-scalar,5,stride16_scan,scalar,cache_evicted,basic,8388608,8388608,79429632,606,250251210,549280304,4,4,0,0,0,0
1,stride16-clang18-scalar-r5-stride16_scan-scalar-warm-branch-36864,stride16-clang18-scalar,5,stride16_scan,scalar,warm,branch,36864,36864,204761088,355488,250000409,548729964,4,4,0,0,0,0
1,stride16-clang18-scalar-r5-stride16_scan-scalar-warm-branch-536870912,stride16-clang18-scalar,5,stride16_scan,scalar,warm,branch,536870912,536870912,58720256,7,272368022,597825004,4,4,0,0,18014085047108678,0
1,stride16-clang18-scalar-r5-stride16_scan-scalar-warm-branch-16384,stride16-clang18-scalar,5,stride16_scan,scalar,warm,branch,16384,16384,600200960,2344535,250000094,548729292,4,4,0,0,568073388658,0
1,stride16-clang18-scalar-r5-stride16_scan-scalar-warm-basic-16384,stride16-clang18-scalar,5,stride16_scan,scalar,warm,basic,16384,16384,604026368,2359478,250000190,548729364,4,4,0,0,0,0
1,stride16-clang18-scalar-r5-stride16_scan-scalar-warm-basic-229376,stride16-clang18-scalar,5,stride16_scan,scalar,warm,basic,229376,229376,196915712,54943,250003496,548736612,4,4,0,0,7667507616310,0
1,stride16-clang18-scalar-r5-stride16_scan-scalar-warm-branch-5242880,stride16-clang18-scalar,5,stride16_scan,scalar,warm,branch,5242880,5242880,115425280,1409,250016766,548765748,4,4,0,0,175532494968030,0
1,stride16-clang18-scalar-r5-stride16_scan-scalar-warm-basic-524288,stride16-clang18-scalar,5,stride16_scan,scalar,warm,basic,524288,524288,116506624,14222,250009336,548749560,4,4,0,0,0,0
1,stride16-clang18-scalar-r5-stride16_scan-scalar-warm-basic-49152,stride16-clang18-scalar,5,stride16_scan,scalar,warm,basic,49152,49152,210673920,274315,250000407,548729948,4,4,0,0,1664340032120,0
1,stride16-clang18-scalar-r5-stride16_scan-scalar-cache_evicted-basic-1048576,stride16-clang18-scalar,5,stride16_scan,scalar,cache_evicted,basic,1048576,1048576,116817920,7130,250000884,548731000,4,4,0,0,0,0
1,stride16-clang18-scalar-r5-stride16_scan-scalar-cache_evicted-branch-32768,stride16-clang18-scalar,5,stride16_scan,scalar,cache_evicted,branch,32768,32768,548933120,1072135,250000132,548729376,4,4,0,0,1078022582094,0
1,stride16-clang18-scalar-r5-stride16_scan-scalar-warm-branch-98304,stride16-clang18-scalar,5,stride16_scan,scalar,warm,branch,98304,98304,213654528,139098,250000631,548730328,4,4,0,0,0,0
1,stride16-clang18-scalar-r5-stride16_scan-scalar-cache_evicted-basic-536870912,stride16-clang18-scalar,5,stride16_scan,scalar,cache_evicted,basic,536870912,536870912,58720256,7,272399340,597893624,4,4,0,0,18012226726777630,0
1,stride16-clang18-scalar-r5-stride16_scan-scalar-warm-basic-32768,stride16-clang18-scalar,5,stride16_scan,scalar,warm,basic,32768,32768,570091008,1113459,250000194,548729508,4,4,0,0,1114194965595,0
1,stride16-clang18-scalar-r6-stride16_scan-scalar-warm-branch-33554432,stride16-clang18-scalar,6,stride16_scan,scalar,warm,branch,33554432,33554432,52428800,100,250865092,550627748,4,4,0,0,0,0
1,stride16-clang18-scalar-r6-stride16_scan-scalar-cache_evicted-basic-33554432,stride16-clang18-scalar,6,stride16_scan,scalar,cache_evicted,basic,33554432,33554432,52428800,100,252289496,553754172,4,4,0,0,0,0
1,stride16-clang18-scalar-r6-stride16_scan-scalar-cache_evicted-branch-6291456,stride16-clang18-scalar,6,stride16_scan,scalar,cache_evicted,branch,6291456,6291456,74317824,756,250123089,548999096,4,4,0,0,0,0
1,stride16-clang18-scalar-r6-stride16_scan-scalar-cache_evicted-basic-262144,stride16-clang18-scalar,6,stride16_scan,scalar,cache_evicted,basic,262144,262144,145793024,35594,250004327,548738352,4,4,0,0,0,0
1,stride16-clang18-scalar-r6-stride16_scan-scalar-cache_evicted-branch-262144,stride16-clang18-scalar,6,stride16_scan,scalar,cache_evicted,branch,262144,262144,156135424,38119,250002913,548735364,4,4,0,0,8733491042970,0
1,stride16-clang18-scalar-r6-stride16_scan-scalar-warm-basic-1048576,stride16-clang18-scalar,6,stride16_scan,scalar,warm,basic,1048576,1048576,116670464,7121,250025262,548784408,4,4,0,0,35022693818031,0
1,stride16-clang18-scalar-r6-stride16_scan-scalar-warm-branch-8388608,stride16-clang18-scalar,6,stride16_scan,scalar,warm,branch,8388608,8388608,59113472,451,250077902,548899940,4,4,0,0,281609680908359,0
1,stride16-clang18-scalar-r6-stride16_scan-scalar-warm-branch-24576,stride16-clang18-scalar,6,stride16_scan,scalar,warm,branch,24576,24576,635369856,1654609,250000145,548729260,4,4,0,0,781515989925,0
1,stride16-clang18-scalar-r6-stride16_scan-scalar-cache_evicted-branch-33554432,stride16-clang18-scalar,6,stride16_scan,scalar,cache_evicted,branch,33554432,33554432,51904512,99,251461067,551935856,4,4,0,0,1126228096626839,0
1,stride16-clang18-scalar-r6-stride16_scan-scalar-warm-branch-28672,stride16-clang18-scalar,6,stride16_scan,scalar,warm,branch,28672,28672,643279168,1435891,250000232,548729464,4,4,0,0,928218861283,0
1,stride16-clang18-scalar-r6-stride16_scan-scalar-warm-branch-12582912,stride16-clang18-scalar,6,stride16_scan,scalar,warm,branch,12582912,12582912,51511296,262,250594356,550033484,4,4,0,0,0,0
1,stride16-clang18-scalar-r6-stride16_scan-scalar-warm-basic-2097152,stride16-clang18-scalar,6,stride16_scan,scalar,warm,basic,2097152,2097152,116555776,3557,250065466,548872652,4,4,0,0,70166459708520,0
1,stride16-clang18-scalar-r6-stride16_scan-scalar-warm-branch-134217728,stride16-clang18-scalar,6,stride16_scan,scalar,warm,branch,134217728,134217728,52428800,25,256313264,562586108,4,4,0,0,4504162205330315,0
1,stride16-clang18-scalar-r6-stride16_scan-scalar-warm-branch-294912,stride16-clang18-scalar,6,stride16_scan,scalar,warm,branch,294912,294912,139631616,30302,250005227,548740420,4,4,0,0,0,0
1,stride16-clang18-scalar-r6-stride16_scan-scalar-warm-basic-131072,stride16-clang18-scalar,6,stride16_scan,scalar,warm,basic,131072,131072,224559104,109648,250001613,548732272,4,4,0,0,0,0
1,stride16-clang18-scalar-r6-stride16_scan-scalar-warm-branch-2097152,stride16-clang18-scalar,6,stride16_scan,scalar,warm,branch,2097152,2097152,116883456,3567,250024250,548782200,4,4,0,0,70166459708520,0
1,stride16-clang18-scalar-r6-stride16_scan-scalar-warm-branch-393216,stride16-clang18-scalar,6,stride16_scan,scalar,warm,branch,393216,393216,116275200,18925,250012992,548757472,4,4,0,0,13179475322317,0
1,stride16-clang18-scalar-r6-stride16_scan-scalar-warm-branch-536870912,stride16-clang18-scalar,6,stride16_scan,scalar,warm,branch,536870912,536870912,50331648,6,263474933,578305400,4,4,0,0,0,0
1,stride16-clang18-scalar-r6-stride16_scan-scalar-cache_evicted-branch-536870912,stride16-clang18-scalar,6,stride16_scan,scalar,cache_evicted,branch,536870912,536870912,58720256,7,272534947,598191384,4,4,0,0,18019584462135554,0
1,stride16-clang18-scalar-r6-stride16_scan-scalar-warm-basic-196608,stride16-clang18-scalar,6,stride16_scan,scalar,warm,basic,196608,196608,236986368,77144,250001478,548732312,4,4,0,0,0,0
1,stride16-clang18-scalar-r6-stride16_scan-scalar-cache_evicted-branch-32768,stride16-clang18-scalar,6,stride16_scan,scalar,cache_evicted,branch,32768,32768,570425856,1114113,250000270,548729652,4,4,0,0,1125176984465,0
1,stride16-clang18-scalar-r6-stride16_scan-scalar-warm-basic-4194304,stride16-clang18-scalar,6,stride16_scan,scalar,warm,basic,4194304,4194304,116588544,1779,250004449,548738716,4,4,0,0,140989181693895,0
1,stride16-clang18-scalar-r6-stride16_scan-scalar-warm-branch-1048576,stride16-clang18-scalar,6,stride16_scan,scalar,warm,branch,1048576,1048576,116817920,7130,250031739,548798716,4,4,0,0,0,0
1,stride16-clang18-scalar-r6-stride16_scan-scalar-warm-branch-131072,stride16-clang18-scalar,6,stride16_scan,scalar,warm,branch,131072,131072,225835008,110271,250001424,548732072,4,4,0,0,4389395899028,0
1,stride16-clang18-scalar-r6-stride16_scan-scalar-warm-branch-49152,stride16-clang18-scalar,6,stride16_scan,scalar,warm,branch,49152,49152,207412992,270069,250000375,548729776,4,4,0,0,1659287475586,0
1,stride16-clang18-scalar-r6-stride16_scan-scalar-warm-branch-36864,stride16-clang18-scalar,6,stride16_scan,scalar,warm,branch,36864,36864,204067008,354283,250000456,548730080,4,4,0,0,1227000127213,0
1,stride16-clang18-scalar-r6-stride16_scan-scalar-warm-basic-8192,stride16-clang18-scalar,6,stride16_scan,scalar,warm,basic,8192,8192,461917312,3608729,250000083,548729264,4,4,0,0,252339256844,0
1,stride16-clang18-scalar-r6-stride16_scan-scalar-warm-basic-28672,stride16-clang18-scalar,6,stride16_scan,scalar,warm,basic,28672,28672,648702208,1447996,250000296,548729596,4,4,0,0,0,0
1,stride16-clang18-scalar-r6-stride16_scan-scalar-warm-branch-98304,stride16-clang18-scalar,6,stride16_scan,scalar,warm,branch,98304,98304,218006016,141931,250000726,548730644,4,4,0,0,3311926389759,0
1,stride16-clang18-scalar-r6-stride16_scan-scalar-warm-basic-7340032,stride16-clang18-scalar,6,stride16_scan,scalar,warm,basic,7340032,7340032,88997888,776,250032237,548799652,4,4,0,0,0,0
1,stride16-clang18-scalar-r6-stride16_scan-scalar-warm-branch-5242880,stride16-clang18-scalar,6,stride16_scan,scalar,warm,branch,5242880,5242880,111656960,1363,250115515,548982488,4,4,0,0,176246545983057,0
1,stride16-clang18-scalar-r6-stride16_scan-scalar-warm-branch-524288,stride16-clang18-scalar,6,stride16_scan,scalar,warm,branch,524288,524288,116514816,14223,250007575,548745568,4,4,0,0,17484762846937,0
1,stride16-clang18-scalar-r6-stride16_scan-scalar-warm-branch-16384,stride16-clang18-scalar,6,stride16_scan,scalar,warm,branch,16384,16384,603182592,2356182,250000158,548729320,4,4,0,0,0,0
1,stride16-clang18-scalar-r6-stride16_scan-scalar-warm-basic-16384,stride16-clang18-scalar,6,stride16_scan,scalar,warm,basic,16384,16384,602625792,2354007,250000227,548729440,4,4,0,0,524449958434,0
1,stride16-clang18-scalar-r6-stride16_scan-scalar-warm-branch-32768,stride16-clang18-scalar,6,stride16_scan,scalar,warm,branch,32768,32768,570102272,1113481,250000164,548729308,4,4,0,0,1063854543209,0
1,stride16-clang18-scalar-r6-stride16_scan-scalar-warm-basic-33554432,stride16-clang18-scalar,6,stride16_scan,scalar,warm,basic,33554432,33554432,55050240,105,252083999,553303144,4,4,0,0,1124709832046585,0
1,stride16-clang18-scalar-r6-stride16_scan-scalar-cache_evicted-basic-1048576,stride16-clang18-scalar,6,stride16_scan,scalar,cache_evicted,basic,1048576,1048576,116801536,7129,250020499,548774040,4,4,0,0,35123074066786,0
1,stride16-clang18-scalar-r6-stride16_scan-scalar-warm-basic-65536,stride16-clang18-scalar,6,stride16_scan,scalar,warm,basic,65536,65536,212806656,207819,250000365,548729772,4,4,0,0,2213159990745,0
1,stride16-clang18-scalar-r6-stride16_scan-scalar-warm-branch-4194304,stride16-clang18-scalar,6,stride16_scan,scalar,warm,branch,4194304,4194304,116719616,1781,250138105,549032104,4,4,0,0,140989181693895,0
1,stride16-clang18-scalar-r6-stride16_scan-scalar-cache_evicted-basic-32768,stride16-clang18-scalar,6,stride16_scan,scalar,cache_evicted,basic,32768,32768,586416640,1145345,250000153,548729384,4,4,0,0,1125176984465,0
1,stride16-clang18-scalar-r6-stride16_scan-scalar-warm-branch-65536,stride16-clang18-scalar,6,stride16_scan,scalar,warm,branch,65536,65536,218319872,213203,250001149,548731572,4,4,0,0,2213159990745,0
1,stride16-clang18-scalar-r6-stride16_scan-scalar-cache_evicted-basic-6291456,stride16-clang18-scalar,6,stride16_scan,scalar,cache_evicted,basic,6291456,6291456,89849856,914,250101653,548951948,4,4,0,0,0,0
1,stride16-clang18-scalar-r6-stride16_scan-scalar-warm-branch-8192,stride16-clang18-scalar,6,stride16_scan,scalar,warm,branch,8192,8192,450008832,3515694,250000177,548729336,4,4,0,0,0,0
1,stride16-clang18-scalar-r6-stride16_scan-scalar-cache_evicted-basic-536870912,stride16-clang18-scalar,6,stride16_scan,scalar,cache_evicted,basic,536870912,536870912,58720256,7,272492265,598097676,4,4,0,0,18019584462135554,0
1,stride16-clang18-scalar-r6-stride16_scan-scalar-warm-basic-24576,stride16-clang18-scalar,6,stride16_scan,scalar,warm,basic,24576,24576,622074240,1619985,250000152,548729376,4,4,0,0,781515989925,0
1,stride16-clang18-scalar-r6-stride16_scan-scalar-warm-branch-229376,stride16-clang18-scalar,6,stride16_scan,scalar,warm,branch,229376,229376,178723328,49867,250001552,548732376,4,4,0,0,7675419882056,0
1,stride16-clang18-scalar-r6-stride16_scan-scalar-warm-basic-536870912,stride16-clang18-scalar,6,stride16_scan,scalar,warm,basic,536870912,536870912,58720256,7,272363845,597815836,4,4,0,0,18017320474022258,0
1,stride16-clang18-scalar-r6-stride16_scan-scalar-cache_evicted-branch-8388608,stride16-clang18-scalar,6,stride16_scan,scalar,cache_evicted,branch,8388608,8388608,81395712,621,250340999,549477388,4,4,0,0,281188778869009,0
1,stride16-clang18-scalar-r6-stride16_scan-scalar-warm-basic-6291456,stride16-clang18-scalar,6,stride16_scan,scalar,warm,basic,6291456,6291456,100564992,1023,250156395,549072108,4,4,0,0,211249904217491,0
1,stride16-clang18-scalar-r6-stride16_scan-scalar-warm-branch-196608,stride16-clang18-scalar,6,stride16_scan,scalar,warm,branch,196608,196608,232906752,75816,250000420,548729984,4,4,0,0,0,0
1,stride16-clang18-scalar-r6-stride16_scan-scalar-cache_evicted-branch-1048576,stride16-clang18-scalar,6,stride16_scan,scalar,cache_evicted,branch,1048576,1048576,116817920,7130,250020528,548773980,4,4,0,0,0,0
1,stride16-clang18-scalar-r6-stride16_scan-scalar-warm-basic-229376,stride16-clang18-scalar,6,stride16_scan,scalar,warm,basic,229376,229376,206757376,57689,250001597,548732564,4,4,0,0,7675419882056,0
1,stride16-clang18-scalar-r6-stride16_scan-scalar-warm-basic-32768,stride16-clang18-scalar,6,stride16_scan,scalar,warm,basic,32768,32768,579658240,1132145,250000167,548729324,4,4,0,0,1063854543209,0
1,stride16-clang18-scalar-r6-stride16_scan-scalar-warm-basic-134217728,stride16-clang18-scalar,6,stride16_scan,scalar,warm,basic,134217728,134217728,56623104,27,259281367,569100780,4,4,0,0,4504162205330315,0
1,stride16-clang18-scalar-r6-stride16_scan-scalar-warm-basic-393216,stride16-clang18-scalar,6,stride16_scan,scalar,warm,basic,393216,393216,116342784,18936,250005488,548741116,4,4,0,0,0,0
1,stride16-clang18-scalar-r6-stride16_scan-scalar-warm-basic-8388608,stride16-clang18-scalar,6,stride16_scan,scalar,warm,basic,8388608,8388608,78512128,599,250003900,548737472,4,4,0,0,281609680908359,0
1,stride16-clang18-scalar-r6-stride16_scan-scalar-warm-branch-262144,stride16-clang18-scalar,6,stride16_scan,scalar,warm,branch,262144,262144,149917696,36601,250004511,548738852,4,4,0,0,8804380657272,0
1,stride16-clang18-scalar-r6-stride16_scan-scalar-warm-basic-5242880,stride16-clang18-scalar,6,stride16_scan,scalar,warm,basic,5242880,5242880,105185280,1284,250182874,549130312,4,4,0,0,0,0
1,stride16-clang18-scalar-r6-stride16_scan-scalar-warm-basic-36864,stride16-clang18-scalar,6,stride16_scan,scalar,warm,basic,36864,36864,209158848,363123,250000203,548729480,4,4,0,0,1227000127213,0
1,stride16-clang18-scalar-r6-stride16_scan-scalar-warm-branch-6291456,stride16-clang18-scalar,6,stride16_scan,scalar,warm,branch,6291456,6291456,84443136,859,250290716,549367064,4,4,0,0,211249904217491,0
1,stride16-clang18-scalar-r6-stride16_scan-scalar-warm-basic-98304,stride16-clang18-scalar,6,stride16_scan,scalar,warm,basic,98304,98304,214189056,139446,250000749,548730588,4,4,0,0,0,0
1,stride16-clang18-scalar-r6-stride16_scan-scalar-warm-basic-49152,stride16-clang18-scalar,6,stride16_scan,scalar,warm,basic,49152,49152,210249984,273763,250000888,548730908,4,4,0,0,1659287475586,0
1,stride16-clang18-scalar-r6-stride16_scan-scalar-warm-basic-12582912,stride16-clang18-scalar,6,stride16_scan,scalar,warm,basic,12582912,12582912,63700992,324,250619477,550088640,4,4,0,0,0,0
1,stride16-clang18-scalar-r6-stride16_scan-scalar-warm-basic-524288,stride16-clang18-scalar,6,stride16_scan,scalar,warm,basic,524288,524288,116514816,14223,250013836,548759424,4,4,0,0,17484762846937,0
1,stride16-clang18-scalar-r6-stride16_scan-scalar-warm-branch-7340032,stride16-clang18-scalar,6,stride16_scan,scalar,warm,branch,7340032,7340032,87162880,760,250021514,548776184,4,4,0,0,0,0
1,stride16-clang18-scalar-r6-stride16_scan-scalar-cache_evicted-basic-8388608,stride16-clang18-scalar,6,stride16_scan,scalar,cache_evicted,basic,8388608,8388608,78905344,602,250225753,549224424,4,4,0,0,0,0
1,stride16-clang18-scalar-r6-stride16_scan-scalar-warm-basic-262144,stride16-clang18-scalar,6,stride16_scan,scalar,warm,basic,262144,262144,186146816,45446,250003708,548737188,4,4,0,0,0,0
1,stride16-clang18-scalar-r6-stride16_scan-scalar-warm-basic-294912,stride16-clang18-scalar,6,stride16_scan,scalar,warm,basic,294912,294912,137166336,29767,250002149,548733660,4,4,0,0,9892825539296,0
1,stride16-clang18-scalar-r7-stride16_scan-scalar-warm-basic-524288,stride16-clang18-scalar,7,stride16_scan,scalar,warm,basic,524288,524288,116514816,14223,250012757,548756972,4,4,0,0,17682196008004,0
1,stride16-clang18-scalar-r7-stride16_scan-scalar-cache_evicted-branch-8388608,stride16-clang18-scalar,7,stride16_scan,scalar,cache_evicted,branch,8388608,8388608,75366400,575,250074169,548891360,4,4,0,0,281749179788310,0
1,stride16-clang18-scalar-r7-stride16_scan-scalar-cache_evicted-branch-262144,stride16-clang18-scalar,7,stride16_scan,scalar,cache_evicted,branch,262144,262144,176115712,42997,250000099,548729264,4,4,0,0,8717790537192,0
1,stride16-clang18-scalar-r7-stride16_scan-scalar-warm-branch-16384,stride16-clang18-scalar,7,stride16_scan,scalar,warm,branch,16384,16384,602552064,2353719,250000137,548729244,4,4,0,0,539639502883,0
1,stride16-clang18-scalar-r7-stride16_scan-scalar-warm-branch-36864,stride16-clang18-scalar,7,stride16_scan,scalar,warm,branch,36864,36864,210311424,365124,250000416,548729980,4,4,0,0,0,0
1,stride16-clang18-scalar-r7-stride16_scan-scalar-cache_evicted-basic-536870912,stride16-clang18-scalar,7,stride16_scan,scalar,cache_evicted,basic,536870912,536870912,58720256,7,272508727,598133828,4,4,0,0,18011389229854806,0
1,stride16-clang18-scalar-r7-stride16_scan-scalar-warm-branch-12582912,stride16-clang18-scalar,7,stride16_scan,scalar,warm,branch,12582912,12582912,59179008,301,250204358,549177444,4,4,0,0,422173325952343,0
1,stride16-clang18-scalar-r7-stride16_scan-scalar-warm-basic-7340032,stride16-clang18-scalar,7,stride16_scan,scalar,warm,basic,7340032,7340032,85557248,746,250121670,548995972,4,4,0,0,0,0
1,stride16-clang18-scalar-r7-stride16_scan-scalar-warm-basic-65536,stride16-clang18-scalar,7,stride16_scan,scalar,warm,basic,65536,65536,212345856,207369,250001126,548731524,4,4,0,0,2202166144963,0
1,stride16-clang18-scalar-r7-stride16_scan-scalar-cache_evicted-branch-1048576,stride16-clang18-scalar,7,stride16_scan,scalar,cache_evicted,branch,1048576,1048576,116817920,7130,250033782,548803192,4,4,0,0,0,0
1,stride16-clang18-scalar-r7-stride16_scan-scalar-warm-branch-536870912,stride16-clang18-scalar,7,stride16_scan,scalar,warm,branch,536870912,536870912,58720256,7,272547885,598219780,4,4,0,0,18014798250468075,0
1,stride16-clang18-scalar-r7-stride16_scan-scalar-cache_evicted-branch-33554432,stride16-clang18-scalar,7,stride16_scan,scalar,cache_evicted,branch,33554432,33554432,54525952,104,252348627,553884088,4,4,0,0,0,0
1,stride16-clang18-scalar-r7-stride16_scan-scalar-warm-branch-5242880,stride16-clang18-scalar,7,stride16_scan,scalar,warm,branch,5242880,5242880,112148480,1369,250026954,548788096,4,4,0,0,175921704020435,0
1,stride16-clang18-scalar-r7-stride16_scan-scalar-warm-basic-8388608,stride16-clang18-scalar,7,stride16_scan,scalar,warm,basic,8388608,8388608,80740352,616,250007803,548746052,4,4,0,0,0,0
1,stride16-clang18-scalar-r7-stride16_scan-scalar-warm-basic-196608,stride16-clang18-scalar,7,stride16_scan,scalar,warm,basic,196608,196608,243311616,79203,250003063,548735672,4,4,0,0,6638093335297,0
1,stride16-clang18-scalar-r7-stride16_scan-scalar-warm-branch-524288,stride16-clang18-scalar,7,stride16_scan,scalar,warm,branch,524288,524288,116523008,14224,250007351,548745192,4,4,0,0,0,0
1,stride16-clang18-scalar-r7-stride16_scan-scalar-warm-basic-16384,stride16-clang18-scalar,7,stride16_scan,scalar,warm,basic,16384,16384,602711808,2354343,250000136,548729376,4,4,0,0,539639502883,0
1,stride16-clang18-scalar-r7-stride16_scan-scalar-cache_evicted-branch-6291456,stride16-clang18-scalar,7,stride16_scan,scalar,cache_evicted,branch,6291456,6291456,104103936,1059,250061907,548864840,4,4,0,0,211351195672580,0
1,stride16-clang18-scalar-r7-stride16_scan-scalar-warm-basic-24576,stride16-clang18-scalar,7,stride16_scan,scalar,warm,basic,24576,24576,637723008,1660737,250000079,548729224,4,4,0,0,823537367434,0
1,stride16-clang18-scalar-r7-stride16_scan-scalar-warm-basic-98304,stride16-clang18-scalar,7,stride16_scan,scalar,warm,basic,98304,98304,216691200,141075,250000837,548730780,4,4,0,0,3332516181454,0
1,stride16-clang18-scalar-r7-stride16_scan-scalar-cache_evicted-basic-33554432,stride16-clang18-scalar,7,stride16_scan,scalar,cache_evicted,basic,33554432,33554432,54525952,104,252263262,553696596,4,4,0,0,0,0
1,stride16-clang18-scalar-r7-stride16_scan-scalar-warm-basic-229376,stride16-clang18-scalar,7,stride16_scan,scalar,warm,basic,229376,229376,202779136,56579,250001526,548732432,4,4,0,0,7762322141282,0
1,stride16-clang18-scalar-r7-stride16_scan-scalar-warm-branch-1048576,stride16-clang18-scalar,7,stride16_scan,scalar,warm,branch,1048576,1048576,116817920,7130,250025540,548785012,4,4,0,0,0,0
1,stride16-clang18-scalar-r7-stride16_scan-scalar-warm-basic-6291456,stride16-clang18-scalar,7,stride16_scan,scalar,warm,basic,6291456,6291456,104890368,1067,250198786,549165240,4,4,0,0,211066249350878,0
1,stride16-clang18-scalar-r7-stride16_scan-scalar-cache_evicted-basic-1048576,stride16-clang18-scalar,7,stride16_scan,scalar,cache_evicted,basic,1048576,1048576,116817920,7130,250022223,548777836,4,4,0,0,0,0
1,stride16-clang18-scalar-r7-stride16_scan-scalar-warm-basic-294912,stride16-clang18-scalar,7,stride16_scan,scalar,warm,basic,294912,294912,135341568,29371,250000721,548730632,4,4,0,0,9931601922254,0
1,stride16-clang18-scalar-r7-stride16_scan-scalar-warm-basic-131072,stride16-clang18-scalar,7,stride16_scan,scalar,warm,basic,131072,131072,220409856,107622,250000254,548729640,4,4,0,0,0,0
1,stride16-clang18-scalar-r7-stride16_scan-scalar-warm-basic-5242880,stride16-clang18-scalar,7,stride16_scan,scalar,warm,basic,5242880,5242880,113786880,1389,250180630,549125440,4,4,0,0,175921704020435,0
1,stride16-clang18-scalar-r7-stride16_scan-scalar-warm-branch-24576,stride16-clang18-scalar,7,stride16_scan,scalar,warm,branch,24576,24576,636898176,1658589,250000135,548729244,4,4,0,0,823537367434,0
1,stride16-clang18-scalar-r7-stride16_scan-scalar-warm-branch-196608,stride16-clang18-scalar,7,stride16_scan,scalar,warm,branch,196608,196608,239901696,78093,250003206,548735980,4,4,0,0,6638093335297,0
1,stride16-clang18-scalar-r7-stride16_scan-scalar-warm-basic-33554432,stride16-clang18-scalar,7,stride16_scan,scalar,warm,basic,33554432,33554432,55050240,105,250018166,548768820,4,4,0,0,1126382993478289,0
1,stride16-clang18-scalar-r7-stride16_scan-scalar-warm-basic-28672,stride16-clang18-scalar,7,stride16_scan,scalar,warm,basic,28672,28672,646739968,1443616,250000159,548729432,4,4,0,0,0,0
1,stride16-clang18-scalar-r7-stride16_scan-scalar-warm-branch-32768,stride16-clang18-scalar,7,stride16_scan,scalar,warm,branch,32768,32768,572331520,1117835,250000281,548729680,4,4,0,0,1096194196191,0
1,stride16-clang18-scalar-r7-stride16_scan-scalar-warm-branch-33554432,stride16-clang18-scalar,7,stride16_scan,scalar,warm,branch,33554432,33554432,55050240,105,250082492,548909988,4,4,0,0,1126382993478289,0
1,stride16-clang18-scalar-r7-stride16_scan-scalar-warm-branch-8388608,stride16-clang18-scalar,7,stride16_scan,scalar,warm,branch,8388608,8388608,80084992,611,250107822,548965616,4,4,0,0,281475302367058,0
1,stride16-clang18-scalar-r7-stride16_scan-scalar-warm-basic-12582912,stride16-clang18-scalar,7,stride16_scan,scalar,warm,basic,12582912,12582912,63700992,324,250642134,550138396,4,4,0,0,0,0
1,stride16-clang18-scalar-r7-stride16_scan-scalar-warm-basic-393216,stride16-clang18-scalar,7,stride16_scan,scalar,warm,basic,393216,393216,116299776,18929,250008282,548747116,4,4,0,0,13270969271721,0
1,stride16-clang18-scalar-r7-stride16_scan-scalar-warm-basic-2097152,stride16-clang18-scalar,7,stride16_scan,scalar,warm,basic,2097152,2097152,116883456,3567,250061490,548863904,4,4,0,0,70498469267265,0
1,stride16-clang18-scalar-r7-stride16_scan-scalar-warm-branch-98304,stride16-clang18-scalar,7,stride16_scan,scalar,warm,branch,98304,98304,215322624,140184,250000981,548731240,4,4,0,0,0,0
1,stride16-clang18-scalar-r7-stride16_scan-scalar-warm-branch-294912,stride16-clang18-scalar,7,stride16_scan,scalar,warm,branch,294912,294912,141078528,30616,250007252,548744972,4,4,0,0,0,0
1,stride16-clang18-scalar-r7-stride16_scan-scalar-warm-branch-131072,stride16-clang18-scalar,7,stride16_scan,scalar,warm,branch,131072,131072,221427712,108119,250000631,548730464,4,4,0,0,4417110612623,0
1,stride16-clang18-scalar-r7-stride16_scan-scalar-warm-branch-28672,stride16-clang18-scalar,7,stride16_scan,scalar,warm,branch,28672,28672,648811968,1448241,250000235,548729572,4,4,0,0,962631356885,0
1,stride16-clang18-scalar-r7-stride16_scan-scalar-cache_evicted-basic-6291456,stride16-clang18-scalar,7,stride16_scan,scalar,cache_evicted,basic,6291456,6291456,103710720,1055,250003649,548736948,4,4,0,0,211351195672580,0
1,stride16-clang18-scalar-r7-stride16_scan-scalar-warm-basic-134217728,stride16-clang18-scalar,7,stride16_scan,scalar,warm,basic,134217728,134217728,56623104,27,259308109,569159436,4,4,0,0,4502274583964931,0
1,stride16-clang18-scalar-r7-stride16_scan-scalar-warm-branch-229376,stride16-clang18-scalar,7,stride16_scan,scalar,warm,branch,229376,229376,204356096,57019,250003315,548736200,4,4,0,0,7762322141282,0
1,stride16-clang18-scalar-r7-stride16_scan-scalar-cache_evicted-basic-262144,stride16-clang18-scalar,7,stride16_scan,scalar,cache_evicted,basic,262144,262144,177246208,43273,250002089,548733524,4,4,0,0,8717790537192,0
1,stride16-clang18-scalar-r7-stride16_scan-scalar-warm-basic-49152,stride16-clang18-scalar,7,stride16_scan,scalar,warm,basic,49152,49152,210715392,274369,250000738,548730672,4,4,0,0,1655242910069,0
1,stride16-clang18-scalar-r7-stride16_scan-scalar-warm-branch-7340032,stride16-clang18-scalar,7,stride16_scan,scalar,warm,branch,7340032,7340032,86130688,751,250255681,549290164,4,4,0,0,246391048564810,0
1,stride16-clang18-scalar-r7-stride16_scan-scalar-warm-branch-4194304,stride16-clang18-scalar,7,stride16_scan,scalar,warm,branch,4194304,4194304,114688000,1750,250124308,549001812,4,4,0,0,0,0
1,stride16-clang18-scalar-r7-stride16_scan-scalar-warm-basic-8192,stride16-clang18-scalar,7,stride16_scan,scalar,warm,basic,8192,8192,457429888,3573671,250000106,548729128,4,4,0,0,277809317783,0
1,stride16-clang18-scalar-r7-stride16_scan-scalar-warm-branch-393216,stride16-clang18-scalar,7,stride16_scan,scalar,warm,branch,393216,393216,116275200,18925,250006419,548743176,4,4,0,0,13270969271721,0
1,stride16-clang18-scalar-r7-stride16_scan-scalar-warm-basic-32768,stride16-clang18-scalar,7,stride16_scan,scalar,warm,basic,32768,32768,565458432,1104411,250000239,548729576,4,4,0,0,1096194196191,0
1,stride16-clang18-scalar-r7-stride16_scan-scalar-cache_evicted-basic-32768,stride16-clang18-scalar,7,stride16_scan,scalar,cache_evicted,basic,32768,32768,548960256,1072188,250000347,548729712,4,4,0,0,0,0
1,stride16-clang18-scalar-r7-stride16_scan-scalar-warm-basic-536870912,stride16-clang18-scalar,7,stride16_scan,scalar,warm,basic,536870912,536870912,58720256,7,272878277,598944976,4,4,0,0,18014798250468075,0
1,stride16-clang18-scalar-r7-stride16_scan-scalar-warm-branch-262144,stride16-clang18-scalar,7,stride16_scan,scalar,warm,branch,262144,262144,166461440,40640,250001191,548731640,4,4,0,0,0,0
1,stride16-clang18-scalar-r7-stride16_scan-scalar-warm-basic-262144,stride16-clang18-scalar,7,stride16_scan,scalar,warm,basic,262144,262144,167473152,40887,250002275,548734072,4,4,0,0,8863023613746,0
1,stride16-clang18-scalar-r7-stride16_scan-scalar-warm-basic-1048576,stride16-clang18-scalar,7,stride16_scan,scalar,warm,basic,1048576,1048576,116817920,7130,250006040,548742312,4,4,0,0,0,0
1,stride16-clang18-scalar-r7-stride16_scan-scalar-warm-branch-6291456,stride16-clang18-scalar,7,stride16_scan,scalar,warm,branch,6291456,6291456,99876864,1016,250178814,549121448,4,4,0,0,0,0
1,stride16-clang18-scalar-r7-stride16_scan-scalar-warm-branch-2097152,stride16-clang18-scalar,7,stride16_scan,scalar,warm,branch,2097152,2097152,116916224,3568,250003951,548737724,4,4,0,0,0,0
1,stride16-clang18-scalar-r7-stride16_scan-scalar-warm-branch-134217728,stride16-clang18-scalar,7,stride16_scan,scalar,warm,branch,134217728,134217728,54525952,26,252263997,553698216,4,4,0,0,0,0
1,stride16-clang18-scalar-r7-stride16_scan-scalar-cache_evicted-branch-32768,stride16-clang18-scalar,7,stride16_scan,scalar,cache_evicted,branch,32768,32768,552579584,1079257,250000316,548729772,4,4,0,0,1141383923069,0
1,stride16-clang18-scalar-r7-stride16_scan-scalar-warm-branch-49152,stride16-clang18-scalar,7,stride16_scan,scalar,warm,branch,49152,49152,207280128,269896,250000779,548730768,4,4,0,0,0,0
1,stride16-clang18-scalar-r7-stride16_scan-scalar-warm-branch-65536,stride16-clang18-scalar,7,stride16_scan,scalar,warm,branch,65536,65536,212909056,207919,250001118,548731536,4,4,0,0,2202166144963,0
1,stride16-clang18-scalar-r7-stride16_scan-scalar-warm-basic-36864,stride16-clang18-scalar,7,stride16_scan,scalar,warm,basic,36864,36864,206334720,358220,250000391,548729912,4,4,0,0,0,0
1,stride16-clang18-scalar-r7-stride16_scan-scalar-warm-basic-4194304,stride16-clang18-scalar,7,stride16_scan,scalar,warm,basic,4194304,4194304,112984064,1724,250119959,548992260,4,4,0,0,0,0
1,stride16-clang18-scalar-r7-stride16_scan-scalar-cache_evicted-basic-8388608,stride16-clang18-scalar,7,stride16_scan,scalar,cache_evicted,basic,8388608,8388608,79560704,607,250353113,549503696,4,4,0,0,281749179788310,0
1,stride16-clang18-scalar-r7-stride16_scan-scalar-cache_evicted-branch-536870912,stride16-clang18-scalar,7,stride16_scan,scalar,cache_evicted,branch,536870912,536870912,58720256,7,272268490,597606372,4,4,0,0,18011389229854806,0
1,stride16-clang18-scalar-r7-stride16_scan-scalar-warm-branch-8192,stride16-clang18-scalar,7,stride16_scan,scalar,warm,branch,8192,8192,457465856,3573952,250000124,548729324,4,4,0,0,0,0
1,stride16-clang18-scalar-r8-stride16_scan-scalar-warm-branch-98304,stride16-clang18-scalar,8,stride16_scan,scalar,warm,branch,98304,98304,216786432,141137,250001351,548732020,4,4,0,0,3349293345018,0
1,stride16-clang18-scalar-r8-stride16_scan-scalar-cache_evicted-basic-1048576,stride16-clang18-scalar,8,stride16_scan,scalar,cache_evicted,basic,1048576,1048576,116785152,7128,250012903,548757372,4,4,0,0,0,0
1,stride16-clang18-scalar-r8-stride16_scan-scalar-warm-branch-1048576,stride16-clang18-scalar,8,stride16_scan,scalar,warm,branch,1048576,1048576,116817920,7130,250013882,548759440,4,4,0,0,0,0
1,stride16-clang18-scalar-r8-stride16_scan-scalar-cache_evicted-basic-6291456,stride16-clang18-scalar,8,stride16_scan,scalar,cache_evicted,basic,6291456,6291456,93388800,950,250029493,548793664,4,4,0,0,0,0
1,stride16-clang18-scalar-r8-stride16_scan-scalar-warm-branch-33554432,stride16-clang18-scalar,8,stride16_scan,scalar,warm,branch,33554432,33554432,54001664,103,251094623,551131492,4,4,0,0,1127086860584830,0
1,stride16-clang18-scalar-r8-stride16_scan-scalar-warm-branch-65536,stride16-clang18-scalar,8,stride16_scan,scalar,warm,branch,65536,65536,213197824,208201,250000974,548731192,4,4,0,0,2265126662817,0
1,stride16-clang18-scalar-r8-stride16_scan-scalar-warm-basic-16384,stride16-clang18-scalar,8,stride16_scan,scalar,warm,basic,16384,16384,602738432,2354447,250000099,548729272,4,4,0,0,559610255130,0
1,stride16-clang18-scalar-r8-stride16_scan-scalar-warm-branch-131072,stride16-clang18-scalar,8,stride16_scan,scalar,warm,branch,131072,131072,221839360,108320,250000817,548730764,4,4,0,0,0,0
1,stride16-clang18-scalar-r8-stride16_scan-scalar-warm-branch-134217728,stride16-clang18-scalar,8,stride16_scan,scalar,warm,branch,134217728,134217728,56623104,27,259077494,568653288,4,4,0,0,4504199822160186,0
1,stride16-clang18-scalar-r8-stride16_scan-scalar-warm-branch-16384,stride16-clang18-scalar,8,stride16_scan,scalar,warm,branch,16384,16384,602714624,2354354,250000112,548729232,4,4,0,0,0,0
1,stride16-clang18-scalar-r8-stride16_scan-scalar-warm-branch-12582912,stride16-clang18-scalar,8,stride16_scan,scalar,warm,branch,12582912,12582912,64094208,326,250723791,550317052,4,4,0,0,0,0
1,stride16-clang18-scalar-r8-stride16_scan-scalar-cache_evicted-branch-6291456,stride16-clang18-scalar,8,stride16_scan,scalar,cache_evicted,branch,6291456,6291456,93388800,950,250159783,549079632,4,4,0,0,0,0
1,stride16-clang18-scalar-r8-stride16_scan-scalar-warm-basic-5242880,stride16-clang18-scalar,8,stride16_scan,scalar,warm,basic,5242880,5242880,94371840,1152,250128226,549010384,4,4,0,0,0,0
1,stride16-clang18-scalar-r8-stride16_scan-scalar-warm-branch-24576,stride16-clang18-scalar,8,stride16_scan,scalar,warm,branch,24576,24576,637537536,1660254,250000248,548729492,4,4,0,0,0,0
1,stride16-clang18-scalar-r8-stride16_scan-scalar-warm-basic-1048576,stride16-clang18-scalar,8,stride16_scan,scalar,warm,basic,1048576,1048576,116834304,7131,250004129,548738128,4,4,0,0,35352970144712,0
1,stride16-clang18-scalar-r8-stride16_scan-scalar-cache_evicted-branch-33554432,stride16-clang18-scalar,8,stride16_scan,scalar,cache_evicted,branch,33554432,33554432,55574528,106,251855837,552802336,4,4,0,0,0,0
1,stride16-clang18-scalar-r8-stride16_scan-scalar-warm-basic-7340032,stride16-clang18-scalar,8,stride16_scan,scalar,warm,basic,7340032,7340032,89800704,783,250190116,549146220,4,4,0,0,246295160489234,0
1,stride16-clang18-scalar-r8-stride16_scan-scalar-cache_evicted-branch-8388608,stride16-clang18-scalar,8,stride16_scan,scalar,cache_evicted,branch,8388608,8388608,81395712,621,250020167,548773196,4,4,0,0,281556361655643,0
1,stride16-clang18-scalar-r8-stride16_scan-scalar-warm-basic-28672,stride16-clang18-scalar,8,stride16_scan,scalar,warm,basic,28672,28672,648711616,1448017,250000150,548729384,4,4,0,0,967082628712,0
1,stride16-clang18-scalar-r8-stride16_scan-scalar-warm-branch-262144,stride16-clang18-scalar,8,stride16_scan,scalar,warm,branch,262144,262144,147296256,35961,250004250,548738264,4,4,0,0,8937086296154,0
1,stride16-clang18-scalar-r8-stride16_scan-scalar-warm-branch-7340032,stride16-clang18-scalar,8,stride16_scan,scalar,warm,branch,7340032,7340032,81657856,712,250157177,549073952,4,4,0,0,0,0
1,stride16-clang18-scalar-r8-stride16_scan-scalar-warm-branch-196608,stride16-clang18-scalar,8,stride16_scan,scalar,warm,branch,196608,196608,240525312,78296,250002984,548735524,4,4,0,0,0,0
1,stride16-clang18-scalar-r8-stride16_scan-scalar-warm-basic-134217728,stride16-clang18-scalar,8,stride16_scan,scalar,warm,basic,134217728,134217728,56623104,27,259426216,569418584,4,4,0,0,4504199822160186,0
1,stride16-clang18-scalar-r8-stride16_scan-scalar-cache_evicted-basic-262144,stride16-clang18-scalar,8,stride16_scan,scalar,cache_evicted,basic,262144,262144,163545088,39928,250003640,548736896,4,4,0,0,0,0
1,stride16-clang18-scalar-r8-stride16_scan-scalar-warm-basic-294912,stride16-clang18-scalar,8,stride16_scan,scalar,warm,basic,294912,294912,138092544,29968,250006920,548744256,4,4,0,0,0,0
1,stride16-clang18-scalar-r8-stride16_scan-scalar-warm-basic-12582912,stride16-clang18-scalar,8,stride16_scan,scalar,warm,basic,12582912,12582912,63700992,324,250212224,549194760,4,4,0,0,0,0
1,stride16-clang18-scalar-r8-stride16_scan-scalar-warm-basic-131072,stride16-clang18-scalar,8,stride16_scan,scalar,warm,basic,131072,131072,223703040,109230,250001045,548731244,4,4,0,0,0,0
1,stride16-clang18-scalar-r8-stride16_scan-scalar-warm-branch-28672,stride16-clang18-scalar,8,stride16_scan,scalar,warm,branch,28672,28672,645436288,1440706,250000188,548729472,4,4,0,0,0,0
1,stride16-clang18-scalar-r8-stride16_scan-scalar-warm-branch-6291456,stride16-clang18-scalar,8,stride16_scan,scalar,warm,branch,6291456,6291456,93880320,955,250049903,548838424,4,4,0,0,211222435820198,0
1,stride16-clang18-scalar-r8-stride16_scan-scalar-warm-branch-536870912,stride16-clang18-scalar,8,stride16_scan,scalar,warm,branch,536870912,536870912,58720256,7,272659820,598465468,4,4,0,0,18013779756889659,0
1,stride16-clang18-scalar-r8-stride16_scan-scalar-warm-basic-36864,stride16-clang18-scalar,8,stride16_scan,scalar,warm,basic,36864,36864,207065088,359488,250000598,548730280,4,4,0,0,0,0
1,stride16-clang18-scalar-r8-stride16_scan-scalar-warm-basic-2097152,stride16-clang18-scalar,8,stride16_scan,scalar,warm,basic,2097152,2097152,116916224,3568,250057660,548855624,4,4,0,0,0,0
1,stride16-clang18-scalar-r8-stride16_scan-scalar-warm-branch-294912,stride16-clang18-scalar,8,stride16_scan,scalar,warm,branch,294912,294912,129881088,28186,250008375,548747448,4,4,0,0,0,0
1,stride16-clang18-scalar-r8-stride16_scan-scalar-cache_evicted-basic-8388608,stride16-clang18-scalar,8,stride16_scan,scalar,cache_evicted,basic,8388608,8388608,80347136,613,250213995,549198628,4,4,0,0,281556361655643,0
1,stride16-clang18-scalar-r8-stride16_scan-scalar-warm-basic-8388608,stride16-clang18-scalar,8,stride16_scan,scalar,warm,basic,8388608,8388608,70778880,540,250021028,548775116,4,4,0,0,0,0
1,stride16-clang18-scalar-r8-stride16_scan-scalar-warm-branch-36864,stride16-clang18-scalar,8,stride16_scan,scalar,warm,branch,36864,36864,210009600,364600,250000457,548730056,4,4,0,0,0,0
1,stride16-clang18-scalar-r8-stride16_scan-scalar-warm-branch-8388608,stride16-clang18-scalar,8,stride16_scan,scalar,warm,branch,8388608,8388608,79560704,607,250146120,549049656,4,4,0,0,281517296776607,0
1,stride16-clang18-scalar-r8-stride16_scan-scalar-warm-branch-8192,stride16-clang18-scalar,8,stride16_scan,scalar,warm,branch,8192,8192,450123904,3516593,250000110,548729292,4,4,0,0,295373605634,0
1,stride16-clang18-scalar-r8-stride16_scan-scalar-warm-basic-24576,stride16-clang18-scalar,8,stride16_scan,scalar,warm,basic,24576,24576,636365568,1657202,250000147,548729388,4,4,0,0,0,0
1,stride16-clang18-scalar-r8-stride16_scan-scalar-warm-basic-229376,stride16-clang18-scalar,8,stride16_scan,scalar,warm,basic,229376,229376,178651648,49847,250004309,548738508,4,4,0,0,7798739118225,0
1,stride16-clang18-scalar-r8-stride16_scan-scalar-warm-basic-393216,stride16-clang18-scalar,8,stride16_scan,scalar,warm,basic,393216,393216,121712640,19810,250008968,548748736,4,4,0,0,0,0
1,stride16-clang18-scalar-r8-stride16_scan-scalar-warm-branch-32768,stride16-clang18-scalar,8,stride16_scan,scalar,warm,branch,32768,32768,575671808,1124359,250000085,548729272,4,4,0,0,1101828933798,0
1,stride16-clang18-scalar-r8-stride16_scan-scalar-warm-branch-229376,stride16-clang18-scalar,8,stride16_scan,scalar,warm,branch,229376,229376,178479616,49799,250002984,548735496,4,4,0,0,7798739118225,0
1,stride16-clang18-scalar-r8-stride16_scan-scalar-warm-basic-49152,stride16-clang18-scalar,8,stride16_scan,scalar,warm,basic,49152,49152,209713152,273064,250000975,548731084,4,4,0,0,0,0
1,stride16-clang18-scalar-r8-stride16_scan-scalar-warm-basic-4194304,stride16-clang18-scalar,8,stride16_scan,scalar,warm,basic,4194304,4194304,105054208,1603,250074028,548891456,4,4,4,0,140996458783771,0
1,stride16-clang18-scalar-r8-stride16_scan-scalar-cache_evicted-basic-33554432,stride16-clang18-scalar,8,stride16_scan,scalar,cache_evicted,basic,33554432,33554432,54525952,104,252203666,553565784,4,4,0,0,0,0
1,stride16-clang18-scalar-r8-stride16_scan-scalar-warm-branch-49152,stride16-clang18-scalar,8,stride16_scan,scalar,warm,branch,49152,49152,208730112,271784,250000430,548730028,4,4,0,0,0,0
1,stride16-clang18-scalar-r8-stride16_scan-scalar-warm-basic-32768,stride16-clang18-scalar,8,stride16_scan,scalar,warm,basic,32768,32768,541902848,1058404,250000303,548729720,4,4,0,0,0,0
1,stride16-clang18-scalar-r8-stride16_scan-scalar-warm-basic-8192,stride16-clang18-scalar,8,stride16_scan,scalar,warm,basic,8192,8192,457450880,3573835,250000112,548729324,4,4,0,0,295373605634,0
1,stride16-clang18-scalar-r8-stride16_scan-scalar-warm-branch-5242880,stride16-clang18-scalar,8,stride16_scan,scalar,warm,branch,5242880,5242880,96337920,1176,250078941,548902204,4,4,0,0,0,0
1,stride16-clang18-scalar-r8-stride16_scan-scalar-warm-branch-4194304,stride16-clang18-scalar,8,stride16_scan,scalar,warm,branch,4194304,4194304,109838336,1676,250023739,548780944,4,4,0,0,0,0
1,stride16-clang18-scalar-r8-stride16_scan-scalar-warm-basic-65536,stride16-clang18-scalar,8,stride16_scan,scalar,warm,basic,65536,65536,212436992,207458,250000345,548729708,4,4,0,0,0,0
1,stride16-clang18-scalar-r8-stride16_scan-scalar-cache_evicted-basic-536870912,stride16-clang18-scalar,8,stride16_scan,scalar,cache_evicted,basic,536870912,536870912,58720256,7,272533995,598189288,4,4,0,0,18012150961161219,0
1,stride16-clang18-scalar-r8-stride16_scan-scalar-cache_evicted-branch-536870912,stride16-clang18-scalar,8,stride16_scan,scalar,cache_evicted,branch,536870912,536870912,58720256,7,274560845,602638060,4,4,0,0,18012150961161219,0
1,stride16-clang18-scalar-r8-stride16_scan-scalar-warm-branch-524288,stride16-clang18-scalar,8,stride16_scan,scalar,warm,branch,524288,524288,116490240,14220,250015664,548763328,4,4,0,0,0,0
1,stride16-clang18-scalar-r8-stride16_scan-scalar-warm-basic-524288,stride16-clang18-scalar,8,stride16_scan,scalar,warm,basic,524288,524288,116523008,14224,250016161,548764536,4,4,0,0,0,0
1,stride16-clang18-scalar-r8-stride16_scan-scalar-warm-basic-536870912,stride16-clang18-scalar,8,stride16_scan,scalar,warm,basic,536870912,536870912,58720256,7,272292664,597659616,4,4,0,0,18013779756889659,0
1,stride16-clang18-scalar-r8-stride16_scan-scalar-cache_evicted-branch-1048576,stride16-clang18-scalar,8,stride16_scan,scalar,cache_evicted,branch,1048576,1048576,116801536,7129,250005642,548741432,4,4,0,0,35070989831228,0
1,stride16-clang18-scalar-r8-stride16_scan-scalar-warm-basic-33554432,stride16-clang18-scalar,8,stride16_scan,scalar,warm,basic,33554432,33554432,55574528,106,251861075,552813788,4,4,0,0,0,0
1,stride16-clang18-scalar-r8-stride16_scan-scalar-warm-basic-6291456,stride16-clang18-scalar,8,stride16_scan,scalar,warm,basic,6291456,6291456,89849856,914,250206156,549181444,4,4,0,0,0,0
1,stride16-clang18-scalar-r8-stride16_scan-scalar-warm-branch-393216,stride16-clang18-scalar,8,stride16_scan,scalar,warm,branch,393216,393216,116330496,18934,250006301,548742884,4,4,0,0,0,0
1,stride16-clang18-scalar-r8-stride16_scan-scalar-warm-branch-2097152,stride16-clang18-scalar,8,stride16_scan,scalar,warm,branch,2097152,2097152,116948992,3569,250061185,548863360,4,4,0,0,70524891160717,0
1,stride16-clang18-scalar-r8-stride16_scan-scalar-warm-basic-262144,stride16-clang18-scalar,8,stride16_scan,scalar,warm,basic,262144,262144,186286080,45480,250002337,548734184,4,4,0,0,0,0
1,stride16-clang18-scalar-r8-stride16_scan-scalar-warm-basic-98304,stride16-clang18-scalar,8,stride16_scan,scalar,warm,basic,98304,98304,214477824,139634,250001121,548731512,4,4,0,0,0,0
1,stride16-clang18-scalar-r8-stride16_scan-scalar-cache_evicted-branch-262144,stride16-clang18-scalar,8,stride16_scan,scalar,cache_evicted,branch,262144,262144,147161088,35928,250005192,548740452,4,4,0,0,0,0
1,stride16-clang18-scalar-r8-stride16_scan-scalar-warm-basic-196608,stride16-clang18-scalar,8,stride16_scan,scalar,warm,basic,196608,196608,199136256,64823,250001012,548731276,4,4,0,0,6684714843894,0
1,stride16-clang18-scalar-r8-stride16_scan-scalar-cache_evicted-branch-32768,stride16-clang18-scalar,8,stride16_scan,scalar,cache_evicted,branch,32768,32768,586821120,1146135,250000164,548729412,4,4,0,0,1108856143452,0
1,stride16-clang18-scalar-r8-stride16_scan-scalar-cache_evicted-basic-32768,stride16-clang18-scalar,8,stride16_scan,scalar,cache_evicted,basic,32768,32768,551302656,1076763,250000281,548729668,4,4,0,0,1108856143452,0
1,stride16-clang18-scalar-r9-stride16_scan-scalar-cache_evicted-basic-536870912,stride16-clang18-scalar,9,stride16_scan,scalar,cache_evicted,basic,536870912,536870912,58720256,7,272633559,598407836,4,4,0,0,18014128935371794,0
1,stride16-clang18-scalar-r9-stride16_scan-scalar-cache_evicted-branch-8388608,stride16-clang18-scalar,9,stride16_scan,scalar,cache_evicted,branch,8388608,8388608,80609280,615,250396652,549599552,4,4,0,0,280981649935335,0
1,stride16-clang18-scalar-r9-stride16_scan-scalar-warm-basic-229376,stride16-clang18-scalar,9,stride16_scan,scalar,warm,basic,229376,229376,181938176,50764,250002506,548734476,4,4,0,0,0,0
1,stride16-clang18-scalar-r9-stride16_scan-scalar-warm-basic-36864,stride16-clang18-scalar,9,stride16_scan,scalar,warm,basic,36864,36864,209822976,364276,250000931,548730704,4,4,0,0,0,0
1,stride16-clang18-scalar-r9-stride16_scan-scalar-warm-basic-49152,stride16-clang18-scalar,9,stride16_scan,scalar,warm,basic,49152,49152,209680896,273022,250000172,548729348,4,4,0,0,0,0
1,stride16-clang18-scalar-r9-stride16_scan-scalar-warm-branch-131072,stride16-clang18-scalar,9,stride16_scan,scalar,warm,branch,131072,131072,225097728,109911,250002062,548733468,4,4,0,0,4436400451468,0
1,stride16-clang18-scalar-r9-stride16_scan-scalar-warm-branch-134217728,stride16-clang18-scalar,9,stride16_scan,scalar,warm,branch,134217728,134217728,54525952,26,250490955,549806440,4,4,0,0,0,0
1,stride16-clang18-scalar-r9-stride16_scan-scalar-warm-branch-49152,stride16-clang18-scalar,9,stride16_scan,scalar,warm,branch,49152,49152,229814784,299238,250000755,548730736,4,4,0,0,0,0
1,stride16-clang18-scalar-r9-stride16_scan-scalar-warm-branch-28672,stride16-clang18-scalar,9,stride16_scan,scalar,warm,branch,28672,28672,641346496,1431577,250000196,548729512,4,4,0,0,1013521060711,0
1,stride16-clang18-scalar-r9-stride16_scan-scalar-warm-branch-32768,stride16-clang18-scalar,9,stride16_scan,scalar,warm,branch,32768,32768,593093120,1158385,250000086,548729268,4,4,0,0,1137607831677,0
1,stride16-clang18-scalar-r9-stride16_scan-scalar-warm-basic-4194304,stride16-clang18-scalar,9,stride16_scan,scalar,warm,basic,4194304,4194304,116588544,1779,250114954,548981244,4,4,0,0,141066742602680,0
1,stride16-clang18-scalar-r9-stride16_scan-scalar-cache_evicted-basic-8388608,stride16-clang18-scalar,9,stride16_scan,scalar,cache_evicted,basic,8388608,8388608,81133568,619,250143285,549043448,4,4,0,0,280981649935335,0
1,stride16-clang18-scalar-r9-stride16_scan-scalar-warm-basic-8192,stride16-clang18-scalar,9,stride16_scan,scalar,warm,basic,8192,8192,450078848,3516241,250000093,548729264,4,4,0,0,282248361303,0
1,stride16-clang18-scalar-r9-stride16_scan-scalar-warm-branch-12582912,stride16-clang18-scalar,9,stride16_scan,scalar,warm,branch,12582912,12582912,59179008,301,250549492,549935056,4,4,0,0,422054014802041,0
1,stride16-clang18-scalar-r9-stride16_scan-scalar-warm-branch-524288,stride16-clang18-scalar,9,stride16_scan,scalar,warm,branch,524288,524288,116531200,14225,250012098,548755608,4,4,0,0,17903874493638,0
1,stride16-clang18-scalar-r9-stride16_scan-scalar-warm-basic-24576,stride16-clang18-scalar,9,stride16_scan,scalar,warm,basic,24576,24576,630906624,1642986,250000214,548729536,4,4,0,0,0,0
1,stride16-clang18-scalar-r9-stride16_scan-scalar-cache_evicted-basic-262144,stride16-clang18-scalar,9,stride16_scan,scalar,cache_evicted,basic,262144,262144,165150720,40320,250000385,548729924,4,4,0,0,0,0
1,stride16-clang18-scalar-r9-stride16_scan-scalar-warm-basic-16384,stride16-clang18-scalar,9,stride16_scan,scalar,warm,basic,16384,16384,602758912,2354527,250000126,548729336,4,4,0,0,568552968403,0
1,stride16-clang18-scalar-r9-stride16_scan-scalar-cache_evicted-branch-6291456,stride16-clang18-scalar,9,stride16_scan,scalar,cache_evicted,branch,6291456,6291456,95649792,973,250154676,549068432,4,4,0,0,210666051876493,0
1,stride16-clang18-scalar-r9-stride16_scan-scalar-cache_evicted-basic-32768,stride16-clang18-scalar,9,stride16_scan,scalar,cache_evicted,basic,32768,32768,561753600,1097175,250000296,548729704,4,4,0,0,1141883219039,0
1,stride16-clang18-scalar-r9-stride16_scan-scalar-warm-branch-536870912,stride16-clang18-scalar,9,stride16_scan,scalar,warm,branch,536870912,536870912,58720256,7,275599653,604918052,4,4,0,0,18010029673144056,0
1,stride16-clang18-scalar-r9-stride16_scan-scalar-warm-branch-65536,stride16-clang18-scalar,9,stride16_scan,scalar,warm,branch,65536,65536,212911104,207921,250000652,548730476,4,4,0,0,2227364736609,0
1,stride16-clang18-scalar-r9-stride16_scan-scalar-warm-branch-1048576,stride16-clang18-scalar,9,stride16_scan,scalar,warm,branch,1048576,1048576,116817920,7130,250032151,548799508,4,4,0,0,0,0
1,stride16-clang18-scalar-r9-stride16_scan-scalar-warm-branch-196608,stride16-clang18-scalar,9,stride16_scan,scalar,warm,branch,196608,196608,231794688,75454,250002997,548735632,4,4,0,0,0,0
1,stride16-clang18-scalar-r9-stride16_scan-scalar-warm-branch-262144,stride16-clang18-scalar,9,stride16_scan,scalar,warm,branch,262144,262144,165838848,40488,250002953,548735536,4,4,0,0,0,0
1,stride16-clang18-scalar-r9-stride16_scan-scalar-warm-branch-33554432,stride16-clang18-scalar,9,stride16_scan,scalar,warm,branch,33554432,33554432,55574528,106,251491659,552003008,4,4,0,0,0,0
1,stride16-clang18-scalar-r9-stride16_scan-scalar-warm-branch-8192,stride16-clang18-scalar,9,stride16_scan,scalar,warm,branch,8192,8192,457472640,3574005,250000090,548729228,4,4,0,0,282248361303,0
1,stride16-clang18-scalar-r9-stride16_scan-scalar-warm-basic-32768,stride16-clang18-scalar,9,stride16_scan,scalar,warm,basic,32768,32768,568088576,1109548,250000223,548729460,4,4,0,0,0,0
1,stride16-clang18-scalar-r9-stride16_scan-scalar-warm-basic-262144,stride16-clang18-scalar,9,stride16_scan,scalar,warm,basic,262144,262144,170618880,41655,250001314,548731944,4,4,0,0,9003712790843,0
1,stride16-clang18-scalar-r9-stride16_scan-scalar-cache_evicted-basic-33554432,stride16-clang18-scalar,9,stride16_scan,scalar,cache_evicted,basic,33554432,33554432,55574528,106,251244206,551459864,4,4,0,0,0,0
1,stride16-clang18-scalar-r9-stride16_scan-scalar-warm-branch-24576,stride16-clang18-scalar,9,stride16_scan,scalar,warm,branch,24576,24576,637851648,1661072,250000132,548729344,4,4,0,0,0,0
1,stride16-clang18-scalar-r9-stride16_scan-scalar-warm-branch-36864,stride16-clang18-scalar,9,stride16_scan,scalar,warm,branch,36864,36864,204045696,354246,250000285,548729708,4,4,0,0,0,0
1,stride16-clang18-scalar-r9-stride16_scan-scalar-warm-basic-12582912,stride16-clang18-scalar,9,stride16_scan,scalar,warm,basic,12582912,12582912,64290816,327,250337351,549469356,4,4,0,0,422054014802041,0
1,stride16-clang18-scalar-r9-stride16_scan-scalar-warm-basic-98304,stride16-clang18-scalar,9,stride16_scan,scalar,warm,basic,98304,98304,218688000,142375,250000728,548730656,4,4,0,0,3350594921908,0
1,stride16-clang18-scalar-r9-stride16_scan-scalar-warm-basic-536870912,stride16-clang18-scalar,9,stride16_scan,scalar,warm,basic,536870912,536870912,58720256,7,272863995,598913620,4,4,0,0,18010029673144056,0
1,stride16-clang18-scalar-r9-stride16_scan-scalar-warm-basic-134217728,stride16-clang18-scalar,9,stride16_scan,scalar,warm,basic,134217728,134217728,54525952,26,250253989,549286448,4,4,0,0,0,0
1,stride16-clang18-scalar-r9-stride16_scan-scalar-warm-branch-393216,stride16-clang18-scalar,9,stride16_scan,scalar,warm,branch,393216,393216,127193088,20702,250007283,548745040,4,4,0,0,0,0
1,stride16-clang18-scalar-r9-stride16_scan-scalar-warm-basic-28672,stride16-clang18-scalar,9,stride16_scan,scalar,warm,basic,28672,28672,648526592,1447604,250000128,548729348,4,4,0,0,0,0
1,stride16-clang18-scalar-r9-stride16_scan-scalar-warm-basic-1048576,stride16-clang18-scalar,9,stride16_scan,scalar,warm,basic,1048576,1048576,116719616,7124,250001092,548731336,4,4,0,0,0,0
1,stride16-clang18-scalar-r9-stride16_scan-scalar-warm-branch-4194304,stride16-clang18-scalar,9,stride16_scan,scalar,warm,branch,4194304,4194304,91488256,1396,250034369,548804404,4,4,0,0,0,0
1,stride16-clang18-scalar-r9-stride16_scan-scalar-cache_evicted-branch-262144,stride16-clang18-scalar,9,stride16_scan,scalar,cache_evicted,branch,262144,262144,148611072,36282,250002379,548734136,4,4,0,0,0,0
1,stride16-clang18-scalar-r9-stride16_scan-scalar-warm-basic-7340032,stride16-clang18-scalar,9,stride16_scan,scalar,warm,basic,7340032,7340032,51724288,451,250113873,548978872,4,4,0,0,246482904870193,0
1,stride16-clang18-scalar-r9-stride16_scan-scalar-warm-basic-393216,stride16-clang18-scalar,9,stride16_scan,scalar,warm,basic,393216,393216,116176896,18909,250011343,548753864,4,4,0,0,13394598189665,0
1,stride16-clang18-scalar-r9-stride16_scan-scalar-warm-branch-229376,stride16-clang18-scalar,9,stride16_scan,scalar,warm,branch,229376,229376,145065984,40476,250000810,548730732,4,4,0,0,0,0
1,stride16-clang18-scalar-r9-stride16_scan-scalar-warm-branch-2097152,stride16-clang18-scalar,9,stride16_scan,scalar,warm,branch,2097152,2097152,116162560,3545,250057346,548854840,4,4,0,0,70763543102154,0
1,stride16-clang18-scalar-r9-stride16_scan-scalar-warm-basic-6291456,stride16-clang18-scalar,9,stride16_scan,scalar,warm,basic,6291456,6291456,61440000,625,250247188,549271464,4,4,0,0,211428400897571,0
1,stride16-clang18-scalar-r9-stride16_scan-scalar-warm-basic-196608,stride16-clang18-scalar,9,stride16_scan,scalar,warm,basic,196608,196608,201950208,65739,250002689,548734840,4,4,0,0,6696265646398,0
1,stride16-clang18-scalar-r9-stride16_scan-scalar-cache_evicted-branch-1048576,stride16-clang18-scalar,9,stride16_scan,scalar,cache_evicted,branch,1048576,1048576,116637696,7119,250026446,548786992,4,4,0,0,35093998791634,0
1,stride16-clang18-scalar-r9-stride16_scan-scalar-warm-branch-7340032,stride16-clang18-scalar,9,stride16_scan,scalar,warm,branch,7340032,7340032,59064320,515,250054727,548849080,4,4,0,0,246482904870193,0
1,stride16-clang18-scalar-r9-stride16_scan-scalar-warm-basic-8388608,stride16-clang18-scalar,9,stride16_scan,scalar,warm,basic,8388608,8388608,50069504,382,250023249,548779960,4,4,0,0,0,0
1,stride16-clang18-scalar-r9-stride16_scan-scalar-warm-basic-5242880,stride16-clang18-scalar,9,stride16_scan,scalar,warm,basic,5242880,5242880,60375040,737,250319643,549430528,4,4,0,0,176338721310244,0
1,stride16-clang18-scalar-r9-stride16_scan-scalar-warm-branch-16384,stride16-clang18-scalar,9,stride16_scan,scalar,warm,branch,16384,16384,570539264,2228669,250000139,548729252,4,4,0,0,568552968403,0
1,stride16-clang18-scalar-r9-stride16_scan-scalar-cache_evicted-basic-1048576,stride16-clang18-scalar,9,stride16_scan,scalar,cache_evicted,basic,1048576,1048576,116637696,7119,250030695,548796324,4,4,0,0,35093998791634,0
1,stride16-clang18-scalar-r9-stride16_scan-scalar-cache_evicted-branch-536870912,stride16-clang18-scalar,9,stride16_scan,scalar,cache_evicted,branch,536870912,536870912,58720256,7,273449816,600199348,4,4,0,0,18014128935371794,0
1,stride16-clang18-scalar-r9-stride16_scan-scalar-cache_evicted-basic-6291456,stride16-clang18-scalar,9,stride16_scan,scalar,cache_evicted,basic,6291456,6291456,83460096,849,250124721,549002720,4,4,0,0,210666051876493,0
1,stride16-clang18-scalar-r9-stride16_scan-scalar-cache_evicted-branch-32768,stride16-clang18-scalar,9,stride16_scan,scalar,cache_evicted,branch,32768,32768,539871232,1054436,250000184,548729348,4,4,0,0,0,0
1,stride16-clang18-scalar-r9-stride16_scan-scalar-warm-basic-131072,stride16-clang18-scalar,9,stride16_scan,scalar,warm,basic,131072,131072,223772672,109264,250000682,548730444,4,4,0,0,0,0
1,stride16-clang18-scalar-r9-stride16_scan-scalar-warm-basic-294912,stride16-clang18-scalar,9,stride16_scan,scalar,warm,basic,294912,294912,132235776,28697,250008775,548748204,4,4,0,0,10110341671909,0
1,stride16-clang18-scalar-r9-stride16_scan-scalar-warm-branch-98304,stride16-clang18-scalar,9,stride16_scan,scalar,warm,branch,98304,98304,216582144,141004,250001229,548731668,4,4,0,0,0,0
1,stride16-clang18-scalar-r9-stride16_scan-scalar-warm-basic-524288,stride16-clang18-scalar,9,stride16_scan,scalar,warm,basic,524288,524288,116457472,14216,250012198,548755712,4,4,0,0,0,0
1,stride16-clang18-scalar-r9-stride16_scan-scalar-warm-branch-6291456,stride16-clang18-scalar,9,stride16_scan,scalar,warm,branch,6291456,6291456,96043008,977,250157944,549075612,4,4,0,0,211428400897571,0
1,stride16-clang18-scalar-r9-stride16_scan-scalar-warm-branch-5242880,stride16-clang18-scalar,9,stride16_scan,scalar,warm,branch,5242880,5242880,101498880,1239,250075744,548895128,4,4,0,0,176338721310244,0
1,stride16-clang18-scalar-r9-stride16_scan-scalar-warm-basic-65536,stride16-clang18-scalar,9,stride16_scan,scalar,warm,basic,65536,65536,213146624,208151,250000473,548729976,4,4,0,0,2227364736609,0
1,stride16-clang18-scalar-r9-stride16_scan-scalar-warm-basic-33554432,stride16-clang18-scalar,9,stride16_scan,scalar,warm,basic,33554432,33554432,54525952,104,251761981,552596368,4,4,0,0,0,0
1,stride16-clang18-scalar-r9-stride16_scan-scalar-warm-branch-8388608,stride16-clang18-scalar,9,stride16_scan,scalar,warm,branch,8388608,8388608,76283904,582,250231807,549237720,4,4,0,0,0,0
1,stride16-clang18-scalar-r9-stride16_scan-scalar-warm-branch-294912,stride16-clang18-scalar,9,stride16_scan,scalar,warm,branch,294912,294912,143608320,31165,250007166,548744588,4,4,0,0,10110341671909,0
1,stride16-clang18-scalar-r9-stride16_scan-scalar-cache_evicted-branch-33554432,stride16-clang18-scalar,9,stride16_scan,scalar,cache_evicted,branch,33554432,33554432,54525952,104,251838474,552764224,4,4,0,0,0,0
1,stride16-clang18-scalar-r9-stride16_scan-scalar-warm-basic-2097152,stride16-clang18-scalar,9,stride16_scan,scalar,warm,basic,2097152,2097152,116981760,3570,250013047,548757604,4,4,0,0,0,0
1,stride16-clang18-scalar-r10-stride16_scan-scalar-warm-basic-524288,stride16-clang18-scalar,10,stride16_scan,scalar,warm,basic,524288,524288,116473856,14218,250012094,548755488,4,4,0,0,0,0
1,stride16-clang18-scalar-r10-stride16_scan-scalar-warm-branch-36864,stride16-clang18-scalar,10,stride16_scan,scalar,warm,branch,36864,36864,204511104,355054,250000398,548729940,4,4,0,0,0,0
1,stride16-clang18-scalar-r10-stride16_scan-scalar-warm-basic-12582912,stride16-clang18-scalar,10,stride16_scan,scalar,warm,basic,12582912,12582912,63897600,325,250579977,550001936,4,4,0,0,422401364440005,0
1,stride16-clang18-scalar-r10-stride16_scan-scalar-warm-branch-8192,stride16-clang18-scalar,10,stride16_scan,scalar,warm,branch,8192,8192,457413760,3573545,250000130,548729340,4,4,0,0,270815073230,0
1,stride16-clang18-scalar-r10-stride16_scan-scalar-cache_evicted-basic-1048576,stride16-clang18-scalar,10,stride16_scan,scalar,cache_evicted,basic,1048576,1048576,116817920,7130,250033992,548803644,4,4,0,0,0,0
1,stride16-clang18-scalar-r10-stride16_scan-scalar-cache_evicted-basic-8388608,stride16-clang18-scalar,10,stride16_scan,scalar,cache_evicted,basic,8388608,8388608,70123520,535,250442024,549699144,4,4,0,0,281708611176267,0
1,stride16-clang18-scalar-r10-stride16_scan-scalar-warm-branch-65536,stride16-clang18-scalar,10,stride16_scan,scalar,warm,branch,65536,65536,214905856,209869,250000259,548729428,4,4,0,0,2148473802281,0
1,stride16-clang18-scalar-r10-stride16_scan-scalar-warm-basic-33554432,stride16-clang18-scalar,10,stride16_scan,scalar,warm,basic,33554432,33554432,54525952,104,252217481,553596052,4,4,0,0,0,0
1,stride16-clang18-scalar-r10-stride16_scan-scalar-warm-branch-8388608,stride16-clang18-scalar,10,stride16_scan,scalar,warm,branch,8388608,8388608,75235328,574,250293719,549373480,4,4,3,0,0,0
1,stride16-clang18-scalar-r10-stride16_scan-scalar-cache_evicted-branch-6291456,stride16-clang18-scalar,10,stride16_scan,scalar,cache_evicted,branch,6291456,6291456,93978624,956,250107160,548964184,4,4,0,0,0,0
1,stride16-clang18-scalar-r10-stride16_scan-scalar-warm-basic-196608,stride16-clang18-scalar,10,stride16_scan,scalar,warm,basic,196608,196608,199176192,64836,250001004,548731148,4,4,0,0,0,0
1,stride16-clang18-scalar-r10-stride16_scan-scalar-warm-branch-24576,stride16-clang18-scalar,10,stride16_scan,scalar,warm,branch,24576,24576,637767168,1660852,250000123,548729324,4,4,0,0,0,0
1,stride16-clang18-scalar-r10-stride16_scan-scalar-warm-branch-49152,stride16-clang18-scalar,10,stride16_scan,scalar,warm,branch,49152,49152,212979456,277317,250000431,548729916,4,4,0,0,1619033789661,0
1,stride16-clang18-scalar-r10-stride16_scan-scalar-cache_evicted-branch-32768,stride16-clang18-scalar,10,stride16_scan,scalar,cache_evicted,branch,32768,32768,592141824,1156527,250000261,548729548,4,4,0,0,1120723827850,0
1,stride16-clang18-scalar-r10-stride16_scan-scalar-cache_evicted-basic-262144,stride16-clang18-scalar,10,stride16_scan,scalar,cache_evicted,basic,262144,262144,158461952,38687,250001300,548731796,4,4,0,0,8838663629917,0
1,stride16-clang18-scalar-r10-stride16_scan-scalar-warm-basic-2097152,stride16-clang18-scalar,10,stride16_scan,scalar,warm,basic,2097152,2097152,116981760,3570,250063234,548867740,4,4,0,0,0,0
1,stride16-clang18-scalar-r10-stride16_scan-scalar-warm-basic-32768,stride16-clang18-scalar,10,stride16_scan,scalar,warm,basic,32768,32768,592473600,1157175,250000184,548729460,4,4,0,0,1096514746072,0
1,stride16-clang18-scalar-r10-stride16_scan-scalar-warm-branch-196608,stride16-clang18-scalar,10,stride16_scan,scalar,warm,branch,196608,196608,200346624,65217,250002325,548734164,4,4,0,0,6567636674472,0
1,stride16-clang18-scalar-r10-stride16_scan-scalar-warm-branch-536870912,stride16-clang18-scalar,10,stride16_scan,scalar,warm,branch,536870912,536870912,58720256,7,271888137,596771720,4,4,0,0,18020648951270208,0
1,stride16-clang18-scalar-r10-stride16_scan-scalar-warm-basic-8388608,stride16-clang18-scalar,10,stride16_scan,scalar,warm,basic,8388608,8388608,72482816,553,250120845,548994188,4,4,0,0,281869527276860,0
1,stride16-clang18-scalar-r10-stride16_scan-scalar-cache_evicted-branch-8388608,stride16-clang18-scalar,10,stride16_scan,scalar,cache_evicted,branch,8388608,8388608,80216064,612,250252864,549283968,4,4,0,0,0,0
1,stride16-clang18-scalar-r10-stride16_scan-scalar-warm-branch-2097152,stride16-clang18-scalar,10,stride16_scan,scalar,warm,branch,2097152,2097152,116948992,3569,250069789,548882120,4,4,0,0,70568058639870,0
1,stride16-clang18-scalar-r10-stride16_scan-scalar-warm-basic-36864,stride16-clang18-scalar,10,stride16_scan,scalar,warm,basic,36864,36864,204081984,354309,250000563,548730180,4,4,0,0,1233536109511,0
1,stride16-clang18-scalar-r10-stride16_scan-scalar-cache_evicted-branch-536870912,stride16-clang18-scalar,10,stride16_scan,scalar,cache_evicted,branch,536870912,536870912,58720256,7,271888157,596771732,4,4,0,0,18016939277018471,0
1,stride16-clang18-scalar-r10-stride16_scan-scalar-warm-branch-4194304,stride16-clang18-scalar,10,stride16_scan,scalar,warm,branch,4194304,4194304,113049600,1725,250112364,548975596,4,4,0,0,140841939605641,0
1,stride16-clang18-scalar-r10-stride16_scan-scalar-warm-branch-12582912,stride16-clang18-scalar,10,stride16_scan,scalar,warm,branch,12582912,12582912,60555264,308,250746572,550367616,4,4,0,0,0,0
1,stride16-clang18-scalar-r10-stride16_scan-scalar-warm-basic-16384,stride16-clang18-scalar,10,stride16_scan,scalar,warm,basic,16384,16384,598651904,2338484,250000165,548729400,4,4,0,0,0,0
1,stride16-clang18-scalar-r10-stride16_scan-scalar-warm-branch-5242880,stride16-clang18-scalar,10,stride16_scan,scalar,warm,branch,5242880,5242880,94371840,1152,250141444,549039500,4,4,0,0,0,0
1,stride16-clang18-scalar-r10-stride16_scan-scalar-warm-basic-1048576,stride16-clang18-scalar,10,stride16_scan,scalar,warm,basic,1048576,1048576,116817920,7130,250011501,548754212,4,4,0,0,0,0
1,stride16-clang18-scalar-r10-stride16_scan-scalar-warm-basic-65536,stride16-clang18-scalar,10,stride16_scan,scalar,warm,basic,65536,65536,219797504,214646,250000197,548729488,4,4,0,0,0,0
1,stride16-clang18-scalar-r10-stride16_scan-scalar-warm-basic-134217728,stride16-clang18-scalar,10,stride16_scan,scalar,warm,basic,134217728,134217728,54525952,26,251727485,552520592,4,4,0,0,0,0
1,stride16-clang18-scalar-r10-stride16_scan-scalar-warm-basic-229376,stride16-clang18-scalar,10,stride16_scan,scalar,warm,basic,229376,229376,179278848,50022,250002745,548734964,4,4,0,0,0,0
1,stride16-clang18-scalar-r10-stride16_scan-scalar-warm-branch-524288,stride16-clang18-scalar,10,stride16_scan,scalar,warm,branch,524288,524288,116465664,14217,250012843,548757132,4,4,0,0,17554078543622,0
1,stride16-clang18-scalar-r10-stride16_scan-scalar-warm-basic-393216,stride16-clang18-scalar,10,stride16_scan,scalar,warm,basic,393216,393216,116250624,18921,250012495,548756372,4,4,0,0,13179651257779,0
1,stride16-clang18-scalar-r10-stride16_scan-scalar-warm-branch-28672,stride16-clang18-scalar,10,stride16_scan,scalar,warm,branch,28672,28672,632621248,1412101,250000183,548729484,4,4,0,0,967125146173,0
1,stride16-clang18-scalar-r10-stride16_scan-scalar-warm-branch-7340032,stride16-clang18-scalar,10,stride16_scan,scalar,warm,branch,7340032,7340032,88768512,774,250312557,549414984,4,4,0,0,0,0
1,stride16-clang18-scalar-r10-stride16_scan-scalar-warm-basic-8192,stride16-clang18-scalar,10,stride16_scan,scalar,warm,basic,8192,8192,457353856,3573077,250000126,548729200,4,4,0,0,270815073230,0
1,stride16-clang18-scalar-r10-stride16_scan-scalar-warm-basic-131072,stride16-clang18-scalar,10,stride16_scan,scalar,warm,basic,131072,131072,221229056,108022,250001821,548733028,4,4,0,0,0,0
1,stride16-clang18-scalar-r10-stride16_scan-scalar-cache_evicted-basic-536870912,stride16-clang18-scalar,10,stride16_scan,scalar,cache_evicted,basic,536870912,536870912,58720256,7,275379670,604435336,4,4,0,0,18016939277018471,0
1,stride16-clang18-scalar-r10-stride16_scan-scalar-warm-basic-4194304,stride16-clang18-scalar,10,stride16_scan,scalar,warm,basic,4194304,4194304,112787456,1721,250008395,548747372,4,4,0,0,140841939605641,0
1,stride16-clang18-scalar-r10-stride16_scan-scalar-warm-branch-1048576,stride16-clang18-scalar,10,stride16_scan,scalar,warm,branch,1048576,1048576,116817920,7130,250029381,548793540,4,4,0,0,0,0
1,stride16-clang18-scalar-r10-stride16_scan-scalar-warm-basic-49152,stride16-clang18-scalar,10,stride16_scan,scalar,warm,basic,49152,49152,208724736,271777,250000379,548729888,4,4,0,0,1619033789661,0
1,stride16-clang18-scalar-r10-stride16_scan-scalar-warm-branch-131072,stride16-clang18-scalar,10,stride16_scan,scalar,warm,branch,131072,131072,225347584,110033,250000983,548731080,4,4,0,0,4380150099581,0
1,stride16-clang18-scalar-r10-stride16_scan-scalar-warm-branch-98304,stride16-clang18-scalar,10,stride16_scan,scalar,warm,branch,98304,98304,215104512,140042,250001695,548732764,4,4,0,0,0,0
1,stride16-clang18-scalar-r10-stride16_scan-scalar-cache_evicted-branch-262144,stride16-clang18-scalar,10,stride16_scan,scalar,cache_evicted,branch,262144,262144,156176384,38129,250002776,548735120,4,4,0,0,8838663629917,0
1,stride16-clang18-scalar-r10-stride16_scan-scalar-warm-branch-33554432,stride16-clang18-scalar,10,stride16_scan,scalar,warm,branch,33554432,33554432,55050240,105,250394182,549594096,4,4,0,0,1126410743656457,0
1,stride16-clang18-scalar-r10-stride16_scan-scalar-cache_evicted-branch-33554432,stride16-clang18-scalar,10,stride16_scan,scalar,cache_evicted,branch,33554432,33554432,54001664,103,250679449,550220228,4,4,0,0,1126372191236400,0
1,stride16-clang18-scalar-r10-stride16_scan-scalar-warm-basic-7340032,stride16-clang18-scalar,10,stride16_scan,scalar,warm,basic,7340032,7340032,83492864,728,250245799,549268460,4,4,0,0,0,0
1,stride16-clang18-scalar-r10-stride16_scan-scalar-cache_evicted-basic-33554432,stride16-clang18-scalar,10,stride16_scan,scalar,cache_evicted,basic,33554432,33554432,55574528,106,252016611,553155228,4,4,0,0,0,0
1,stride16-clang18-scalar-r10-stride16_scan-scalar-warm-basic-536870912,stride16-clang18-scalar,10,stride16_scan,scalar,warm,basic,536870912,536870912,58720256,7,271563754,596059524,4,4,0,0,18020648951270208,0
1,stride16-clang18-scalar-r10-stride16_scan-scalar-cache_evicted-basic-6291456,stride16-clang18-scalar,10,stride16_scan,scalar,cache_evicted,basic,6291456,6291456,98205696,999,250107946,548965840,4,4,0,0,211407365966720,0
1,stride16-clang18-scalar-r10-stride16_scan-scalar-warm-branch-294912,stride16-clang18-scalar,10,stride16_scan,scalar,warm,branch,294912,294912,134622720,29215,250001338,548731964,4,4,0,0,9875379131393,0
1,stride16-clang18-scalar-r10-stride16_scan-scalar-warm-branch-134217728,stride16-clang18-scalar,10,stride16_scan,scalar,warm,branch,134217728,134217728,54525952,26,252313144,553806060,4,4,0,0,0,0
1,stride16-clang18-scalar-r10-stride16_scan-scalar-warm-basic-6291456,stride16-clang18-scalar,10,stride16_scan,scalar,warm,basic,6291456,6291456,101449728,1032,250176807,549117004,4,4,0,0,0,0
1,stride16-clang18-scalar-r10-stride16_scan-scalar-warm-basic-294912,stride16-clang18-scalar,10,stride16_scan,scalar,warm,basic,294912,294912,137424384,29823,250003564,548736888,4,4,0,0,9875379131393,0
1,stride16-clang18-scalar-r10-stride16_scan-scalar-warm-basic-98304,stride16-clang18-scalar,10,stride16_scan,scalar,warm,basic,98304,98304,216327168,140838,250001016,548731184,4,4,0,0,0,0
1,stride16-clang18-scalar-r10-stride16_scan-scalar-warm-basic-262144,stride16-clang18-scalar,10,stride16_scan,scalar,warm,basic,262144,262144,147632128,36043,250000434,548729900,4,4,0,0,8777083635359,0
1,stride16-clang18-scalar-r10-stride16_scan-scalar-warm-basic-5242880,stride16-clang18-scalar,10,stride16_scan,scalar,warm,basic,5242880,5242880,115097600,1405,250049737,548838012,4,4,0,0,176007200383473,0
1,stride16-clang18-scalar-r10-stride16_scan-scalar-cache_evicted-basic-32768,stride16-clang18-scalar,10,stride16_scan,scalar,cache_evicted,basic,32768,32768,573526016,1120168,250000396,548729460,4,4,0,0,0,0
1,stride16-clang18-scalar-r10-stride16_scan-scalar-warm-branch-229376,stride16-clang18-scalar,10,stride16_scan,scalar,warm,branch,229376,229376,197732864,55171,250003997,548737716,4,4,0,0,7640076107138,0
1,stride16-clang18-scalar-r10-stride16_scan-scalar-warm-branch-6291456,stride16-clang18-scalar,10,stride16_scan,scalar,warm,branch,6291456,6291456,89554944,911,250179573,549123068,4,4,0,0,211476974873591,0
1,stride16-clang18-scalar-r10-stride16_scan-scalar-warm-branch-16384,stride16-clang18-scalar,10,stride16_scan,scalar,warm,branch,16384,16384,602583552,2353842,250000187,548729352,4,4,0,0,0,0
1,stride16-clang18-scalar-r10-stride16_scan-scalar-warm-branch-32768,stride16-clang18-scalar,10,stride16_scan,scalar,warm,branch,32768,32768,578283520,1129460,250000221,548729456,4,4,0,0,0,0
1,stride16-clang18-scalar-r10-stride16_scan-scalar-warm-basic-28672,stride16-clang18-scalar,10,stride16_scan,scalar,warm,basic,28672,28672,647905664,1446218,250000146,548729264,4,4,0,0,0,0
1,stride16-clang18-scalar-r10-stride16_scan-scalar-warm-branch-262144,stride16-clang18-scalar,10,stride16_scan,scalar,warm,branch,262144,262144,161103872,39332,250004859,548739624,4,4,0,0,0,0
1,stride16-clang18-scalar-r10-stride16_scan-scalar-cache_evicted-branch-1048576,stride16-clang18-scalar,10,stride16_scan,scalar,cache_evicted,branch,1048576,1048576,116817920,7130,250021041,548775092,4,4,0,0,0,0
1,stride16-clang18-scalar-r10-stride16_scan-scalar-warm-basic-24576,stride16-clang18-scalar,10,stride16_scan,scalar,warm,basic,24576,24576,640572672,1668158,250000079,548729236,4,4,0,0,0,0
1,stride16-clang18-scalar-r10-stride16_scan-scalar-warm-branch-393216,stride16-clang18-scalar,10,stride16_scan,scalar,warm,branch,393216,393216,124612608,20282,250008332,548747340,4,4,0,0,0,0
1,stride16-clang18-scalar-r11-stride16_scan-scalar-warm-branch-7340032,stride16-clang18-scalar,11,stride16_scan,scalar,warm,branch,7340032,7340032,84639744,738,250204134,549176968,4,4,0,0,0,0
1,stride16-clang18-scalar-r11-stride16_scan-scalar-cache_evicted-branch-32768,stride16-clang18-scalar,11,stride16_scan,scalar,cache_evicted,branch,32768,32768,571662848,1116529,250000287,548729568,4,4,0,0,1075575481143,0
1,stride16-clang18-scalar-r11-stride16_scan-scalar-warm-basic-196608,stride16-clang18-scalar,11,stride16_scan,scalar,warm,basic,196608,196608,238783488,77729,250002126,548733612,4,4,0,0,6615218494363,0
1,stride16-clang18-scalar-r11-stride16_scan-scalar-warm-branch-33554432,stride16-clang18-scalar,11,stride16_scan,scalar,warm,branch,33554432,33554432,55574528,106,252313555,553806972,4,4,0,0,0,0
1,stride16-clang18-scalar-r11-stride16_scan-scalar-warm-basic-6291456,stride16-clang18-scalar,11,stride16_scan,scalar,warm,basic,6291456,6291456,105185280,1070,250145873,549049100,4,4,0,0,0,0
1,stride16-clang18-scalar-r11-stride16_scan-scalar-warm-basic-32768,stride16-clang18-scalar,11,stride16_scan,scalar,warm,basic,32768,32768,580679680,1134140,250000218,548729532,4,4,0,0,0,0
1,stride16-clang18-scalar-r11-stride16_scan-scalar-cache_evicted-basic-6291456,stride16-clang18-scalar,11,stride16_scan,scalar,cache_evicted,basic,6291456,6291456,100663296,1024,250160164,549080452,4,4,0,0,0,0
1,stride16-clang18-scalar-r11-stride16_scan-scalar-warm-branch-8388608,stride16-clang18-scalar,11,stride16_scan,scalar,warm,branch,8388608,8388608,81133568,619,250004737,548739284,4,4,0,0,280596172516071,0
1,stride16-clang18-scalar-r11-stride16_scan-scalar-warm-branch-131072,stride16-clang18-scalar,11,stride16_scan,scalar,warm,branch,131072,131072,223094784,108933,250000460,548729964,4,4,0,0,4424880989324,0
1,stride16-clang18-scalar-r11-stride16_scan-scalar-cache_evicted-branch-536870912,stride16-clang18-scalar,11,stride16_scan,scalar,cache_evicted,branch,536870912,536870912,58720256,7,272147646,597341204,4,4,0,0,18013514324465523,0
1,stride16-clang18-scalar-r11-stride16_scan-scalar-warm-branch-524288,stride16-clang18-scalar,11,stride16_scan,scalar,warm,branch,524288,524288,116523008,14224,250002000,548733448,4,4,0,0,0,0
1,stride16-clang18-scalar-r11-stride16_scan-scalar-warm-basic-134217728,stride16-clang18-scalar,11,stride16_scan,scalar,warm,basic,134217728,134217728,56623104,27,258959316,568393884,4,4,0,0,4501907660602659,0
1,stride16-clang18-scalar-r11-stride16_scan-scalar-warm-basic-393216,stride16-clang18-scalar,11,stride16_scan,scalar,warm,basic,393216,393216,116238336,18919,250000172,548729424,4,4,0,0,13238373763265,0
1,stride16-clang18-scalar-r11-stride16_scan-scalar-warm-branch-536870912,stride16-clang18-scalar,11,stride16_scan,scalar,warm,branch,536870912,536870912,58720256,7,272164213,597377676,4,4,0,0,18015072624206041,0
1,stride16-clang18-scalar-r11-stride16_scan-scalar-warm-basic-36864,stride16-clang18-scalar,11,stride16_scan,scalar,warm,basic,36864,36864,204715584,355409,250000176,548729468,4,4,0,0,1284970522233,0
1,stride16-clang18-scalar-r11-stride16_scan-scalar-cache_evicted-basic-1048576,stride16-clang18-scalar,11,stride16_scan,scalar,cache_evicted,basic,1048576,1048576,116768768,7127,250007928,548746340,4,4,0,0,35300808756989,0
1,stride16-clang18-scalar-r11-stride16_scan-scalar-warm-basic-131072,stride16-clang18-scalar,11,stride16_scan,scalar,warm,basic,131072,131072,220477440,107655,250001074,548731304,4,4,0,0,4424880989324,0
1,stride16-clang18-scalar-r11-stride16_scan-scalar-warm-branch-16384,stride16-clang18-scalar,11,stride16_scan,scalar,warm,branch,16384,16384,602747648,2354483,250000174,548729444,4,4,0,0,565742010587,0
1,stride16-clang18-scalar-r11-stride16_scan-scalar-warm-branch-134217728,stride16-clang18-scalar,11,stride16_scan,scalar,warm,branch,134217728,134217728,54525952,26,252198842,553555196,4,4,0,0,0,0
1,stride16-clang18-scalar-r11-stride16_scan-scalar-warm-basic-33554432,stride16-clang18-scalar,11,stride16_scan,scalar,warm,basic,33554432,33554432,54525952,104,251815322,552713448,4,4,0,0,0,0
1,stride16-clang18-scalar-r11-stride16_scan-scalar-warm-branch-6291456,stride16-clang18-scalar,11,stride16_scan,scalar,warm,branch,6291456,6291456,100368384,1021,250215766,549202524,4,4,0,0,210390630781193,0
1,stride16-clang18-scalar-r11-stride16_scan-scalar-warm-basic-262144,stride16-clang18-scalar,11,stride16_scan,scalar,warm,basic,262144,262144,164663296,40201,250002543,548734552,4,4,0,0,8777307081251,0
1,stride16-clang18-scalar-r11-stride16_scan-scalar-cache_evicted-basic-33554432,stride16-clang18-scalar,11,stride16_scan,scalar,cache_evicted,basic,33554432,33554432,55574528,106,252014318,553150164,4,4,0,0,0,0
1,stride16-clang18-scalar-r11-stride16_scan-scalar-cache_evicted-branch-262144,stride16-clang18-scalar,11,stride16_scan,scalar,cache_evicted,branch,262144,262144,165347328,40368,250004137,548737996,4,4,0,0,0,0
1,stride16-clang18-scalar-r11-stride16_scan-scalar-warm-branch-262144,stride16-clang18-scalar,11,stride16_scan,scalar,warm,branch,262144,262144,162795520,39745,250002139,548733660,4,4,0,0,8777307081251,0
1,stride16-clang18-scalar-r11-stride16_scan-scalar-warm-branch-8192,stride16-clang18-scalar,11,stride16_scan,scalar,warm,branch,8192,8192,457357056,3573102,250000192,548729372,4,4,0,0,0,0
1,stride16-clang18-scalar-r11-stride16_scan-scalar-cache_evicted-branch-6291456,stride16-clang18-scalar,11,stride16_scan,scalar,cache_evicted,branch,6291456,6291456,96632832,983,250036091,548808080,4,4,0,0,211786463202622,0
1,stride16-clang18-scalar-r11-stride16_scan-scalar-warm-basic-294912,stride16-clang18-scalar,11,stride16_scan,scalar,warm,basic,294912,294912,129636864,28133,250003409,548736456,4,4,0,0,9884066724869,0
1,stride16-clang18-scalar-r11-stride16_scan-scalar-warm-basic-12582912,stride16-clang18-scalar,11,stride16_scan,scalar,warm,basic,12582912,12582912,63307776,322,250258116,549295464,4,4,0,0,0,0
1,stride16-clang18-scalar-r11-stride16_scan-scalar-cache_evicted-basic-536870912,stride16-clang18-scalar,11,stride16_scan,scalar,cache_evicted,basic,536870912,536870912,58720256,7,271495267,595909372,4,4,0,0,18013514324465523,0
1,stride16-clang18-scalar-r11-stride16_scan-scalar-warm-basic-1048576,stride16-clang18-scalar,11,stride16_scan,scalar,warm,basic,1048576,1048576,116817920,7130,250017986,548768416,4,4,0,0,0,0
1,stride16-clang18-scalar-r11-stride16_scan-scalar-warm-branch-393216,stride16-clang18-scalar,11,stride16_scan,scalar,warm,branch,393216,393216,116336640,18935,250008287,548747256,4,4,0,0,13238373763265,0
1,stride16-clang18-scalar-r11-stride16_scan-scalar-cache_evicted-branch-8388608,stride16-clang18-scalar,11,stride16_scan,scalar,cache_evicted,branch,8388608,8388608,75235328,574,250416445,549643000,4,4,0,0,0,0
1,stride16-clang18-scalar-r11-stride16_scan-scalar-warm-basic-8388608,stride16-clang18-scalar,11,stride16_scan,scalar,warm,basic,8388608,8388608,76939264,587,250095800,548939152,4,4,0,0,280596172516071,0
1,stride16-clang18-scalar-r11-stride16_scan-scalar-warm-branch-4194304,stride16-clang18-scalar,11,stride16_scan,scalar,warm,branch,4194304,4194304,116654080,1780,250030176,548795172,4,4,0,0,0,0
1,stride16-clang18-scalar-r11-stride16_scan-scalar-cache_evicted-basic-32768,stride16-clang18-scalar,11,stride16_scan,scalar,cache_evicted,basic,32768,32768,563063296,1099733,250000139,548729248,4,4,0,0,1075575481143,0
1,stride16-clang18-scalar-r11-stride16_scan-scalar-warm-branch-1048576,stride16-clang18-scalar,11,stride16_scan,scalar,warm,branch,1048576,1048576,116817920,7130,250034102,548803916,4,4,0,0,0,0
1,stride16-clang18-scalar-r11-stride16_scan-scalar-warm-basic-5242880,stride16-clang18-scalar,11,stride16_scan,scalar,warm,basic,5242880,5242880,114114560,1393,250044733,548827128,4,4,0,0,175427959031169,0
1,stride16-clang18-scalar-r11-stride16_scan-scalar-warm-basic-8192,stride16-clang18-scalar,11,stride16_scan,scalar,warm,basic,8192,8192,457450240,3573830,250000179,548729340,4,4,0,0,0,0
1,stride16-clang18-scalar-r11-stride16_scan-scalar-warm-branch-65536,stride16-clang18-scalar,11,stride16_scan,scalar,warm,branch,65536,65536,213058560,208065,250000224,548729436,4,4,0,0,2259556873705,0
1,stride16-clang18-scalar-r11-stride16_scan-scalar-warm-branch-24576,stride16-clang18-scalar,11,stride16_scan,scalar,warm,branch,24576,24576,637833984,1661026,250000139,548729372,4,4,0,0,0,0
1,stride16-clang18-scalar-r11-stride16_scan-scalar-cache_evicted-basic-8388608,stride16-clang18-scalar,11,stride16_scan,scalar,cache_evicted,basic,8388608,8388608,72220672,551,250203431,549175440,4,4,0,0,281920154593971,0
1,stride16-clang18-scalar-r11-stride16_scan-scalar-warm-basic-28672,stride16-clang18-scalar,11,stride16_scan,scalar,warm,basic,28672,28672,638566208,1425371,250000279,548729552,4,4,0,0,997874973925,0
1,stride16-clang18-scalar-r11-stride16_scan-scalar-warm-branch-12582912,stride16-clang18-scalar,11,stride16_scan,scalar,warm,branch,12582912,12582912,63504384,323,250096828,548941496,4,4,0,0,421857947603241,0
1,stride16-clang18-scalar-r11-stride16_scan-scalar-warm-basic-2097152,stride16-clang18-scalar,11,stride16_scan,scalar,warm,basic,2097152,2097152,116948992,3569,250059733,548859456,4,4,0,0,70279418302615,0
1,stride16-clang18-scalar-r11-stride16_scan-scalar-warm-branch-294912,stride16-clang18-scalar,11,stride16_scan,scalar,warm,branch,294912,294912,139074048,30181,250001379,548732092,4,4,0,0,9884066724869,0
1,stride16-clang18-scalar-r11-stride16_scan-scalar-warm-basic-49152,stride16-clang18-scalar,11,stride16_scan,scalar,warm,basic,49152,49152,210795264,274473,250000835,548730888,4,4,0,0,1696485973063,0
1,stride16-clang18-scalar-r11-stride16_scan-scalar-warm-branch-229376,stride16-clang18-scalar,11,stride16_scan,scalar,warm,branch,229376,229376,181475840,50635,250001657,548732688,4,4,0,0,7703407302489,0
1,stride16-clang18-scalar-r11-stride16_scan-scalar-warm-basic-229376,stride16-clang18-scalar,11,stride16_scan,scalar,warm,basic,229376,229376,177780736,49604,250001601,548732568,4,4,0,0,0,0
1,stride16-clang18-scalar-r11-stride16_scan-scalar-warm-basic-4194304,stride16-clang18-scalar,11,stride16_scan,scalar,warm,basic,4194304,4194304,116523008,1778,250141686,549039904,4,4,0,0,0,0
1,stride16-clang18-scalar-r11-stride16_scan-scalar-cache_evicted-basic-262144,stride16-clang18-scalar,11,stride16_scan,scalar,cache_evicted,basic,262144,262144,163328000,39875,250003098,548735736,4,4,0,0,8796323103689,0
1,stride16-clang18-scalar-r11-stride16_scan-scalar-warm-branch-98304,stride16-clang18-scalar,11,stride16_scan,scalar,warm,branch,98304,98304,216758784,141119,250000430,548729996,4,4,0,0,3326880975683,0
1,stride16-clang18-scalar-r11-stride16_scan-scalar-warm-branch-32768,stride16-clang18-scalar,11,stride16_scan,scalar,warm,branch,32768,32768,572137984,1117457,250000223,548729444,4,4,0,0,1151263133500,0
1,stride16-clang18-scalar-r11-stride16_scan-scalar-warm-branch-36864,stride16-clang18-scalar,11,stride16_scan,scalar,warm,branch,36864,36864,207412992,360092,250000527,548730208,4,4,0,0,0,0
1,stride16-clang18-scalar-r11-stride16_scan-scalar-warm-basic-16384,stride16-clang18-scalar,11,stride16_scan,scalar,warm,basic,16384,16384,602973952,2355367,250000123,548729324,4,4,0,0,565742010587,0
1,stride16-clang18-scalar-r11-stride16_scan-scalar-warm-basic-65536,stride16-clang18-scalar,11,stride16_scan,scalar,warm,basic,65536,65536,212985856,207994,250000654,548730492,4,4,0,0,0,0
1,stride16-clang18-scalar-r11-stride16_scan-scalar-warm-basic-7340032,stride16-clang18-scalar,11,stride16_scan,scalar,warm,basic,7340032,7340032,88883200,775,250190129,549146248,4,4,0,0,245429165593765,0
1,stride16-clang18-scalar-r11-stride16_scan-scalar-warm-basic-24576,stride16-clang18-scalar,11,stride16_scan,scalar,warm,basic,24576,24576,640308864,1667471,250000135,548729352,4,4,0,0,850831680961,0
1,stride16-clang18-scalar-r11-stride16_scan-scalar-warm-branch-5242880,stride16-clang18-scalar,11,stride16_scan,scalar,warm,branch,5242880,5242880,103546880,1264,250062098,548865248,4,4,0,0,0,0
1,stride16-clang18-scalar-r11-stride16_scan-scalar-warm-branch-49152,stride16-clang18-scalar,11,stride16_scan,scalar,warm,branch,49152,49152,208409088,271366,250000405,548729836,4,4,0,0,0,0
1,stride16-clang18-scalar-r11-stride16_scan-scalar-warm-branch-28672,stride16-clang18-scalar,11,stride16_scan,scalar,warm,branch,28672,28672,648997440,1448655,250000229,548729560,4,4,0,0,997874973925,0
1,stride16-clang18-scalar-r11-stride16_scan-scalar-warm-basic-98304,stride16-clang18-scalar,11,stride16_scan,scalar,warm,basic,98304,98304,215657472,140402,250001896,548733104,4,4,0,0,0,0
1,stride16-clang18-scalar-r11-stride16_scan-scalar-warm-basic-524288,stride16-clang18-scalar,11,stride16_scan,scalar,warm,basic,524288,524288,116490240,14220,250010368,548751844,4,4,0,0,0,0
1,stride16-clang18-scalar-r11-stride16_scan-scalar-cache_evicted-branch-1048576,stride16-clang18-scalar,11,stride16_scan,scalar,cache_evicted,branch,1048576,1048576,116801536,7129,250004052,548737864,4,4,0,0,35300808756989,0
1,stride16-clang18-scalar-r11-stride16_scan-scalar-warm-basic-536870912,stride16-clang18-scalar,11,stride16_scan,scalar,warm,basic,536870912,536870912,58720256,7,275132818,603893376,4,4,0,0,18015072624206041,0
1,stride16-clang18-scalar-r11-stride16_scan-scalar-warm-branch-2097152,stride16-clang18-scalar,11,stride16_scan,scalar,warm,branch,2097152,2097152,116948992,3569,250060762,548862304,4,4,0,0,70279418302615,0
1,stride16-clang18-scalar-r11-stride16_scan-scalar-warm-branch-196608,stride16-clang18-scalar,11,stride16_scan,scalar,warm,branch,196608,196608,241342464,78562,250001934,548733196,4,4,0,0,0,0
1,stride16-clang18-scalar-r11-stride16_scan-scalar-cache_evicted-branch-33554432,stride16-clang18-scalar,11,stride16_scan,scalar,cache_evicted,branch,33554432,33554432,54525952,104,252295167,553766612,4,4,0,0,0,0
1,stride16-clang18-scalar-r12-stride16_scan-scalar-warm-basic-524288,stride16-clang18-scalar,12,stride16_scan,scalar,warm,basic,524288,524288,116514816,14223,250010135,548751300,4,4,0,0,17637152767344,0
1,stride16-clang18-scalar-r12-stride16_scan-scalar-warm-branch-16384,stride16-clang18-scalar,12,stride16_scan,scalar,warm,branch,16384,16384,596884224,2331579,250000144,548729396,4,4,0,0,572695497691,0
1,stride16-clang18-scalar-r12-stride16_scan-scalar-cache_evicted-branch-1048576,stride16-clang18-scalar,12,stride16_scan,scalar,cache_evicted,branch,1048576,1048576,116817920,7130,250019344,548771508,4,4,0,0,0,0
1,stride16-clang18-scalar-r12-stride16_scan-scalar-warm-basic-16384,stride16-clang18-scalar,12,stride16_scan,scalar,warm,basic,16384,16384,603396352,2357017,250000180,548729472,4,4,0,0,572695497691,0
1,stride16-clang18-scalar-r12-stride16_scan-scalar-warm-basic-6291456,stride16-clang18-scalar,12,stride16_scan,scalar,warm,basic,6291456,6291456,89849856,914,250039357,548815288,4,4,0,0,0,0
1,stride16-clang18-scalar-r12-stride16_scan-scalar-warm-basic-294912,stride16-clang18-scalar,12,stride16_scan,scalar,warm,basic,294912,294912,143055360,31045,250001779,548732864,4,4,0,0,10012851707135,0
1,stride16-clang18-scalar-r12-stride16_scan-scalar-warm-branch-8388608,stride16-clang18-scalar,12,stride16_scan,scalar,warm,branch,8388608,8388608,77725696,593,250030255,548795328,4,4,0,0,281456099397066,0
1,stride16-clang18-scalar-r12-stride16_scan-scalar-warm-branch-524288,stride16-clang18-scalar,12,stride16_scan,scalar,warm,branch,524288,524288,116523008,14224,250013479,548758432,4,4,0,0,0,0
1,stride16-clang18-scalar-r12-stride16_scan-scalar-cache_evicted-branch-536870912,stride16-clang18-scalar,12,stride16_scan,scalar,cache_evicted,branch,536870912,536870912,58720256,7,271814826,596610800,4,4,0,0,18016279978240223,0
1,stride16-clang18-scalar-r12-stride16_scan-scalar-cache_evicted-basic-32768,stride16-clang18-scalar,12,stride16_scan,scalar,cache_evicted,basic,32768,32768,552667136,1079428,250000263,548729632,4,4,0,0,0,0
1,stride16-clang18-scalar-r12-stride16_scan-scalar-warm-branch-33554432,stride16-clang18-scalar,12,stride16_scan,scalar,warm,branch,33554432,33554432,54001664,103,250429072,549670704,4,4,0,0,1126011662231560,0
1,stride16-clang18-scalar-r12-stride16_scan-scalar-cache_evicted-basic-536870912,stride16-clang18-scalar,12,stride16_scan,scalar,cache_evicted,basic,536870912,536870912,58720256,7,271462772,595838076,4,4,0,0,18016279978240223,0
1,stride16-clang18-scalar-r12-stride16_scan-scalar-warm-basic-33554432,stride16-clang18-scalar,12,stride16_scan,scalar,warm,basic,33554432,33554432,54525952,104,252263622,553697372,4,4,0,0,0,0
1,stride16-clang18-scalar-r12-stride16_scan-scalar-warm-basic-28672,stride16-clang18-scalar,12,stride16_scan,scalar,warm,basic,28672,28672,622911296,1390427,250000287,548729576,4,4,0,0,998284007114,0
1,stride16-clang18-scalar-r12-stride16_scan-scalar-warm-branch-65536,stride16-clang18-scalar,12,stride16_scan,scalar,warm,branch,65536,65536,213386240,208385,250000651,548730496,4,4,0,0,2240668906555,0
1,stride16-clang18-scalar-r12-stride16_scan-scalar-warm-basic-2097152,stride16-clang18-scalar,12,stride16_scan,scalar,warm,basic,2097152,2097152,116883456,3567,250061246,548863396,4,4,0,0,70589324670303,0
1,stride16-clang18-scalar-r12-stride16_scan-scalar-warm-branch-24576,stride16-clang18-scalar,12,stride16_scan,scalar,warm,branch,24576,24576,640999296,1669269,250000199,548729388,4,4,0,0,855155596495,0
1,stride16-clang18-scalar-r12-stride16_scan-scalar-warm-basic-229376,stride16-clang18-scalar,12,stride16_scan,scalar,warm,basic,229376,229376,157488128,43942,250005008,548740076,4,4,0,0,0,0
1,stride16-clang18-scalar-r12-stride16_scan-scalar-warm-branch-131072,stride16-clang18-scalar,12,stride16_scan,scalar,warm,branch,131072,131072,221990912,108394,250001079,548731448,4,4,0,0,0,0
1,stride16-clang18-scalar-r12-stride16_scan-scalar-warm-branch-196608,stride16-clang18-scalar,12,stride16_scan,scalar,warm,branch,196608,196608,166557696,54218,250004539,548738692,4,4,0,0,0,0
1,stride16-clang18-scalar-r12-stride16_scan-scalar-warm-basic-196608,stride16-clang18-scalar,12,stride16_scan,scalar,warm,basic,196608,196608,190319616,61953,250000708,548730508,4,4,0,0,6698831484389,0
1,stride16-clang18-scalar-r12-stride16_scan-scalar-warm-basic-393216,stride16-clang18-scalar,12,stride16_scan,scalar,warm,basic,393216,393216,126031872,20513,250009499,548749900,4,4,0,0,13303578491664,0
1,stride16-clang18-scalar-r12-stride16_scan-scalar-warm-branch-2097152,stride16-clang18-scalar,12,stride16_scan,scalar,warm,branch,2097152,2097152,116948992,3569,250025426,548784744,4,4,0,0,70589324670303,0
1,stride16-clang18-scalar-r12-stride16_scan-scalar-warm-branch-7340032,stride16-clang18-scalar,12,stride16_scan,scalar,warm,branch,7340032,7340032,68239360,595,250116897,548985488,4,4,0,0,246302404644972,0
1,stride16-clang18-scalar-r12-stride16_scan-scalar-warm-branch-536870912,stride16-clang18-scalar,12,stride16_scan,scalar,warm,branch,536870912,536870912,58720256,7,271526177,595977228,4,4,0,0,18017708407915279,0
1,stride16-clang18-scalar-r12-stride16_scan-scalar-cache_evicted-branch-262144,stride16-clang18-scalar,12,stride16_scan,scalar,cache_evicted,branch,262144,262144,148873216,36346,250005413,548740820,4,4,0,0,0,0
1,stride16-clang18-scalar-r12-stride16_scan-scalar-warm-basic-5242880,stride16-clang18-scalar,12,stride16_scan,scalar,warm,basic,5242880,5242880,108134400,1320,250059988,548860592,4,4,0,0,0,0
1,stride16-clang18-scalar-r12-stride16_scan-scalar-warm-basic-32768,stride16-clang18-scalar,12,stride16_scan,scalar,warm,basic,32768,32768,555064320,1084110,250000238,548729576,4,4,0,0,0,0
1,stride16-clang18-scalar-r12-stride16_scan-scalar-warm-branch-1048576,stride16-clang18-scalar,12,stride16_scan,scalar,warm,branch,1048576,1048576,116801536,7129,250026578,548787388,4,4,0,0,35207722829431,0
1,stride16-clang18-scalar-r12-stride16_scan-scalar-warm-branch-98304,stride16-clang18-scalar,12,stride16_scan,scalar,warm,branch,98304,98304,215184384,140094,250001893,548733100,4,4,0,0,0,0
1,stride16-clang18-scalar-r12-stride16_scan-scalar-warm-branch-28672,stride16-clang18-scalar,12,stride16_scan,scalar,warm,branch,28672,28672,648673984,1447933,250000252,548729484,4,4,0,0,998284007114,0
1,stride16-clang18-scalar-r12-stride16_scan-scalar-warm-branch-12582912,stride16-clang18-scalar,12,stride16_scan,scalar,warm,branch,12582912,12582912,63700992,324,250538947,549911872,4,4,0,0,0,0
1,stride16-clang18-scalar-r12-stride16_scan-scalar-warm-basic-131072,stride16-clang18-scalar,12,stride16_scan,scalar,warm,basic,131072,131072,221689856,108247,250000708,548730604,4,4,0,0,4489240574230,0
1,stride16-clang18-scalar-r12-stride16_scan-scalar-cache_evicted-branch-8388608,stride16-clang18-scalar,12,stride16_scan,scalar,cache_evicted,branch,8388608,8388608,80871424,617,250114771,548980868,4,4,0,0,281253109102956,0
1,stride16-clang18-scalar-r12-stride16_scan-scalar-warm-branch-36864,stride16-clang18-scalar,12,stride16_scan,scalar,warm,branch,36864,36864,206830656,359081,250000274,548729544,4,4,0,0,1268033233525,0
1,stride16-clang18-scalar-r12-stride16_scan-scalar-warm-basic-65536,stride16-clang18-scalar,12,stride16_scan,scalar,warm,basic,65536,65536,213537792,208533,250000281,548729572,4,4,0,0,2240668906555,0
1,stride16-clang18-scalar-r12-stride16_scan-scalar-warm-basic-98304,stride16-clang18-scalar,12,stride16_scan,scalar,warm,basic,98304,98304,215417856,140246,250001479,548732192,4,4,0,0,0,0
1,stride16-clang18-scalar-r12-stride16_scan-scalar-cache_evicted-basic-33554432,stride16-clang18-scalar,12,stride16_scan,scalar,cache_evicted,basic,33554432,33554432,55050240,105,250202958,549174404,4,4,0,0,1125011427847033,0
1,stride16-clang18-scalar-r12-stride16_scan-scalar-cache_evicted-basic-6291456,stride16-clang18-scalar,12,stride16_scan,scalar,cache_evicted,basic,6291456,6291456,90832896,924,250120421,548993244,4,4,0,0,0,0
1,stride16-clang18-scalar-r12-stride16_scan-scalar-warm-basic-12582912,stride16-clang18-scalar,12,stride16_scan,scalar,warm,basic,12582912,12582912,63897600,325,250301362,549390372,4,4,0,0,422604682959386,0
1,stride16-clang18-scalar-r12-stride16_scan-scalar-cache_evicted-branch-33554432,stride16-clang18-scalar,12,stride16_scan,scalar,cache_evicted,branch,33554432,33554432,55050240,105,250867530,550633120,4,4,0,0,1125011427847033,0
1,stride16-clang18-scalar-r12-stride16_scan-scalar-cache_evicted-basic-1048576,stride16-clang18-scalar,12,stride16_scan,scalar,cache_evicted,basic,1048576,1048576,116801536,7129,250034411,548804576,4,4,0,0,35093565851261,0
1,stride16-clang18-scalar-r12-stride16_scan-scalar-warm-branch-262144,stride16-clang18-scalar,12,stride16_scan,scalar,warm,branch,262144,262144,160268288,39128,250006045,548742212,4,4,0,0,0,0
1,stride16-clang18-scalar-r12-stride16_scan-scalar-warm-basic-8388608,stride16-clang18-scalar,12,stride16_scan,scalar,warm,basic,8388608,8388608,80347136,613,250137169,549029980,4,4,0,0,281456099397066,0
1,stride16-clang18-scalar-r12-stride16_scan-scalar-cache_evicted-branch-32768,stride16-clang18-scalar,12,stride16_scan,scalar,cache_evicted,branch,32768,32768,592192000,1156625,250000447,548729592,4,4,0,0,1129517790104,0
1,stride16-clang18-scalar-r12-stride16_scan-scalar-warm-basic-8192,stride16-clang18-scalar,12,stride16_scan,scalar,warm,basic,8192,8192,457437312,3573729,250000079,548729232,4,4,0,0,275067138950,0
1,stride16-clang18-scalar-r12-stride16_scan-scalar-warm-basic-7340032,stride16-clang18-scalar,12,stride16_scan,scalar,warm,basic,7340032,7340032,80396288,701,250347095,549490788,4,4,0,0,246302404644972,0
1,stride16-clang18-scalar-r12-stride16_scan-scalar-warm-branch-4194304,stride16-clang18-scalar,12,stride16_scan,scalar,warm,branch,4194304,4194304,109248512,1667,250035577,548807032,4,4,0,0,140920003402612,0
1,stride16-clang18-scalar-r12-stride16_scan-scalar-warm-branch-49152,stride16-clang18-scalar,12,stride16_scan,scalar,warm,branch,49152,49152,208081152,270939,250000104,548729292,4,4,0,0,1688314077632,0
1,stride16-clang18-scalar-r12-stride16_scan-scalar-cache_evicted-basic-262144,stride16-clang18-scalar,12,stride16_scan,scalar,cache_evicted,basic,262144,262144,146264064,35709,250001872,548733188,4,4,0,0,8878130762476,0
1,stride16-clang18-scalar-r12-stride16_scan-scalar-warm-branch-8192,stride16-clang18-scalar,12,stride16_scan,scalar,warm,branch,8192,8192,457468416,3573972,250000102,548729276,4,4,0,0,0,0
1,stride16-clang18-scalar-r12-stride16_scan-scalar-cache_evicted-branch-6291456,stride16-clang18-scalar,12,stride16_scan,scalar,cache_evicted,branch,6291456,6291456,105185280,1070,250095428,548938396,4,4,0,0,0,0
1,stride16-clang18-scalar-r12-stride16_scan-scalar-warm-basic-262144,stride16-clang18-scalar,12,stride16_scan,scalar,warm,basic,262144,262144,182677504,44599,250003510,548736756,4,4,0,0,8899351495649,0
1,stride16-clang18-scalar-r12-stride16_scan-scalar-warm-branch-5242880,stride16-clang18-scalar,12,stride16_scan,scalar,warm,branch,5242880,5242880,115671040,1412,250020297,548773420,4,4,0,0,0,0
1,stride16-clang18-scalar-r12-stride16_scan-scalar-warm-basic-134217728,stride16-clang18-scalar,12,stride16_scan,scalar,warm,basic,134217728,134217728,54525952,26,252441382,554087684,4,4,0,0,0,0
1,stride16-clang18-scalar-r12-stride16_scan-scalar-warm-branch-32768,stride16-clang18-scalar,12,stride16_scan,scalar,warm,branch,32768,32768,572754944,1118662,250000237,548729488,4,4,0,0,0,0
1,stride16-clang18-scalar-r12-stride16_scan-scalar-warm-basic-4194304,stride16-clang18-scalar,12,stride16_scan,scalar,warm,basic,4194304,4194304,115933184,1769,250085392,548916380,4,4,0,0,140920003402612,0
1,stride16-clang18-scalar-r12-stride16_scan-scalar-warm-basic-1048576,stride16-clang18-scalar,12,stride16_scan,scalar,warm,basic,1048576,1048576,116883456,7134,250013982,548759756,4,4,0,0,0,0
1,stride16-clang18-scalar-r12-stride16_scan-scalar-warm-branch-6291456,stride16-clang18-scalar,12,stride16_scan,scalar,warm,branch,6291456,6291456,91521024,931,250120584,548993612,4,4,0,0,211273907337795,0
1,stride16-clang18-scalar-r12-stride16_scan-scalar-warm-basic-49152,stride16-clang18-scalar,12,stride16_scan,scalar,warm,basic,49152,49152,213315072,277754,250000617,548730404,4,4,0,0,0,0
1,stride16-clang18-scalar-r12-stride16_scan-scalar-cache_evicted-basic-8388608,stride16-clang18-scalar,12,stride16_scan,scalar,cache_evicted,basic,8388608,8388608,79429632,606,250038971,548814480,4,4,0,0,0,0
1,stride16-clang18-scalar-r12-stride16_scan-scalar-warm-basic-536870912,stride16-clang18-scalar,12,stride16_scan,scalar,warm,basic,536870912,536870912,58720256,7,273380287,600046688,4,4,0,0,18017708407915279,0
1,stride16-clang18-scalar-r12-stride16_scan-scalar-warm-branch-229376,stride16-clang18-scalar,12,stride16_scan,scalar,warm,branch,229376,229376,207520768,57902,250004076,548737888,4,4,0,0,0,0
1,stride16-clang18-scalar-r12-stride16_scan-scalar-warm-branch-393216,stride16-clang18-scalar,12,stride16_scan,scalar,warm,branch,393216,393216,116324352,18933,250008373,548747336,4,4,0,0,13303578491664,0
1,stride16-clang18-scalar-r12-stride16_scan-scalar-warm-basic-36864,stride16-clang18-scalar,12,stride16_scan,scalar,warm,basic,36864,36864,204937920,355795,250000567,548730184,4,4,0,0,1268033233525,0
1,stride16-clang18-scalar-r12-stride16_scan-scalar-warm-basic-24576,stride16-clang18-scalar,12,stride16_scan,scalar,warm,basic,24576,24576,637853568,1661077,250000225,548729576,4,4,0,0,855155596495,0
1,stride16-clang18-scalar-r12-stride16_scan-scalar-warm-branch-134217728,stride16-clang18-scalar,12,stride16_scan,scalar,warm,branch,134217728,134217728,54525952,26,250187055,549139504,4,4,0,0,0,0
1,stride16-clang18-scalar-r12-stride16_scan-scalar-warm-branch-294912,stride16-clang18-scalar,12,stride16_scan,scalar,warm,branch,294912,294912,140608512,30514,250003627,548737020,4,4,0,0,0,0
1,stride16-clang18-scalar-r13-stride16_scan-scalar-warm-branch-294912,stride16-clang18-scalar,13,stride16_scan,scalar,warm,branch,294912,294912,138433536,30042,250004509,548738756,4,4,0,0,0,0
1,stride16-clang18-scalar-r13-stride16_scan-scalar-warm-basic-134217728,stride16-clang18-scalar,13,stride16_scan,scalar,warm,basic,134217728,134217728,54525952,26,250180228,549124532,4,4,0,0,0,0
1,stride16-clang18-scalar-r13-stride16_scan-scalar-warm-basic-98304,stride16-clang18-scalar,13,stride16_scan,scalar,warm,basic,98304,98304,215185920,140095,250000412,548729960,4,4,0,0,3295867535583,0
1,stride16-clang18-scalar-r13-stride16_scan-scalar-warm-basic-12582912,stride16-clang18-scalar,13,stride16_scan,scalar,warm,basic,12582912,12582912,64290816,327,250152020,549062588,4,4,0,0,422486443758418,0
1,stride16-clang18-scalar-r13-stride16_scan-scalar-warm-basic-294912,stride16-clang18-scalar,13,stride16_scan,scalar,warm,basic,294912,294912,147921408,32101,250006820,548744028,4,4,0,0,9946677072228,0
1,stride16-clang18-scalar-r13-stride16_scan-scalar-cache_evicted-basic-33554432,stride16-clang18-scalar,13,stride16_scan,scalar,cache_evicted,basic,33554432,33554432,54525952,104,251884025,552864204,4,4,0,0,0,0
1,stride16-clang18-scalar-r13-stride16_scan-scalar-warm-branch-5242880,stride16-clang18-scalar,13,stride16_scan,scalar,warm,branch,5242880,5242880,94535680,1154,250089132,548924684,4,4,0,0,0,0
1,stride16-clang18-scalar-r13-stride16_scan-scalar-warm-basic-8192,stride16-clang18-scalar,13,stride16_scan,scalar,warm,basic,8192,8192,460404224,3596908,250000192,548729360,4,4,0,0,0,0
1,stride16-clang18-scalar-r13-stride16_scan-scalar-warm-branch-536870912,stride16-clang18-scalar,13,stride16_scan,scalar,warm,branch,536870912,536870912,58720256,7,271553283,596036736,4,4,0,0,18017630930903688,0
1,stride16-clang18-scalar-r13-stride16_scan-scalar-warm-branch-65536,stride16-clang18-scalar,13,stride16_scan,scalar,warm,branch,65536,65536,213114880,208120,250000460,548730092,4,4,0,0,0,0
1,stride16-clang18-scalar-r13-stride16_scan-scalar-warm-basic-524288,stride16-clang18-scalar,13,stride16_scan,scalar,warm,basic,524288,524288,116506624,14222,250004822,548739644,4,4,0,0,0,0
1,stride16-clang18-scalar-r13-stride16_scan-scalar-warm-basic-1048576,stride16-clang18-scalar,13,stride16_scan,scalar,warm,basic,1048576,1048576,116817920,7130,250001684,548732748,4,4,0,0,0,0
1,stride16-clang18-scalar-r13-stride16_scan-scalar-warm-branch-4194304,stride16-clang18-scalar,13,stride16_scan,scalar,warm,branch,4194304,4194304,113836032,1737,250098880,548946004,4,4,0,0,140708269592779,0
1,stride16-clang18-scalar-r13-stride16_scan-scalar-cache_evicted-branch-6291456,stride16-clang18-scalar,13,stride16_scan,scalar,cache_evicted,branch,6291456,6291456,79921152,813,250311096,549411600,4,4,0,0,210652138624001,0
1,stride16-clang18-scalar-r13-stride16_scan-scalar-warm-branch-262144,stride16-clang18-scalar,13,stride16_scan,scalar,warm,branch,262144,262144,161431552,39412,250000869,548730856,4,4,0,0,0,0
1,stride16-clang18-scalar-r13-stride16_scan-scalar-warm-branch-32768,stride16-clang18-scalar,13,stride16_scan,scalar,warm,branch,32768,32768,550733824,1075652,250000309,548729620,4,4,0,0,0,0
1,stride16-clang18-scalar-r13-stride16_scan-scalar-cache_evicted-branch-33554432,stride16-clang18-scalar,13,stride16_scan,scalar,cache_evicted,branch,33554432,33554432,50855936,97,250355134,549508440,4,4,0,0,1124171710728144,0
1,stride16-clang18-scalar-r13-stride16_scan-scalar-cache_evicted-basic-536870912,stride16-clang18-scalar,13,stride16_scan,scalar,cache_evicted,basic,536870912,536870912,58720256,7,286315553,628438644,4,4,0,0,18013077723175416,0
1,stride16-clang18-scalar-r13-stride16_scan-scalar-warm-branch-33554432,stride16-clang18-scalar,13,stride16_scan,scalar,warm,branch,33554432,33554432,52428800,100,252076759,553287260,4,4,0,0,0,0
1,stride16-clang18-scalar-r13-stride16_scan-scalar-warm-basic-24576,stride16-clang18-scalar,13,stride16_scan,scalar,warm,basic,24576,24576,631375872,1644208,250000174,548729308,4,4,0,0,0,0
1,stride16-clang18-scalar-r13-stride16_scan-scalar-warm-basic-393216,stride16-clang18-scalar,13,stride16_scan,scalar,warm,basic,393216,393216,121436160,19765,250001123,548731328,4,4,0,0,13182545055951,0
1,stride16-clang18-scalar-r13-stride16_scan-scalar-warm-branch-8388608,stride16-clang18-scalar,13,stride16_scan,scalar,warm,branch,8388608,8388608,56754176,433,250402523,549612360,4,4,0,0,281492447858777,0
1,stride16-clang18-scalar-r13-stride16_scan-scalar-cache_evicted-branch-262144,stride16-clang18-scalar,13,stride16_scan,scalar,cache_evicted,branch,262144,262144,158879744,38789,250001756,548732800,4,4,0,0,8833929393990,0
1,stride16-clang18-scalar-r13-stride16_scan-scalar-warm-basic-49152,stride16-clang18-scalar,13,stride16_scan,scalar,warm,basic,49152,49152,214731264,279598,250000210,548729412,4,4,0,0,0,0
1,stride16-clang18-scalar-r13-stride16_scan-scalar-warm-basic-2097152,stride16-clang18-scalar,13,stride16_scan,scalar,warm,basic,2097152,2097152,116785152,3564,250051980,548843040,4,4,0,0,0,0
1,stride16-clang18-scalar-r13-stride16_scan-scalar-warm-basic-28672,stride16-clang18-scalar,13,stride16_scan,scalar,warm,basic,28672,28672,643636672,1436689,250000176,548729356,4,4,0,0,971717584350,0
1,stride16-clang18-scalar-r13-stride16_scan-scalar-warm-branch-196608,stride16-clang18-scalar,13,stride16_scan,scalar,warm,branch,196608,196608,237422592,77286,250001861,548733044,4,4,0,0,0,0
1,stride16-clang18-scalar-r13-stride16_scan-scalar-cache_evicted-basic-6291456,stride16-clang18-scalar,13,stride16_scan,scalar,cache_evicted,basic,6291456,6291456,89653248,912,250112031,548974860,4,4,0,0,0,0
1,stride16-clang18-scalar-r13-stride16_scan-scalar-cache_evicted-basic-1048576,stride16-clang18-scalar,13,stride16_scan,scalar,cache_evicted,basic,1048576,1048576,116621312,7118,250008187,548746896,4,4,0,0,0,0
1,stride16-clang18-scalar-r13-stride16_scan-scalar-warm-branch-49152,stride16-clang18-scalar,13,stride16_scan,scalar,warm,branch,49152,49152,212272896,276397,250001020,548731180,4,4,0,0,1659331707816,0
1,stride16-clang18-scalar-r13-stride16_scan-scalar-warm-basic-32768,stride16-clang18-scalar,13,stride16_scan,scalar,warm,basic,32768,32768,592869888,1157949,250000150,548729288,4,4,0,0,1125144036019,0
1,stride16-clang18-scalar-r13-stride16_scan-scalar-warm-branch-16384,stride16-clang18-scalar,13,stride16_scan,scalar,warm,branch,16384,16384,598510080,2337930,250000201,548729384,4,4,0,0,0,0
1,stride16-clang18-scalar-r13-stride16_scan-scalar-warm-branch-229376,stride16-clang18-scalar,13,stride16_scan,scalar,warm,branch,229376,229376,176361472,49208,250001917,548733164,4,4,0,0,0,0
1,stride16-clang18-scalar-r13-stride16_scan-scalar-warm-basic-8388608,stride16-clang18-scalar,13,stride16_scan,scalar,warm,basic,8388608,8388608,77332480,590,250212836,549196092,4,4,0,0,0,0
1,stride16-clang18-scalar-r13-stride16_scan-scalar-cache_evicted-branch-536870912,stride16-clang18-scalar,13,stride16_scan,scalar,cache_evicted,branch,536870912,536870912,58720256,7,274530096,602570596,4,4,0,0,18013077723175416,0
1,stride16-clang18-scalar-r13-stride16_scan-scalar-warm-basic-5242880,stride16-clang18-scalar,13,stride16_scan,scalar,warm,basic,5242880,5242880,115425280,1409,250011212,548753484,4,4,0,0,175887795779108,0
1,stride16-clang18-scalar-r13-stride16_scan-scalar-warm-branch-393216,stride16-clang18-scalar,13,stride16_scan,scalar,warm,branch,393216,393216,116281344,18926,250012538,548756604,4,4,0,0,0,0
1,stride16-clang18-scalar-r13-stride16_scan-scalar-cache_evicted-basic-8388608,stride16-clang18-scalar,13,stride16_scan,scalar,cache_evicted,basic,8388608,8388608,80609280,615,250208433,549186368,4,4,0,0,280798274337946,0
1,stride16-clang18-scalar-r13-stride16_scan-scalar-warm-basic-7340032,stride16-clang18-scalar,13,stride16_scan,scalar,warm,basic,7340032,7340032,88309760,770,250257395,549293904,4,4,0,0,0,0
1,stride16-clang18-scalar-r13-stride16_scan-scalar-warm-branch-6291456,stride16-clang18-scalar,13,stride16_scan,scalar,warm,branch,6291456,6291456,103120896,1049,250026152,548786336,4,4,0,0,211180090289288,0
1,stride16-clang18-scalar-r13-stride16_scan-scalar-warm-branch-24576,stride16-clang18-scalar,13,stride16_scan,scalar,warm,branch,24576,24576,637647744,1660541,250000250,548729524,4,4,0,0,826860986767,0
1,stride16-clang18-scalar-r13-stride16_scan-scalar-cache_evicted-branch-8388608,stride16-clang18-scalar,13,stride16_scan,scalar,cache_evicted,branch,8388608,8388608,78381056,598,250247815,549272808,4,4,0,0,0,0
1,stride16-clang18-scalar-r13-stride16_scan-scalar-warm-branch-28672,stride16-clang18-scalar,13,stride16_scan,scalar,warm,branch,28672,28672,646777152,1443699,250000256,548729448,4,4,0,0,971717584350,0
1,stride16-clang18-scalar-r13-stride16_scan-scalar-warm-basic-229376,stride16-clang18-scalar,13,stride16_scan,scalar,warm,basic,229376,229376,173250560,48340,250001065,548731280,4,4,0,0,0,0
1,stride16-clang18-scalar-r13-stride16_scan-scalar-warm-branch-36864,stride16-clang18-scalar,13,stride16_scan,scalar,warm,branch,36864,36864,204594048,355198,250000141,548729368,4,4,0,0,0,0
1,stride16-clang18-scalar-r13-stride16_scan-scalar-warm-branch-8192,stride16-clang18-scalar,13,stride16_scan,scalar,warm,branch,8192,8192,450029184,3515853,250000152,548729256,4,4,0,0,262227732480,0
1,stride16-clang18-scalar-r13-stride16_scan-scalar-warm-basic-4194304,stride16-clang18-scalar,13,stride16_scan,scalar,warm,basic,4194304,4194304,116588544,1779,250050639,548840092,4,4,0,0,140708269592779,0
1,stride16-clang18-scalar-r13-stride16_scan-scalar-warm-basic-65536,stride16-clang18-scalar,13,stride16_scan,scalar,warm,basic,65536,65536,213032960,208040,250000870,548730960,4,4,0,0,0,0
1,stride16-clang18-scalar-r13-stride16_scan-scalar-warm-basic-33554432,stride16-clang18-scalar,13,stride16_scan,scalar,warm,basic,33554432,33554432,54525952,104,250040361,548817544,4,4,0,0,0,0
1,stride16-clang18-scalar-r13-stride16_scan-scalar-warm-basic-262144,stride16-clang18-scalar,13,stride16_scan,scalar,warm,basic,262144,262144,165507072,40407,250000905,548731036,4,4,0,0,8833051008300,0
1,stride16-clang18-scalar-r13-stride16_scan-scalar-cache_evicted-basic-32768,stride16-clang18-scalar,13,stride16_scan,scalar,cache_evicted,basic,32768,32768,573229056,1119588,250000157,548729324,4,4,0,0,0,0
1,stride16-clang18-scalar-r13-stride16_scan-scalar-warm-branch-12582912,stride16-clang18-scalar,13,stride16_scan,scalar,warm,branch,12582912,12582912,62914560,320,250127069,549007864,4,4,0,0,0,0
1,stride16-clang18-scalar-r13-stride16_scan-scalar-warm-basic-6291456,stride16-clang18-scalar,13,stride16_scan,scalar,warm,basic,6291456,6291456,104103936,1059,250133954,549022968,4,4,0,0,211180090289288,0
1,stride16-clang18-scalar-r13-stride16_scan-scalar-warm-branch-524288,stride16-clang18-scalar,13,stride16_scan,scalar,warm,branch,524288,524288,116523008,14224,250016960,548766176,4,4,0,0,0,0
1,stride16-clang18-scalar-r13-stride16_scan-scalar-warm-branch-2097152,stride16-clang18-scalar,13,stride16_scan,scalar,warm,branch,2097152,2097152,116948992,3569,250056324,548852592,4,4,0,0,70292373046271,0
1,stride16-clang18-scalar-r13-stride16_scan-scalar-cache_evicted-branch-1048576,stride16-clang18-scalar,13,stride16_scan,scalar,cache_evicted,branch,1048576,1048576,116801536,7129,250035116,548806156,4,4,0,0,35235380942867,0
1,stride16-clang18-scalar-r13-stride16_scan-scalar-warm-basic-196608,stride16-clang18-scalar,13,stride16_scan,scalar,warm,basic,196608,196608,203077632,66106,250001446,548732116,4,4,0,0,0,0
1,stride16-clang18-scalar-r13-stride16_scan-scalar-warm-basic-131072,stride16-clang18-scalar,13,stride16_scan,scalar,warm,basic,131072,131072,220504064,107668,250000846,548730944,4,4,0,0,0,0
1,stride16-clang18-scalar-r13-stride16_scan-scalar-cache_evicted-branch-32768,stride16-clang18-scalar,13,stride16_scan,scalar,cache_evicted,branch,32768,32768,608953344,1189362,250000225,548729440,4,4,0,0,0,0
1,stride16-clang18-scalar-r13-stride16_scan-scalar-warm-branch-98304,stride16-clang18-scalar,13,stride16_scan,scalar,warm,branch,98304,98304,214115328,139398,250001690,548732664,4,4,0,0,0,0
1,stride16-clang18-scalar-r13-stride16_scan-scalar-warm-branch-1048576,stride16-clang18-scalar,13,stride16_scan,scalar,warm,branch,1048576,1048576,116817920,7130,250000596,548730360,4,4,0,0,0,0
1,stride16-clang18-scalar-r13-stride16_scan-scalar-warm-branch-134217728,stride16-clang18-scalar,13,stride16_scan,scalar,warm,branch,134217728,134217728,56623104,27,259468862,569512412,4,4,0,0,4505250139450984,0
1,stride16-clang18-scalar-r13-stride16_scan-scalar-warm-branch-131072,stride16-clang18-scalar,13,stride16_scan,scalar,warm,branch,131072,131072,219551744,107203,250001413,548732180,4,4,0,0,4378337230161,0
1,stride16-clang18-scalar-r13-stride16_scan-scalar-warm-basic-36864,stride16-clang18-scalar,13,stride16_scan,scalar,warm,basic,36864,36864,203323392,352992,250000723,548730540,4,4,0,0,0,0
1,stride16-clang18-scalar-r13-stride16_scan-scalar-cache_evicted-basic-262144,stride16-clang18-scalar,13,stride16_scan,scalar,cache_evicted,basic,262144,262144,165928960,40510,250005526,548741068,4,4,0,0,0,0
1,stride16-clang18-scalar-r13-stride16_scan-scalar-warm-basic-536870912,stride16-clang18-scalar,13,stride16_scan,scalar,warm,basic,536870912,536870912,58720256,7,272606165,598347588,4,4,0,0,18017630930903688,0
1,stride16-clang18-scalar-r13-stride16_scan-scalar-warm-basic-16384,stride16-clang18-scalar,13,stride16_scan,scalar,warm,basic,16384,16384,602574592,2353807,250000128,548729240,4,4,0,0,537176199930,0
1,stride16-clang18-scalar-r13-stride16_scan-scalar-warm-branch-7340032,stride16-clang18-scalar,13,stride16_scan,scalar,warm,branch,7340032,7340032,88539136,772,250289663,549364692,4,4,0,0,0,0
1,stride16-clang18-scalar-r14-stride16_scan-scalar-warm-basic-1048576,stride16-clang18-scalar,14,stride16_scan,scalar,warm,basic,1048576,1048576,116801536,7129,250033651,548802940,4,4,0,0,35445455800583,0
1,stride16-clang18-scalar-r14-stride16_scan-scalar-warm-branch-2097152,stride16-clang18-scalar,14,stride16_scan,scalar,warm,branch,2097152,2097152,116948992,3569,250038624,548813844,4,4,0,0,70524451256960,0
1,stride16-clang18-scalar-r14-stride16_scan-scalar-warm-branch-49152,stride16-clang18-scalar,14,stride16_scan,scalar,warm,branch,49152,49152,210110976,273582,250000450,548730056,4,4,0,0,0,0
1,stride16-clang18-scalar-r14-stride16_scan-scalar-cache_evicted-branch-1048576,stride16-clang18-scalar,14,stride16_scan,scalar,cache_evicted,branch,1048576,1048576,116785152,7128,250001847,548733136,4,4,0,0,0,0
1,stride16-clang18-scalar-r14-stride16_scan-scalar-cache_evicted-basic-1048576,stride16-clang18-scalar,14,stride16_scan,scalar,cache_evicted,basic,1048576,1048576,116768768,7127,250031197,548797412,4,4,0,0,35222673498134,0
1,stride16-clang18-scalar-r14-stride16_scan-scalar-cache_evicted-branch-8388608,stride16-clang18-scalar,14,stride16_scan,scalar,cache_evicted,branch,8388608,8388608,78118912,596,250418985,549648504,4,4,0,0,0,0
1,stride16-clang18-scalar-r14-stride16_scan-scalar-warm-branch-134217728,stride16-clang18-scalar,14,stride16_scan,scalar,warm,branch,134217728,134217728,54525952,26,250806943,550499956,4,4,0,0,0,0
1,stride16-clang18-scalar-r14-stride16_scan-scalar-warm-basic-2097152,stride16-clang18-scalar,14,stride16_scan,scalar,warm,basic,2097152,2097152,116981760,3570,250041686,548820436,4,4,0,0,0,0
1,stride16-clang18-scalar-r14-stride16_scan-scalar-warm-branch-6291456,stride16-clang18-scalar,14,stride16_scan,scalar,warm,branch,6291456,6291456,104595456,1064,250045792,548829404,4,4,0,0,0,0
1,stride16-clang18-scalar-r14-stride16_scan-scalar-warm-branch-5242880,stride16-clang18-scalar,14,stride16_scan,scalar,warm,branch,5242880,5242880,114606080,1399,250137580,549030920,4,4,0,0,176159731573258,0
1,stride16-clang18-scalar-r14-stride16_scan-scalar-cache_evicted-branch-536870912,stride16-clang18-scalar,14,stride16_scan,scalar,cache_evicted,branch,536870912,536870912,58720256,7,273382982,600052748,4,4,0,0,18005806201385583,0
1,stride16-clang18-scalar-r14-stride16_scan-scalar-warm-branch-262144,stride16-clang18-scalar,14,stride16_scan,scalar,warm,branch,262144,262144,158105600,38600,250004796,548739588,4,4,0,0,0,0
1,stride16-clang18-scalar-r14-stride16_scan-scalar-cache_evicted-branch-262144,stride16-clang18-scalar,14,stride16_scan,scalar,cache_evicted,branch,262144,262144,152772608,37298,250005475,548740984,4,4,0,0,0,0
1,stride16-clang18-scalar-r14-stride16_scan-scalar-warm-branch-36864,stride16-clang18-scalar,14,stride16_scan,scalar,warm,branch,36864,36864,206551296,358596,250000330,548729756,4,4,0,0,0,0
1,stride16-clang18-scalar-r14-stride16_scan-scalar-cache_evicted-basic-33554432,stride16-clang18-scalar,14,stride16_scan,scalar,cache_evicted,basic,33554432,33554432,55574528,106,252057294,553244552,4,4,0,0,0,0
1,stride16-clang18-scalar-r14-stride16_scan-scalar-warm-branch-229376,stride16-clang18-scalar,14,stride16_scan,scalar,warm,branch,229376,229376,204818432,57148,250002811,548735112,4,4,0,0,0,0
1,stride16-clang18-scalar-r14-stride16_scan-scalar-warm-branch-65536,stride16-clang18-scalar,14,stride16_scan,scalar,warm,branch,65536,65536,212839424,207851,250000376,548729880,4,4,0,0,2212257124316,0
1,stride16-clang18-scalar-r14-stride16_scan-scalar-warm-branch-294912,stride16-clang18-scalar,14,stride16_scan,scalar,warm,branch,294912,294912,138143232,29979,250006086,548742300,4,4,0,0,9920075125499,0
1,stride16-clang18-scalar-r14-stride16_scan-scalar-warm-basic-262144,stride16-clang18-scalar,14,stride16_scan,scalar,warm,basic,262144,262144,137273344,33514,250003308,548736200,4,4,0,0,0,0
1,stride16-clang18-scalar-r14-stride16_scan-scalar-warm-branch-524288,stride16-clang18-scalar,14,stride16_scan,scalar,warm,branch,524288,524288,116531200,14225,250012446,548756368,4,4,0,0,17739237194517,0
1,stride16-clang18-scalar-r14-stride16_scan-scalar-warm-branch-98304,stride16-clang18-scalar,14,stride16_scan,scalar,warm,branch,98304,98304,216642048,141043,250001169,548731624,4,4,0,0,3313512915630,0
1,stride16-clang18-scalar-r14-stride16_scan-scalar-warm-branch-28672,stride16-clang18-scalar,14,stride16_scan,scalar,warm,branch,28672,28672,649084800,1448850,250000169,548729444,4,4,0,0,0,0
1,stride16-clang18-scalar-r14-stride16_scan-scalar-warm-branch-196608,stride16-clang18-scalar,14,stride16_scan,scalar,warm,branch,196608,196608,232470528,75674,250003235,548736156,4,4,0,0,0,0
1,stride16-clang18-scalar-r14-stride16_scan-scalar-warm-branch-393216,stride16-clang18-scalar,14,stride16_scan,scalar,warm,branch,393216,393216,121780224,19821,250010598,548752348,4,4,0,0,13220905220628,0
1,stride16-clang18-scalar-r14-stride16_scan-scalar-cache_evicted-branch-32768,stride16-clang18-scalar,14,stride16_scan,scalar,cache_evicted,branch,32768,32768,589984768,1152314,250000239,548729608,4,4,0,0,0,0
1,stride16-clang18-scalar-r14-stride16_scan-scalar-warm-basic-98304,stride16-clang18-scalar,14,stride16_scan,scalar,warm,basic,98304,98304,216780288,141133,250000142,548729396,4,4,0,0,3313512915630,0
1,stride16-clang18-scalar-r14-stride16_scan-scalar-cache_evicted-basic-536870912,stride16-clang18-scalar,14,stride16_scan,scalar,cache_evicted,basic,536870912,536870912,58720256,7,272698380,598550128,4,4,0,0,18005806201385583,0
1,stride16-clang18-scalar-r14-stride16_scan-scalar-warm-branch-32768,stride16-clang18-scalar,14,stride16_scan,scalar,warm,branch,32768,32768,578460672,1129806,250000084,548729268,4,4,0,0,0,0
1,stride16-clang18-scalar-r14-stride16_scan-scalar-warm-branch-24576,stride16-clang18-scalar,14,stride16_scan,scalar,warm,branch,24576,24576,637834752,1661028,250000134,548729344,4,4,0,0,0,0
1,stride16-clang18-scalar-r14-stride16_scan-scalar-warm-basic-229376,stride16-clang18-scalar,14,stride16_scan,scalar,warm,basic,229376,229376,159566848,44522,250002995,548735656,4,4,0,0,0,0
1,stride16-clang18-scalar-r14-stride16_scan-scalar-warm-branch-131072,stride16-clang18-scalar,14,stride16_scan,scalar,warm,branch,131072,131072,220477440,107655,250002106,548733676,4,4,0,0,4418185298320,0
1,stride16-clang18-scalar-r14-stride16_scan-scalar-warm-basic-65536,stride16-clang18-scalar,14,stride16_scan,scalar,warm,basic,65536,65536,210759680,205820,250000484,548729620,4,4,0,0,0,0
1,stride16-clang18-scalar-r14-stride16_scan-scalar-warm-basic-16384,stride16-clang18-scalar,14,stride16_scan,scalar,warm,basic,16384,16384,598581760,2338210,250000224,548729468,4,4,0,0,0,0
1,stride16-clang18-scalar-r14-stride16_scan-scalar-warm-basic-131072,stride16-clang18-scalar,14,stride16_scan,scalar,warm,basic,131072,131072,223694848,109226,250001680,548732748,4,4,0,0,0,0
1,stride16-clang18-scalar-r14-stride16_scan-scalar-cache_evicted-basic-8388608,stride16-clang18-scalar,14,stride16_scan,scalar,cache_evicted,basic,8388608,8388608,79560704,607,250374382,549550648,4,4,0,0,281407341389876,0
1,stride16-clang18-scalar-r14-stride16_scan-scalar-warm-basic-24576,stride16-clang18-scalar,14,stride16_scan,scalar,warm,basic,24576,24576,637820544,1660991,250000207,548729532,4,4,0,0,810872558222,0
1,stride16-clang18-scalar-r14-stride16_scan-scalar-warm-branch-536870912,stride16-clang18-scalar,14,stride16_scan,scalar,warm,branch,536870912,536870912,58720256,7,272366196,597820824,4,4,0,0,18012043869098383,0
1,stride16-clang18-scalar-r14-stride16_scan-scalar-warm-basic-134217728,stride16-clang18-scalar,14,stride16_scan,scalar,warm,basic,134217728,134217728,54525952,26,252654182,554554612,4,4,0,0,0,0
1,stride16-clang18-scalar-r14-stride16_scan-scalar-cache_evicted-branch-33554432,stride16-clang18-scalar,14,stride16_scan,scalar,cache_evicted,branch,33554432,33554432,55574528,106,251759448,552590792,4,4,0,0,0,0
1,stride16-clang18-scalar-r14-stride16_scan-scalar-warm-basic-8192,stride16-clang18-scalar,14,stride16_scan,scalar,warm,basic,8192,8192,457379712,3573279,250000110,548729292,4,4,0,0,290569373123,0
1,stride16-clang18-scalar-r14-stride16_scan-scalar-cache_evicted-branch-6291456,stride16-clang18-scalar,14,stride16_scan,scalar,cache_evicted,branch,6291456,6291456,101646336,1034,250117499,548986864,4,4,0,0,0,0
1,stride16-clang18-scalar-r14-stride16_scan-scalar-warm-basic-33554432,stride16-clang18-scalar,14,stride16_scan,scalar,warm,basic,33554432,33554432,55574528,106,252133046,553410788,4,4,0,0,0,0
1,stride16-clang18-scalar-r14-stride16_scan-scalar-warm-basic-49152,stride16-clang18-scalar,14,stride16_scan,scalar,warm,basic,49152,49152,210130944,273608,250000912,548731052,4,4,0,0,0,0
1,stride16-clang18-scalar-r14-stride16_scan-scalar-warm-basic-5242880,stride16-clang18-scalar,14,stride16_scan,scalar,warm,basic,5242880,5242880,107069440,1307,250159221,549078416,4,4,0,0,176159731573258,0
1,stride16-clang18-scalar-r14-stride16_scan-scalar-warm-basic-12582912,stride16-clang18-scalar,14,stride16_scan,scalar,warm,basic,12582912,12582912,62521344,318,250326850,549446344,4,4,0,0,0,0
1,stride16-clang18-scalar-r14-stride16_scan-scalar-warm-branch-1048576,stride16-clang18-scalar,14,stride16_scan,scalar,warm,branch,1048576,1048576,116736000,7125,250008671,548748096,4,4,0,0,35445455800583,0
1,stride16-clang18-scalar-r14-stride16_scan-scalar-warm-basic-294912,stride16-clang18-scalar,14,stride16_scan,scalar,warm,basic,294912,294912,136078848,29531,250000695,548730576,4,4,0,0,9920075125499,0
1,stride16-clang18-scalar-r14-stride16_scan-scalar-warm-basic-6291456,stride16-clang18-scalar,14,stride16_scan,scalar,warm,basic,6291456,6291456,96043008,977,250091117,548928928,4,4,0,0,211171888578946,0
1,stride16-clang18-scalar-r14-stride16_scan-scalar-warm-basic-32768,stride16-clang18-scalar,14,stride16_scan,scalar,warm,basic,32768,32768,570458624,1114177,250000134,548729264,4,4,0,0,1093554888686,0
1,stride16-clang18-scalar-r14-stride16_scan-scalar-warm-branch-33554432,stride16-clang18-scalar,14,stride16_scan,scalar,warm,branch,33554432,33554432,55050240,105,250592138,550028644,4,4,0,0,1126150350437215,0
1,stride16-clang18-scalar-r14-stride16_scan-scalar-warm-branch-8388608,stride16-clang18-scalar,14,stride16_scan,scalar,warm,branch,8388608,8388608,80347136,613,250109787,548969936,4,4,0,0,281626249456134,0
1,stride16-clang18-scalar-r14-stride16_scan-scalar-warm-basic-393216,stride16-clang18-scalar,14,stride16_scan,scalar,warm,basic,393216,393216,116312064,18931,250009727,548750400,4,4,0,0,13220905220628,0
1,stride16-clang18-scalar-r14-stride16_scan-scalar-warm-basic-4194304,stride16-clang18-scalar,14,stride16_scan,scalar,warm,basic,4194304,4194304,115146752,1757,250002608,548734652,4,4,0,0,140737569162827,0
1,stride16-clang18-scalar-r14-stride16_scan-scalar-warm-basic-36864,stride16-clang18-scalar,14,stride16_scan,scalar,warm,basic,36864,36864,204728256,355431,250000441,548729920,4,4,0,0,1235356434647,0
1,stride16-clang18-scalar-r14-stride16_scan-scalar-warm-basic-8388608,stride16-clang18-scalar,14,stride16_scan,scalar,warm,basic,8388608,8388608,79429632,606,250250108,549277908,4,4,0,0,0,0
1,stride16-clang18-scalar-r14-stride16_scan-scalar-cache_evicted-basic-6291456,stride16-clang18-scalar,14,stride16_scan,scalar,cache_evicted,basic,6291456,6291456,99778560,1015,250131151,549016776,4,4,0,0,211168331488334,0
1,stride16-clang18-scalar-r14-stride16_scan-scalar-warm-branch-7340032,stride16-clang18-scalar,14,stride16_scan,scalar,warm,branch,7340032,7340032,88768512,774,250273804,549329916,4,4,0,0,0,0
1,stride16-clang18-scalar-r14-stride16_scan-scalar-cache_evicted-basic-32768,stride16-clang18-scalar,14,stride16_scan,scalar,cache_evicted,basic,32768,32768,594007552,1160171,250000244,548729480,4,4,0,0,1130824352542,0
1,stride16-clang18-scalar-r14-stride16_scan-scalar-warm-branch-4194304,stride16-clang18-scalar,14,stride16_scan,scalar,warm,branch,4194304,4194304,114098176,1741,250031620,548798460,4,4,0,0,140737569162827,0
1,stride16-clang18-scalar-r14-stride16_scan-scalar-warm-basic-524288,stride16-clang18-scalar,14,stride16_scan,scalar,warm,basic,524288,524288,116523008,14224,250000472,548730104,4,4,0,0,0,0
1,stride16-clang18-scalar-r14-stride16_scan-scalar-warm-basic-536870912,stride16-clang18-scalar,14,stride16_scan,scalar,warm,basic,536870912,536870912,58720256,7,272224602,597510200,4,4,0,0,18012043869098383,0
1,stride16-clang18-scalar-r14-stride16_scan-scalar-warm-basic-7340032,stride16-clang18-scalar,14,stride16_scan,scalar,warm,basic,7340032,7340032,87851008,766,250236434,549247836,4,4,0,0,0,0
1,stride16-clang18-scalar-r14-stride16_scan-scalar-warm-branch-12582912,stride16-clang18-scalar,14,stride16_scan,scalar,warm,branch,12582912,12582912,63111168,321,250403340,549614220,4,4,0,0,422402534426723,0
1,stride16-clang18-scalar-r14-stride16_scan-scalar-warm-basic-196608,stride16-clang18-scalar,14,stride16_scan,scalar,warm,basic,196608,196608,230842368,75144,250003104,548735768,4,4,0,0,0,0
1,stride16-clang18-scalar-r14-stride16_scan-scalar-warm-basic-28672,stride16-clang18-scalar,14,stride16_scan,scalar,warm,basic,28672,28672,647026240,1444255,250000119,548729340,4,4,0,0,945805672421,0
1,stride16-clang18-scalar-r14-stride16_scan-scalar-cache_evicted-basic-262144,stride16-clang18-scalar,14,stride16_scan,scalar,cache_evicted,basic,262144,262144,163184640,39840,250004704,548739404,4,4,0,0,0,0
1,stride16-clang18-scalar-r14-stride16_scan-scalar-warm-branch-8192,stride16-clang18-scalar,14,stride16_scan,scalar,warm,branch,8192,8192,457457792,3573889,250000124,548729328,4,4,0,0,290569373123,0
1,stride16-clang18-scalar-r14-stride16_scan-scalar-warm-branch-16384,stride16-clang18-scalar,14,stride16_scan,scalar,warm,branch,16384,16384,601766656,2350651,250000128,548729228,4,4,0,0,558049151577,0
