schema_version,sample_id,build_id,round,mode,implementation,state,perf_profile,footprint_bytes,physical_footprint_bytes,logical_operations,passes,wall_ns,tsc_ticks,cpu_before,cpu_after,minor_faults,major_faults,checksum,first_touch_exception
1,stride16-gcc13-auto-r0-stride16_scan-auto-warm-branch-65536,stride16-gcc13-auto,0,stride16_scan,auto,warm,branch,65536,65536,202728448,197977,250001276,548731244,4,4,0,0,2211460699481,0
1,stride16-gcc13-auto-r0-stride16_scan-auto-warm-basic-4194304,stride16-gcc13-auto,0,stride16_scan,auto,warm,basic,4194304,4194304,111935488,1708,250019818,548772392,4,4,0,0,0,0
1,stride16-gcc13-auto-r0-stride16_scan-auto-cache_evicted-branch-536870912,stride16-gcc13-auto,0,stride16_scan,auto,cache_evicted,branch,536870912,536870912,58720256,7,270830754,594450544,4,4,0,0,18015042600573679,0
1,stride16-gcc13-auto-r0-stride16_scan-auto-cache_evicted-basic-536870912,stride16-gcc13-auto,0,stride16_scan,auto,cache_evicted,basic,536870912,536870912,58720256,7,271021421,594869008,4,4,0,0,18015042600573679,0
1,stride16-gcc13-auto-r0-stride16_scan-auto-warm-branch-5242880,stride16-gcc13-auto,0,stride16_scan,auto,warm,branch,5242880,5242880,91914240,1122,250063105,548867260,4,4,0,0,0,0
1,stride16-gcc13-auto-r0-stride16_scan-auto-warm-basic-5242880,stride16-gcc13-auto,0,stride16_scan,auto,warm,basic,5242880,5242880,86999040,1062,250195460,549157764,4,4,0,0,0,0
1,stride16-gcc13-auto-r0-stride16_scan-auto-warm-basic-7340032,stride16-gcc13-auto,0,stride16_scan,auto,warm,basic,7340032,7340032,67436544,588,250149956,549057924,4,4,0,0,0,0
1,stride16-gcc13-auto-r0-stride16_scan-auto-warm-basic-36864,stride16-gcc13-auto,0,stride16_scan,auto,warm,basic,36864,36864,195475392,339367,250000810,548730692,4,4,0,0,1251772322871,0
1,stride16-gcc13-auto-r0-stride16_scan-auto-warm-branch-33554432,stride16-gcc13-auto,0,stride16_scan,auto,warm,branch,33554432,33554432,54001664,103,250553314,549943356,4,4,0,0,1126673945468506,0
1,stride16-gcc13-auto-r0-stride16_scan-auto-warm-branch-8192,stride16-gcc13-auto,0,stride16_scan,auto,warm,branch,8192,8192,261106688,2039896,250000141,548729228,4,4,0,0,0,0
1,stride16-gcc13-auto-r0-stride16_scan-auto-warm-basic-393216,stride16-gcc13-auto,0,stride16_scan,auto,warm,basic,393216,393216,111716352,18183,250013029,548757308,4,4,0,0,13163560371852,0
1,stride16-gcc13-auto-r0-stride16_scan-auto-warm-basic-28672,stride16-gcc13-auto,0,stride16_scan,auto,warm,basic,28672,28672,330747200,738275,250000261,548729616,4,4,0,0,976161499717,0
1,stride16-gcc13-auto-r0-stride16_scan-auto-warm-basic-6291456,stride16-gcc13-auto,0,stride16_scan,auto,warm,basic,6291456,6291456,82968576,844,250166697,549094788,4,4,0,0,0,0
1,stride16-gcc13-auto-r0-stride16_scan-auto-warm-basic-294912,stride16-gcc13-auto,0,stride16_scan,auto,warm,basic,294912,294912,131922432,28629,250000651,548730348,4,4,0,0,9959122970823,0
1,stride16-gcc13-auto-r0-stride16_scan-auto-warm-branch-24576,stride16-gcc13-auto,0,stride16_scan,auto,warm,branch,24576,24576,331173888,862432,250000182,548729284,4,4,0,0,0,0
1,stride16-gcc13-auto-r0-stride16_scan-auto-warm-basic-32768,stride16-gcc13-auto,0,stride16_scan,auto,warm,basic,32768,32768,326824448,638329,250000243,548729456,4,4,0,0,1103962522432,0
1,stride16-gcc13-auto-r0-stride16_scan-auto-warm-basic-8388608,stride16-gcc13-auto,0,stride16_scan,auto,warm,basic,8388608,8388608,74842112,571,250436440,549686732,4,4,0,0,282530597735604,0
1,stride16-gcc13-auto-r0-stride16_scan-auto-cache_evicted-branch-6291456,stride16-gcc13-auto,0,stride16_scan,auto,cache_evicted,branch,6291456,6291456,80707584,821,250080000,548904148,4,4,0,0,210920685449919,0
1,stride16-gcc13-auto-r0-stride16_scan-auto-warm-branch-28672,stride16-gcc13-auto,0,stride16_scan,auto,warm,branch,28672,28672,330754816,738292,250000334,548729780,4,4,0,0,0,0
1,stride16-gcc13-auto-r0-stride16_scan-auto-warm-basic-131072,stride16-gcc13-auto,0,stride16_scan,auto,warm,basic,131072,131072,208285696,101702,250000395,548729916,4,4,0,0,0,0
1,stride16-gcc13-auto-r0-stride16_scan-auto-warm-basic-524288,stride16-gcc13-auto,0,stride16_scan,auto,warm,basic,524288,524288,111845376,13653,250002948,548735520,4,4,0,0,17635518056580,0
1,stride16-gcc13-auto-r0-stride16_scan-auto-warm-branch-36864,stride16-gcc13-auto,0,stride16_scan,auto,warm,branch,36864,36864,197792064,343389,250000604,548730236,4,4,0,0,1251772322871,0
1,stride16-gcc13-auto-r0-stride16_scan-auto-warm-basic-98304,stride16-gcc13-auto,0,stride16_scan,auto,warm,basic,98304,98304,205095936,133526,250000950,548730812,4,4,0,0,0,0
1,stride16-gcc13-auto-r0-stride16_scan-auto-warm-branch-536870912,stride16-gcc13-auto,0,stride16_scan,auto,warm,branch,536870912,536870912,58720256,7,270901789,594606468,4,4,0,0,18006694042731052,0
1,stride16-gcc13-auto-r0-stride16_scan-auto-warm-branch-134217728,stride16-gcc13-auto,0,stride16_scan,auto,warm,branch,134217728,134217728,56623104,27,258889713,568240952,4,4,0,0,4503877605846831,0
1,stride16-gcc13-auto-r0-stride16_scan-auto-warm-basic-229376,stride16-gcc13-auto,0,stride16_scan,auto,warm,basic,229376,229376,168243712,46943,250003615,548736840,4,4,0,0,7738132306021,0
1,stride16-gcc13-auto-r0-stride16_scan-auto-warm-branch-49152,stride16-gcc13-auto,0,stride16_scan,auto,warm,branch,49152,49152,202230528,263321,250000170,548729288,4,4,0,0,1698083955936,0
1,stride16-gcc13-auto-r0-stride16_scan-auto-warm-branch-393216,stride16-gcc13-auto,0,stride16_scan,auto,warm,branch,393216,393216,116692992,18993,250009920,548750492,4,4,0,0,13163560371852,0
1,stride16-gcc13-auto-r0-stride16_scan-auto-warm-branch-196608,stride16-gcc13-auto,0,stride16_scan,auto,warm,branch,196608,196608,219697152,71516,250001943,548733032,4,4,0,0,0,0
1,stride16-gcc13-auto-r0-stride16_scan-auto-cache_evicted-basic-8388608,stride16-gcc13-auto,0,stride16_scan,auto,cache_evicted,basic,8388608,8388608,75497472,576,250048967,548836196,4,4,0,0,0,0
1,stride16-gcc13-auto-r0-stride16_scan-auto-warm-branch-262144,stride16-gcc13-auto,0,stride16_scan,auto,warm,branch,262144,262144,172417024,42094,250000815,548730840,4,4,0,0,0,0
1,stride16-gcc13-auto-r0-stride16_scan-auto-warm-branch-294912,stride16-gcc13-auto,0,stride16_scan,auto,warm,branch,294912,294912,130917888,28411,250000688,548730428,4,4,0,0,9959122970823,0
1,stride16-gcc13-auto-r0-stride16_scan-auto-warm-basic-33554432,stride16-gcc13-auto,0,stride16_scan,auto,warm,basic,33554432,33554432,55574528,106,252152425,553453272,4,4,0,0,0,0
1,stride16-gcc13-auto-r0-stride16_scan-auto-warm-branch-4194304,stride16-gcc13-auto,0,stride16_scan,auto,warm,branch,4194304,4194304,111214592,1697,250024065,548781540,4,4,0,0,141368020905390,0
1,stride16-gcc13-auto-r0-stride16_scan-auto-warm-basic-1048576,stride16-gcc13-auto,0,stride16_scan,auto,warm,basic,1048576,1048576,112164864,6846,250023604,548780868,4,4,0,0,0,0
1,stride16-gcc13-auto-r0-stride16_scan-auto-warm-branch-16384,stride16-gcc13-auto,0,stride16_scan,auto,warm,branch,16384,16384,315030784,1230589,250000130,548729344,4,4,0,0,565111506682,0
1,stride16-gcc13-auto-r0-stride16_scan-auto-cache_evicted-basic-262144,stride16-gcc13-auto,0,stride16_scan,auto,cache_evicted,basic,262144,262144,134656000,32875,250003248,548735864,4,4,0,0,8842951601924,0
1,stride16-gcc13-auto-r0-stride16_scan-auto-warm-basic-65536,stride16-gcc13-auto,0,stride16_scan,auto,warm,basic,65536,65536,201249792,196533,250000560,548729956,4,4,0,0,2211460699481,0
1,stride16-gcc13-auto-r0-stride16_scan-auto-cache_evicted-branch-33554432,stride16-gcc13-auto,0,stride16_scan,auto,cache_evicted,branch,33554432,33554432,55574528,106,252065658,553262520,4,4,0,0,0,0
1,stride16-gcc13-auto-r0-stride16_scan-auto-warm-branch-7340032,stride16-gcc13-auto,0,stride16_scan,auto,warm,branch,7340032,7340032,83951616,732,250331157,549455620,4,4,0,0,0,0
1,stride16-gcc13-auto-r0-stride16_scan-auto-warm-branch-8388608,stride16-gcc13-auto,0,stride16_scan,auto,warm,branch,8388608,8388608,76152832,581,250238612,549252420,4,4,0,0,282530597735604,0
1,stride16-gcc13-auto-r0-stride16_scan-auto-warm-basic-49152,stride16-gcc13-auto,0,stride16_scan,auto,warm,basic,49152,49152,201256704,262053,250000740,548730632,4,4,0,0,1698083955936,0
1,stride16-gcc13-auto-r0-stride16_scan-auto-warm-basic-16384,stride16-gcc13-auto,0,stride16_scan,auto,warm,basic,16384,16384,314112512,1227002,250000345,548729620,4,4,0,0,0,0
1,stride16-gcc13-auto-r0-stride16_scan-auto-cache_evicted-branch-1048576,stride16-gcc13-auto,0,stride16_scan,auto,cache_evicted,branch,1048576,1048576,112132096,6844,250015710,548763388,4,4,0,0,0,0
1,stride16-gcc13-auto-r0-stride16_scan-auto-warm-branch-2097152,stride16-gcc13-auto,0,stride16_scan,auto,warm,branch,2097152,2097152,112164864,3423,250012034,548755136,4,4,0,0,70689683411531,0
1,stride16-gcc13-auto-r0-stride16_scan-auto-warm-basic-262144,stride16-gcc13-auto,0,stride16_scan,auto,warm,basic,262144,262144,162484224,39669,250002348,548733904,4,4,0,0,8846565440051,0
1,stride16-gcc13-auto-r0-stride16_scan-auto-warm-basic-2097152,stride16-gcc13-auto,0,stride16_scan,auto,warm,basic,2097152,2097152,112230400,3425,250021740,548776612,4,4,0,0,70689683411531,0
1,stride16-gcc13-auto-r0-stride16_scan-auto-warm-branch-524288,stride16-gcc13-auto,0,stride16_scan,auto,warm,branch,524288,524288,111894528,13659,250003454,548736644,4,4,0,0,17635518056580,0
1,stride16-gcc13-auto-r0-stride16_scan-auto-warm-branch-229376,stride16-gcc13-auto,0,stride16_scan,auto,warm,branch,229376,229376,164466176,45889,250005280,548740376,4,4,0,0,7738132306021,0
1,stride16-gcc13-auto-r0-stride16_scan-auto-warm-basic-24576,stride16-gcc13-auto,0,stride16_scan,auto,warm,basic,24576,24576,336387456,876009,250000168,548729420,4,4,0,0,829473446522,0
1,stride16-gcc13-auto-r0-stride16_scan-auto-cache_evicted-basic-1048576,stride16-gcc13-auto,0,stride16_scan,auto,cache_evicted,basic,1048576,1048576,112132096,6844,250026715,548787556,4,4,0,0,0,0
1,stride16-gcc13-auto-r0-stride16_scan-auto-warm-basic-134217728,stride16-gcc13-auto,0,stride16_scan,auto,warm,basic,134217728,134217728,56623104,27,258833645,568117872,4,4,0,0,4503877605846831,0
1,stride16-gcc13-auto-r0-stride16_scan-auto-cache_evicted-basic-33554432,stride16-gcc13-auto,0,stride16_scan,auto,cache_evicted,basic,33554432,33554432,54001664,103,250949521,550812900,4,4,0,0,1126183803982906,0
1,stride16-gcc13-auto-r0-stride16_scan-auto-warm-basic-12582912,stride16-gcc13-auto,0,stride16_scan,auto,warm,basic,12582912,12582912,61145088,311,250266465,549313612,4,4,0,0,423455210179455,0
1,stride16-gcc13-auto-r0-stride16_scan-auto-cache_evicted-basic-6291456,stride16-gcc13-auto,0,stride16_scan,auto,cache_evicted,basic,6291456,6291456,97910784,996,250081079,548906600,4,4,0,0,0,0
1,stride16-gcc13-auto-r0-stride16_scan-auto-cache_evicted-basic-32768,stride16-gcc13-auto,0,stride16_scan,auto,cache_evicted,basic,32768,32768,327834624,640302,250000506,548729992,4,4,0,0,0,0
1,stride16-gcc13-auto-r0-stride16_scan-auto-cache_evicted-branch-262144,stride16-gcc13-auto,0,stride16_scan,auto,cache_evicted,branch,262144,262144,155746304,38024,250000812,548730528,4,4,0,0,0,0
1,stride16-gcc13-auto-r0-stride16_scan-auto-cache_evicted-branch-8388608,stride16-gcc13-auto,0,stride16_scan,auto,cache_evicted,branch,8388608,8388608,77070336,588,250343190,549482104,4,4,0,0,0,0
1,stride16-gcc13-auto-r0-stride16_scan-auto-warm-branch-98304,stride16-gcc13-auto,0,stride16_scan,auto,warm,branch,98304,98304,204171264,132924,250000416,548729828,4,4,0,0,0,0
1,stride16-gcc13-auto-r0-stride16_scan-auto-warm-basic-536870912,stride16-gcc13-auto,0,stride16_scan,auto,warm,basic,536870912,536870912,58720256,7,271033349,594895208,4,4,0,0,18006694042731052,0
1,stride16-gcc13-auto-r0-stride16_scan-auto-warm-branch-6291456,stride16-gcc13-auto,0,stride16_scan,auto,warm,branch,6291456,6291456,83558400,850,250101342,548951204,4,4,0,0,0,0
1,stride16-gcc13-auto-r0-stride16_scan-auto-warm-branch-1048576,stride16-gcc13-auto,0,stride16_scan,auto,warm,branch,1048576,1048576,112164864,6846,250019883,548772552,4,4,0,0,0,0
1,stride16-gcc13-auto-r0-stride16_scan-auto-warm-branch-131072,stride16-gcc13-auto,0,stride16_scan,auto,warm,branch,131072,131072,209879040,102480,250002366,548734248,4,4,0,0,0,0
1,stride16-gcc13-auto-r0-stride16_scan-auto-warm-basic-196608,stride16-gcc13-auto,0,stride16_scan,auto,warm,basic,196608,196608,220677120,71835,250002721,548734856,4,4,0,0,6667115048227,0
1,stride16-gcc13-auto-r0-stride16_scan-auto-warm-basic-8192,stride16-gcc13-auto,0,stride16_scan,auto,warm,basic,8192,8192,262442496,2050332,250000152,548729388,4,4,0,0,0,0
1,stride16-gcc13-auto-r0-stride16_scan-auto-cache_evicted-branch-32768,stride16-gcc13-auto,0,stride16_scan,auto,cache_evicted,branch,32768,32768,326718464,638122,250000240,548729468,4,4,0,0,0,0
1,stride16-gcc13-auto-r0-stride16_scan-auto-warm-branch-12582912,stride16-gcc13-auto,0,stride16_scan,auto,warm,branch,12582912,12582912,57409536,292,250287915,549360700,4,4,0,0,0,0
1,stride16-gcc13-auto-r0-stride16_scan-auto-warm-branch-32768,stride16-gcc13-auto,0,stride16_scan,auto,warm,branch,32768,32768,326579712,637851,250000345,548729468,4,4,0,0,1103962522432,0
1,stride16-gcc13-auto-r1-stride16_scan-auto-warm-branch-536870912,stride16-gcc13-auto,1,stride16_scan,auto,warm,branch,536870912,536870912,58720256,7,271114429,595073092,4,4,0,0,18013998530839609,0
1,stride16-gcc13-auto-r1-stride16_scan-auto-warm-basic-1048576,stride16-gcc13-auto,1,stride16_scan,auto,warm,basic,1048576,1048576,112148480,6845,250000376,548729608,4,4,0,0,34910553176740,0
1,stride16-gcc13-auto-r1-stride16_scan-auto-warm-basic-12582912,stride16-gcc13-auto,1,stride16_scan,auto,warm,basic,12582912,12582912,61538304,313,250751656,550378724,4,4,0,0,421428453443259,0
1,stride16-gcc13-auto-r1-stride16_scan-auto-warm-branch-24576,stride16-gcc13-auto,1,stride16_scan,auto,warm,branch,24576,24576,334867968,872052,250000480,548729784,4,4,0,0,0,0
1,stride16-gcc13-auto-r1-stride16_scan-auto-warm-basic-8192,stride16-gcc13-auto,1,stride16_scan,auto,warm,basic,8192,8192,263227008,2056461,250000246,548729224,4,4,0,0,288938756522,0
1,stride16-gcc13-auto-r1-stride16_scan-auto-warm-basic-134217728,stride16-gcc13-auto,1,stride16_scan,auto,warm,basic,134217728,134217728,56623104,27,258948181,568369416,4,4,0,0,4503114319312443,0
1,stride16-gcc13-auto-r1-stride16_scan-auto-warm-basic-36864,stride16-gcc13-auto,1,stride16_scan,auto,warm,basic,36864,36864,212239872,368472,250000163,548729280,4,4,0,0,0,0
1,stride16-gcc13-auto-r1-stride16_scan-auto-warm-branch-294912,stride16-gcc13-auto,1,stride16_scan,auto,warm,branch,294912,294912,138825216,30127,250007172,548744804,4,4,0,0,9981269687085,0
1,stride16-gcc13-auto-r1-stride16_scan-auto-cache_evicted-branch-536870912,stride16-gcc13-auto,1,stride16_scan,auto,cache_evicted,branch,536870912,536870912,58720256,7,273172654,599590800,4,4,0,0,18015631118446742,0
1,stride16-gcc13-auto-r1-stride16_scan-auto-warm-basic-65536,stride16-gcc13-auto,1,stride16_scan,auto,warm,basic,65536,65536,201583616,196859,250001095,548731324,4,4,0,0,2271258088339,0
1,stride16-gcc13-auto-r1-stride16_scan-auto-warm-branch-33554432,stride16-gcc13-auto,1,stride16_scan,auto,warm,branch,33554432,33554432,54001664,103,250335828,549465852,4,4,0,0,1125097237269974,0
1,stride16-gcc13-auto-r1-stride16_scan-auto-cache_evicted-branch-262144,stride16-gcc13-auto,1,stride16_scan,auto,cache_evicted,branch,262144,262144,162963456,39786,250003042,548735728,4,4,0,0,0,0
1,stride16-gcc13-auto-r1-stride16_scan-auto-warm-branch-134217728,stride16-gcc13-auto,1,stride16_scan,auto,warm,branch,134217728,134217728,54525952,26,250735260,550342732,4,4,0,0,0,0
1,stride16-gcc13-auto-r1-stride16_scan-auto-warm-basic-294912,stride16-gcc13-auto,1,stride16_scan,auto,warm,basic,294912,294912,122259456,26532,250007891,548746400,4,4,0,0,0,0
1,stride16-gcc13-auto-r1-stride16_scan-auto-warm-basic-536870912,stride16-gcc13-auto,1,stride16_scan,auto,warm,basic,536870912,536870912,58720256,7,273139447,599518068,4,4,0,0,18013998530839609,0
1,stride16-gcc13-auto-r1-stride16_scan-auto-cache_evicted-basic-32768,stride16-gcc13-auto,1,stride16_scan,auto,cache_evicted,basic,32768,32768,323682816,632193,250000270,548729628,4,4,0,0,1114331772438,0
1,stride16-gcc13-auto-r1-stride16_scan-auto-cache_evicted-basic-1048576,stride16-gcc13-auto,1,stride16_scan,auto,cache_evicted,basic,1048576,1048576,112164864,6846,250009540,548749992,4,4,0,0,0,0
1,stride16-gcc13-auto-r1-stride16_scan-auto-warm-basic-196608,stride16-gcc13-auto,1,stride16_scan,auto,warm,basic,196608,196608,221460480,72090,250003606,548736852,4,4,0,0,0,0
1,stride16-gcc13-auto-r1-stride16_scan-auto-warm-branch-131072,stride16-gcc13-auto,1,stride16_scan,auto,warm,branch,131072,131072,210538496,102802,250001728,548732844,4,4,0,0,0,0
1,stride16-gcc13-auto-r1-stride16_scan-auto-warm-branch-65536,stride16-gcc13-auto,1,stride16_scan,auto,warm,branch,65536,65536,201522176,196799,250001048,548731220,4,4,0,0,2271258088339,0
1,stride16-gcc13-auto-r1-stride16_scan-auto-warm-basic-393216,stride16-gcc13-auto,1,stride16_scan,auto,warm,basic,393216,393216,116520960,18965,250010288,548751632,4,4,0,0,13209971301426,0
1,stride16-gcc13-auto-r1-stride16_scan-auto-warm-basic-5242880,stride16-gcc13-auto,1,stride16_scan,auto,warm,basic,5242880,5242880,105431040,1287,250033105,548801420,4,4,0,0,175321634073494,0
1,stride16-gcc13-auto-r1-stride16_scan-auto-cache_evicted-branch-32768,stride16-gcc13-auto,1,stride16_scan,auto,cache_evicted,branch,32768,32768,326685696,638058,250000288,548729392,4,4,0,0,0,0
1,stride16-gcc13-auto-r1-stride16_scan-auto-cache_evicted-basic-536870912,stride16-gcc13-auto,1,stride16_scan,auto,cache_evicted,basic,536870912,536870912,58720256,7,270955717,594724808,4,4,0,0,18015631118446742,0
1,stride16-gcc13-auto-r1-stride16_scan-auto-warm-branch-1048576,stride16-gcc13-auto,1,stride16_scan,auto,warm,branch,1048576,1048576,112148480,6845,250013689,548758760,4,4,0,0,34910553176740,0
1,stride16-gcc13-auto-r1-stride16_scan-auto-warm-branch-4194304,stride16-gcc13-auto,1,stride16_scan,auto,warm,branch,4194304,4194304,103153664,1574,250000349,548729812,4,4,0,0,0,0
1,stride16-gcc13-auto-r1-stride16_scan-auto-warm-branch-196608,stride16-gcc13-auto,1,stride16_scan,auto,warm,branch,196608,196608,221386752,72066,250003516,548736636,4,4,0,0,0,0
1,stride16-gcc13-auto-r1-stride16_scan-auto-cache_evicted-branch-33554432,stride16-gcc13-auto,1,stride16_scan,auto,cache_evicted,branch,33554432,33554432,52953088,101,251465585,551945712,4,4,0,0,1125643461760403,0
1,stride16-gcc13-auto-r1-stride16_scan-auto-warm-branch-6291456,stride16-gcc13-auto,1,stride16_scan,auto,warm,branch,6291456,6291456,91127808,927,250024857,548783308,4,4,0,0,210435711695743,0
1,stride16-gcc13-auto-r1-stride16_scan-auto-warm-branch-393216,stride16-gcc13-auto,1,stride16_scan,auto,warm,branch,393216,393216,111820800,18200,250013404,548758332,4,4,0,0,0,0
1,stride16-gcc13-auto-r1-stride16_scan-auto-warm-branch-2097152,stride16-gcc13-auto,1,stride16_scan,auto,warm,branch,2097152,2097152,112230400,3425,250069514,548881628,4,4,0,0,69916255170150,0
1,stride16-gcc13-auto-r1-stride16_scan-auto-warm-branch-98304,stride16-gcc13-auto,1,stride16_scan,auto,warm,branch,98304,98304,205985280,134105,250001870,548733148,4,4,0,0,3375903763914,0
1,stride16-gcc13-auto-r1-stride16_scan-auto-warm-basic-524288,stride16-gcc13-auto,1,stride16_scan,auto,warm,basic,524288,524288,111878144,13657,250009795,548750540,4,4,0,0,17612306784503,0
1,stride16-gcc13-auto-r1-stride16_scan-auto-warm-basic-98304,stride16-gcc13-auto,1,stride16_scan,auto,warm,basic,98304,98304,207008256,134771,250000959,548731180,4,4,0,0,3375903763914,0
1,stride16-gcc13-auto-r1-stride16_scan-auto-warm-basic-4194304,stride16-gcc13-auto,1,stride16_scan,auto,warm,basic,4194304,4194304,106561536,1626,250149681,549057596,4,4,0,0,0,0
1,stride16-gcc13-auto-r1-stride16_scan-auto-warm-basic-131072,stride16-gcc13-auto,1,stride16_scan,auto,warm,basic,131072,131072,211527680,103285,250002366,548733912,4,4,0,0,4517661751626,0
1,stride16-gcc13-auto-r1-stride16_scan-auto-cache_evicted-branch-6291456,stride16-gcc13-auto,1,stride16_scan,auto,cache_evicted,branch,6291456,6291456,80904192,823,250029022,548792620,4,4,0,0,211017895228268,0
1,stride16-gcc13-auto-r1-stride16_scan-auto-warm-basic-24576,stride16-gcc13-auto,1,stride16_scan,auto,warm,basic,24576,24576,337665792,879338,250000201,548729500,4,4,0,0,0,0
1,stride16-gcc13-auto-r1-stride16_scan-auto-cache_evicted-basic-6291456,stride16-gcc13-auto,1,stride16_scan,auto,cache_evicted,basic,6291456,6291456,81494016,829,250215158,549201156,4,4,0,0,211017895228268,0
1,stride16-gcc13-auto-r1-stride16_scan-auto-warm-basic-8388608,stride16-gcc13-auto,1,stride16_scan,auto,warm,basic,8388608,8388608,70254592,536,250264953,549310324,4,4,0,0,0,0
1,stride16-gcc13-auto-r1-stride16_scan-auto-warm-basic-229376,stride16-gcc13-auto,1,stride16_scan,auto,warm,basic,229376,229376,147083776,41039,250001772,548732952,4,4,0,0,7789868461353,0
1,stride16-gcc13-auto-r1-stride16_scan-auto-warm-basic-32768,stride16-gcc13-auto,1,stride16_scan,auto,warm,basic,32768,32768,328563200,641725,250000523,548729868,4,4,0,0,1123546468123,0
1,stride16-gcc13-auto-r1-stride16_scan-auto-warm-branch-262144,stride16-gcc13-auto,1,stride16_scan,auto,warm,branch,262144,262144,153460736,37466,250005741,548741652,4,4,0,0,0,0
1,stride16-gcc13-auto-r1-stride16_scan-auto-warm-branch-7340032,stride16-gcc13-auto,1,stride16_scan,auto,warm,branch,7340032,7340032,83148800,725,250031236,548797480,4,4,0,0,245806271394985,0
1,stride16-gcc13-auto-r1-stride16_scan-auto-warm-branch-8192,stride16-gcc13-auto,1,stride16_scan,auto,warm,branch,8192,8192,262388608,2049911,250000283,548729352,4,4,0,0,288938756522,0
1,stride16-gcc13-auto-r1-stride16_scan-auto-warm-branch-28672,stride16-gcc13-auto,1,stride16_scan,auto,warm,branch,28672,28672,326007360,727695,250000533,548729924,4,4,0,0,978716121332,0
1,stride16-gcc13-auto-r1-stride16_scan-auto-cache_evicted-basic-33554432,stride16-gcc13-auto,1,stride16_scan,auto,cache_evicted,basic,33554432,33554432,54001664,103,250429030,549670256,4,4,0,0,1125643461760403,0
1,stride16-gcc13-auto-r1-stride16_scan-auto-warm-branch-8388608,stride16-gcc13-auto,1,stride16_scan,auto,warm,branch,8388608,8388608,63045632,481,250419198,549648980,4,4,0,0,281000156621322,0
1,stride16-gcc13-auto-r1-stride16_scan-auto-cache_evicted-branch-1048576,stride16-gcc13-auto,1,stride16_scan,auto,cache_evicted,branch,1048576,1048576,112214016,6849,250034709,548805268,4,4,0,0,35120174152694,0
1,stride16-gcc13-auto-r1-stride16_scan-auto-warm-basic-49152,stride16-gcc13-auto,1,stride16_scan,auto,warm,basic,49152,49152,198764544,258808,250000540,548730236,4,4,0,0,0,0
1,stride16-gcc13-auto-r1-stride16_scan-auto-warm-basic-28672,stride16-gcc13-auto,1,stride16_scan,auto,warm,basic,28672,28672,330421952,737549,250000356,548729836,4,4,0,0,978716121332,0
1,stride16-gcc13-auto-r1-stride16_scan-auto-warm-branch-49152,stride16-gcc13-auto,1,stride16_scan,auto,warm,branch,49152,49152,200253696,260747,250000416,548729960,4,4,0,0,1702057685768,0
1,stride16-gcc13-auto-r1-stride16_scan-auto-warm-branch-16384,stride16-gcc13-auto,1,stride16_scan,auto,warm,branch,16384,16384,314931712,1230202,250000555,548729604,4,4,0,0,0,0
1,stride16-gcc13-auto-r1-stride16_scan-auto-cache_evicted-branch-8388608,stride16-gcc13-auto,1,stride16_scan,auto,cache_evicted,branch,8388608,8388608,59244544,452,250383042,549569640,4,4,0,0,0,0
1,stride16-gcc13-auto-r1-stride16_scan-auto-warm-basic-6291456,stride16-gcc13-auto,1,stride16_scan,auto,warm,basic,6291456,6291456,80805888,822,250234710,549243904,4,4,0,0,0,0
1,stride16-gcc13-auto-r1-stride16_scan-auto-warm-branch-5242880,stride16-gcc13-auto,1,stride16_scan,auto,warm,branch,5242880,5242880,97239040,1187,250155711,549070548,4,4,0,0,175321634073494,0
1,stride16-gcc13-auto-r1-stride16_scan-auto-cache_evicted-basic-8388608,stride16-gcc13-auto,1,stride16_scan,auto,cache_evicted,basic,8388608,8388608,62914560,480,250330837,549455068,4,4,0,0,0,0
1,stride16-gcc13-auto-r1-stride16_scan-auto-warm-branch-229376,stride16-gcc13-auto,1,stride16_scan,auto,warm,branch,229376,229376,161846272,45158,250001260,548731824,4,4,0,0,0,0
1,stride16-gcc13-auto-r1-stride16_scan-auto-warm-branch-12582912,stride16-gcc13-auto,1,stride16_scan,auto,warm,branch,12582912,12582912,55443456,282,250630068,550111836,4,4,0,0,0,0
1,stride16-gcc13-auto-r1-stride16_scan-auto-warm-branch-36864,stride16-gcc13-auto,1,stride16_scan,auto,warm,branch,36864,36864,195677568,339718,250000232,548729560,4,4,0,0,0,0
1,stride16-gcc13-auto-r1-stride16_scan-auto-warm-branch-524288,stride16-gcc13-auto,1,stride16_scan,auto,warm,branch,524288,524288,111943680,13665,250016287,548764660,4,4,0,0,17612306784503,0
1,stride16-gcc13-auto-r1-stride16_scan-auto-warm-branch-32768,stride16-gcc13-auto,1,stride16_scan,auto,warm,branch,32768,32768,323981312,632776,250000380,548729504,4,4,0,0,0,0
1,stride16-gcc13-auto-r1-stride16_scan-auto-cache_evicted-basic-262144,stride16-gcc13-auto,1,stride16_scan,auto,cache_evicted,basic,262144,262144,142114816,34696,250003091,548735504,4,4,0,0,0,0
1,stride16-gcc13-auto-r1-stride16_scan-auto-warm-basic-16384,stride16-gcc13-auto,1,stride16_scan,auto,warm,basic,16384,16384,309581056,1209301,250000391,548729576,4,4,0,0,575513862304,0
1,stride16-gcc13-auto-r1-stride16_scan-auto-warm-basic-33554432,stride16-gcc13-auto,1,stride16_scan,auto,warm,basic,33554432,33554432,49807360,95,250384015,549571540,4,4,0,0,1125097237269974,0
1,stride16-gcc13-auto-r1-stride16_scan-auto-warm-basic-2097152,stride16-gcc13-auto,1,stride16_scan,auto,warm,basic,2097152,2097152,111738880,3410,250066660,548875248,4,4,0,0,0,0
1,stride16-gcc13-auto-r1-stride16_scan-auto-warm-basic-7340032,stride16-gcc13-auto,1,stride16_scan,auto,warm,basic,7340032,7340032,56426496,492,250323448,549438668,4,4,0,0,0,0
1,stride16-gcc13-auto-r1-stride16_scan-auto-warm-basic-262144,stride16-gcc13-auto,1,stride16_scan,auto,warm,basic,262144,262144,133931008,32698,250005816,548741520,4,4,0,0,0,0
1,stride16-gcc13-auto-r2-stride16_scan-auto-warm-branch-16384,stride16-gcc13-auto,2,stride16_scan,auto,warm,branch,16384,16384,308183808,1203843,250000386,548729600,4,4,0,0,572534873227,0
1,stride16-gcc13-auto-r2-stride16_scan-auto-warm-basic-33554432,stride16-gcc13-auto,2,stride16_scan,auto,warm,basic,33554432,33554432,50331648,96,251549550,552129836,4,4,0,0,0,0
1,stride16-gcc13-auto-r2-stride16_scan-auto-warm-branch-5242880,stride16-gcc13-auto,2,stride16_scan,auto,warm,branch,5242880,5242880,71270400,870,250130073,549014260,4,4,0,0,0,0
1,stride16-gcc13-auto-r2-stride16_scan-auto-warm-branch-8388608,stride16-gcc13-auto,2,stride16_scan,auto,warm,branch,8388608,8388608,48627712,371,250400278,549607372,4,4,0,0,282372550479532,0
1,stride16-gcc13-auto-r2-stride16_scan-auto-cache_evicted-branch-6291456,stride16-gcc13-auto,2,stride16_scan,auto,cache_evicted,branch,6291456,6291456,54067200,550,250036651,548809164,4,4,0,0,0,0
1,stride16-gcc13-auto-r2-stride16_scan-auto-warm-branch-98304,stride16-gcc13-auto,2,stride16_scan,auto,warm,branch,98304,98304,204837888,133358,250001609,548732300,4,4,0,0,0,0
1,stride16-gcc13-auto-r2-stride16_scan-auto-cache_evicted-branch-8388608,stride16-gcc13-auto,2,stride16_scan,auto,cache_evicted,branch,8388608,8388608,59113472,451,250532833,549898280,4,4,0,0,281904633947272,0
1,stride16-gcc13-auto-r2-stride16_scan-auto-warm-basic-49152,stride16-gcc13-auto,2,stride16_scan,auto,warm,basic,49152,49152,198760704,258803,250000300,548729568,4,4,0,0,1678557819729,0
1,stride16-gcc13-auto-r2-stride16_scan-auto-warm-basic-65536,stride16-gcc13-auto,2,stride16_scan,auto,warm,basic,65536,65536,204312576,199524,250000586,548730064,4,4,0,0,0,0
1,stride16-gcc13-auto-r2-stride16_scan-auto-warm-basic-134217728,stride16-gcc13-auto,2,stride16_scan,auto,warm,basic,134217728,134217728,54525952,26,250425642,549663148,4,4,0,0,0,0
1,stride16-gcc13-auto-r2-stride16_scan-auto-cache_evicted-basic-33554432,stride16-gcc13-auto,2,stride16_scan,auto,cache_evicted,basic,33554432,33554432,54525952,104,250630423,550112460,4,4,0,0,0,0
1,stride16-gcc13-auto-r2-stride16_scan-auto-warm-branch-65536,stride16-gcc13-auto,2,stride16_scan,auto,warm,branch,65536,65536,204094464,199311,250000420,548729836,4,4,0,0,2258195232138,0
1,stride16-gcc13-auto-r2-stride16_scan-auto-warm-branch-262144,stride16-gcc13-auto,2,stride16_scan,auto,warm,branch,262144,262144,138964992,33927,250002867,548735040,4,4,0,0,8899956482080,0
1,stride16-gcc13-auto-r2-stride16_scan-auto-warm-basic-8192,stride16-gcc13-auto,2,stride16_scan,auto,warm,basic,8192,8192,261850240,2045705,250000196,548729340,4,4,0,0,278285643378,0
1,stride16-gcc13-auto-r2-stride16_scan-auto-warm-branch-7340032,stride16-gcc13-auto,2,stride16_scan,auto,warm,branch,7340032,7340032,56885248,496,250213762,549197972,4,4,0,0,0,0
1,stride16-gcc13-auto-r2-stride16_scan-auto-cache_evicted-basic-262144,stride16-gcc13-auto,2,stride16_scan,auto,cache_evicted,basic,262144,262144,173117440,42265,250004305,548738360,4,4,0,0,8927489887915,0
1,stride16-gcc13-auto-r2-stride16_scan-auto-warm-basic-36864,stride16-gcc13-auto,2,stride16_scan,auto,warm,basic,36864,36864,194780736,338161,250000336,548729648,4,4,0,0,1268435412712,0
1,stride16-gcc13-auto-r2-stride16_scan-auto-warm-branch-28672,stride16-gcc13-auto,2,stride16_scan,auto,warm,branch,28672,28672,329960064,736518,250000352,548729688,4,4,0,0,0,0
1,stride16-gcc13-auto-r2-stride16_scan-auto-warm-basic-32768,stride16-gcc13-auto,2,stride16_scan,auto,warm,basic,32768,32768,326276608,637259,250000471,548729752,4,4,0,0,1123188153833,0
1,stride16-gcc13-auto-r2-stride16_scan-auto-warm-basic-6291456,stride16-gcc13-auto,2,stride16_scan,auto,warm,basic,6291456,6291456,94765056,964,250058821,548857828,4,4,0,0,0,0
1,stride16-gcc13-auto-r2-stride16_scan-auto-warm-branch-536870912,stride16-gcc13-auto,2,stride16_scan,auto,warm,branch,536870912,536870912,58720256,7,271838889,596663300,4,4,0,0,18017015376263269,0
1,stride16-gcc13-auto-r2-stride16_scan-auto-warm-branch-33554432,stride16-gcc13-auto,2,stride16_scan,auto,warm,branch,33554432,33554432,55050240,105,251231213,551431096,4,4,0,0,1125609418673861,0
1,stride16-gcc13-auto-r2-stride16_scan-auto-warm-basic-393216,stride16-gcc13-auto,2,stride16_scan,auto,warm,basic,393216,393216,111630336,18169,250007330,548745004,4,4,0,0,13385687496061,0
1,stride16-gcc13-auto-r2-stride16_scan-auto-cache_evicted-branch-262144,stride16-gcc13-auto,2,stride16_scan,auto,cache_evicted,branch,262144,262144,153518080,37480,250001414,548731368,4,4,0,0,0,0
1,stride16-gcc13-auto-r2-stride16_scan-auto-warm-branch-294912,stride16-gcc13-auto,2,stride16_scan,auto,warm,branch,294912,294912,137645568,29871,250007815,548745832,4,4,0,0,10043047323091,0
1,stride16-gcc13-auto-r2-stride16_scan-auto-warm-basic-2097152,stride16-gcc13-auto,2,stride16_scan,auto,warm,basic,2097152,2097152,112230400,3425,250016854,548765900,4,4,0,0,71080920162527,0
1,stride16-gcc13-auto-r2-stride16_scan-auto-warm-branch-524288,stride16-gcc13-auto,2,stride16_scan,auto,warm,branch,524288,524288,111820800,13650,250015892,548763528,4,4,0,0,0,0
1,stride16-gcc13-auto-r2-stride16_scan-auto-warm-branch-8192,stride16-gcc13-auto,2,stride16_scan,auto,warm,branch,8192,8192,264502400,2066425,250000327,548729440,4,4,0,0,278285643378,0
1,stride16-gcc13-auto-r2-stride16_scan-auto-warm-basic-28672,stride16-gcc13-auto,2,stride16_scan,auto,warm,basic,28672,28672,333527936,744482,250000332,548729652,4,4,0,0,0,0
1,stride16-gcc13-auto-r2-stride16_scan-auto-warm-branch-131072,stride16-gcc13-auto,2,stride16_scan,auto,warm,branch,131072,131072,209686528,102386,250001621,548732280,4,4,0,0,0,0
1,stride16-gcc13-auto-r2-stride16_scan-auto-warm-basic-131072,stride16-gcc13-auto,2,stride16_scan,auto,warm,basic,131072,131072,212578304,103798,250001721,548732704,4,4,0,0,0,0
1,stride16-gcc13-auto-r2-stride16_scan-auto-cache_evicted-basic-32768,stride16-gcc13-auto,2,stride16_scan,auto,cache_evicted,basic,32768,32768,325155840,635070,250000194,548729348,4,4,0,0,0,0
1,stride16-gcc13-auto-r2-stride16_scan-auto-warm-branch-134217728,stride16-gcc13-auto,2,stride16_scan,auto,warm,branch,134217728,134217728,54525952,26,252353433,553894344,4,4,0,0,0,0
1,stride16-gcc13-auto-r2-stride16_scan-auto-warm-branch-6291456,stride16-gcc13-auto,2,stride16_scan,auto,warm,branch,6291456,6291456,96632832,983,250163997,549088744,4,4,0,0,211946221951501,0
1,stride16-gcc13-auto-r2-stride16_scan-auto-warm-basic-196608,stride16-gcc13-auto,2,stride16_scan,auto,warm,basic,196608,196608,218809344,71227,250001099,548731296,4,4,0,0,6614988883088,0
1,stride16-gcc13-auto-r2-stride16_scan-auto-warm-branch-1048576,stride16-gcc13-auto,2,stride16_scan,auto,warm,branch,1048576,1048576,112115712,6843,250036595,548809248,4,4,0,0,35633181691364,0
1,stride16-gcc13-auto-r2-stride16_scan-auto-warm-branch-24576,stride16-gcc13-auto,2,stride16_scan,auto,warm,branch,24576,24576,325042560,846465,250000279,548729520,4,4,0,0,854043843132,0
1,stride16-gcc13-auto-r2-stride16_scan-auto-cache_evicted-basic-6291456,stride16-gcc13-auto,2,stride16_scan,auto,cache_evicted,basic,6291456,6291456,95944704,976,250022281,548777808,4,4,0,0,0,0
1,stride16-gcc13-auto-r2-stride16_scan-auto-warm-basic-536870912,stride16-gcc13-auto,2,stride16_scan,auto,warm,basic,536870912,536870912,58720256,7,273050548,599322808,4,4,0,0,18017015376263269,0
1,stride16-gcc13-auto-r2-stride16_scan-auto-warm-branch-4194304,stride16-gcc13-auto,2,stride16_scan,auto,warm,branch,4194304,4194304,106168320,1620,250140755,549037848,4,4,0,0,0,0
1,stride16-gcc13-auto-r2-stride16_scan-auto-warm-basic-4194304,stride16-gcc13-auto,2,stride16_scan,auto,warm,basic,4194304,4194304,108265472,1652,250020647,548774252,4,4,0,0,0,0
1,stride16-gcc13-auto-r2-stride16_scan-auto-cache_evicted-basic-8388608,stride16-gcc13-auto,2,stride16_scan,auto,cache_evicted,basic,8388608,8388608,75628544,577,250232718,549239580,4,4,0,0,281904633947272,0
1,stride16-gcc13-auto-r2-stride16_scan-auto-warm-basic-24576,stride16-gcc13-auto,2,stride16_scan,auto,warm,basic,24576,24576,317637120,827180,250000230,548729424,4,4,0,0,0,0
1,stride16-gcc13-auto-r2-stride16_scan-auto-warm-basic-16384,stride16-gcc13-auto,2,stride16_scan,auto,warm,basic,16384,16384,315532800,1232550,250000123,548729320,4,4,0,0,0,0
1,stride16-gcc13-auto-r2-stride16_scan-auto-cache_evicted-branch-536870912,stride16-gcc13-auto,2,stride16_scan,auto,cache_evicted,branch,536870912,536870912,58720256,7,272118320,597276620,4,4,0,0,18018138236334544,0
1,stride16-gcc13-auto-r2-stride16_scan-auto-warm-basic-98304,stride16-gcc13-auto,2,stride16_scan,auto,warm,basic,98304,98304,204037632,132837,250000325,548729628,4,4,0,0,3362549240476,0
1,stride16-gcc13-auto-r2-stride16_scan-auto-warm-basic-8388608,stride16-gcc13-auto,2,stride16_scan,auto,warm,basic,8388608,8388608,76546048,584,250143890,549044676,4,4,0,0,0,0
1,stride16-gcc13-auto-r2-stride16_scan-auto-warm-basic-262144,stride16-gcc13-auto,2,stride16_scan,auto,warm,basic,262144,262144,126763008,30948,250003982,548737656,4,4,0,0,0,0
1,stride16-gcc13-auto-r2-stride16_scan-auto-cache_evicted-branch-32768,stride16-gcc13-auto,2,stride16_scan,auto,cache_evicted,branch,32768,32768,313745920,612785,250000449,548729900,4,4,0,0,1101398788270,0
1,stride16-gcc13-auto-r2-stride16_scan-auto-warm-branch-2097152,stride16-gcc13-auto,2,stride16_scan,auto,warm,branch,2097152,2097152,112230400,3425,250033865,548803364,4,4,0,0,71080920162527,0
1,stride16-gcc13-auto-r2-stride16_scan-auto-warm-basic-5242880,stride16-gcc13-auto,2,stride16_scan,auto,warm,basic,5242880,5242880,101253120,1236,250018498,548769508,4,4,0,0,0,0
1,stride16-gcc13-auto-r2-stride16_scan-auto-warm-branch-36864,stride16-gcc13-auto,2,stride16_scan,auto,warm,branch,36864,36864,197981568,343718,250000890,548730644,4,4,0,0,0,0
1,stride16-gcc13-auto-r2-stride16_scan-auto-warm-basic-229376,stride16-gcc13-auto,2,stride16_scan,auto,warm,basic,229376,229376,171336704,47806,250000713,548730340,4,4,0,0,0,0
1,stride16-gcc13-auto-r2-stride16_scan-auto-warm-basic-7340032,stride16-gcc13-auto,2,stride16_scan,auto,warm,basic,7340032,7340032,82575360,720,250241531,549259044,4,4,0,0,0,0
1,stride16-gcc13-auto-r2-stride16_scan-auto-warm-branch-196608,stride16-gcc13-auto,2,stride16_scan,auto,warm,branch,196608,196608,189017088,61529,250002793,548735044,4,4,0,0,6614988883088,0
1,stride16-gcc13-auto-r2-stride16_scan-auto-warm-basic-12582912,stride16-gcc13-auto,2,stride16_scan,auto,warm,basic,12582912,12582912,61341696,312,250018366,548769056,4,4,0,0,0,0
1,stride16-gcc13-auto-r2-stride16_scan-auto-warm-basic-1048576,stride16-gcc13-auto,2,stride16_scan,auto,warm,basic,1048576,1048576,112132096,6844,250004998,548739624,4,4,0,0,0,0
1,stride16-gcc13-auto-r2-stride16_scan-auto-cache_evicted-basic-1048576,stride16-gcc13-auto,2,stride16_scan,auto,cache_evicted,basic,1048576,1048576,112148480,6845,250008503,548747556,4,4,0,0,35417408889455,0
1,stride16-gcc13-auto-r2-stride16_scan-auto-warm-basic-294912,stride16-gcc13-auto,2,stride16_scan,auto,warm,basic,294912,294912,130102272,28234,250008777,548748316,4,4,0,0,0,0
1,stride16-gcc13-auto-r2-stride16_scan-auto-warm-branch-393216,stride16-gcc13-auto,2,stride16_scan,auto,warm,branch,393216,393216,119095296,19384,250010745,548752484,4,4,0,0,0,0
1,stride16-gcc13-auto-r2-stride16_scan-auto-warm-branch-49152,stride16-gcc13-auto,2,stride16_scan,auto,warm,branch,49152,49152,200908800,261600,250001027,548731016,4,4,0,0,0,0
1,stride16-gcc13-auto-r2-stride16_scan-auto-warm-branch-32768,stride16-gcc13-auto,2,stride16_scan,auto,warm,branch,32768,32768,329727488,643999,250000429,548729712,4,4,0,0,1123188153833,0
1,stride16-gcc13-auto-r2-stride16_scan-auto-warm-branch-229376,stride16-gcc13-auto,2,stride16_scan,auto,warm,branch,229376,229376,166326272,46408,250000638,548730304,4,4,0,0,0,0
1,stride16-gcc13-auto-r2-stride16_scan-auto-warm-basic-524288,stride16-gcc13-auto,2,stride16_scan,auto,warm,basic,524288,524288,111878144,13657,250000361,548729688,4,4,0,0,17838961015015,0
1,stride16-gcc13-auto-r2-stride16_scan-auto-warm-branch-12582912,stride16-gcc13-auto,2,stride16_scan,auto,warm,branch,12582912,12582912,61145088,311,250082628,548910064,4,4,0,0,422705609180667,0
1,stride16-gcc13-auto-r2-stride16_scan-auto-cache_evicted-branch-1048576,stride16-gcc13-auto,2,stride16_scan,auto,cache_evicted,branch,1048576,1048576,112082944,6841,250009653,548750108,4,4,0,0,35417408889455,0
1,stride16-gcc13-auto-r2-stride16_scan-auto-cache_evicted-basic-536870912,stride16-gcc13-auto,2,stride16_scan,auto,cache_evicted,basic,536870912,536870912,58720256,7,273310144,599892616,4,4,0,0,18018138236334544,0
1,stride16-gcc13-auto-r2-stride16_scan-auto-cache_evicted-branch-33554432,stride16-gcc13-auto,2,stride16_scan,auto,cache_evicted,branch,33554432,33554432,54001664,103,250795544,550474868,4,4,0,0,1127447314741974,0
1,stride16-gcc13-auto-r3-stride16_scan-auto-warm-basic-49152,stride16-gcc13-auto,3,stride16_scan,auto,warm,basic,49152,49152,198867456,258942,250000959,548731024,4,4,0,0,0,0
1,stride16-gcc13-auto-r3-stride16_scan-auto-warm-branch-294912,stride16-gcc13-auto,3,stride16_scan,auto,warm,branch,294912,294912,133673472,29009,250002002,548733448,4,4,0,0,9782795075421,0
1,stride16-gcc13-auto-r3-stride16_scan-auto-cache_evicted-branch-6291456,stride16-gcc13-auto,3,stride16_scan,auto,cache_evicted,branch,6291456,6291456,87097344,886,250243420,549262972,4,4,0,0,0,0
1,stride16-gcc13-auto-r3-stride16_scan-auto-warm-branch-8388608,stride16-gcc13-auto,3,stride16_scan,auto,warm,branch,8388608,8388608,61734912,471,250368774,549538216,4,4,0,0,281849610020793,0
1,stride16-gcc13-auto-r3-stride16_scan-auto-warm-basic-65536,stride16-gcc13-auto,3,stride16_scan,auto,warm,basic,65536,65536,203155456,198394,250000574,548730164,4,4,0,0,0,0
1,stride16-gcc13-auto-r3-stride16_scan-auto-warm-basic-393216,stride16-gcc13-auto,3,stride16_scan,auto,warm,basic,393216,393216,116637696,18984,250006680,548743060,4,4,0,0,0,0
1,stride16-gcc13-auto-r3-stride16_scan-auto-cache_evicted-basic-262144,stride16-gcc13-auto,3,stride16_scan,auto,cache_evicted,basic,262144,262144,148402176,36231,250003290,548735952,4,4,0,0,8693086313669,0
1,stride16-gcc13-auto-r3-stride16_scan-auto-cache_evicted-basic-33554432,stride16-gcc13-auto,3,stride16_scan,auto,cache_evicted,basic,33554432,33554432,54001664,103,250705950,550278232,4,4,0,0,1127470638920906,0
1,stride16-gcc13-auto-r3-stride16_scan-auto-warm-branch-5242880,stride16-gcc13-auto,3,stride16_scan,auto,warm,branch,5242880,5242880,95109120,1161,250216448,549204000,4,4,0,0,176156593025837,0
1,stride16-gcc13-auto-r3-stride16_scan-auto-warm-branch-393216,stride16-gcc13-auto,3,stride16_scan,auto,warm,branch,393216,393216,133754880,21770,250005755,548741420,4,4,0,0,0,0
1,stride16-gcc13-auto-r3-stride16_scan-auto-cache_evicted-branch-262144,stride16-gcc13-auto,3,stride16_scan,auto,cache_evicted,branch,262144,262144,127361024,31094,250005595,548741200,4,4,0,0,0,0
1,stride16-gcc13-auto-r3-stride16_scan-auto-warm-basic-196608,stride16-gcc13-auto,3,stride16_scan,auto,warm,basic,196608,196608,163574784,53247,250001718,548732680,4,4,0,0,6513770584324,0
1,stride16-gcc13-auto-r3-stride16_scan-auto-cache_evicted-basic-8388608,stride16-gcc13-auto,3,stride16_scan,auto,cache_evicted,basic,8388608,8388608,76021760,580,250181365,549126808,4,4,0,0,0,0
1,stride16-gcc13-auto-r3-stride16_scan-auto-warm-branch-36864,stride16-gcc13-auto,3,stride16_scan,auto,warm,branch,36864,36864,196816896,341696,250000537,548729672,4,4,0,0,0,0
1,stride16-gcc13-auto-r3-stride16_scan-auto-warm-branch-262144,stride16-gcc13-auto,3,stride16_scan,auto,warm,branch,262144,262144,141869056,34636,250004173,548737948,4,4,0,0,0,0
1,stride16-gcc13-auto-r3-stride16_scan-auto-warm-basic-32768,stride16-gcc13-auto,3,stride16_scan,auto,warm,basic,32768,32768,326712832,638111,250000401,548729652,4,4,0,0,1119805800818,0
1,stride16-gcc13-auto-r3-stride16_scan-auto-warm-branch-32768,stride16-gcc13-auto,3,stride16_scan,auto,warm,branch,32768,32768,329174528,642919,250000294,548729692,4,4,0,0,1119805800818,0
1,stride16-gcc13-auto-r3-stride16_scan-auto-warm-branch-12582912,stride16-gcc13-auto,3,stride16_scan,auto,warm,branch,12582912,12582912,55443456,282,250869492,550637244,4,4,0,0,0,0
1,stride16-gcc13-auto-r3-stride16_scan-auto-warm-branch-229376,stride16-gcc13-auto,3,stride16_scan,auto,warm,branch,229376,229376,157896704,44056,250000373,548729744,4,4,0,0,0,0
1,stride16-gcc13-auto-r3-stride16_scan-auto-warm-basic-36864,stride16-gcc13-auto,3,stride16_scan,auto,warm,basic,36864,36864,195125760,338760,250000176,548729304,4,4,0,0,0,0
1,stride16-gcc13-auto-r3-stride16_scan-auto-warm-basic-536870912,stride16-gcc13-auto,3,stride16_scan,auto,warm,basic,536870912,536870912,58720256,7,273893937,601173960,4,4,0,0,18017378678603339,0
1,stride16-gcc13-auto-r3-stride16_scan-auto-warm-branch-134217728,stride16-gcc13-auto,3,stride16_scan,auto,warm,branch,134217728,134217728,56623104,27,258933602,568337188,4,4,0,0,4504961647483134,0
1,stride16-gcc13-auto-r3-stride16_scan-auto-warm-basic-8388608,stride16-gcc13-auto,3,stride16_scan,auto,warm,basic,8388608,8388608,76677120,585,250186848,549138980,4,4,0,0,281849610020793,0
1,stride16-gcc13-auto-r3-stride16_scan-auto-warm-branch-7340032,stride16-gcc13-auto,3,stride16_scan,auto,warm,branch,7340032,7340032,84295680,735,250121035,548994428,4,4,0,0,246617036804768,0
1,stride16-gcc13-auto-r3-stride16_scan-auto-warm-basic-16384,stride16-gcc13-auto,3,stride16_scan,auto,warm,basic,16384,16384,310931712,1214577,250000276,548729520,4,4,0,0,580605274617,0
1,stride16-gcc13-auto-r3-stride16_scan-auto-warm-basic-24576,stride16-gcc13-auto,3,stride16_scan,auto,warm,basic,24576,24576,337301760,878390,250000404,548729612,4,4,0,0,0,0
1,stride16-gcc13-auto-r3-stride16_scan-auto-warm-branch-28672,stride16-gcc13-auto,3,stride16_scan,auto,warm,branch,28672,28672,324106496,723452,250000203,548729352,4,4,0,0,0,0
1,stride16-gcc13-auto-r3-stride16_scan-auto-cache_evicted-basic-32768,stride16-gcc13-auto,3,stride16_scan,auto,cache_evicted,basic,32768,32768,326877184,638432,250000317,548729456,4,4,0,0,0,0
1,stride16-gcc13-auto-r3-stride16_scan-auto-warm-basic-524288,stride16-gcc13-auto,3,stride16_scan,auto,warm,basic,524288,524288,111845376,13653,250006487,548743000,4,4,0,0,17540853279023,0
1,stride16-gcc13-auto-r3-stride16_scan-auto-warm-branch-33554432,stride16-gcc13-auto,3,stride16_scan,auto,warm,branch,33554432,33554432,55574528,106,251609076,552260472,4,4,0,0,0,0
1,stride16-gcc13-auto-r3-stride16_scan-auto-warm-branch-6291456,stride16-gcc13-auto,3,stride16_scan,auto,warm,branch,6291456,6291456,93093888,947,250020238,548773140,4,4,0,0,211268679159789,0
1,stride16-gcc13-auto-r3-stride16_scan-auto-warm-branch-49152,stride16-gcc13-auto,3,stride16_scan,auto,warm,branch,49152,49152,200219136,260702,250000988,548731080,4,4,0,0,0,0
1,stride16-gcc13-auto-r3-stride16_scan-auto-warm-branch-16384,stride16-gcc13-auto,3,stride16_scan,auto,warm,branch,16384,16384,315065856,1230726,250000165,548729264,4,4,0,0,0,0
1,stride16-gcc13-auto-r3-stride16_scan-auto-warm-basic-134217728,stride16-gcc13-auto,3,stride16_scan,auto,warm,basic,134217728,134217728,56623104,27,258767553,567972804,4,4,0,0,4504961647483134,0
1,stride16-gcc13-auto-r3-stride16_scan-auto-warm-basic-33554432,stride16-gcc13-auto,3,stride16_scan,auto,warm,basic,33554432,33554432,55050240,105,251209989,551384548,4,4,0,0,1125583027973696,0
1,stride16-gcc13-auto-r3-stride16_scan-auto-cache_evicted-basic-536870912,stride16-gcc13-auto,3,stride16_scan,auto,cache_evicted,basic,536870912,536870912,58720256,7,271291558,595461972,4,4,0,0,18022305741371962,0
1,stride16-gcc13-auto-r3-stride16_scan-auto-warm-basic-131072,stride16-gcc13-auto,3,stride16_scan,auto,warm,basic,131072,131072,209432576,102262,250001739,548732728,4,4,0,0,0,0
1,stride16-gcc13-auto-r3-stride16_scan-auto-warm-basic-262144,stride16-gcc13-auto,3,stride16_scan,auto,warm,basic,262144,262144,153444352,37462,250000868,548730968,4,4,0,0,0,0
1,stride16-gcc13-auto-r3-stride16_scan-auto-warm-basic-12582912,stride16-gcc13-auto,3,stride16_scan,auto,warm,basic,12582912,12582912,55246848,281,250438256,549690804,4,4,0,0,422589347643191,0
1,stride16-gcc13-auto-r3-stride16_scan-auto-warm-branch-1048576,stride16-gcc13-auto,3,stride16_scan,auto,warm,branch,1048576,1048576,112148480,6845,250016965,548766100,4,4,0,0,35080806240091,0
1,stride16-gcc13-auto-r3-stride16_scan-auto-warm-branch-2097152,stride16-gcc13-auto,3,stride16_scan,auto,warm,branch,2097152,2097152,112066560,3420,250012848,548756440,4,4,0,0,0,0
1,stride16-gcc13-auto-r3-stride16_scan-auto-warm-basic-4194304,stride16-gcc13-auto,3,stride16_scan,auto,warm,basic,4194304,4194304,109314048,1668,250022673,548778516,4,4,0,0,0,0
1,stride16-gcc13-auto-r3-stride16_scan-auto-warm-basic-229376,stride16-gcc13-auto,3,stride16_scan,auto,warm,basic,229376,229376,154079744,42991,250005582,548740984,4,4,0,0,7585174759353,0
1,stride16-gcc13-auto-r3-stride16_scan-auto-warm-branch-4194304,stride16-gcc13-auto,3,stride16_scan,auto,warm,branch,4194304,4194304,109051904,1664,250116168,548983744,4,4,0,0,0,0
1,stride16-gcc13-auto-r3-stride16_scan-auto-warm-branch-24576,stride16-gcc13-auto,3,stride16_scan,auto,warm,branch,24576,24576,338039040,880310,250000398,548729816,4,4,0,0,0,0
1,stride16-gcc13-auto-r3-stride16_scan-auto-warm-basic-98304,stride16-gcc13-auto,3,stride16_scan,auto,warm,basic,98304,98304,206088192,134172,250000891,548731008,4,4,0,0,0,0
1,stride16-gcc13-auto-r3-stride16_scan-auto-warm-basic-6291456,stride16-gcc13-auto,3,stride16_scan,auto,warm,basic,6291456,6291456,91717632,933,250151574,549061444,4,4,0,0,211268679159789,0
1,stride16-gcc13-auto-r3-stride16_scan-auto-warm-branch-524288,stride16-gcc13-auto,3,stride16_scan,auto,warm,branch,524288,524288,111894528,13659,250014511,548760776,4,4,0,0,17540853279023,0
1,stride16-gcc13-auto-r3-stride16_scan-auto-warm-branch-131072,stride16-gcc13-auto,3,stride16_scan,auto,warm,branch,131072,131072,211890176,103462,250001775,548732812,4,4,0,0,0,0
1,stride16-gcc13-auto-r3-stride16_scan-auto-warm-basic-8192,stride16-gcc13-auto,3,stride16_scan,auto,warm,basic,8192,8192,263310720,2057115,250000218,548729228,4,4,0,0,301803460594,0
1,stride16-gcc13-auto-r3-stride16_scan-auto-warm-basic-7340032,stride16-gcc13-auto,3,stride16_scan,auto,warm,basic,7340032,7340032,82001920,715,250196487,549160044,4,4,0,0,246617036804768,0
1,stride16-gcc13-auto-r3-stride16_scan-auto-cache_evicted-branch-32768,stride16-gcc13-auto,3,stride16_scan,auto,cache_evicted,branch,32768,32768,324694016,634168,250000217,548729384,4,4,0,0,0,0
1,stride16-gcc13-auto-r3-stride16_scan-auto-warm-basic-294912,stride16-gcc13-auto,3,stride16_scan,auto,warm,basic,294912,294912,124134912,26939,250001228,548731624,4,4,0,0,9782795075421,0
1,stride16-gcc13-auto-r3-stride16_scan-auto-warm-basic-2097152,stride16-gcc13-auto,3,stride16_scan,auto,warm,basic,2097152,2097152,112230400,3425,250006206,548742364,4,4,0,0,70221165544626,0
1,stride16-gcc13-auto-r3-stride16_scan-auto-cache_evicted-branch-536870912,stride16-gcc13-auto,3,stride16_scan,auto,cache_evicted,branch,536870912,536870912,58720256,7,273351913,599984196,4,4,0,0,18022305741371962,0
1,stride16-gcc13-auto-r3-stride16_scan-auto-cache_evicted-basic-1048576,stride16-gcc13-auto,3,stride16_scan,auto,cache_evicted,basic,1048576,1048576,112050176,6839,250004199,548738128,4,4,0,0,35014271474139,0
1,stride16-gcc13-auto-r3-stride16_scan-auto-warm-branch-98304,stride16-gcc13-auto,3,stride16_scan,auto,warm,branch,98304,98304,200047104,130239,250000799,548730660,4,4,0,0,3270808815657,0
1,stride16-gcc13-auto-r3-stride16_scan-auto-warm-basic-28672,stride16-gcc13-auto,3,stride16_scan,auto,warm,basic,28672,28672,331106496,739077,250000125,548729328,4,4,0,0,969954667736,0
1,stride16-gcc13-auto-r3-stride16_scan-auto-cache_evicted-branch-1048576,stride16-gcc13-auto,3,stride16_scan,auto,cache_evicted,branch,1048576,1048576,112148480,6845,250028779,548792096,4,4,0,0,35014271474139,0
1,stride16-gcc13-auto-r3-stride16_scan-auto-cache_evicted-branch-33554432,stride16-gcc13-auto,3,stride16_scan,auto,cache_evicted,branch,33554432,33554432,55050240,105,250198716,549164944,4,4,0,0,1127470638920906,0
1,stride16-gcc13-auto-r3-stride16_scan-auto-warm-basic-1048576,stride16-gcc13-auto,3,stride16_scan,auto,warm,basic,1048576,1048576,112132096,6844,250013678,548758940,4,4,0,0,0,0
1,stride16-gcc13-auto-r3-stride16_scan-auto-warm-basic-5242880,stride16-gcc13-auto,3,stride16_scan,auto,warm,basic,5242880,5242880,110018560,1343,250154436,549067744,4,4,0,0,176156593025837,0
1,stride16-gcc13-auto-r3-stride16_scan-auto-cache_evicted-branch-8388608,stride16-gcc13-auto,3,stride16_scan,auto,cache_evicted,branch,8388608,8388608,74711040,570,250398549,549603680,4,4,0,0,0,0
1,stride16-gcc13-auto-r3-stride16_scan-auto-warm-branch-536870912,stride16-gcc13-auto,3,stride16_scan,auto,warm,branch,536870912,536870912,58720256,7,271970930,596953084,4,4,0,0,18017378678603339,0
1,stride16-gcc13-auto-r3-stride16_scan-auto-warm-branch-8192,stride16-gcc13-auto,3,stride16_scan,auto,warm,branch,8192,8192,262199040,2048430,250000179,548729340,4,4,0,0,0,0
1,stride16-gcc13-auto-r3-stride16_scan-auto-warm-branch-196608,stride16-gcc13-auto,3,stride16_scan,auto,warm,branch,196608,196608,223432704,72732,250000834,548730560,4,4,0,0,0,0
1,stride16-gcc13-auto-r3-stride16_scan-auto-cache_evicted-basic-6291456,stride16-gcc13-auto,3,stride16_scan,auto,cache_evicted,basic,6291456,6291456,93388800,950,250190393,549146684,4,4,0,0,0,0
1,stride16-gcc13-auto-r3-stride16_scan-auto-warm-branch-65536,stride16-gcc13-auto,3,stride16_scan,auto,warm,branch,65536,65536,201716736,196989,250001108,548731356,4,4,0,0,2191374536516,0
1,stride16-gcc13-auto-r4-stride16_scan-auto-cache_evicted-basic-536870912,stride16-gcc13-auto,4,stride16_scan,auto,cache_evicted,basic,536870912,536870912,58720256,7,271726270,596416112,4,4,0,0,18012855125309380,0
1,stride16-gcc13-auto-r4-stride16_scan-auto-cache_evicted-basic-8388608,stride16-gcc13-auto,4,stride16_scan,auto,cache_evicted,basic,8388608,8388608,76152832,581,250282408,549348544,4,4,0,0,281937011751577,0
1,stride16-gcc13-auto-r4-stride16_scan-auto-warm-basic-393216,stride16-gcc13-auto,4,stride16_scan,auto,warm,basic,393216,393216,111728640,18185,250006439,548743044,4,4,0,0,13050551073294,0
1,stride16-gcc13-auto-r4-stride16_scan-auto-cache_evicted-basic-1048576,stride16-gcc13-auto,4,stride16_scan,auto,cache_evicted,basic,1048576,1048576,112148480,6845,250029500,548793588,4,4,0,0,35335456838376,0
1,stride16-gcc13-auto-r4-stride16_scan-auto-warm-basic-229376,stride16-gcc13-auto,4,stride16_scan,auto,warm,basic,229376,229376,193410560,53965,250001342,548731824,4,4,0,0,7633951322737,0
1,stride16-gcc13-auto-r4-stride16_scan-auto-warm-branch-6291456,stride16-gcc13-auto,4,stride16_scan,auto,warm,branch,6291456,6291456,85032960,865,250245305,549267208,4,4,0,0,210849592540580,0
1,stride16-gcc13-auto-r4-stride16_scan-auto-warm-basic-32768,stride16-gcc13-auto,4,stride16_scan,auto,warm,basic,32768,32768,325491200,635725,250000254,548729308,4,4,0,0,1066264212487,0
1,stride16-gcc13-auto-r4-stride16_scan-auto-warm-basic-5242880,stride16-gcc13-auto,4,stride16_scan,auto,warm,basic,5242880,5242880,101744640,1242,250075409,548894288,4,4,0,0,0,0
1,stride16-gcc13-auto-r4-stride16_scan-auto-cache_evicted-branch-536870912,stride16-gcc13-auto,4,stride16_scan,auto,cache_evicted,branch,536870912,536870912,58720256,7,271654176,596257892,4,4,0,0,18012855125309380,0
1,stride16-gcc13-auto-r4-stride16_scan-auto-warm-branch-2097152,stride16-gcc13-auto,4,stride16_scan,auto,warm,branch,2097152,2097152,112328704,3428,250069509,548881624,4,4,0,0,0,0
1,stride16-gcc13-auto-r4-stride16_scan-auto-warm-branch-16384,stride16-gcc13-auto,4,stride16_scan,auto,warm,branch,16384,16384,315053824,1230679,250000252,548729460,4,4,0,0,504764471523,0
1,stride16-gcc13-auto-r4-stride16_scan-auto-cache_evicted-branch-262144,stride16-gcc13-auto,4,stride16_scan,auto,cache_evicted,branch,262144,262144,152387584,37204,250003219,548735980,4,4,0,0,0,0
1,stride16-gcc13-auto-r4-stride16_scan-auto-warm-basic-262144,stride16-gcc13-auto,4,stride16_scan,auto,warm,basic,262144,262144,133246976,32531,250006515,548743220,4,4,0,0,8716315336334,0
1,stride16-gcc13-auto-r4-stride16_scan-auto-cache_evicted-basic-262144,stride16-gcc13-auto,4,stride16_scan,auto,cache_evicted,basic,262144,262144,160120832,39092,250002501,548734408,4,4,0,0,0,0
1,stride16-gcc13-auto-r4-stride16_scan-auto-warm-basic-8192,stride16-gcc13-auto,4,stride16_scan,auto,warm,basic,8192,8192,262190080,2048360,250000217,548729336,4,4,0,0,0,0
1,stride16-gcc13-auto-r4-stride16_scan-auto-warm-branch-8192,stride16-gcc13-auto,4,stride16_scan,auto,warm,branch,8192,8192,263127808,2055686,250000177,548729316,4,4,0,0,0,0
1,stride16-gcc13-auto-r4-stride16_scan-auto-warm-basic-524288,stride16-gcc13-auto,4,stride16_scan,auto,warm,basic,524288,524288,111755264,13642,250006775,548743812,4,4,0,0,0,0
1,stride16-gcc13-auto-r4-stride16_scan-auto-warm-branch-262144,stride16-gcc13-auto,4,stride16_scan,auto,warm,branch,262144,262144,145690624,35569,250003233,548735820,4,4,0,0,8716315336334,0
1,stride16-gcc13-auto-r4-stride16_scan-auto-warm-basic-33554432,stride16-gcc13-auto,4,stride16_scan,auto,warm,basic,33554432,33554432,54001664,103,250646693,550148352,4,4,0,0,1124115648051249,0
1,stride16-gcc13-auto-r4-stride16_scan-auto-warm-basic-196608,stride16-gcc13-auto,4,stride16_scan,auto,warm,basic,196608,196608,225297408,73339,250002723,548734892,4,4,0,0,6532194166792,0
1,stride16-gcc13-auto-r4-stride16_scan-auto-warm-basic-1048576,stride16-gcc13-auto,4,stride16_scan,auto,warm,basic,1048576,1048576,112132096,6844,250021226,548775512,4,4,0,0,0,0
1,stride16-gcc13-auto-r4-stride16_scan-auto-warm-branch-33554432,stride16-gcc13-auto,4,stride16_scan,auto,warm,branch,33554432,33554432,54001664,103,250941235,550794864,4,4,0,0,1124115648051249,0
1,stride16-gcc13-auto-r4-stride16_scan-auto-warm-branch-24576,stride16-gcc13-auto,4,stride16_scan,auto,warm,branch,24576,24576,338021376,880264,250000385,548729760,4,4,0,0,0,0
1,stride16-gcc13-auto-r4-stride16_scan-auto-warm-basic-28672,stride16-gcc13-auto,4,stride16_scan,auto,warm,basic,28672,28672,329423360,735320,250000221,548729408,4,4,0,0,0,0
1,stride16-gcc13-auto-r4-stride16_scan-auto-cache_evicted-basic-33554432,stride16-gcc13-auto,4,stride16_scan,auto,cache_evicted,basic,33554432,33554432,54001664,103,250795608,550475052,4,4,0,0,1126419427349883,0
1,stride16-gcc13-auto-r4-stride16_scan-auto-warm-branch-65536,stride16-gcc13-auto,4,stride16_scan,auto,warm,branch,65536,65536,202804224,198051,250000578,548730176,4,4,0,0,2164623106110,0
1,stride16-gcc13-auto-r4-stride16_scan-auto-warm-basic-4194304,stride16-gcc13-auto,4,stride16_scan,auto,warm,basic,4194304,4194304,108396544,1654,250088852,548923948,4,4,0,0,0,0
1,stride16-gcc13-auto-r4-stride16_scan-auto-warm-branch-49152,stride16-gcc13-auto,4,stride16_scan,auto,warm,branch,49152,49152,202583808,263781,250000212,548729372,4,4,0,0,1629620994100,0
1,stride16-gcc13-auto-r4-stride16_scan-auto-warm-basic-131072,stride16-gcc13-auto,4,stride16_scan,auto,warm,basic,131072,131072,212781056,103897,250001918,548732464,4,4,0,0,4368190345489,0
1,stride16-gcc13-auto-r4-stride16_scan-auto-warm-branch-98304,stride16-gcc13-auto,4,stride16_scan,auto,warm,branch,98304,98304,205298688,133658,250001637,548732508,4,4,0,0,0,0
1,stride16-gcc13-auto-r4-stride16_scan-auto-warm-basic-49152,stride16-gcc13-auto,4,stride16_scan,auto,warm,basic,49152,49152,199024896,259147,250000724,548730512,4,4,0,0,1629620994100,0
1,stride16-gcc13-auto-r4-stride16_scan-auto-warm-basic-12582912,stride16-gcc13-auto,4,stride16_scan,auto,warm,basic,12582912,12582912,59572224,303,250086976,548919664,4,4,0,0,421465328814538,0
1,stride16-gcc13-auto-r4-stride16_scan-auto-warm-basic-8388608,stride16-gcc13-auto,4,stride16_scan,auto,warm,basic,8388608,8388608,73662464,562,250153628,549066108,4,4,0,0,0,0
1,stride16-gcc13-auto-r4-stride16_scan-auto-warm-branch-536870912,stride16-gcc13-auto,4,stride16_scan,auto,warm,branch,536870912,536870912,58720256,7,274264347,601986980,4,4,0,0,18015733430633011,0
1,stride16-gcc13-auto-r4-stride16_scan-auto-warm-basic-2097152,stride16-gcc13-auto,4,stride16_scan,auto,warm,basic,2097152,2097152,112230400,3425,250025550,548784824,4,4,0,0,70183020256429,0
1,stride16-gcc13-auto-r4-stride16_scan-auto-cache_evicted-basic-32768,stride16-gcc13-auto,4,stride16_scan,auto,cache_evicted,basic,32768,32768,321432576,627798,250000149,548729224,4,4,0,0,0,0
1,stride16-gcc13-auto-r4-stride16_scan-auto-cache_evicted-basic-6291456,stride16-gcc13-auto,4,stride16_scan,auto,cache_evicted,basic,6291456,6291456,91815936,934,250251323,549280388,4,4,0,0,0,0
1,stride16-gcc13-auto-r4-stride16_scan-auto-cache_evicted-branch-6291456,stride16-gcc13-auto,4,stride16_scan,auto,cache_evicted,branch,6291456,6291456,90243072,918,250183681,549131920,4,4,0,0,0,0
1,stride16-gcc13-auto-r4-stride16_scan-auto-warm-branch-12582912,stride16-gcc13-auto,4,stride16_scan,auto,warm,branch,12582912,12582912,61145088,311,250185804,549136548,4,4,0,0,421465328814538,0
1,stride16-gcc13-auto-r4-stride16_scan-auto-warm-branch-196608,stride16-gcc13-auto,4,stride16_scan,auto,warm,branch,196608,196608,221758464,72187,250002054,548733416,4,4,0,0,6532194166792,0
1,stride16-gcc13-auto-r4-stride16_scan-auto-warm-branch-1048576,stride16-gcc13-auto,4,stride16_scan,auto,warm,branch,1048576,1048576,112148480,6845,250012233,548755760,4,4,0,0,34892935430792,0
1,stride16-gcc13-auto-r4-stride16_scan-auto-warm-branch-5242880,stride16-gcc13-auto,4,stride16_scan,auto,warm,branch,5242880,5242880,99532800,1215,250055920,548851796,4,4,0,0,175833733618492,0
1,stride16-gcc13-auto-r4-stride16_scan-auto-cache_evicted-branch-1048576,stride16-gcc13-auto,4,stride16_scan,auto,cache_evicted,branch,1048576,1048576,112066560,6840,250016030,548763916,4,4,0,0,0,0
1,stride16-gcc13-auto-r4-stride16_scan-auto-warm-branch-8388608,stride16-gcc13-auto,4,stride16_scan,auto,warm,branch,8388608,8388608,75366400,575,250201435,549170884,4,4,0,0,280846292562348,0
1,stride16-gcc13-auto-r4-stride16_scan-auto-warm-branch-393216,stride16-gcc13-auto,4,stride16_scan,auto,warm,branch,393216,393216,116109312,18898,250012772,548756948,4,4,0,0,0,0
1,stride16-gcc13-auto-r4-stride16_scan-auto-warm-basic-7340032,stride16-gcc13-auto,4,stride16_scan,auto,warm,basic,7340032,7340032,82690048,721,250262192,549304244,4,4,0,0,245805770010846,0
1,stride16-gcc13-auto-r4-stride16_scan-auto-warm-basic-294912,stride16-gcc13-auto,4,stride16_scan,auto,warm,basic,294912,294912,140884992,30574,250006083,548742412,4,4,0,0,0,0
1,stride16-gcc13-auto-r4-stride16_scan-auto-warm-basic-65536,stride16-gcc13-auto,4,stride16_scan,auto,warm,basic,65536,65536,203462656,198694,250000414,548729964,4,4,0,0,0,0
1,stride16-gcc13-auto-r4-stride16_scan-auto-warm-basic-6291456,stride16-gcc13-auto,4,stride16_scan,auto,warm,basic,6291456,6291456,91815936,934,250100750,548949864,4,4,0,0,0,0
1,stride16-gcc13-auto-r4-stride16_scan-auto-warm-basic-98304,stride16-gcc13-auto,4,stride16_scan,auto,warm,basic,98304,98304,156917760,102160,250002122,548733568,4,4,0,0,0,0
1,stride16-gcc13-auto-r4-stride16_scan-auto-warm-branch-36864,stride16-gcc13-auto,4,stride16_scan,auto,warm,branch,36864,36864,195163776,338826,250000872,548730656,4,4,0,0,0,0
1,stride16-gcc13-auto-r4-stride16_scan-auto-warm-branch-4194304,stride16-gcc13-auto,4,stride16_scan,auto,warm,branch,4194304,4194304,107151360,1635,250057922,548855896,4,4,0,0,140333085323022,0
1,stride16-gcc13-auto-r4-stride16_scan-auto-warm-basic-134217728,stride16-gcc13-auto,4,stride16_scan,auto,warm,basic,134217728,134217728,56623104,27,259379169,569315208,4,4,0,0,4503720186931531,0
1,stride16-gcc13-auto-r4-stride16_scan-auto-warm-basic-24576,stride16-gcc13-auto,4,stride16_scan,auto,warm,basic,24576,24576,330989952,861953,250000243,548729584,4,4,0,0,784714941279,0
1,stride16-gcc13-auto-r4-stride16_scan-auto-warm-branch-32768,stride16-gcc13-auto,4,stride16_scan,auto,warm,branch,32768,32768,324617728,634019,250000516,548730048,4,4,0,0,1066264212487,0
1,stride16-gcc13-auto-r4-stride16_scan-auto-warm-branch-524288,stride16-gcc13-auto,4,stride16_scan,auto,warm,branch,524288,524288,111869952,13656,250009838,548750656,4,4,0,0,0,0
1,stride16-gcc13-auto-r4-stride16_scan-auto-warm-branch-229376,stride16-gcc13-auto,4,stride16_scan,auto,warm,branch,229376,229376,170974720,47705,250003726,548737100,4,4,0,0,7633951322737,0
1,stride16-gcc13-auto-r4-stride16_scan-auto-warm-branch-134217728,stride16-gcc13-auto,4,stride16_scan,auto,warm,branch,134217728,134217728,54525952,26,250047612,548833208,4,4,0,0,0,0
1,stride16-gcc13-auto-r4-stride16_scan-auto-warm-basic-36864,stride16-gcc13-auto,4,stride16_scan,auto,warm,basic,36864,36864,197877312,343537,250000463,548729736,4,4,0,0,1205687502153,0
1,stride16-gcc13-auto-r4-stride16_scan-auto-warm-basic-16384,stride16-gcc13-auto,4,stride16_scan,auto,warm,basic,16384,16384,315199744,1231249,250000394,548729588,4,4,0,0,504764471523,0
1,stride16-gcc13-auto-r4-stride16_scan-auto-warm-branch-28672,stride16-gcc13-auto,4,stride16_scan,auto,warm,branch,28672,28672,331597952,740174,250000346,548729808,4,4,0,0,0,0
1,stride16-gcc13-auto-r4-stride16_scan-auto-cache_evicted-branch-33554432,stride16-gcc13-auto,4,stride16_scan,auto,cache_evicted,branch,33554432,33554432,55050240,105,250468507,549757056,4,4,0,0,1126419427349883,0
1,stride16-gcc13-auto-r4-stride16_scan-auto-warm-branch-294912,stride16-gcc13-auto,4,stride16_scan,auto,warm,branch,294912,294912,130802688,28386,250003213,548736100,4,4,0,0,0,0
1,stride16-gcc13-auto-r4-stride16_scan-auto-warm-branch-7340032,stride16-gcc13-auto,4,stride16_scan,auto,warm,branch,7340032,7340032,85901312,749,250110018,548970384,4,4,0,0,245805770010846,0
1,stride16-gcc13-auto-r4-stride16_scan-auto-warm-basic-536870912,stride16-gcc13-auto,4,stride16_scan,auto,warm,basic,536870912,536870912,58720256,7,273466028,600234748,4,4,0,0,18015733430633011,0
1,stride16-gcc13-auto-r4-stride16_scan-auto-cache_evicted-branch-8388608,stride16-gcc13-auto,4,stride16_scan,auto,cache_evicted,branch,8388608,8388608,73793536,563,250099491,548947100,4,4,0,0,281937011751577,0
1,stride16-gcc13-auto-r4-stride16_scan-auto-warm-branch-131072,stride16-gcc13-auto,4,stride16_scan,auto,warm,branch,131072,131072,211431424,103238,250001244,548731784,4,4,0,0,0,0
1,stride16-gcc13-auto-r4-stride16_scan-auto-cache_evicted-branch-32768,stride16-gcc13-auto,4,stride16_scan,auto,cache_evicted,branch,32768,32768,325814272,636356,250000607,548730048,4,4,0,0,0,0
1,stride16-gcc13-auto-r5-stride16_scan-auto-warm-branch-196608,stride16-gcc13-auto,5,stride16_scan,auto,warm,branch,196608,196608,221875200,72225,250002189,548733864,4,4,0,0,6570104355684,0
1,stride16-gcc13-auto-r5-stride16_scan-auto-warm-basic-32768,stride16-gcc13-auto,5,stride16_scan,auto,warm,basic,32768,32768,327751680,640140,250000279,548729540,4,4,0,0,0,0
1,stride16-gcc13-auto-r5-stride16_scan-auto-warm-branch-524288,stride16-gcc13-auto,5,stride16_scan,auto,warm,branch,524288,524288,111886336,13658,250006809,548743996,4,4,0,0,0,0
1,stride16-gcc13-auto-r5-stride16_scan-auto-cache_evicted-branch-33554432,stride16-gcc13-auto,5,stride16_scan,auto,cache_evicted,branch,33554432,33554432,53477376,102,252272191,553716028,4,4,0,0,0,0
1,stride16-gcc13-auto-r5-stride16_scan-auto-cache_evicted-branch-8388608,stride16-gcc13-auto,5,stride16_scan,auto,cache_evicted,branch,8388608,8388608,70909952,541,250252112,549282264,4,4,0,0,281345558333087,0
1,stride16-gcc13-auto-r5-stride16_scan-auto-warm-basic-28672,stride16-gcc13-auto,5,stride16_scan,auto,warm,basic,28672,28672,330306816,737292,250000293,548729688,4,4,0,0,0,0
1,stride16-gcc13-auto-r5-stride16_scan-auto-warm-basic-8192,stride16-gcc13-auto,5,stride16_scan,auto,warm,basic,8192,8192,262432256,2050252,250000256,548729480,4,4,0,0,0,0
1,stride16-gcc13-auto-r5-stride16_scan-auto-warm-branch-6291456,stride16-gcc13-auto,5,stride16_scan,auto,warm,branch,6291456,6291456,89063424,906,250032952,548801204,4,4,0,0,0,0
1,stride16-gcc13-auto-r5-stride16_scan-auto-cache_evicted-basic-32768,stride16-gcc13-auto,5,stride16_scan,auto,cache_evicted,basic,32768,32768,327576576,639798,250000319,548729624,4,4,0,0,0,0
1,stride16-gcc13-auto-r5-stride16_scan-auto-warm-basic-2097152,stride16-gcc13-auto,5,stride16_scan,auto,warm,basic,2097152,2097152,112197632,3424,250018013,548768440,4,4,0,0,0,0
1,stride16-gcc13-auto-r5-stride16_scan-auto-warm-basic-294912,stride16-gcc13-auto,5,stride16_scan,auto,warm,basic,294912,294912,127498752,27669,250005468,548740900,4,4,0,0,9858757596067,0
1,stride16-gcc13-auto-r5-stride16_scan-auto-warm-branch-134217728,stride16-gcc13-auto,5,stride16_scan,auto,warm,branch,134217728,134217728,54525952,26,253990543,557487636,4,4,0,0,0,0
1,stride16-gcc13-auto-r5-stride16_scan-auto-warm-branch-33554432,stride16-gcc13-auto,5,stride16_scan,auto,warm,branch,33554432,33554432,55050240,105,250325548,549443308,4,4,0,0,1125584612103552,0
1,stride16-gcc13-auto-r5-stride16_scan-auto-warm-basic-16384,stride16-gcc13-auto,5,stride16_scan,auto,warm,basic,16384,16384,314445056,1228301,250000215,548729532,4,4,0,0,568073388658,0
1,stride16-gcc13-auto-r5-stride16_scan-auto-warm-basic-5242880,stride16-gcc13-auto,5,stride16_scan,auto,warm,basic,5242880,5242880,110510080,1349,250063053,548867112,4,4,0,0,175532494968030,0
1,stride16-gcc13-auto-r5-stride16_scan-auto-warm-basic-36864,stride16-gcc13-auto,5,stride16_scan,auto,warm,basic,36864,36864,195690816,339741,250000861,548730796,4,4,0,0,1246948212458,0
1,stride16-gcc13-auto-r5-stride16_scan-auto-warm-basic-7340032,stride16-gcc13-auto,5,stride16_scan,auto,warm,basic,7340032,7340032,84869120,740,250255963,549290724,4,4,0,0,0,0
1,stride16-gcc13-auto-r5-stride16_scan-auto-cache_evicted-branch-536870912,stride16-gcc13-auto,5,stride16_scan,auto,cache_evicted,branch,536870912,536870912,58720256,7,275721736,605185820,4,4,0,0,18012226726777630,0
1,stride16-gcc13-auto-r5-stride16_scan-auto-warm-basic-12582912,stride16-gcc13-auto,5,stride16_scan,auto,warm,basic,12582912,12582912,61734912,314,250169121,549099964,4,4,0,0,0,0
1,stride16-gcc13-auto-r5-stride16_scan-auto-warm-branch-4194304,stride16-gcc13-auto,5,stride16_scan,auto,warm,branch,4194304,4194304,108855296,1661,250046809,548831780,4,4,0,0,140299415345159,0
1,stride16-gcc13-auto-r5-stride16_scan-auto-warm-basic-65536,stride16-gcc13-auto,5,stride16_scan,auto,warm,basic,65536,65536,202663936,197914,250001003,548731252,4,4,0,0,0,0
1,stride16-gcc13-auto-r5-stride16_scan-auto-warm-basic-134217728,stride16-gcc13-auto,5,stride16_scan,auto,warm,basic,134217728,134217728,56623104,27,258352886,567062612,4,4,0,0,4504067175786675,0
1,stride16-gcc13-auto-r5-stride16_scan-auto-warm-branch-49152,stride16-gcc13-auto,5,stride16_scan,auto,warm,branch,49152,49152,200679168,261301,250000415,548729956,4,4,0,0,1664340032120,0
1,stride16-gcc13-auto-r5-stride16_scan-auto-warm-branch-28672,stride16-gcc13-auto,5,stride16_scan,auto,warm,branch,28672,28672,329752640,736055,250000414,548729980,4,4,0,0,981415199124,0
1,stride16-gcc13-auto-r5-stride16_scan-auto-warm-branch-98304,stride16-gcc13-auto,5,stride16_scan,auto,warm,branch,98304,98304,204059136,132851,250001291,548731752,4,4,0,0,3303582545396,0
1,stride16-gcc13-auto-r5-stride16_scan-auto-warm-branch-131072,stride16-gcc13-auto,5,stride16_scan,auto,warm,branch,131072,131072,209090560,102095,250002122,548733564,4,4,0,0,4399883329278,0
1,stride16-gcc13-auto-r5-stride16_scan-auto-warm-basic-262144,stride16-gcc13-auto,5,stride16_scan,auto,warm,basic,262144,262144,157786112,38522,250004808,548739616,4,4,0,0,0,0
1,stride16-gcc13-auto-r5-stride16_scan-auto-warm-basic-524288,stride16-gcc13-auto,5,stride16_scan,auto,warm,basic,524288,524288,111894528,13659,250017866,548768264,4,4,0,0,17555514137435,0
1,stride16-gcc13-auto-r5-stride16_scan-auto-cache_evicted-basic-6291456,stride16-gcc13-auto,5,stride16_scan,auto,cache_evicted,basic,6291456,6291456,96239616,979,250193682,549154024,4,4,0,0,211040262588749,0
1,stride16-gcc13-auto-r5-stride16_scan-auto-cache_evicted-branch-262144,stride16-gcc13-auto,5,stride16_scan,auto,cache_evicted,branch,262144,262144,196239360,47910,250002415,548734348,4,4,0,0,0,0
1,stride16-gcc13-auto-r5-stride16_scan-auto-cache_evicted-branch-32768,stride16-gcc13-auto,5,stride16_scan,auto,cache_evicted,branch,32768,32768,329639936,643828,250000405,548729948,4,4,0,0,0,0
1,stride16-gcc13-auto-r5-stride16_scan-auto-warm-basic-98304,stride16-gcc13-auto,5,stride16_scan,auto,warm,basic,98304,98304,205871616,134031,250001845,548733128,4,4,0,0,3303582545396,0
1,stride16-gcc13-auto-r5-stride16_scan-auto-cache_evicted-basic-536870912,stride16-gcc13-auto,5,stride16_scan,auto,cache_evicted,basic,536870912,536870912,58720256,7,283788165,622890984,4,4,0,0,18012226726777630,0
1,stride16-gcc13-auto-r5-stride16_scan-auto-warm-branch-536870912,stride16-gcc13-auto,5,stride16_scan,auto,warm,branch,536870912,536870912,50331648,6,253418036,556231192,4,4,0,0,0,0
1,stride16-gcc13-auto-r5-stride16_scan-auto-warm-branch-12582912,stride16-gcc13-auto,5,stride16_scan,auto,warm,branch,12582912,12582912,53280768,271,250561666,549961564,4,4,0,0,421879653074115,0
1,stride16-gcc13-auto-r5-stride16_scan-auto-warm-basic-196608,stride16-gcc13-auto,5,stride16_scan,auto,warm,basic,196608,196608,222898176,72558,250003258,548735932,4,4,0,0,0,0
1,stride16-gcc13-auto-r5-stride16_scan-auto-warm-branch-32768,stride16-gcc13-auto,5,stride16_scan,auto,warm,branch,32768,32768,323787776,632398,250000587,548730052,4,4,0,0,0,0
1,stride16-gcc13-auto-r5-stride16_scan-auto-cache_evicted-basic-8388608,stride16-gcc13-auto,5,stride16_scan,auto,cache_evicted,basic,8388608,8388608,61734912,471,250192620,549151204,4,4,0,0,281345558333087,0
1,stride16-gcc13-auto-r5-stride16_scan-auto-warm-branch-294912,stride16-gcc13-auto,5,stride16_scan,auto,warm,branch,294912,294912,140438016,30477,250002632,548734484,4,4,0,0,9858757596067,0
1,stride16-gcc13-auto-r5-stride16_scan-auto-warm-basic-393216,stride16-gcc13-auto,5,stride16_scan,auto,warm,basic,393216,393216,116705280,18995,250008712,548747868,4,4,0,0,13183762961315,0
1,stride16-gcc13-auto-r5-stride16_scan-auto-warm-branch-8388608,stride16-gcc13-auto,5,stride16_scan,auto,warm,branch,8388608,8388608,55574528,424,250389220,549583032,4,4,0,0,0,0
1,stride16-gcc13-auto-r5-stride16_scan-auto-warm-branch-393216,stride16-gcc13-auto,5,stride16_scan,auto,warm,branch,393216,393216,111366144,18126,250013776,548758964,4,4,0,0,0,0
1,stride16-gcc13-auto-r5-stride16_scan-auto-warm-basic-49152,stride16-gcc13-auto,5,stride16_scan,auto,warm,basic,49152,49152,198674688,258691,250000983,548730692,4,4,0,0,1664340032120,0
1,stride16-gcc13-auto-r5-stride16_scan-auto-cache_evicted-basic-1048576,stride16-gcc13-auto,5,stride16_scan,auto,cache_evicted,basic,1048576,1048576,111984640,6835,250029283,548793032,4,4,0,0,35308345443750,0
1,stride16-gcc13-auto-r5-stride16_scan-auto-warm-branch-24576,stride16-gcc13-auto,5,stride16_scan,auto,warm,branch,24576,24576,329546496,858194,250000281,548729328,4,4,0,0,0,0
1,stride16-gcc13-auto-r5-stride16_scan-auto-warm-basic-4194304,stride16-gcc13-auto,5,stride16_scan,auto,warm,basic,4194304,4194304,106102784,1619,250011310,548753544,4,4,0,0,140299415345159,0
1,stride16-gcc13-auto-r5-stride16_scan-auto-warm-branch-7340032,stride16-gcc13-auto,5,stride16_scan,auto,warm,branch,7340032,7340032,84983808,741,250256382,549291468,4,4,0,0,246131906538143,0
1,stride16-gcc13-auto-r5-stride16_scan-auto-warm-basic-24576,stride16-gcc13-auto,5,stride16_scan,auto,warm,basic,24576,24576,334800768,871877,250000263,548729352,4,4,0,0,832819788323,0
1,stride16-gcc13-auto-r5-stride16_scan-auto-warm-basic-33554432,stride16-gcc13-auto,5,stride16_scan,auto,warm,basic,33554432,33554432,54525952,104,250615811,550080424,4,4,0,0,0,0
1,stride16-gcc13-auto-r5-stride16_scan-auto-warm-basic-536870912,stride16-gcc13-auto,5,stride16_scan,auto,warm,basic,536870912,536870912,50331648,6,256133570,562191440,4,4,0,0,0,0
1,stride16-gcc13-auto-r5-stride16_scan-auto-warm-basic-131072,stride16-gcc13-auto,5,stride16_scan,auto,warm,basic,131072,131072,209530880,102310,250002553,548734372,4,4,0,0,0,0
1,stride16-gcc13-auto-r5-stride16_scan-auto-warm-branch-16384,stride16-gcc13-auto,5,stride16_scan,auto,warm,branch,16384,16384,308278528,1204213,250000177,548729288,4,4,0,0,568073388658,0
1,stride16-gcc13-auto-r5-stride16_scan-auto-cache_evicted-branch-6291456,stride16-gcc13-auto,5,stride16_scan,auto,cache_evicted,branch,6291456,6291456,91029504,926,250145364,549047948,4,4,0,0,0,0
1,stride16-gcc13-auto-r5-stride16_scan-auto-warm-basic-1048576,stride16-gcc13-auto,5,stride16_scan,auto,warm,basic,1048576,1048576,112148480,6845,250035144,548806052,4,4,0,0,35185090564000,0
1,stride16-gcc13-auto-r5-stride16_scan-auto-warm-branch-2097152,stride16-gcc13-auto,5,stride16_scan,auto,warm,branch,2097152,2097152,112263168,3426,250065111,548871820,4,4,0,0,0,0
1,stride16-gcc13-auto-r5-stride16_scan-auto-warm-basic-229376,stride16-gcc13-auto,5,stride16_scan,auto,warm,basic,229376,229376,195281408,54487,250001006,548731124,4,4,0,0,7667507616310,0
1,stride16-gcc13-auto-r5-stride16_scan-auto-warm-branch-1048576,stride16-gcc13-auto,5,stride16_scan,auto,warm,branch,1048576,1048576,111951872,6833,250025102,548784156,4,4,0,0,35185090564000,0
1,stride16-gcc13-auto-r5-stride16_scan-auto-cache_evicted-basic-33554432,stride16-gcc13-auto,5,stride16_scan,auto,cache_evicted,basic,33554432,33554432,54525952,104,251174634,551306788,4,4,0,0,0,0
1,stride16-gcc13-auto-r5-stride16_scan-auto-warm-basic-8388608,stride16-gcc13-auto,5,stride16_scan,auto,warm,basic,8388608,8388608,72482816,553,250390697,549586420,4,4,0,0,281453299980227,0
1,stride16-gcc13-auto-r5-stride16_scan-auto-warm-branch-229376,stride16-gcc13-auto,5,stride16_scan,auto,warm,branch,229376,229376,142585856,39784,250004279,548738120,4,4,0,0,0,0
1,stride16-gcc13-auto-r5-stride16_scan-auto-cache_evicted-basic-262144,stride16-gcc13-auto,5,stride16_scan,auto,cache_evicted,basic,262144,262144,156811264,38284,250002450,548734424,4,4,0,0,0,0
1,stride16-gcc13-auto-r5-stride16_scan-auto-warm-basic-6291456,stride16-gcc13-auto,5,stride16_scan,auto,warm,basic,6291456,6291456,75694080,770,250296587,549379700,4,4,0,0,0,0
1,stride16-gcc13-auto-r5-stride16_scan-auto-cache_evicted-branch-1048576,stride16-gcc13-auto,5,stride16_scan,auto,cache_evicted,branch,1048576,1048576,112164864,6846,250003046,548735600,4,4,0,0,0,0
1,stride16-gcc13-auto-r5-stride16_scan-auto-warm-branch-8192,stride16-gcc13-auto,5,stride16_scan,auto,warm,branch,8192,8192,262084352,2047534,250000201,548729496,4,4,0,0,0,0
1,stride16-gcc13-auto-r5-stride16_scan-auto-warm-branch-5242880,stride16-gcc13-auto,5,stride16_scan,auto,warm,branch,5242880,5242880,88064000,1075,250092810,548932520,4,4,0,0,175532494968030,0
1,stride16-gcc13-auto-r5-stride16_scan-auto-warm-branch-65536,stride16-gcc13-auto,5,stride16_scan,auto,warm,branch,65536,65536,201626624,196901,250000447,548729660,4,4,0,0,2208874284837,0
1,stride16-gcc13-auto-r5-stride16_scan-auto-warm-branch-36864,stride16-gcc13-auto,5,stride16_scan,auto,warm,branch,36864,36864,195622848,339623,250000750,548730552,4,4,0,0,1246948212458,0
1,stride16-gcc13-auto-r5-stride16_scan-auto-warm-branch-262144,stride16-gcc13-auto,5,stride16_scan,auto,warm,branch,262144,262144,150089728,36643,250003837,548737164,4,4,1,0,8754495699321,0
1,stride16-gcc13-auto-r6-stride16_scan-auto-cache_evicted-branch-6291456,stride16-gcc13-auto,6,stride16_scan,auto,cache_evicted,branch,6291456,6291456,74711040,760,250021447,548775796,4,4,0,0,0,0
1,stride16-gcc13-auto-r6-stride16_scan-auto-warm-basic-229376,stride16-gcc13-auto,6,stride16_scan,auto,warm,basic,229376,229376,151947264,42396,250000818,548730712,4,4,0,0,0,0
1,stride16-gcc13-auto-r6-stride16_scan-auto-warm-branch-536870912,stride16-gcc13-auto,6,stride16_scan,auto,warm,branch,536870912,536870912,58720256,7,271339780,595567808,4,4,0,0,18017320474022258,0
1,stride16-gcc13-auto-r6-stride16_scan-auto-warm-branch-2097152,stride16-gcc13-auto,6,stride16_scan,auto,warm,branch,2097152,2097152,112295936,3427,250013567,548758164,4,4,0,0,70166459708520,0
1,stride16-gcc13-auto-r6-stride16_scan-auto-warm-basic-294912,stride16-gcc13-auto,6,stride16_scan,auto,warm,basic,294912,294912,131268096,28487,250007715,548745652,4,4,0,0,9892825539296,0
1,stride16-gcc13-auto-r6-stride16_scan-auto-warm-basic-2097152,stride16-gcc13-auto,6,stride16_scan,auto,warm,basic,2097152,2097152,112263168,3426,250072071,548886960,4,4,0,0,0,0
1,stride16-gcc13-auto-r6-stride16_scan-auto-warm-basic-36864,stride16-gcc13-auto,6,stride16_scan,auto,warm,basic,36864,36864,197431488,342763,250000475,548729940,4,4,0,0,1227000127213,0
1,stride16-gcc13-auto-r6-stride16_scan-auto-warm-branch-393216,stride16-gcc13-auto,6,stride16_scan,auto,warm,branch,393216,393216,111624192,18168,250006276,548742752,4,4,0,0,0,0
1,stride16-gcc13-auto-r6-stride16_scan-auto-warm-branch-134217728,stride16-gcc13-auto,6,stride16_scan,auto,warm,branch,134217728,134217728,56623104,27,258985651,568451448,4,4,0,0,4504162205330315,0
1,stride16-gcc13-auto-r6-stride16_scan-auto-cache_evicted-branch-33554432,stride16-gcc13-auto,6,stride16_scan,auto,cache_evicted,branch,33554432,33554432,55574528,106,251667579,552388960,4,4,0,0,0,0
1,stride16-gcc13-auto-r6-stride16_scan-auto-warm-basic-5242880,stride16-gcc13-auto,6,stride16_scan,auto,warm,basic,5242880,5242880,109199360,1333,250104649,548958596,4,4,0,0,176246545983057,0
1,stride16-gcc13-auto-r6-stride16_scan-auto-warm-basic-6291456,stride16-gcc13-auto,6,stride16_scan,auto,warm,basic,6291456,6291456,98107392,998,250175341,549113608,4,4,0,0,0,0
1,stride16-gcc13-auto-r6-stride16_scan-auto-warm-basic-49152,stride16-gcc13-auto,6,stride16_scan,auto,warm,basic,49152,49152,199251456,259442,250000733,548730340,4,4,0,0,0,0
1,stride16-gcc13-auto-r6-stride16_scan-auto-warm-branch-36864,stride16-gcc13-auto,6,stride16_scan,auto,warm,branch,36864,36864,195670656,339706,250000832,548730592,4,4,0,0,0,0
1,stride16-gcc13-auto-r6-stride16_scan-auto-cache_evicted-basic-1048576,stride16-gcc13-auto,6,stride16_scan,auto,cache_evicted,basic,1048576,1048576,112148480,6845,250030325,548795620,4,4,0,0,35123074066786,0
1,stride16-gcc13-auto-r6-stride16_scan-auto-cache_evicted-basic-33554432,stride16-gcc13-auto,6,stride16_scan,auto,cache_evicted,basic,33554432,33554432,55050240,105,251015196,550956984,4,4,0,0,1126228096626839,0
1,stride16-gcc13-auto-r6-stride16_scan-auto-warm-branch-294912,stride16-gcc13-auto,6,stride16_scan,auto,warm,branch,294912,294912,142350336,30892,250001541,548732444,4,4,0,0,0,0
1,stride16-gcc13-auto-r6-stride16_scan-auto-warm-branch-8192,stride16-gcc13-auto,6,stride16_scan,auto,warm,branch,8192,8192,262158336,2048112,250000197,548729484,4,4,0,0,0,0
1,stride16-gcc13-auto-r6-stride16_scan-auto-warm-basic-393216,stride16-gcc13-auto,6,stride16_scan,auto,warm,basic,393216,393216,111722496,18184,250000176,548729448,4,4,0,0,0,0
1,stride16-gcc13-auto-r6-stride16_scan-auto-warm-basic-4194304,stride16-gcc13-auto,6,stride16_scan,auto,warm,basic,4194304,4194304,103022592,1572,250029105,548792644,4,4,0,0,0,0
1,stride16-gcc13-auto-r6-stride16_scan-auto-cache_evicted-branch-32768,stride16-gcc13-auto,6,stride16_scan,auto,cache_evicted,branch,32768,32768,329609216,643768,250000324,548729564,4,4,0,0,0,0
1,stride16-gcc13-auto-r6-stride16_scan-auto-warm-basic-16384,stride16-gcc13-auto,6,stride16_scan,auto,warm,basic,16384,16384,318446336,1243931,250000245,548729444,4,4,0,0,524449958434,0
1,stride16-gcc13-auto-r6-stride16_scan-auto-warm-branch-1048576,stride16-gcc13-auto,6,stride16_scan,auto,warm,branch,1048576,1048576,112066560,6840,250030160,548795244,4,4,0,0,0,0
1,stride16-gcc13-auto-r6-stride16_scan-auto-warm-branch-5242880,stride16-gcc13-auto,6,stride16_scan,auto,warm,branch,5242880,5242880,97320960,1188,250055795,548851152,4,4,0,0,0,0
1,stride16-gcc13-auto-r6-stride16_scan-auto-warm-branch-6291456,stride16-gcc13-auto,6,stride16_scan,auto,warm,branch,6291456,6291456,88571904,901,250246973,549270840,4,4,0,0,211249904217491,0
1,stride16-gcc13-auto-r6-stride16_scan-auto-warm-basic-1048576,stride16-gcc13-auto,6,stride16_scan,auto,warm,basic,1048576,1048576,112148480,6845,250014791,548761356,4,4,0,0,35022693818031,0
1,stride16-gcc13-auto-r6-stride16_scan-auto-warm-basic-32768,stride16-gcc13-auto,6,stride16_scan,auto,warm,basic,32768,32768,328631296,641858,250000429,548730016,4,4,0,0,0,0
1,stride16-gcc13-auto-r6-stride16_scan-auto-warm-basic-524288,stride16-gcc13-auto,6,stride16_scan,auto,warm,basic,524288,524288,111886336,13658,250010518,548751988,4,4,0,0,0,0
1,stride16-gcc13-auto-r6-stride16_scan-auto-warm-basic-536870912,stride16-gcc13-auto,6,stride16_scan,auto,warm,basic,536870912,536870912,58720256,7,271859780,596709144,4,4,0,0,18017320474022258,0
1,stride16-gcc13-auto-r6-stride16_scan-auto-warm-basic-98304,stride16-gcc13-auto,6,stride16_scan,auto,warm,basic,98304,98304,204294144,133004,250000655,548730516,4,4,0,0,0,0
1,stride16-gcc13-auto-r6-stride16_scan-auto-warm-basic-12582912,stride16-gcc13-auto,6,stride16_scan,auto,warm,basic,12582912,12582912,61538304,313,250122774,548998236,4,4,0,0,422095060024579,0
1,stride16-gcc13-auto-r6-stride16_scan-auto-warm-branch-98304,stride16-gcc13-auto,6,stride16_scan,auto,warm,branch,98304,98304,204777984,133319,250000678,548730396,4,4,0,0,3311926389759,0
1,stride16-gcc13-auto-r6-stride16_scan-auto-warm-basic-65536,stride16-gcc13-auto,6,stride16_scan,auto,warm,basic,65536,65536,203365376,198599,250000401,548729944,4,4,0,0,2213159990745,0
1,stride16-gcc13-auto-r6-stride16_scan-auto-warm-branch-32768,stride16-gcc13-auto,6,stride16_scan,auto,warm,branch,32768,32768,326821888,638324,250000314,548729740,4,4,0,0,0,0
1,stride16-gcc13-auto-r6-stride16_scan-auto-cache_evicted-basic-6291456,stride16-gcc13-auto,6,stride16_scan,auto,cache_evicted,basic,6291456,6291456,92110848,937,250078489,548901000,4,4,0,0,210771078058620,0
1,stride16-gcc13-auto-r6-stride16_scan-auto-cache_evicted-branch-262144,stride16-gcc13-auto,6,stride16_scan,auto,cache_evicted,branch,262144,262144,158195712,38622,250004856,548739432,4,4,0,0,0,0
1,stride16-gcc13-auto-r6-stride16_scan-auto-warm-branch-131072,stride16-gcc13-auto,6,stride16_scan,auto,warm,branch,131072,131072,211060736,103057,250002291,548733780,4,4,0,0,4389395899028,0
1,stride16-gcc13-auto-r6-stride16_scan-auto-warm-branch-229376,stride16-gcc13-auto,6,stride16_scan,auto,warm,branch,229376,229376,188744192,52663,250004036,548737780,4,4,0,0,7675419882056,0
1,stride16-gcc13-auto-r6-stride16_scan-auto-warm-branch-196608,stride16-gcc13-auto,6,stride16_scan,auto,warm,branch,196608,196608,187892736,61163,250001767,548732928,4,4,0,0,6542833489349,0
1,stride16-gcc13-auto-r6-stride16_scan-auto-warm-basic-28672,stride16-gcc13-auto,6,stride16_scan,auto,warm,basic,28672,28672,330139264,736918,250000355,548729692,4,4,0,0,0,0
1,stride16-gcc13-auto-r6-stride16_scan-auto-cache_evicted-branch-1048576,stride16-gcc13-auto,6,stride16_scan,auto,cache_evicted,branch,1048576,1048576,112017408,6837,250004464,548738848,4,4,0,0,35123074066786,0
1,stride16-gcc13-auto-r6-stride16_scan-auto-warm-basic-134217728,stride16-gcc13-auto,6,stride16_scan,auto,warm,basic,134217728,134217728,56623104,27,259584527,569765668,4,4,0,0,4504162205330315,0
1,stride16-gcc13-auto-r6-stride16_scan-auto-warm-branch-24576,stride16-gcc13-auto,6,stride16_scan,auto,warm,branch,24576,24576,331913472,864358,250000460,548729744,4,4,0,0,0,0
1,stride16-gcc13-auto-r6-stride16_scan-auto-warm-branch-28672,stride16-gcc13-auto,6,stride16_scan,auto,warm,branch,28672,28672,329687680,735910,250000386,548729584,4,4,0,0,0,0
1,stride16-gcc13-auto-r6-stride16_scan-auto-cache_evicted-basic-536870912,stride16-gcc13-auto,6,stride16_scan,auto,cache_evicted,basic,536870912,536870912,58720256,7,271924295,596850840,4,4,0,0,18019584462135554,0
1,stride16-gcc13-auto-r6-stride16_scan-auto-warm-branch-65536,stride16-gcc13-auto,6,stride16_scan,auto,warm,branch,65536,65536,205915136,201089,250000634,548730300,4,4,0,0,2213159990745,0
1,stride16-gcc13-auto-r6-stride16_scan-auto-cache_evicted-branch-536870912,stride16-gcc13-auto,6,stride16_scan,auto,cache_evicted,branch,536870912,536870912,58720256,7,274165196,601769320,4,4,0,0,18019584462135554,0
1,stride16-gcc13-auto-r6-stride16_scan-auto-warm-branch-7340032,stride16-gcc13-auto,6,stride16_scan,auto,warm,branch,7340032,7340032,83607552,729,250189369,549144352,4,4,0,0,246506178137993,0
1,stride16-gcc13-auto-r6-stride16_scan-auto-warm-basic-131072,stride16-gcc13-auto,6,stride16_scan,auto,warm,basic,131072,131072,210173952,102624,250002054,548733564,4,4,0,0,0,0
1,stride16-gcc13-auto-r6-stride16_scan-auto-warm-basic-33554432,stride16-gcc13-auto,6,stride16_scan,auto,warm,basic,33554432,33554432,54525952,104,250311949,549413344,4,4,0,0,0,0
1,stride16-gcc13-auto-r6-stride16_scan-auto-warm-basic-24576,stride16-gcc13-auto,6,stride16_scan,auto,warm,basic,24576,24576,337813248,879722,250000154,548729388,4,4,0,0,0,0
1,stride16-gcc13-auto-r6-stride16_scan-auto-warm-basic-7340032,stride16-gcc13-auto,6,stride16_scan,auto,warm,basic,7340032,7340032,79822848,696,250059336,548859096,4,4,0,0,0,0
1,stride16-gcc13-auto-r6-stride16_scan-auto-warm-branch-49152,stride16-gcc13-auto,6,stride16_scan,auto,warm,branch,49152,49152,198587136,258577,250000974,548731188,4,4,0,0,1659287475586,0
1,stride16-gcc13-auto-r6-stride16_scan-auto-warm-branch-262144,stride16-gcc13-auto,6,stride16_scan,auto,warm,branch,262144,262144,126107648,30788,250002282,548733796,4,4,0,0,0,0
1,stride16-gcc13-auto-r6-stride16_scan-auto-warm-branch-33554432,stride16-gcc13-auto,6,stride16_scan,auto,warm,branch,33554432,33554432,53477376,102,251849494,552788276,4,4,0,0,0,0
1,stride16-gcc13-auto-r6-stride16_scan-auto-warm-branch-524288,stride16-gcc13-auto,6,stride16_scan,auto,warm,branch,524288,524288,111878144,13657,250011334,548753800,4,4,0,0,17484762846937,0
1,stride16-gcc13-auto-r6-stride16_scan-auto-warm-basic-8192,stride16-gcc13-auto,6,stride16_scan,auto,warm,basic,8192,8192,262433280,2050260,250000148,548729240,4,4,0,0,0,0
1,stride16-gcc13-auto-r6-stride16_scan-auto-cache_evicted-branch-8388608,stride16-gcc13-auto,6,stride16_scan,auto,cache_evicted,branch,8388608,8388608,75890688,579,250146495,549050428,4,4,0,0,281188778869009,0
1,stride16-gcc13-auto-r6-stride16_scan-auto-cache_evicted-basic-32768,stride16-gcc13-auto,6,stride16_scan,auto,cache_evicted,basic,32768,32768,325302784,635357,250000268,548729320,4,4,0,0,1125176984465,0
1,stride16-gcc13-auto-r6-stride16_scan-auto-warm-branch-12582912,stride16-gcc13-auto,6,stride16_scan,auto,warm,branch,12582912,12582912,61538304,313,250048830,548835884,4,4,0,0,422095060024579,0
1,stride16-gcc13-auto-r6-stride16_scan-auto-cache_evicted-basic-8388608,stride16-gcc13-auto,6,stride16_scan,auto,cache_evicted,basic,8388608,8388608,76152832,581,250331917,549457248,4,4,0,0,281188778869009,0
1,stride16-gcc13-auto-r6-stride16_scan-auto-warm-basic-8388608,stride16-gcc13-auto,6,stride16_scan,auto,warm,basic,8388608,8388608,76414976,583,250400895,549608660,4,4,0,0,281609680908359,0
1,stride16-gcc13-auto-r6-stride16_scan-auto-warm-branch-16384,stride16-gcc13-auto,6,stride16_scan,auto,warm,branch,16384,16384,311211264,1215669,250000360,548729560,4,4,0,0,524449958434,0
1,stride16-gcc13-auto-r6-stride16_scan-auto-warm-branch-8388608,stride16-gcc13-auto,6,stride16_scan,auto,warm,branch,8388608,8388608,74842112,571,250193615,549153692,4,4,0,0,281609680908359,0
1,stride16-gcc13-auto-r6-stride16_scan-auto-warm-basic-196608,stride16-gcc13-auto,6,stride16_scan,auto,warm,basic,196608,196608,217737216,70878,250002215,548733760,4,4,0,0,0,0
1,stride16-gcc13-auto-r6-stride16_scan-auto-cache_evicted-basic-262144,stride16-gcc13-auto,6,stride16_scan,auto,cache_evicted,basic,262144,262144,154996736,37841,250006569,548743460,4,4,0,0,8733491042970,0
1,stride16-gcc13-auto-r6-stride16_scan-auto-warm-branch-4194304,stride16-gcc13-auto,6,stride16_scan,auto,warm,branch,4194304,4194304,106823680,1630,250079831,548904112,4,4,0,0,0,0
1,stride16-gcc13-auto-r6-stride16_scan-auto-warm-basic-262144,stride16-gcc13-auto,6,stride16_scan,auto,warm,basic,262144,262144,185618432,45317,250005071,548740212,4,4,0,0,8804380657272,0
1,stride16-gcc13-auto-r7-stride16_scan-auto-warm-basic-7340032,stride16-gcc13-auto,7,stride16_scan,auto,warm,basic,7340032,7340032,82231296,717,250146263,549049748,4,4,0,0,246391048564810,0
1,stride16-gcc13-auto-r7-stride16_scan-auto-cache_evicted-branch-32768,stride16-gcc13-auto,7,stride16_scan,auto,cache_evicted,branch,32768,32768,329071104,642717,250000349,548729660,4,4,0,0,1141383923069,0
1,stride16-gcc13-auto-r7-stride16_scan-auto-warm-branch-524288,stride16-gcc13-auto,7,stride16_scan,auto,warm,branch,524288,524288,111878144,13657,250007498,548745208,4,4,0,0,17682196008004,0
1,stride16-gcc13-auto-r7-stride16_scan-auto-cache_evicted-branch-8388608,stride16-gcc13-auto,7,stride16_scan,auto,cache_evicted,branch,8388608,8388608,72089600,550,250263189,549306332,4,4,0,0,0,0
1,stride16-gcc13-auto-r7-stride16_scan-auto-cache_evicted-basic-262144,stride16-gcc13-auto,7,stride16_scan,auto,cache_evicted,basic,262144,262144,158560256,38711,250004693,548739212,4,4,0,0,8717790537192,0
1,stride16-gcc13-auto-r7-stride16_scan-auto-warm-branch-49152,stride16-gcc13-auto,7,stride16_scan,auto,warm,branch,49152,49152,202199040,263280,250001023,548731296,4,4,0,0,0,0
1,stride16-gcc13-auto-r7-stride16_scan-auto-warm-basic-49152,stride16-gcc13-auto,7,stride16_scan,auto,warm,basic,49152,49152,200585472,261179,250000754,548730540,4,4,0,0,1655242910069,0
1,stride16-gcc13-auto-r7-stride16_scan-auto-warm-branch-196608,stride16-gcc13-auto,7,stride16_scan,auto,warm,branch,196608,196608,182535168,59419,250001302,548731884,4,4,0,0,6638093335297,0
1,stride16-gcc13-auto-r7-stride16_scan-auto-cache_evicted-basic-536870912,stride16-gcc13-auto,7,stride16_scan,auto,cache_evicted,basic,536870912,536870912,58720256,7,275878668,605530272,4,4,0,0,18011389229854806,0
1,stride16-gcc13-auto-r7-stride16_scan-auto-warm-branch-1048576,stride16-gcc13-auto,7,stride16_scan,auto,warm,branch,1048576,1048576,112132096,6844,250025115,548783840,4,4,0,0,0,0
1,stride16-gcc13-auto-r7-stride16_scan-auto-warm-branch-33554432,stride16-gcc13-auto,7,stride16_scan,auto,warm,branch,33554432,33554432,55050240,105,250512058,549852656,4,4,0,0,1126382993478289,0
1,stride16-gcc13-auto-r7-stride16_scan-auto-warm-branch-24576,stride16-gcc13-auto,7,stride16_scan,auto,warm,branch,24576,24576,334162944,870216,250000138,548729348,4,4,0,0,0,0
1,stride16-gcc13-auto-r7-stride16_scan-auto-warm-branch-393216,stride16-gcc13-auto,7,stride16_scan,auto,warm,branch,393216,393216,111618048,18167,250010106,548751064,4,4,0,0,13270969271721,0
1,stride16-gcc13-auto-r7-stride16_scan-auto-cache_evicted-basic-1048576,stride16-gcc13-auto,7,stride16_scan,auto,cache_evicted,basic,1048576,1048576,112115712,6843,250003145,548735824,4,4,0,0,35084127139564,0
1,stride16-gcc13-auto-r7-stride16_scan-auto-warm-basic-524288,stride16-gcc13-auto,7,stride16_scan,auto,warm,basic,524288,524288,111837184,13652,250000892,548730688,4,4,0,0,0,0
1,stride16-gcc13-auto-r7-stride16_scan-auto-warm-basic-5242880,stride16-gcc13-auto,7,stride16_scan,auto,warm,basic,5242880,5242880,108953600,1330,250046211,548829908,4,4,0,0,0,0
1,stride16-gcc13-auto-r7-stride16_scan-auto-warm-basic-536870912,stride16-gcc13-auto,7,stride16_scan,auto,warm,basic,536870912,536870912,58720256,7,271753834,596476612,4,4,0,0,18014798250468075,0
1,stride16-gcc13-auto-r7-stride16_scan-auto-warm-basic-134217728,stride16-gcc13-auto,7,stride16_scan,auto,warm,basic,134217728,134217728,56623104,27,259479363,569535172,4,4,0,0,4502274583964931,0
1,stride16-gcc13-auto-r7-stride16_scan-auto-warm-branch-8388608,stride16-gcc13-auto,7,stride16_scan,auto,warm,branch,8388608,8388608,76808192,586,250007012,548744152,4,4,0,0,0,0
1,stride16-gcc13-auto-r7-stride16_scan-auto-warm-branch-5242880,stride16-gcc13-auto,7,stride16_scan,auto,warm,branch,5242880,5242880,103546880,1264,250094222,548935560,4,4,0,0,0,0
1,stride16-gcc13-auto-r7-stride16_scan-auto-warm-basic-28672,stride16-gcc13-auto,7,stride16_scan,auto,warm,basic,28672,28672,325419584,726383,250000309,548729616,4,4,0,0,962631356885,0
1,stride16-gcc13-auto-r7-stride16_scan-auto-warm-basic-262144,stride16-gcc13-auto,7,stride16_scan,auto,warm,basic,262144,262144,177455104,43324,250003891,548737304,4,4,0,0,0,0
1,stride16-gcc13-auto-r7-stride16_scan-auto-warm-branch-8192,stride16-gcc13-auto,7,stride16_scan,auto,warm,branch,8192,8192,263429632,2058044,250000245,548729264,4,4,0,0,0,0
1,stride16-gcc13-auto-r7-stride16_scan-auto-warm-branch-131072,stride16-gcc13-auto,7,stride16_scan,auto,warm,branch,131072,131072,210221056,102647,250001138,548731560,4,4,0,0,4417110612623,0
1,stride16-gcc13-auto-r7-stride16_scan-auto-warm-basic-65536,stride16-gcc13-auto,7,stride16_scan,auto,warm,basic,65536,65536,202810368,198057,250000409,548729924,4,4,0,0,2202166144963,0
1,stride16-gcc13-auto-r7-stride16_scan-auto-warm-branch-6291456,stride16-gcc13-auto,7,stride16_scan,auto,warm,branch,6291456,6291456,95059968,967,250168748,549099148,4,4,0,0,211066249350878,0
1,stride16-gcc13-auto-r7-stride16_scan-auto-warm-basic-393216,stride16-gcc13-auto,7,stride16_scan,auto,warm,basic,393216,393216,111747072,18188,250008001,548746588,4,4,0,0,0,0
1,stride16-gcc13-auto-r7-stride16_scan-auto-warm-basic-1048576,stride16-gcc13-auto,7,stride16_scan,auto,warm,basic,1048576,1048576,112132096,6844,250011831,548755012,4,4,0,0,0,0
1,stride16-gcc13-auto-r7-stride16_scan-auto-warm-basic-12582912,stride16-gcc13-auto,7,stride16_scan,auto,warm,basic,12582912,12582912,61145088,311,250358870,549516432,4,4,0,0,422173325952343,0
1,stride16-gcc13-auto-r7-stride16_scan-auto-warm-branch-12582912,stride16-gcc13-auto,7,stride16_scan,auto,warm,branch,12582912,12582912,61341696,312,250402216,549611560,4,4,0,0,0,0
1,stride16-gcc13-auto-r7-stride16_scan-auto-warm-basic-8192,stride16-gcc13-auto,7,stride16_scan,auto,warm,basic,8192,8192,262907520,2053965,250000221,548729236,4,4,0,0,277809317783,0
1,stride16-gcc13-auto-r7-stride16_scan-auto-warm-basic-36864,stride16-gcc13-auto,7,stride16_scan,auto,warm,basic,36864,36864,195785280,339905,250000227,548729552,4,4,0,0,1246086249545,0
1,stride16-gcc13-auto-r7-stride16_scan-auto-warm-branch-16384,stride16-gcc13-auto,7,stride16_scan,auto,warm,branch,16384,16384,314965760,1230335,250000117,548729308,4,4,0,0,539639502883,0
1,stride16-gcc13-auto-r7-stride16_scan-auto-warm-basic-196608,stride16-gcc13-auto,7,stride16_scan,auto,warm,basic,196608,196608,170738688,55579,250003317,548736290,4,4,9,0,6638093335297,0
1,stride16-gcc13-auto-r7-stride16_scan-auto-warm-basic-32768,stride16-gcc13-auto,7,stride16_scan,auto,warm,basic,32768,32768,327501824,639652,250000385,548729640,4,4,0,0,0,0
1,stride16-gcc13-auto-r7-stride16_scan-auto-warm-branch-4194304,stride16-gcc13-auto,7,stride16_scan,auto,warm,branch,4194304,4194304,109510656,1671,250012994,548757400,4,4,0,0,140648806858239,0
1,stride16-gcc13-auto-r7-stride16_scan-auto-warm-basic-6291456,stride16-gcc13-auto,7,stride16_scan,auto,warm,basic,6291456,6291456,94863360,965,250157933,549075140,4,4,0,0,211066249350878,0
1,stride16-gcc13-auto-r7-stride16_scan-auto-warm-basic-4194304,stride16-gcc13-auto,7,stride16_scan,auto,warm,basic,4194304,4194304,110297088,1683,250025480,548784684,4,4,0,0,140648806858239,0
1,stride16-gcc13-auto-r7-stride16_scan-auto-cache_evicted-branch-6291456,stride16-gcc13-auto,7,stride16_scan,auto,cache_evicted,branch,6291456,6291456,91914240,935,250148163,549053960,4,4,0,0,211351195672580,0
1,stride16-gcc13-auto-r7-stride16_scan-auto-cache_evicted-basic-33554432,stride16-gcc13-auto,7,stride16_scan,auto,cache_evicted,basic,33554432,33554432,54525952,104,250138096,549031892,4,4,0,0,0,0
1,stride16-gcc13-auto-r7-stride16_scan-auto-warm-basic-8388608,stride16-gcc13-auto,7,stride16_scan,auto,warm,basic,8388608,8388608,76414976,583,250191436,549148944,4,4,0,0,281475302367058,0
1,stride16-gcc13-auto-r7-stride16_scan-auto-warm-branch-134217728,stride16-gcc13-auto,7,stride16_scan,auto,warm,branch,134217728,134217728,56623104,27,259440778,569450484,4,4,0,0,4502274583964931,0
1,stride16-gcc13-auto-r7-stride16_scan-auto-warm-branch-7340032,stride16-gcc13-auto,7,stride16_scan,auto,warm,branch,7340032,7340032,83034112,724,250251481,549280864,4,4,0,0,0,0
1,stride16-gcc13-auto-r7-stride16_scan-auto-warm-basic-16384,stride16-gcc13-auto,7,stride16_scan,auto,warm,basic,16384,16384,313615104,1225059,250000148,548729240,4,4,0,0,539639502883,0
1,stride16-gcc13-auto-r7-stride16_scan-auto-warm-basic-24576,stride16-gcc13-auto,7,stride16_scan,auto,warm,basic,24576,24576,339361152,883753,250000358,548729860,4,4,0,0,823537367434,0
1,stride16-gcc13-auto-r7-stride16_scan-auto-warm-branch-28672,stride16-gcc13-auto,7,stride16_scan,auto,warm,branch,28672,28672,327914944,731953,250000209,548729372,4,4,0,0,962631356885,0
1,stride16-gcc13-auto-r7-stride16_scan-auto-cache_evicted-basic-6291456,stride16-gcc13-auto,7,stride16_scan,auto,cache_evicted,basic,6291456,6291456,86016000,875,250167157,549095648,4,4,0,0,211351195672580,0
1,stride16-gcc13-auto-r7-stride16_scan-auto-warm-basic-98304,stride16-gcc13-auto,7,stride16_scan,auto,warm,basic,98304,98304,206991360,134760,250000305,548729404,4,4,0,0,0,0
1,stride16-gcc13-auto-r7-stride16_scan-auto-warm-branch-229376,stride16-gcc13-auto,7,stride16_scan,auto,warm,branch,229376,229376,191937536,53554,250002084,548733648,4,4,0,0,0,0
1,stride16-gcc13-auto-r7-stride16_scan-auto-warm-branch-262144,stride16-gcc13-auto,7,stride16_scan,auto,warm,branch,262144,262144,171343872,41832,250000237,548729572,4,4,0,0,0,0
1,stride16-gcc13-auto-r7-stride16_scan-auto-warm-basic-229376,stride16-gcc13-auto,7,stride16_scan,auto,warm,basic,229376,229376,171730944,47916,250001898,548733228,4,4,0,0,0,0
1,stride16-gcc13-auto-r7-stride16_scan-auto-warm-basic-33554432,stride16-gcc13-auto,7,stride16_scan,auto,warm,basic,33554432,33554432,54525952,104,250430246,549673096,4,4,0,0,0,0
1,stride16-gcc13-auto-r7-stride16_scan-auto-cache_evicted-branch-1048576,stride16-gcc13-auto,7,stride16_scan,auto,cache_evicted,branch,1048576,1048576,112164864,6846,250018069,548768564,4,4,0,0,0,0
1,stride16-gcc13-auto-r7-stride16_scan-auto-warm-branch-65536,stride16-gcc13-auto,7,stride16_scan,auto,warm,branch,65536,65536,202190848,197452,250000763,548730748,4,4,0,0,0,0
1,stride16-gcc13-auto-r7-stride16_scan-auto-cache_evicted-basic-8388608,stride16-gcc13-auto,7,stride16_scan,auto,cache_evicted,basic,8388608,8388608,73269248,559,250221241,549214364,4,4,0,0,281749179788310,0
1,stride16-gcc13-auto-r7-stride16_scan-auto-warm-basic-294912,stride16-gcc13-auto,7,stride16_scan,auto,warm,basic,294912,294912,131019264,28433,250000462,548729756,4,4,0,0,9931601922254,0
1,stride16-gcc13-auto-r7-stride16_scan-auto-warm-branch-536870912,stride16-gcc13-auto,7,stride16_scan,auto,warm,branch,536870912,536870912,58720256,7,271801105,596580368,4,4,0,0,18014798250468075,0
1,stride16-gcc13-auto-r7-stride16_scan-auto-warm-basic-2097152,stride16-gcc13-auto,7,stride16_scan,auto,warm,basic,2097152,2097152,112263168,3426,250001739,548732608,4,4,0,0,0,0
1,stride16-gcc13-auto-r7-stride16_scan-auto-cache_evicted-branch-33554432,stride16-gcc13-auto,7,stride16_scan,auto,cache_evicted,branch,33554432,33554432,55574528,106,251633422,552313608,4,4,0,0,0,0
1,stride16-gcc13-auto-r7-stride16_scan-auto-warm-branch-32768,stride16-gcc13-auto,7,stride16_scan,auto,warm,branch,32768,32768,327296512,639251,250000332,548729788,4,4,0,0,1096194196191,0
1,stride16-gcc13-auto-r7-stride16_scan-auto-cache_evicted-branch-262144,stride16-gcc13-auto,7,stride16_scan,auto,cache_evicted,branch,262144,262144,138334208,33773,250000879,548730544,4,4,0,0,8717790537192,0
1,stride16-gcc13-auto-r7-stride16_scan-auto-warm-branch-98304,stride16-gcc13-auto,7,stride16_scan,auto,warm,branch,98304,98304,205395456,133721,250000238,548729568,4,4,0,0,3332516181454,0
1,stride16-gcc13-auto-r7-stride16_scan-auto-cache_evicted-basic-32768,stride16-gcc13-auto,7,stride16_scan,auto,cache_evicted,basic,32768,32768,328681472,641956,250000294,548729552,4,4,0,0,0,0
1,stride16-gcc13-auto-r7-stride16_scan-auto-cache_evicted-branch-536870912,stride16-gcc13-auto,7,stride16_scan,auto,cache_evicted,branch,536870912,536870912,58720256,7,271763645,596498172,4,4,0,0,18011389229854806,0
1,stride16-gcc13-auto-r7-stride16_scan-auto-warm-branch-294912,stride16-gcc13-auto,7,stride16_scan,auto,warm,branch,294912,294912,132715008,28801,250005058,548739684,4,4,0,0,9931601922254,0
1,stride16-gcc13-auto-r7-stride16_scan-auto-warm-basic-131072,stride16-gcc13-auto,7,stride16_scan,auto,warm,basic,131072,131072,170381312,83194,250000405,548729796,4,4,0,0,0,0
1,stride16-gcc13-auto-r7-stride16_scan-auto-warm-branch-36864,stride16-gcc13-auto,7,stride16_scan,auto,warm,branch,36864,36864,198236736,344161,250000228,548729272,4,4,0,0,1246086249545,0
1,stride16-gcc13-auto-r7-stride16_scan-auto-warm-branch-2097152,stride16-gcc13-auto,7,stride16_scan,auto,warm,branch,2097152,2097152,112295936,3427,250038571,548813568,4,4,0,0,70498469267265,0
1,stride16-gcc13-auto-r8-stride16_scan-auto-cache_evicted-branch-33554432,stride16-gcc13-auto,8,stride16_scan,auto,cache_evicted,branch,33554432,33554432,54525952,104,250754127,550383992,4,4,0,0,0,0
1,stride16-gcc13-auto-r8-stride16_scan-auto-warm-basic-2097152,stride16-gcc13-auto,8,stride16_scan,auto,warm,basic,2097152,2097152,112295936,3427,250030104,548794984,4,4,0,0,70524891160717,0
1,stride16-gcc13-auto-r8-stride16_scan-auto-warm-basic-16384,stride16-gcc13-auto,8,stride16_scan,auto,warm,basic,16384,16384,315334912,1231777,250000145,548729248,4,4,0,0,559610255130,0
1,stride16-gcc13-auto-r8-stride16_scan-auto-warm-branch-393216,stride16-gcc13-auto,8,stride16_scan,auto,warm,branch,393216,393216,111648768,18172,250006718,548743800,4,4,0,0,0,0
1,stride16-gcc13-auto-r8-stride16_scan-auto-cache_evicted-basic-8388608,stride16-gcc13-auto,8,stride16_scan,auto,cache_evicted,basic,8388608,8388608,74579968,569,250173693,549110000,4,4,0,0,281556361655643,0
1,stride16-gcc13-auto-r8-stride16_scan-auto-warm-basic-536870912,stride16-gcc13-auto,8,stride16_scan,auto,warm,basic,536870912,536870912,58720256,7,271449501,595808632,4,4,0,0,18013779756889659,0
1,stride16-gcc13-auto-r8-stride16_scan-auto-warm-branch-32768,stride16-gcc13-auto,8,stride16_scan,auto,warm,branch,32768,32768,329564160,643680,250000105,548729276,4,4,0,0,0,0
1,stride16-gcc13-auto-r8-stride16_scan-auto-warm-branch-7340032,stride16-gcc13-auto,8,stride16_scan,auto,warm,branch,7340032,7340032,82575360,720,250332092,549457708,4,4,0,0,0,0
1,stride16-gcc13-auto-r8-stride16_scan-auto-warm-basic-134217728,stride16-gcc13-auto,8,stride16_scan,auto,warm,basic,134217728,134217728,56623104,27,259419874,569404524,4,4,0,0,4504199822160186,0
1,stride16-gcc13-auto-r8-stride16_scan-auto-warm-basic-33554432,stride16-gcc13-auto,8,stride16_scan,auto,warm,basic,33554432,33554432,55574528,106,251522788,552071132,4,4,0,0,0,0
1,stride16-gcc13-auto-r8-stride16_scan-auto-warm-branch-16384,stride16-gcc13-auto,8,stride16_scan,auto,warm,branch,16384,16384,315418112,1232102,250000232,548729244,4,4,0,0,0,0
1,stride16-gcc13-auto-r8-stride16_scan-auto-warm-basic-98304,stride16-gcc13-auto,8,stride16_scan,auto,warm,basic,98304,98304,204182016,132931,250001232,548731448,4,4,0,0,3349293345018,0
1,stride16-gcc13-auto-r8-stride16_scan-auto-warm-branch-8388608,stride16-gcc13-auto,8,stride16_scan,auto,warm,branch,8388608,8388608,77594624,592,250248889,549275052,4,4,0,0,0,0
1,stride16-gcc13-auto-r8-stride16_scan-auto-warm-branch-8192,stride16-gcc13-auto,8,stride16_scan,auto,warm,branch,8192,8192,260614656,2036052,250000154,548729416,4,4,0,0,0,0
1,stride16-gcc13-auto-r8-stride16_scan-auto-cache_evicted-basic-1048576,stride16-gcc13-auto,8,stride16_scan,auto,cache_evicted,basic,1048576,1048576,112115712,6843,250014315,548760480,4,4,0,0,35070989831228,0
1,stride16-gcc13-auto-r8-stride16_scan-auto-warm-basic-12582912,stride16-gcc13-auto,8,stride16_scan,auto,warm,basic,12582912,12582912,61538304,313,250645984,550146628,4,4,0,0,422220570583418,0
1,stride16-gcc13-auto-r8-stride16_scan-auto-cache_evicted-branch-536870912,stride16-gcc13-auto,8,stride16_scan,auto,cache_evicted,branch,536870912,536870912,58720256,7,276897836,607767264,4,4,0,0,18012150961161219,0
1,stride16-gcc13-auto-r8-stride16_scan-auto-cache_evicted-basic-33554432,stride16-gcc13-auto,8,stride16_scan,auto,cache_evicted,basic,33554432,33554432,54525952,104,250172341,549106960,4,4,0,0,0,0
1,stride16-gcc13-auto-r8-stride16_scan-auto-warm-basic-196608,stride16-gcc13-auto,8,stride16_scan,auto,warm,basic,196608,196608,160604160,52280,250004529,548738868,4,4,0,0,0,0
1,stride16-gcc13-auto-r8-stride16_scan-auto-warm-basic-28672,stride16-gcc13-auto,8,stride16_scan,auto,warm,basic,28672,28672,329142016,734692,250000433,548729856,4,4,0,0,0,0
1,stride16-gcc13-auto-r8-stride16_scan-auto-warm-branch-229376,stride16-gcc13-auto,8,stride16_scan,auto,warm,branch,229376,229376,147388416,41124,250000595,548730380,4,4,0,0,0,0
1,stride16-gcc13-auto-r8-stride16_scan-auto-warm-basic-36864,stride16-gcc13-auto,8,stride16_scan,auto,warm,basic,36864,36864,195495552,339402,250000276,548729652,4,4,0,0,0,0
1,stride16-gcc13-auto-r8-stride16_scan-auto-warm-basic-393216,stride16-gcc13-auto,8,stride16_scan,auto,warm,basic,393216,393216,118640640,19310,250005053,548740148,4,4,0,0,0,0
1,stride16-gcc13-auto-r8-stride16_scan-auto-warm-basic-1048576,stride16-gcc13-auto,8,stride16_scan,auto,warm,basic,1048576,1048576,112132096,6844,250029825,548794276,4,4,0,0,0,0
1,stride16-gcc13-auto-r8-stride16_scan-auto-warm-branch-134217728,stride16-gcc13-auto,8,stride16_scan,auto,warm,branch,134217728,134217728,54525952,26,252945918,555194808,4,4,0,0,0,0
1,stride16-gcc13-auto-r8-stride16_scan-auto-warm-branch-28672,stride16-gcc13-auto,8,stride16_scan,auto,warm,branch,28672,28672,332741248,742726,250000310,548729724,4,4,0,0,0,0
1,stride16-gcc13-auto-r8-stride16_scan-auto-warm-basic-229376,stride16-gcc13-auto,8,stride16_scan,auto,warm,basic,229376,229376,166813696,46544,250003952,548737724,4,4,0,0,0,0
1,stride16-gcc13-auto-r8-stride16_scan-auto-warm-branch-536870912,stride16-gcc13-auto,8,stride16_scan,auto,warm,branch,536870912,536870912,58720256,7,272100836,597238240,4,4,0,0,18013779756889659,0
1,stride16-gcc13-auto-r8-stride16_scan-auto-warm-branch-1048576,stride16-gcc13-auto,8,stride16_scan,auto,warm,branch,1048576,1048576,112132096,6844,250019833,548772584,4,4,0,0,0,0
1,stride16-gcc13-auto-r8-stride16_scan-auto-warm-branch-262144,stride16-gcc13-auto,8,stride16_scan,auto,warm,branch,262144,262144,154247168,37658,250005468,548740500,4,4,0,0,0,0
1,stride16-gcc13-auto-r8-stride16_scan-auto-warm-branch-65536,stride16-gcc13-auto,8,stride16_scan,auto,warm,branch,65536,65536,203209728,198447,250000369,548729544,4,4,0,0,2265126662817,0
1,stride16-gcc13-auto-r8-stride16_scan-auto-warm-branch-2097152,stride16-gcc13-auto,8,stride16_scan,auto,warm,branch,2097152,2097152,112328704,3428,250062910,548867128,4,4,0,0,0,0
1,stride16-gcc13-auto-r8-stride16_scan-auto-warm-basic-24576,stride16-gcc13-auto,8,stride16_scan,auto,warm,basic,24576,24576,333378432,868173,250000319,548729624,4,4,0,0,826482268632,0
1,stride16-gcc13-auto-r8-stride16_scan-auto-cache_evicted-branch-262144,stride16-gcc13-auto,8,stride16_scan,auto,cache_evicted,branch,262144,262144,149000192,36377,250003557,548736884,4,4,0,0,8711848974022,0
1,stride16-gcc13-auto-r8-stride16_scan-auto-warm-branch-49152,stride16-gcc13-auto,8,stride16_scan,auto,warm,branch,49152,49152,200485632,261049,250000358,548729836,4,4,0,0,1696399853067,0
1,stride16-gcc13-auto-r8-stride16_scan-auto-warm-basic-49152,stride16-gcc13-auto,8,stride16_scan,auto,warm,basic,49152,49152,200268288,260766,250001021,548730840,4,4,0,0,0,0
1,stride16-gcc13-auto-r8-stride16_scan-auto-warm-branch-98304,stride16-gcc13-auto,8,stride16_scan,auto,warm,branch,98304,98304,206894592,134697,250001614,548732316,4,4,0,0,3349293345018,0
1,stride16-gcc13-auto-r8-stride16_scan-auto-warm-branch-196608,stride16-gcc13-auto,8,stride16_scan,auto,warm,branch,196608,196608,163743744,53302,250000764,548730760,4,4,0,0,0,0
1,stride16-gcc13-auto-r8-stride16_scan-auto-warm-basic-131072,stride16-gcc13-auto,8,stride16_scan,auto,warm,basic,131072,131072,210837504,102948,250000398,548729612,4,4,0,0,0,0
1,stride16-gcc13-auto-r8-stride16_scan-auto-cache_evicted-basic-536870912,stride16-gcc13-auto,8,stride16_scan,auto,cache_evicted,basic,536870912,536870912,58720256,7,271460744,595833308,4,4,0,0,18012150961161219,0
1,stride16-gcc13-auto-r8-stride16_scan-auto-warm-basic-524288,stride16-gcc13-auto,8,stride16_scan,auto,warm,basic,524288,524288,111845376,13653,250014055,548759784,4,4,0,0,17651302202824,0
1,stride16-gcc13-auto-r8-stride16_scan-auto-cache_evicted-branch-6291456,stride16-gcc13-auto,8,stride16_scan,auto,cache_evicted,branch,6291456,6291456,97419264,991,250052543,548844112,4,4,0,0,210972361310344,0
1,stride16-gcc13-auto-r8-stride16_scan-auto-warm-basic-7340032,stride16-gcc13-auto,8,stride16_scan,auto,warm,basic,7340032,7340032,85442560,745,250146769,549050912,4,4,0,0,246295160489234,0
1,stride16-gcc13-auto-r8-stride16_scan-auto-warm-branch-33554432,stride16-gcc13-auto,8,stride16_scan,auto,warm,branch,33554432,33554432,53477376,102,251461237,551936140,4,4,0,0,0,0
1,stride16-gcc13-auto-r8-stride16_scan-auto-cache_evicted-basic-262144,stride16-gcc13-auto,8,stride16_scan,auto,cache_evicted,basic,262144,262144,149659648,36538,250003822,548737300,4,4,0,0,0,0
1,stride16-gcc13-auto-r8-stride16_scan-auto-cache_evicted-branch-1048576,stride16-gcc13-auto,8,stride16_scan,auto,cache_evicted,branch,1048576,1048576,112164864,6846,250016096,548764408,4,4,0,0,0,0
1,stride16-gcc13-auto-r8-stride16_scan-auto-warm-basic-65536,stride16-gcc13-auto,8,stride16_scan,auto,warm,basic,65536,65536,202852352,198098,250000094,548729268,4,4,0,0,0,0
1,stride16-gcc13-auto-r8-stride16_scan-auto-cache_evicted-branch-32768,stride16-gcc13-auto,8,stride16_scan,auto,cache_evicted,branch,32768,32768,329381376,643323,250000367,548729856,4,4,0,0,1108856143452,0
1,stride16-gcc13-auto-r8-stride16_scan-auto-warm-branch-524288,stride16-gcc13-auto,8,stride16_scan,auto,warm,branch,524288,524288,111820800,13650,250001832,548733080,4,4,0,0,0,0
1,stride16-gcc13-auto-r8-stride16_scan-auto-warm-basic-8388608,stride16-gcc13-auto,8,stride16_scan,auto,warm,basic,8388608,8388608,74711040,570,250033808,548802944,4,4,0,0,0,0
1,stride16-gcc13-auto-r8-stride16_scan-auto-cache_evicted-basic-32768,stride16-gcc13-auto,8,stride16_scan,auto,cache_evicted,basic,32768,32768,327816704,640267,250000356,548729704,4,4,0,0,1108856143452,0
1,stride16-gcc13-auto-r8-stride16_scan-auto-warm-branch-131072,stride16-gcc13-auto,8,stride16_scan,auto,warm,branch,131072,131072,208420864,101768,250000271,548729260,4,4,0,0,0,0
1,stride16-gcc13-auto-r8-stride16_scan-auto-warm-branch-4194304,stride16-gcc13-auto,8,stride16_scan,auto,warm,branch,4194304,4194304,96534528,1473,250109034,548968048,4,4,0,0,140996458783771,0
1,stride16-gcc13-auto-r8-stride16_scan-auto-warm-branch-6291456,stride16-gcc13-auto,8,stride16_scan,auto,warm,branch,6291456,6291456,80412672,818,250255622,549289768,4,4,0,0,0,0
1,stride16-gcc13-auto-r8-stride16_scan-auto-warm-branch-36864,stride16-gcc13-auto,8,stride16_scan,auto,warm,branch,36864,36864,195568704,339529,250000458,548730056,4,4,0,0,1243420101577,0
1,stride16-gcc13-auto-r8-stride16_scan-auto-cache_evicted-branch-8388608,stride16-gcc13-auto,8,stride16_scan,auto,cache_evicted,branch,8388608,8388608,61603840,470,250185178,549135128,4,4,0,0,0,0
1,stride16-gcc13-auto-r8-stride16_scan-auto-cache_evicted-basic-6291456,stride16-gcc13-auto,8,stride16_scan,auto,cache_evicted,basic,6291456,6291456,91521024,931,250244844,549266324,4,4,0,0,210972361310344,0
1,stride16-gcc13-auto-r8-stride16_scan-auto-warm-basic-294912,stride16-gcc13-auto,8,stride16_scan,auto,warm,basic,294912,294912,131807232,28604,250005331,548740756,4,4,0,0,0,0
1,stride16-gcc13-auto-r8-stride16_scan-auto-warm-branch-294912,stride16-gcc13-auto,8,stride16_scan,auto,warm,branch,294912,294912,137852928,29916,250002477,548734488,4,4,0,0,0,0
1,stride16-gcc13-auto-r8-stride16_scan-auto-warm-basic-262144,stride16-gcc13-auto,8,stride16_scan,auto,warm,basic,262144,262144,144982016,35396,250003995,548737820,4,4,0,0,0,0
1,stride16-gcc13-auto-r8-stride16_scan-auto-warm-branch-12582912,stride16-gcc13-auto,8,stride16_scan,auto,warm,branch,12582912,12582912,58785792,299,250329540,549452088,4,4,0,0,422220570583418,0
1,stride16-gcc13-auto-r8-stride16_scan-auto-warm-basic-6291456,stride16-gcc13-auto,8,stride16_scan,auto,warm,basic,6291456,6291456,79134720,805,250301922,549391448,4,4,0,0,211222435820198,0
1,stride16-gcc13-auto-r8-stride16_scan-auto-warm-basic-4194304,stride16-gcc13-auto,8,stride16_scan,auto,warm,basic,4194304,4194304,101646336,1551,250008885,548748548,4,4,0,0,140996458783771,0
1,stride16-gcc13-auto-r8-stride16_scan-auto-warm-basic-8192,stride16-gcc13-auto,8,stride16_scan,auto,warm,basic,8192,8192,262699136,2052337,250000152,548729396,4,4,0,0,295373605634,0
1,stride16-gcc13-auto-r8-stride16_scan-auto-warm-basic-5242880,stride16-gcc13-auto,8,stride16_scan,auto,warm,basic,5242880,5242880,90521600,1105,250226695,549226340,4,4,0,0,176069737355228,0
1,stride16-gcc13-auto-r8-stride16_scan-auto-warm-branch-24576,stride16-gcc13-auto,8,stride16_scan,auto,warm,branch,24576,24576,337773312,879618,250000177,548729436,4,4,0,0,0,0
1,stride16-gcc13-auto-r8-stride16_scan-auto-warm-branch-5242880,stride16-gcc13-auto,8,stride16_scan,auto,warm,branch,5242880,5242880,89866240,1097,250115926,548983528,4,4,0,0,176069737355228,0
1,stride16-gcc13-auto-r8-stride16_scan-auto-warm-basic-32768,stride16-gcc13-auto,8,stride16_scan,auto,warm,basic,32768,32768,327739904,640117,250000416,548729960,4,4,0,0,1101828933798,0
1,stride16-gcc13-auto-r9-stride16_scan-auto-warm-branch-32768,stride16-gcc13-auto,9,stride16_scan,auto,warm,branch,32768,32768,326992896,638658,250000462,548730064,4,4,0,0,0,0
1,stride16-gcc13-auto-r9-stride16_scan-auto-warm-branch-196608,stride16-gcc13-auto,9,stride16_scan,auto,warm,branch,196608,196608,184399872,60026,250004059,548737620,4,4,0,0,0,0
1,stride16-gcc13-auto-r9-stride16_scan-auto-warm-basic-134217728,stride16-gcc13-auto,9,stride16_scan,auto,warm,basic,134217728,134217728,56623104,27,259038457,568567560,4,4,0,0,4500469322006638,0
1,stride16-gcc13-auto-r9-stride16_scan-auto-warm-branch-294912,stride16-gcc13-auto,9,stride16_scan,auto,warm,branch,294912,294912,142788096,30987,250006071,548742372,4,4,0,0,10110341671909,0
1,stride16-gcc13-auto-r9-stride16_scan-auto-warm-basic-262144,stride16-gcc13-auto,9,stride16_scan,auto,warm,basic,262144,262144,158552064,38709,250002832,548735116,4,4,0,0,9003712790843,0
1,stride16-gcc13-auto-r9-stride16_scan-auto-cache_evicted-basic-6291456,stride16-gcc13-auto,9,stride16_scan,auto,cache_evicted,basic,6291456,6291456,76873728,782,250241120,549257536,4,4,0,0,0,0
1,stride16-gcc13-auto-r9-stride16_scan-auto-warm-branch-36864,stride16-gcc13-auto,9,stride16_scan,auto,warm,branch,36864,36864,195162048,338823,250000554,548729980,4,4,0,0,1271697867463,0
1,stride16-gcc13-auto-r9-stride16_scan-auto-warm-basic-1048576,stride16-gcc13-auto,9,stride16_scan,auto,warm,basic,1048576,1048576,112001024,6836,250030616,548795964,4,4,0,0,0,0
1,stride16-gcc13-auto-r9-stride16_scan-auto-cache_evicted-branch-536870912,stride16-gcc13-auto,9,stride16_scan,auto,cache_evicted,branch,536870912,536870912,50331648,6,251797836,552675088,4,4,0,0,0,0
1,stride16-gcc13-auto-r9-stride16_scan-auto-warm-branch-24576,stride16-gcc13-auto,9,stride16_scan,auto,warm,branch,24576,24576,331123968,862302,250000493,548729800,4,4,0,0,0,0
1,stride16-gcc13-auto-r9-stride16_scan-auto-warm-branch-6291456,stride16-gcc13-auto,9,stride16_scan,auto,warm,branch,6291456,6291456,75988992,773,250320056,549431224,4,4,0,0,211428400897571,0
1,stride16-gcc13-auto-r9-stride16_scan-auto-warm-basic-196608,stride16-gcc13-auto,9,stride16_scan,auto,warm,basic,196608,196608,221583360,72130,250000787,548730408,4,4,0,0,0,0
1,stride16-gcc13-auto-r9-stride16_scan-auto-warm-branch-7340032,stride16-gcc13-auto,9,stride16_scan,auto,warm,branch,7340032,7340032,66633728,581,250232425,549238920,4,4,0,0,246482904870193,0
1,stride16-gcc13-auto-r9-stride16_scan-auto-warm-basic-16384,stride16-gcc13-auto,9,stride16_scan,auto,warm,basic,16384,16384,305007872,1191437,250000311,548729440,4,4,0,0,568552968403,0
1,stride16-gcc13-auto-r9-stride16_scan-auto-warm-branch-8388608,stride16-gcc13-auto,9,stride16_scan,auto,warm,branch,8388608,8388608,57540608,439,250537636,549908816,4,4,0,0,281558012504093,0
1,stride16-gcc13-auto-r9-stride16_scan-auto-cache_evicted-branch-6291456,stride16-gcc13-auto,9,stride16_scan,auto,cache_evicted,branch,6291456,6291456,66650112,678,250013741,548759064,4,4,0,0,0,0
1,stride16-gcc13-auto-r9-stride16_scan-auto-warm-branch-5242880,stride16-gcc13-auto,9,stride16_scan,auto,warm,branch,5242880,5242880,104693760,1278,250012660,548756524,4,4,0,0,0,0
1,stride16-gcc13-auto-r9-stride16_scan-auto-warm-branch-4194304,stride16-gcc13-auto,9,stride16_scan,auto,warm,branch,4194304,4194304,110100480,1680,250126863,549007148,4,4,0,0,0,0
1,stride16-gcc13-auto-r9-stride16_scan-auto-warm-basic-49152,stride16-gcc13-auto,9,stride16_scan,auto,warm,basic,49152,49152,200610816,261212,250000226,548729264,4,4,0,0,0,0
1,stride16-gcc13-auto-r9-stride16_scan-auto-warm-basic-8388608,stride16-gcc13-auto,9,stride16_scan,auto,warm,basic,8388608,8388608,76283904,582,250380023,549562896,4,4,0,0,0,0
1,stride16-gcc13-auto-r9-stride16_scan-auto-warm-branch-262144,stride16-gcc13-auto,9,stride16_scan,auto,warm,branch,262144,262144,137867264,33659,250000766,548730436,4,4,0,0,9003712790843,0
1,stride16-gcc13-auto-r9-stride16_scan-auto-warm-basic-7340032,stride16-gcc13-auto,9,stride16_scan,auto,warm,basic,7340032,7340032,81313792,709,250105373,548960020,4,4,0,0,246482904870193,0
1,stride16-gcc13-auto-r9-stride16_scan-auto-cache_evicted-branch-8388608,stride16-gcc13-auto,9,stride16_scan,auto,cache_evicted,branch,8388608,8388608,58720256,448,250338554,549471844,4,4,0,0,0,0
1,stride16-gcc13-auto-r9-stride16_scan-auto-warm-branch-98304,stride16-gcc13-auto,9,stride16_scan,auto,warm,branch,98304,98304,204883968,133388,250000465,548729756,4,4,0,0,0,0
1,stride16-gcc13-auto-r9-stride16_scan-auto-warm-basic-36864,stride16-gcc13-auto,9,stride16_scan,auto,warm,basic,36864,36864,195346944,339144,250000824,548730568,4,4,0,0,0,0
1,stride16-gcc13-auto-r9-stride16_scan-auto-warm-branch-12582912,stride16-gcc13-auto,9,stride16_scan,auto,warm,branch,12582912,12582912,49545216,252,250864522,550626172,4,4,0,0,0,0
1,stride16-gcc13-auto-r9-stride16_scan-auto-warm-basic-28672,stride16-gcc13-auto,9,stride16_scan,auto,warm,basic,28672,28672,322817152,720574,250000403,548729624,4,4,0,0,0,0
1,stride16-gcc13-auto-r9-stride16_scan-auto-cache_evicted-branch-32768,stride16-gcc13-auto,9,stride16_scan,auto,cache_evicted,branch,32768,32768,327293952,639246,250000396,548729952,4,4,0,0,0,0
1,stride16-gcc13-auto-r9-stride16_scan-auto-warm-branch-536870912,stride16-gcc13-auto,9,stride16_scan,auto,warm,branch,536870912,536870912,58720256,7,272096028,597227716,4,4,0,0,18010029673144056,0
1,stride16-gcc13-auto-r9-stride16_scan-auto-warm-basic-33554432,stride16-gcc13-auto,9,stride16_scan,auto,warm,basic,33554432,33554432,54525952,104,251879842,552854856,4,4,0,0,0,0
1,stride16-gcc13-auto-r9-stride16_scan-auto-warm-branch-1048576,stride16-gcc13-auto,9,stride16_scan,auto,warm,branch,1048576,1048576,112115712,6843,250015040,548761756,4,4,0,0,35530213788971,0
1,stride16-gcc13-auto-r9-stride16_scan-auto-warm-branch-33554432,stride16-gcc13-auto,9,stride16_scan,auto,warm,branch,33554432,33554432,54525952,104,250915767,550738892,4,4,0,0,0,0
1,stride16-gcc13-auto-r9-stride16_scan-auto-warm-branch-134217728,stride16-gcc13-auto,9,stride16_scan,auto,warm,branch,134217728,134217728,54525952,26,250042003,548820972,4,4,0,0,0,0
1,stride16-gcc13-auto-r9-stride16_scan-auto-warm-basic-229376,stride16-gcc13-auto,9,stride16_scan,auto,warm,basic,229376,229376,186636800,52075,250001624,548732488,4,4,0,0,7879003418898,0
1,stride16-gcc13-auto-r9-stride16_scan-auto-warm-branch-2097152,stride16-gcc13-auto,9,stride16_scan,auto,warm,branch,2097152,2097152,112295936,3427,250017831,548768076,4,4,0,0,70763543102154,0
1,stride16-gcc13-auto-r9-stride16_scan-auto-cache_evicted-branch-33554432,stride16-gcc13-auto,9,stride16_scan,auto,cache_evicted,branch,33554432,33554432,55574528,106,251659908,552372264,4,4,0,0,0,0
1,stride16-gcc13-auto-r9-stride16_scan-auto-warm-branch-16384,stride16-gcc13-auto,9,stride16_scan,auto,warm,branch,16384,16384,315031552,1230592,250000334,548729644,4,4,0,0,0,0
1,stride16-gcc13-auto-r9-stride16_scan-auto-warm-basic-294912,stride16-gcc13-auto,9,stride16_scan,auto,warm,basic,294912,294912,117679104,25538,250006364,548742724,4,4,0,0,0,0
1,stride16-gcc13-auto-r9-stride16_scan-auto-warm-basic-4194304,stride16-gcc13-auto,9,stride16_scan,auto,warm,basic,4194304,4194304,111673344,1704,250135324,549025812,4,4,0,0,0,0
1,stride16-gcc13-auto-r9-stride16_scan-auto-cache_evicted-basic-8388608,stride16-gcc13-auto,9,stride16_scan,auto,cache_evicted,basic,8388608,8388608,76808192,586,250020093,548772744,4,4,0,0,0,0
1,stride16-gcc13-auto-r9-stride16_scan-auto-warm-basic-536870912,stride16-gcc13-auto,9,stride16_scan,auto,warm,basic,536870912,536870912,58720256,7,271653203,596255744,4,4,0,0,18010029673144056,0
1,stride16-gcc13-auto-r9-stride16_scan-auto-warm-basic-524288,stride16-gcc13-auto,9,stride16_scan,auto,warm,basic,524288,524288,111878144,13657,250016267,548764412,4,4,0,0,17903874493638,0
1,stride16-gcc13-auto-r9-stride16_scan-auto-warm-basic-32768,stride16-gcc13-auto,9,stride16_scan,auto,warm,basic,32768,32768,326845952,638371,250000248,548729268,4,4,0,0,1137607831677,0
1,stride16-gcc13-auto-r9-stride16_scan-auto-cache_evicted-basic-1048576,stride16-gcc13-auto,9,stride16_scan,auto,cache_evicted,basic,1048576,1048576,112099328,6842,250030208,548795052,4,4,0,0,0,0
1,stride16-gcc13-auto-r9-stride16_scan-auto-cache_evicted-basic-33554432,stride16-gcc13-auto,9,stride16_scan,auto,cache_evicted,basic,33554432,33554432,55050240,105,250273663,549329436,4,4,0,0,1124167228104513,0
1,stride16-gcc13-auto-r9-stride16_scan-auto-warm-branch-393216,stride16-gcc13-auto,9,stride16_scan,auto,warm,branch,393216,393216,111691776,18179,250012950,548757348,4,4,0,0,13394598189665,0
1,stride16-gcc13-auto-r9-stride16_scan-auto-warm-basic-393216,stride16-gcc13-auto,9,stride16_scan,auto,warm,basic,393216,393216,111833088,18202,250002217,548733912,4,4,0,0,0,0
1,stride16-gcc13-auto-r9-stride16_scan-auto-warm-branch-65536,stride16-gcc13-auto,9,stride16_scan,auto,warm,branch,65536,65536,203111424,198351,250000250,548729460,4,4,0,0,2227364736609,0
1,stride16-gcc13-auto-r9-stride16_scan-auto-warm-basic-12582912,stride16-gcc13-auto,9,stride16_scan,auto,warm,basic,12582912,12582912,61734912,314,250261844,549303436,4,4,0,0,0,0
1,stride16-gcc13-auto-r9-stride16_scan-auto-cache_evicted-basic-536870912,stride16-gcc13-auto,9,stride16_scan,auto,cache_evicted,basic,536870912,536870912,58720256,7,273027090,599271308,4,4,0,0,18014128935371794,0
1,stride16-gcc13-auto-r9-stride16_scan-auto-warm-branch-8192,stride16-gcc13-auto,9,stride16_scan,auto,warm,branch,8192,8192,262465152,2050509,250000170,548729312,4,4,0,0,282248361303,0
1,stride16-gcc13-auto-r9-stride16_scan-auto-warm-branch-131072,stride16-gcc13-auto,9,stride16_scan,auto,warm,branch,131072,131072,212484096,103752,250001373,548732064,4,4,0,0,0,0
1,stride16-gcc13-auto-r9-stride16_scan-auto-warm-basic-131072,stride16-gcc13-auto,9,stride16_scan,auto,warm,basic,131072,131072,210102272,102589,250001586,548731904,4,4,0,0,4436400451468,0
1,stride16-gcc13-auto-r9-stride16_scan-auto-cache_evicted-branch-1048576,stride16-gcc13-auto,9,stride16_scan,auto,cache_evicted,branch,1048576,1048576,112148480,6845,250012287,548756032,4,4,0,0,35093998791634,0
1,stride16-gcc13-auto-r9-stride16_scan-auto-cache_evicted-basic-32768,stride16-gcc13-auto,9,stride16_scan,auto,cache_evicted,basic,32768,32768,326533120,637760,250000444,548729880,4,4,0,0,0,0
1,stride16-gcc13-auto-r9-stride16_scan-auto-cache_evicted-basic-262144,stride16-gcc13-auto,9,stride16_scan,auto,cache_evicted,basic,262144,262144,127397888,31103,250001669,548732588,4,4,0,0,8807424787650,0
1,stride16-gcc13-auto-r9-stride16_scan-auto-warm-basic-8192,stride16-gcc13-auto,9,stride16_scan,auto,warm,basic,8192,8192,261810048,2045391,250000306,548729412,4,4,0,0,282248361303,0
1,stride16-gcc13-auto-r9-stride16_scan-auto-warm-basic-98304,stride16-gcc13-auto,9,stride16_scan,auto,warm,basic,98304,98304,205145088,133558,250000251,548729476,4,4,0,0,0,0
1,stride16-gcc13-auto-r9-stride16_scan-auto-warm-basic-24576,stride16-gcc13-auto,9,stride16_scan,auto,warm,basic,24576,24576,337207680,878145,250000148,548729236,4,4,0,0,859045332367,0
1,stride16-gcc13-auto-r9-stride16_scan-auto-warm-basic-65536,stride16-gcc13-auto,9,stride16_scan,auto,warm,basic,65536,65536,202705920,197955,250001253,548731512,4,4,0,0,2227364736609,0
1,stride16-gcc13-auto-r9-stride16_scan-auto-warm-basic-2097152,stride16-gcc13-auto,9,stride16_scan,auto,warm,basic,2097152,2097152,112230400,3425,250016001,548763884,4,4,0,0,70763543102154,0
1,stride16-gcc13-auto-r9-stride16_scan-auto-warm-basic-5242880,stride16-gcc13-auto,9,stride16_scan,auto,warm,basic,5242880,5242880,96829440,1182,250027776,548789724,4,4,0,0,0,0
1,stride16-gcc13-auto-r9-stride16_scan-auto-warm-branch-28672,stride16-gcc13-auto,9,stride16_scan,auto,warm,branch,28672,28672,330630720,738015,250000449,548729932,4,4,0,0,1013521060711,0
1,stride16-gcc13-auto-r9-stride16_scan-auto-warm-branch-229376,stride16-gcc13-auto,9,stride16_scan,auto,warm,branch,229376,229376,191478784,53426,250003618,548736864,4,4,0,0,0,0
1,stride16-gcc13-auto-r9-stride16_scan-auto-warm-branch-524288,stride16-gcc13-auto,9,stride16_scan,auto,warm,branch,524288,524288,111869952,13656,250000679,548730376,4,4,0,0,0,0
1,stride16-gcc13-auto-r9-stride16_scan-auto-warm-basic-6291456,stride16-gcc13-auto,9,stride16_scan,auto,warm,basic,6291456,6291456,77561856,789,250061973,548864740,4,4,0,0,211428400897571,0
1,stride16-gcc13-auto-r9-stride16_scan-auto-warm-branch-49152,stride16-gcc13-auto,9,stride16_scan,auto,warm,branch,49152,49152,199123200,259275,250000333,548729512,4,4,0,0,1678477175640,0
1,stride16-gcc13-auto-r9-stride16_scan-auto-cache_evicted-branch-262144,stride16-gcc13-auto,9,stride16_scan,auto,cache_evicted,branch,262144,262144,148357120,36220,250001031,548731152,4,4,0,0,0,0
1,stride16-gcc13-auto-r10-stride16_scan-auto-cache_evicted-branch-6291456,stride16-gcc13-auto,10,stride16_scan,auto,cache_evicted,branch,6291456,6291456,82477056,839,250235326,549245312,4,4,0,0,211407365966720,0
1,stride16-gcc13-auto-r10-stride16_scan-auto-warm-branch-229376,stride16-gcc13-auto,10,stride16_scan,auto,warm,branch,229376,229376,169458688,47282,250000415,548729984,4,4,0,0,0,0
1,stride16-gcc13-auto-r10-stride16_scan-auto-cache_evicted-branch-32768,stride16-gcc13-auto,10,stride16_scan,auto,cache_evicted,branch,32768,32768,320104448,625204,250000320,548729752,4,4,0,0,0,0
1,stride16-gcc13-auto-r10-stride16_scan-auto-warm-branch-7340032,stride16-gcc13-auto,10,stride16_scan,auto,warm,branch,7340032,7340032,83148800,725,250164082,549088860,4,4,0,0,246660650696446,0
1,stride16-gcc13-auto-r10-stride16_scan-auto-warm-basic-134217728,stride16-gcc13-auto,10,stride16_scan,auto,warm,basic,134217728,134217728,54525952,26,250127385,549008324,4,4,0,0,0,0
1,stride16-gcc13-auto-r10-stride16_scan-auto-warm-branch-6291456,stride16-gcc13-auto,10,stride16_scan,auto,warm,branch,6291456,6291456,88965120,905,250281981,549347600,4,4,0,0,211476974873591,0
1,stride16-gcc13-auto-r10-stride16_scan-auto-warm-branch-294912,stride16-gcc13-auto,10,stride16_scan,auto,warm,branch,294912,294912,131309568,28496,250000405,548729660,4,4,0,0,0,0
1,stride16-gcc13-auto-r10-stride16_scan-auto-warm-branch-262144,stride16-gcc13-auto,10,stride16_scan,auto,warm,branch,262144,262144,154738688,37778,250003714,548737096,4,4,0,0,0,0
1,stride16-gcc13-auto-r10-stride16_scan-auto-warm-basic-536870912,stride16-gcc13-auto,10,stride16_scan,auto,warm,basic,536870912,536870912,58720256,7,271262606,595398432,4,4,0,0,18020648951270208,0
1,stride16-gcc13-auto-r10-stride16_scan-auto-warm-branch-98304,stride16-gcc13-auto,10,stride16_scan,auto,warm,branch,98304,98304,204277248,132993,250000955,548731040,4,4,0,0,3299329142151,0
1,stride16-gcc13-auto-r10-stride16_scan-auto-warm-basic-524288,stride16-gcc13-auto,10,stride16_scan,auto,warm,basic,524288,524288,111902720,13660,250014697,548761316,4,4,0,0,0,0
1,stride16-gcc13-auto-r10-stride16_scan-auto-warm-basic-33554432,stride16-gcc13-auto,10,stride16_scan,auto,warm,basic,33554432,33554432,54001664,103,250115714,548982652,4,4,0,0,1126410743656457,0
1,stride16-gcc13-auto-r10-stride16_scan-auto-warm-basic-1048576,stride16-gcc13-auto,10,stride16_scan,auto,warm,basic,1048576,1048576,112148480,6845,250029267,548793288,4,4,0,0,35128277683811,0
1,stride16-gcc13-auto-r10-stride16_scan-auto-warm-branch-5242880,stride16-gcc13-auto,10,stride16_scan,auto,warm,branch,5242880,5242880,93716480,1144,250126045,549005580,4,4,0,0,0,0
1,stride16-gcc13-auto-r10-stride16_scan-auto-cache_evicted-basic-536870912,stride16-gcc13-auto,10,stride16_scan,auto,cache_evicted,basic,536870912,536870912,58720256,7,271037407,594904108,4,4,0,0,18016939277018471,0
1,stride16-gcc13-auto-r10-stride16_scan-auto-warm-basic-4194304,stride16-gcc13-auto,10,stride16_scan,auto,warm,basic,4194304,4194304,105250816,1606,250120058,548992280,4,4,0,0,0,0
1,stride16-gcc13-auto-r10-stride16_scan-auto-warm-basic-98304,stride16-gcc13-auto,10,stride16_scan,auto,warm,basic,98304,98304,206140416,134206,250000777,548730424,4,4,0,0,0,0
1,stride16-gcc13-auto-r10-stride16_scan-auto-warm-branch-24576,stride16-gcc13-auto,10,stride16_scan,auto,warm,branch,24576,24576,338476416,881449,250000307,548729392,4,4,0,0,834599039581,0
1,stride16-gcc13-auto-r10-stride16_scan-auto-warm-basic-2097152,stride16-gcc13-auto,10,stride16_scan,auto,warm,basic,2097152,2097152,112230400,3425,250057215,548854632,4,4,0,0,70568058639870,0
1,stride16-gcc13-auto-r10-stride16_scan-auto-warm-basic-5242880,stride16-gcc13-auto,10,stride16_scan,auto,warm,basic,5242880,5242880,92569600,1130,250186562,549138244,4,4,0,0,0,0
1,stride16-gcc13-auto-r10-stride16_scan-auto-warm-branch-12582912,stride16-gcc13-auto,10,stride16_scan,auto,warm,branch,12582912,12582912,61145088,311,250007768,548745852,4,4,0,0,422401364440005,0
1,stride16-gcc13-auto-r10-stride16_scan-auto-warm-basic-196608,stride16-gcc13-auto,10,stride16_scan,auto,warm,basic,196608,196608,222363648,72384,250002240,548733840,4,4,0,0,0,0
1,stride16-gcc13-auto-r10-stride16_scan-auto-cache_evicted-basic-32768,stride16-gcc13-auto,10,stride16_scan,auto,cache_evicted,basic,32768,32768,326972928,638619,250000498,548730008,4,4,0,0,1120723827850,0
1,stride16-gcc13-auto-r10-stride16_scan-auto-warm-basic-28672,stride16-gcc13-auto,10,stride16_scan,auto,warm,basic,28672,28672,328009472,732164,250000185,548729324,4,4,0,0,0,0
1,stride16-gcc13-auto-r10-stride16_scan-auto-warm-branch-28672,stride16-gcc13-auto,10,stride16_scan,auto,warm,branch,28672,28672,326637248,729101,250000338,548729648,4,4,0,0,967125146173,0
1,stride16-gcc13-auto-r10-stride16_scan-auto-warm-branch-2097152,stride16-gcc13-auto,10,stride16_scan,auto,warm,branch,2097152,2097152,112066560,3420,250016709,548765444,4,4,0,0,0,0
1,stride16-gcc13-auto-r10-stride16_scan-auto-warm-basic-8192,stride16-gcc13-auto,10,stride16_scan,auto,warm,basic,8192,8192,263140992,2055789,250000239,548729468,4,4,0,0,270815073230,0
1,stride16-gcc13-auto-r10-stride16_scan-auto-warm-basic-12582912,stride16-gcc13-auto,10,stride16_scan,auto,warm,basic,12582912,12582912,61341696,312,250780419,550441716,4,4,0,0,0,0
1,stride16-gcc13-auto-r10-stride16_scan-auto-warm-basic-131072,stride16-gcc13-auto,10,stride16_scan,auto,warm,basic,131072,131072,212641792,103829,250002034,548733516,4,4,0,0,4380150099581,0
1,stride16-gcc13-auto-r10-stride16_scan-auto-warm-basic-6291456,stride16-gcc13-auto,10,stride16_scan,auto,warm,basic,6291456,6291456,88276992,898,250234578,549243640,4,4,0,0,0,0
1,stride16-gcc13-auto-r10-stride16_scan-auto-warm-basic-16384,stride16-gcc13-auto,10,stride16_scan,auto,warm,basic,16384,16384,315308544,1231674,250000261,548729648,4,4,0,0,0,0
1,stride16-gcc13-auto-r10-stride16_scan-auto-cache_evicted-branch-8388608,stride16-gcc13-auto,10,stride16_scan,auto,cache_evicted,branch,8388608,8388608,75366400,575,250289247,549363628,4,4,0,0,281708611176267,0
1,stride16-gcc13-auto-r10-stride16_scan-auto-warm-branch-131072,stride16-gcc13-auto,10,stride16_scan,auto,warm,branch,131072,131072,170829824,83413,250001249,548731660,4,4,0,0,4380150099581,0
1,stride16-gcc13-auto-r10-stride16_scan-auto-warm-branch-49152,stride16-gcc13-auto,10,stride16_scan,auto,warm,branch,49152,49152,200630016,261237,250001007,548730924,4,4,1,0,1619033789661,0
1,stride16-gcc13-auto-r10-stride16_scan-auto-warm-basic-393216,stride16-gcc13-auto,10,stride16_scan,auto,warm,basic,393216,393216,116729856,18999,250012176,548755440,4,4,0,0,13179651257779,0
1,stride16-gcc13-auto-r10-stride16_scan-auto-cache_evicted-branch-262144,stride16-gcc13-auto,10,stride16_scan,auto,cache_evicted,branch,262144,262144,151703552,37037,250001671,548732600,4,4,0,0,8838663629917,0
1,stride16-gcc13-auto-r10-stride16_scan-auto-warm-branch-134217728,stride16-gcc13-auto,10,stride16_scan,auto,warm,branch,134217728,134217728,54525952,26,250218910,549209224,4,4,0,0,0,0
1,stride16-gcc13-auto-r10-stride16_scan-auto-warm-branch-16384,stride16-gcc13-auto,10,stride16_scan,auto,warm,branch,16384,16384,315459584,1232264,250000110,548729288,4,4,0,0,0,0
1,stride16-gcc13-auto-r10-stride16_scan-auto-warm-branch-536870912,stride16-gcc13-auto,10,stride16_scan,auto,warm,branch,536870912,536870912,58720256,7,273632234,600599572,4,4,0,0,18020648951270208,0
1,stride16-gcc13-auto-r10-stride16_scan-auto-warm-branch-524288,stride16-gcc13-auto,10,stride16_scan,auto,warm,branch,524288,524288,111861760,13655,250004884,548739436,4,4,0,0,17554078543622,0
1,stride16-gcc13-auto-r10-stride16_scan-auto-cache_evicted-branch-536870912,stride16-gcc13-auto,10,stride16_scan,auto,cache_evicted,branch,536870912,536870912,58720256,7,271666195,596284256,4,4,0,0,18016939277018471,0
1,stride16-gcc13-auto-r10-stride16_scan-auto-cache_evicted-basic-33554432,stride16-gcc13-auto,10,stride16_scan,auto,cache_evicted,basic,33554432,33554432,54525952,104,250087084,548919896,4,4,0,0,0,0
1,stride16-gcc13-auto-r10-stride16_scan-auto-warm-branch-8388608,stride16-gcc13-auto,10,stride16_scan,auto,warm,branch,8388608,8388608,74579968,569,250338645,549472052,4,4,0,0,281869527276860,0
1,stride16-gcc13-auto-r10-stride16_scan-auto-warm-branch-393216,stride16-gcc13-auto,10,stride16_scan,auto,warm,branch,393216,393216,116140032,18903,250006611,548743268,4,4,0,0,13179651257779,0
1,stride16-gcc13-auto-r10-stride16_scan-auto-warm-basic-229376,stride16-gcc13-auto,10,stride16_scan,auto,warm,basic,229376,229376,166663168,46502,250004589,548738788,4,4,0,0,0,0
1,stride16-gcc13-auto-r10-stride16_scan-auto-warm-branch-8192,stride16-gcc13-auto,10,stride16_scan,auto,warm,branch,8192,8192,262363520,2049715,250000165,548729256,4,4,0,0,270815073230,0
1,stride16-gcc13-auto-r10-stride16_scan-auto-warm-basic-7340032,stride16-gcc13-auto,10,stride16_scan,auto,warm,basic,7340032,7340032,81428480,710,250045069,548827628,4,4,0,0,0,0
1,stride16-gcc13-auto-r10-stride16_scan-auto-cache_evicted-basic-1048576,stride16-gcc13-auto,10,stride16_scan,auto,cache_evicted,basic,1048576,1048576,112050176,6839,250017647,548767784,4,4,0,0,35292673676693,0
1,stride16-gcc13-auto-r10-stride16_scan-auto-warm-branch-4194304,stride16-gcc13-auto,10,stride16_scan,auto,warm,branch,4194304,4194304,109707264,1674,250045322,548828216,4,4,0,0,0,0
1,stride16-gcc13-auto-r10-stride16_scan-auto-warm-basic-49152,stride16-gcc13-auto,10,stride16_scan,auto,warm,basic,49152,49152,198220800,258100,250000899,548730892,4,4,0,0,0,0
1,stride16-gcc13-auto-r10-stride16_scan-auto-warm-basic-294912,stride16-gcc13-auto,10,stride16_scan,auto,warm,basic,294912,294912,134286336,29142,250007914,548746288,4,4,0,0,0,0
1,stride16-gcc13-auto-r10-stride16_scan-auto-warm-basic-262144,stride16-gcc13-auto,10,stride16_scan,auto,warm,basic,262144,262144,160382976,39156,250004486,548738780,4,4,0,0,0,0
1,stride16-gcc13-auto-r10-stride16_scan-auto-cache_evicted-branch-33554432,stride16-gcc13-auto,10,stride16_scan,auto,cache_evicted,branch,33554432,33554432,53477376,102,252292330,553760256,4,4,0,0,0,0
1,stride16-gcc13-auto-r10-stride16_scan-auto-warm-basic-36864,stride16-gcc13-auto,10,stride16_scan,auto,warm,basic,36864,36864,195419520,339270,250000371,548729728,4,4,0,0,0,0
1,stride16-gcc13-auto-r10-stride16_scan-auto-warm-basic-32768,stride16-gcc13-auto,10,stride16_scan,auto,warm,basic,32768,32768,323844096,632508,250000110,548729300,4,4,0,0,0,0
1,stride16-gcc13-auto-r10-stride16_scan-auto-cache_evicted-basic-8388608,stride16-gcc13-auto,10,stride16_scan,auto,cache_evicted,basic,8388608,8388608,75104256,573,250301630,549390772,4,4,0,0,281708611176267,0
1,stride16-gcc13-auto-r10-stride16_scan-auto-warm-branch-196608,stride16-gcc13-auto,10,stride16_scan,auto,warm,branch,196608,196608,189950976,61833,250000234,548729560,4,4,0,0,6567636674472,0
1,stride16-gcc13-auto-r10-stride16_scan-auto-warm-basic-24576,stride16-gcc13-auto,10,stride16_scan,auto,warm,basic,24576,24576,335163264,872821,250000240,548729584,4,4,0,0,834599039581,0
1,stride16-gcc13-auto-r10-stride16_scan-auto-cache_evicted-branch-1048576,stride16-gcc13-auto,10,stride16_scan,auto,cache_evicted,branch,1048576,1048576,112132096,6844,250035708,548807456,4,4,0,0,0,0
1,stride16-gcc13-auto-r10-stride16_scan-auto-warm-branch-33554432,stride16-gcc13-auto,10,stride16_scan,auto,warm,branch,33554432,33554432,54525952,104,250071979,548886920,4,4,0,0,0,0
1,stride16-gcc13-auto-r10-stride16_scan-auto-warm-basic-8388608,stride16-gcc13-auto,10,stride16_scan,auto,warm,basic,8388608,8388608,70909952,541,250243300,549262924,4,4,0,0,281869527276860,0
1,stride16-gcc13-auto-r10-stride16_scan-auto-warm-basic-65536,stride16-gcc13-auto,10,stride16_scan,auto,warm,basic,65536,65536,203142144,198381,250000848,548730632,4,4,0,0,2148473802281,0
1,stride16-gcc13-auto-r10-stride16_scan-auto-cache_evicted-basic-6291456,stride16-gcc13-auto,10,stride16_scan,auto,cache_evicted,basic,6291456,6291456,90439680,920,250035409,548806652,4,4,0,0,0,0
1,stride16-gcc13-auto-r10-stride16_scan-auto-cache_evicted-basic-262144,stride16-gcc13-auto,10,stride16_scan,auto,cache_evicted,basic,262144,262144,143589376,35056,250000100,548729272,4,4,0,0,0,0
1,stride16-gcc13-auto-r10-stride16_scan-auto-warm-branch-65536,stride16-gcc13-auto,10,stride16_scan,auto,warm,branch,65536,65536,204206080,199420,250000296,548729560,4,4,0,0,0,0
1,stride16-gcc13-auto-r10-stride16_scan-auto-warm-branch-32768,stride16-gcc13-auto,10,stride16_scan,auto,warm,branch,32768,32768,325806592,636341,250000106,548729284,4,4,0,0,1096514746072,0
1,stride16-gcc13-auto-r10-stride16_scan-auto-warm-branch-36864,stride16-gcc13-auto,10,stride16_scan,auto,warm,branch,36864,36864,197906112,343587,250000814,548730688,4,4,0,0,1233536109511,0
1,stride16-gcc13-auto-r10-stride16_scan-auto-warm-branch-1048576,stride16-gcc13-auto,10,stride16_scan,auto,warm,branch,1048576,1048576,112148480,6845,250020531,548774128,4,4,0,0,35128277683811,0
1,stride16-gcc13-auto-r11-stride16_scan-auto-warm-branch-36864,stride16-gcc13-auto,11,stride16_scan,auto,warm,branch,36864,36864,197370432,342657,250000358,548729844,4,4,0,0,1284970522233,0
1,stride16-gcc13-auto-r11-stride16_scan-auto-warm-basic-33554432,stride16-gcc13-auto,11,stride16_scan,auto,warm,basic,33554432,33554432,53477376,102,251201932,551366812,4,4,0,0,0,0
1,stride16-gcc13-auto-r11-stride16_scan-auto-warm-branch-131072,stride16-gcc13-auto,11,stride16_scan,auto,warm,branch,131072,131072,212240384,103633,250000932,548730952,4,4,0,0,4424880989324,0
1,stride16-gcc13-auto-r11-stride16_scan-auto-cache_evicted-branch-33554432,stride16-gcc13-auto,11,stride16_scan,auto,cache_evicted,branch,33554432,33554432,54525952,104,250519129,549868192,4,4,0,0,0,0
1,stride16-gcc13-auto-r11-stride16_scan-auto-warm-basic-24576,stride16-gcc13-auto,11,stride16_scan,auto,warm,basic,24576,24576,337840896,879794,250000108,548729296,4,4,0,0,0,0
1,stride16-gcc13-auto-r11-stride16_scan-auto-warm-basic-5242880,stride16-gcc13-auto,11,stride16_scan,auto,warm,basic,5242880,5242880,99778560,1218,250121864,548996248,4,4,0,0,0,0
1,stride16-gcc13-auto-r11-stride16_scan-auto-warm-branch-32768,stride16-gcc13-auto,11,stride16_scan,auto,warm,branch,32768,32768,322389504,629667,250000332,548729640,4,4,0,0,1151263133500,0
1,stride16-gcc13-auto-r11-stride16_scan-auto-warm-basic-12582912,stride16-gcc13-auto,11,stride16_scan,auto,warm,basic,12582912,12582912,60751872,309,250510427,549849112,4,4,0,0,421857947603241,0
1,stride16-gcc13-auto-r11-stride16_scan-auto-warm-basic-16384,stride16-gcc13-auto,11,stride16_scan,auto,warm,basic,16384,16384,301709568,1178553,250000146,548729240,4,4,0,0,565742010587,0
1,stride16-gcc13-auto-r11-stride16_scan-auto-cache_evicted-branch-1048576,stride16-gcc13-auto,11,stride16_scan,auto,cache_evicted,branch,1048576,1048576,112082944,6841,250003194,548735740,4,4,0,0,35300808756989,0
1,stride16-gcc13-auto-r11-stride16_scan-auto-cache_evicted-branch-6291456,stride16-gcc13-auto,11,stride16_scan,auto,cache_evicted,branch,6291456,6291456,76480512,778,250043373,548823844,4,4,0,0,0,0
1,stride16-gcc13-auto-r11-stride16_scan-auto-cache_evicted-basic-262144,stride16-gcc13-auto,11,stride16_scan,auto,cache_evicted,basic,262144,262144,131473408,32098,250002705,548735016,4,4,0,0,0,0
1,stride16-gcc13-auto-r11-stride16_scan-auto-cache_evicted-basic-536870912,stride16-gcc13-auto,11,stride16_scan,auto,cache_evicted,basic,536870912,536870912,58720256,7,271357982,595607760,4,4,0,0,18013514324465523,0
1,stride16-gcc13-auto-r11-stride16_scan-auto-warm-basic-8388608,stride16-gcc13-auto,11,stride16_scan,auto,warm,basic,8388608,8388608,77987840,595,250213627,549197652,4,4,0,0,280596172516071,0
1,stride16-gcc13-auto-r11-stride16_scan-auto-warm-branch-28672,stride16-gcc13-auto,11,stride16_scan,auto,warm,branch,28672,28672,330455104,737623,250000387,548729712,4,4,0,0,997874973925,0
1,stride16-gcc13-auto-r11-stride16_scan-auto-warm-branch-536870912,stride16-gcc13-auto,11,stride16_scan,auto,warm,branch,536870912,536870912,58720256,7,271353415,595597736,4,4,0,0,18015072624206041,0
1,stride16-gcc13-auto-r11-stride16_scan-auto-warm-basic-28672,stride16-gcc13-auto,11,stride16_scan,auto,warm,basic,28672,28672,329986048,736576,250000268,548729492,4,4,0,0,0,0
1,stride16-gcc13-auto-r11-stride16_scan-auto-warm-basic-134217728,stride16-gcc13-auto,11,stride16_scan,auto,warm,basic,134217728,134217728,56623104,27,259282243,569102508,4,4,0,0,4501907660602659,0
1,stride16-gcc13-auto-r11-stride16_scan-auto-warm-branch-8192,stride16-gcc13-auto,11,stride16_scan,auto,warm,branch,8192,8192,262231936,2048687,250000155,548729260,4,4,0,0,281604516461,0
1,stride16-gcc13-auto-r11-stride16_scan-auto-warm-basic-2097152,stride16-gcc13-auto,11,stride16_scan,auto,warm,basic,2097152,2097152,112295936,3427,250058573,548857344,4,4,0,0,70279418302615,0
1,stride16-gcc13-auto-r11-stride16_scan-auto-warm-branch-229376,stride16-gcc13-auto,11,stride16_scan,auto,warm,branch,229376,229376,216613376,60439,250002565,548734400,4,4,0,0,7703407302489,0
1,stride16-gcc13-auto-r11-stride16_scan-auto-warm-basic-4194304,stride16-gcc13-auto,11,stride16_scan,auto,warm,basic,4194304,4194304,109248512,1667,250092268,548931200,4,4,0,0,140566917989895,0
1,stride16-gcc13-auto-r11-stride16_scan-auto-warm-basic-536870912,stride16-gcc13-auto,11,stride16_scan,auto,warm,basic,536870912,536870912,58720256,7,271578110,596090908,4,4,0,0,18015072624206041,0
1,stride16-gcc13-auto-r11-stride16_scan-auto-warm-branch-4194304,stride16-gcc13-auto,11,stride16_scan,auto,warm,branch,4194304,4194304,112001024,1709,250034391,548804396,4,4,0,0,140566917989895,0
1,stride16-gcc13-auto-r11-stride16_scan-auto-warm-branch-8388608,stride16-gcc13-auto,11,stride16_scan,auto,warm,branch,8388608,8388608,77463552,591,250386800,549577684,4,4,0,0,280596172516071,0
1,stride16-gcc13-auto-r11-stride16_scan-auto-warm-basic-196608,stride16-gcc13-auto,11,stride16_scan,auto,warm,basic,196608,196608,189327360,61630,250001134,548731412,4,4,0,0,0,0
1,stride16-gcc13-auto-r11-stride16_scan-auto-warm-basic-8192,stride16-gcc13-auto,11,stride16_scan,auto,warm,basic,8192,8192,263596544,2059348,250000192,548729340,4,4,0,0,0,0
1,stride16-gcc13-auto-r11-stride16_scan-auto-cache_evicted-branch-262144,stride16-gcc13-auto,11,stride16_scan,auto,cache_evicted,branch,262144,262144,150319104,36699,250001282,548731704,4,4,0,0,8796323103689,0
1,stride16-gcc13-auto-r11-stride16_scan-auto-warm-branch-98304,stride16-gcc13-auto,11,stride16_scan,auto,warm,branch,98304,98304,206169600,134225,250001068,548731244,4,4,0,0,3326880975683,0
1,stride16-gcc13-auto-r11-stride16_scan-auto-warm-branch-33554432,stride16-gcc13-auto,11,stride16_scan,auto,warm,branch,33554432,33554432,55574528,106,251685390,552427524,4,4,0,0,0,0
1,stride16-gcc13-auto-r11-stride16_scan-auto-warm-basic-294912,stride16-gcc13-auto,11,stride16_scan,auto,warm,basic,294912,294912,131747328,28591,250002905,548735420,4,4,0,0,9884066724869,0
1,stride16-gcc13-auto-r11-stride16_scan-auto-warm-branch-7340032,stride16-gcc13-auto,11,stride16_scan,auto,warm,branch,7340032,7340032,85098496,742,250313053,549415852,4,4,0,0,0,0
1,stride16-gcc13-auto-r11-stride16_scan-auto-warm-branch-524288,stride16-gcc13-auto,11,stride16_scan,auto,warm,branch,524288,524288,111853568,13654,250018120,548768852,4,4,0,0,0,0
1,stride16-gcc13-auto-r11-stride16_scan-auto-warm-basic-65536,stride16-gcc13-auto,11,stride16_scan,auto,warm,basic,65536,65536,202334208,197592,250000752,548730360,4,4,0,0,0,0
1,stride16-gcc13-auto-r11-stride16_scan-auto-cache_evicted-basic-6291456,stride16-gcc13-auto,11,stride16_scan,auto,cache_evicted,basic,6291456,6291456,88571904,901,250053344,548845800,4,4,0,0,211786463202622,0
1,stride16-gcc13-auto-r11-stride16_scan-auto-cache_evicted-branch-32768,stride16-gcc13-auto,11,stride16_scan,auto,cache_evicted,branch,32768,32768,328217600,641050,250000412,548729956,4,4,0,0,0,0
1,stride16-gcc13-auto-r11-stride16_scan-auto-cache_evicted-basic-32768,stride16-gcc13-auto,11,stride16_scan,auto,cache_evicted,basic,32768,32768,328769536,642128,250000203,548729492,4,4,0,0,0,0
1,stride16-gcc13-auto-r11-stride16_scan-auto-warm-basic-36864,stride16-gcc13-auto,11,stride16_scan,auto,warm,basic,36864,36864,195212736,338911,250000389,548729908,4,4,0,0,1284970522233,0
1,stride16-gcc13-auto-r11-stride16_scan-auto-warm-basic-229376,stride16-gcc13-auto,11,stride16_scan,auto,warm,basic,229376,229376,164666880,45945,250002601,548734452,4,4,0,0,7703407302489,0
1,stride16-gcc13-auto-r11-stride16_scan-auto-warm-branch-2097152,stride16-gcc13-auto,11,stride16_scan,auto,warm,branch,2097152,2097152,112263168,3426,250059429,548859348,4,4,0,0,0,0
1,stride16-gcc13-auto-r11-stride16_scan-auto-cache_evicted-basic-33554432,stride16-gcc13-auto,11,stride16_scan,auto,cache_evicted,basic,33554432,33554432,55574528,106,251810741,552703124,4,4,0,0,0,0
1,stride16-gcc13-auto-r11-stride16_scan-auto-warm-branch-294912,stride16-gcc13-auto,11,stride16_scan,auto,warm,branch,294912,294912,122033664,26483,250002545,548734644,4,4,0,0,9884066724869,0
1,stride16-gcc13-auto-r11-stride16_scan-auto-warm-branch-65536,stride16-gcc13-auto,11,stride16_scan,auto,warm,branch,65536,65536,201392128,196672,250001371,548731724,4,4,0,0,0,0
1,stride16-gcc13-auto-r11-stride16_scan-auto-warm-branch-5242880,stride16-gcc13-auto,11,stride16_scan,auto,warm,branch,5242880,5242880,109936640,1342,250118407,548988164,4,4,0,0,0,0
1,stride16-gcc13-auto-r11-stride16_scan-auto-warm-branch-49152,stride16-gcc13-auto,11,stride16_scan,auto,warm,branch,49152,49152,200689152,261314,250000201,548729500,4,4,0,0,0,0
1,stride16-gcc13-auto-r11-stride16_scan-auto-cache_evicted-branch-536870912,stride16-gcc13-auto,11,stride16_scan,auto,cache_evicted,branch,536870912,536870912,58720256,7,271336572,595560776,4,4,0,0,18013514324465523,0
1,stride16-gcc13-auto-r11-stride16_scan-auto-warm-basic-49152,stride16-gcc13-auto,11,stride16_scan,auto,warm,basic,49152,49152,200922624,261618,250000619,548730276,4,4,0,0,0,0
1,stride16-gcc13-auto-r11-stride16_scan-auto-warm-branch-393216,stride16-gcc13-auto,11,stride16_scan,auto,warm,branch,393216,393216,111611904,18166,250006129,548742224,4,4,0,0,0,0
1,stride16-gcc13-auto-r11-stride16_scan-auto-warm-branch-262144,stride16-gcc13-auto,11,stride16_scan,auto,warm,branch,262144,262144,153264128,37418,250002173,548733516,4,4,0,0,0,0
1,stride16-gcc13-auto-r11-stride16_scan-auto-warm-branch-24576,stride16-gcc13-auto,11,stride16_scan,auto,warm,branch,24576,24576,325117440,846660,250000336,548729812,4,4,0,0,0,0
1,stride16-gcc13-auto-r11-stride16_scan-auto-warm-branch-12582912,stride16-gcc13-auto,11,stride16_scan,auto,warm,branch,12582912,12582912,61538304,313,250217390,549205900,4,4,0,0,421857947603241,0
1,stride16-gcc13-auto-r11-stride16_scan-auto-warm-basic-524288,stride16-gcc13-auto,11,stride16_scan,auto,warm,basic,524288,524288,111853568,13654,250015102,548762208,4,4,0,0,0,0
1,stride16-gcc13-auto-r11-stride16_scan-auto-warm-basic-98304,stride16-gcc13-auto,11,stride16_scan,auto,warm,basic,98304,98304,206911488,134708,250000863,548730944,4,4,0,0,0,0
1,stride16-gcc13-auto-r11-stride16_scan-auto-warm-branch-1048576,stride16-gcc13-auto,11,stride16_scan,auto,warm,branch,1048576,1048576,112132096,6844,250013191,548758004,4,4,0,0,0,0
1,stride16-gcc13-auto-r11-stride16_scan-auto-warm-branch-134217728,stride16-gcc13-auto,11,stride16_scan,auto,warm,branch,134217728,134217728,54525952,26,251814437,552711288,4,4,0,0,0,0
1,stride16-gcc13-auto-r11-stride16_scan-auto-warm-basic-6291456,stride16-gcc13-auto,11,stride16_scan,auto,warm,basic,6291456,6291456,91324416,929,250193675,549153172,4,4,0,0,210390630781193,0
1,stride16-gcc13-auto-r11-stride16_scan-auto-cache_evicted-branch-8388608,stride16-gcc13-auto,11,stride16_scan,auto,cache_evicted,branch,8388608,8388608,72351744,552,250396834,549599904,4,4,0,0,0,0
1,stride16-gcc13-auto-r11-stride16_scan-auto-warm-basic-32768,stride16-gcc13-auto,11,stride16_scan,auto,warm,basic,32768,32768,320773120,626510,250000379,548729756,4,4,0,0,0,0
1,stride16-gcc13-auto-r11-stride16_scan-auto-warm-branch-196608,stride16-gcc13-auto,11,stride16_scan,auto,warm,branch,196608,196608,184670208,60114,250002968,548735592,4,4,0,0,0,0
1,stride16-gcc13-auto-r11-stride16_scan-auto-warm-basic-1048576,stride16-gcc13-auto,11,stride16_scan,auto,warm,basic,1048576,1048576,112132096,6844,250002087,548733312,4,4,0,0,0,0
1,stride16-gcc13-auto-r11-stride16_scan-auto-cache_evicted-basic-8388608,stride16-gcc13-auto,11,stride16_scan,auto,cache_evicted,basic,8388608,8388608,76939264,587,250220608,549212924,4,4,0,0,281920154593971,0
1,stride16-gcc13-auto-r11-stride16_scan-auto-warm-basic-7340032,stride16-gcc13-auto,11,stride16_scan,auto,warm,basic,7340032,7340032,84525056,737,250049789,548838032,4,4,0,0,245429165593765,0
1,stride16-gcc13-auto-r11-stride16_scan-auto-warm-basic-131072,stride16-gcc13-auto,11,stride16_scan,auto,warm,basic,131072,131072,215003136,104982,250002074,548733604,4,4,0,0,0,0
1,stride16-gcc13-auto-r11-stride16_scan-auto-warm-basic-262144,stride16-gcc13-auto,11,stride16_scan,auto,warm,basic,262144,262144,165384192,40377,250002725,548734892,4,4,0,0,8777307081251,0
1,stride16-gcc13-auto-r11-stride16_scan-auto-warm-branch-6291456,stride16-gcc13-auto,11,stride16_scan,auto,warm,branch,6291456,6291456,87588864,891,250259101,549297460,4,4,0,0,210390630781193,0
1,stride16-gcc13-auto-r11-stride16_scan-auto-cache_evicted-basic-1048576,stride16-gcc13-auto,11,stride16_scan,auto,cache_evicted,basic,1048576,1048576,112115712,6843,250003926,548737376,4,4,0,0,35300808756989,0
1,stride16-gcc13-auto-r11-stride16_scan-auto-warm-branch-16384,stride16-gcc13-auto,11,stride16_scan,auto,warm,branch,16384,16384,315036928,1230613,250000363,548729372,4,4,0,0,565742010587,0
1,stride16-gcc13-auto-r11-stride16_scan-auto-warm-basic-393216,stride16-gcc13-auto,11,stride16_scan,auto,warm,basic,393216,393216,111587328,18162,250008023,548746504,4,4,2,0,0,0
1,stride16-gcc13-auto-r12-stride16_scan-auto-cache_evicted-branch-32768,stride16-gcc13-auto,12,stride16_scan,auto,cache_evicted,branch,32768,32768,326749696,638183,250000316,548729584,4,4,0,0,1129517790104,0
1,stride16-gcc13-auto-r12-stride16_scan-auto-cache_evicted-branch-536870912,stride16-gcc13-auto,12,stride16_scan,auto,cache_evicted,branch,536870912,536870912,58720256,7,272958062,599119788,4,4,0,0,18016279978240223,0
1,stride16-gcc13-auto-r12-stride16_scan-auto-cache_evicted-basic-536870912,stride16-gcc13-auto,12,stride16_scan,auto,cache_evicted,basic,536870912,536870912,58720256,7,271392051,595682512,4,4,0,0,18016279978240223,0
1,stride16-gcc13-auto-r12-stride16_scan-auto-warm-branch-12582912,stride16-gcc13-auto,12,stride16_scan,auto,warm,branch,12582912,12582912,61341696,312,250017585,548767356,4,4,0,0,0,0
1,stride16-gcc13-auto-r12-stride16_scan-auto-warm-basic-229376,stride16-gcc13-auto,12,stride16_scan,auto,warm,basic,229376,229376,188353536,52554,250003503,548736600,4,4,0,0,0,0
1,stride16-gcc13-auto-r12-stride16_scan-auto-warm-basic-8388608,stride16-gcc13-auto,12,stride16_scan,auto,warm,basic,8388608,8388608,76152832,581,250121452,548995332,4,4,0,0,281456099397066,0
1,stride16-gcc13-auto-r12-stride16_scan-auto-warm-branch-134217728,stride16-gcc13-auto,12,stride16_scan,auto,warm,branch,134217728,134217728,52428800,25,257044287,564190368,4,4,0,0,4506029875336677,0
1,stride16-gcc13-auto-r12-stride16_scan-auto-warm-branch-196608,stride16-gcc13-auto,12,stride16_scan,auto,warm,branch,196608,196608,226391040,73695,250002841,548734984,4,4,0,0,6698831484389,0
1,stride16-gcc13-auto-r12-stride16_scan-auto-warm-basic-49152,stride16-gcc13-auto,12,stride16_scan,auto,warm,basic,49152,49152,198885888,258966,250000574,548730312,4,4,0,0,0,0
1,stride16-gcc13-auto-r12-stride16_scan-auto-warm-branch-393216,stride16-gcc13-auto,12,stride16_scan,auto,warm,branch,393216,393216,111685632,18178,250005739,548741504,4,4,0,0,0,0
1,stride16-gcc13-auto-r12-stride16_scan-auto-cache_evicted-basic-32768,stride16-gcc13-auto,12,stride16_scan,auto,cache_evicted,basic,32768,32768,324441600,633675,250000239,548729576,4,4,0,0,1129517790104,0
1,stride16-gcc13-auto-r12-stride16_scan-auto-warm-basic-262144,stride16-gcc13-auto,12,stride16_scan,auto,warm,basic,262144,262144,157171712,38372,250002541,548734624,4,4,0,0,0,0
1,stride16-gcc13-auto-r12-stride16_scan-auto-warm-branch-524288,stride16-gcc13-auto,12,stride16_scan,auto,warm,branch,524288,524288,111869952,13656,250005153,548740364,4,4,0,0,0,0
1,stride16-gcc13-auto-r12-stride16_scan-auto-warm-basic-524288,stride16-gcc13-auto,12,stride16_scan,auto,warm,basic,524288,524288,111853568,13654,250017727,548767820,4,4,0,0,0,0
1,stride16-gcc13-auto-r12-stride16_scan-auto-warm-branch-131072,stride16-gcc13-auto,12,stride16_scan,auto,warm,branch,131072,131072,209741824,102413,250001824,548733068,4,4,0,0,4489240574230,0
1,stride16-gcc13-auto-r12-stride16_scan-auto-cache_evicted-basic-33554432,stride16-gcc13-auto,12,stride16_scan,auto,cache_evicted,basic,33554432,33554432,54001664,103,250372516,549546352,4,4,0,0,1125011427847033,0
1,stride16-gcc13-auto-r12-stride16_scan-auto-warm-basic-5242880,stride16-gcc13-auto,12,stride16_scan,auto,warm,basic,5242880,5242880,110182400,1345,250024568,548782696,4,4,0,0,175961332670095,0
1,stride16-gcc13-auto-r12-stride16_scan-auto-cache_evicted-branch-33554432,stride16-gcc13-auto,12,stride16_scan,auto,cache_evicted,branch,33554432,33554432,55574528,106,251603695,552248748,4,4,0,0,0,0
1,stride16-gcc13-auto-r12-stride16_scan-auto-warm-branch-8192,stride16-gcc13-auto,12,stride16_scan,auto,warm,branch,8192,8192,256084864,2000663,250000141,548729224,4,4,0,0,275067138950,0
1,stride16-gcc13-auto-r12-stride16_scan-auto-warm-basic-8192,stride16-gcc13-auto,12,stride16_scan,auto,warm,basic,8192,8192,262419712,2050154,250000127,548729328,4,4,0,0,0,0
1,stride16-gcc13-auto-r12-stride16_scan-auto-warm-basic-1048576,stride16-gcc13-auto,12,stride16_scan,auto,warm,basic,1048576,1048576,112115712,6843,250022788,548779064,4,4,0,0,35207722829431,0
1,stride16-gcc13-auto-r12-stride16_scan-auto-warm-branch-98304,stride16-gcc13-auto,12,stride16_scan,auto,warm,branch,98304,98304,204922368,133413,250001548,548732472,4,4,0,0,3337961731919,0
1,stride16-gcc13-auto-r12-stride16_scan-auto-warm-basic-196608,stride16-gcc13-auto,12,stride16_scan,auto,warm,basic,196608,196608,188510208,61364,250003230,548736148,4,4,0,0,0,0
1,stride16-gcc13-auto-r12-stride16_scan-auto-warm-branch-1048576,stride16-gcc13-auto,12,stride16_scan,auto,warm,branch,1048576,1048576,112099328,6842,250004848,548739376,4,4,0,0,0,0
1,stride16-gcc13-auto-r12-stride16_scan-auto-warm-basic-294912,stride16-gcc13-auto,12,stride16_scan,auto,warm,basic,294912,294912,138124800,29975,250008061,548746312,4,4,0,0,10012851707135,0
1,stride16-gcc13-auto-r12-stride16_scan-auto-warm-branch-8388608,stride16-gcc13-auto,12,stride16_scan,auto,warm,branch,8388608,8388608,76808192,586,250144910,549046772,4,4,0,0,0,0
1,stride16-gcc13-auto-r12-stride16_scan-auto-warm-basic-16384,stride16-gcc13-auto,12,stride16_scan,auto,warm,basic,16384,16384,313574144,1224899,250000219,548729244,4,4,0,0,572695497691,0
1,stride16-gcc13-auto-r12-stride16_scan-auto-warm-basic-32768,stride16-gcc13-auto,12,stride16_scan,auto,warm,basic,32768,32768,329392128,643344,250000234,548729412,4,4,0,0,0,0
1,stride16-gcc13-auto-r12-stride16_scan-auto-warm-branch-32768,stride16-gcc13-auto,12,stride16_scan,auto,warm,branch,32768,32768,331381248,647229,250000436,548730004,4,4,0,0,1138018961818,0
1,stride16-gcc13-auto-r12-stride16_scan-auto-warm-basic-393216,stride16-gcc13-auto,12,stride16_scan,auto,warm,basic,393216,393216,111740928,18187,250002320,548734144,4,4,0,0,13303578491664,0
1,stride16-gcc13-auto-r12-stride16_scan-auto-warm-basic-131072,stride16-gcc13-auto,12,stride16_scan,auto,warm,basic,131072,131072,210335744,102703,250001739,548732876,4,4,0,0,4489240574230,0
1,stride16-gcc13-auto-r12-stride16_scan-auto-warm-basic-7340032,stride16-gcc13-auto,12,stride16_scan,auto,warm,basic,7340032,7340032,85671936,747,250261154,549302080,4,4,0,0,246302404644972,0
1,stride16-gcc13-auto-r12-stride16_scan-auto-warm-branch-49152,stride16-gcc13-auto,12,stride16_scan,auto,warm,branch,49152,49152,198895872,258979,250000556,548729908,4,4,0,0,1688314077632,0
1,stride16-gcc13-auto-r12-stride16_scan-auto-cache_evicted-branch-8388608,stride16-gcc13-auto,12,stride16_scan,auto,cache_evicted,branch,8388608,8388608,65404928,499,250255755,549290112,4,4,0,0,281253109102956,0
1,stride16-gcc13-auto-r12-stride16_scan-auto-cache_evicted-basic-262144,stride16-gcc13-auto,12,stride16_scan,auto,cache_evicted,basic,262144,262144,137191424,33494,250001479,548732304,4,4,0,0,0,0
1,stride16-gcc13-auto-r12-stride16_scan-auto-warm-basic-65536,stride16-gcc13-auto,12,stride16_scan,auto,warm,basic,65536,65536,201487360,196765,250001236,548731728,4,4,0,0,2240668906555,0
1,stride16-gcc13-auto-r12-stride16_scan-auto-warm-basic-4194304,stride16-gcc13-auto,12,stride16_scan,auto,warm,basic,4194304,4194304,111476736,1701,250113045,548977052,4,4,0,0,140920003402612,0
1,stride16-gcc13-auto-r12-stride16_scan-auto-warm-branch-294912,stride16-gcc13-auto,12,stride16_scan,auto,warm,branch,294912,294912,137465856,29832,250002434,548734400,4,4,0,0,0,0
1,stride16-gcc13-auto-r12-stride16_scan-auto-warm-basic-98304,stride16-gcc13-auto,12,stride16_scan,auto,warm,basic,98304,98304,205008384,133469,250000212,548729524,4,4,0,0,3337961731919,0
1,stride16-gcc13-auto-r12-stride16_scan-auto-warm-basic-2097152,stride16-gcc13-auto,12,stride16_scan,auto,warm,basic,2097152,2097152,112328704,3428,250053879,548847316,4,4,0,0,0,0
1,stride16-gcc13-auto-r12-stride16_scan-auto-cache_evicted-basic-8388608,stride16-gcc13-auto,12,stride16_scan,auto,cache_evicted,basic,8388608,8388608,74973184,572,250423581,549658416,4,4,0,0,0,0
1,stride16-gcc13-auto-r12-stride16_scan-auto-warm-branch-2097152,stride16-gcc13-auto,12,stride16_scan,auto,warm,branch,2097152,2097152,112197632,3424,250036397,548808548,4,4,0,0,0,0
1,stride16-gcc13-auto-r12-stride16_scan-auto-warm-branch-24576,stride16-gcc13-auto,12,stride16_scan,auto,warm,branch,24576,24576,325920384,848751,250000130,548729344,4,4,0,0,855155596495,0
1,stride16-gcc13-auto-r12-stride16_scan-auto-warm-branch-28672,stride16-gcc13-auto,12,stride16_scan,auto,warm,branch,28672,28672,331042432,738934,250000205,548729512,4,4,0,0,0,0
1,stride16-gcc13-auto-r12-stride16_scan-auto-warm-branch-6291456,stride16-gcc13-auto,12,stride16_scan,auto,warm,branch,6291456,6291456,92110848,937,250128539,549010924,4,4,0,0,211273907337795,0
1,stride16-gcc13-auto-r12-stride16_scan-auto-warm-basic-33554432,stride16-gcc13-auto,12,stride16_scan,auto,warm,basic,33554432,33554432,55574528,106,251915705,552933616,4,4,0,0,0,0
1,stride16-gcc13-auto-r12-stride16_scan-auto-warm-branch-5242880,stride16-gcc13-auto,12,stride16_scan,auto,warm,branch,5242880,5242880,107970560,1318,250027072,548788144,4,4,0,0,0,0
1,stride16-gcc13-auto-r12-stride16_scan-auto-warm-branch-33554432,stride16-gcc13-auto,12,stride16_scan,auto,warm,branch,33554432,33554432,52428800,100,251105397,551154752,4,4,0,0,0,0
1,stride16-gcc13-auto-r12-stride16_scan-auto-warm-branch-536870912,stride16-gcc13-auto,12,stride16_scan,auto,warm,branch,536870912,536870912,58720256,7,291325671,639435172,4,4,0,0,18017708407915279,0
1,stride16-gcc13-auto-r12-stride16_scan-auto-warm-basic-12582912,stride16-gcc13-auto,12,stride16_scan,auto,warm,basic,12582912,12582912,53280768,271,250115086,548981328,4,4,0,0,422604682959386,0
1,stride16-gcc13-auto-r12-stride16_scan-auto-warm-branch-7340032,stride16-gcc13-auto,12,stride16_scan,auto,warm,branch,7340032,7340032,62390272,544,250178719,549121028,4,4,0,0,0,0
1,stride16-gcc13-auto-r12-stride16_scan-auto-warm-basic-28672,stride16-gcc13-auto,12,stride16_scan,auto,warm,basic,28672,28672,325271744,726053,250000764,548729928,4,4,0,0,998284007114,0
1,stride16-gcc13-auto-r12-stride16_scan-auto-warm-branch-4194304,stride16-gcc13-auto,12,stride16_scan,auto,warm,branch,4194304,4194304,104071168,1588,250052839,548844664,4,4,0,0,0,0
1,stride16-gcc13-auto-r12-stride16_scan-auto-cache_evicted-basic-6291456,stride16-gcc13-auto,12,stride16_scan,auto,cache_evicted,basic,6291456,6291456,78151680,795,250200170,549168136,4,4,0,0,211096650427438,0
1,stride16-gcc13-auto-r12-stride16_scan-auto-warm-branch-262144,stride16-gcc13-auto,12,stride16_scan,auto,warm,branch,262144,262144,171675648,41913,250001698,548732452,4,4,0,0,8899351495649,0
1,stride16-gcc13-auto-r12-stride16_scan-auto-cache_evicted-branch-6291456,stride16-gcc13-auto,12,stride16_scan,auto,cache_evicted,branch,6291456,6291456,62029824,631,250385178,549574188,4,4,0,0,211096650427438,0
1,stride16-gcc13-auto-r12-stride16_scan-auto-cache_evicted-branch-1048576,stride16-gcc13-auto,12,stride16_scan,auto,cache_evicted,branch,1048576,1048576,111837184,6826,250015939,548763760,4,4,0,0,0,0
1,stride16-gcc13-auto-r12-stride16_scan-auto-warm-branch-65536,stride16-gcc13-auto,12,stride16_scan,auto,warm,branch,65536,65536,204258304,199471,250000448,548729632,4,4,0,0,2240668906555,0
1,stride16-gcc13-auto-r12-stride16_scan-auto-warm-basic-6291456,stride16-gcc13-auto,12,stride16_scan,auto,warm,basic,6291456,6291456,83853312,853,250300929,549389220,4,4,0,0,211273907337795,0
1,stride16-gcc13-auto-r12-stride16_scan-auto-warm-basic-536870912,stride16-gcc13-auto,12,stride16_scan,auto,warm,basic,536870912,536870912,58720256,7,272257893,597583000,4,4,0,0,18017708407915279,0
1,stride16-gcc13-auto-r12-stride16_scan-auto-warm-branch-36864,stride16-gcc13-auto,12,stride16_scan,auto,warm,branch,36864,36864,195311808,339083,250000757,548730396,4,4,0,0,1268033233525,0
1,stride16-gcc13-auto-r12-stride16_scan-auto-cache_evicted-basic-1048576,stride16-gcc13-auto,12,stride16_scan,auto,cache_evicted,basic,1048576,1048576,111951872,6833,250020960,548774776,4,4,0,0,35093565851261,0
1,stride16-gcc13-auto-r12-stride16_scan-auto-warm-branch-229376,stride16-gcc13-auto,12,stride16_scan,auto,warm,branch,229376,229376,162079232,45223,250003674,548736316,4,4,0,0,7762516995010,0
1,stride16-gcc13-auto-r12-stride16_scan-auto-warm-basic-36864,stride16-gcc13-auto,12,stride16_scan,auto,warm,basic,36864,36864,197551296,342971,250000865,548730660,4,4,0,0,1268033233525,0
1,stride16-gcc13-auto-r12-stride16_scan-auto-warm-branch-16384,stride16-gcc13-auto,12,stride16_scan,auto,warm,branch,16384,16384,304618240,1189915,250000284,548729352,4,4,0,0,572695497691,0
1,stride16-gcc13-auto-r12-stride16_scan-auto-cache_evicted-branch-262144,stride16-gcc13-auto,12,stride16_scan,auto,cache_evicted,branch,262144,262144,155250688,37903,250002091,548733492,4,4,0,0,8878130762476,0
1,stride16-gcc13-auto-r12-stride16_scan-auto-warm-basic-134217728,stride16-gcc13-auto,12,stride16_scan,auto,warm,basic,134217728,134217728,54525952,26,250011108,548753092,4,4,0,0,0,0
1,stride16-gcc13-auto-r12-stride16_scan-auto-warm-basic-24576,stride16-gcc13-auto,12,stride16_scan,auto,warm,basic,24576,24576,335090688,872632,250000333,548729640,4,4,0,0,0,0
1,stride16-gcc13-auto-r13-stride16_scan-auto-warm-basic-134217728,stride16-gcc13-auto,13,stride16_scan,auto,warm,basic,134217728,134217728,54525952,26,250368390,549537280,4,4,0,0,0,0
1,stride16-gcc13-auto-r13-stride16_scan-auto-warm-basic-2097152,stride16-gcc13-auto,13,stride16_scan,auto,warm,basic,2097152,2097152,112230400,3425,250057612,548855372,4,4,0,0,70292373046271,0
1,stride16-gcc13-auto-r13-stride16_scan-auto-warm-branch-229376,stride16-gcc13-auto,13,stride16_scan,auto,warm,branch,229376,229376,193521664,53996,250001824,548732724,4,4,0,0,0,0
1,stride16-gcc13-auto-r13-stride16_scan-auto-warm-branch-36864,stride16-gcc13-auto,13,stride16_scan,auto,warm,branch,36864,36864,195371712,339187,250000319,548729616,4,4,0,0,1271110070286,0
1,stride16-gcc13-auto-r13-stride16_scan-auto-warm-branch-524288,stride16-gcc13-auto,13,stride16_scan,auto,warm,branch,524288,524288,111869952,13656,250002148,548733628,4,4,0,0,0,0
1,stride16-gcc13-auto-r13-stride16_scan-auto-cache_evicted-branch-536870912,stride16-gcc13-auto,13,stride16_scan,auto,cache_evicted,branch,536870912,536870912,58720256,7,270853396,594500192,4,4,0,0,18013077723175416,0
1,stride16-gcc13-auto-r13-stride16_scan-auto-warm-branch-7340032,stride16-gcc13-auto,13,stride16_scan,auto,warm,branch,7340032,7340032,80625664,703,250160140,549080176,4,4,0,0,246303926341686,0
1,stride16-gcc13-auto-r13-stride16_scan-auto-warm-branch-28672,stride16-gcc13-auto,13,stride16_scan,auto,warm,branch,28672,28672,324954560,725345,250000270,548729300,4,4,0,0,971717584350,0
1,stride16-gcc13-auto-r13-stride16_scan-auto-warm-basic-229376,stride16-gcc13-auto,13,stride16_scan,auto,warm,basic,229376,229376,154061824,42986,250003334,548736204,4,4,0,0,0,0
1,stride16-gcc13-auto-r13-stride16_scan-auto-cache_evicted-basic-32768,stride16-gcc13-auto,13,stride16_scan,auto,cache_evicted,basic,32768,32768,319993856,624988,250000387,548729760,4,4,0,0,0,0
1,stride16-gcc13-auto-r13-stride16_scan-auto-cache_evicted-branch-1048576,stride16-gcc13-auto,13,stride16_scan,auto,cache_evicted,branch,1048576,1048576,112115712,6843,250016837,548765892,4,4,0,0,35235380942867,0
1,stride16-gcc13-auto-r13-stride16_scan-auto-warm-basic-536870912,stride16-gcc13-auto,13,stride16_scan,auto,warm,basic,536870912,536870912,58720256,7,271648881,596246244,4,4,0,0,18017630930903688,0
1,stride16-gcc13-auto-r13-stride16_scan-auto-warm-basic-32768,stride16-gcc13-auto,13,stride16_scan,auto,warm,basic,32768,32768,329576960,643705,250000341,548729484,4,4,0,0,1125144036019,0
1,stride16-gcc13-auto-r13-stride16_scan-auto-warm-basic-28672,stride16-gcc13-auto,13,stride16_scan,auto,warm,basic,28672,28672,322715456,720347,250000340,548729664,4,4,0,0,971717584350,0
1,stride16-gcc13-auto-r13-stride16_scan-auto-warm-branch-131072,stride16-gcc13-auto,13,stride16_scan,auto,warm,branch,131072,131072,211169280,103110,250000460,548730084,4,4,0,0,0,0
1,stride16-gcc13-auto-r13-stride16_scan-auto-warm-branch-294912,stride16-gcc13-auto,13,stride16_scan,auto,warm,branch,294912,294912,145829376,31647,250003807,548737296,4,4,0,0,9946677072228,0
1,stride16-gcc13-auto-r13-stride16_scan-auto-warm-branch-12582912,stride16-gcc13-auto,13,stride16_scan,auto,warm,branch,12582912,12582912,61538304,313,250658387,550173776,4,4,0,0,422486443758418,0
1,stride16-gcc13-auto-r13-stride16_scan-auto-warm-branch-33554432,stride16-gcc13-auto,13,stride16_scan,auto,warm,branch,33554432,33554432,54001664,103,250522742,549876100,4,4,0,0,1127345202926468,0
1,stride16-gcc13-auto-r13-stride16_scan-auto-warm-basic-12582912,stride16-gcc13-auto,13,stride16_scan,auto,warm,basic,12582912,12582912,53870592,274,250384633,549573160,4,4,0,0,0,0
1,stride16-gcc13-auto-r13-stride16_scan-auto-cache_evicted-basic-33554432,stride16-gcc13-auto,13,stride16_scan,auto,cache_evicted,basic,33554432,33554432,54001664,103,250360408,549519964,4,4,0,0,1124171710728144,0
1,stride16-gcc13-auto-r13-stride16_scan-auto-warm-branch-196608,stride16-gcc13-auto,13,stride16_scan,auto,warm,branch,196608,196608,223272960,72680,250002135,548733460,4,4,0,0,0,0
1,stride16-gcc13-auto-r13-stride16_scan-auto-warm-branch-8388608,stride16-gcc13-auto,13,stride16_scan,auto,warm,branch,8388608,8388608,73400320,560,250282543,549348924,4,4,0,0,0,0
1,stride16-gcc13-auto-r13-stride16_scan-auto-warm-branch-536870912,stride16-gcc13-auto,13,stride16_scan,auto,warm,branch,536870912,536870912,58720256,7,271702641,596364232,4,4,0,0,18017630930903688,0
1,stride16-gcc13-auto-r13-stride16_scan-auto-warm-basic-6291456,stride16-gcc13-auto,13,stride16_scan,auto,warm,basic,6291456,6291456,96436224,981,250141810,549039940,4,4,0,0,211180090289288,0
1,stride16-gcc13-auto-r13-stride16_scan-auto-cache_evicted-branch-8388608,stride16-gcc13-auto,13,stride16_scan,auto,cache_evicted,branch,8388608,8388608,77332480,590,250401415,549609952,4,4,0,0,0,0
1,stride16-gcc13-auto-r13-stride16_scan-auto-warm-branch-98304,stride16-gcc13-auto,13,stride16_scan,auto,warm,branch,98304,98304,204447744,133104,250001739,548732580,4,4,0,0,0,0
1,stride16-gcc13-auto-r13-stride16_scan-auto-warm-branch-6291456,stride16-gcc13-auto,13,stride16_scan,auto,warm,branch,6291456,6291456,85721088,872,250121733,548995976,4,4,0,0,0,0
1,stride16-gcc13-auto-r13-stride16_scan-auto-cache_evicted-branch-33554432,stride16-gcc13-auto,13,stride16_scan,auto,cache_evicted,branch,33554432,33554432,55050240,105,250535239,549903704,4,4,0,0,1124171710728144,0
1,stride16-gcc13-auto-r13-stride16_scan-auto-warm-branch-2097152,stride16-gcc13-auto,13,stride16_scan,auto,warm,branch,2097152,2097152,112230400,3425,250042062,548821256,4,4,0,0,70292373046271,0
1,stride16-gcc13-auto-r13-stride16_scan-auto-warm-branch-1048576,stride16-gcc13-auto,13,stride16_scan,auto,warm,branch,1048576,1048576,112115712,6843,250005234,548740256,4,4,0,0,35264676264981,0
1,stride16-gcc13-auto-r13-stride16_scan-auto-warm-basic-524288,stride16-gcc13-auto,13,stride16_scan,auto,warm,basic,524288,524288,111861760,13655,250018035,548768488,4,4,0,0,17499642732433,0
1,stride16-gcc13-auto-r13-stride16_scan-auto-warm-basic-4194304,stride16-gcc13-auto,13,stride16_scan,auto,warm,basic,4194304,4194304,111280128,1698,250019304,548771092,4,4,0,0,0,0
1,stride16-gcc13-auto-r13-stride16_scan-auto-cache_evicted-branch-262144,stride16-gcc13-auto,13,stride16_scan,auto,cache_evicted,branch,262144,262144,165666816,40446,250002964,548735348,4,4,0,0,0,0
1,stride16-gcc13-auto-r13-stride16_scan-auto-warm-branch-4194304,stride16-gcc13-auto,13,stride16_scan,auto,warm,branch,4194304,4194304,111542272,1702,250046494,548830788,4,4,0,0,0,0
1,stride16-gcc13-auto-r13-stride16_scan-auto-warm-branch-16384,stride16-gcc13-auto,13,stride16_scan,auto,warm,branch,16384,16384,311382528,1216338,250000379,548729616,4,4,0,0,0,0
1,stride16-gcc13-auto-r13-stride16_scan-auto-warm-basic-196608,stride16-gcc13-auto,13,stride16_scan,auto,warm,basic,196608,196608,187342848,60984,250001925,548732956,4,4,0,0,0,0
1,stride16-gcc13-auto-r13-stride16_scan-auto-cache_evicted-branch-6291456,stride16-gcc13-auto,13,stride16_scan,auto,cache_evicted,branch,6291456,6291456,91127808,927,250026522,548786904,4,4,0,0,210652138624001,0
1,stride16-gcc13-auto-r13-stride16_scan-auto-warm-basic-8388608,stride16-gcc13-auto,13,stride16_scan,auto,warm,basic,8388608,8388608,74973184,572,250216993,549204960,4,4,0,0,0,0
1,stride16-gcc13-auto-r13-stride16_scan-auto-warm-basic-262144,stride16-gcc13-auto,13,stride16_scan,auto,warm,basic,262144,262144,171606016,41896,250001402,548731988,4,4,0,0,0,0
1,stride16-gcc13-auto-r13-stride16_scan-auto-warm-basic-8192,stride16-gcc13-auto,13,stride16_scan,auto,warm,basic,8192,8192,262626432,2051769,250000256,548729472,4,4,0,0,262227732480,0
1,stride16-gcc13-auto-r13-stride16_scan-auto-warm-basic-24576,stride16-gcc13-auto,13,stride16_scan,auto,warm,basic,24576,24576,337219200,878175,250000420,548729836,4,4,0,0,826860986767,0
1,stride16-gcc13-auto-r13-stride16_scan-auto-cache_evicted-basic-262144,stride16-gcc13-auto,13,stride16_scan,auto,cache_evicted,basic,262144,262144,152813568,37308,250005676,548741332,4,4,0,0,0,0
1,stride16-gcc13-auto-r13-stride16_scan-auto-cache_evicted-basic-6291456,stride16-gcc13-auto,13,stride16_scan,auto,cache_evicted,basic,6291456,6291456,92504064,941,250193626,549153756,4,4,0,0,210652138624001,0
1,stride16-gcc13-auto-r13-stride16_scan-auto-warm-basic-294912,stride16-gcc13-auto,13,stride16_scan,auto,warm,basic,294912,294912,148875264,32308,250003722,548736868,4,4,0,0,0,0
1,stride16-gcc13-auto-r13-stride16_scan-auto-warm-branch-32768,stride16-gcc13-auto,13,stride16_scan,auto,warm,branch,32768,32768,321276416,627493,250000272,548729504,4,4,0,0,1125144036019,0
1,stride16-gcc13-auto-r13-stride16_scan-auto-warm-basic-49152,stride16-gcc13-auto,13,stride16_scan,auto,warm,basic,49152,49152,204270336,265977,250000174,548729304,4,4,0,0,1659331707816,0
1,stride16-gcc13-auto-r13-stride16_scan-auto-warm-basic-65536,stride16-gcc13-auto,13,stride16_scan,auto,warm,basic,65536,65536,205708288,200887,250000772,548730740,4,4,0,0,2230977478137,0
1,stride16-gcc13-auto-r13-stride16_scan-auto-warm-branch-393216,stride16-gcc13-auto,13,stride16_scan,auto,warm,branch,393216,393216,111839232,18203,250009847,548750320,4,4,0,0,13182545055951,0
1,stride16-gcc13-auto-r13-stride16_scan-auto-warm-basic-36864,stride16-gcc13-auto,13,stride16_scan,auto,warm,basic,36864,36864,197004096,342021,250000553,548730128,4,4,0,0,1271110070286,0
1,stride16-gcc13-auto-r13-stride16_scan-auto-warm-branch-5242880,stride16-gcc13-auto,13,stride16_scan,auto,warm,branch,5242880,5242880,104284160,1273,250068964,548880288,4,4,0,0,175887795779108,0
1,stride16-gcc13-auto-r13-stride16_scan-auto-warm-basic-1048576,stride16-gcc13-auto,13,stride16_scan,auto,warm,basic,1048576,1048576,112148480,6845,250008892,548748236,4,4,0,0,35264676264981,0
1,stride16-gcc13-auto-r13-stride16_scan-auto-cache_evicted-basic-1048576,stride16-gcc13-auto,13,stride16_scan,auto,cache_evicted,basic,1048576,1048576,112132096,6844,250029489,548793440,4,4,0,0,0,0
1,stride16-gcc13-auto-r13-stride16_scan-auto-warm-basic-7340032,stride16-gcc13-auto,13,stride16_scan,auto,warm,basic,7340032,7340032,78217216,682,250122890,548998416,4,4,0,0,0,0
1,stride16-gcc13-auto-r13-stride16_scan-auto-warm-branch-8192,stride16-gcc13-auto,13,stride16_scan,auto,warm,branch,8192,8192,266488576,2081942,250000194,548729504,4,4,0,0,0,0
1,stride16-gcc13-auto-r13-stride16_scan-auto-warm-branch-262144,stride16-gcc13-auto,13,stride16_scan,auto,warm,branch,262144,262144,153759744,37539,250001573,548732380,4,4,0,0,8833051008300,0
1,stride16-gcc13-auto-r13-stride16_scan-auto-warm-basic-5242880,stride16-gcc13-auto,13,stride16_scan,auto,warm,basic,5242880,5242880,102236160,1248,250181897,549128160,4,4,0,0,0,0
1,stride16-gcc13-auto-r13-stride16_scan-auto-warm-branch-49152,stride16-gcc13-auto,13,stride16_scan,auto,warm,branch,49152,49152,198752256,258792,250000917,548730928,4,4,0,0,0,0
1,stride16-gcc13-auto-r13-stride16_scan-auto-warm-branch-134217728,stride16-gcc13-auto,13,stride16_scan,auto,warm,branch,134217728,134217728,56623104,27,258663653,567744752,4,4,0,0,4505250139450984,0
1,stride16-gcc13-auto-r13-stride16_scan-auto-cache_evicted-basic-536870912,stride16-gcc13-auto,13,stride16_scan,auto,cache_evicted,basic,536870912,536870912,58720256,7,271465370,595843424,4,4,0,0,18013077723175416,0
1,stride16-gcc13-auto-r13-stride16_scan-auto-cache_evicted-branch-32768,stride16-gcc13-auto,13,stride16_scan,auto,cache_evicted,branch,32768,32768,326998016,638668,250000368,548729800,4,4,0,0,0,0
1,stride16-gcc13-auto-r13-stride16_scan-auto-cache_evicted-basic-8388608,stride16-gcc13-auto,13,stride16_scan,auto,cache_evicted,basic,8388608,8388608,76414976,583,250211750,549193492,4,4,0,0,280798274337946,0
1,stride16-gcc13-auto-r13-stride16_scan-auto-warm-basic-393216,stride16-gcc13-auto,13,stride16_scan,auto,warm,basic,393216,393216,111716352,18183,250007779,548745988,4,4,0,0,13182545055951,0
1,stride16-gcc13-auto-r13-stride16_scan-auto-warm-basic-98304,stride16-gcc13-auto,13,stride16_scan,auto,warm,basic,98304,98304,204996096,133461,250001422,548731896,4,4,0,0,3295867535583,0
1,stride16-gcc13-auto-r13-stride16_scan-auto-warm-basic-33554432,stride16-gcc13-auto,13,stride16_scan,auto,warm,basic,33554432,33554432,54525952,104,252148653,553444880,4,4,0,0,0,0
1,stride16-gcc13-auto-r13-stride16_scan-auto-warm-basic-131072,stride16-gcc13-auto,13,stride16_scan,auto,warm,basic,131072,131072,208154624,101638,250002481,548734360,4,4,0,0,0,0
1,stride16-gcc13-auto-r13-stride16_scan-auto-warm-basic-16384,stride16-gcc13-auto,13,stride16_scan,auto,warm,basic,16384,16384,307667200,1201825,250000313,548729464,4,4,0,0,537176199930,0
1,stride16-gcc13-auto-r13-stride16_scan-auto-warm-branch-65536,stride16-gcc13-auto,13,stride16_scan,auto,warm,branch,65536,65536,201397248,196677,250000156,548729280,4,4,0,0,2230977478137,0
1,stride16-gcc13-auto-r13-stride16_scan-auto-warm-branch-24576,stride16-gcc13-auto,13,stride16_scan,auto,warm,branch,24576,24576,336918144,877391,250000234,548729432,4,4,0,0,826860986767,0
1,stride16-gcc13-auto-r14-stride16_scan-auto-warm-basic-36864,stride16-gcc13-auto,14,stride16_scan,auto,warm,basic,36864,36864,195876288,340063,250000132,548729336,4,4,0,0,1235356434647,0
1,stride16-gcc13-auto-r14-stride16_scan-auto-warm-branch-196608,stride16-gcc13-auto,14,stride16_scan,auto,warm,branch,196608,196608,182989824,59567,250001234,548731616,4,4,0,0,6633639738156,0
1,stride16-gcc13-auto-r14-stride16_scan-auto-cache_evicted-basic-1048576,stride16-gcc13-auto,14,stride16_scan,auto,cache_evicted,basic,1048576,1048576,112132096,6844,250031812,548798736,4,4,0,0,0,0
1,stride16-gcc13-auto-r14-stride16_scan-auto-warm-basic-6291456,stride16-gcc13-auto,14,stride16_scan,auto,warm,basic,6291456,6291456,89653248,912,250190920,549147760,4,4,0,0,0,0
1,stride16-gcc13-auto-r14-stride16_scan-auto-warm-branch-134217728,stride16-gcc13-auto,14,stride16_scan,auto,warm,branch,134217728,134217728,54525952,26,252058814,553247572,4,4,0,0,0,0
1,stride16-gcc13-auto-r14-stride16_scan-auto-warm-branch-49152,stride16-gcc13-auto,14,stride16_scan,auto,warm,branch,49152,49152,198776832,258824,250000385,548729604,4,4,0,0,0,0
1,stride16-gcc13-auto-r14-stride16_scan-auto-warm-basic-131072,stride16-gcc13-auto,14,stride16_scan,auto,warm,basic,131072,131072,211437568,103241,250001094,548731444,4,4,0,0,4418185298320,0
1,stride16-gcc13-auto-r14-stride16_scan-auto-warm-branch-524288,stride16-gcc13-auto,14,stride16_scan,auto,warm,branch,524288,524288,111845376,13653,250007088,548744476,4,4,0,0,17739237194517,0
1,stride16-gcc13-auto-r14-stride16_scan-auto-warm-branch-28672,stride16-gcc13-auto,14,stride16_scan,auto,warm,branch,28672,28672,331217152,739324,250000276,548729668,4,4,0,0,0,0
1,stride16-gcc13-auto-r14-stride16_scan-auto-warm-branch-2097152,stride16-gcc13-auto,14,stride16_scan,auto,warm,branch,2097152,2097152,112230400,3425,250020260,548773196,4,4,0,0,70524451256960,0
1,stride16-gcc13-auto-r14-stride16_scan-auto-warm-basic-24576,stride16-gcc13-auto,14,stride16_scan,auto,warm,basic,24576,24576,337554048,879047,250000190,548729328,4,4,0,0,810872558222,0
1,stride16-gcc13-auto-r14-stride16_scan-auto-warm-branch-536870912,stride16-gcc13-auto,14,stride16_scan,auto,warm,branch,536870912,536870912,58720256,7,273402636,600095600,4,4,0,0,18012043869098383,0
1,stride16-gcc13-auto-r14-stride16_scan-auto-warm-branch-7340032,stride16-gcc13-auto,14,stride16_scan,auto,warm,branch,7340032,7340032,85557248,746,250117625,548986920,4,4,0,0,0,0
1,stride16-gcc13-auto-r14-stride16_scan-auto-warm-branch-6291456,stride16-gcc13-auto,14,stride16_scan,auto,warm,branch,6291456,6291456,97714176,994,250261388,549302420,4,4,0,0,0,0
1,stride16-gcc13-auto-r14-stride16_scan-auto-warm-basic-196608,stride16-gcc13-auto,14,stride16_scan,auto,warm,basic,196608,196608,222495744,72427,250001779,548732828,4,4,0,0,6633639738156,0
1,stride16-gcc13-auto-r14-stride16_scan-auto-cache_evicted-branch-262144,stride16-gcc13-auto,14,stride16_scan,auto,cache_evicted,branch,262144,262144,166490112,40647,250005163,548740248,4,4,0,0,8788946158085,0
1,stride16-gcc13-auto-r14-stride16_scan-auto-warm-basic-8388608,stride16-gcc13-auto,14,stride16_scan,auto,warm,basic,8388608,8388608,77201408,589,250007298,548744356,4,4,0,0,281626249456134,0
1,stride16-gcc13-auto-r14-stride16_scan-auto-warm-branch-16384,stride16-gcc13-auto,14,stride16_scan,auto,warm,branch,16384,16384,314849792,1229882,250000210,548729388,4,4,0,0,0,0
1,stride16-gcc13-auto-r14-stride16_scan-auto-warm-branch-33554432,stride16-gcc13-auto,14,stride16_scan,auto,warm,branch,33554432,33554432,55050240,105,252218463,553598236,4,4,0,0,1126150350437215,0
1,stride16-gcc13-auto-r14-stride16_scan-auto-cache_evicted-branch-32768,stride16-gcc13-auto,14,stride16_scan,auto,cache_evicted,branch,32768,32768,324802048,634379,250000258,548729276,4,4,0,0,1130824352542,0
1,stride16-gcc13-auto-r14-stride16_scan-auto-warm-branch-229376,stride16-gcc13-auto,14,stride16_scan,auto,warm,branch,229376,229376,167573504,46756,250003349,548736272,4,4,0,0,0,0
1,stride16-gcc13-auto-r14-stride16_scan-auto-warm-branch-393216,stride16-gcc13-auto,14,stride16_scan,auto,warm,branch,393216,393216,111747072,18188,250012949,548757156,4,4,0,0,0,0
1,stride16-gcc13-auto-r14-stride16_scan-auto-warm-branch-12582912,stride16-gcc13-auto,14,stride16_scan,auto,warm,branch,12582912,12582912,61734912,314,250533183,549899048,4,4,0,0,0,0
1,stride16-gcc13-auto-r14-stride16_scan-auto-warm-basic-229376,stride16-gcc13-auto,14,stride16_scan,auto,warm,basic,229376,229376,161129472,44958,250000500,548730000,4,4,0,0,0,0
1,stride16-gcc13-auto-r14-stride16_scan-auto-warm-basic-12582912,stride16-gcc13-auto,14,stride16_scan,auto,warm,basic,12582912,12582912,61341696,312,250059341,548858956,4,4,0,0,0,0
1,stride16-gcc13-auto-r14-stride16_scan-auto-warm-basic-4194304,stride16-gcc13-auto,14,stride16_scan,auto,warm,basic,4194304,4194304,111542272,1702,250133319,549021424,4,4,0,0,0,0
1,stride16-gcc13-auto-r14-stride16_scan-auto-cache_evicted-basic-536870912,stride16-gcc13-auto,14,stride16_scan,auto,cache_evicted,basic,536870912,536870912,58720256,7,272027834,597078016,4,4,0,0,18005806201385583,0
1,stride16-gcc13-auto-r14-stride16_scan-auto-warm-basic-98304,stride16-gcc13-auto,14,stride16_scan,auto,warm,basic,98304,98304,206223360,134260,250001656,548732540,4,4,0,0,0,0
1,stride16-gcc13-auto-r14-stride16_scan-auto-warm-basic-32768,stride16-gcc13-auto,14,stride16_scan,auto,warm,basic,32768,32768,326521344,637737,250000557,548729508,4,4,0,0,1093554888686,0
1,stride16-gcc13-auto-r14-stride16_scan-auto-warm-branch-294912,stride16-gcc13-auto,14,stride16_scan,auto,warm,branch,294912,294912,132779520,28815,250003210,548735928,4,4,0,0,9920075125499,0
1,stride16-gcc13-auto-r14-stride16_scan-auto-warm-branch-8192,stride16-gcc13-auto,14,stride16_scan,auto,warm,branch,8192,8192,261569408,2043511,250000163,548729300,4,4,0,0,290569373123,0
1,stride16-gcc13-auto-r14-stride16_scan-auto-warm-branch-24576,stride16-gcc13-auto,14,stride16_scan,auto,warm,branch,24576,24576,338481024,881461,250000365,548729724,4,4,0,0,810872558222,0
1,stride16-gcc13-auto-r14-stride16_scan-auto-warm-basic-536870912,stride16-gcc13-auto,14,stride16_scan,auto,warm,basic,536870912,536870912,58720256,7,271374399,595643812,4,4,0,0,18012043869098383,0
1,stride16-gcc13-auto-r14-stride16_scan-auto-warm-branch-32768,stride16-gcc13-auto,14,stride16_scan,auto,warm,branch,32768,32768,322998784,630857,250000258,548729624,4,4,0,0,1093554888686,0
1,stride16-gcc13-auto-r14-stride16_scan-auto-warm-branch-98304,stride16-gcc13-auto,14,stride16_scan,auto,warm,branch,98304,98304,205011456,133471,250001408,548732004,4,4,0,0,3313512915630,0
1,stride16-gcc13-auto-r14-stride16_scan-auto-cache_evicted-basic-262144,stride16-gcc13-auto,14,stride16_scan,auto,cache_evicted,basic,262144,262144,154824704,37799,250001825,548733068,4,4,0,0,8788946158085,0
1,stride16-gcc13-auto-r14-stride16_scan-auto-cache_evicted-basic-32768,stride16-gcc13-auto,14,stride16_scan,auto,cache_evicted,basic,32768,32768,326275072,637256,250000274,548729524,4,4,0,0,0,0
1,stride16-gcc13-auto-r14-stride16_scan-auto-warm-basic-2097152,stride16-gcc13-auto,14,stride16_scan,auto,warm,basic,2097152,2097152,112230400,3425,250046228,548830392,4,4,0,0,70524451256960,0
1,stride16-gcc13-auto-r14-stride16_scan-auto-warm-basic-524288,stride16-gcc13-auto,14,stride16_scan,auto,warm,basic,524288,524288,111828992,13651,250015773,548763388,4,4,0,0,17739237194517,0
1,stride16-gcc13-auto-r14-stride16_scan-auto-cache_evicted-branch-6291456,stride16-gcc13-auto,14,stride16_scan,auto,cache_evicted,branch,6291456,6291456,94273536,959,250212817,549196044,4,4,0,0,211168331488334,0
1,stride16-gcc13-auto-r14-stride16_scan-auto-cache_evicted-basic-6291456,stride16-gcc13-auto,14,stride16_scan,auto,cache_evicted,basic,6291456,6291456,98500608,1002,250146022,549049164,4,4,0,0,0,0
1,stride16-gcc13-auto-r14-stride16_scan-auto-cache_evicted-branch-8388608,stride16-gcc13-auto,14,stride16_scan,auto,cache_evicted,branch,8388608,8388608,77463552,591,250338456,549471620,4,4,0,0,281407341389876,0
1,stride16-gcc13-auto-r14-stride16_scan-auto-warm-branch-5242880,stride16-gcc13-auto,14,stride16_scan,auto,warm,branch,5242880,5242880,108052480,1319,250047800,548833668,4,4,0,0,176159731573258,0
1,stride16-gcc13-auto-r14-stride16_scan-auto-warm-basic-393216,stride16-gcc13-auto,14,stride16_scan,auto,warm,basic,393216,393216,111691776,18179,250000513,548730188,4,4,0,0,13220905220628,0
1,stride16-gcc13-auto-r14-stride16_scan-auto-cache_evicted-branch-33554432,stride16-gcc13-auto,14,stride16_scan,auto,cache_evicted,branch,33554432,33554432,55574528,106,251876885,552848372,4,4,0,0,0,0
1,stride16-gcc13-auto-r14-stride16_scan-auto-warm-branch-4194304,stride16-gcc13-auto,14,stride16_scan,auto,warm,branch,4194304,4194304,111280128,1698,250036859,548809812,4,4,0,0,0,0
1,stride16-gcc13-auto-r14-stride16_scan-auto-cache_evicted-basic-33554432,stride16-gcc13-auto,14,stride16_scan,auto,cache_evicted,basic,33554432,33554432,54525952,104,251645264,552340008,4,4,0,0,0,0
1,stride16-gcc13-auto-r14-stride16_scan-auto-warm-basic-16384,stride16-gcc13-auto,14,stride16_scan,auto,warm,basic,16384,16384,310106112,1211352,250000558,548729628,4,4,0,0,0,0
1,stride16-gcc13-auto-r14-stride16_scan-auto-warm-basic-262144,stride16-gcc13-auto,14,stride16_scan,auto,warm,basic,262144,262144,158531584,38704,250004668,548739264,4,4,0,0,0,0
1,stride16-gcc13-auto-r14-stride16_scan-auto-warm-branch-131072,stride16-gcc13-auto,14,stride16_scan,auto,warm,branch,131072,131072,208427008,101771,250001530,548732284,4,4,0,0,4418185298320,0
1,stride16-gcc13-auto-r14-stride16_scan-auto-warm-basic-65536,stride16-gcc13-auto,14,stride16_scan,auto,warm,basic,65536,65536,204318720,199530,250000152,548729244,4,4,0,0,0,0
1,stride16-gcc13-auto-r14-stride16_scan-auto-warm-branch-36864,stride16-gcc13-auto,14,stride16_scan,auto,warm,branch,36864,36864,195354432,339157,250000560,548729952,4,4,0,0,1235356434647,0
1,stride16-gcc13-auto-r14-stride16_scan-auto-warm-basic-1048576,stride16-gcc13-auto,14,stride16_scan,auto,warm,basic,1048576,1048576,112148480,6845,250031580,548798368,4,4,0,0,35445455800583,0
1,stride16-gcc13-auto-r14-stride16_scan-auto-cache_evicted-basic-8388608,stride16-gcc13-auto,14,stride16_scan,auto,cache_evicted,basic,8388608,8388608,77070336,588,250017443,548766992,4,4,0,0,0,0
1,stride16-gcc13-auto-r14-stride16_scan-auto-warm-basic-134217728,stride16-gcc13-auto,14,stride16_scan,auto,warm,basic,134217728,134217728,54525952,26,254068592,557658940,4,4,0,0,0,0
1,stride16-gcc13-auto-r14-stride16_scan-auto-warm-branch-8388608,stride16-gcc13-auto,14,stride16_scan,auto,warm,branch,8388608,8388608,72220672,551,250112936,548976596,4,4,0,0,281626249456134,0
1,stride16-gcc13-auto-r14-stride16_scan-auto-cache_evicted-branch-1048576,stride16-gcc13-auto,14,stride16_scan,auto,cache_evicted,branch,1048576,1048576,112148480,6845,250021148,548775356,4,4,0,0,35222673498134,0
1,stride16-gcc13-auto-r14-stride16_scan-auto-cache_evicted-branch-536870912,stride16-gcc13-auto,14,stride16_scan,auto,cache_evicted,branch,536870912,536870912,58720256,7,270910580,594625764,4,4,0,0,18005806201385583,0
1,stride16-gcc13-auto-r14-stride16_scan-auto-warm-basic-8192,stride16-gcc13-auto,14,stride16_scan,auto,warm,basic,8192,8192,262128640,2047880,250000255,548729308,4,4,0,0,0,0
1,stride16-gcc13-auto-r14-stride16_scan-auto-warm-basic-7340032,stride16-gcc13-auto,14,stride16_scan,auto,warm,basic,7340032,7340032,80855040,705,250216091,549203064,4,4,0,0,246497435930720,0
1,stride16-gcc13-auto-r14-stride16_scan-auto-warm-branch-262144,stride16-gcc13-auto,14,stride16_scan,auto,warm,branch,262144,262144,173551616,42371,250004147,548737796,4,4,0,0,8822286858275,0
1,stride16-gcc13-auto-r14-stride16_scan-auto-warm-branch-65536,stride16-gcc13-auto,14,stride16_scan,auto,warm,branch,65536,65536,204488704,199696,250000553,548730156,4,4,0,0,0,0
1,stride16-gcc13-auto-r14-stride16_scan-auto-warm-basic-49152,stride16-gcc13-auto,14,stride16_scan,auto,warm,basic,49152,49152,199244544,259433,250000567,548730288,4,4,0,0,1646454104060,0
1,stride16-gcc13-auto-r14-stride16_scan-auto-warm-basic-33554432,stride16-gcc13-auto,14,stride16_scan,auto,warm,basic,33554432,33554432,54525952,104,251876844,552848220,4,4,0,0,0,0
1,stride16-gcc13-auto-r14-stride16_scan-auto-warm-branch-1048576,stride16-gcc13-auto,14,stride16_scan,auto,warm,branch,1048576,1048576,112164864,6846,250008679,548747772,4,4,0,0,0,0
1,stride16-gcc13-auto-r14-stride16_scan-auto-warm-basic-294912,stride16-gcc13-auto,14,stride16_scan,auto,warm,basic,294912,294912,135544320,29415,250006399,548743096,4,4,0,0,9920075125499,0
1,stride16-gcc13-auto-r14-stride16_scan-auto-warm-basic-28672,stride16-gcc13-auto,14,stride16_scan,auto,warm,basic,28672,28672,331265536,739432,250000192,548729344,4,4,0,0,0,0
1,stride16-gcc13-auto-r14-stride16_scan-auto-warm-basic-5242880,stride16-gcc13-auto,14,stride16_scan,auto,warm,basic,5242880,5242880,93798400,1145,250084790,548915012,4,4,0,0,176159731573258,0
