schema_version,sample_id,build_id,perf_profile,event,value,time_enabled,time_running
1,prefetch-gcc13-scalar-r0-prefetch_chain-scalar-warm-basic-1048576,prefetch-gcc13-scalar,basic,cycles,549367173,250322302,250322302
1,prefetch-gcc13-scalar-r0-prefetch_chain-scalar-warm-basic-1048576,prefetch-gcc13-scalar,basic,instructions,130961597,250320533,250320533
1,prefetch-gcc13-scalar-r0-prefetch_chain-scalar-warm-basic-1048576,prefetch-gcc13-scalar,basic,ref_cycles,549368644,250317263,250317263
1,prefetch-gcc13-scalar-r0-prefetch_chain-scalar-warm-branch-8192,prefetch-gcc13-scalar,branch,cycles,548731451,250033309,250033309
1,prefetch-gcc13-scalar-r0-prefetch_chain-scalar-warm-branch-8192,prefetch-gcc13-scalar,branch,branches,89859513,250032025,250032025
1,prefetch-gcc13-scalar-r0-prefetch_chain-scalar-warm-branch-8192,prefetch-gcc13-scalar,branch,branch_misses,561981,250028564,250028564
1,prefetch-gcc13-scalar-r0-prefetch_chain-scalar-warm-basic-4194304,prefetch-gcc13-scalar,basic,cycles,534691932,244446196,244446196
1,prefetch-gcc13-scalar-r0-prefetch_chain-scalar-warm-basic-4194304,prefetch-gcc13-scalar,basic,instructions,70664509,244449659,244449659
1,prefetch-gcc13-scalar-r0-prefetch_chain-scalar-warm-basic-4194304,prefetch-gcc13-scalar,basic,ref_cycles,534699660,244447444,244447444
1,prefetch-gcc13-scalar-r0-prefetch_chain-scalar-cache_evicted-basic-1048576,prefetch-gcc13-scalar,basic,cycles,549427798,250354179,250354179
1,prefetch-gcc13-scalar-r0-prefetch_chain-scalar-cache_evicted-basic-1048576,prefetch-gcc13-scalar,basic,instructions,132404687,250351529,250351529
1,prefetch-gcc13-scalar-r0-prefetch_chain-scalar-cache_evicted-basic-1048576,prefetch-gcc13-scalar,basic,ref_cycles,549430376,250348393,250348393
1,prefetch-gcc13-scalar-r0-prefetch_chain-scalar-warm-branch-65536,prefetch-gcc13-scalar,branch,cycles,548738376,250036870,250036870
1,prefetch-gcc13-scalar-r0-prefetch_chain-scalar-warm-branch-65536,prefetch-gcc13-scalar,branch,branches,31277830,250035526,250035526
1,prefetch-gcc13-scalar-r0-prefetch_chain-scalar-warm-branch-65536,prefetch-gcc13-scalar,branch,branch_misses,29682,250031932,250031932
1,prefetch-gcc13-scalar-r0-prefetch_chain-scalar-warm-basic-134217728,prefetch-gcc13-scalar,basic,cycles,943475017,429881774,429881774
1,prefetch-gcc13-scalar-r0-prefetch_chain-scalar-warm-basic-134217728,prefetch-gcc13-scalar,basic,instructions,46138299,429880332,429880332
1,prefetch-gcc13-scalar-r0-prefetch_chain-scalar-warm-basic-134217728,prefetch-gcc13-scalar,basic,ref_cycles,943478096,429877224,429877224
1,prefetch-gcc13-scalar-r0-prefetch_chain-scalar-warm-basic-8388608,prefetch-gcc13-scalar,basic,cycles,555311378,253034982,253034982
1,prefetch-gcc13-scalar-r0-prefetch_chain-scalar-warm-basic-8388608,prefetch-gcc13-scalar,basic,instructions,46143189,253034636,253034636
1,prefetch-gcc13-scalar-r0-prefetch_chain-scalar-warm-basic-8388608,prefetch-gcc13-scalar,basic,ref_cycles,555315354,253031553,253031553
1,prefetch-gcc13-scalar-r0-prefetch_chain-scalar-warm-basic-536870912,prefetch-gcc13-scalar,basic,cycles,1972262440,898595007,898595007
1,prefetch-gcc13-scalar-r0-prefetch_chain-scalar-warm-basic-536870912,prefetch-gcc13-scalar,basic,instructions,92275480,898594472,898594472
1,prefetch-gcc13-scalar-r0-prefetch_chain-scalar-warm-basic-536870912,prefetch-gcc13-scalar,basic,ref_cycles,1972265922,898591288,898591288
1,prefetch-gcc13-scalar-r0-prefetch_chain-scalar-cache_evicted-branch-32768,prefetch-gcc13-scalar,branch,cycles,548584372,250014985,250014985
1,prefetch-gcc13-scalar-r0-prefetch_chain-scalar-cache_evicted-branch-32768,prefetch-gcc13-scalar,branch,branches,59864692,250015465,250015465
1,prefetch-gcc13-scalar-r0-prefetch_chain-scalar-cache_evicted-branch-32768,prefetch-gcc13-scalar,branch,branch_misses,110155,250012499,250012499
1,prefetch-gcc13-scalar-r0-prefetch_chain-scalar-cache_evicted-branch-8388608,prefetch-gcc13-scalar,branch,cycles,556717172,253678675,253678675
1,prefetch-gcc13-scalar-r0-prefetch_chain-scalar-cache_evicted-branch-8388608,prefetch-gcc13-scalar,branch,branches,3802148,253677031,253677031
1,prefetch-gcc13-scalar-r0-prefetch_chain-scalar-cache_evicted-branch-8388608,prefetch-gcc13-scalar,branch,branch_misses,71,253672457,253672457
1,prefetch-gcc13-scalar-r0-prefetch_chain-scalar-warm-branch-6291456,prefetch-gcc13-scalar,branch,cycles,555027955,252906086,252906086
1,prefetch-gcc13-scalar-r0-prefetch_chain-scalar-warm-branch-6291456,prefetch-gcc13-scalar,branch,branches,5900292,252905268,252905268
1,prefetch-gcc13-scalar-r0-prefetch_chain-scalar-warm-branch-6291456,prefetch-gcc13-scalar,branch,branch_misses,108,252901308,252901308
1,prefetch-gcc13-scalar-r0-prefetch_chain-scalar-warm-basic-32768,prefetch-gcc13-scalar,basic,cycles,548734293,250034865,250034865
1,prefetch-gcc13-scalar-r0-prefetch_chain-scalar-warm-basic-32768,prefetch-gcc13-scalar,basic,instructions,648588765,250033203,250033203
1,prefetch-gcc13-scalar-r0-prefetch_chain-scalar-warm-basic-32768,prefetch-gcc13-scalar,basic,ref_cycles,548736342,250029913,250029913
1,prefetch-gcc13-scalar-r0-prefetch_chain-scalar-warm-basic-294912,prefetch-gcc13-scalar,basic,cycles,548842427,250083213,250083213
1,prefetch-gcc13-scalar-r0-prefetch_chain-scalar-warm-basic-294912,prefetch-gcc13-scalar,basic,instructions,177674030,250080467,250080467
1,prefetch-gcc13-scalar-r0-prefetch_chain-scalar-warm-basic-294912,prefetch-gcc13-scalar,basic,ref_cycles,548844208,250077502,250077502
1,prefetch-gcc13-scalar-r0-prefetch_chain-scalar-warm-basic-393216,prefetch-gcc13-scalar,basic,cycles,548820582,250073198,250073198
1,prefetch-gcc13-scalar-r0-prefetch_chain-scalar-warm-basic-393216,prefetch-gcc13-scalar,basic,instructions,147079366,250072198,250072198
1,prefetch-gcc13-scalar-r0-prefetch_chain-scalar-warm-basic-393216,prefetch-gcc13-scalar,basic,ref_cycles,548823110,250069083,250069083
1,prefetch-gcc13-scalar-r0-prefetch_chain-scalar-warm-branch-196608,prefetch-gcc13-scalar,branch,cycles,548734773,250035854,250035854
1,prefetch-gcc13-scalar-r0-prefetch_chain-scalar-warm-branch-196608,prefetch-gcc13-scalar,branch,branches,27194291,250033828,250033828
1,prefetch-gcc13-scalar-r0-prefetch_chain-scalar-warm-branch-196608,prefetch-gcc13-scalar,branch,branch_misses,8815,250030495,250030495
1,prefetch-gcc13-scalar-r0-prefetch_chain-scalar-warm-branch-134217728,prefetch-gcc13-scalar,branch,cycles,942481879,429430381,429430381
1,prefetch-gcc13-scalar-r0-prefetch_chain-scalar-warm-branch-134217728,prefetch-gcc13-scalar,branch,branches,4194500,429429526,429429526
1,prefetch-gcc13-scalar-r0-prefetch_chain-scalar-warm-branch-134217728,prefetch-gcc13-scalar,branch,branch_misses,30,429425882,429425882
1,prefetch-gcc13-scalar-r0-prefetch_chain-scalar-cache_evicted-branch-262144,prefetch-gcc13-scalar,branch,cycles,548828070,250079603,250079603
1,prefetch-gcc13-scalar-r0-prefetch_chain-scalar-cache_evicted-branch-262144,prefetch-gcc13-scalar,branch,branches,17800083,250078173,250078173
1,prefetch-gcc13-scalar-r0-prefetch_chain-scalar-cache_evicted-branch-262144,prefetch-gcc13-scalar,branch,branch_misses,4365,250074202,250074202
1,prefetch-gcc13-scalar-r0-prefetch_chain-scalar-warm-basic-7340032,prefetch-gcc13-scalar,basic,cycles,550264230,250734635,250734635
1,prefetch-gcc13-scalar-r0-prefetch_chain-scalar-warm-basic-7340032,prefetch-gcc13-scalar,basic,instructions,50469869,250734237,250734237
1,prefetch-gcc13-scalar-r0-prefetch_chain-scalar-warm-basic-7340032,prefetch-gcc13-scalar,basic,ref_cycles,550269654,250730887,250730887
1,prefetch-gcc13-scalar-r0-prefetch_chain-scalar-warm-basic-262144,prefetch-gcc13-scalar,basic,cycles,548793992,250062175,250062175
1,prefetch-gcc13-scalar-r0-prefetch_chain-scalar-warm-basic-262144,prefetch-gcc13-scalar,basic,instructions,222387695,250060636,250060636
1,prefetch-gcc13-scalar-r0-prefetch_chain-scalar-warm-basic-262144,prefetch-gcc13-scalar,basic,ref_cycles,548796644,250057336,250057336
1,prefetch-gcc13-scalar-r0-prefetch_chain-scalar-warm-branch-2097152,prefetch-gcc13-scalar,branch,cycles,549209015,250253415,250253415
1,prefetch-gcc13-scalar-r0-prefetch_chain-scalar-warm-branch-2097152,prefetch-gcc13-scalar,branch,branches,11578532,250250653,250250653
1,prefetch-gcc13-scalar-r0-prefetch_chain-scalar-warm-branch-2097152,prefetch-gcc13-scalar,branch,branch_misses,396,250246626,250246626
1,prefetch-gcc13-scalar-r0-prefetch_chain-scalar-warm-branch-33554432,prefetch-gcc13-scalar,branch,cycles,629157500,286681519,286681519
1,prefetch-gcc13-scalar-r0-prefetch_chain-scalar-warm-branch-33554432,prefetch-gcc13-scalar,branch,branches,3146052,286679732,286679732
1,prefetch-gcc13-scalar-r0-prefetch_chain-scalar-warm-branch-33554432,prefetch-gcc13-scalar,branch,branch_misses,37,286675840,286675840
1,prefetch-gcc13-scalar-r0-prefetch_chain-scalar-warm-basic-33554432,prefetch-gcc13-scalar,basic,cycles,640863645,292015454,292015454
1,prefetch-gcc13-scalar-r0-prefetch_chain-scalar-warm-basic-33554432,prefetch-gcc13-scalar,basic,instructions,34604615,292014060,292014060
1,prefetch-gcc13-scalar-r0-prefetch_chain-scalar-warm-basic-33554432,prefetch-gcc13-scalar,basic,ref_cycles,640867832,292010219,292010219
1,prefetch-gcc13-scalar-r0-prefetch_chain-scalar-cache_evicted-basic-32768,prefetch-gcc13-scalar,basic,cycles,548731526,250033717,250033717
1,prefetch-gcc13-scalar-r0-prefetch_chain-scalar-cache_evicted-basic-32768,prefetch-gcc13-scalar,basic,instructions,663250184,250030659,250030659
1,prefetch-gcc13-scalar-r0-prefetch_chain-scalar-cache_evicted-basic-32768,prefetch-gcc13-scalar,basic,ref_cycles,548733174,250026867,250026867
1,prefetch-gcc13-scalar-r0-prefetch_chain-scalar-cache_evicted-basic-8388608,prefetch-gcc13-scalar,basic,cycles,557155796,253876566,253876566
1,prefetch-gcc13-scalar-r0-prefetch_chain-scalar-cache_evicted-basic-8388608,prefetch-gcc13-scalar,basic,instructions,47585144,253875213,253875213
1,prefetch-gcc13-scalar-r0-prefetch_chain-scalar-cache_evicted-basic-8388608,prefetch-gcc13-scalar,basic,ref_cycles,557159152,253872068,253872068
1,prefetch-gcc13-scalar-r0-prefetch_chain-scalar-warm-branch-5242880,prefetch-gcc13-scalar,branch,cycles,552451659,251732724,251732724
1,prefetch-gcc13-scalar-r0-prefetch_chain-scalar-warm-branch-5242880,prefetch-gcc13-scalar,branch,branches,6802148,251732239,251732239
1,prefetch-gcc13-scalar-r0-prefetch_chain-scalar-warm-branch-5242880,prefetch-gcc13-scalar,branch,branch_misses,132,251728583,251728583
1,prefetch-gcc13-scalar-r0-prefetch_chain-scalar-warm-basic-98304,prefetch-gcc13-scalar,basic,cycles,548752814,250042019,250042019
1,prefetch-gcc13-scalar-r0-prefetch_chain-scalar-warm-basic-98304,prefetch-gcc13-scalar,basic,instructions,337171813,250039964,250039964
1,prefetch-gcc13-scalar-r0-prefetch_chain-scalar-warm-basic-98304,prefetch-gcc13-scalar,basic,ref_cycles,548754602,250036638,250036638
1,prefetch-gcc13-scalar-r0-prefetch_chain-scalar-warm-branch-294912,prefetch-gcc13-scalar,branch,cycles,548817903,250073936,250073936
1,prefetch-gcc13-scalar-r0-prefetch_chain-scalar-warm-branch-294912,prefetch-gcc13-scalar,branch,branches,17154218,250071774,250071774
1,prefetch-gcc13-scalar-r0-prefetch_chain-scalar-warm-branch-294912,prefetch-gcc13-scalar,branch,branch_misses,3748,250068521,250068521
1,prefetch-gcc13-scalar-r0-prefetch_chain-scalar-warm-branch-12582912,prefetch-gcc13-scalar,branch,cycles,575014884,262012873,262012873
1,prefetch-gcc13-scalar-r0-prefetch_chain-scalar-warm-branch-12582912,prefetch-gcc13-scalar,branch,branches,3736292,262012094,262012094
1,prefetch-gcc13-scalar-r0-prefetch_chain-scalar-warm-branch-12582912,prefetch-gcc13-scalar,branch,branch_misses,52,262008199,262008199
1,prefetch-gcc13-scalar-r0-prefetch_chain-scalar-warm-branch-7340032,prefetch-gcc13-scalar,branch,cycles,549195570,250251812,250251812
1,prefetch-gcc13-scalar-r0-prefetch_chain-scalar-warm-branch-7340032,prefetch-gcc13-scalar,branch,branches,3212292,250249057,250249057
1,prefetch-gcc13-scalar-r0-prefetch_chain-scalar-warm-branch-7340032,prefetch-gcc13-scalar,branch,branch_misses,67,250244978,250244978
1,prefetch-gcc13-scalar-r0-prefetch_chain-scalar-warm-branch-8388608,prefetch-gcc13-scalar,branch,cycles,563417965,256728564,256728564
1,prefetch-gcc13-scalar-r0-prefetch_chain-scalar-warm-branch-8388608,prefetch-gcc13-scalar,branch,branches,4588772,256728788,256728788
1,prefetch-gcc13-scalar-r0-prefetch_chain-scalar-warm-branch-8388608,prefetch-gcc13-scalar,branch,branch_misses,73,256724849,256724849
1,prefetch-gcc13-scalar-r0-prefetch_chain-scalar-warm-branch-1048576,prefetch-gcc13-scalar,branch,cycles,549168577,250233247,250233247
1,prefetch-gcc13-scalar-r0-prefetch_chain-scalar-warm-branch-1048576,prefetch-gcc13-scalar,branch,branches,11934564,250231775,250231775
1,prefetch-gcc13-scalar-r0-prefetch_chain-scalar-warm-branch-1048576,prefetch-gcc13-scalar,branch,branch_misses,770,250228476,250228476
1,prefetch-gcc13-scalar-r0-prefetch_chain-scalar-warm-basic-36864,prefetch-gcc13-scalar,basic,cycles,548737743,250035077,250035077
1,prefetch-gcc13-scalar-r0-prefetch_chain-scalar-warm-basic-36864,prefetch-gcc13-scalar,basic,instructions,340841122,250032831,250032831
1,prefetch-gcc13-scalar-r0-prefetch_chain-scalar-warm-basic-36864,prefetch-gcc13-scalar,basic,ref_cycles,548739598,250029542,250029542
1,prefetch-gcc13-scalar-r0-prefetch_chain-scalar-warm-branch-49152,prefetch-gcc13-scalar,branch,cycles,548733726,250033474,250033474
1,prefetch-gcc13-scalar-r0-prefetch_chain-scalar-warm-branch-49152,prefetch-gcc13-scalar,branch,branches,31514584,250030992,250030992
1,prefetch-gcc13-scalar-r0-prefetch_chain-scalar-warm-branch-49152,prefetch-gcc13-scalar,branch,branch_misses,39460,250027173,250027173
1,prefetch-gcc13-scalar-r0-prefetch_chain-scalar-warm-branch-32768,prefetch-gcc13-scalar,branch,cycles,548732291,250032849,250032849
1,prefetch-gcc13-scalar-r0-prefetch_chain-scalar-warm-branch-32768,prefetch-gcc13-scalar,branch,branches,61014174,250030063,250030063
1,prefetch-gcc13-scalar-r0-prefetch_chain-scalar-warm-branch-32768,prefetch-gcc13-scalar,branch,branch_misses,112221,250025915,250025915
1,prefetch-gcc13-scalar-r0-prefetch_chain-scalar-cache_evicted-branch-1048576,prefetch-gcc13-scalar,branch,cycles,549150891,250225179,250225179
1,prefetch-gcc13-scalar-r0-prefetch_chain-scalar-cache_evicted-branch-1048576,prefetch-gcc13-scalar,branch,branches,11836069,250224133,250224133
1,prefetch-gcc13-scalar-r0-prefetch_chain-scalar-cache_evicted-branch-1048576,prefetch-gcc13-scalar,branch,branch_misses,767,250220059,250220059
1,prefetch-gcc13-scalar-r0-prefetch_chain-scalar-warm-basic-229376,prefetch-gcc13-scalar,basic,cycles,548771204,250049951,250049951
1,prefetch-gcc13-scalar-r0-prefetch_chain-scalar-warm-basic-229376,prefetch-gcc13-scalar,basic,instructions,303316251,250047006,250047006
1,prefetch-gcc13-scalar-r0-prefetch_chain-scalar-warm-basic-229376,prefetch-gcc13-scalar,basic,ref_cycles,548772488,250043643,250043643
1,prefetch-gcc13-scalar-r0-prefetch_chain-scalar-cache_evicted-branch-33554432,prefetch-gcc13-scalar,branch,cycles,638725769,291041681,291041681
1,prefetch-gcc13-scalar-r0-prefetch_chain-scalar-cache_evicted-branch-33554432,prefetch-gcc13-scalar,branch,branches,3146052,291038887,291038887
1,prefetch-gcc13-scalar-r0-prefetch_chain-scalar-cache_evicted-branch-33554432,prefetch-gcc13-scalar,branch,branch_misses,43,291035006,291035006
1,prefetch-gcc13-scalar-r0-prefetch_chain-scalar-warm-basic-5242880,prefetch-gcc13-scalar,basic,cycles,550857813,251005339,251005339
1,prefetch-gcc13-scalar-r0-prefetch_chain-scalar-warm-basic-5242880,prefetch-gcc13-scalar,basic,instructions,72103269,251003924,251003924
1,prefetch-gcc13-scalar-r0-prefetch_chain-scalar-warm-basic-5242880,prefetch-gcc13-scalar,basic,ref_cycles,550861586,251000797,251000797
1,prefetch-gcc13-scalar-r0-prefetch_chain-scalar-warm-basic-65536,prefetch-gcc13-scalar,basic,cycles,548747620,250040271,250040271
1,prefetch-gcc13-scalar-r0-prefetch_chain-scalar-warm-basic-65536,prefetch-gcc13-scalar,basic,instructions,338399849,250037347,250037347
1,prefetch-gcc13-scalar-r0-prefetch_chain-scalar-warm-basic-65536,prefetch-gcc13-scalar,basic,ref_cycles,548748926,250033447,250033447
1,prefetch-gcc13-scalar-r0-prefetch_chain-scalar-cache_evicted-basic-262144,prefetch-gcc13-scalar,basic,cycles,548801444,250064671,250064671
1,prefetch-gcc13-scalar-r0-prefetch_chain-scalar-cache_evicted-basic-262144,prefetch-gcc13-scalar,basic,instructions,250016515,250062161,250062161
1,prefetch-gcc13-scalar-r0-prefetch_chain-scalar-cache_evicted-basic-262144,prefetch-gcc13-scalar,basic,ref_cycles,548802914,250058691,250058691
1,prefetch-gcc13-scalar-r0-prefetch_chain-scalar-cache_evicted-basic-536870912,prefetch-gcc13-scalar,basic,cycles,1973633259,899220224,899220224
1,prefetch-gcc13-scalar-r0-prefetch_chain-scalar-cache_evicted-basic-536870912,prefetch-gcc13-scalar,basic,instructions,92275480,899219484,899219484
1,prefetch-gcc13-scalar-r0-prefetch_chain-scalar-cache_evicted-basic-536870912,prefetch-gcc13-scalar,basic,ref_cycles,1973636478,899216718,899216718
1,prefetch-gcc13-scalar-r0-prefetch_chain-scalar-warm-branch-16384,prefetch-gcc13-scalar,branch,cycles,548731666,250033825,250033825
1,prefetch-gcc13-scalar-r0-prefetch_chain-scalar-warm-branch-16384,prefetch-gcc13-scalar,branch,branches,83838852,250030919,250030919
1,prefetch-gcc13-scalar-r0-prefetch_chain-scalar-warm-branch-16384,prefetch-gcc13-scalar,branch,branch_misses,291229,250026799,250026799
1,prefetch-gcc13-scalar-r0-prefetch_chain-scalar-warm-basic-2097152,prefetch-gcc13-scalar,basic,cycles,550048180,250632908,250632908
1,prefetch-gcc13-scalar-r0-prefetch_chain-scalar-warm-basic-2097152,prefetch-gcc13-scalar,basic,instructions,113232483,250630768,250630768
1,prefetch-gcc13-scalar-r0-prefetch_chain-scalar-warm-basic-2097152,prefetch-gcc13-scalar,basic,ref_cycles,550050842,250627223,250627223
1,prefetch-gcc13-scalar-r0-prefetch_chain-scalar-warm-basic-6291456,prefetch-gcc13-scalar,basic,cycles,550775238,250969318,250969318
1,prefetch-gcc13-scalar-r0-prefetch_chain-scalar-warm-basic-6291456,prefetch-gcc13-scalar,basic,instructions,52994472,250968290,250968290
1,prefetch-gcc13-scalar-r0-prefetch_chain-scalar-warm-basic-6291456,prefetch-gcc13-scalar,basic,ref_cycles,550778844,250964726,250964726
1,prefetch-gcc13-scalar-r0-prefetch_chain-scalar-warm-branch-393216,prefetch-gcc13-scalar,branch,cycles,548760081,250047360,250047360
1,prefetch-gcc13-scalar-r0-prefetch_chain-scalar-warm-branch-393216,prefetch-gcc13-scalar,branch,branches,14087591,250045556,250045556
1,prefetch-gcc13-scalar-r0-prefetch_chain-scalar-warm-branch-393216,prefetch-gcc13-scalar,branch,branch_misses,2329,250042597,250042597
1,prefetch-gcc13-scalar-r0-prefetch_chain-scalar-cache_evicted-basic-6291456,prefetch-gcc13-scalar,basic,cycles,553763578,252332794,252332794
1,prefetch-gcc13-scalar-r0-prefetch_chain-scalar-cache_evicted-basic-6291456,prefetch-gcc13-scalar,basic,instructions,37853374,252330845,252330845
1,prefetch-gcc13-scalar-r0-prefetch_chain-scalar-cache_evicted-basic-6291456,prefetch-gcc13-scalar,basic,ref_cycles,553767038,252327613,252327613
1,prefetch-gcc13-scalar-r0-prefetch_chain-scalar-warm-branch-131072,prefetch-gcc13-scalar,branch,cycles,548743084,250039406,250039406
1,prefetch-gcc13-scalar-r0-prefetch_chain-scalar-warm-branch-131072,prefetch-gcc13-scalar,branch,branches,30852772,250037586,250037586
1,prefetch-gcc13-scalar-r0-prefetch_chain-scalar-warm-branch-131072,prefetch-gcc13-scalar,branch,branch_misses,14875,250034068,250034068
1,prefetch-gcc13-scalar-r0-prefetch_chain-scalar-warm-branch-4194304,prefetch-gcc13-scalar,branch,cycles,550667501,250918845,250918845
1,prefetch-gcc13-scalar-r0-prefetch_chain-scalar-warm-branch-4194304,prefetch-gcc13-scalar,branch,branches,8196136,250918242,250918242
1,prefetch-gcc13-scalar-r0-prefetch_chain-scalar-warm-branch-4194304,prefetch-gcc13-scalar,branch,branch_misses,172,250914247,250914247
1,prefetch-gcc13-scalar-r0-prefetch_chain-scalar-warm-basic-28672,prefetch-gcc13-scalar,basic,cycles,548732019,250032994,250032994
1,prefetch-gcc13-scalar-r0-prefetch_chain-scalar-warm-basic-28672,prefetch-gcc13-scalar,basic,instructions,810336460,250031370,250031370
1,prefetch-gcc13-scalar-r0-prefetch_chain-scalar-warm-basic-28672,prefetch-gcc13-scalar,basic,ref_cycles,548733658,250027711,250027711
1,prefetch-gcc13-scalar-r0-prefetch_chain-scalar-warm-branch-524288,prefetch-gcc13-scalar,branch,cycles,548880227,250101852,250101852
1,prefetch-gcc13-scalar-r0-prefetch_chain-scalar-warm-branch-524288,prefetch-gcc13-scalar,branch,branches,12648644,250100452,250100452
1,prefetch-gcc13-scalar-r0-prefetch_chain-scalar-warm-branch-524288,prefetch-gcc13-scalar,branch,branch_misses,1582,250096719,250096719
1,prefetch-gcc13-scalar-r0-prefetch_chain-scalar-cache_evicted-branch-6291456,prefetch-gcc13-scalar,branch,cycles,553446706,252188883,252188883
1,prefetch-gcc13-scalar-r0-prefetch_chain-scalar-cache_evicted-branch-6291456,prefetch-gcc13-scalar,branch,branches,4031908,252187100,252187100
1,prefetch-gcc13-scalar-r0-prefetch_chain-scalar-cache_evicted-branch-6291456,prefetch-gcc13-scalar,branch,branch_misses,79,252183800,252183800
1,prefetch-gcc13-scalar-r0-prefetch_chain-scalar-warm-branch-229376,prefetch-gcc13-scalar,branch,cycles,548737366,250037281,250037281
1,prefetch-gcc13-scalar-r0-prefetch_chain-scalar-warm-branch-229376,prefetch-gcc13-scalar,branch,branches,27402186,250035281,250035281
1,prefetch-gcc13-scalar-r0-prefetch_chain-scalar-warm-branch-229376,prefetch-gcc13-scalar,branch,branch_misses,7631,250031519,250031519
1,prefetch-gcc13-scalar-r0-prefetch_chain-scalar-warm-branch-536870912,prefetch-gcc13-scalar,branch,cycles,1975177094,899925258,899925258
1,prefetch-gcc13-scalar-r0-prefetch_chain-scalar-warm-branch-536870912,prefetch-gcc13-scalar,branch,branches,8388772,899923996,899923996
1,prefetch-gcc13-scalar-r0-prefetch_chain-scalar-warm-branch-536870912,prefetch-gcc13-scalar,branch,branch_misses,28,899920159,899920159
1,prefetch-gcc13-scalar-r0-prefetch_chain-scalar-warm-basic-196608,prefetch-gcc13-scalar,basic,cycles,548747144,250040164,250040164
1,prefetch-gcc13-scalar-r0-prefetch_chain-scalar-warm-basic-196608,prefetch-gcc13-scalar,basic,instructions,280299161,250037092,250037092
1,prefetch-gcc13-scalar-r0-prefetch_chain-scalar-warm-basic-196608,prefetch-gcc13-scalar,basic,ref_cycles,548748464,250033273,250033273
1,prefetch-gcc13-scalar-r0-prefetch_chain-scalar-warm-branch-262144,prefetch-gcc13-scalar,branch,cycles,548801574,250065936,250065936
1,prefetch-gcc13-scalar-r0-prefetch_chain-scalar-warm-branch-262144,prefetch-gcc13-scalar,branch,branches,23013732,250064441,250064441
1,prefetch-gcc13-scalar-r0-prefetch_chain-scalar-warm-branch-262144,prefetch-gcc13-scalar,branch,branch_misses,5621,250061072,250061072
1,prefetch-gcc13-scalar-r0-prefetch_chain-scalar-warm-branch-36864,prefetch-gcc13-scalar,branch,cycles,548732071,250033810,250033810
1,prefetch-gcc13-scalar-r0-prefetch_chain-scalar-warm-branch-36864,prefetch-gcc13-scalar,branch,branches,31911118,250032408,250032408
1,prefetch-gcc13-scalar-r0-prefetch_chain-scalar-warm-branch-36864,prefetch-gcc13-scalar,branch,branch_misses,52549,250028904,250028904
1,prefetch-gcc13-scalar-r0-prefetch_chain-scalar-warm-branch-24576,prefetch-gcc13-scalar,branch,cycles,548732502,250033265,250033265
1,prefetch-gcc13-scalar-r0-prefetch_chain-scalar-warm-branch-24576,prefetch-gcc13-scalar,branch,branches,81877019,250029463,250029463
1,prefetch-gcc13-scalar-r0-prefetch_chain-scalar-warm-branch-24576,prefetch-gcc13-scalar,branch,branch_misses,197048,250025615,250025615
1,prefetch-gcc13-scalar-r0-prefetch_chain-scalar-warm-basic-24576,prefetch-gcc13-scalar,basic,cycles,548732646,250033017,250033017
1,prefetch-gcc13-scalar-r0-prefetch_chain-scalar-warm-basic-24576,prefetch-gcc13-scalar,basic,instructions,863020419,250032214,250032214
1,prefetch-gcc13-scalar-r0-prefetch_chain-scalar-warm-basic-24576,prefetch-gcc13-scalar,basic,ref_cycles,548734802,250028879,250028879
1,prefetch-gcc13-scalar-r0-prefetch_chain-scalar-cache_evicted-basic-33554432,prefetch-gcc13-scalar,basic,cycles,634916395,289305624,289305624
1,prefetch-gcc13-scalar-r0-prefetch_chain-scalar-cache_evicted-basic-33554432,prefetch-gcc13-scalar,basic,instructions,34604615,289304200,289304200
1,prefetch-gcc13-scalar-r0-prefetch_chain-scalar-cache_evicted-basic-33554432,prefetch-gcc13-scalar,basic,ref_cycles,634919868,289301711,289301711
1,prefetch-gcc13-scalar-r0-prefetch_chain-scalar-warm-basic-12582912,prefetch-gcc13-scalar,basic,cycles,579535359,264071388,264071388
1,prefetch-gcc13-scalar-r0-prefetch_chain-scalar-warm-basic-12582912,prefetch-gcc13-scalar,basic,instructions,41094798,264070478,264070478
1,prefetch-gcc13-scalar-r0-prefetch_chain-scalar-warm-basic-12582912,prefetch-gcc13-scalar,basic,ref_cycles,579539070,264066831,264066831
1,prefetch-gcc13-scalar-r0-prefetch_chain-scalar-warm-branch-28672,prefetch-gcc13-scalar,branch,cycles,548734169,250034915,250034915
1,prefetch-gcc13-scalar-r0-prefetch_chain-scalar-warm-branch-28672,prefetch-gcc13-scalar,branch,branches,76798861,250033359,250033359
1,prefetch-gcc13-scalar-r0-prefetch_chain-scalar-warm-branch-28672,prefetch-gcc13-scalar,branch,branch_misses,160165,250030034,250030034
1,prefetch-gcc13-scalar-r0-prefetch_chain-scalar-warm-basic-524288,prefetch-gcc13-scalar,basic,cycles,549058717,250182596,250182596
1,prefetch-gcc13-scalar-r0-prefetch_chain-scalar-warm-basic-524288,prefetch-gcc13-scalar,basic,instructions,137760298,250181027,250181027
1,prefetch-gcc13-scalar-r0-prefetch_chain-scalar-warm-basic-524288,prefetch-gcc13-scalar,basic,ref_cycles,549061788,250177932,250177932
1,prefetch-gcc13-scalar-r0-prefetch_chain-scalar-warm-basic-49152,prefetch-gcc13-scalar,basic,cycles,548744815,250039129,250039129
1,prefetch-gcc13-scalar-r0-prefetch_chain-scalar-warm-basic-49152,prefetch-gcc13-scalar,basic,instructions,339360264,250037502,250037502
1,prefetch-gcc13-scalar-r0-prefetch_chain-scalar-warm-basic-49152,prefetch-gcc13-scalar,basic,ref_cycles,548747804,250034584,250034584
1,prefetch-gcc13-scalar-r0-prefetch_chain-scalar-warm-branch-98304,prefetch-gcc13-scalar,branch,cycles,548755743,250044645,250044645
1,prefetch-gcc13-scalar-r0-prefetch_chain-scalar-warm-branch-98304,prefetch-gcc13-scalar,branch,branches,30997936,250042217,250042217
1,prefetch-gcc13-scalar-r0-prefetch_chain-scalar-warm-branch-98304,prefetch-gcc13-scalar,branch,branch_misses,19818,250038740,250038740
1,prefetch-gcc13-scalar-r0-prefetch_chain-scalar-warm-basic-131072,prefetch-gcc13-scalar,basic,cycles,548750529,250039727,250039727
1,prefetch-gcc13-scalar-r0-prefetch_chain-scalar-warm-basic-131072,prefetch-gcc13-scalar,basic,instructions,328475573,250036869,250036869
1,prefetch-gcc13-scalar-r0-prefetch_chain-scalar-warm-basic-131072,prefetch-gcc13-scalar,basic,ref_cycles,548751390,250033441,250033441
1,prefetch-gcc13-scalar-r0-prefetch_chain-scalar-warm-basic-8192,prefetch-gcc13-scalar,basic,cycles,548732133,250032786,250032786
1,prefetch-gcc13-scalar-r0-prefetch_chain-scalar-warm-basic-8192,prefetch-gcc13-scalar,basic,instructions,882121322,250031578,250031578
1,prefetch-gcc13-scalar-r0-prefetch_chain-scalar-warm-basic-8192,prefetch-gcc13-scalar,basic,ref_cycles,548734186,250028024,250028024
1,prefetch-gcc13-scalar-r0-prefetch_chain-scalar-warm-basic-16384,prefetch-gcc13-scalar,basic,cycles,548732482,250033495,250033495
1,prefetch-gcc13-scalar-r0-prefetch_chain-scalar-warm-basic-16384,prefetch-gcc13-scalar,basic,instructions,866905064,250031935,250031935
1,prefetch-gcc13-scalar-r0-prefetch_chain-scalar-warm-basic-16384,prefetch-gcc13-scalar,basic,ref_cycles,548735220,250029250,250029250
1,prefetch-gcc13-scalar-r0-prefetch_chain-scalar-cache_evicted-branch-536870912,prefetch-gcc13-scalar,branch,cycles,1970192059,897654949,897654949
1,prefetch-gcc13-scalar-r0-prefetch_chain-scalar-cache_evicted-branch-536870912,prefetch-gcc13-scalar,branch,branches,8388772,897652316,897652316
1,prefetch-gcc13-scalar-r0-prefetch_chain-scalar-cache_evicted-branch-536870912,prefetch-gcc13-scalar,branch,branch_misses,23,897648908,897648908
1,prefetch-gcc13-scalar-r1-prefetch_chain-scalar-cache_evicted-basic-32768,prefetch-gcc13-scalar,basic,cycles,548731309,250032749,250032749
1,prefetch-gcc13-scalar-r1-prefetch_chain-scalar-cache_evicted-basic-32768,prefetch-gcc13-scalar,basic,instructions,684449457,250029883,250029883
1,prefetch-gcc13-scalar-r1-prefetch_chain-scalar-cache_evicted-basic-32768,prefetch-gcc13-scalar,basic,ref_cycles,548732976,250025939,250025939
1,prefetch-gcc13-scalar-r1-prefetch_chain-scalar-warm-branch-8192,prefetch-gcc13-scalar,branch,cycles,547934848,249745944,249745944
1,prefetch-gcc13-scalar-r1-prefetch_chain-scalar-warm-branch-8192,prefetch-gcc13-scalar,branch,branches,88656445,249747657,249747657
1,prefetch-gcc13-scalar-r1-prefetch_chain-scalar-warm-branch-8192,prefetch-gcc13-scalar,branch,branch_misses,554497,249745791,249745791
1,prefetch-gcc13-scalar-r1-prefetch_chain-scalar-warm-basic-36864,prefetch-gcc13-scalar,basic,cycles,548732357,250031615,250031615
1,prefetch-gcc13-scalar-r1-prefetch_chain-scalar-warm-basic-36864,prefetch-gcc13-scalar,basic,instructions,340086898,250029418,250029418
1,prefetch-gcc13-scalar-r1-prefetch_chain-scalar-warm-basic-36864,prefetch-gcc13-scalar,basic,ref_cycles,548733548,250026324,250026324
1,prefetch-gcc13-scalar-r1-prefetch_chain-scalar-warm-branch-5242880,prefetch-gcc13-scalar,branch,cycles,556606041,253625005,253625005
1,prefetch-gcc13-scalar-r1-prefetch_chain-scalar-warm-branch-5242880,prefetch-gcc13-scalar,branch,branches,3933828,253623537,253623537
1,prefetch-gcc13-scalar-r1-prefetch_chain-scalar-warm-branch-5242880,prefetch-gcc13-scalar,branch,branch_misses,89,253620060,253620060
1,prefetch-gcc13-scalar-r1-prefetch_chain-scalar-warm-basic-2097152,prefetch-gcc13-scalar,basic,cycles,549367027,250322989,250322989
1,prefetch-gcc13-scalar-r1-prefetch_chain-scalar-warm-basic-2097152,prefetch-gcc13-scalar,basic,instructions,125853874,250320808,250320808
1,prefetch-gcc13-scalar-r1-prefetch_chain-scalar-warm-basic-2097152,prefetch-gcc13-scalar,basic,ref_cycles,549369634,250317734,250317734
1,prefetch-gcc13-scalar-r1-prefetch_chain-scalar-warm-basic-98304,prefetch-gcc13-scalar,basic,cycles,548746805,250040286,250040286
1,prefetch-gcc13-scalar-r1-prefetch_chain-scalar-warm-basic-98304,prefetch-gcc13-scalar,basic,instructions,337069452,250038704,250038704
1,prefetch-gcc13-scalar-r1-prefetch_chain-scalar-warm-basic-98304,prefetch-gcc13-scalar,basic,ref_cycles,548749014,250035288,250035288
1,prefetch-gcc13-scalar-r1-prefetch_chain-scalar-warm-basic-536870912,prefetch-gcc13-scalar,basic,cycles,1985173766,904478889,904478889
1,prefetch-gcc13-scalar-r1-prefetch_chain-scalar-warm-basic-536870912,prefetch-gcc13-scalar,basic,instructions,92275480,904477180,904477180
1,prefetch-gcc13-scalar-r1-prefetch_chain-scalar-warm-basic-536870912,prefetch-gcc13-scalar,basic,ref_cycles,1985176644,904473758,904473758
1,prefetch-gcc13-scalar-r1-prefetch_chain-scalar-warm-basic-131072,prefetch-gcc13-scalar,basic,cycles,548534398,250020240,250020240
1,prefetch-gcc13-scalar-r1-prefetch_chain-scalar-warm-basic-131072,prefetch-gcc13-scalar,basic,instructions,336236040,250021261,250021261
1,prefetch-gcc13-scalar-r1-prefetch_chain-scalar-warm-basic-131072,prefetch-gcc13-scalar,basic,ref_cycles,548542258,250018935,250018935
1,prefetch-gcc13-scalar-r1-prefetch_chain-scalar-warm-branch-262144,prefetch-gcc13-scalar,branch,cycles,548782843,250056858,250056858
1,prefetch-gcc13-scalar-r1-prefetch_chain-scalar-warm-branch-262144,prefetch-gcc13-scalar,branch,branches,19182948,250055395,250055395
1,prefetch-gcc13-scalar-r1-prefetch_chain-scalar-warm-branch-262144,prefetch-gcc13-scalar,branch,branch_misses,4690,250051912,250051912
1,prefetch-gcc13-scalar-r1-prefetch_chain-scalar-warm-branch-196608,prefetch-gcc13-scalar,branch,cycles,548741004,250037138,250037138
1,prefetch-gcc13-scalar-r1-prefetch_chain-scalar-warm-branch-196608,prefetch-gcc13-scalar,branch,branches,27110468,250034107,250034107
1,prefetch-gcc13-scalar-r1-prefetch_chain-scalar-warm-branch-196608,prefetch-gcc13-scalar,branch,branch_misses,8780,250030325,250030325
1,prefetch-gcc13-scalar-r1-prefetch_chain-scalar-warm-branch-229376,prefetch-gcc13-scalar,branch,cycles,548770748,250050658,250050658
1,prefetch-gcc13-scalar-r1-prefetch_chain-scalar-warm-branch-229376,prefetch-gcc13-scalar,branch,branches,24108004,250048471,250048471
1,prefetch-gcc13-scalar-r1-prefetch_chain-scalar-warm-branch-229376,prefetch-gcc13-scalar,branch,branch_misses,6713,250044656,250044656
1,prefetch-gcc13-scalar-r1-prefetch_chain-scalar-cache_evicted-basic-262144,prefetch-gcc13-scalar,basic,cycles,548762717,250047533,250047533
1,prefetch-gcc13-scalar-r1-prefetch_chain-scalar-cache_evicted-basic-262144,prefetch-gcc13-scalar,basic,instructions,186031637,250046703,250046703
1,prefetch-gcc13-scalar-r1-prefetch_chain-scalar-cache_evicted-basic-262144,prefetch-gcc13-scalar,basic,ref_cycles,548765272,250043551,250043551
1,prefetch-gcc13-scalar-r1-prefetch_chain-scalar-warm-basic-24576,prefetch-gcc13-scalar,basic,cycles,548733377,250034142,250034142
1,prefetch-gcc13-scalar-r1-prefetch_chain-scalar-warm-basic-24576,prefetch-gcc13-scalar,basic,instructions,861265859,250032008,250032008
1,prefetch-gcc13-scalar-r1-prefetch_chain-scalar-warm-basic-24576,prefetch-gcc13-scalar,basic,ref_cycles,548736474,250029197,250029197
1,prefetch-gcc13-scalar-r1-prefetch_chain-scalar-cache_evicted-branch-33554432,prefetch-gcc13-scalar,branch,cycles,630849059,287452792,287452792
1,prefetch-gcc13-scalar-r1-prefetch_chain-scalar-cache_evicted-branch-33554432,prefetch-gcc13-scalar,branch,branches,3146052,287450252,287450252
1,prefetch-gcc13-scalar-r1-prefetch_chain-scalar-cache_evicted-branch-33554432,prefetch-gcc13-scalar,branch,branch_misses,34,287445914,287445914
1,prefetch-gcc13-scalar-r1-prefetch_chain-scalar-warm-basic-5242880,prefetch-gcc13-scalar,basic,cycles,552101433,251571589,251571589
1,prefetch-gcc13-scalar-r1-prefetch_chain-scalar-warm-basic-5242880,prefetch-gcc13-scalar,basic,instructions,61287873,251571975,251571975
1,prefetch-gcc13-scalar-r1-prefetch_chain-scalar-warm-basic-5242880,prefetch-gcc13-scalar,basic,ref_cycles,552105114,251568898,251568898
1,prefetch-gcc13-scalar-r1-prefetch_chain-scalar-warm-basic-8388608,prefetch-gcc13-scalar,basic,cycles,556424417,253543210,253543210
1,prefetch-gcc13-scalar-r1-prefetch_chain-scalar-warm-basic-8388608,prefetch-gcc13-scalar,basic,instructions,46143189,253542838,253542838
1,prefetch-gcc13-scalar-r1-prefetch_chain-scalar-warm-basic-8388608,prefetch-gcc13-scalar,basic,ref_cycles,556428092,253539109,253539109
1,prefetch-gcc13-scalar-r1-prefetch_chain-scalar-warm-branch-65536,prefetch-gcc13-scalar,branch,cycles,548748359,250041262,250041262
1,prefetch-gcc13-scalar-r1-prefetch_chain-scalar-warm-branch-65536,prefetch-gcc13-scalar,branch,branches,31195468,250039236,250039236
1,prefetch-gcc13-scalar-r1-prefetch_chain-scalar-warm-branch-65536,prefetch-gcc13-scalar,branch,branch_misses,29605,250035982,250035982
1,prefetch-gcc13-scalar-r1-prefetch_chain-scalar-warm-basic-1048576,prefetch-gcc13-scalar,basic,cycles,548869045,250095152,250095152
1,prefetch-gcc13-scalar-r1-prefetch_chain-scalar-warm-basic-1048576,prefetch-gcc13-scalar,basic,instructions,131141978,250092340,250092340
1,prefetch-gcc13-scalar-r1-prefetch_chain-scalar-warm-basic-1048576,prefetch-gcc13-scalar,basic,ref_cycles,548870388,250088666,250088666
1,prefetch-gcc13-scalar-r1-prefetch_chain-scalar-cache_evicted-branch-32768,prefetch-gcc13-scalar,branch,cycles,548732440,250035014,250035014
1,prefetch-gcc13-scalar-r1-prefetch_chain-scalar-cache_evicted-branch-32768,prefetch-gcc13-scalar,branch,branches,58886778,250032526,250032526
1,prefetch-gcc13-scalar-r1-prefetch_chain-scalar-cache_evicted-branch-32768,prefetch-gcc13-scalar,branch,branch_misses,108332,250028824,250028824
1,prefetch-gcc13-scalar-r1-prefetch_chain-scalar-cache_evicted-basic-6291456,prefetch-gcc13-scalar,basic,cycles,551999888,251525734,251525734
1,prefetch-gcc13-scalar-r1-prefetch_chain-scalar-cache_evicted-basic-6291456,prefetch-gcc13-scalar,basic,instructions,59483514,251524207,251524207
1,prefetch-gcc13-scalar-r1-prefetch_chain-scalar-cache_evicted-basic-6291456,prefetch-gcc13-scalar,basic,ref_cycles,552003496,251521301,251521301
1,prefetch-gcc13-scalar-r1-prefetch_chain-scalar-warm-branch-1048576,prefetch-gcc13-scalar,branch,cycles,549431782,250353994,250353994
1,prefetch-gcc13-scalar-r1-prefetch_chain-scalar-warm-branch-1048576,prefetch-gcc13-scalar,branch,branches,11950980,250352664,250352664
1,prefetch-gcc13-scalar-r1-prefetch_chain-scalar-warm-branch-1048576,prefetch-gcc13-scalar,branch,branch_misses,771,250350025,250350025
1,prefetch-gcc13-scalar-r1-prefetch_chain-scalar-warm-basic-28672,prefetch-gcc13-scalar,basic,cycles,548732951,250034738,250034738
1,prefetch-gcc13-scalar-r1-prefetch_chain-scalar-warm-basic-28672,prefetch-gcc13-scalar,basic,instructions,820712658,250032905,250032905
1,prefetch-gcc13-scalar-r1-prefetch_chain-scalar-warm-basic-28672,prefetch-gcc13-scalar,basic,ref_cycles,548735572,250029628,250029628
1,prefetch-gcc13-scalar-r1-prefetch_chain-scalar-warm-basic-393216,prefetch-gcc13-scalar,basic,cycles,548912050,250114313,250114313
1,prefetch-gcc13-scalar-r1-prefetch_chain-scalar-warm-basic-393216,prefetch-gcc13-scalar,basic,instructions,147756863,250111383,250111383
1,prefetch-gcc13-scalar-r1-prefetch_chain-scalar-warm-basic-393216,prefetch-gcc13-scalar,basic,ref_cycles,548913090,250107762,250107762
1,prefetch-gcc13-scalar-r1-prefetch_chain-scalar-warm-branch-49152,prefetch-gcc13-scalar,branch,cycles,548741998,250038190,250038190
1,prefetch-gcc13-scalar-r1-prefetch_chain-scalar-warm-branch-49152,prefetch-gcc13-scalar,branch,branches,31514577,250037431,250037431
1,prefetch-gcc13-scalar-r1-prefetch_chain-scalar-warm-branch-49152,prefetch-gcc13-scalar,branch,branch_misses,39455,250034235,250034235
1,prefetch-gcc13-scalar-r1-prefetch_chain-scalar-warm-basic-4194304,prefetch-gcc13-scalar,basic,cycles,551786549,251428554,251428554
1,prefetch-gcc13-scalar-r1-prefetch_chain-scalar-warm-basic-4194304,prefetch-gcc13-scalar,basic,instructions,108880538,251427576,251427576
1,prefetch-gcc13-scalar-r1-prefetch_chain-scalar-warm-basic-4194304,prefetch-gcc13-scalar,basic,ref_cycles,551790140,251424264,251424264
1,prefetch-gcc13-scalar-r1-prefetch_chain-scalar-cache_evicted-branch-6291456,prefetch-gcc13-scalar,branch,cycles,549540909,250406262,250406262
1,prefetch-gcc13-scalar-r1-prefetch_chain-scalar-cache_evicted-branch-6291456,prefetch-gcc13-scalar,branch,branches,5408612,250407007,250407007
1,prefetch-gcc13-scalar-r1-prefetch_chain-scalar-cache_evicted-branch-6291456,prefetch-gcc13-scalar,branch,branch_misses,100,250402787,250402787
1,prefetch-gcc13-scalar-r1-prefetch_chain-scalar-warm-basic-524288,prefetch-gcc13-scalar,basic,cycles,548734049,250034456,250034456
1,prefetch-gcc13-scalar-r1-prefetch_chain-scalar-warm-basic-524288,prefetch-gcc13-scalar,basic,instructions,139114404,250033057,250033057
1,prefetch-gcc13-scalar-r1-prefetch_chain-scalar-warm-basic-524288,prefetch-gcc13-scalar,basic,ref_cycles,548736672,250030052,250030052
1,prefetch-gcc13-scalar-r1-prefetch_chain-scalar-warm-branch-6291456,prefetch-gcc13-scalar,branch,cycles,556907774,253762284,253762284
1,prefetch-gcc13-scalar-r1-prefetch_chain-scalar-warm-branch-6291456,prefetch-gcc13-scalar,branch,branches,5506948,253761547,253761547
1,prefetch-gcc13-scalar-r1-prefetch_chain-scalar-warm-branch-6291456,prefetch-gcc13-scalar,branch,branch_misses,101,253757763,253757763
1,prefetch-gcc13-scalar-r1-prefetch_chain-scalar-cache_evicted-basic-33554432,prefetch-gcc13-scalar,basic,cycles,654239409,298108631,298108631
1,prefetch-gcc13-scalar-r1-prefetch_chain-scalar-cache_evicted-basic-33554432,prefetch-gcc13-scalar,basic,instructions,34604615,298107131,298107131
1,prefetch-gcc13-scalar-r1-prefetch_chain-scalar-cache_evicted-basic-33554432,prefetch-gcc13-scalar,basic,ref_cycles,654243546,298104118,298104118
1,prefetch-gcc13-scalar-r1-prefetch_chain-scalar-warm-basic-32768,prefetch-gcc13-scalar,basic,cycles,548734171,250033897,250033897
1,prefetch-gcc13-scalar-r1-prefetch_chain-scalar-warm-basic-32768,prefetch-gcc13-scalar,basic,instructions,628312067,250032412,250032412
1,prefetch-gcc13-scalar-r1-prefetch_chain-scalar-warm-basic-32768,prefetch-gcc13-scalar,basic,ref_cycles,548736452,250029431,250029431
1,prefetch-gcc13-scalar-r1-prefetch_chain-scalar-warm-branch-28672,prefetch-gcc13-scalar,branch,cycles,548733005,250035126,250035126
1,prefetch-gcc13-scalar-r1-prefetch_chain-scalar-warm-branch-28672,prefetch-gcc13-scalar,branch,branches,78399180,250033296,250033296
1,prefetch-gcc13-scalar-r1-prefetch_chain-scalar-warm-branch-28672,prefetch-gcc13-scalar,branch,branch_misses,163436,250029589,250029589
1,prefetch-gcc13-scalar-r1-prefetch_chain-scalar-warm-basic-49152,prefetch-gcc13-scalar,basic,cycles,548737015,250034162,250034162
1,prefetch-gcc13-scalar-r1-prefetch_chain-scalar-warm-basic-49152,prefetch-gcc13-scalar,basic,instructions,339523859,250030849,250030849
1,prefetch-gcc13-scalar-r1-prefetch_chain-scalar-warm-basic-49152,prefetch-gcc13-scalar,basic,ref_cycles,548737948,250027207,250027207
1,prefetch-gcc13-scalar-r1-prefetch_chain-scalar-warm-branch-7340032,prefetch-gcc13-scalar,branch,cycles,563716700,256866620,256866620
1,prefetch-gcc13-scalar-r1-prefetch_chain-scalar-warm-branch-7340032,prefetch-gcc13-scalar,branch,branches,3441733,256866478,256866478
1,prefetch-gcc13-scalar-r1-prefetch_chain-scalar-warm-branch-7340032,prefetch-gcc13-scalar,branch,branch_misses,69,256862410,256862410
1,prefetch-gcc13-scalar-r1-prefetch_chain-scalar-warm-branch-98304,prefetch-gcc13-scalar,branch,cycles,548740706,250037107,250037107
1,prefetch-gcc13-scalar-r1-prefetch_chain-scalar-warm-branch-98304,prefetch-gcc13-scalar,branch,branches,30993235,250034481,250034481
1,prefetch-gcc13-scalar-r1-prefetch_chain-scalar-warm-branch-98304,prefetch-gcc13-scalar,branch,branch_misses,19814,250030801,250030801
1,prefetch-gcc13-scalar-r1-prefetch_chain-scalar-warm-branch-131072,prefetch-gcc13-scalar,branch,cycles,548764895,250048688,250048688
1,prefetch-gcc13-scalar-r1-prefetch_chain-scalar-warm-branch-131072,prefetch-gcc13-scalar,branch,branches,24677262,250046369,250046369
1,prefetch-gcc13-scalar-r1-prefetch_chain-scalar-warm-branch-131072,prefetch-gcc13-scalar,branch,branch_misses,11916,250042492,250042492
1,prefetch-gcc13-scalar-r1-prefetch_chain-scalar-warm-branch-134217728,prefetch-gcc13-scalar,branch,cycles,940074464,428334293,428334293
1,prefetch-gcc13-scalar-r1-prefetch_chain-scalar-warm-branch-134217728,prefetch-gcc13-scalar,branch,branches,4194500,428332235,428332235
1,prefetch-gcc13-scalar-r1-prefetch_chain-scalar-warm-branch-134217728,prefetch-gcc13-scalar,branch,branch_misses,35,428327968,428327968
1,prefetch-gcc13-scalar-r1-prefetch_chain-scalar-warm-basic-12582912,prefetch-gcc13-scalar,basic,cycles,568223061,258917125,258917125
1,prefetch-gcc13-scalar-r1-prefetch_chain-scalar-warm-basic-12582912,prefetch-gcc13-scalar,basic,instructions,41094798,258916997,258916997
1,prefetch-gcc13-scalar-r1-prefetch_chain-scalar-warm-basic-12582912,prefetch-gcc13-scalar,basic,ref_cycles,568226824,258913681,258913681
1,prefetch-gcc13-scalar-r1-prefetch_chain-scalar-warm-branch-4194304,prefetch-gcc13-scalar,branch,cycles,551363425,251235657,251235657
1,prefetch-gcc13-scalar-r1-prefetch_chain-scalar-warm-branch-4194304,prefetch-gcc13-scalar,branch,branches,8130564,251235567,251235567
1,prefetch-gcc13-scalar-r1-prefetch_chain-scalar-warm-branch-4194304,prefetch-gcc13-scalar,branch,branch_misses,166,251232086,251232086
1,prefetch-gcc13-scalar-r1-prefetch_chain-scalar-warm-basic-8192,prefetch-gcc13-scalar,basic,cycles,548730933,250031382,250031382
1,prefetch-gcc13-scalar-r1-prefetch_chain-scalar-warm-basic-8192,prefetch-gcc13-scalar,basic,instructions,882396464,250027828,250027828
1,prefetch-gcc13-scalar-r1-prefetch_chain-scalar-warm-basic-8192,prefetch-gcc13-scalar,basic,ref_cycles,548731700,250024026,250024026
1,prefetch-gcc13-scalar-r1-prefetch_chain-scalar-warm-basic-7340032,prefetch-gcc13-scalar,basic,cycles,560203536,255264929,255264929
1,prefetch-gcc13-scalar-r1-prefetch_chain-scalar-warm-basic-7340032,prefetch-gcc13-scalar,basic,instructions,59301986,255264626,255264626
1,prefetch-gcc13-scalar-r1-prefetch_chain-scalar-warm-basic-7340032,prefetch-gcc13-scalar,basic,ref_cycles,560207890,255261149,255261149
1,prefetch-gcc13-scalar-r1-prefetch_chain-scalar-warm-basic-196608,prefetch-gcc13-scalar,basic,cycles,548775943,250053189,250053189
1,prefetch-gcc13-scalar-r1-prefetch_chain-scalar-warm-basic-196608,prefetch-gcc13-scalar,basic,instructions,275952914,250052220,250052220
1,prefetch-gcc13-scalar-r1-prefetch_chain-scalar-warm-basic-196608,prefetch-gcc13-scalar,basic,ref_cycles,548778428,250049359,250049359
1,prefetch-gcc13-scalar-r1-prefetch_chain-scalar-warm-branch-393216,prefetch-gcc13-scalar,branch,cycles,548775742,250054930,250054930
1,prefetch-gcc13-scalar-r1-prefetch_chain-scalar-warm-branch-393216,prefetch-gcc13-scalar,branch,branches,13599684,250053672,250053672
1,prefetch-gcc13-scalar-r1-prefetch_chain-scalar-warm-branch-393216,prefetch-gcc13-scalar,branch,branch_misses,2248,250050148,250050148
1,prefetch-gcc13-scalar-r1-prefetch_chain-scalar-warm-branch-294912,prefetch-gcc13-scalar,branch,cycles,548796872,250062767,250062767
1,prefetch-gcc13-scalar-r1-prefetch_chain-scalar-warm-branch-294912,prefetch-gcc13-scalar,branch,branches,16926858,250059249,250059249
1,prefetch-gcc13-scalar-r1-prefetch_chain-scalar-warm-branch-294912,prefetch-gcc13-scalar,branch,branch_misses,3692,250055292,250055292
1,prefetch-gcc13-scalar-r1-prefetch_chain-scalar-cache_evicted-basic-8388608,prefetch-gcc13-scalar,basic,cycles,554963267,252876084,252876084
1,prefetch-gcc13-scalar-r1-prefetch_chain-scalar-cache_evicted-basic-8388608,prefetch-gcc13-scalar,basic,instructions,47585144,252875828,252875828
1,prefetch-gcc13-scalar-r1-prefetch_chain-scalar-cache_evicted-basic-8388608,prefetch-gcc13-scalar,basic,ref_cycles,554966764,252872381,252872381
1,prefetch-gcc13-scalar-r1-prefetch_chain-scalar-warm-branch-32768,prefetch-gcc13-scalar,branch,cycles,548734846,250033951,250033951
1,prefetch-gcc13-scalar-r1-prefetch_chain-scalar-warm-branch-32768,prefetch-gcc13-scalar,branch,branches,60427179,250030633,250030633
1,prefetch-gcc13-scalar-r1-prefetch_chain-scalar-warm-branch-32768,prefetch-gcc13-scalar,branch,branch_misses,111151,250026684,250026684
1,prefetch-gcc13-scalar-r1-prefetch_chain-scalar-cache_evicted-branch-1048576,prefetch-gcc13-scalar,branch,cycles,549137800,250219821,250219821
1,prefetch-gcc13-scalar-r1-prefetch_chain-scalar-cache_evicted-branch-1048576,prefetch-gcc13-scalar,branch,branches,11918148,250218498,250218498
1,prefetch-gcc13-scalar-r1-prefetch_chain-scalar-cache_evicted-branch-1048576,prefetch-gcc13-scalar,branch,branch_misses,770,250214635,250214635
1,prefetch-gcc13-scalar-r1-prefetch_chain-scalar-warm-branch-24576,prefetch-gcc13-scalar,branch,cycles,548732569,250034259,250034259
1,prefetch-gcc13-scalar-r1-prefetch_chain-scalar-warm-branch-24576,prefetch-gcc13-scalar,branch,branches,81859093,250031769,250031769
1,prefetch-gcc13-scalar-r1-prefetch_chain-scalar-warm-branch-24576,prefetch-gcc13-scalar,branch,branch_misses,196985,250028316,250028316
1,prefetch-gcc13-scalar-r1-prefetch_chain-scalar-warm-basic-6291456,prefetch-gcc13-scalar,basic,cycles,552742017,251863080,251863080
1,prefetch-gcc13-scalar-r1-prefetch_chain-scalar-warm-basic-6291456,prefetch-gcc13-scalar,basic,instructions,54075979,251862543,251862543
1,prefetch-gcc13-scalar-r1-prefetch_chain-scalar-warm-basic-6291456,prefetch-gcc13-scalar,basic,ref_cycles,552745600,251859399,251859399
1,prefetch-gcc13-scalar-r1-prefetch_chain-scalar-warm-branch-33554432,prefetch-gcc13-scalar,branch,cycles,649929889,296145807,296145807
1,prefetch-gcc13-scalar-r1-prefetch_chain-scalar-warm-branch-33554432,prefetch-gcc13-scalar,branch,branches,3146052,296143415,296143415
1,prefetch-gcc13-scalar-r1-prefetch_chain-scalar-warm-branch-33554432,prefetch-gcc13-scalar,branch,branch_misses,39,296139422,296139422
1,prefetch-gcc13-scalar-r1-prefetch_chain-scalar-cache_evicted-branch-536870912,prefetch-gcc13-scalar,branch,cycles,1988932359,906191882,906191882
1,prefetch-gcc13-scalar-r1-prefetch_chain-scalar-cache_evicted-branch-536870912,prefetch-gcc13-scalar,branch,branches,8388772,906190431,906190431
1,prefetch-gcc13-scalar-r1-prefetch_chain-scalar-cache_evicted-branch-536870912,prefetch-gcc13-scalar,branch,branch_misses,24,906186166,906186166
1,prefetch-gcc13-scalar-r1-prefetch_chain-scalar-cache_evicted-basic-536870912,prefetch-gcc13-scalar,basic,cycles,1983358531,903651194,903651194
1,prefetch-gcc13-scalar-r1-prefetch_chain-scalar-cache_evicted-basic-536870912,prefetch-gcc13-scalar,basic,instructions,92275480,903649753,903649753
1,prefetch-gcc13-scalar-r1-prefetch_chain-scalar-cache_evicted-basic-536870912,prefetch-gcc13-scalar,basic,ref_cycles,1983362106,903646730,903646730
1,prefetch-gcc13-scalar-r1-prefetch_chain-scalar-warm-basic-229376,prefetch-gcc13-scalar,basic,cycles,548776767,250052798,250052798
1,prefetch-gcc13-scalar-r1-prefetch_chain-scalar-warm-basic-229376,prefetch-gcc13-scalar,basic,instructions,246865182,250048794,250048794
1,prefetch-gcc13-scalar-r1-prefetch_chain-scalar-warm-basic-229376,prefetch-gcc13-scalar,basic,ref_cycles,548777724,250045023,250045023
1,prefetch-gcc13-scalar-r1-prefetch_chain-scalar-warm-branch-16384,prefetch-gcc13-scalar,branch,cycles,548731324,250030649,250030649
1,prefetch-gcc13-scalar-r1-prefetch_chain-scalar-warm-branch-16384,prefetch-gcc13-scalar,branch,branches,83844448,250028314,250028314
1,prefetch-gcc13-scalar-r1-prefetch_chain-scalar-warm-branch-16384,prefetch-gcc13-scalar,branch,branch_misses,291302,250024272,250024272
1,prefetch-gcc13-scalar-r1-prefetch_chain-scalar-warm-branch-36864,prefetch-gcc13-scalar,branch,cycles,548735303,250033135,250033135
1,prefetch-gcc13-scalar-r1-prefetch_chain-scalar-warm-branch-36864,prefetch-gcc13-scalar,branch,branches,31893450,250029616,250029616
1,prefetch-gcc13-scalar-r1-prefetch_chain-scalar-warm-branch-36864,prefetch-gcc13-scalar,branch,branch_misses,52524,250025591,250025591
1,prefetch-gcc13-scalar-r1-prefetch_chain-scalar-cache_evicted-basic-1048576,prefetch-gcc13-scalar,basic,cycles,548774576,250050873,250050873
1,prefetch-gcc13-scalar-r1-prefetch_chain-scalar-cache_evicted-basic-1048576,prefetch-gcc13-scalar,basic,instructions,132043913,250048846,250048846
1,prefetch-gcc13-scalar-r1-prefetch_chain-scalar-cache_evicted-basic-1048576,prefetch-gcc13-scalar,basic,ref_cycles,548775854,250045459,250045459
1,prefetch-gcc13-scalar-r1-prefetch_chain-scalar-warm-branch-12582912,prefetch-gcc13-scalar,branch,cycles,552171413,251607151,251607151
1,prefetch-gcc13-scalar-r1-prefetch_chain-scalar-warm-branch-12582912,prefetch-gcc13-scalar,branch,branches,3932932,251606300,251606300
1,prefetch-gcc13-scalar-r1-prefetch_chain-scalar-warm-branch-12582912,prefetch-gcc13-scalar,branch,branch_misses,56,251602635,251602635
1,prefetch-gcc13-scalar-r1-prefetch_chain-scalar-warm-branch-8388608,prefetch-gcc13-scalar,branch,cycles,559244323,254828235,254828235
1,prefetch-gcc13-scalar-r1-prefetch_chain-scalar-warm-branch-8388608,prefetch-gcc13-scalar,branch,branches,4982084,254828490,254828490
1,prefetch-gcc13-scalar-r1-prefetch_chain-scalar-warm-branch-8388608,prefetch-gcc13-scalar,branch,branch_misses,83,254824909,254824909
1,prefetch-gcc13-scalar-r1-prefetch_chain-scalar-warm-basic-294912,prefetch-gcc13-scalar,basic,cycles,548736833,250035833,250035833
1,prefetch-gcc13-scalar-r1-prefetch_chain-scalar-warm-basic-294912,prefetch-gcc13-scalar,basic,instructions,170859989,250034296,250034296
1,prefetch-gcc13-scalar-r1-prefetch_chain-scalar-warm-basic-294912,prefetch-gcc13-scalar,basic,ref_cycles,548739466,250031039,250031039
1,prefetch-gcc13-scalar-r1-prefetch_chain-scalar-warm-basic-33554432,prefetch-gcc13-scalar,basic,cycles,654940031,298428409,298428409
1,prefetch-gcc13-scalar-r1-prefetch_chain-scalar-warm-basic-33554432,prefetch-gcc13-scalar,basic,instructions,34604615,298426690,298426690
1,prefetch-gcc13-scalar-r1-prefetch_chain-scalar-warm-basic-33554432,prefetch-gcc13-scalar,basic,ref_cycles,654944422,298423268,298423268
1,prefetch-gcc13-scalar-r1-prefetch_chain-scalar-warm-basic-262144,prefetch-gcc13-scalar,basic,cycles,548747012,250041383,250041383
1,prefetch-gcc13-scalar-r1-prefetch_chain-scalar-warm-basic-262144,prefetch-gcc13-scalar,basic,instructions,231974106,250039741,250039741
1,prefetch-gcc13-scalar-r1-prefetch_chain-scalar-warm-basic-262144,prefetch-gcc13-scalar,basic,ref_cycles,548749564,250036349,250036349
1,prefetch-gcc13-scalar-r1-prefetch_chain-scalar-warm-branch-2097152,prefetch-gcc13-scalar,branch,cycles,549034577,250175185,250175185
1,prefetch-gcc13-scalar-r1-prefetch_chain-scalar-warm-branch-2097152,prefetch-gcc13-scalar,branch,branches,5346532,250173702,250173702
1,prefetch-gcc13-scalar-r1-prefetch_chain-scalar-warm-branch-2097152,prefetch-gcc13-scalar,branch,branch_misses,208,250169507,250169507
1,prefetch-gcc13-scalar-r1-prefetch_chain-scalar-warm-basic-65536,prefetch-gcc13-scalar,basic,cycles,548732043,250035128,250035128
1,prefetch-gcc13-scalar-r1-prefetch_chain-scalar-warm-basic-65536,prefetch-gcc13-scalar,basic,instructions,335885895,250033562,250033562
1,prefetch-gcc13-scalar-r1-prefetch_chain-scalar-warm-basic-65536,prefetch-gcc13-scalar,basic,ref_cycles,548734604,250030245,250030245
1,prefetch-gcc13-scalar-r1-prefetch_chain-scalar-cache_evicted-branch-8388608,prefetch-gcc13-scalar,branch,cycles,555274258,253021817,253021817
1,prefetch-gcc13-scalar-r1-prefetch_chain-scalar-cache_evicted-branch-8388608,prefetch-gcc13-scalar,branch,branches,2884420,253020196,253020196
1,prefetch-gcc13-scalar-r1-prefetch_chain-scalar-cache_evicted-branch-8388608,prefetch-gcc13-scalar,branch,branch_misses,57,253016293,253016293
1,prefetch-gcc13-scalar-r1-prefetch_chain-scalar-warm-basic-134217728,prefetch-gcc13-scalar,basic,cycles,962705989,438645318,438645318
1,prefetch-gcc13-scalar-r1-prefetch_chain-scalar-warm-basic-134217728,prefetch-gcc13-scalar,basic,instructions,46138299,438644330,438644330
1,prefetch-gcc13-scalar-r1-prefetch_chain-scalar-warm-basic-134217728,prefetch-gcc13-scalar,basic,ref_cycles,962709924,438641303,438641303
1,prefetch-gcc13-scalar-r1-prefetch_chain-scalar-cache_evicted-branch-262144,prefetch-gcc13-scalar,branch,cycles,548806278,250074924,250074924
1,prefetch-gcc13-scalar-r1-prefetch_chain-scalar-cache_evicted-branch-262144,prefetch-gcc13-scalar,branch,branches,16780455,250073667,250073667
1,prefetch-gcc13-scalar-r1-prefetch_chain-scalar-cache_evicted-branch-262144,prefetch-gcc13-scalar,branch,branch_misses,4111,250070081,250070081
1,prefetch-gcc13-scalar-r1-prefetch_chain-scalar-warm-basic-16384,prefetch-gcc13-scalar,basic,cycles,548731700,250036314,250036314
1,prefetch-gcc13-scalar-r1-prefetch_chain-scalar-warm-basic-16384,prefetch-gcc13-scalar,basic,instructions,859250544,250034358,250034358
1,prefetch-gcc13-scalar-r1-prefetch_chain-scalar-warm-basic-16384,prefetch-gcc13-scalar,basic,ref_cycles,548734098,250030685,250030685
1,prefetch-gcc13-scalar-r1-prefetch_chain-scalar-warm-branch-536870912,prefetch-gcc13-scalar,branch,cycles,1976797402,900663314,900663314
1,prefetch-gcc13-scalar-r1-prefetch_chain-scalar-warm-branch-536870912,prefetch-gcc13-scalar,branch,branches,8388772,900661665,900661665
1,prefetch-gcc13-scalar-r1-prefetch_chain-scalar-warm-branch-536870912,prefetch-gcc13-scalar,branch,branch_misses,25,900657660,900657660
1,prefetch-gcc13-scalar-r1-prefetch_chain-scalar-warm-branch-524288,prefetch-gcc13-scalar,branch,cycles,548869547,250098056,250098056
1,prefetch-gcc13-scalar-r1-prefetch_chain-scalar-warm-branch-524288,prefetch-gcc13-scalar,branch,branches,12689764,250095853,250095853
1,prefetch-gcc13-scalar-r1-prefetch_chain-scalar-warm-branch-524288,prefetch-gcc13-scalar,branch,branch_misses,1588,250092207,250092207
1,prefetch-gcc13-scalar-r2-prefetch_chain-scalar-cache_evicted-basic-6291456,prefetch-gcc13-scalar,basic,cycles,527687353,241815861,241815861
1,prefetch-gcc13-scalar-r2-prefetch_chain-scalar-cache_evicted-basic-6291456,prefetch-gcc13-scalar,basic,instructions,43261111,241818652,241818652
1,prefetch-gcc13-scalar-r2-prefetch_chain-scalar-cache_evicted-basic-6291456,prefetch-gcc13-scalar,basic,ref_cycles,527697390,241815951,241815951
1,prefetch-gcc13-scalar-r2-prefetch_chain-scalar-warm-basic-134217728,prefetch-gcc13-scalar,basic,cycles,941386551,428930762,428930762
1,prefetch-gcc13-scalar-r2-prefetch_chain-scalar-warm-basic-134217728,prefetch-gcc13-scalar,basic,instructions,46138299,428929527,428929527
1,prefetch-gcc13-scalar-r2-prefetch_chain-scalar-warm-basic-134217728,prefetch-gcc13-scalar,basic,ref_cycles,941389878,428926364,428926364
1,prefetch-gcc13-scalar-r2-prefetch_chain-scalar-cache_evicted-basic-1048576,prefetch-gcc13-scalar,basic,cycles,549450428,250362260,250362260
1,prefetch-gcc13-scalar-r2-prefetch_chain-scalar-cache_evicted-basic-1048576,prefetch-gcc13-scalar,basic,instructions,130240043,250360489,250360489
1,prefetch-gcc13-scalar-r2-prefetch_chain-scalar-cache_evicted-basic-1048576,prefetch-gcc13-scalar,basic,ref_cycles,549453146,250357053,250357053
1,prefetch-gcc13-scalar-r2-prefetch_chain-scalar-warm-branch-294912,prefetch-gcc13-scalar,branch,cycles,548757303,250045823,250045823
1,prefetch-gcc13-scalar-r2-prefetch_chain-scalar-warm-branch-294912,prefetch-gcc13-scalar,branch,branches,15933901,250044191,250044191
1,prefetch-gcc13-scalar-r2-prefetch_chain-scalar-warm-branch-294912,prefetch-gcc13-scalar,branch,branch_misses,3487,250040602,250040602
1,prefetch-gcc13-scalar-r2-prefetch_chain-scalar-cache_evicted-basic-33554432,prefetch-gcc13-scalar,basic,cycles,628994040,286606271,286606271
1,prefetch-gcc13-scalar-r2-prefetch_chain-scalar-cache_evicted-basic-33554432,prefetch-gcc13-scalar,basic,instructions,34604615,286604855,286604855
1,prefetch-gcc13-scalar-r2-prefetch_chain-scalar-cache_evicted-basic-33554432,prefetch-gcc13-scalar,basic,ref_cycles,628997358,286601393,286601393
1,prefetch-gcc13-scalar-r2-prefetch_chain-scalar-cache_evicted-branch-32768,prefetch-gcc13-scalar,branch,cycles,548735300,250036199,250036199
1,prefetch-gcc13-scalar-r2-prefetch_chain-scalar-cache_evicted-branch-32768,prefetch-gcc13-scalar,branch,branches,58667876,250034963,250034963
1,prefetch-gcc13-scalar-r2-prefetch_chain-scalar-cache_evicted-branch-32768,prefetch-gcc13-scalar,branch,branch_misses,107922,250031593,250031593
1,prefetch-gcc13-scalar-r2-prefetch_chain-scalar-warm-branch-536870912,prefetch-gcc13-scalar,branch,cycles,1976843953,900684924,900684924
1,prefetch-gcc13-scalar-r2-prefetch_chain-scalar-warm-branch-536870912,prefetch-gcc13-scalar,branch,branches,8388772,900683686,900683686
1,prefetch-gcc13-scalar-r2-prefetch_chain-scalar-warm-branch-536870912,prefetch-gcc13-scalar,branch,branch_misses,26,900679765,900679765
1,prefetch-gcc13-scalar-r2-prefetch_chain-scalar-warm-branch-196608,prefetch-gcc13-scalar,branch,cycles,548166361,249892520,249892520
1,prefetch-gcc13-scalar-r2-prefetch_chain-scalar-warm-branch-196608,prefetch-gcc13-scalar,branch,branches,28954275,249894640,249894640
1,prefetch-gcc13-scalar-r2-prefetch_chain-scalar-warm-branch-196608,prefetch-gcc13-scalar,branch,branch_misses,9418,249891983,249891983
1,prefetch-gcc13-scalar-r2-prefetch_chain-scalar-warm-branch-131072,prefetch-gcc13-scalar,branch,cycles,548756956,250045689,250045689
1,prefetch-gcc13-scalar-r2-prefetch_chain-scalar-warm-branch-131072,prefetch-gcc13-scalar,branch,branches,30856947,250043723,250043723
1,prefetch-gcc13-scalar-r2-prefetch_chain-scalar-warm-branch-131072,prefetch-gcc13-scalar,branch,branch_misses,14883,250040213,250040213
1,prefetch-gcc13-scalar-r2-prefetch_chain-scalar-warm-branch-36864,prefetch-gcc13-scalar,branch,cycles,548741570,250038511,250038511
1,prefetch-gcc13-scalar-r2-prefetch_chain-scalar-warm-branch-36864,prefetch-gcc13-scalar,branch,branches,31899057,250036556,250036556
1,prefetch-gcc13-scalar-r2-prefetch_chain-scalar-warm-branch-36864,prefetch-gcc13-scalar,branch,branch_misses,52539,250032891,250032891
1,prefetch-gcc13-scalar-r2-prefetch_chain-scalar-warm-basic-33554432,prefetch-gcc13-scalar,basic,cycles,625071197,284818649,284818649
1,prefetch-gcc13-scalar-r2-prefetch_chain-scalar-warm-basic-33554432,prefetch-gcc13-scalar,basic,instructions,34604615,284817325,284817325
1,prefetch-gcc13-scalar-r2-prefetch_chain-scalar-warm-basic-33554432,prefetch-gcc13-scalar,basic,ref_cycles,625074670,284813947,284813947
1,prefetch-gcc13-scalar-r2-prefetch_chain-scalar-warm-basic-524288,prefetch-gcc13-scalar,basic,cycles,548767297,250048882,250048882
1,prefetch-gcc13-scalar-r2-prefetch_chain-scalar-warm-basic-524288,prefetch-gcc13-scalar,basic,instructions,138753304,250047306,250047306
1,prefetch-gcc13-scalar-r2-prefetch_chain-scalar-warm-basic-524288,prefetch-gcc13-scalar,basic,ref_cycles,548769496,250044206,250044206
1,prefetch-gcc13-scalar-r2-prefetch_chain-scalar-warm-branch-4194304,prefetch-gcc13-scalar,branch,cycles,550928444,251039316,251039316
1,prefetch-gcc13-scalar-r2-prefetch_chain-scalar-warm-branch-4194304,prefetch-gcc13-scalar,branch,branches,8196133,251038470,251038470
1,prefetch-gcc13-scalar-r2-prefetch_chain-scalar-warm-branch-4194304,prefetch-gcc13-scalar,branch,branch_misses,176,251034570,251034570
1,prefetch-gcc13-scalar-r2-prefetch_chain-scalar-warm-branch-33554432,prefetch-gcc13-scalar,branch,cycles,632996342,288430268,288430268
1,prefetch-gcc13-scalar-r2-prefetch_chain-scalar-warm-branch-33554432,prefetch-gcc13-scalar,branch,branches,3146052,288429183,288429183
1,prefetch-gcc13-scalar-r2-prefetch_chain-scalar-warm-branch-33554432,prefetch-gcc13-scalar,branch,branch_misses,41,288424912,288424912
1,prefetch-gcc13-scalar-r2-prefetch_chain-scalar-cache_evicted-basic-536870912,prefetch-gcc13-scalar,basic,cycles,1974796093,899750122,899750122
1,prefetch-gcc13-scalar-r2-prefetch_chain-scalar-cache_evicted-basic-536870912,prefetch-gcc13-scalar,basic,instructions,92275480,899748931,899748931
1,prefetch-gcc13-scalar-r2-prefetch_chain-scalar-cache_evicted-basic-536870912,prefetch-gcc13-scalar,basic,ref_cycles,1974799728,899746169,899746169
1,prefetch-gcc13-scalar-r2-prefetch_chain-scalar-warm-basic-1048576,prefetch-gcc13-scalar,basic,cycles,549234514,250263049,250263049
1,prefetch-gcc13-scalar-r2-prefetch_chain-scalar-warm-basic-1048576,prefetch-gcc13-scalar,basic,instructions,132224300,250261715,250261715
1,prefetch-gcc13-scalar-r2-prefetch_chain-scalar-warm-basic-1048576,prefetch-gcc13-scalar,basic,ref_cycles,549237370,250258581,250258581
1,prefetch-gcc13-scalar-r2-prefetch_chain-scalar-cache_evicted-branch-536870912,prefetch-gcc13-scalar,branch,cycles,2000171967,911312409,911312409
1,prefetch-gcc13-scalar-r2-prefetch_chain-scalar-cache_evicted-branch-536870912,prefetch-gcc13-scalar,branch,branches,8388772,911311736,911311736
1,prefetch-gcc13-scalar-r2-prefetch_chain-scalar-cache_evicted-branch-536870912,prefetch-gcc13-scalar,branch,branch_misses,26,911307688,911307688
1,prefetch-gcc13-scalar-r2-prefetch_chain-scalar-warm-basic-393216,prefetch-gcc13-scalar,basic,cycles,546126121,249123627,249123627
1,prefetch-gcc13-scalar-r2-prefetch_chain-scalar-warm-basic-393216,prefetch-gcc13-scalar,basic,instructions,149789360,249125551,249125551
1,prefetch-gcc13-scalar-r2-prefetch_chain-scalar-warm-basic-393216,prefetch-gcc13-scalar,basic,ref_cycles,546132290,249122873,249122873
1,prefetch-gcc13-scalar-r2-prefetch_chain-scalar-warm-branch-32768,prefetch-gcc13-scalar,branch,cycles,548732884,250033458,250033458
1,prefetch-gcc13-scalar-r2-prefetch_chain-scalar-warm-branch-32768,prefetch-gcc13-scalar,branch,branches,60222105,250031516,250031516
1,prefetch-gcc13-scalar-r2-prefetch_chain-scalar-warm-branch-32768,prefetch-gcc13-scalar,branch,branch_misses,110784,250027924,250027924
1,prefetch-gcc13-scalar-r2-prefetch_chain-scalar-warm-branch-262144,prefetch-gcc13-scalar,branch,cycles,548749964,250041316,250041316
1,prefetch-gcc13-scalar-r2-prefetch_chain-scalar-warm-branch-262144,prefetch-gcc13-scalar,branch,branches,19979659,250039411,250039411
1,prefetch-gcc13-scalar-r2-prefetch_chain-scalar-warm-branch-262144,prefetch-gcc13-scalar,branch,branch_misses,4888,250035810,250035810
1,prefetch-gcc13-scalar-r2-prefetch_chain-scalar-warm-branch-134217728,prefetch-gcc13-scalar,branch,cycles,940899615,428711456,428711456
1,prefetch-gcc13-scalar-r2-prefetch_chain-scalar-warm-branch-134217728,prefetch-gcc13-scalar,branch,branches,4194500,428710740,428710740
1,prefetch-gcc13-scalar-r2-prefetch_chain-scalar-warm-branch-134217728,prefetch-gcc13-scalar,branch,branch_misses,33,428707010,428707010
1,prefetch-gcc13-scalar-r2-prefetch_chain-scalar-warm-basic-65536,prefetch-gcc13-scalar,basic,cycles,548731905,250033677,250033677
1,prefetch-gcc13-scalar-r2-prefetch_chain-scalar-warm-basic-65536,prefetch-gcc13-scalar,basic,instructions,337771874,250032129,250032129
1,prefetch-gcc13-scalar-r2-prefetch_chain-scalar-warm-basic-65536,prefetch-gcc13-scalar,basic,ref_cycles,548734406,250029102,250029102
1,prefetch-gcc13-scalar-r2-prefetch_chain-scalar-warm-basic-8192,prefetch-gcc13-scalar,basic,cycles,548731369,250031450,250031450
1,prefetch-gcc13-scalar-r2-prefetch_chain-scalar-warm-basic-8192,prefetch-gcc13-scalar,basic,instructions,882358708,250028804,250028804
1,prefetch-gcc13-scalar-r2-prefetch_chain-scalar-warm-basic-8192,prefetch-gcc13-scalar,basic,ref_cycles,548732646,250025698,250025698
1,prefetch-gcc13-scalar-r2-prefetch_chain-scalar-warm-basic-131072,prefetch-gcc13-scalar,basic,cycles,548762083,250047011,250047011
1,prefetch-gcc13-scalar-r2-prefetch_chain-scalar-warm-basic-131072,prefetch-gcc13-scalar,basic,instructions,336667003,250043975,250043975
1,prefetch-gcc13-scalar-r2-prefetch_chain-scalar-warm-basic-131072,prefetch-gcc13-scalar,basic,ref_cycles,548763622,250040537,250040537
1,prefetch-gcc13-scalar-r2-prefetch_chain-scalar-warm-basic-36864,prefetch-gcc13-scalar,basic,cycles,548734774,250035388,250035388
1,prefetch-gcc13-scalar-r2-prefetch_chain-scalar-warm-basic-36864,prefetch-gcc13-scalar,basic,instructions,341087709,250034443,250034443
1,prefetch-gcc13-scalar-r2-prefetch_chain-scalar-warm-basic-36864,prefetch-gcc13-scalar,basic,ref_cycles,548737178,250030825,250030825
1,prefetch-gcc13-scalar-r2-prefetch_chain-scalar-warm-branch-6291456,prefetch-gcc13-scalar,branch,cycles,558295925,254395504,254395504
1,prefetch-gcc13-scalar-r2-prefetch_chain-scalar-warm-branch-6291456,prefetch-gcc13-scalar,branch,branches,5015268,254395710,254395710
1,prefetch-gcc13-scalar-r2-prefetch_chain-scalar-warm-branch-6291456,prefetch-gcc13-scalar,branch,branch_misses,90,254392479,254392479
1,prefetch-gcc13-scalar-r2-prefetch_chain-scalar-cache_evicted-basic-8388608,prefetch-gcc13-scalar,basic,cycles,559009818,254719060,254719060
1,prefetch-gcc13-scalar-r2-prefetch_chain-scalar-cache_evicted-basic-8388608,prefetch-gcc13-scalar,basic,instructions,47585144,254718754,254718754
1,prefetch-gcc13-scalar-r2-prefetch_chain-scalar-cache_evicted-basic-8388608,prefetch-gcc13-scalar,basic,ref_cycles,559013466,254715302,254715302
1,prefetch-gcc13-scalar-r2-prefetch_chain-scalar-warm-basic-12582912,prefetch-gcc13-scalar,basic,cycles,556103964,253395246,253395246
1,prefetch-gcc13-scalar-r2-prefetch_chain-scalar-warm-basic-12582912,prefetch-gcc13-scalar,basic,instructions,38931947,253394294,253394294
1,prefetch-gcc13-scalar-r2-prefetch_chain-scalar-warm-basic-12582912,prefetch-gcc13-scalar,basic,ref_cycles,556107420,253391568,253391568
1,prefetch-gcc13-scalar-r2-prefetch_chain-scalar-cache_evicted-branch-8388608,prefetch-gcc13-scalar,branch,cycles,568718829,259146890,259146890
1,prefetch-gcc13-scalar-r2-prefetch_chain-scalar-cache_evicted-branch-8388608,prefetch-gcc13-scalar,branch,branches,3539941,259144665,259144665
1,prefetch-gcc13-scalar-r2-prefetch_chain-scalar-cache_evicted-branch-8388608,prefetch-gcc13-scalar,branch,branch_misses,66,259140584,259140584
1,prefetch-gcc13-scalar-r2-prefetch_chain-scalar-warm-basic-262144,prefetch-gcc13-scalar,basic,cycles,548781447,250055999,250055999
1,prefetch-gcc13-scalar-r2-prefetch_chain-scalar-warm-basic-262144,prefetch-gcc13-scalar,basic,instructions,266973605,250054065,250054065
1,prefetch-gcc13-scalar-r2-prefetch_chain-scalar-warm-basic-262144,prefetch-gcc13-scalar,basic,ref_cycles,548783576,250051124,250051124
1,prefetch-gcc13-scalar-r2-prefetch_chain-scalar-cache_evicted-basic-32768,prefetch-gcc13-scalar,basic,cycles,548735427,250035406,250035406
1,prefetch-gcc13-scalar-r2-prefetch_chain-scalar-cache_evicted-basic-32768,prefetch-gcc13-scalar,basic,instructions,638447583,250031721,250031721
1,prefetch-gcc13-scalar-r2-prefetch_chain-scalar-cache_evicted-basic-32768,prefetch-gcc13-scalar,basic,ref_cycles,548736628,250028095,250028095
1,prefetch-gcc13-scalar-r2-prefetch_chain-scalar-warm-basic-7340032,prefetch-gcc13-scalar,basic,cycles,558842430,254642817,254642817
1,prefetch-gcc13-scalar-r2-prefetch_chain-scalar-warm-basic-7340032,prefetch-gcc13-scalar,basic,instructions,49208138,254642918,254642918
1,prefetch-gcc13-scalar-r2-prefetch_chain-scalar-warm-basic-7340032,prefetch-gcc13-scalar,basic,ref_cycles,558846508,254639386,254639386
1,prefetch-gcc13-scalar-r2-prefetch_chain-scalar-warm-basic-536870912,prefetch-gcc13-scalar,basic,cycles,2018036060,919450151,919450151
1,prefetch-gcc13-scalar-r2-prefetch_chain-scalar-warm-basic-536870912,prefetch-gcc13-scalar,basic,instructions,92275480,919449838,919449838
1,prefetch-gcc13-scalar-r2-prefetch_chain-scalar-warm-basic-536870912,prefetch-gcc13-scalar,basic,ref_cycles,2018039562,919446657,919446657
1,prefetch-gcc13-scalar-r2-prefetch_chain-scalar-warm-branch-5242880,prefetch-gcc13-scalar,branch,cycles,549126663,250950610,250950610
1,prefetch-gcc13-scalar-r2-prefetch_chain-scalar-warm-branch-5242880,prefetch-gcc13-scalar,branch,branches,6802325,250953662,250953662
1,prefetch-gcc13-scalar-r2-prefetch_chain-scalar-warm-branch-5242880,prefetch-gcc13-scalar,branch,branch_misses,176,250950415,250950415
1,prefetch-gcc13-scalar-r2-prefetch_chain-scalar-warm-branch-16384,prefetch-gcc13-scalar,branch,cycles,548732833,250033875,250033875
1,prefetch-gcc13-scalar-r2-prefetch_chain-scalar-warm-branch-16384,prefetch-gcc13-scalar,branch,branches,83255103,250033147,250033147
1,prefetch-gcc13-scalar-r2-prefetch_chain-scalar-warm-branch-16384,prefetch-gcc13-scalar,branch,branch_misses,289199,250029851,250029851
1,prefetch-gcc13-scalar-r2-prefetch_chain-scalar-warm-basic-196608,prefetch-gcc13-scalar,basic,cycles,548747661,250038741,250038741
1,prefetch-gcc13-scalar-r2-prefetch_chain-scalar-warm-basic-196608,prefetch-gcc13-scalar,basic,instructions,319585251,250035637,250035637
1,prefetch-gcc13-scalar-r2-prefetch_chain-scalar-warm-basic-196608,prefetch-gcc13-scalar,basic,ref_cycles,548748992,250032464,250032464
1,prefetch-gcc13-scalar-r2-prefetch_chain-scalar-warm-basic-24576,prefetch-gcc13-scalar,basic,cycles,548733020,250033626,250033626
1,prefetch-gcc13-scalar-r2-prefetch_chain-scalar-warm-basic-24576,prefetch-gcc13-scalar,basic,instructions,863121444,250032515,250032515
1,prefetch-gcc13-scalar-r2-prefetch_chain-scalar-warm-basic-24576,prefetch-gcc13-scalar,basic,ref_cycles,548735132,250029154,250029154
1,prefetch-gcc13-scalar-r2-prefetch_chain-scalar-warm-branch-49152,prefetch-gcc13-scalar,branch,cycles,548733770,250034266,250034266
1,prefetch-gcc13-scalar-r2-prefetch_chain-scalar-warm-branch-49152,prefetch-gcc13-scalar,branch,branches,31539373,250032882,250032882
1,prefetch-gcc13-scalar-r2-prefetch_chain-scalar-warm-branch-49152,prefetch-gcc13-scalar,branch,branch_misses,39490,250029545,250029545
1,prefetch-gcc13-scalar-r2-prefetch_chain-scalar-warm-branch-65536,prefetch-gcc13-scalar,branch,cycles,548749292,250042222,250042222
1,prefetch-gcc13-scalar-r2-prefetch_chain-scalar-warm-branch-65536,prefetch-gcc13-scalar,branch,branches,31192291,250040995,250040995
1,prefetch-gcc13-scalar-r2-prefetch_chain-scalar-warm-branch-65536,prefetch-gcc13-scalar,branch,branch_misses,29599,250037826,250037826
1,prefetch-gcc13-scalar-r2-prefetch_chain-scalar-warm-basic-32768,prefetch-gcc13-scalar,basic,cycles,548733582,250033551,250033551
1,prefetch-gcc13-scalar-r2-prefetch_chain-scalar-warm-basic-32768,prefetch-gcc13-scalar,basic,instructions,642847934,250030471,250030471
1,prefetch-gcc13-scalar-r2-prefetch_chain-scalar-warm-basic-32768,prefetch-gcc13-scalar,basic,ref_cycles,548735110,250027078,250027078
1,prefetch-gcc13-scalar-r2-prefetch_chain-scalar-warm-branch-393216,prefetch-gcc13-scalar,branch,cycles,548821076,250075073,250075073
1,prefetch-gcc13-scalar-r2-prefetch_chain-scalar-warm-branch-393216,prefetch-gcc13-scalar,branch,branches,14174052,250073220,250073220
1,prefetch-gcc13-scalar-r2-prefetch_chain-scalar-warm-branch-393216,prefetch-gcc13-scalar,branch,branch_misses,2337,250069520,250069520
1,prefetch-gcc13-scalar-r2-prefetch_chain-scalar-warm-basic-8388608,prefetch-gcc13-scalar,basic,cycles,553372724,252151442,252151442
1,prefetch-gcc13-scalar-r2-prefetch_chain-scalar-warm-basic-8388608,prefetch-gcc13-scalar,basic,instructions,47585144,252150857,252150857
1,prefetch-gcc13-scalar-r2-prefetch_chain-scalar-warm-basic-8388608,prefetch-gcc13-scalar,basic,ref_cycles,553376560,252147313,252147313
1,prefetch-gcc13-scalar-r2-prefetch_chain-scalar-cache_evicted-basic-262144,prefetch-gcc13-scalar,basic,cycles,548852920,250089423,250089423
1,prefetch-gcc13-scalar-r2-prefetch_chain-scalar-cache_evicted-basic-262144,prefetch-gcc13-scalar,basic,instructions,183770652,250087385,250087385
1,prefetch-gcc13-scalar-r2-prefetch_chain-scalar-cache_evicted-basic-262144,prefetch-gcc13-scalar,basic,ref_cycles,548855098,250084179,250084179
1,prefetch-gcc13-scalar-r2-prefetch_chain-scalar-cache_evicted-branch-33554432,prefetch-gcc13-scalar,branch,cycles,652678425,297399604,297399604
1,prefetch-gcc13-scalar-r2-prefetch_chain-scalar-cache_evicted-branch-33554432,prefetch-gcc13-scalar,branch,branches,3146052,297396995,297396995
1,prefetch-gcc13-scalar-r2-prefetch_chain-scalar-cache_evicted-branch-33554432,prefetch-gcc13-scalar,branch,branch_misses,42,297392693,297392693
1,prefetch-gcc13-scalar-r2-prefetch_chain-scalar-warm-branch-28672,prefetch-gcc13-scalar,branch,cycles,548734034,250035174,250035174
1,prefetch-gcc13-scalar-r2-prefetch_chain-scalar-warm-branch-28672,prefetch-gcc13-scalar,branch,branches,75392390,250034026,250034026
1,prefetch-gcc13-scalar-r2-prefetch_chain-scalar-warm-branch-28672,prefetch-gcc13-scalar,branch,branch_misses,157147,250030587,250030587
1,prefetch-gcc13-scalar-r2-prefetch_chain-scalar-warm-basic-2097152,prefetch-gcc13-scalar,basic,cycles,549058874,250182717,250182717
1,prefetch-gcc13-scalar-r2-prefetch_chain-scalar-warm-basic-2097152,prefetch-gcc13-scalar,basic,instructions,115756760,250181524,250181524
1,prefetch-gcc13-scalar-r2-prefetch_chain-scalar-warm-basic-2097152,prefetch-gcc13-scalar,basic,ref_cycles,549061062,250178249,250178249
1,prefetch-gcc13-scalar-r2-prefetch_chain-scalar-warm-branch-1048576,prefetch-gcc13-scalar,branch,cycles,549047484,250178814,250178814
1,prefetch-gcc13-scalar-r2-prefetch_chain-scalar-warm-branch-1048576,prefetch-gcc13-scalar,branch,branches,12098724,250176556,250176556
1,prefetch-gcc13-scalar-r2-prefetch_chain-scalar-warm-branch-1048576,prefetch-gcc13-scalar,branch,branch_misses,784,250173254,250173254
1,prefetch-gcc13-scalar-r2-prefetch_chain-scalar-warm-basic-4194304,prefetch-gcc13-scalar,basic,cycles,549213613,250254959,250254959
1,prefetch-gcc13-scalar-r2-prefetch_chain-scalar-warm-basic-4194304,prefetch-gcc13-scalar,basic,instructions,81480296,250255278,250255278
1,prefetch-gcc13-scalar-r2-prefetch_chain-scalar-warm-basic-4194304,prefetch-gcc13-scalar,basic,ref_cycles,549217042,250252428,250252428
1,prefetch-gcc13-scalar-r2-prefetch_chain-scalar-warm-basic-294912,prefetch-gcc13-scalar,basic,cycles,548781035,250054847,250054847
1,prefetch-gcc13-scalar-r2-prefetch_chain-scalar-warm-basic-294912,prefetch-gcc13-scalar,basic,instructions,176453599,250052468,250052468
1,prefetch-gcc13-scalar-r2-prefetch_chain-scalar-warm-basic-294912,prefetch-gcc13-scalar,basic,ref_cycles,548782630,250048996,250048996
1,prefetch-gcc13-scalar-r2-prefetch_chain-scalar-warm-basic-6291456,prefetch-gcc13-scalar,basic,cycles,554374355,252607731,252607731
1,prefetch-gcc13-scalar-r2-prefetch_chain-scalar-warm-basic-6291456,prefetch-gcc13-scalar,basic,instructions,45423923,252608394,252608394
1,prefetch-gcc13-scalar-r2-prefetch_chain-scalar-warm-basic-6291456,prefetch-gcc13-scalar,basic,ref_cycles,554378132,252605095,252605095
1,prefetch-gcc13-scalar-r2-prefetch_chain-scalar-warm-basic-5242880,prefetch-gcc13-scalar,basic,cycles,556181805,253430299,253430299
1,prefetch-gcc13-scalar-r2-prefetch_chain-scalar-warm-basic-5242880,prefetch-gcc13-scalar,basic,instructions,61287873,253430696,253430696
1,prefetch-gcc13-scalar-r2-prefetch_chain-scalar-warm-basic-5242880,prefetch-gcc13-scalar,basic,ref_cycles,556186092,253427289,253427289
1,prefetch-gcc13-scalar-r2-prefetch_chain-scalar-cache_evicted-branch-262144,prefetch-gcc13-scalar,branch,cycles,548820037,250075306,250075306
1,prefetch-gcc13-scalar-r2-prefetch_chain-scalar-cache_evicted-branch-262144,prefetch-gcc13-scalar,branch,branches,22840366,250073696,250073696
1,prefetch-gcc13-scalar-r2-prefetch_chain-scalar-cache_evicted-branch-262144,prefetch-gcc13-scalar,branch,branch_misses,5586,250069928,250069928
1,prefetch-gcc13-scalar-r2-prefetch_chain-scalar-warm-branch-7340032,prefetch-gcc13-scalar,branch,cycles,561721289,255956820,255956820
1,prefetch-gcc13-scalar-r2-prefetch_chain-scalar-warm-branch-7340032,prefetch-gcc13-scalar,branch,branches,3441732,255956235,255956235
1,prefetch-gcc13-scalar-r2-prefetch_chain-scalar-warm-branch-7340032,prefetch-gcc13-scalar,branch,branch_misses,64,255952420,255952420
1,prefetch-gcc13-scalar-r2-prefetch_chain-scalar-warm-branch-2097152,prefetch-gcc13-scalar,branch,cycles,548864653,250095535,250095535
1,prefetch-gcc13-scalar-r2-prefetch_chain-scalar-warm-branch-2097152,prefetch-gcc13-scalar,branch,branches,11578533,250094036,250094036
1,prefetch-gcc13-scalar-r2-prefetch_chain-scalar-warm-branch-2097152,prefetch-gcc13-scalar,branch,branch_misses,398,250090325,250090325
1,prefetch-gcc13-scalar-r2-prefetch_chain-scalar-warm-branch-24576,prefetch-gcc13-scalar,branch,cycles,548733723,250035955,250035955
1,prefetch-gcc13-scalar-r2-prefetch_chain-scalar-warm-branch-24576,prefetch-gcc13-scalar,branch,branches,81800106,250033892,250033892
1,prefetch-gcc13-scalar-r2-prefetch_chain-scalar-warm-branch-24576,prefetch-gcc13-scalar,branch,branch_misses,196858,250030327,250030327
1,prefetch-gcc13-scalar-r2-prefetch_chain-scalar-warm-branch-524288,prefetch-gcc13-scalar,branch,cycles,548906755,250114313,250114313
1,prefetch-gcc13-scalar-r2-prefetch_chain-scalar-warm-branch-524288,prefetch-gcc13-scalar,branch,branches,12582852,250112378,250112378
1,prefetch-gcc13-scalar-r2-prefetch_chain-scalar-warm-branch-524288,prefetch-gcc13-scalar,branch,branch_misses,1574,250109010,250109010
1,prefetch-gcc13-scalar-r2-prefetch_chain-scalar-warm-basic-16384,prefetch-gcc13-scalar,basic,cycles,548731595,250032787,250032787
1,prefetch-gcc13-scalar-r2-prefetch_chain-scalar-warm-basic-16384,prefetch-gcc13-scalar,basic,instructions,867116594,250030666,250030666
1,prefetch-gcc13-scalar-r2-prefetch_chain-scalar-warm-basic-16384,prefetch-gcc13-scalar,basic,ref_cycles,548733790,250027115,250027115
1,prefetch-gcc13-scalar-r2-prefetch_chain-scalar-warm-branch-98304,prefetch-gcc13-scalar,branch,cycles,548742291,250038918,250038918
1,prefetch-gcc13-scalar-r2-prefetch_chain-scalar-warm-branch-98304,prefetch-gcc13-scalar,branch,branches,30993281,250036951,250036951
1,prefetch-gcc13-scalar-r2-prefetch_chain-scalar-warm-branch-98304,prefetch-gcc13-scalar,branch,branch_misses,19819,250033188,250033188
1,prefetch-gcc13-scalar-r2-prefetch_chain-scalar-warm-branch-8388608,prefetch-gcc13-scalar,branch,cycles,562445872,256288031,256288031
1,prefetch-gcc13-scalar-r2-prefetch_chain-scalar-warm-branch-8388608,prefetch-gcc13-scalar,branch,branches,3146628,256287216,256287216
1,prefetch-gcc13-scalar-r2-prefetch_chain-scalar-warm-branch-8388608,prefetch-gcc13-scalar,branch,branch_misses,53,256283458,256283458
1,prefetch-gcc13-scalar-r2-prefetch_chain-scalar-warm-basic-229376,prefetch-gcc13-scalar,basic,cycles,548780137,250053809,250053809
1,prefetch-gcc13-scalar-r2-prefetch_chain-scalar-warm-basic-229376,prefetch-gcc13-scalar,basic,instructions,239739501,250050199,250050199
1,prefetch-gcc13-scalar-r2-prefetch_chain-scalar-warm-basic-229376,prefetch-gcc13-scalar,basic,ref_cycles,548781200,250046583,250046583
1,prefetch-gcc13-scalar-r2-prefetch_chain-scalar-warm-branch-12582912,prefetch-gcc13-scalar,branch,cycles,565476955,257668703,257668703
1,prefetch-gcc13-scalar-r2-prefetch_chain-scalar-warm-branch-12582912,prefetch-gcc13-scalar,branch,branches,3146372,257667914,257667914
1,prefetch-gcc13-scalar-r2-prefetch_chain-scalar-warm-branch-12582912,prefetch-gcc13-scalar,branch,branch_misses,51,257663624,257663624
1,prefetch-gcc13-scalar-r2-prefetch_chain-scalar-warm-basic-98304,prefetch-gcc13-scalar,basic,cycles,548751143,250041777,250041777
1,prefetch-gcc13-scalar-r2-prefetch_chain-scalar-warm-basic-98304,prefetch-gcc13-scalar,basic,instructions,336847643,250040492,250040492
1,prefetch-gcc13-scalar-r2-prefetch_chain-scalar-warm-basic-98304,prefetch-gcc13-scalar,basic,ref_cycles,548753678,250037379,250037379
1,prefetch-gcc13-scalar-r2-prefetch_chain-scalar-warm-basic-49152,prefetch-gcc13-scalar,basic,cycles,548734363,250034686,250034686
1,prefetch-gcc13-scalar-r2-prefetch_chain-scalar-warm-basic-49152,prefetch-gcc13-scalar,basic,instructions,339153647,250033062,250033062
1,prefetch-gcc13-scalar-r2-prefetch_chain-scalar-warm-basic-49152,prefetch-gcc13-scalar,basic,ref_cycles,548736650,250030021,250030021
1,prefetch-gcc13-scalar-r2-prefetch_chain-scalar-warm-branch-8192,prefetch-gcc13-scalar,branch,cycles,548731808,250033409,250033409
1,prefetch-gcc13-scalar-r2-prefetch_chain-scalar-warm-branch-8192,prefetch-gcc13-scalar,branch,branches,89862163,250030732,250030732
1,prefetch-gcc13-scalar-r2-prefetch_chain-scalar-warm-branch-8192,prefetch-gcc13-scalar,branch,branch_misses,561904,250027220,250027220
1,prefetch-gcc13-scalar-r2-prefetch_chain-scalar-warm-branch-229376,prefetch-gcc13-scalar,branch,cycles,548798169,250063455,250063455
1,prefetch-gcc13-scalar-r2-prefetch_chain-scalar-warm-branch-229376,prefetch-gcc13-scalar,branch,branches,27431130,250060073,250060073
1,prefetch-gcc13-scalar-r2-prefetch_chain-scalar-warm-branch-229376,prefetch-gcc13-scalar,branch,branch_misses,7634,250056298,250056298
1,prefetch-gcc13-scalar-r2-prefetch_chain-scalar-warm-basic-28672,prefetch-gcc13-scalar,basic,cycles,548731867,250032119,250032119
1,prefetch-gcc13-scalar-r2-prefetch_chain-scalar-warm-basic-28672,prefetch-gcc13-scalar,basic,instructions,841563627,250030910,250030910
1,prefetch-gcc13-scalar-r2-prefetch_chain-scalar-warm-basic-28672,prefetch-gcc13-scalar,basic,ref_cycles,548733482,250027450,250027450
1,prefetch-gcc13-scalar-r2-prefetch_chain-scalar-cache_evicted-branch-6291456,prefetch-gcc13-scalar,branch,cycles,557155803,253877640,253877640
1,prefetch-gcc13-scalar-r2-prefetch_chain-scalar-cache_evicted-branch-6291456,prefetch-gcc13-scalar,branch,branches,3933572,253877182,253877182
1,prefetch-gcc13-scalar-r2-prefetch_chain-scalar-cache_evicted-branch-6291456,prefetch-gcc13-scalar,branch,branch_misses,77,253873375,253873375
1,prefetch-gcc13-scalar-r2-prefetch_chain-scalar-cache_evicted-branch-1048576,prefetch-gcc13-scalar,branch,cycles,549218836,250256886,250256886
1,prefetch-gcc13-scalar-r2-prefetch_chain-scalar-cache_evicted-branch-1048576,prefetch-gcc13-scalar,branch,branches,12115140,250255826,250255826
1,prefetch-gcc13-scalar-r2-prefetch_chain-scalar-cache_evicted-branch-1048576,prefetch-gcc13-scalar,branch,branch_misses,785,250252271,250252271
1,prefetch-gcc13-scalar-r3-prefetch_chain-scalar-warm-basic-65536,prefetch-gcc13-scalar,basic,cycles,548743897,250038355,250038355
1,prefetch-gcc13-scalar-r3-prefetch_chain-scalar-warm-basic-65536,prefetch-gcc13-scalar,basic,instructions,338217567,250035702,250035702
1,prefetch-gcc13-scalar-r3-prefetch_chain-scalar-warm-basic-65536,prefetch-gcc13-scalar,basic,ref_cycles,548745626,250032047,250032047
1,prefetch-gcc13-scalar-r3-prefetch_chain-scalar-warm-basic-524288,prefetch-gcc13-scalar,basic,cycles,548774150,250052487,250052487
1,prefetch-gcc13-scalar-r3-prefetch_chain-scalar-warm-basic-524288,prefetch-gcc13-scalar,basic,instructions,138211654,250050942,250050942
1,prefetch-gcc13-scalar-r3-prefetch_chain-scalar-warm-basic-524288,prefetch-gcc13-scalar,basic,ref_cycles,548776800,250047978,250047978
1,prefetch-gcc13-scalar-r3-prefetch_chain-scalar-cache_evicted-basic-536870912,prefetch-gcc13-scalar,basic,cycles,1973111469,898982274,898982274
1,prefetch-gcc13-scalar-r3-prefetch_chain-scalar-cache_evicted-basic-536870912,prefetch-gcc13-scalar,basic,instructions,92275480,898981162,898981162
1,prefetch-gcc13-scalar-r3-prefetch_chain-scalar-cache_evicted-basic-536870912,prefetch-gcc13-scalar,basic,ref_cycles,1973115254,898978275,898978275
1,prefetch-gcc13-scalar-r3-prefetch_chain-scalar-warm-basic-16384,prefetch-gcc13-scalar,basic,cycles,548732098,250034097,250034097
1,prefetch-gcc13-scalar-r3-prefetch_chain-scalar-warm-basic-16384,prefetch-gcc13-scalar,basic,instructions,866579630,250032372,250032372
1,prefetch-gcc13-scalar-r3-prefetch_chain-scalar-warm-basic-16384,prefetch-gcc13-scalar,basic,ref_cycles,548734032,250028848,250028848
1,prefetch-gcc13-scalar-r3-prefetch_chain-scalar-warm-branch-6291456,prefetch-gcc13-scalar,branch,cycles,558812180,254632075,254632075
1,prefetch-gcc13-scalar-r3-prefetch_chain-scalar-warm-branch-6291456,prefetch-gcc13-scalar,branch,branches,4916932,254631033,254631033
1,prefetch-gcc13-scalar-r3-prefetch_chain-scalar-warm-branch-6291456,prefetch-gcc13-scalar,branch,branch_misses,98,254627136,254627136
1,prefetch-gcc13-scalar-r3-prefetch_chain-scalar-warm-basic-294912,prefetch-gcc13-scalar,basic,cycles,548768268,250050359,250050359
1,prefetch-gcc13-scalar-r3-prefetch_chain-scalar-warm-basic-294912,prefetch-gcc13-scalar,basic,instructions,196743175,250047188,250047188
1,prefetch-gcc13-scalar-r3-prefetch_chain-scalar-warm-basic-294912,prefetch-gcc13-scalar,basic,ref_cycles,548770134,250043840,250043840
1,prefetch-gcc13-scalar-r3-prefetch_chain-scalar-warm-branch-4194304,prefetch-gcc13-scalar,branch,cycles,553389473,252158763,252158763
1,prefetch-gcc13-scalar-r3-prefetch_chain-scalar-warm-branch-4194304,prefetch-gcc13-scalar,branch,branches,7868292,252158063,252158063
1,prefetch-gcc13-scalar-r3-prefetch_chain-scalar-warm-branch-4194304,prefetch-gcc13-scalar,branch,branch_misses,170,252154058,252154058
1,prefetch-gcc13-scalar-r3-prefetch_chain-scalar-warm-branch-98304,prefetch-gcc13-scalar,branch,cycles,548732190,250034255,250034255
1,prefetch-gcc13-scalar-r3-prefetch_chain-scalar-warm-branch-98304,prefetch-gcc13-scalar,branch,branches,30961878,250032388,250032388
1,prefetch-gcc13-scalar-r3-prefetch_chain-scalar-warm-branch-98304,prefetch-gcc13-scalar,branch,branch_misses,19798,250028810,250028810
1,prefetch-gcc13-scalar-r3-prefetch_chain-scalar-warm-basic-262144,prefetch-gcc13-scalar,basic,cycles,548817166,250071362,250071362
1,prefetch-gcc13-scalar-r3-prefetch_chain-scalar-warm-basic-262144,prefetch-gcc13-scalar,basic,instructions,178118270,250068767,250068767
1,prefetch-gcc13-scalar-r3-prefetch_chain-scalar-warm-basic-262144,prefetch-gcc13-scalar,basic,ref_cycles,548818754,250065209,250065209
1,prefetch-gcc13-scalar-r3-prefetch_chain-scalar-warm-branch-8192,prefetch-gcc13-scalar,branch,cycles,548731262,250032497,250032497
1,prefetch-gcc13-scalar-r3-prefetch_chain-scalar-warm-branch-8192,prefetch-gcc13-scalar,branch,branches,89867460,250029509,250029509
1,prefetch-gcc13-scalar-r3-prefetch_chain-scalar-warm-branch-8192,prefetch-gcc13-scalar,branch,branch_misses,561875,250025940,250025940
1,prefetch-gcc13-scalar-r3-prefetch_chain-scalar-warm-branch-134217728,prefetch-gcc13-scalar,branch,cycles,941383744,428930084,428930084
1,prefetch-gcc13-scalar-r3-prefetch_chain-scalar-warm-branch-134217728,prefetch-gcc13-scalar,branch,branches,4194500,428928633,428928633
1,prefetch-gcc13-scalar-r3-prefetch_chain-scalar-warm-branch-134217728,prefetch-gcc13-scalar,branch,branch_misses,29,428925161,428925161
1,prefetch-gcc13-scalar-r3-prefetch_chain-scalar-warm-basic-12582912,prefetch-gcc13-scalar,basic,cycles,576490949,262684288,262684288
1,prefetch-gcc13-scalar-r3-prefetch_chain-scalar-warm-basic-12582912,prefetch-gcc13-scalar,basic,instructions,41094798,262684066,262684066
1,prefetch-gcc13-scalar-r3-prefetch_chain-scalar-warm-basic-12582912,prefetch-gcc13-scalar,basic,ref_cycles,576494996,262680524,262680524
1,prefetch-gcc13-scalar-r3-prefetch_chain-scalar-warm-basic-2097152,prefetch-gcc13-scalar,basic,cycles,549906982,250568920,250568920
1,prefetch-gcc13-scalar-r3-prefetch_chain-scalar-warm-basic-2097152,prefetch-gcc13-scalar,basic,instructions,127296312,250565930,250565930
1,prefetch-gcc13-scalar-r3-prefetch_chain-scalar-warm-basic-2097152,prefetch-gcc13-scalar,basic,ref_cycles,549908854,250562702,250562702
1,prefetch-gcc13-scalar-r3-prefetch_chain-scalar-warm-branch-131072,prefetch-gcc13-scalar,branch,cycles,548749749,250040939,250040939
1,prefetch-gcc13-scalar-r3-prefetch_chain-scalar-warm-branch-131072,prefetch-gcc13-scalar,branch,branches,30692621,250038111,250038111
1,prefetch-gcc13-scalar-r3-prefetch_chain-scalar-warm-branch-131072,prefetch-gcc13-scalar,branch,branch_misses,14803,250034344,250034344
1,prefetch-gcc13-scalar-r3-prefetch_chain-scalar-cache_evicted-branch-32768,prefetch-gcc13-scalar,branch,cycles,548732681,250033968,250033968
1,prefetch-gcc13-scalar-r3-prefetch_chain-scalar-cache_evicted-branch-32768,prefetch-gcc13-scalar,branch,branches,59998845,250031461,250031461
1,prefetch-gcc13-scalar-r3-prefetch_chain-scalar-cache_evicted-branch-32768,prefetch-gcc13-scalar,branch,branch_misses,110369,250027493,250027493
1,prefetch-gcc13-scalar-r3-prefetch_chain-scalar-warm-branch-36864,prefetch-gcc13-scalar,branch,cycles,548732793,250033987,250033987
1,prefetch-gcc13-scalar-r3-prefetch_chain-scalar-warm-branch-36864,prefetch-gcc13-scalar,branch,branches,31992545,250032367,250032367
1,prefetch-gcc13-scalar-r3-prefetch_chain-scalar-warm-branch-36864,prefetch-gcc13-scalar,branch,branch_misses,52686,250028745,250028745
1,prefetch-gcc13-scalar-r3-prefetch_chain-scalar-warm-branch-16384,prefetch-gcc13-scalar,branch,cycles,548731915,250033946,250033946
1,prefetch-gcc13-scalar-r3-prefetch_chain-scalar-warm-branch-16384,prefetch-gcc13-scalar,branch,branches,83674154,250033108,250033108
1,prefetch-gcc13-scalar-r3-prefetch_chain-scalar-warm-branch-16384,prefetch-gcc13-scalar,branch,branch_misses,290705,250029779,250029779
1,prefetch-gcc13-scalar-r3-prefetch_chain-scalar-cache_evicted-branch-1048576,prefetch-gcc13-scalar,branch,cycles,549357359,250322634,250322634
1,prefetch-gcc13-scalar-r3-prefetch_chain-scalar-cache_evicted-branch-1048576,prefetch-gcc13-scalar,branch,branches,11786820,250320449,250320449
1,prefetch-gcc13-scalar-r3-prefetch_chain-scalar-cache_evicted-branch-1048576,prefetch-gcc13-scalar,branch,branch_misses,767,250316270,250316270
1,prefetch-gcc13-scalar-r3-prefetch_chain-scalar-cache_evicted-basic-6291456,prefetch-gcc13-scalar,basic,cycles,560461395,255382474,255382474
1,prefetch-gcc13-scalar-r3-prefetch_chain-scalar-cache_evicted-basic-6291456,prefetch-gcc13-scalar,basic,instructions,45423923,255381791,255381791
1,prefetch-gcc13-scalar-r3-prefetch_chain-scalar-cache_evicted-basic-6291456,prefetch-gcc13-scalar,basic,ref_cycles,560465224,255378633,255378633
1,prefetch-gcc13-scalar-r3-prefetch_chain-scalar-warm-basic-8192,prefetch-gcc13-scalar,basic,cycles,548731279,250031939,250031939
1,prefetch-gcc13-scalar-r3-prefetch_chain-scalar-warm-basic-8192,prefetch-gcc13-scalar,basic,instructions,882367941,250029183,250029183
1,prefetch-gcc13-scalar-r3-prefetch_chain-scalar-warm-basic-8192,prefetch-gcc13-scalar,basic,ref_cycles,548732580,250025668,250025668
1,prefetch-gcc13-scalar-r3-prefetch_chain-scalar-warm-branch-7340032,prefetch-gcc13-scalar,branch,cycles,555550306,253145238,253145238
1,prefetch-gcc13-scalar-r3-prefetch_chain-scalar-warm-branch-7340032,prefetch-gcc13-scalar,branch,branches,4244772,253144682,253144682
1,prefetch-gcc13-scalar-r3-prefetch_chain-scalar-warm-branch-7340032,prefetch-gcc13-scalar,branch,branch_misses,76,253140723,253140723
1,prefetch-gcc13-scalar-r3-prefetch_chain-scalar-warm-basic-33554432,prefetch-gcc13-scalar,basic,cycles,628780173,286508246,286508246
1,prefetch-gcc13-scalar-r3-prefetch_chain-scalar-warm-basic-33554432,prefetch-gcc13-scalar,basic,instructions,34604615,286506343,286506343
1,prefetch-gcc13-scalar-r3-prefetch_chain-scalar-warm-basic-33554432,prefetch-gcc13-scalar,basic,ref_cycles,628783936,286502760,286502760
1,prefetch-gcc13-scalar-r3-prefetch_chain-scalar-cache_evicted-branch-8388608,prefetch-gcc13-scalar,branch,cycles,554559542,252692983,252692983
1,prefetch-gcc13-scalar-r3-prefetch_chain-scalar-cache_evicted-branch-8388608,prefetch-gcc13-scalar,branch,branches,4195460,252693000,252693000
1,prefetch-gcc13-scalar-r3-prefetch_chain-scalar-cache_evicted-branch-8388608,prefetch-gcc13-scalar,branch,branch_misses,73,252689106,252689106
1,prefetch-gcc13-scalar-r3-prefetch_chain-scalar-cache_evicted-basic-33554432,prefetch-gcc13-scalar,basic,cycles,647049620,294833252,294833252
1,prefetch-gcc13-scalar-r3-prefetch_chain-scalar-cache_evicted-basic-33554432,prefetch-gcc13-scalar,basic,instructions,34604615,294830933,294830933
1,prefetch-gcc13-scalar-r3-prefetch_chain-scalar-cache_evicted-basic-33554432,prefetch-gcc13-scalar,basic,ref_cycles,647053110,294827211,294827211
1,prefetch-gcc13-scalar-r3-prefetch_chain-scalar-warm-basic-32768,prefetch-gcc13-scalar,basic,cycles,548733708,250033276,250033276
1,prefetch-gcc13-scalar-r3-prefetch_chain-scalar-warm-basic-32768,prefetch-gcc13-scalar,basic,instructions,676340979,250031591,250031591
1,prefetch-gcc13-scalar-r3-prefetch_chain-scalar-warm-basic-32768,prefetch-gcc13-scalar,basic,ref_cycles,548735924,250028961,250028961
1,prefetch-gcc13-scalar-r3-prefetch_chain-scalar-cache_evicted-branch-536870912,prefetch-gcc13-scalar,branch,cycles,1991992317,907585905,907585905
1,prefetch-gcc13-scalar-r3-prefetch_chain-scalar-cache_evicted-branch-536870912,prefetch-gcc13-scalar,branch,branches,8388772,907583990,907583990
1,prefetch-gcc13-scalar-r3-prefetch_chain-scalar-cache_evicted-branch-536870912,prefetch-gcc13-scalar,branch,branch_misses,25,907580646,907580646
1,prefetch-gcc13-scalar-r3-prefetch_chain-scalar-warm-branch-536870912,prefetch-gcc13-scalar,branch,cycles,1993878334,908446729,908446729
1,prefetch-gcc13-scalar-r3-prefetch_chain-scalar-warm-branch-536870912,prefetch-gcc13-scalar,branch,branches,8388772,908445052,908445052
1,prefetch-gcc13-scalar-r3-prefetch_chain-scalar-warm-branch-536870912,prefetch-gcc13-scalar,branch,branch_misses,27,908440828,908440828
1,prefetch-gcc13-scalar-r3-prefetch_chain-scalar-warm-branch-5242880,prefetch-gcc13-scalar,branch,cycles,538994029,246707095,246707095
1,prefetch-gcc13-scalar-r3-prefetch_chain-scalar-warm-branch-5242880,prefetch-gcc13-scalar,branch,branches,4753587,246709366,246709366
1,prefetch-gcc13-scalar-r3-prefetch_chain-scalar-warm-branch-5242880,prefetch-gcc13-scalar,branch,branch_misses,176,246705853,246705853
1,prefetch-gcc13-scalar-r3-prefetch_chain-scalar-warm-branch-393216,prefetch-gcc13-scalar,branch,cycles,548891551,250106693,250106693
1,prefetch-gcc13-scalar-r3-prefetch_chain-scalar-warm-branch-393216,prefetch-gcc13-scalar,branch,branches,13006788,250104889,250104889
1,prefetch-gcc13-scalar-r3-prefetch_chain-scalar-warm-branch-393216,prefetch-gcc13-scalar,branch,branch_misses,2146,250101364,250101364
1,prefetch-gcc13-scalar-r3-prefetch_chain-scalar-cache_evicted-basic-8388608,prefetch-gcc13-scalar,basic,cycles,563286289,256667270,256667270
1,prefetch-gcc13-scalar-r3-prefetch_chain-scalar-cache_evicted-basic-8388608,prefetch-gcc13-scalar,basic,instructions,50469054,256667573,256667573
1,prefetch-gcc13-scalar-r3-prefetch_chain-scalar-cache_evicted-basic-8388608,prefetch-gcc13-scalar,basic,ref_cycles,563289936,256664197,256664197
1,prefetch-gcc13-scalar-r3-prefetch_chain-scalar-warm-basic-28672,prefetch-gcc13-scalar,basic,cycles,548732742,250032651,250032651
1,prefetch-gcc13-scalar-r3-prefetch_chain-scalar-warm-basic-28672,prefetch-gcc13-scalar,basic,instructions,841472024,250029952,250029952
1,prefetch-gcc13-scalar-r3-prefetch_chain-scalar-warm-basic-28672,prefetch-gcc13-scalar,basic,ref_cycles,548734274,250026874,250026874
1,prefetch-gcc13-scalar-r3-prefetch_chain-scalar-warm-branch-262144,prefetch-gcc13-scalar,branch,cycles,548813963,250070754,250070754
1,prefetch-gcc13-scalar-r3-prefetch_chain-scalar-warm-branch-262144,prefetch-gcc13-scalar,branch,branches,17643204,250067020,250067020
1,prefetch-gcc13-scalar-r3-prefetch_chain-scalar-warm-branch-262144,prefetch-gcc13-scalar,branch,branch_misses,4311,250062887,250062887
1,prefetch-gcc13-scalar-r3-prefetch_chain-scalar-warm-basic-536870912,prefetch-gcc13-scalar,basic,cycles,1967408226,896383439,896383439
1,prefetch-gcc13-scalar-r3-prefetch_chain-scalar-warm-basic-536870912,prefetch-gcc13-scalar,basic,instructions,92275480,896386190,896386190
1,prefetch-gcc13-scalar-r3-prefetch_chain-scalar-warm-basic-536870912,prefetch-gcc13-scalar,basic,ref_cycles,1967412172,896383832,896383832
1,prefetch-gcc13-scalar-r3-prefetch_chain-scalar-warm-basic-196608,prefetch-gcc13-scalar,basic,cycles,548774136,250053606,250053606
1,prefetch-gcc13-scalar-r3-prefetch_chain-scalar-warm-basic-196608,prefetch-gcc13-scalar,basic,instructions,333846189,250051513,250051513
1,prefetch-gcc13-scalar-r3-prefetch_chain-scalar-warm-basic-196608,prefetch-gcc13-scalar,basic,ref_cycles,548776558,250048010,250048010
1,prefetch-gcc13-scalar-r3-prefetch_chain-scalar-warm-basic-134217728,prefetch-gcc13-scalar,basic,cycles,940892935,428706002,428706002
1,prefetch-gcc13-scalar-r3-prefetch_chain-scalar-warm-basic-134217728,prefetch-gcc13-scalar,basic,instructions,46138299,428704580,428704580
1,prefetch-gcc13-scalar-r3-prefetch_chain-scalar-warm-basic-134217728,prefetch-gcc13-scalar,basic,ref_cycles,940896880,428700949,428700949
1,prefetch-gcc13-scalar-r3-prefetch_chain-scalar-warm-branch-294912,prefetch-gcc13-scalar,branch,cycles,548879020,250099593,250099593
1,prefetch-gcc13-scalar-r3-prefetch_chain-scalar-warm-branch-294912,prefetch-gcc13-scalar,branch,branches,16648452,250095988,250095988
1,prefetch-gcc13-scalar-r3-prefetch_chain-scalar-warm-branch-294912,prefetch-gcc13-scalar,branch,branch_misses,3621,250092044,250092044
1,prefetch-gcc13-scalar-r3-prefetch_chain-scalar-warm-branch-8388608,prefetch-gcc13-scalar,branch,cycles,557705090,254125998,254125998
1,prefetch-gcc13-scalar-r3-prefetch_chain-scalar-warm-branch-8388608,prefetch-gcc13-scalar,branch,branches,4850980,254125425,254125425
1,prefetch-gcc13-scalar-r3-prefetch_chain-scalar-warm-branch-8388608,prefetch-gcc13-scalar,branch,branch_misses,75,254121471,254121471
1,prefetch-gcc13-scalar-r3-prefetch_chain-scalar-cache_evicted-branch-6291456,prefetch-gcc13-scalar,branch,cycles,549976812,250604851,250604851
1,prefetch-gcc13-scalar-r3-prefetch_chain-scalar-cache_evicted-branch-6291456,prefetch-gcc13-scalar,branch,branches,6195300,250605190,250605190
1,prefetch-gcc13-scalar-r3-prefetch_chain-scalar-cache_evicted-branch-6291456,prefetch-gcc13-scalar,branch,branch_misses,109,250601402,250601402
1,prefetch-gcc13-scalar-r3-prefetch_chain-scalar-cache_evicted-branch-262144,prefetch-gcc13-scalar,branch,cycles,548817960,250077075,250077075
1,prefetch-gcc13-scalar-r3-prefetch_chain-scalar-cache_evicted-branch-262144,prefetch-gcc13-scalar,branch,branches,20673156,250074537,250074537
1,prefetch-gcc13-scalar-r3-prefetch_chain-scalar-cache_evicted-branch-262144,prefetch-gcc13-scalar,branch,branch_misses,5051,250070919,250070919
1,prefetch-gcc13-scalar-r3-prefetch_chain-scalar-warm-branch-24576,prefetch-gcc13-scalar,branch,cycles,548733232,250034351,250034351
1,prefetch-gcc13-scalar-r3-prefetch_chain-scalar-warm-branch-24576,prefetch-gcc13-scalar,branch,branches,81768989,250032759,250032759
1,prefetch-gcc13-scalar-r3-prefetch_chain-scalar-warm-branch-24576,prefetch-gcc13-scalar,branch,branch_misses,196660,250029720,250029720
1,prefetch-gcc13-scalar-r3-prefetch_chain-scalar-warm-basic-393216,prefetch-gcc13-scalar,basic,cycles,548938573,250128452,250128452
1,prefetch-gcc13-scalar-r3-prefetch_chain-scalar-warm-basic-393216,prefetch-gcc13-scalar,basic,instructions,148366607,250126668,250126668
1,prefetch-gcc13-scalar-r3-prefetch_chain-scalar-warm-basic-393216,prefetch-gcc13-scalar,basic,ref_cycles,548940986,250123640,250123640
1,prefetch-gcc13-scalar-r3-prefetch_chain-scalar-warm-branch-196608,prefetch-gcc13-scalar,branch,cycles,548736877,250037254,250037254
1,prefetch-gcc13-scalar-r3-prefetch_chain-scalar-warm-branch-196608,prefetch-gcc13-scalar,branch,branches,25549165,250035291,250035291
1,prefetch-gcc13-scalar-r3-prefetch_chain-scalar-warm-branch-196608,prefetch-gcc13-scalar,branch,branch_misses,8282,250031798,250031798
1,prefetch-gcc13-scalar-r3-prefetch_chain-scalar-warm-branch-1048576,prefetch-gcc13-scalar,branch,cycles,548889203,250107215,250107215
1,prefetch-gcc13-scalar-r3-prefetch_chain-scalar-warm-branch-1048576,prefetch-gcc13-scalar,branch,branches,11113770,250105685,250105685
1,prefetch-gcc13-scalar-r3-prefetch_chain-scalar-warm-branch-1048576,prefetch-gcc13-scalar,branch,branch_misses,723,250102292,250102292
1,prefetch-gcc13-scalar-r3-prefetch_chain-scalar-warm-basic-131072,prefetch-gcc13-scalar,basic,cycles,548748980,250042023,250042023
1,prefetch-gcc13-scalar-r3-prefetch_chain-scalar-warm-basic-131072,prefetch-gcc13-scalar,basic,instructions,335260480,250040532,250040532
1,prefetch-gcc13-scalar-r3-prefetch_chain-scalar-warm-basic-131072,prefetch-gcc13-scalar,basic,ref_cycles,548751456,250037349,250037349
1,prefetch-gcc13-scalar-r3-prefetch_chain-scalar-warm-branch-32768,prefetch-gcc13-scalar,branch,cycles,548735974,250036689,250036689
1,prefetch-gcc13-scalar-r3-prefetch_chain-scalar-warm-branch-32768,prefetch-gcc13-scalar,branch,branches,59626409,250036186,250036186
1,prefetch-gcc13-scalar-r3-prefetch_chain-scalar-warm-branch-32768,prefetch-gcc13-scalar,branch,branch_misses,109702,250033012,250033012
1,prefetch-gcc13-scalar-r3-prefetch_chain-scalar-warm-basic-7340032,prefetch-gcc13-scalar,basic,cycles,567333834,258513262,258513262
1,prefetch-gcc13-scalar-r3-prefetch_chain-scalar-warm-basic-7340032,prefetch-gcc13-scalar,basic,instructions,32805635,258511839,258511839
1,prefetch-gcc13-scalar-r3-prefetch_chain-scalar-warm-basic-7340032,prefetch-gcc13-scalar,basic,ref_cycles,567337320,258508733,258508733
1,prefetch-gcc13-scalar-r3-prefetch_chain-scalar-warm-branch-524288,prefetch-gcc13-scalar,branch,cycles,548846040,250088430,250088430
1,prefetch-gcc13-scalar-r3-prefetch_chain-scalar-warm-branch-524288,prefetch-gcc13-scalar,branch,branches,12558180,250087047,250087047
1,prefetch-gcc13-scalar-r3-prefetch_chain-scalar-warm-branch-524288,prefetch-gcc13-scalar,branch,branch_misses,1577,250083157,250083157
1,prefetch-gcc13-scalar-r3-prefetch_chain-scalar-cache_evicted-basic-262144,prefetch-gcc13-scalar,basic,cycles,548817383,250077686,250077686
1,prefetch-gcc13-scalar-r3-prefetch_chain-scalar-cache_evicted-basic-262144,prefetch-gcc13-scalar,basic,instructions,275248804,250075245,250075245
1,prefetch-gcc13-scalar-r3-prefetch_chain-scalar-cache_evicted-basic-262144,prefetch-gcc13-scalar,basic,ref_cycles,548820426,250071590,250071590
1,prefetch-gcc13-scalar-r3-prefetch_chain-scalar-warm-basic-24576,prefetch-gcc13-scalar,basic,cycles,548732013,250034474,250034474
1,prefetch-gcc13-scalar-r3-prefetch_chain-scalar-warm-basic-24576,prefetch-gcc13-scalar,basic,instructions,857856982,250033120,250033120
1,prefetch-gcc13-scalar-r3-prefetch_chain-scalar-warm-basic-24576,prefetch-gcc13-scalar,basic,ref_cycles,548734472,250029863,250029863
1,prefetch-gcc13-scalar-r3-prefetch_chain-scalar-warm-basic-229376,prefetch-gcc13-scalar,basic,cycles,548807328,250068185,250068185
1,prefetch-gcc13-scalar-r3-prefetch_chain-scalar-warm-basic-229376,prefetch-gcc13-scalar,basic,instructions,233959827,250067102,250067102
1,prefetch-gcc13-scalar-r3-prefetch_chain-scalar-warm-basic-229376,prefetch-gcc13-scalar,basic,ref_cycles,548809624,250063852,250063852
1,prefetch-gcc13-scalar-r3-prefetch_chain-scalar-warm-branch-2097152,prefetch-gcc13-scalar,branch,cycles,549507878,250392323,250392323
1,prefetch-gcc13-scalar-r3-prefetch_chain-scalar-warm-branch-2097152,prefetch-gcc13-scalar,branch,branches,3083332,250390478,250390478
1,prefetch-gcc13-scalar-r3-prefetch_chain-scalar-warm-branch-2097152,prefetch-gcc13-scalar,branch,branch_misses,122,250386671,250386671
1,prefetch-gcc13-scalar-r3-prefetch_chain-scalar-cache_evicted-basic-32768,prefetch-gcc13-scalar,basic,cycles,548732220,250040357,250040357
1,prefetch-gcc13-scalar-r3-prefetch_chain-scalar-cache_evicted-basic-32768,prefetch-gcc13-scalar,basic,instructions,610210624,250039362,250039362
1,prefetch-gcc13-scalar-r3-prefetch_chain-scalar-cache_evicted-basic-32768,prefetch-gcc13-scalar,basic,ref_cycles,548734780,250035139,250035139
1,prefetch-gcc13-scalar-r3-prefetch_chain-scalar-warm-basic-98304,prefetch-gcc13-scalar,basic,cycles,548751843,250044200,250044200
1,prefetch-gcc13-scalar-r3-prefetch_chain-scalar-warm-basic-98304,prefetch-gcc13-scalar,basic,instructions,336677109,250042609,250042609
1,prefetch-gcc13-scalar-r3-prefetch_chain-scalar-warm-basic-98304,prefetch-gcc13-scalar,basic,ref_cycles,548754668,250039220,250039220
1,prefetch-gcc13-scalar-r3-prefetch_chain-scalar-warm-branch-12582912,prefetch-gcc13-scalar,branch,cycles,585851359,266951995,266951995
1,prefetch-gcc13-scalar-r3-prefetch_chain-scalar-warm-branch-12582912,prefetch-gcc13-scalar,branch,branches,2949732,266951475,266951475
1,prefetch-gcc13-scalar-r3-prefetch_chain-scalar-warm-branch-12582912,prefetch-gcc13-scalar,branch,branch_misses,52,266947746,266947746
1,prefetch-gcc13-scalar-r3-prefetch_chain-scalar-warm-branch-65536,prefetch-gcc13-scalar,branch,cycles,548733553,250036735,250036735
1,prefetch-gcc13-scalar-r3-prefetch_chain-scalar-warm-branch-65536,prefetch-gcc13-scalar,branch,branches,31161745,250035207,250035207
1,prefetch-gcc13-scalar-r3-prefetch_chain-scalar-warm-branch-65536,prefetch-gcc13-scalar,branch,branch_misses,29572,250031836,250031836
1,prefetch-gcc13-scalar-r3-prefetch_chain-scalar-warm-basic-1048576,prefetch-gcc13-scalar,basic,cycles,549290036,250288991,250288991
1,prefetch-gcc13-scalar-r3-prefetch_chain-scalar-warm-basic-1048576,prefetch-gcc13-scalar,basic,instructions,129879269,250287602,250287602
1,prefetch-gcc13-scalar-r3-prefetch_chain-scalar-warm-basic-1048576,prefetch-gcc13-scalar,basic,ref_cycles,549292986,250284179,250284179
1,prefetch-gcc13-scalar-r3-prefetch_chain-scalar-cache_evicted-branch-33554432,prefetch-gcc13-scalar,branch,cycles,642336760,292686726,292686726
1,prefetch-gcc13-scalar-r3-prefetch_chain-scalar-cache_evicted-branch-33554432,prefetch-gcc13-scalar,branch,branches,3146052,292685690,292685690
1,prefetch-gcc13-scalar-r3-prefetch_chain-scalar-cache_evicted-branch-33554432,prefetch-gcc13-scalar,branch,branch_misses,36,292681518,292681518
1,prefetch-gcc13-scalar-r3-prefetch_chain-scalar-warm-basic-6291456,prefetch-gcc13-scalar,basic,cycles,564718552,257321480,257321480
1,prefetch-gcc13-scalar-r3-prefetch_chain-scalar-warm-basic-6291456,prefetch-gcc13-scalar,basic,instructions,32445839,257320415,257320415
1,prefetch-gcc13-scalar-r3-prefetch_chain-scalar-warm-basic-6291456,prefetch-gcc13-scalar,basic,ref_cycles,564722048,257316709,257316709
1,prefetch-gcc13-scalar-r3-prefetch_chain-scalar-warm-basic-49152,prefetch-gcc13-scalar,basic,cycles,548736034,250036830,250036830
1,prefetch-gcc13-scalar-r3-prefetch_chain-scalar-warm-basic-49152,prefetch-gcc13-scalar,basic,instructions,336191451,250035090,250035090
1,prefetch-gcc13-scalar-r3-prefetch_chain-scalar-warm-basic-49152,prefetch-gcc13-scalar,basic,ref_cycles,548738498,250031673,250031673
1,prefetch-gcc13-scalar-r3-prefetch_chain-scalar-warm-basic-5242880,prefetch-gcc13-scalar,basic,cycles,554672540,252745249,252745249
1,prefetch-gcc13-scalar-r3-prefetch_chain-scalar-warm-basic-5242880,prefetch-gcc13-scalar,basic,instructions,32446817,252745264,252745264
1,prefetch-gcc13-scalar-r3-prefetch_chain-scalar-warm-basic-5242880,prefetch-gcc13-scalar,basic,ref_cycles,554676914,252741255,252741255
1,prefetch-gcc13-scalar-r3-prefetch_chain-scalar-warm-branch-229376,prefetch-gcc13-scalar,branch,cycles,548748151,250043054,250043054
1,prefetch-gcc13-scalar-r3-prefetch_chain-scalar-warm-branch-229376,prefetch-gcc13-scalar,branch,branches,27225009,250041813,250041813
1,prefetch-gcc13-scalar-r3-prefetch_chain-scalar-warm-branch-229376,prefetch-gcc13-scalar,branch,branch_misses,7580,250037955,250037955
1,prefetch-gcc13-scalar-r3-prefetch_chain-scalar-warm-branch-33554432,prefetch-gcc13-scalar,branch,cycles,646827447,294732167,294732167
1,prefetch-gcc13-scalar-r3-prefetch_chain-scalar-warm-branch-33554432,prefetch-gcc13-scalar,branch,branches,3146052,294730031,294730031
1,prefetch-gcc13-scalar-r3-prefetch_chain-scalar-warm-branch-33554432,prefetch-gcc13-scalar,branch,branch_misses,36,294726282,294726282
1,prefetch-gcc13-scalar-r3-prefetch_chain-scalar-warm-basic-4194304,prefetch-gcc13-scalar,basic,cycles,548896732,250113927,250113927
1,prefetch-gcc13-scalar-r3-prefetch_chain-scalar-warm-basic-4194304,prefetch-gcc13-scalar,basic,instructions,62732762,250112182,250112182
1,prefetch-gcc13-scalar-r3-prefetch_chain-scalar-warm-basic-4194304,prefetch-gcc13-scalar,basic,ref_cycles,548900044,250108551,250108551
1,prefetch-gcc13-scalar-r3-prefetch_chain-scalar-warm-basic-8388608,prefetch-gcc13-scalar,basic,cycles,562549423,256332746,256332746
1,prefetch-gcc13-scalar-r3-prefetch_chain-scalar-warm-basic-8388608,prefetch-gcc13-scalar,basic,instructions,46143189,256333026,256333026
1,prefetch-gcc13-scalar-r3-prefetch_chain-scalar-warm-basic-8388608,prefetch-gcc13-scalar,basic,ref_cycles,562553398,256329528,256329528
1,prefetch-gcc13-scalar-r3-prefetch_chain-scalar-cache_evicted-basic-1048576,prefetch-gcc13-scalar,basic,cycles,549310340,250298490,250298490
1,prefetch-gcc13-scalar-r3-prefetch_chain-scalar-cache_evicted-basic-1048576,prefetch-gcc13-scalar,basic,instructions,131863572,250296947,250296947
1,prefetch-gcc13-scalar-r3-prefetch_chain-scalar-cache_evicted-basic-1048576,prefetch-gcc13-scalar,basic,ref_cycles,549312984,250293346,250293346
1,prefetch-gcc13-scalar-r3-prefetch_chain-scalar-warm-branch-49152,prefetch-gcc13-scalar,branch,cycles,548742925,250038628,250038628
1,prefetch-gcc13-scalar-r3-prefetch_chain-scalar-warm-branch-49152,prefetch-gcc13-scalar,branch,branches,31519354,250036437,250036437
1,prefetch-gcc13-scalar-r3-prefetch_chain-scalar-warm-branch-49152,prefetch-gcc13-scalar,branch,branch_misses,39453,250032995,250032995
1,prefetch-gcc13-scalar-r3-prefetch_chain-scalar-warm-branch-28672,prefetch-gcc13-scalar,branch,cycles,548732993,250034983,250034983
1,prefetch-gcc13-scalar-r3-prefetch_chain-scalar-warm-branch-28672,prefetch-gcc13-scalar,branch,branches,77290867,250033469,250033469
1,prefetch-gcc13-scalar-r3-prefetch_chain-scalar-warm-branch-28672,prefetch-gcc13-scalar,branch,branch_misses,161133,250030039,250030039
1,prefetch-gcc13-scalar-r3-prefetch_chain-scalar-warm-basic-36864,prefetch-gcc13-scalar,basic,cycles,548739715,250036886,250036886
1,prefetch-gcc13-scalar-r3-prefetch_chain-scalar-warm-basic-36864,prefetch-gcc13-scalar,basic,instructions,341692233,250035085,250035085
1,prefetch-gcc13-scalar-r3-prefetch_chain-scalar-warm-basic-36864,prefetch-gcc13-scalar,basic,ref_cycles,548742040,250031967,250031967
1,prefetch-gcc13-scalar-r4-prefetch_chain-scalar-warm-branch-196608,prefetch-gcc13-scalar,branch,cycles,548755703,250046361,250046361
1,prefetch-gcc13-scalar-r4-prefetch_chain-scalar-warm-branch-196608,prefetch-gcc13-scalar,branch,branches,26452423,250044679,250044679
1,prefetch-gcc13-scalar-r4-prefetch_chain-scalar-warm-branch-196608,prefetch-gcc13-scalar,branch,branch_misses,8575,250040987,250040987
1,prefetch-gcc13-scalar-r4-prefetch_chain-scalar-warm-basic-24576,prefetch-gcc13-scalar,basic,cycles,548732973,250033281,250033281
1,prefetch-gcc13-scalar-r4-prefetch_chain-scalar-warm-basic-24576,prefetch-gcc13-scalar,basic,instructions,862695821,250032252,250032252
1,prefetch-gcc13-scalar-r4-prefetch_chain-scalar-warm-basic-24576,prefetch-gcc13-scalar,basic,ref_cycles,548735308,250029141,250029141
1,prefetch-gcc13-scalar-r4-prefetch_chain-scalar-warm-branch-8388608,prefetch-gcc13-scalar,branch,cycles,567417496,258553057,258553057
1,prefetch-gcc13-scalar-r4-prefetch_chain-scalar-warm-branch-8388608,prefetch-gcc13-scalar,branch,branches,3277732,258551266,258551266
1,prefetch-gcc13-scalar-r4-prefetch_chain-scalar-warm-branch-8388608,prefetch-gcc13-scalar,branch,branch_misses,61,258547776,258547776
1,prefetch-gcc13-scalar-r4-prefetch_chain-scalar-cache_evicted-basic-6291456,prefetch-gcc13-scalar,basic,cycles,550928656,251036957,251036957
1,prefetch-gcc13-scalar-r4-prefetch_chain-scalar-cache_evicted-basic-6291456,prefetch-gcc13-scalar,basic,instructions,56238993,251036406,251036406
1,prefetch-gcc13-scalar-r4-prefetch_chain-scalar-cache_evicted-basic-6291456,prefetch-gcc13-scalar,basic,ref_cycles,550932206,251033354,251033354
1,prefetch-gcc13-scalar-r4-prefetch_chain-scalar-warm-basic-28672,prefetch-gcc13-scalar,basic,cycles,548733839,250033709,250033709
1,prefetch-gcc13-scalar-r4-prefetch_chain-scalar-warm-basic-28672,prefetch-gcc13-scalar,basic,instructions,802525919,250031777,250031777
1,prefetch-gcc13-scalar-r4-prefetch_chain-scalar-warm-basic-28672,prefetch-gcc13-scalar,basic,ref_cycles,548735594,250028548,250028548
1,prefetch-gcc13-scalar-r4-prefetch_chain-scalar-warm-basic-16384,prefetch-gcc13-scalar,basic,cycles,548731338,250032641,250032641
1,prefetch-gcc13-scalar-r4-prefetch_chain-scalar-warm-basic-16384,prefetch-gcc13-scalar,basic,instructions,867072007,250030314,250030314
1,prefetch-gcc13-scalar-r4-prefetch_chain-scalar-warm-basic-16384,prefetch-gcc13-scalar,basic,ref_cycles,548733350,250027191,250027191
1,prefetch-gcc13-scalar-r4-prefetch_chain-scalar-cache_evicted-basic-33554432,prefetch-gcc13-scalar,basic,cycles,632792552,288336073,288336073
1,prefetch-gcc13-scalar-r4-prefetch_chain-scalar-cache_evicted-basic-33554432,prefetch-gcc13-scalar,basic,instructions,34604615,288334639,288334639
1,prefetch-gcc13-scalar-r4-prefetch_chain-scalar-cache_evicted-basic-33554432,prefetch-gcc13-scalar,basic,ref_cycles,632796318,288331347,288331347
1,prefetch-gcc13-scalar-r4-prefetch_chain-scalar-cache_evicted-basic-1048576,prefetch-gcc13-scalar,basic,cycles,548765159,250052210,250052210
1,prefetch-gcc13-scalar-r4-prefetch_chain-scalar-cache_evicted-basic-1048576,prefetch-gcc13-scalar,basic,instructions,128616560,250049903,250049903
1,prefetch-gcc13-scalar-r4-prefetch_chain-scalar-cache_evicted-basic-1048576,prefetch-gcc13-scalar,basic,ref_cycles,548767362,250046567,250046567
1,prefetch-gcc13-scalar-r4-prefetch_chain-scalar-warm-basic-1048576,prefetch-gcc13-scalar,basic,cycles,549170003,250233174,250233174
1,prefetch-gcc13-scalar-r4-prefetch_chain-scalar-warm-basic-1048576,prefetch-gcc13-scalar,basic,instructions,132043913,250231200,250231200
1,prefetch-gcc13-scalar-r4-prefetch_chain-scalar-warm-basic-1048576,prefetch-gcc13-scalar,basic,ref_cycles,549172932,250228310,250228310
1,prefetch-gcc13-scalar-r4-prefetch_chain-scalar-warm-basic-196608,prefetch-gcc13-scalar,basic,cycles,548765687,250049380,250049380
1,prefetch-gcc13-scalar-r4-prefetch_chain-scalar-warm-basic-196608,prefetch-gcc13-scalar,basic,instructions,288550254,250047224,250047224
1,prefetch-gcc13-scalar-r4-prefetch_chain-scalar-warm-basic-196608,prefetch-gcc13-scalar,basic,ref_cycles,548768044,250044459,250044459
1,prefetch-gcc13-scalar-r4-prefetch_chain-scalar-warm-basic-5242880,prefetch-gcc13-scalar,basic,cycles,552459314,251738609,251738609
1,prefetch-gcc13-scalar-r4-prefetch_chain-scalar-warm-basic-5242880,prefetch-gcc13-scalar,basic,instructions,67596854,251736626,251736626
1,prefetch-gcc13-scalar-r4-prefetch_chain-scalar-warm-basic-5242880,prefetch-gcc13-scalar,basic,ref_cycles,552462834,251732822,251732822
1,prefetch-gcc13-scalar-r4-prefetch_chain-scalar-cache_evicted-branch-262144,prefetch-gcc13-scalar,branch,cycles,548802701,250067641,250067641
1,prefetch-gcc13-scalar-r4-prefetch_chain-scalar-cache_evicted-branch-262144,prefetch-gcc13-scalar,branch,branches,22291332,250066600,250066600
1,prefetch-gcc13-scalar-r4-prefetch_chain-scalar-cache_evicted-branch-262144,prefetch-gcc13-scalar,branch,branch_misses,5447,250063072,250063072
1,prefetch-gcc13-scalar-r4-prefetch_chain-scalar-warm-basic-98304,prefetch-gcc13-scalar,basic,cycles,548743717,250038382,250038382
1,prefetch-gcc13-scalar-r4-prefetch_chain-scalar-warm-basic-98304,prefetch-gcc13-scalar,basic,instructions,337257087,250036083,250036083
1,prefetch-gcc13-scalar-r4-prefetch_chain-scalar-warm-basic-98304,prefetch-gcc13-scalar,basic,ref_cycles,548745362,250032533,250032533
1,prefetch-gcc13-scalar-r4-prefetch_chain-scalar-warm-branch-4194304,prefetch-gcc13-scalar,branch,cycles,552528041,251766608,251766608
1,prefetch-gcc13-scalar-r4-prefetch_chain-scalar-warm-branch-4194304,prefetch-gcc13-scalar,branch,branches,8982948,251765961,251765961
1,prefetch-gcc13-scalar-r4-prefetch_chain-scalar-warm-branch-4194304,prefetch-gcc13-scalar,branch,branch_misses,184,251762415,251762415
1,prefetch-gcc13-scalar-r4-prefetch_chain-scalar-warm-basic-524288,prefetch-gcc13-scalar,basic,cycles,548745257,250040001,250040001
1,prefetch-gcc13-scalar-r4-prefetch_chain-scalar-warm-basic-524288,prefetch-gcc13-scalar,basic,instructions,143357373,250038500,250038500
1,prefetch-gcc13-scalar-r4-prefetch_chain-scalar-warm-basic-524288,prefetch-gcc13-scalar,basic,ref_cycles,548748222,250035577,250035577
1,prefetch-gcc13-scalar-r4-prefetch_chain-scalar-warm-basic-294912,prefetch-gcc13-scalar,basic,cycles,548735933,250035228,250035228
1,prefetch-gcc13-scalar-r4-prefetch_chain-scalar-warm-basic-294912,prefetch-gcc13-scalar,basic,instructions,172995738,250033330,250033330
1,prefetch-gcc13-scalar-r4-prefetch_chain-scalar-warm-basic-294912,prefetch-gcc13-scalar,basic,ref_cycles,548738014,250030275,250030275
1,prefetch-gcc13-scalar-r4-prefetch_chain-scalar-warm-branch-229376,prefetch-gcc13-scalar,branch,cycles,548779067,250055179,250055179
1,prefetch-gcc13-scalar-r4-prefetch_chain-scalar-warm-branch-229376,prefetch-gcc13-scalar,branch,branches,26729614,250052944,250052944
1,prefetch-gcc13-scalar-r4-prefetch_chain-scalar-warm-branch-229376,prefetch-gcc13-scalar,branch,branch_misses,7442,250049179,250049179
1,prefetch-gcc13-scalar-r4-prefetch_chain-scalar-warm-branch-65536,prefetch-gcc13-scalar,branch,cycles,548737220,250037653,250037653
1,prefetch-gcc13-scalar-r4-prefetch_chain-scalar-warm-branch-65536,prefetch-gcc13-scalar,branch,branches,31233571,250036419,250036419
1,prefetch-gcc13-scalar-r4-prefetch_chain-scalar-warm-branch-65536,prefetch-gcc13-scalar,branch,branch_misses,29643,250033142,250033142
1,prefetch-gcc13-scalar-r4-prefetch_chain-scalar-warm-basic-134217728,prefetch-gcc13-scalar,basic,cycles,941066910,428786179,428786179
1,prefetch-gcc13-scalar-r4-prefetch_chain-scalar-warm-basic-134217728,prefetch-gcc13-scalar,basic,instructions,46138299,428785400,428785400
1,prefetch-gcc13-scalar-r4-prefetch_chain-scalar-warm-basic-134217728,prefetch-gcc13-scalar,basic,ref_cycles,941071010,428782251,428782251
1,prefetch-gcc13-scalar-r4-prefetch_chain-scalar-warm-branch-24576,prefetch-gcc13-scalar,branch,cycles,548731374,250033982,250033982
1,prefetch-gcc13-scalar-r4-prefetch_chain-scalar-warm-branch-24576,prefetch-gcc13-scalar,branch,branches,81839075,250032192,250032192
1,prefetch-gcc13-scalar-r4-prefetch_chain-scalar-warm-branch-24576,prefetch-gcc13-scalar,branch,branch_misses,196805,250029131,250029131
1,prefetch-gcc13-scalar-r4-prefetch_chain-scalar-warm-basic-262144,prefetch-gcc13-scalar,basic,cycles,548812030,250069060,250069060
1,prefetch-gcc13-scalar-r4-prefetch_chain-scalar-warm-basic-262144,prefetch-gcc13-scalar,basic,instructions,256392373,250066520,250066520
1,prefetch-gcc13-scalar-r4-prefetch_chain-scalar-warm-basic-262144,prefetch-gcc13-scalar,basic,ref_cycles,548813870,250063123,250063123
1,prefetch-gcc13-scalar-r4-prefetch_chain-scalar-warm-basic-8192,prefetch-gcc13-scalar,basic,cycles,548731244,250031487,250031487
1,prefetch-gcc13-scalar-r4-prefetch_chain-scalar-warm-basic-8192,prefetch-gcc13-scalar,basic,instructions,882329638,250028987,250028987
1,prefetch-gcc13-scalar-r4-prefetch_chain-scalar-warm-basic-8192,prefetch-gcc13-scalar,basic,ref_cycles,548732888,250025708,250025708
1,prefetch-gcc13-scalar-r4-prefetch_chain-scalar-warm-branch-16384,prefetch-gcc13-scalar,branch,cycles,548733120,250034380,250034380
1,prefetch-gcc13-scalar-r4-prefetch_chain-scalar-warm-branch-16384,prefetch-gcc13-scalar,branch,branches,83732588,250033161,250033161
1,prefetch-gcc13-scalar-r4-prefetch_chain-scalar-warm-branch-16384,prefetch-gcc13-scalar,branch,branch_misses,290903,250029652,250029652
1,prefetch-gcc13-scalar-r4-prefetch_chain-scalar-cache_evicted-basic-32768,prefetch-gcc13-scalar,basic,cycles,548735834,250037534,250037534
1,prefetch-gcc13-scalar-r4-prefetch_chain-scalar-cache_evicted-basic-32768,prefetch-gcc13-scalar,basic,instructions,614427325,250035538,250035538
1,prefetch-gcc13-scalar-r4-prefetch_chain-scalar-cache_evicted-basic-32768,prefetch-gcc13-scalar,basic,ref_cycles,548738278,250032017,250032017
1,prefetch-gcc13-scalar-r4-prefetch_chain-scalar-warm-branch-49152,prefetch-gcc13-scalar,branch,cycles,548734359,250034141,250034141
1,prefetch-gcc13-scalar-r4-prefetch_chain-scalar-warm-branch-49152,prefetch-gcc13-scalar,branch,branches,31489741,250030956,250030956
1,prefetch-gcc13-scalar-r4-prefetch_chain-scalar-warm-branch-49152,prefetch-gcc13-scalar,branch,branch_misses,39412,250026959,250026959
1,prefetch-gcc13-scalar-r4-prefetch_chain-scalar-warm-branch-28672,prefetch-gcc13-scalar,branch,cycles,548732098,250032945,250032945
1,prefetch-gcc13-scalar-r4-prefetch_chain-scalar-warm-branch-28672,prefetch-gcc13-scalar,branch,branches,77467923,250030802,250030802
1,prefetch-gcc13-scalar-r4-prefetch_chain-scalar-warm-branch-28672,prefetch-gcc13-scalar,branch,branch_misses,161486,250027165,250027165
1,prefetch-gcc13-scalar-r4-prefetch_chain-scalar-warm-basic-229376,prefetch-gcc13-scalar,basic,cycles,548751719,250041211,250041211
1,prefetch-gcc13-scalar-r4-prefetch_chain-scalar-warm-basic-229376,prefetch-gcc13-scalar,basic,instructions,295913454,250038063,250038063
1,prefetch-gcc13-scalar-r4-prefetch_chain-scalar-warm-basic-229376,prefetch-gcc13-scalar,basic,ref_cycles,548753040,250034689,250034689
1,prefetch-gcc13-scalar-r4-prefetch_chain-scalar-warm-branch-1048576,prefetch-gcc13-scalar,branch,cycles,548821047,250074879,250074879
1,prefetch-gcc13-scalar-r4-prefetch_chain-scalar-warm-branch-1048576,prefetch-gcc13-scalar,branch,branches,11967396,250071958,250071958
1,prefetch-gcc13-scalar-r4-prefetch_chain-scalar-warm-branch-1048576,prefetch-gcc13-scalar,branch,branch_misses,770,250068330,250068330
1,prefetch-gcc13-scalar-r4-prefetch_chain-scalar-warm-basic-65536,prefetch-gcc13-scalar,basic,cycles,548746603,250039191,250039191
1,prefetch-gcc13-scalar-r4-prefetch_chain-scalar-warm-basic-65536,prefetch-gcc13-scalar,basic,instructions,338319866,250035737,250035737
1,prefetch-gcc13-scalar-r4-prefetch_chain-scalar-warm-basic-65536,prefetch-gcc13-scalar,basic,ref_cycles,548747364,250031863,250031863
1,prefetch-gcc13-scalar-r4-prefetch_chain-scalar-cache_evicted-branch-1048576,prefetch-gcc13-scalar,branch,cycles,548842293,250085953,250085953
1,prefetch-gcc13-scalar-r4-prefetch_chain-scalar-cache_evicted-branch-1048576,prefetch-gcc13-scalar,branch,branches,11950985,250084608,250084608
1,prefetch-gcc13-scalar-r4-prefetch_chain-scalar-cache_evicted-branch-1048576,prefetch-gcc13-scalar,branch,branch_misses,781,250080941,250080941
1,prefetch-gcc13-scalar-r4-prefetch_chain-scalar-warm-branch-12582912,prefetch-gcc13-scalar,branch,cycles,551718823,251400891,251400891
1,prefetch-gcc13-scalar-r4-prefetch_chain-scalar-warm-branch-12582912,prefetch-gcc13-scalar,branch,branches,3539652,251399628,251399628
1,prefetch-gcc13-scalar-r4-prefetch_chain-scalar-warm-branch-12582912,prefetch-gcc13-scalar,branch,branch_misses,49,251395564,251395564
1,prefetch-gcc13-scalar-r4-prefetch_chain-scalar-cache_evicted-basic-8388608,prefetch-gcc13-scalar,basic,cycles,559693372,255033508,255033508
1,prefetch-gcc13-scalar-r4-prefetch_chain-scalar-cache_evicted-basic-8388608,prefetch-gcc13-scalar,basic,instructions,34607549,255031800,255031800
1,prefetch-gcc13-scalar-r4-prefetch_chain-scalar-cache_evicted-basic-8388608,prefetch-gcc13-scalar,basic,ref_cycles,559697402,255028331,255028331
1,prefetch-gcc13-scalar-r4-prefetch_chain-scalar-warm-branch-5242880,prefetch-gcc13-scalar,branch,cycles,555084782,252933415,252933415
1,prefetch-gcc13-scalar-r4-prefetch_chain-scalar-warm-branch-5242880,prefetch-gcc13-scalar,branch,branches,5245060,252931878,252931878
1,prefetch-gcc13-scalar-r4-prefetch_chain-scalar-warm-branch-5242880,prefetch-gcc13-scalar,branch,branch_misses,110,252928345,252928345
1,prefetch-gcc13-scalar-r4-prefetch_chain-scalar-warm-branch-7340032,prefetch-gcc13-scalar,branch,cycles,555133735,252954351,252954351
1,prefetch-gcc13-scalar-r4-prefetch_chain-scalar-warm-branch-7340032,prefetch-gcc13-scalar,branch,branches,4818372,252954378,252954378
1,prefetch-gcc13-scalar-r4-prefetch_chain-scalar-warm-branch-7340032,prefetch-gcc13-scalar,branch,branch_misses,84,252950756,252950756
1,prefetch-gcc13-scalar-r4-prefetch_chain-scalar-warm-branch-294912,prefetch-gcc13-scalar,branch,cycles,548782631,250057479,250057479
1,prefetch-gcc13-scalar-r4-prefetch_chain-scalar-warm-branch-294912,prefetch-gcc13-scalar,branch,branches,17260932,250055974,250055974
1,prefetch-gcc13-scalar-r4-prefetch_chain-scalar-warm-branch-294912,prefetch-gcc13-scalar,branch,branch_misses,3767,250052789,250052789
1,prefetch-gcc13-scalar-r4-prefetch_chain-scalar-warm-basic-2097152,prefetch-gcc13-scalar,basic,cycles,549986963,250606353,250606353
1,prefetch-gcc13-scalar-r4-prefetch_chain-scalar-warm-basic-2097152,prefetch-gcc13-scalar,basic,instructions,128017534,250604027,250604027
1,prefetch-gcc13-scalar-r4-prefetch_chain-scalar-warm-basic-2097152,prefetch-gcc13-scalar,basic,ref_cycles,549989770,250600402,250600402
1,prefetch-gcc13-scalar-r4-prefetch_chain-scalar-warm-basic-36864,prefetch-gcc13-scalar,basic,cycles,548736279,250034531,250034531
1,prefetch-gcc13-scalar-r4-prefetch_chain-scalar-warm-basic-36864,prefetch-gcc13-scalar,basic,instructions,341179727,250031979,250031979
1,prefetch-gcc13-scalar-r4-prefetch_chain-scalar-warm-basic-36864,prefetch-gcc13-scalar,basic,ref_cycles,548738366,250028471,250028471
1,prefetch-gcc13-scalar-r4-prefetch_chain-scalar-warm-basic-7340032,prefetch-gcc13-scalar,basic,cycles,550352761,250776537,250776537
1,prefetch-gcc13-scalar-r4-prefetch_chain-scalar-warm-basic-7340032,prefetch-gcc13-scalar,basic,instructions,44161214,250776059,250776059
1,prefetch-gcc13-scalar-r4-prefetch_chain-scalar-warm-basic-7340032,prefetch-gcc13-scalar,basic,ref_cycles,550356466,250772675,250772675
1,prefetch-gcc13-scalar-r4-prefetch_chain-scalar-cache_evicted-branch-6291456,prefetch-gcc13-scalar,branch,cycles,550603504,250890636,250890636
1,prefetch-gcc13-scalar-r4-prefetch_chain-scalar-cache_evicted-branch-6291456,prefetch-gcc13-scalar,branch,branches,5408612,250889658,250889658
1,prefetch-gcc13-scalar-r4-prefetch_chain-scalar-cache_evicted-branch-6291456,prefetch-gcc13-scalar,branch,branch_misses,103,250886006,250886006
1,prefetch-gcc13-scalar-r4-prefetch_chain-scalar-warm-branch-393216,prefetch-gcc13-scalar,branch,cycles,548874424,250099645,250099645
1,prefetch-gcc13-scalar-r4-prefetch_chain-scalar-warm-branch-393216,prefetch-gcc13-scalar,branch,branches,13544100,250097947,250097947
1,prefetch-gcc13-scalar-r4-prefetch_chain-scalar-warm-branch-393216,prefetch-gcc13-scalar,branch,branch_misses,2237,250094955,250094955
1,prefetch-gcc13-scalar-r4-prefetch_chain-scalar-warm-basic-131072,prefetch-gcc13-scalar,basic,cycles,548753006,250043382,250043382
1,prefetch-gcc13-scalar-r4-prefetch_chain-scalar-warm-basic-131072,prefetch-gcc13-scalar,basic,instructions,336621966,250041272,250041272
1,prefetch-gcc13-scalar-r4-prefetch_chain-scalar-warm-basic-131072,prefetch-gcc13-scalar,basic,ref_cycles,548755196,250037926,250037926
1,prefetch-gcc13-scalar-r4-prefetch_chain-scalar-warm-basic-393216,prefetch-gcc13-scalar,basic,cycles,548856277,250088737,250088737
1,prefetch-gcc13-scalar-r4-prefetch_chain-scalar-warm-basic-393216,prefetch-gcc13-scalar,basic,instructions,143150040,250085475,250085475
1,prefetch-gcc13-scalar-r4-prefetch_chain-scalar-warm-basic-393216,prefetch-gcc13-scalar,basic,ref_cycles,548857628,250082063,250082063
1,prefetch-gcc13-scalar-r4-prefetch_chain-scalar-warm-branch-262144,prefetch-gcc13-scalar,branch,cycles,548790544,250060214,250060214
1,prefetch-gcc13-scalar-r4-prefetch_chain-scalar-warm-branch-262144,prefetch-gcc13-scalar,branch,branches,16825860,250058519,250058519
1,prefetch-gcc13-scalar-r4-prefetch_chain-scalar-warm-branch-262144,prefetch-gcc13-scalar,branch,branch_misses,4120,250054815,250054815
1,prefetch-gcc13-scalar-r4-prefetch_chain-scalar-warm-basic-6291456,prefetch-gcc13-scalar,basic,cycles,552473064,251741189,251741189
1,prefetch-gcc13-scalar-r4-prefetch_chain-scalar-warm-basic-6291456,prefetch-gcc13-scalar,basic,instructions,56238993,251741314,251741314
1,prefetch-gcc13-scalar-r4-prefetch_chain-scalar-warm-basic-6291456,prefetch-gcc13-scalar,basic,ref_cycles,552477024,251737803,251737803
1,prefetch-gcc13-scalar-r4-prefetch_chain-scalar-warm-branch-6291456,prefetch-gcc13-scalar,branch,cycles,554531731,252680433,252680433
1,prefetch-gcc13-scalar-r4-prefetch_chain-scalar-warm-branch-6291456,prefetch-gcc13-scalar,branch,branches,5310277,252679917,252679917
1,prefetch-gcc13-scalar-r4-prefetch_chain-scalar-warm-branch-6291456,prefetch-gcc13-scalar,branch,branch_misses,103,252676328,252676328
1,prefetch-gcc13-scalar-r4-prefetch_chain-scalar-cache_evicted-branch-33554432,prefetch-gcc13-scalar,branch,cycles,629574783,286872253,286872253
1,prefetch-gcc13-scalar-r4-prefetch_chain-scalar-cache_evicted-branch-33554432,prefetch-gcc13-scalar,branch,branches,3146052,286870932,286870932
1,prefetch-gcc13-scalar-r4-prefetch_chain-scalar-cache_evicted-branch-33554432,prefetch-gcc13-scalar,branch,branch_misses,33,286867127,286867127
1,prefetch-gcc13-scalar-r4-prefetch_chain-scalar-warm-branch-98304,prefetch-gcc13-scalar,branch,cycles,548741241,250038412,250038412
1,prefetch-gcc13-scalar-r4-prefetch_chain-scalar-warm-branch-98304,prefetch-gcc13-scalar,branch,branches,30966576,250036480,250036480
1,prefetch-gcc13-scalar-r4-prefetch_chain-scalar-warm-branch-98304,prefetch-gcc13-scalar,branch,branch_misses,19799,250033751,250033751
1,prefetch-gcc13-scalar-r4-prefetch_chain-scalar-warm-branch-8192,prefetch-gcc13-scalar,branch,cycles,548731999,250033877,250033877
1,prefetch-gcc13-scalar-r4-prefetch_chain-scalar-warm-branch-8192,prefetch-gcc13-scalar,branch,branches,88117030,250032199,250032199
1,prefetch-gcc13-scalar-r4-prefetch_chain-scalar-warm-branch-8192,prefetch-gcc13-scalar,branch,branch_misses,551086,250028769,250028769
1,prefetch-gcc13-scalar-r4-prefetch_chain-scalar-warm-basic-32768,prefetch-gcc13-scalar,basic,cycles,548734432,250034111,250034111
1,prefetch-gcc13-scalar-r4-prefetch_chain-scalar-warm-basic-32768,prefetch-gcc13-scalar,basic,instructions,648189000,250032206,250032206
1,prefetch-gcc13-scalar-r4-prefetch_chain-scalar-warm-basic-32768,prefetch-gcc13-scalar,basic,ref_cycles,548736760,250029239,250029239
1,prefetch-gcc13-scalar-r4-prefetch_chain-scalar-warm-branch-2097152,prefetch-gcc13-scalar,branch,cycles,548848098,250088260,250088260
1,prefetch-gcc13-scalar-r4-prefetch_chain-scalar-warm-branch-2097152,prefetch-gcc13-scalar,branch,branches,11676932,250086027,250086027
1,prefetch-gcc13-scalar-r4-prefetch_chain-scalar-warm-branch-2097152,prefetch-gcc13-scalar,branch,branch_misses,397,250082021,250082021
1,prefetch-gcc13-scalar-r4-prefetch_chain-scalar-cache_evicted-branch-32768,prefetch-gcc13-scalar,branch,cycles,548732959,250034610,250034610
1,prefetch-gcc13-scalar-r4-prefetch_chain-scalar-cache_evicted-branch-32768,prefetch-gcc13-scalar,branch,branches,61876212,250032590,250032590
1,prefetch-gcc13-scalar-r4-prefetch_chain-scalar-cache_evicted-branch-32768,prefetch-gcc13-scalar,branch,branch_misses,113829,250028957,250028957
1,prefetch-gcc13-scalar-r4-prefetch_chain-scalar-warm-branch-536870912,prefetch-gcc13-scalar,branch,cycles,1979627110,901954027,901954027
1,prefetch-gcc13-scalar-r4-prefetch_chain-scalar-warm-branch-536870912,prefetch-gcc13-scalar,branch,branches,8388772,901952347,901952347
1,prefetch-gcc13-scalar-r4-prefetch_chain-scalar-warm-branch-536870912,prefetch-gcc13-scalar,branch,branch_misses,25,901948181,901948181
1,prefetch-gcc13-scalar-r4-prefetch_chain-scalar-warm-basic-49152,prefetch-gcc13-scalar,basic,cycles,548736984,250034868,250034868
1,prefetch-gcc13-scalar-r4-prefetch_chain-scalar-warm-basic-49152,prefetch-gcc13-scalar,basic,instructions,339076011,250032442,250032442
1,prefetch-gcc13-scalar-r4-prefetch_chain-scalar-warm-basic-49152,prefetch-gcc13-scalar,basic,ref_cycles,548738784,250028681,250028681
1,prefetch-gcc13-scalar-r4-prefetch_chain-scalar-cache_evicted-branch-536870912,prefetch-gcc13-scalar,branch,cycles,1973666800,899237177,899237177
1,prefetch-gcc13-scalar-r4-prefetch_chain-scalar-cache_evicted-branch-536870912,prefetch-gcc13-scalar,branch,branches,8388772,899236264,899236264
1,prefetch-gcc13-scalar-r4-prefetch_chain-scalar-cache_evicted-branch-536870912,prefetch-gcc13-scalar,branch,branch_misses,27,899232457,899232457
1,prefetch-gcc13-scalar-r4-prefetch_chain-scalar-cache_evicted-basic-262144,prefetch-gcc13-scalar,basic,cycles,548799257,250064018,250064018
1,prefetch-gcc13-scalar-r4-prefetch_chain-scalar-cache_evicted-basic-262144,prefetch-gcc13-scalar,basic,instructions,235546400,250061547,250061547
1,prefetch-gcc13-scalar-r4-prefetch_chain-scalar-cache_evicted-basic-262144,prefetch-gcc13-scalar,basic,ref_cycles,548800934,250058292,250058292
1,prefetch-gcc13-scalar-r4-prefetch_chain-scalar-warm-branch-32768,prefetch-gcc13-scalar,branch,cycles,548719952,250036477,250036477
1,prefetch-gcc13-scalar-r4-prefetch_chain-scalar-warm-branch-32768,prefetch-gcc13-scalar,branch,branches,61181719,250036606,250036606
1,prefetch-gcc13-scalar-r4-prefetch_chain-scalar-warm-branch-32768,prefetch-gcc13-scalar,branch,branch_misses,112550,250033116,250033116
1,prefetch-gcc13-scalar-r4-prefetch_chain-scalar-warm-branch-36864,prefetch-gcc13-scalar,branch,cycles,548734228,250035138,250035138
1,prefetch-gcc13-scalar-r4-prefetch_chain-scalar-warm-branch-36864,prefetch-gcc13-scalar,branch,branches,31892977,250033023,250033023
1,prefetch-gcc13-scalar-r4-prefetch_chain-scalar-warm-branch-36864,prefetch-gcc13-scalar,branch,branch_misses,52523,250029434,250029434
1,prefetch-gcc13-scalar-r4-prefetch_chain-scalar-warm-branch-524288,prefetch-gcc13-scalar,branch,cycles,549035935,250172874,250172874
1,prefetch-gcc13-scalar-r4-prefetch_chain-scalar-warm-branch-524288,prefetch-gcc13-scalar,branch,branches,12640420,250171091,250171091
1,prefetch-gcc13-scalar-r4-prefetch_chain-scalar-warm-branch-524288,prefetch-gcc13-scalar,branch,branch_misses,1582,250167709,250167709
1,prefetch-gcc13-scalar-r4-prefetch_chain-scalar-cache_evicted-basic-536870912,prefetch-gcc13-scalar,basic,cycles,1995038852,908973177,908973177
1,prefetch-gcc13-scalar-r4-prefetch_chain-scalar-cache_evicted-basic-536870912,prefetch-gcc13-scalar,basic,instructions,92275480,908972109,908972109
1,prefetch-gcc13-scalar-r4-prefetch_chain-scalar-cache_evicted-basic-536870912,prefetch-gcc13-scalar,basic,ref_cycles,1995042016,908968984,908968984
1,prefetch-gcc13-scalar-r4-prefetch_chain-scalar-warm-branch-33554432,prefetch-gcc13-scalar,branch,cycles,634870867,289346142,289346142
1,prefetch-gcc13-scalar-r4-prefetch_chain-scalar-warm-branch-33554432,prefetch-gcc13-scalar,branch,branches,3146063,289348411,289348411
1,prefetch-gcc13-scalar-r4-prefetch_chain-scalar-warm-branch-33554432,prefetch-gcc13-scalar,branch,branch_misses,74,289345124,289345124
1,prefetch-gcc13-scalar-r4-prefetch_chain-scalar-warm-basic-33554432,prefetch-gcc13-scalar,basic,cycles,632549479,288225297,288225297
1,prefetch-gcc13-scalar-r4-prefetch_chain-scalar-warm-basic-33554432,prefetch-gcc13-scalar,basic,instructions,34604615,288223470,288223470
1,prefetch-gcc13-scalar-r4-prefetch_chain-scalar-warm-basic-33554432,prefetch-gcc13-scalar,basic,ref_cycles,632552822,288220049,288220049
1,prefetch-gcc13-scalar-r4-prefetch_chain-scalar-warm-basic-8388608,prefetch-gcc13-scalar,basic,cycles,564430609,257187950,257187950
1,prefetch-gcc13-scalar-r4-prefetch_chain-scalar-warm-basic-8388608,prefetch-gcc13-scalar,basic,instructions,47585144,257188634,257188634
1,prefetch-gcc13-scalar-r4-prefetch_chain-scalar-warm-basic-8388608,prefetch-gcc13-scalar,basic,ref_cycles,564434574,257185414,257185414
1,prefetch-gcc13-scalar-r4-prefetch_chain-scalar-warm-branch-131072,prefetch-gcc13-scalar,branch,cycles,548757958,250046449,250046449
1,prefetch-gcc13-scalar-r4-prefetch_chain-scalar-warm-branch-131072,prefetch-gcc13-scalar,branch,branches,30850714,250044285,250044285
1,prefetch-gcc13-scalar-r4-prefetch_chain-scalar-warm-branch-131072,prefetch-gcc13-scalar,branch,branch_misses,14881,250040855,250040855
1,prefetch-gcc13-scalar-r4-prefetch_chain-scalar-warm-basic-12582912,prefetch-gcc13-scalar,basic,cycles,556548468,253597218,253597218
1,prefetch-gcc13-scalar-r4-prefetch_chain-scalar-warm-basic-12582912,prefetch-gcc13-scalar,basic,instructions,36769096,253597465,253597465
1,prefetch-gcc13-scalar-r4-prefetch_chain-scalar-warm-basic-12582912,prefetch-gcc13-scalar,basic,ref_cycles,556552304,253594946,253594946
1,prefetch-gcc13-scalar-r4-prefetch_chain-scalar-warm-basic-4194304,prefetch-gcc13-scalar,basic,cycles,551514215,251305387,251305387
1,prefetch-gcc13-scalar-r4-prefetch_chain-scalar-warm-basic-4194304,prefetch-gcc13-scalar,basic,instructions,58406408,251304953,251304953
1,prefetch-gcc13-scalar-r4-prefetch_chain-scalar-warm-basic-4194304,prefetch-gcc13-scalar,basic,ref_cycles,551517890,251301621,251301621
1,prefetch-gcc13-scalar-r4-prefetch_chain-scalar-cache_evicted-branch-8388608,prefetch-gcc13-scalar,branch,cycles,563295253,256676166,256676166
1,prefetch-gcc13-scalar-r4-prefetch_chain-scalar-cache_evicted-branch-8388608,prefetch-gcc13-scalar,branch,branches,3146628,256674017,256674017
1,prefetch-gcc13-scalar-r4-prefetch_chain-scalar-cache_evicted-branch-8388608,prefetch-gcc13-scalar,branch,branch_misses,53,256670048,256670048
1,prefetch-gcc13-scalar-r4-prefetch_chain-scalar-warm-basic-536870912,prefetch-gcc13-scalar,basic,cycles,1999045041,910797359,910797359
1,prefetch-gcc13-scalar-r4-prefetch_chain-scalar-warm-basic-536870912,prefetch-gcc13-scalar,basic,instructions,92275480,910796541,910796541
1,prefetch-gcc13-scalar-r4-prefetch_chain-scalar-warm-basic-536870912,prefetch-gcc13-scalar,basic,ref_cycles,1999048590,910793622,910793622
1,prefetch-gcc13-scalar-r4-prefetch_chain-scalar-warm-branch-134217728,prefetch-gcc13-scalar,branch,cycles,940953541,428734841,428734841
1,prefetch-gcc13-scalar-r4-prefetch_chain-scalar-warm-branch-134217728,prefetch-gcc13-scalar,branch,branches,4194500,428733792,428733792
1,prefetch-gcc13-scalar-r4-prefetch_chain-scalar-warm-branch-134217728,prefetch-gcc13-scalar,branch,branch_misses,31,428729947,428729947
1,prefetch-gcc13-scalar-r5-prefetch_chain-scalar-warm-basic-294912,prefetch-gcc13-scalar,basic,cycles,548771249,250051867,250051867
1,prefetch-gcc13-scalar-r5-prefetch_chain-scalar-warm-basic-294912,prefetch-gcc13-scalar,basic,instructions,183877951,250049886,250049886
1,prefetch-gcc13-scalar-r5-prefetch_chain-scalar-warm-basic-294912,prefetch-gcc13-scalar,basic,ref_cycles,548773984,250046637,250046637
1,prefetch-gcc13-scalar-r5-prefetch_chain-scalar-warm-branch-98304,prefetch-gcc13-scalar,branch,cycles,548749298,250041904,250041904
1,prefetch-gcc13-scalar-r5-prefetch_chain-scalar-warm-branch-98304,prefetch-gcc13-scalar,branch,branches,30706282,250040498,250040498
1,prefetch-gcc13-scalar-r5-prefetch_chain-scalar-warm-branch-98304,prefetch-gcc13-scalar,branch,branch_misses,19631,250037244,250037244
1,prefetch-gcc13-scalar-r5-prefetch_chain-scalar-warm-basic-12582912,prefetch-gcc13-scalar,basic,cycles,563883178,256941365,256941365
1,prefetch-gcc13-scalar-r5-prefetch_chain-scalar-warm-basic-12582912,prefetch-gcc13-scalar,basic,instructions,34606245,256939522,256939522
1,prefetch-gcc13-scalar-r5-prefetch_chain-scalar-warm-basic-12582912,prefetch-gcc13-scalar,basic,ref_cycles,563886774,256936032,256936032
1,prefetch-gcc13-scalar-r5-prefetch_chain-scalar-warm-branch-8388608,prefetch-gcc13-scalar,branch,cycles,563957642,256975131,256975131
1,prefetch-gcc13-scalar-r5-prefetch_chain-scalar-warm-branch-8388608,prefetch-gcc13-scalar,branch,branches,4457668,256974317,256974317
1,prefetch-gcc13-scalar-r5-prefetch_chain-scalar-warm-branch-8388608,prefetch-gcc13-scalar,branch,branch_misses,79,256970399,256970399
1,prefetch-gcc13-scalar-r5-prefetch_chain-scalar-cache_evicted-branch-536870912,prefetch-gcc13-scalar,branch,cycles,2002463269,912357133,912357133
1,prefetch-gcc13-scalar-r5-prefetch_chain-scalar-cache_evicted-branch-536870912,prefetch-gcc13-scalar,branch,branches,8388772,912355954,912355954
1,prefetch-gcc13-scalar-r5-prefetch_chain-scalar-cache_evicted-branch-536870912,prefetch-gcc13-scalar,branch,branch_misses,24,912351920,912351920
1,prefetch-gcc13-scalar-r5-prefetch_chain-scalar-warm-branch-393216,prefetch-gcc13-scalar,branch,cycles,548828657,250077855,250077855
1,prefetch-gcc13-scalar-r5-prefetch_chain-scalar-warm-branch-393216,prefetch-gcc13-scalar,branch,branches,13093252,250074556,250074556
1,prefetch-gcc13-scalar-r5-prefetch_chain-scalar-warm-branch-393216,prefetch-gcc13-scalar,branch,branch_misses,2166,250070522,250070522
1,prefetch-gcc13-scalar-r5-prefetch_chain-scalar-warm-branch-4194304,prefetch-gcc13-scalar,branch,cycles,552322526,251687274,251687274
1,prefetch-gcc13-scalar-r5-prefetch_chain-scalar-warm-branch-4194304,prefetch-gcc13-scalar,branch,branches,7409319,251691130,251691130
1,prefetch-gcc13-scalar-r5-prefetch_chain-scalar-warm-branch-4194304,prefetch-gcc13-scalar,branch,branch_misses,160,251687461,251687461
1,prefetch-gcc13-scalar-r5-prefetch_chain-scalar-warm-branch-196608,prefetch-gcc13-scalar,branch,cycles,548776638,250054091,250054091
1,prefetch-gcc13-scalar-r5-prefetch_chain-scalar-warm-branch-196608,prefetch-gcc13-scalar,branch,branches,26244452,250050955,250050955
1,prefetch-gcc13-scalar-r5-prefetch_chain-scalar-warm-branch-196608,prefetch-gcc13-scalar,branch,branch_misses,8497,250046876,250046876
1,prefetch-gcc13-scalar-r5-prefetch_chain-scalar-cache_evicted-branch-33554432,prefetch-gcc13-scalar,branch,cycles,651588625,296901948,296901948
1,prefetch-gcc13-scalar-r5-prefetch_chain-scalar-cache_evicted-branch-33554432,prefetch-gcc13-scalar,branch,branches,3146052,296900709,296900709
1,prefetch-gcc13-scalar-r5-prefetch_chain-scalar-cache_evicted-branch-33554432,prefetch-gcc13-scalar,branch,branch_misses,37,296896750,296896750
1,prefetch-gcc13-scalar-r5-prefetch_chain-scalar-cache_evicted-basic-33554432,prefetch-gcc13-scalar,basic,cycles,654095246,298043322,298043322
1,prefetch-gcc13-scalar-r5-prefetch_chain-scalar-cache_evicted-basic-33554432,prefetch-gcc13-scalar,basic,instructions,34604615,298040804,298040804
1,prefetch-gcc13-scalar-r5-prefetch_chain-scalar-cache_evicted-basic-33554432,prefetch-gcc13-scalar,basic,ref_cycles,654099380,298037093,298037093
1,prefetch-gcc13-scalar-r5-prefetch_chain-scalar-warm-branch-12582912,prefetch-gcc13-scalar,branch,cycles,567533416,258605674,258605674
1,prefetch-gcc13-scalar-r5-prefetch_chain-scalar-warm-branch-12582912,prefetch-gcc13-scalar,branch,branches,3539652,258604686,258604686
1,prefetch-gcc13-scalar-r5-prefetch_chain-scalar-warm-branch-12582912,prefetch-gcc13-scalar,branch,branch_misses,53,258600514,258600514
1,prefetch-gcc13-scalar-r5-prefetch_chain-scalar-warm-basic-536870912,prefetch-gcc13-scalar,basic,cycles,1994439155,908699356,908699356
1,prefetch-gcc13-scalar-r5-prefetch_chain-scalar-warm-basic-536870912,prefetch-gcc13-scalar,basic,instructions,92275480,908698326,908698326
1,prefetch-gcc13-scalar-r5-prefetch_chain-scalar-warm-basic-536870912,prefetch-gcc13-scalar,basic,ref_cycles,1994442120,908695364,908695364
1,prefetch-gcc13-scalar-r5-prefetch_chain-scalar-warm-basic-36864,prefetch-gcc13-scalar,basic,cycles,548740117,250037326,250037326
1,prefetch-gcc13-scalar-r5-prefetch_chain-scalar-warm-basic-36864,prefetch-gcc13-scalar,basic,instructions,340834227,250035607,250035607
1,prefetch-gcc13-scalar-r5-prefetch_chain-scalar-warm-basic-36864,prefetch-gcc13-scalar,basic,ref_cycles,548742348,250032240,250032240
1,prefetch-gcc13-scalar-r5-prefetch_chain-scalar-warm-basic-24576,prefetch-gcc13-scalar,basic,cycles,548731960,250032350,250032350
1,prefetch-gcc13-scalar-r5-prefetch_chain-scalar-warm-basic-24576,prefetch-gcc13-scalar,basic,instructions,863446004,250029301,250029301
1,prefetch-gcc13-scalar-r5-prefetch_chain-scalar-warm-basic-24576,prefetch-gcc13-scalar,basic,ref_cycles,548733526,250026008,250026008
1,prefetch-gcc13-scalar-r5-prefetch_chain-scalar-warm-basic-65536,prefetch-gcc13-scalar,basic,cycles,548739051,250034813,250034813
1,prefetch-gcc13-scalar-r5-prefetch_chain-scalar-warm-basic-65536,prefetch-gcc13-scalar,basic,instructions,338411276,250031884,250031884
1,prefetch-gcc13-scalar-r5-prefetch_chain-scalar-warm-basic-65536,prefetch-gcc13-scalar,basic,ref_cycles,548740016,250028255,250028255
1,prefetch-gcc13-scalar-r5-prefetch_chain-scalar-warm-basic-196608,prefetch-gcc13-scalar,basic,cycles,548759022,250045596,250045596
1,prefetch-gcc13-scalar-r5-prefetch_chain-scalar-warm-basic-196608,prefetch-gcc13-scalar,basic,instructions,256530825,250044041,250044041
1,prefetch-gcc13-scalar-r5-prefetch_chain-scalar-warm-basic-196608,prefetch-gcc13-scalar,basic,ref_cycles,548761444,250040935,250040935
1,prefetch-gcc13-scalar-r5-prefetch_chain-scalar-warm-basic-7340032,prefetch-gcc13-scalar,basic,cycles,558246874,254371900,254371900
1,prefetch-gcc13-scalar-r5-prefetch_chain-scalar-warm-basic-7340032,prefetch-gcc13-scalar,basic,instructions,55516793,254371569,254371569
1,prefetch-gcc13-scalar-r5-prefetch_chain-scalar-warm-basic-7340032,prefetch-gcc13-scalar,basic,ref_cycles,558250440,254368108,254368108
1,prefetch-gcc13-scalar-r5-prefetch_chain-scalar-warm-basic-28672,prefetch-gcc13-scalar,basic,cycles,548731868,250032195,250032195
1,prefetch-gcc13-scalar-r5-prefetch_chain-scalar-warm-basic-28672,prefetch-gcc13-scalar,basic,instructions,820283233,250029527,250029527
1,prefetch-gcc13-scalar-r5-prefetch_chain-scalar-warm-basic-28672,prefetch-gcc13-scalar,basic,ref_cycles,548733130,250026115,250026115
1,prefetch-gcc13-scalar-r5-prefetch_chain-scalar-warm-basic-1048576,prefetch-gcc13-scalar,basic,cycles,548914219,250116205,250116205
1,prefetch-gcc13-scalar-r5-prefetch_chain-scalar-warm-basic-1048576,prefetch-gcc13-scalar,basic,instructions,130240077,250115106,250115106
1,prefetch-gcc13-scalar-r5-prefetch_chain-scalar-warm-basic-1048576,prefetch-gcc13-scalar,basic,ref_cycles,548916610,250112027,250112027
1,prefetch-gcc13-scalar-r5-prefetch_chain-scalar-warm-basic-4194304,prefetch-gcc13-scalar,basic,cycles,551094845,251112664,251112664
1,prefetch-gcc13-scalar-r5-prefetch_chain-scalar-warm-basic-4194304,prefetch-gcc13-scalar,basic,instructions,105275243,251112174,251112174
1,prefetch-gcc13-scalar-r5-prefetch_chain-scalar-warm-basic-4194304,prefetch-gcc13-scalar,basic,ref_cycles,551098768,251108544,251108544
1,prefetch-gcc13-scalar-r5-prefetch_chain-scalar-warm-basic-262144,prefetch-gcc13-scalar,basic,cycles,548796890,250062307,250062307
1,prefetch-gcc13-scalar-r5-prefetch_chain-scalar-warm-basic-262144,prefetch-gcc13-scalar,basic,instructions,191593539,250059832,250059832
1,prefetch-gcc13-scalar-r5-prefetch_chain-scalar-warm-basic-262144,prefetch-gcc13-scalar,basic,ref_cycles,548798558,250056440,250056440
1,prefetch-gcc13-scalar-r5-prefetch_chain-scalar-warm-basic-16384,prefetch-gcc13-scalar,basic,cycles,548731259,250031954,250031954
1,prefetch-gcc13-scalar-r5-prefetch_chain-scalar-warm-basic-16384,prefetch-gcc13-scalar,basic,instructions,867128455,250029993,250029993
1,prefetch-gcc13-scalar-r5-prefetch_chain-scalar-warm-basic-16384,prefetch-gcc13-scalar,basic,ref_cycles,548733548,250026764,250026764
1,prefetch-gcc13-scalar-r5-prefetch_chain-scalar-cache_evicted-basic-262144,prefetch-gcc13-scalar,basic,cycles,548742121,250038220,250038220
1,prefetch-gcc13-scalar-r5-prefetch_chain-scalar-cache_evicted-basic-262144,prefetch-gcc13-scalar,basic,instructions,275655780,250035731,250035731
1,prefetch-gcc13-scalar-r5-prefetch_chain-scalar-cache_evicted-basic-262144,prefetch-gcc13-scalar,basic,ref_cycles,548744174,250032465,250032465
1,prefetch-gcc13-scalar-r5-prefetch_chain-scalar-warm-branch-524288,prefetch-gcc13-scalar,branch,cycles,548911394,250116140,250116140
1,prefetch-gcc13-scalar-r5-prefetch_chain-scalar-warm-branch-524288,prefetch-gcc13-scalar,branch,branches,12656868,250113445,250113445
1,prefetch-gcc13-scalar-r5-prefetch_chain-scalar-warm-branch-524288,prefetch-gcc13-scalar,branch,branch_misses,1586,250109752,250109752
1,prefetch-gcc13-scalar-r5-prefetch_chain-scalar-warm-branch-65536,prefetch-gcc13-scalar,branch,cycles,548733696,250033233,250033233
1,prefetch-gcc13-scalar-r5-prefetch_chain-scalar-warm-branch-65536,prefetch-gcc13-scalar,branch,branches,31270438,250030174,250030174
1,prefetch-gcc13-scalar-r5-prefetch_chain-scalar-warm-branch-65536,prefetch-gcc13-scalar,branch,branch_misses,29663,250026227,250026227
1,prefetch-gcc13-scalar-r5-prefetch_chain-scalar-warm-basic-8388608,prefetch-gcc13-scalar,basic,cycles,549957777,250595381,250595381
1,prefetch-gcc13-scalar-r5-prefetch_chain-scalar-warm-basic-8388608,prefetch-gcc13-scalar,basic,instructions,49027099,250595248,250595248
1,prefetch-gcc13-scalar-r5-prefetch_chain-scalar-warm-basic-8388608,prefetch-gcc13-scalar,basic,ref_cycles,549960994,250592031,250592031
1,prefetch-gcc13-scalar-r5-prefetch_chain-scalar-warm-basic-98304,prefetch-gcc13-scalar,basic,cycles,548748938,250041489,250041489
1,prefetch-gcc13-scalar-r5-prefetch_chain-scalar-warm-basic-98304,prefetch-gcc13-scalar,basic,instructions,336865153,250039665,250039665
1,prefetch-gcc13-scalar-r5-prefetch_chain-scalar-warm-basic-98304,prefetch-gcc13-scalar,basic,ref_cycles,548751478,250036585,250036585
1,prefetch-gcc13-scalar-r5-prefetch_chain-scalar-warm-basic-524288,prefetch-gcc13-scalar,basic,cycles,548957988,250137739,250137739
1,prefetch-gcc13-scalar-r5-prefetch_chain-scalar-warm-basic-524288,prefetch-gcc13-scalar,basic,instructions,138663029,250135629,250135629
1,prefetch-gcc13-scalar-r5-prefetch_chain-scalar-warm-basic-524288,prefetch-gcc13-scalar,basic,ref_cycles,548960346,250131649,250131649
1,prefetch-gcc13-scalar-r5-prefetch_chain-scalar-cache_evicted-branch-8388608,prefetch-gcc13-scalar,branch,cycles,557437133,254003428,254003428
1,prefetch-gcc13-scalar-r5-prefetch_chain-scalar-cache_evicted-branch-8388608,prefetch-gcc13-scalar,branch,branches,4588772,254003202,254003202
1,prefetch-gcc13-scalar-r5-prefetch_chain-scalar-cache_evicted-branch-8388608,prefetch-gcc13-scalar,branch,branch_misses,76,253999910,253999910
1,prefetch-gcc13-scalar-r5-prefetch_chain-scalar-warm-branch-262144,prefetch-gcc13-scalar,branch,cycles,548754542,250044638,250044638
1,prefetch-gcc13-scalar-r5-prefetch_chain-scalar-warm-branch-262144,prefetch-gcc13-scalar,branch,branches,23063271,250042922,250042922
1,prefetch-gcc13-scalar-r5-prefetch_chain-scalar-warm-branch-262144,prefetch-gcc13-scalar,branch,branch_misses,5637,250039054,250039054
1,prefetch-gcc13-scalar-r5-prefetch_chain-scalar-warm-branch-536870912,prefetch-gcc13-scalar,branch,cycles,1983509180,903721196,903721196
1,prefetch-gcc13-scalar-r5-prefetch_chain-scalar-warm-branch-536870912,prefetch-gcc13-scalar,branch,branches,8388772,903720192,903720192
1,prefetch-gcc13-scalar-r5-prefetch_chain-scalar-warm-branch-536870912,prefetch-gcc13-scalar,branch,branch_misses,26,903716377,903716377
1,prefetch-gcc13-scalar-r5-prefetch_chain-scalar-warm-branch-8192,prefetch-gcc13-scalar,branch,cycles,548731209,250032826,250032826
1,prefetch-gcc13-scalar-r5-prefetch_chain-scalar-warm-branch-8192,prefetch-gcc13-scalar,branch,branches,89867433,250029528,250029528
1,prefetch-gcc13-scalar-r5-prefetch_chain-scalar-warm-branch-8192,prefetch-gcc13-scalar,branch,branch_misses,562165,250025441,250025441
1,prefetch-gcc13-scalar-r5-prefetch_chain-scalar-cache_evicted-branch-1048576,prefetch-gcc13-scalar,branch,cycles,548988574,250229198,250229198
1,prefetch-gcc13-scalar-r5-prefetch_chain-scalar-cache_evicted-branch-1048576,prefetch-gcc13-scalar,branch,branches,12082320,250230210,250230210
1,prefetch-gcc13-scalar-r5-prefetch_chain-scalar-cache_evicted-branch-1048576,prefetch-gcc13-scalar,branch,branch_misses,815,250227167,250227167
1,prefetch-gcc13-scalar-r5-prefetch_chain-scalar-cache_evicted-basic-536870912,prefetch-gcc13-scalar,basic,cycles,1967533101,896441972,896441972
1,prefetch-gcc13-scalar-r5-prefetch_chain-scalar-cache_evicted-basic-536870912,prefetch-gcc13-scalar,basic,instructions,92275480,896440419,896440419
1,prefetch-gcc13-scalar-r5-prefetch_chain-scalar-cache_evicted-basic-536870912,prefetch-gcc13-scalar,basic,ref_cycles,1967536802,896437519,896437519
1,prefetch-gcc13-scalar-r5-prefetch_chain-scalar-warm-branch-134217728,prefetch-gcc13-scalar,branch,cycles,940553364,428554629,428554629
1,prefetch-gcc13-scalar-r5-prefetch_chain-scalar-warm-branch-134217728,prefetch-gcc13-scalar,branch,branches,4194500,428552758,428552758
1,prefetch-gcc13-scalar-r5-prefetch_chain-scalar-warm-branch-134217728,prefetch-gcc13-scalar,branch,branch_misses,32,428549236,428549236
1,prefetch-gcc13-scalar-r5-prefetch_chain-scalar-cache_evicted-branch-262144,prefetch-gcc13-scalar,branch,cycles,548807965,250067538,250067538
1,prefetch-gcc13-scalar-r5-prefetch_chain-scalar-cache_evicted-branch-262144,prefetch-gcc13-scalar,branch,branches,18976551,250064141,250064141
1,prefetch-gcc13-scalar-r5-prefetch_chain-scalar-cache_evicted-branch-262144,prefetch-gcc13-scalar,branch,branch_misses,4626,250060164,250060164
1,prefetch-gcc13-scalar-r5-prefetch_chain-scalar-warm-branch-28672,prefetch-gcc13-scalar,branch,cycles,548733237,250031251,250031251
1,prefetch-gcc13-scalar-r5-prefetch_chain-scalar-warm-branch-28672,prefetch-gcc13-scalar,branch,branches,79032350,250028921,250028921
1,prefetch-gcc13-scalar-r5-prefetch_chain-scalar-warm-branch-28672,prefetch-gcc13-scalar,branch,branch_misses,164741,250025339,250025339
1,prefetch-gcc13-scalar-r5-prefetch_chain-scalar-warm-branch-49152,prefetch-gcc13-scalar,branch,cycles,548742918,250036906,250036906
1,prefetch-gcc13-scalar-r5-prefetch_chain-scalar-warm-branch-49152,prefetch-gcc13-scalar,branch,branches,31484162,250033589,250033589
1,prefetch-gcc13-scalar-r5-prefetch_chain-scalar-warm-branch-49152,prefetch-gcc13-scalar,branch,branch_misses,39410,250029856,250029856
1,prefetch-gcc13-scalar-r5-prefetch_chain-scalar-cache_evicted-basic-8388608,prefetch-gcc13-scalar,basic,cycles,557273484,253928540,253928540
1,prefetch-gcc13-scalar-r5-prefetch_chain-scalar-cache_evicted-basic-8388608,prefetch-gcc13-scalar,basic,instructions,51911009,253928167,253928167
1,prefetch-gcc13-scalar-r5-prefetch_chain-scalar-cache_evicted-basic-8388608,prefetch-gcc13-scalar,basic,ref_cycles,557277468,253925780,253925780
1,prefetch-gcc13-scalar-r5-prefetch_chain-scalar-warm-branch-229376,prefetch-gcc13-scalar,branch,cycles,548739768,250036043,250036043
1,prefetch-gcc13-scalar-r5-prefetch_chain-scalar-warm-branch-229376,prefetch-gcc13-scalar,branch,branches,25098818,250032437,250032437
1,prefetch-gcc13-scalar-r5-prefetch_chain-scalar-warm-branch-229376,prefetch-gcc13-scalar,branch,branch_misses,6985,250028487,250028487
1,prefetch-gcc13-scalar-r5-prefetch_chain-scalar-warm-basic-49152,prefetch-gcc13-scalar,basic,cycles,548741576,250034207,250034207
1,prefetch-gcc13-scalar-r5-prefetch_chain-scalar-warm-basic-49152,prefetch-gcc13-scalar,basic,instructions,339187989,250032178,250032178
1,prefetch-gcc13-scalar-r5-prefetch_chain-scalar-warm-basic-49152,prefetch-gcc13-scalar,basic,ref_cycles,548742612,250028669,250028669
1,prefetch-gcc13-scalar-r5-prefetch_chain-scalar-warm-basic-8192,prefetch-gcc13-scalar,basic,cycles,548732488,250032496,250032496
1,prefetch-gcc13-scalar-r5-prefetch_chain-scalar-warm-basic-8192,prefetch-gcc13-scalar,basic,instructions,881613972,250032034,250032034
1,prefetch-gcc13-scalar-r5-prefetch_chain-scalar-warm-basic-8192,prefetch-gcc13-scalar,basic,ref_cycles,548734648,250028890,250028890
1,prefetch-gcc13-scalar-r5-prefetch_chain-scalar-warm-basic-131072,prefetch-gcc13-scalar,basic,cycles,548733285,250034430,250034430
1,prefetch-gcc13-scalar-r5-prefetch_chain-scalar-warm-basic-131072,prefetch-gcc13-scalar,basic,instructions,336553596,250032644,250032644
1,prefetch-gcc13-scalar-r5-prefetch_chain-scalar-warm-basic-131072,prefetch-gcc13-scalar,basic,ref_cycles,548735572,250029677,250029677
1,prefetch-gcc13-scalar-r5-prefetch_chain-scalar-cache_evicted-branch-32768,prefetch-gcc13-scalar,branch,cycles,548732157,250032951,250032951
1,prefetch-gcc13-scalar-r5-prefetch_chain-scalar-cache_evicted-branch-32768,prefetch-gcc13-scalar,branch,branches,59906408,250029239,250029239
1,prefetch-gcc13-scalar-r5-prefetch_chain-scalar-cache_evicted-branch-32768,prefetch-gcc13-scalar,branch,branch_misses,110188,250024976,250024976
1,prefetch-gcc13-scalar-r5-prefetch_chain-scalar-warm-basic-393216,prefetch-gcc13-scalar,basic,cycles,548983422,250145041,250145041
1,prefetch-gcc13-scalar-r5-prefetch_chain-scalar-warm-basic-393216,prefetch-gcc13-scalar,basic,instructions,143150040,250143108,250143108
1,prefetch-gcc13-scalar-r5-prefetch_chain-scalar-warm-basic-393216,prefetch-gcc13-scalar,basic,ref_cycles,548985052,250139692,250139692
1,prefetch-gcc13-scalar-r5-prefetch_chain-scalar-warm-branch-131072,prefetch-gcc13-scalar,branch,cycles,548732921,250034101,250034101
1,prefetch-gcc13-scalar-r5-prefetch_chain-scalar-warm-branch-131072,prefetch-gcc13-scalar,branch,branches,30821575,250033014,250033014
1,prefetch-gcc13-scalar-r5-prefetch_chain-scalar-warm-branch-131072,prefetch-gcc13-scalar,branch,branch_misses,14863,250029638,250029638
1,prefetch-gcc13-scalar-r5-prefetch_chain-scalar-warm-branch-2097152,prefetch-gcc13-scalar,branch,cycles,549476882,250376985,250376985
1,prefetch-gcc13-scalar-r5-prefetch_chain-scalar-warm-branch-2097152,prefetch-gcc13-scalar,branch,branches,7708132,250373915,250373915
1,prefetch-gcc13-scalar-r5-prefetch_chain-scalar-warm-branch-2097152,prefetch-gcc13-scalar,branch,branch_misses,279,250369943,250369943
1,prefetch-gcc13-scalar-r5-prefetch_chain-scalar-warm-branch-294912,prefetch-gcc13-scalar,branch,cycles,548807823,250070247,250070247
1,prefetch-gcc13-scalar-r5-prefetch_chain-scalar-warm-branch-294912,prefetch-gcc13-scalar,branch,branches,16769104,250069017,250069017
1,prefetch-gcc13-scalar-r5-prefetch_chain-scalar-warm-branch-294912,prefetch-gcc13-scalar,branch,branch_misses,3665,250065722,250065722
1,prefetch-gcc13-scalar-r5-prefetch_chain-scalar-warm-branch-6291456,prefetch-gcc13-scalar,branch,cycles,565951504,257884831,257884831
1,prefetch-gcc13-scalar-r5-prefetch_chain-scalar-warm-branch-6291456,prefetch-gcc13-scalar,branch,branches,3048548,257884948,257884948
1,prefetch-gcc13-scalar-r5-prefetch_chain-scalar-warm-branch-6291456,prefetch-gcc13-scalar,branch,branch_misses,60,257881595,257881595
1,prefetch-gcc13-scalar-r5-prefetch_chain-scalar-warm-basic-5242880,prefetch-gcc13-scalar,basic,cycles,555279694,253022757,253022757
1,prefetch-gcc13-scalar-r5-prefetch_chain-scalar-warm-basic-5242880,prefetch-gcc13-scalar,basic,instructions,33348100,253021027,253021027
1,prefetch-gcc13-scalar-r5-prefetch_chain-scalar-warm-basic-5242880,prefetch-gcc13-scalar,basic,ref_cycles,555283938,253017389,253017389
1,prefetch-gcc13-scalar-r5-prefetch_chain-scalar-warm-basic-2097152,prefetch-gcc13-scalar,basic,cycles,551869418,251466877,251466877
1,prefetch-gcc13-scalar-r5-prefetch_chain-scalar-warm-basic-2097152,prefetch-gcc13-scalar,basic,instructions,38225395,251464585,251464585
1,prefetch-gcc13-scalar-r5-prefetch_chain-scalar-warm-basic-2097152,prefetch-gcc13-scalar,basic,ref_cycles,551871892,251461063,251461063
1,prefetch-gcc13-scalar-r5-prefetch_chain-scalar-cache_evicted-basic-32768,prefetch-gcc13-scalar,basic,cycles,548735549,250040634,250040634
1,prefetch-gcc13-scalar-r5-prefetch_chain-scalar-cache_evicted-basic-32768,prefetch-gcc13-scalar,basic,instructions,655939306,250037830,250037830
1,prefetch-gcc13-scalar-r5-prefetch_chain-scalar-cache_evicted-basic-32768,prefetch-gcc13-scalar,basic,ref_cycles,548737948,250034254,250034254
1,prefetch-gcc13-scalar-r5-prefetch_chain-scalar-warm-branch-16384,prefetch-gcc13-scalar,branch,cycles,548731908,250035780,250035780
1,prefetch-gcc13-scalar-r5-prefetch_chain-scalar-warm-branch-16384,prefetch-gcc13-scalar,branch,branches,83335181,250034361,250034361
1,prefetch-gcc13-scalar-r5-prefetch_chain-scalar-warm-branch-16384,prefetch-gcc13-scalar,branch,branch_misses,289512,250031202,250031202
1,prefetch-gcc13-scalar-r5-prefetch_chain-scalar-warm-branch-33554432,prefetch-gcc13-scalar,branch,cycles,549286300,250297009,250297009
1,prefetch-gcc13-scalar-r5-prefetch_chain-scalar-warm-branch-33554432,prefetch-gcc13-scalar,branch,branches,2621732,250294399,250294399
1,prefetch-gcc13-scalar-r5-prefetch_chain-scalar-warm-branch-33554432,prefetch-gcc13-scalar,branch,branch_misses,40,250289796,250289796
1,prefetch-gcc13-scalar-r5-prefetch_chain-scalar-warm-branch-1048576,prefetch-gcc13-scalar,branch,cycles,549060443,250185622,250185622
1,prefetch-gcc13-scalar-r5-prefetch_chain-scalar-warm-branch-1048576,prefetch-gcc13-scalar,branch,branches,11688326,250184156,250184156
1,prefetch-gcc13-scalar-r5-prefetch_chain-scalar-warm-branch-1048576,prefetch-gcc13-scalar,branch,branch_misses,759,250180704,250180704
1,prefetch-gcc13-scalar-r5-prefetch_chain-scalar-warm-basic-134217728,prefetch-gcc13-scalar,basic,cycles,962241908,438433683,438433683
1,prefetch-gcc13-scalar-r5-prefetch_chain-scalar-warm-basic-134217728,prefetch-gcc13-scalar,basic,instructions,46138299,438433170,438433170
1,prefetch-gcc13-scalar-r5-prefetch_chain-scalar-warm-basic-134217728,prefetch-gcc13-scalar,basic,ref_cycles,962245614,438430047,438430047
1,prefetch-gcc13-scalar-r5-prefetch_chain-scalar-cache_evicted-branch-6291456,prefetch-gcc13-scalar,branch,cycles,563467017,256756032,256756032
1,prefetch-gcc13-scalar-r5-prefetch_chain-scalar-cache_evicted-branch-6291456,prefetch-gcc13-scalar,branch,branches,3245220,256754604,256754604
1,prefetch-gcc13-scalar-r5-prefetch_chain-scalar-cache_evicted-branch-6291456,prefetch-gcc13-scalar,branch,branch_misses,72,256750645,256750645
1,prefetch-gcc13-scalar-r5-prefetch_chain-scalar-warm-branch-36864,prefetch-gcc13-scalar,branch,cycles,548739742,250037768,250037768
1,prefetch-gcc13-scalar-r5-prefetch_chain-scalar-warm-branch-36864,prefetch-gcc13-scalar,branch,branches,31885103,250037076,250037076
1,prefetch-gcc13-scalar-r5-prefetch_chain-scalar-warm-branch-36864,prefetch-gcc13-scalar,branch,branch_misses,52514,250033739,250033739
1,prefetch-gcc13-scalar-r5-prefetch_chain-scalar-warm-basic-6291456,prefetch-gcc13-scalar,basic,cycles,551546026,251320187,251320187
1,prefetch-gcc13-scalar-r5-prefetch_chain-scalar-warm-basic-6291456,prefetch-gcc13-scalar,basic,instructions,48668444,251320328,251320328
1,prefetch-gcc13-scalar-r5-prefetch_chain-scalar-warm-basic-6291456,prefetch-gcc13-scalar,basic,ref_cycles,551550054,251317466,251317466
1,prefetch-gcc13-scalar-r5-prefetch_chain-scalar-warm-basic-32768,prefetch-gcc13-scalar,basic,cycles,548736108,250035279,250035279
1,prefetch-gcc13-scalar-r5-prefetch_chain-scalar-warm-basic-32768,prefetch-gcc13-scalar,basic,instructions,646740230,250034479,250034479
1,prefetch-gcc13-scalar-r5-prefetch_chain-scalar-warm-basic-32768,prefetch-gcc13-scalar,basic,ref_cycles,548738520,250031224,250031224
1,prefetch-gcc13-scalar-r5-prefetch_chain-scalar-warm-basic-33554432,prefetch-gcc13-scalar,basic,cycles,553739145,252320787,252320787
1,prefetch-gcc13-scalar-r5-prefetch_chain-scalar-warm-basic-33554432,prefetch-gcc13-scalar,basic,instructions,28837284,252319325,252319325
1,prefetch-gcc13-scalar-r5-prefetch_chain-scalar-warm-basic-33554432,prefetch-gcc13-scalar,basic,ref_cycles,553742860,252316459,252316459
1,prefetch-gcc13-scalar-r5-prefetch_chain-scalar-warm-branch-24576,prefetch-gcc13-scalar,branch,cycles,548733942,250036828,250036828
1,prefetch-gcc13-scalar-r5-prefetch_chain-scalar-warm-branch-24576,prefetch-gcc13-scalar,branch,branches,80403969,250035111,250035111
1,prefetch-gcc13-scalar-r5-prefetch_chain-scalar-warm-branch-24576,prefetch-gcc13-scalar,branch,branch_misses,193390,250031505,250031505
1,prefetch-gcc13-scalar-r5-prefetch_chain-scalar-warm-branch-5242880,prefetch-gcc13-scalar,branch,cycles,558465456,254474889,254474889
1,prefetch-gcc13-scalar-r5-prefetch_chain-scalar-warm-branch-5242880,prefetch-gcc13-scalar,branch,branches,3360164,254473239,254473239
1,prefetch-gcc13-scalar-r5-prefetch_chain-scalar-warm-branch-5242880,prefetch-gcc13-scalar,branch,branch_misses,77,254468913,254468913
1,prefetch-gcc13-scalar-r5-prefetch_chain-scalar-cache_evicted-basic-6291456,prefetch-gcc13-scalar,basic,cycles,556292041,253481939,253481939
1,prefetch-gcc13-scalar-r5-prefetch_chain-scalar-cache_evicted-basic-6291456,prefetch-gcc13-scalar,basic,instructions,54075979,253481670,253481670
1,prefetch-gcc13-scalar-r5-prefetch_chain-scalar-cache_evicted-basic-6291456,prefetch-gcc13-scalar,basic,ref_cycles,556295828,253478166,253478166
1,prefetch-gcc13-scalar-r5-prefetch_chain-scalar-warm-branch-32768,prefetch-gcc13-scalar,branch,cycles,548732921,250034024,250034024
1,prefetch-gcc13-scalar-r5-prefetch_chain-scalar-warm-branch-32768,prefetch-gcc13-scalar,branch,branches,58889131,250032541,250032541
1,prefetch-gcc13-scalar-r5-prefetch_chain-scalar-warm-branch-32768,prefetch-gcc13-scalar,branch,branch_misses,108342,250028873,250028873
1,prefetch-gcc13-scalar-r5-prefetch_chain-scalar-cache_evicted-basic-1048576,prefetch-gcc13-scalar,basic,cycles,549194844,250246633,250246633
1,prefetch-gcc13-scalar-r5-prefetch_chain-scalar-cache_evicted-basic-1048576,prefetch-gcc13-scalar,basic,instructions,130059656,250244420,250244420
1,prefetch-gcc13-scalar-r5-prefetch_chain-scalar-cache_evicted-basic-1048576,prefetch-gcc13-scalar,basic,ref_cycles,549196956,250240587,250240587
1,prefetch-gcc13-scalar-r5-prefetch_chain-scalar-warm-basic-229376,prefetch-gcc13-scalar,basic,cycles,548782866,250056639,250056639
1,prefetch-gcc13-scalar-r5-prefetch_chain-scalar-warm-basic-229376,prefetch-gcc13-scalar,basic,instructions,292508972,250054392,250054392
1,prefetch-gcc13-scalar-r5-prefetch_chain-scalar-warm-basic-229376,prefetch-gcc13-scalar,basic,ref_cycles,548784566,250050953,250050953
1,prefetch-gcc13-scalar-r5-prefetch_chain-scalar-warm-branch-7340032,prefetch-gcc13-scalar,branch,cycles,552948003,251960570,251960570
1,prefetch-gcc13-scalar-r5-prefetch_chain-scalar-warm-branch-7340032,prefetch-gcc13-scalar,branch,branches,4130052,251959649,251959649
1,prefetch-gcc13-scalar-r5-prefetch_chain-scalar-warm-branch-7340032,prefetch-gcc13-scalar,branch,branch_misses,78,251955822,251955822
1,prefetch-gcc13-scalar-r6-prefetch_chain-scalar-warm-branch-294912,prefetch-gcc13-scalar,branch,cycles,548780821,250057098,250057098
1,prefetch-gcc13-scalar-r6-prefetch_chain-scalar-warm-branch-294912,prefetch-gcc13-scalar,branch,branches,16277264,250055047,250055047
1,prefetch-gcc13-scalar-r6-prefetch_chain-scalar-warm-branch-294912,prefetch-gcc13-scalar,branch,branch_misses,3557,250051392,250051392
1,prefetch-gcc13-scalar-r6-prefetch_chain-scalar-warm-basic-1048576,prefetch-gcc13-scalar,basic,cycles,549427544,250351339,250351339
1,prefetch-gcc13-scalar-r6-prefetch_chain-scalar-warm-basic-1048576,prefetch-gcc13-scalar,basic,instructions,130961591,250349291,250349291
1,prefetch-gcc13-scalar-r6-prefetch_chain-scalar-warm-basic-1048576,prefetch-gcc13-scalar,basic,ref_cycles,549429958,250346193,250346193
1,prefetch-gcc13-scalar-r6-prefetch_chain-scalar-warm-branch-4194304,prefetch-gcc13-scalar,branch,cycles,553043597,252002175,252002175
1,prefetch-gcc13-scalar-r6-prefetch_chain-scalar-warm-branch-4194304,prefetch-gcc13-scalar,branch,branches,5311140,252000656,252000656
1,prefetch-gcc13-scalar-r6-prefetch_chain-scalar-warm-branch-4194304,prefetch-gcc13-scalar,branch,branch_misses,134,251996627,251996627
1,prefetch-gcc13-scalar-r6-prefetch_chain-scalar-warm-basic-8388608,prefetch-gcc13-scalar,basic,cycles,566126973,257964250,257964250
1,prefetch-gcc13-scalar-r6-prefetch_chain-scalar-warm-basic-8388608,prefetch-gcc13-scalar,basic,instructions,38933414,257962639,257962639
1,prefetch-gcc13-scalar-r6-prefetch_chain-scalar-warm-basic-8388608,prefetch-gcc13-scalar,basic,ref_cycles,566130466,257959177,257959177
1,prefetch-gcc13-scalar-r6-prefetch_chain-scalar-warm-basic-134217728,prefetch-gcc13-scalar,basic,cycles,945499875,430805458,430805458
1,prefetch-gcc13-scalar-r6-prefetch_chain-scalar-warm-basic-134217728,prefetch-gcc13-scalar,basic,instructions,46138299,430804060,430804060
1,prefetch-gcc13-scalar-r6-prefetch_chain-scalar-warm-basic-134217728,prefetch-gcc13-scalar,basic,ref_cycles,945503328,430800590,430800590
1,prefetch-gcc13-scalar-r6-prefetch_chain-scalar-cache_evicted-basic-1048576,prefetch-gcc13-scalar,basic,cycles,549349116,250316920,250316920
1,prefetch-gcc13-scalar-r6-prefetch_chain-scalar-cache_evicted-basic-1048576,prefetch-gcc13-scalar,basic,instructions,132224334,250315478,250315478
1,prefetch-gcc13-scalar-r6-prefetch_chain-scalar-cache_evicted-basic-1048576,prefetch-gcc13-scalar,basic,ref_cycles,549352716,250312129,250312129
1,prefetch-gcc13-scalar-r6-prefetch_chain-scalar-warm-basic-7340032,prefetch-gcc13-scalar,basic,cycles,553654443,252279280,252279280
1,prefetch-gcc13-scalar-r6-prefetch_chain-scalar-warm-basic-7340032,prefetch-gcc13-scalar,basic,instructions,42899483,252279225,252279225
1,prefetch-gcc13-scalar-r6-prefetch_chain-scalar-warm-basic-7340032,prefetch-gcc13-scalar,basic,ref_cycles,553658116,252276337,252276337
1,prefetch-gcc13-scalar-r6-prefetch_chain-scalar-warm-branch-49152,prefetch-gcc13-scalar,branch,cycles,548739040,250037790,250037790
1,prefetch-gcc13-scalar-r6-prefetch_chain-scalar-warm-branch-49152,prefetch-gcc13-scalar,branch,branches,31527505,250036202,250036202
1,prefetch-gcc13-scalar-r6-prefetch_chain-scalar-warm-branch-49152,prefetch-gcc13-scalar,branch,branch_misses,39468,250032906,250032906
1,prefetch-gcc13-scalar-r6-prefetch_chain-scalar-warm-branch-8388608,prefetch-gcc13-scalar,branch,cycles,549511147,250393761,250393761
1,prefetch-gcc13-scalar-r6-prefetch_chain-scalar-warm-branch-8388608,prefetch-gcc13-scalar,branch,branches,3933252,250393153,250393153
1,prefetch-gcc13-scalar-r6-prefetch_chain-scalar-warm-branch-8388608,prefetch-gcc13-scalar,branch,branch_misses,67,250389283,250389283
1,prefetch-gcc13-scalar-r6-prefetch_chain-scalar-warm-basic-196608,prefetch-gcc13-scalar,basic,cycles,548747548,250040232,250040232
1,prefetch-gcc13-scalar-r6-prefetch_chain-scalar-warm-basic-196608,prefetch-gcc13-scalar,basic,instructions,289976329,250038014,250038014
1,prefetch-gcc13-scalar-r6-prefetch_chain-scalar-warm-basic-196608,prefetch-gcc13-scalar,basic,ref_cycles,548750136,250035152,250035152
1,prefetch-gcc13-scalar-r6-prefetch_chain-scalar-warm-branch-2097152,prefetch-gcc13-scalar,branch,cycles,550093206,250656106,250656106
1,prefetch-gcc13-scalar-r6-prefetch_chain-scalar-warm-branch-2097152,prefetch-gcc13-scalar,branch,branches,11578532,250654527,250654527
1,prefetch-gcc13-scalar-r6-prefetch_chain-scalar-warm-branch-2097152,prefetch-gcc13-scalar,branch,branch_misses,397,250650782,250650782
1,prefetch-gcc13-scalar-r6-prefetch_chain-scalar-warm-basic-32768,prefetch-gcc13-scalar,basic,cycles,548731499,250032656,250032656
1,prefetch-gcc13-scalar-r6-prefetch_chain-scalar-warm-basic-32768,prefetch-gcc13-scalar,basic,instructions,621789206,250030997,250030997
1,prefetch-gcc13-scalar-r6-prefetch_chain-scalar-warm-basic-32768,prefetch-gcc13-scalar,basic,ref_cycles,548733350,250027557,250027557
1,prefetch-gcc13-scalar-r6-prefetch_chain-scalar-warm-branch-36864,prefetch-gcc13-scalar,branch,cycles,548736379,250036464,250036464
1,prefetch-gcc13-scalar-r6-prefetch_chain-scalar-warm-branch-36864,prefetch-gcc13-scalar,branch,branches,31805282,250034271,250034271
1,prefetch-gcc13-scalar-r6-prefetch_chain-scalar-warm-branch-36864,prefetch-gcc13-scalar,branch,branch_misses,52376,250031117,250031117
1,prefetch-gcc13-scalar-r6-prefetch_chain-scalar-warm-branch-6291456,prefetch-gcc13-scalar,branch,cycles,551906297,251485682,251485682
1,prefetch-gcc13-scalar-r6-prefetch_chain-scalar-warm-branch-6291456,prefetch-gcc13-scalar,branch,branches,5998628,251485019,251485019
1,prefetch-gcc13-scalar-r6-prefetch_chain-scalar-warm-branch-6291456,prefetch-gcc13-scalar,branch,branch_misses,103,251481192,251481192
1,prefetch-gcc13-scalar-r6-prefetch_chain-scalar-warm-basic-36864,prefetch-gcc13-scalar,basic,cycles,548739542,250037072,250037072
1,prefetch-gcc13-scalar-r6-prefetch_chain-scalar-warm-basic-36864,prefetch-gcc13-scalar,basic,instructions,340834255,250035425,250035425
1,prefetch-gcc13-scalar-r6-prefetch_chain-scalar-warm-basic-36864,prefetch-gcc13-scalar,basic,ref_cycles,548741864,250032504,250032504
1,prefetch-gcc13-scalar-r6-prefetch_chain-scalar-cache_evicted-basic-32768,prefetch-gcc13-scalar,basic,cycles,548735319,250035348,250035348
1,prefetch-gcc13-scalar-r6-prefetch_chain-scalar-cache_evicted-basic-32768,prefetch-gcc13-scalar,basic,instructions,636589798,250033791,250033791
1,prefetch-gcc13-scalar-r6-prefetch_chain-scalar-cache_evicted-basic-32768,prefetch-gcc13-scalar,basic,ref_cycles,548737926,250031011,250031011
1,prefetch-gcc13-scalar-r6-prefetch_chain-scalar-warm-branch-98304,prefetch-gcc13-scalar,branch,cycles,548731774,250033922,250033922
1,prefetch-gcc13-scalar-r6-prefetch_chain-scalar-warm-branch-98304,prefetch-gcc13-scalar,branch,branches,30954043,250032391,250032391
1,prefetch-gcc13-scalar-r6-prefetch_chain-scalar-warm-branch-98304,prefetch-gcc13-scalar,branch,branch_misses,19797,250028836,250028836
1,prefetch-gcc13-scalar-r6-prefetch_chain-scalar-warm-basic-131072,prefetch-gcc13-scalar,basic,cycles,548753732,250043217,250043217
1,prefetch-gcc13-scalar-r6-prefetch_chain-scalar-warm-basic-131072,prefetch-gcc13-scalar,basic,instructions,336644333,250040965,250040965
1,prefetch-gcc13-scalar-r6-prefetch_chain-scalar-warm-basic-131072,prefetch-gcc13-scalar,basic,ref_cycles,548756450,250038072,250038072
1,prefetch-gcc13-scalar-r6-prefetch_chain-scalar-warm-branch-33554432,prefetch-gcc13-scalar,branch,cycles,652811130,297458345,297458345
1,prefetch-gcc13-scalar-r6-prefetch_chain-scalar-warm-branch-33554432,prefetch-gcc13-scalar,branch,branches,3146052,297457850,297457850
1,prefetch-gcc13-scalar-r6-prefetch_chain-scalar-warm-branch-33554432,prefetch-gcc13-scalar,branch,branch_misses,29,297454978,297454978
1,prefetch-gcc13-scalar-r6-prefetch_chain-scalar-cache_evicted-basic-262144,prefetch-gcc13-scalar,basic,cycles,548850229,250087848,250087848
1,prefetch-gcc13-scalar-r6-prefetch_chain-scalar-cache_evicted-basic-262144,prefetch-gcc13-scalar,basic,instructions,188247326,250085608,250085608
1,prefetch-gcc13-scalar-r6-prefetch_chain-scalar-cache_evicted-basic-262144,prefetch-gcc13-scalar,basic,ref_cycles,548852062,250082122,250082122
1,prefetch-gcc13-scalar-r6-prefetch_chain-scalar-warm-branch-131072,prefetch-gcc13-scalar,branch,cycles,548734965,250035245,250035245
1,prefetch-gcc13-scalar-r6-prefetch_chain-scalar-warm-branch-131072,prefetch-gcc13-scalar,branch,branches,30865255,250033452,250033452
1,prefetch-gcc13-scalar-r6-prefetch_chain-scalar-warm-branch-131072,prefetch-gcc13-scalar,branch,branch_misses,14882,250030300,250030300
1,prefetch-gcc13-scalar-r6-prefetch_chain-scalar-warm-branch-16384,prefetch-gcc13-scalar,branch,cycles,548731386,250033497,250033497
1,prefetch-gcc13-scalar-r6-prefetch_chain-scalar-warm-branch-16384,prefetch-gcc13-scalar,branch,branches,83824726,250031636,250031636
1,prefetch-gcc13-scalar-r6-prefetch_chain-scalar-warm-branch-16384,prefetch-gcc13-scalar,branch,branch_misses,291164,250027994,250027994
1,prefetch-gcc13-scalar-r6-prefetch_chain-scalar-cache_evicted-branch-32768,prefetch-gcc13-scalar,branch,cycles,548732104,250035310,250035310
1,prefetch-gcc13-scalar-r6-prefetch_chain-scalar-cache_evicted-branch-32768,prefetch-gcc13-scalar,branch,branches,57676728,250033928,250033928
1,prefetch-gcc13-scalar-r6-prefetch_chain-scalar-cache_evicted-branch-32768,prefetch-gcc13-scalar,branch,branch_misses,106108,250030418,250030418
1,prefetch-gcc13-scalar-r6-prefetch_chain-scalar-warm-branch-7340032,prefetch-gcc13-scalar,branch,cycles,554208356,252533327,252533327
1,prefetch-gcc13-scalar-r6-prefetch_chain-scalar-warm-branch-7340032,prefetch-gcc13-scalar,branch,branches,3441732,252533033,252533033
1,prefetch-gcc13-scalar-r6-prefetch_chain-scalar-warm-branch-7340032,prefetch-gcc13-scalar,branch,branch_misses,73,252529247,252529247
1,prefetch-gcc13-scalar-r6-prefetch_chain-scalar-cache_evicted-branch-536870912,prefetch-gcc13-scalar,branch,cycles,2008689422,915193664,915193664
1,prefetch-gcc13-scalar-r6-prefetch_chain-scalar-cache_evicted-branch-536870912,prefetch-gcc13-scalar,branch,branches,8388772,915192046,915192046
1,prefetch-gcc13-scalar-r6-prefetch_chain-scalar-cache_evicted-branch-536870912,prefetch-gcc13-scalar,branch,branch_misses,25,915188208,915188208
1,prefetch-gcc13-scalar-r6-prefetch_chain-scalar-warm-basic-229376,prefetch-gcc13-scalar,basic,cycles,548736505,250035316,250035316
1,prefetch-gcc13-scalar-r6-prefetch_chain-scalar-warm-basic-229376,prefetch-gcc13-scalar,basic,instructions,267806705,250031833,250031833
1,prefetch-gcc13-scalar-r6-prefetch_chain-scalar-warm-basic-229376,prefetch-gcc13-scalar,basic,ref_cycles,548738322,250028015,250028015
1,prefetch-gcc13-scalar-r6-prefetch_chain-scalar-cache_evicted-basic-33554432,prefetch-gcc13-scalar,basic,cycles,652055829,297113114,297113114
1,prefetch-gcc13-scalar-r6-prefetch_chain-scalar-cache_evicted-basic-33554432,prefetch-gcc13-scalar,basic,instructions,34604615,297112407,297112407
1,prefetch-gcc13-scalar-r6-prefetch_chain-scalar-cache_evicted-basic-33554432,prefetch-gcc13-scalar,basic,ref_cycles,652061058,297109784,297109784
1,prefetch-gcc13-scalar-r6-prefetch_chain-scalar-cache_evicted-branch-33554432,prefetch-gcc13-scalar,branch,cycles,652368526,297256113,297256113
1,prefetch-gcc13-scalar-r6-prefetch_chain-scalar-cache_evicted-branch-33554432,prefetch-gcc13-scalar,branch,branches,3146052,297255923,297255923
1,prefetch-gcc13-scalar-r6-prefetch_chain-scalar-cache_evicted-branch-33554432,prefetch-gcc13-scalar,branch,branch_misses,37,297252089,297252089
1,prefetch-gcc13-scalar-r6-prefetch_chain-scalar-warm-branch-229376,prefetch-gcc13-scalar,branch,cycles,548784588,250058963,250058963
1,prefetch-gcc13-scalar-r6-prefetch_chain-scalar-warm-branch-229376,prefetch-gcc13-scalar,branch,branches,22281924,250056308,250056308
1,prefetch-gcc13-scalar-r6-prefetch_chain-scalar-warm-branch-229376,prefetch-gcc13-scalar,branch,branch_misses,6208,250052606,250052606
1,prefetch-gcc13-scalar-r6-prefetch_chain-scalar-warm-branch-65536,prefetch-gcc13-scalar,branch,cycles,548738834,250037556,250037556
1,prefetch-gcc13-scalar-r6-prefetch_chain-scalar-warm-branch-65536,prefetch-gcc13-scalar,branch,branches,31265130,250035603,250035603
1,prefetch-gcc13-scalar-r6-prefetch_chain-scalar-warm-branch-65536,prefetch-gcc13-scalar,branch,branch_misses,29656,250032197,250032197
1,prefetch-gcc13-scalar-r6-prefetch_chain-scalar-warm-basic-536870912,prefetch-gcc13-scalar,basic,cycles,1971193751,898108835,898108835
1,prefetch-gcc13-scalar-r6-prefetch_chain-scalar-warm-basic-536870912,prefetch-gcc13-scalar,basic,instructions,92275480,898107261,898107261
1,prefetch-gcc13-scalar-r6-prefetch_chain-scalar-warm-basic-536870912,prefetch-gcc13-scalar,basic,ref_cycles,1971196876,898104023,898104023
1,prefetch-gcc13-scalar-r6-prefetch_chain-scalar-warm-branch-1048576,prefetch-gcc13-scalar,branch,cycles,548903321,250112650,250112650
1,prefetch-gcc13-scalar-r6-prefetch_chain-scalar-warm-branch-1048576,prefetch-gcc13-scalar,branch,branches,12098724,250111617,250111617
1,prefetch-gcc13-scalar-r6-prefetch_chain-scalar-warm-branch-1048576,prefetch-gcc13-scalar,branch,branch_misses,786,250107963,250107963
1,prefetch-gcc13-scalar-r6-prefetch_chain-scalar-cache_evicted-basic-6291456,prefetch-gcc13-scalar,basic,cycles,555791877,253256853,253256853
1,prefetch-gcc13-scalar-r6-prefetch_chain-scalar-cache_evicted-basic-6291456,prefetch-gcc13-scalar,basic,instructions,55157486,253254874,253254874
1,prefetch-gcc13-scalar-r6-prefetch_chain-scalar-cache_evicted-basic-6291456,prefetch-gcc13-scalar,basic,ref_cycles,555796274,253251371,253251371
1,prefetch-gcc13-scalar-r6-prefetch_chain-scalar-warm-branch-8192,prefetch-gcc13-scalar,branch,cycles,548730675,250032512,250032512
1,prefetch-gcc13-scalar-r6-prefetch_chain-scalar-warm-branch-8192,prefetch-gcc13-scalar,branch,branches,89860304,250029731,250029731
1,prefetch-gcc13-scalar-r6-prefetch_chain-scalar-warm-branch-8192,prefetch-gcc13-scalar,branch,branch_misses,561878,250026063,250026063
1,prefetch-gcc13-scalar-r6-prefetch_chain-scalar-cache_evicted-basic-536870912,prefetch-gcc13-scalar,basic,cycles,2002059912,912172014,912172014
1,prefetch-gcc13-scalar-r6-prefetch_chain-scalar-cache_evicted-basic-536870912,prefetch-gcc13-scalar,basic,instructions,92275480,912170071,912170071
1,prefetch-gcc13-scalar-r6-prefetch_chain-scalar-cache_evicted-basic-536870912,prefetch-gcc13-scalar,basic,ref_cycles,2002063052,912166855,912166855
1,prefetch-gcc13-scalar-r6-prefetch_chain-scalar-warm-basic-294912,prefetch-gcc13-scalar,basic,cycles,548753214,250043574,250043574
1,prefetch-gcc13-scalar-r6-prefetch_chain-scalar-warm-basic-294912,prefetch-gcc13-scalar,basic,instructions,172080413,250042153,250042153
1,prefetch-gcc13-scalar-r6-prefetch_chain-scalar-warm-basic-294912,prefetch-gcc13-scalar,basic,ref_cycles,548755768,250038758,250038758
1,prefetch-gcc13-scalar-r6-prefetch_chain-scalar-warm-basic-28672,prefetch-gcc13-scalar,basic,cycles,548178541,249854953,249854953
1,prefetch-gcc13-scalar-r6-prefetch_chain-scalar-warm-basic-28672,prefetch-gcc13-scalar,basic,instructions,832790247,249857712,249857712
1,prefetch-gcc13-scalar-r6-prefetch_chain-scalar-warm-basic-28672,prefetch-gcc13-scalar,basic,ref_cycles,548186716,249855795,249855795
1,prefetch-gcc13-scalar-r6-prefetch_chain-scalar-warm-branch-262144,prefetch-gcc13-scalar,branch,cycles,548794758,250061981,250061981
1,prefetch-gcc13-scalar-r6-prefetch_chain-scalar-warm-branch-262144,prefetch-gcc13-scalar,branch,branches,17230404,250058906,250058906
1,prefetch-gcc13-scalar-r6-prefetch_chain-scalar-warm-branch-262144,prefetch-gcc13-scalar,branch,branch_misses,4221,250055181,250055181
1,prefetch-gcc13-scalar-r6-prefetch_chain-scalar-warm-branch-32768,prefetch-gcc13-scalar,branch,cycles,548735202,250034795,250034795
1,prefetch-gcc13-scalar-r6-prefetch_chain-scalar-warm-branch-32768,prefetch-gcc13-scalar,branch,branches,60442965,250032226,250032226
1,prefetch-gcc13-scalar-r6-prefetch_chain-scalar-warm-branch-32768,prefetch-gcc13-scalar,branch,branch_misses,111187,250028644,250028644
1,prefetch-gcc13-scalar-r6-prefetch_chain-scalar-warm-basic-524288,prefetch-gcc13-scalar,basic,cycles,549003661,250157461,250157461
1,prefetch-gcc13-scalar-r6-prefetch_chain-scalar-warm-basic-524288,prefetch-gcc13-scalar,basic,instructions,139294954,250155762,250155762
1,prefetch-gcc13-scalar-r6-prefetch_chain-scalar-warm-basic-524288,prefetch-gcc13-scalar,basic,ref_cycles,549005908,250151969,250151969
1,prefetch-gcc13-scalar-r6-prefetch_chain-scalar-cache_evicted-basic-8388608,prefetch-gcc13-scalar,basic,cycles,570831187,260106164,260106164
1,prefetch-gcc13-scalar-r6-prefetch_chain-scalar-cache_evicted-basic-8388608,prefetch-gcc13-scalar,basic,instructions,38933414,260105031,260105031
1,prefetch-gcc13-scalar-r6-prefetch_chain-scalar-cache_evicted-basic-8388608,prefetch-gcc13-scalar,basic,ref_cycles,570835254,260101794,260101794
1,prefetch-gcc13-scalar-r6-prefetch_chain-scalar-warm-basic-2097152,prefetch-gcc13-scalar,basic,cycles,550043502,250632927,250632927
1,prefetch-gcc13-scalar-r6-prefetch_chain-scalar-warm-basic-2097152,prefetch-gcc13-scalar,basic,instructions,122247758,250630846,250630846
1,prefetch-gcc13-scalar-r6-prefetch_chain-scalar-warm-basic-2097152,prefetch-gcc13-scalar,basic,ref_cycles,550046134,250627219,250627219
1,prefetch-gcc13-scalar-r6-prefetch_chain-scalar-warm-branch-24576,prefetch-gcc13-scalar,branch,cycles,548732761,250034827,250034827
1,prefetch-gcc13-scalar-r6-prefetch_chain-scalar-warm-branch-24576,prefetch-gcc13-scalar,branch,branches,81261238,250032482,250032482
1,prefetch-gcc13-scalar-r6-prefetch_chain-scalar-warm-branch-24576,prefetch-gcc13-scalar,branch,branch_misses,195413,250028510,250028510
1,prefetch-gcc13-scalar-r6-prefetch_chain-scalar-warm-basic-16384,prefetch-gcc13-scalar,basic,cycles,548731601,250032671,250032671
1,prefetch-gcc13-scalar-r6-prefetch_chain-scalar-warm-basic-16384,prefetch-gcc13-scalar,basic,instructions,867095880,250030277,250030277
1,prefetch-gcc13-scalar-r6-prefetch_chain-scalar-warm-basic-16384,prefetch-gcc13-scalar,basic,ref_cycles,548733218,250027043,250027043
1,prefetch-gcc13-scalar-r6-prefetch_chain-scalar-warm-basic-8192,prefetch-gcc13-scalar,basic,cycles,548730812,250031248,250031248
1,prefetch-gcc13-scalar-r6-prefetch_chain-scalar-warm-basic-8192,prefetch-gcc13-scalar,basic,instructions,882348953,250027820,250027820
1,prefetch-gcc13-scalar-r6-prefetch_chain-scalar-warm-basic-8192,prefetch-gcc13-scalar,basic,ref_cycles,548732206,250024273,250024273
1,prefetch-gcc13-scalar-r6-prefetch_chain-scalar-warm-branch-536870912,prefetch-gcc13-scalar,branch,cycles,1973154923,899004225,899004225
1,prefetch-gcc13-scalar-r6-prefetch_chain-scalar-warm-branch-536870912,prefetch-gcc13-scalar,branch,branches,8388772,899003132,899003132
1,prefetch-gcc13-scalar-r6-prefetch_chain-scalar-warm-branch-536870912,prefetch-gcc13-scalar,branch,branch_misses,25,898999516,898999516
1,prefetch-gcc13-scalar-r6-prefetch_chain-scalar-warm-branch-524288,prefetch-gcc13-scalar,branch,cycles,548924410,250122612,250122612
1,prefetch-gcc13-scalar-r6-prefetch_chain-scalar-warm-branch-524288,prefetch-gcc13-scalar,branch,branches,12689764,250120190,250120190
1,prefetch-gcc13-scalar-r6-prefetch_chain-scalar-warm-branch-524288,prefetch-gcc13-scalar,branch,branch_misses,1590,250116675,250116675
1,prefetch-gcc13-scalar-r6-prefetch_chain-scalar-warm-basic-4194304,prefetch-gcc13-scalar,basic,cycles,550375827,250785064,250785064
1,prefetch-gcc13-scalar-r6-prefetch_chain-scalar-warm-basic-4194304,prefetch-gcc13-scalar,basic,instructions,86527715,250784468,250784468
1,prefetch-gcc13-scalar-r6-prefetch_chain-scalar-warm-basic-4194304,prefetch-gcc13-scalar,basic,ref_cycles,550379610,250781596,250781596
1,prefetch-gcc13-scalar-r6-prefetch_chain-scalar-warm-basic-24576,prefetch-gcc13-scalar,basic,cycles,548730878,250031943,250031943
1,prefetch-gcc13-scalar-r6-prefetch_chain-scalar-warm-basic-24576,prefetch-gcc13-scalar,basic,instructions,863327487,250030378,250030378
1,prefetch-gcc13-scalar-r6-prefetch_chain-scalar-warm-basic-24576,prefetch-gcc13-scalar,basic,ref_cycles,548733306,250026984,250026984
1,prefetch-gcc13-scalar-r6-prefetch_chain-scalar-cache_evicted-branch-1048576,prefetch-gcc13-scalar,branch,cycles,549208751,250252417,250252417
1,prefetch-gcc13-scalar-r6-prefetch_chain-scalar-cache_evicted-branch-1048576,prefetch-gcc13-scalar,branch,branches,12016644,250250803,250250803
1,prefetch-gcc13-scalar-r6-prefetch_chain-scalar-cache_evicted-branch-1048576,prefetch-gcc13-scalar,branch,branch_misses,774,250247163,250247163
1,prefetch-gcc13-scalar-r6-prefetch_chain-scalar-warm-branch-12582912,prefetch-gcc13-scalar,branch,cycles,569326038,259423402,259423402
1,prefetch-gcc13-scalar-r6-prefetch_chain-scalar-warm-branch-12582912,prefetch-gcc13-scalar,branch,branches,2949732,259420624,259420624
1,prefetch-gcc13-scalar-r6-prefetch_chain-scalar-warm-branch-12582912,prefetch-gcc13-scalar,branch,branch_misses,45,259416351,259416351
1,prefetch-gcc13-scalar-r6-prefetch_chain-scalar-warm-branch-196608,prefetch-gcc13-scalar,branch,cycles,548753697,250044942,250044942
1,prefetch-gcc13-scalar-r6-prefetch_chain-scalar-warm-branch-196608,prefetch-gcc13-scalar,branch,branches,27073220,250042804,250042804
1,prefetch-gcc13-scalar-r6-prefetch_chain-scalar-warm-branch-196608,prefetch-gcc13-scalar,branch,branch_misses,8766,250039841,250039841
1,prefetch-gcc13-scalar-r6-prefetch_chain-scalar-warm-basic-393216,prefetch-gcc13-scalar,basic,cycles,548857548,250090356,250090356
1,prefetch-gcc13-scalar-r6-prefetch_chain-scalar-warm-basic-393216,prefetch-gcc13-scalar,basic,instructions,147824590,250087908,250087908
1,prefetch-gcc13-scalar-r6-prefetch_chain-scalar-warm-basic-393216,prefetch-gcc13-scalar,basic,ref_cycles,548859652,250084798,250084798
1,prefetch-gcc13-scalar-r6-prefetch_chain-scalar-warm-branch-134217728,prefetch-gcc13-scalar,branch,cycles,943205678,429760769,429760769
1,prefetch-gcc13-scalar-r6-prefetch_chain-scalar-warm-branch-134217728,prefetch-gcc13-scalar,branch,branches,4194500,429760176,429760176
1,prefetch-gcc13-scalar-r6-prefetch_chain-scalar-warm-branch-134217728,prefetch-gcc13-scalar,branch,branch_misses,28,429756573,429756573
1,prefetch-gcc13-scalar-r6-prefetch_chain-scalar-cache_evicted-branch-262144,prefetch-gcc13-scalar,branch,cycles,548843506,250086242,250086242
1,prefetch-gcc13-scalar-r6-prefetch_chain-scalar-cache_evicted-branch-262144,prefetch-gcc13-scalar,branch,branches,17552404,250085508,250085508
1,prefetch-gcc13-scalar-r6-prefetch_chain-scalar-cache_evicted-branch-262144,prefetch-gcc13-scalar,branch,branch_misses,4300,250082035,250082035
1,prefetch-gcc13-scalar-r6-prefetch_chain-scalar-warm-branch-393216,prefetch-gcc13-scalar,branch,cycles,548846509,250087791,250087791
1,prefetch-gcc13-scalar-r6-prefetch_chain-scalar-warm-branch-393216,prefetch-gcc13-scalar,branch,branches,14174055,250085097,250085097
1,prefetch-gcc13-scalar-r6-prefetch_chain-scalar-warm-branch-393216,prefetch-gcc13-scalar,branch,branch_misses,2340,250081684,250081684
1,prefetch-gcc13-scalar-r6-prefetch_chain-scalar-warm-basic-5242880,prefetch-gcc13-scalar,basic,cycles,550966863,251057221,251057221
1,prefetch-gcc13-scalar-r6-prefetch_chain-scalar-warm-basic-5242880,prefetch-gcc13-scalar,basic,instructions,61287873,251056063,251056063
1,prefetch-gcc13-scalar-r6-prefetch_chain-scalar-warm-basic-5242880,prefetch-gcc13-scalar,basic,ref_cycles,550970332,251052689,251052689
1,prefetch-gcc13-scalar-r6-prefetch_chain-scalar-warm-basic-65536,prefetch-gcc13-scalar,basic,cycles,548738598,250034958,250034958
1,prefetch-gcc13-scalar-r6-prefetch_chain-scalar-warm-basic-65536,prefetch-gcc13-scalar,basic,instructions,338091368,250032460,250032460
1,prefetch-gcc13-scalar-r6-prefetch_chain-scalar-warm-basic-65536,prefetch-gcc13-scalar,basic,ref_cycles,548740082,250029096,250029096
1,prefetch-gcc13-scalar-r6-prefetch_chain-scalar-warm-basic-12582912,prefetch-gcc13-scalar,basic,cycles,583324254,265798654,265798654
1,prefetch-gcc13-scalar-r6-prefetch_chain-scalar-warm-basic-12582912,prefetch-gcc13-scalar,basic,instructions,38931953,265797646,265797646
1,prefetch-gcc13-scalar-r6-prefetch_chain-scalar-warm-basic-12582912,prefetch-gcc13-scalar,basic,ref_cycles,583327778,265794055,265794055
1,prefetch-gcc13-scalar-r6-prefetch_chain-scalar-warm-basic-262144,prefetch-gcc13-scalar,basic,cycles,548751742,250042633,250042633
1,prefetch-gcc13-scalar-r6-prefetch_chain-scalar-warm-basic-262144,prefetch-gcc13-scalar,basic,instructions,188202162,250039764,250039764
1,prefetch-gcc13-scalar-r6-prefetch_chain-scalar-warm-basic-262144,prefetch-gcc13-scalar,basic,ref_cycles,548753656,250036275,250036275
1,prefetch-gcc13-scalar-r6-prefetch_chain-scalar-warm-branch-5242880,prefetch-gcc13-scalar,branch,cycles,555293744,253027966,253027966
1,prefetch-gcc13-scalar-r6-prefetch_chain-scalar-warm-branch-5242880,prefetch-gcc13-scalar,branch,branches,5572868,253028336,253028336
1,prefetch-gcc13-scalar-r6-prefetch_chain-scalar-warm-branch-5242880,prefetch-gcc13-scalar,branch,branch_misses,113,253024529,253024529
1,prefetch-gcc13-scalar-r6-prefetch_chain-scalar-warm-basic-49152,prefetch-gcc13-scalar,basic,cycles,548735909,250034885,250034885
1,prefetch-gcc13-scalar-r6-prefetch_chain-scalar-warm-basic-49152,prefetch-gcc13-scalar,basic,instructions,339222447,250032458,250032458
1,prefetch-gcc13-scalar-r6-prefetch_chain-scalar-warm-basic-49152,prefetch-gcc13-scalar,basic,ref_cycles,548737222,250028738,250028738
1,prefetch-gcc13-scalar-r6-prefetch_chain-scalar-warm-basic-98304,prefetch-gcc13-scalar,basic,cycles,548740882,250037564,250037564
1,prefetch-gcc13-scalar-r6-prefetch_chain-scalar-warm-basic-98304,prefetch-gcc13-scalar,basic,instructions,337155203,250036218,250036218
1,prefetch-gcc13-scalar-r6-prefetch_chain-scalar-warm-basic-98304,prefetch-gcc13-scalar,basic,ref_cycles,548743734,250033223,250033223
1,prefetch-gcc13-scalar-r6-prefetch_chain-scalar-cache_evicted-branch-6291456,prefetch-gcc13-scalar,branch,cycles,553299850,252122202,252122202
1,prefetch-gcc13-scalar-r6-prefetch_chain-scalar-cache_evicted-branch-6291456,prefetch-gcc13-scalar,branch,branches,3343556,252120774,252120774
1,prefetch-gcc13-scalar-r6-prefetch_chain-scalar-cache_evicted-branch-6291456,prefetch-gcc13-scalar,branch,branch_misses,67,252116849,252116849
1,prefetch-gcc13-scalar-r6-prefetch_chain-scalar-cache_evicted-branch-8388608,prefetch-gcc13-scalar,branch,cycles,560498083,255400855,255400855
1,prefetch-gcc13-scalar-r6-prefetch_chain-scalar-cache_evicted-branch-8388608,prefetch-gcc13-scalar,branch,branches,4064356,255400128,255400128
1,prefetch-gcc13-scalar-r6-prefetch_chain-scalar-cache_evicted-branch-8388608,prefetch-gcc13-scalar,branch,branch_misses,73,255396628,255396628
1,prefetch-gcc13-scalar-r6-prefetch_chain-scalar-warm-branch-28672,prefetch-gcc13-scalar,branch,cycles,548732205,250034212,250034212
1,prefetch-gcc13-scalar-r6-prefetch_chain-scalar-warm-branch-28672,prefetch-gcc13-scalar,branch,branches,79291100,250032110,250032110
1,prefetch-gcc13-scalar-r6-prefetch_chain-scalar-warm-branch-28672,prefetch-gcc13-scalar,branch,branch_misses,165283,250029185,250029185
1,prefetch-gcc13-scalar-r6-prefetch_chain-scalar-warm-basic-6291456,prefetch-gcc13-scalar,basic,cycles,552714090,251853376,251853376
1,prefetch-gcc13-scalar-r6-prefetch_chain-scalar-warm-basic-6291456,prefetch-gcc13-scalar,basic,instructions,43260909,251853077,251853077
1,prefetch-gcc13-scalar-r6-prefetch_chain-scalar-warm-basic-6291456,prefetch-gcc13-scalar,basic,ref_cycles,552718408,251849562,251849562
1,prefetch-gcc13-scalar-r6-prefetch_chain-scalar-warm-basic-33554432,prefetch-gcc13-scalar,basic,cycles,622925365,283842437,283842437
1,prefetch-gcc13-scalar-r6-prefetch_chain-scalar-warm-basic-33554432,prefetch-gcc13-scalar,basic,instructions,34604615,283841092,283841092
1,prefetch-gcc13-scalar-r6-prefetch_chain-scalar-warm-basic-33554432,prefetch-gcc13-scalar,basic,ref_cycles,622929934,283837791,283837791
1,prefetch-gcc13-scalar-r7-prefetch_chain-scalar-warm-branch-16384,prefetch-gcc13-scalar,branch,cycles,548731069,250033277,250033277
1,prefetch-gcc13-scalar-r7-prefetch_chain-scalar-warm-branch-16384,prefetch-gcc13-scalar,branch,branches,83841736,250029847,250029847
1,prefetch-gcc13-scalar-r7-prefetch_chain-scalar-warm-branch-16384,prefetch-gcc13-scalar,branch,branch_misses,291241,250025942,250025942
1,prefetch-gcc13-scalar-r7-prefetch_chain-scalar-warm-basic-7340032,prefetch-gcc13-scalar,basic,cycles,553274342,252105816,252105816
1,prefetch-gcc13-scalar-r7-prefetch_chain-scalar-warm-basic-7340032,prefetch-gcc13-scalar,basic,instructions,51731600,252105952,252105952
1,prefetch-gcc13-scalar-r7-prefetch_chain-scalar-warm-basic-7340032,prefetch-gcc13-scalar,basic,ref_cycles,553278528,252102866,252102866
1,prefetch-gcc13-scalar-r7-prefetch_chain-scalar-warm-branch-229376,prefetch-gcc13-scalar,branch,cycles,548820841,250074894,250074894
1,prefetch-gcc13-scalar-r7-prefetch_chain-scalar-warm-branch-229376,prefetch-gcc13-scalar,branch,branches,21706983,250073851,250073851
1,prefetch-gcc13-scalar-r7-prefetch_chain-scalar-warm-branch-229376,prefetch-gcc13-scalar,branch,branch_misses,6054,250070740,250070740
1,prefetch-gcc13-scalar-r7-prefetch_chain-scalar-warm-branch-262144,prefetch-gcc13-scalar,branch,cycles,548802766,250067601,250067601
1,prefetch-gcc13-scalar-r7-prefetch_chain-scalar-warm-branch-262144,prefetch-gcc13-scalar,branch,branches,22534894,250063707,250063707
1,prefetch-gcc13-scalar-r7-prefetch_chain-scalar-warm-branch-262144,prefetch-gcc13-scalar,branch,branch_misses,5512,250060049,250060049
1,prefetch-gcc13-scalar-r7-prefetch_chain-scalar-warm-branch-536870912,prefetch-gcc13-scalar,branch,cycles,1986521782,905094283,905094283
1,prefetch-gcc13-scalar-r7-prefetch_chain-scalar-warm-branch-536870912,prefetch-gcc13-scalar,branch,branches,8388772,905093220,905093220
1,prefetch-gcc13-scalar-r7-prefetch_chain-scalar-warm-branch-536870912,prefetch-gcc13-scalar,branch,branch_misses,27,905090006,905090006
1,prefetch-gcc13-scalar-r7-prefetch_chain-scalar-warm-basic-5242880,prefetch-gcc13-scalar,basic,cycles,548925872,250126063,250126063
1,prefetch-gcc13-scalar-r7-prefetch_chain-scalar-warm-basic-5242880,prefetch-gcc13-scalar,basic,instructions,58584024,250125066,250125066
1,prefetch-gcc13-scalar-r7-prefetch_chain-scalar-warm-basic-5242880,prefetch-gcc13-scalar,basic,ref_cycles,548929634,250121481,250121481
1,prefetch-gcc13-scalar-r7-prefetch_chain-scalar-warm-basic-1048576,prefetch-gcc13-scalar,basic,cycles,549073289,250188930,250188930
1,prefetch-gcc13-scalar-r7-prefetch_chain-scalar-warm-basic-1048576,prefetch-gcc13-scalar,basic,instructions,132765468,250187070,250187070
1,prefetch-gcc13-scalar-r7-prefetch_chain-scalar-warm-basic-1048576,prefetch-gcc13-scalar,basic,ref_cycles,549075582,250183928,250183928
1,prefetch-gcc13-scalar-r7-prefetch_chain-scalar-cache_evicted-basic-1048576,prefetch-gcc13-scalar,basic,cycles,549290139,250287053,250287053
1,prefetch-gcc13-scalar-r7-prefetch_chain-scalar-cache_evicted-basic-1048576,prefetch-gcc13-scalar,basic,instructions,132224318,250284233,250284233
1,prefetch-gcc13-scalar-r7-prefetch_chain-scalar-cache_evicted-basic-1048576,prefetch-gcc13-scalar,basic,ref_cycles,549291468,250280818,250280818
1,prefetch-gcc13-scalar-r7-prefetch_chain-scalar-warm-branch-49152,prefetch-gcc13-scalar,branch,cycles,548738106,250036831,250036831
1,prefetch-gcc13-scalar-r7-prefetch_chain-scalar-warm-branch-49152,prefetch-gcc13-scalar,branch,branches,31488153,250035758,250035758
1,prefetch-gcc13-scalar-r7-prefetch_chain-scalar-warm-branch-49152,prefetch-gcc13-scalar,branch,branch_misses,39415,250032279,250032279
1,prefetch-gcc13-scalar-r7-prefetch_chain-scalar-cache_evicted-branch-1048576,prefetch-gcc13-scalar,branch,cycles,549286400,250288960,250288960
1,prefetch-gcc13-scalar-r7-prefetch_chain-scalar-cache_evicted-branch-1048576,prefetch-gcc13-scalar,branch,branches,12016644,250286734,250286734
1,prefetch-gcc13-scalar-r7-prefetch_chain-scalar-cache_evicted-branch-1048576,prefetch-gcc13-scalar,branch,branch_misses,775,250282929,250282929
1,prefetch-gcc13-scalar-r7-prefetch_chain-scalar-cache_evicted-branch-8388608,prefetch-gcc13-scalar,branch,cycles,564195985,257085091,257085091
1,prefetch-gcc13-scalar-r7-prefetch_chain-scalar-cache_evicted-branch-8388608,prefetch-gcc13-scalar,branch,branches,4064356,257083447,257083447
1,prefetch-gcc13-scalar-r7-prefetch_chain-scalar-cache_evicted-branch-8388608,prefetch-gcc13-scalar,branch,branch_misses,69,257079889,257079889
1,prefetch-gcc13-scalar-r7-prefetch_chain-scalar-cache_evicted-basic-6291456,prefetch-gcc13-scalar,basic,cycles,551947756,251501981,251501981
1,prefetch-gcc13-scalar-r7-prefetch_chain-scalar-cache_evicted-basic-6291456,prefetch-gcc13-scalar,basic,instructions,41097895,251500706,251500706
1,prefetch-gcc13-scalar-r7-prefetch_chain-scalar-cache_evicted-basic-6291456,prefetch-gcc13-scalar,basic,ref_cycles,551951004,251497510,251497510
1,prefetch-gcc13-scalar-r7-prefetch_chain-scalar-warm-branch-8192,prefetch-gcc13-scalar,branch,cycles,548731799,250033815,250033815
1,prefetch-gcc13-scalar-r7-prefetch_chain-scalar-warm-branch-8192,prefetch-gcc13-scalar,branch,branches,89834743,250032090,250032090
1,prefetch-gcc13-scalar-r7-prefetch_chain-scalar-warm-branch-8192,prefetch-gcc13-scalar,branch,branch_misses,561688,250028911,250028911
1,prefetch-gcc13-scalar-r7-prefetch_chain-scalar-warm-branch-4194304,prefetch-gcc13-scalar,branch,cycles,551372627,251240964,251240964
1,prefetch-gcc13-scalar-r7-prefetch_chain-scalar-warm-branch-4194304,prefetch-gcc13-scalar,branch,branches,7737156,251240882,251240882
1,prefetch-gcc13-scalar-r7-prefetch_chain-scalar-warm-branch-4194304,prefetch-gcc13-scalar,branch,branch_misses,166,251237179,251237179
1,prefetch-gcc13-scalar-r7-prefetch_chain-scalar-warm-branch-196608,prefetch-gcc13-scalar,branch,cycles,548744776,250039973,250039973
1,prefetch-gcc13-scalar-r7-prefetch_chain-scalar-warm-branch-196608,prefetch-gcc13-scalar,branch,branches,25328804,250037277,250037277
1,prefetch-gcc13-scalar-r7-prefetch_chain-scalar-warm-branch-196608,prefetch-gcc13-scalar,branch,branch_misses,8205,250033736,250033736
1,prefetch-gcc13-scalar-r7-prefetch_chain-scalar-warm-basic-33554432,prefetch-gcc13-scalar,basic,cycles,652317231,297232076,297232076
1,prefetch-gcc13-scalar-r7-prefetch_chain-scalar-warm-basic-33554432,prefetch-gcc13-scalar,basic,instructions,34604615,297231613,297231613
1,prefetch-gcc13-scalar-r7-prefetch_chain-scalar-warm-basic-33554432,prefetch-gcc13-scalar,basic,ref_cycles,652321098,297228254,297228254
1,prefetch-gcc13-scalar-r7-prefetch_chain-scalar-cache_evicted-basic-536870912,prefetch-gcc13-scalar,basic,cycles,1968918971,897072613,897072613
1,prefetch-gcc13-scalar-r7-prefetch_chain-scalar-cache_evicted-basic-536870912,prefetch-gcc13-scalar,basic,instructions,92275480,897071078,897071078
1,prefetch-gcc13-scalar-r7-prefetch_chain-scalar-cache_evicted-basic-536870912,prefetch-gcc13-scalar,basic,ref_cycles,1968922120,897068235,897068235
1,prefetch-gcc13-scalar-r7-prefetch_chain-scalar-warm-branch-134217728,prefetch-gcc13-scalar,branch,cycles,943406015,429852640,429852640
1,prefetch-gcc13-scalar-r7-prefetch_chain-scalar-warm-branch-134217728,prefetch-gcc13-scalar,branch,branches,4194500,429851030,429851030
1,prefetch-gcc13-scalar-r7-prefetch_chain-scalar-warm-branch-134217728,prefetch-gcc13-scalar,branch,branch_misses,31,429846953,429846953
1,prefetch-gcc13-scalar-r7-prefetch_chain-scalar-warm-branch-98304,prefetch-gcc13-scalar,branch,cycles,548739180,250037163,250037163
1,prefetch-gcc13-scalar-r7-prefetch_chain-scalar-warm-branch-98304,prefetch-gcc13-scalar,branch,branches,30950908,250034388,250034388
1,prefetch-gcc13-scalar-r7-prefetch_chain-scalar-warm-branch-98304,prefetch-gcc13-scalar,branch,branch_misses,19794,250030847,250030847
1,prefetch-gcc13-scalar-r7-prefetch_chain-scalar-warm-basic-24576,prefetch-gcc13-scalar,basic,cycles,548731734,250032312,250032312
1,prefetch-gcc13-scalar-r7-prefetch_chain-scalar-warm-basic-24576,prefetch-gcc13-scalar,basic,instructions,863419586,250031028,250031028
1,prefetch-gcc13-scalar-r7-prefetch_chain-scalar-warm-basic-24576,prefetch-gcc13-scalar,basic,ref_cycles,548734472,250027638,250027638
1,prefetch-gcc13-scalar-r7-prefetch_chain-scalar-warm-branch-131072,prefetch-gcc13-scalar,branch,cycles,548744316,250040041,250040041
1,prefetch-gcc13-scalar-r7-prefetch_chain-scalar-warm-branch-131072,prefetch-gcc13-scalar,branch,branches,30861169,250037460,250037460
1,prefetch-gcc13-scalar-r7-prefetch_chain-scalar-warm-branch-131072,prefetch-gcc13-scalar,branch,branch_misses,14895,250033691,250033691
1,prefetch-gcc13-scalar-r7-prefetch_chain-scalar-warm-basic-36864,prefetch-gcc13-scalar,basic,cycles,548733372,250032264,250032264
1,prefetch-gcc13-scalar-r7-prefetch_chain-scalar-warm-basic-36864,prefetch-gcc13-scalar,basic,instructions,340983780,250029155,250029155
1,prefetch-gcc13-scalar-r7-prefetch_chain-scalar-warm-basic-36864,prefetch-gcc13-scalar,basic,ref_cycles,548734824,250025591,250025591
1,prefetch-gcc13-scalar-r7-prefetch_chain-scalar-warm-basic-8388608,prefetch-gcc13-scalar,basic,cycles,551549048,251319836,251319836
1,prefetch-gcc13-scalar-r7-prefetch_chain-scalar-warm-basic-8388608,prefetch-gcc13-scalar,basic,instructions,46143189,251318904,251318904
1,prefetch-gcc13-scalar-r7-prefetch_chain-scalar-warm-basic-8388608,prefetch-gcc13-scalar,basic,ref_cycles,551552848,251316408,251316408
1,prefetch-gcc13-scalar-r7-prefetch_chain-scalar-warm-basic-131072,prefetch-gcc13-scalar,basic,cycles,548748234,250039334,250039334
1,prefetch-gcc13-scalar-r7-prefetch_chain-scalar-warm-basic-131072,prefetch-gcc13-scalar,basic,instructions,336440189,250036412,250036412
1,prefetch-gcc13-scalar-r7-prefetch_chain-scalar-warm-basic-131072,prefetch-gcc13-scalar,basic,ref_cycles,548749322,250032858,250032858
1,prefetch-gcc13-scalar-r7-prefetch_chain-scalar-warm-basic-4194304,prefetch-gcc13-scalar,basic,cycles,555049416,252916171,252916171
1,prefetch-gcc13-scalar-r7-prefetch_chain-scalar-warm-basic-4194304,prefetch-gcc13-scalar,basic,instructions,67780175,252914913,252914913
1,prefetch-gcc13-scalar-r7-prefetch_chain-scalar-warm-basic-4194304,prefetch-gcc13-scalar,basic,ref_cycles,555052652,252911118,252911118
1,prefetch-gcc13-scalar-r7-prefetch_chain-scalar-warm-branch-33554432,prefetch-gcc13-scalar,branch,cycles,624202808,284423925,284423925
1,prefetch-gcc13-scalar-r7-prefetch_chain-scalar-warm-branch-33554432,prefetch-gcc13-scalar,branch,branches,3146052,284422296,284422296
1,prefetch-gcc13-scalar-r7-prefetch_chain-scalar-warm-branch-33554432,prefetch-gcc13-scalar,branch,branch_misses,43,284418168,284418168
1,prefetch-gcc13-scalar-r7-prefetch_chain-scalar-warm-branch-8388608,prefetch-gcc13-scalar,branch,cycles,558671405,254565478,254565478
1,prefetch-gcc13-scalar-r7-prefetch_chain-scalar-warm-branch-8388608,prefetch-gcc13-scalar,branch,branches,4588772,254565050,254565050
1,prefetch-gcc13-scalar-r7-prefetch_chain-scalar-warm-branch-8388608,prefetch-gcc13-scalar,branch,branch_misses,75,254560870,254560870
1,prefetch-gcc13-scalar-r7-prefetch_chain-scalar-cache_evicted-branch-32768,prefetch-gcc13-scalar,branch,cycles,548735486,250036613,250036613
1,prefetch-gcc13-scalar-r7-prefetch_chain-scalar-cache_evicted-branch-32768,prefetch-gcc13-scalar,branch,branches,61101112,250034690,250034690
1,prefetch-gcc13-scalar-r7-prefetch_chain-scalar-cache_evicted-branch-32768,prefetch-gcc13-scalar,branch,branch_misses,112398,250030650,250030650
1,prefetch-gcc13-scalar-r7-prefetch_chain-scalar-warm-basic-98304,prefetch-gcc13-scalar,basic,cycles,548743296,250036836,250036836
1,prefetch-gcc13-scalar-r7-prefetch_chain-scalar-warm-basic-98304,prefetch-gcc13-scalar,basic,instructions,337001202,250033882,250033882
1,prefetch-gcc13-scalar-r7-prefetch_chain-scalar-warm-basic-98304,prefetch-gcc13-scalar,basic,ref_cycles,548744768,250030271,250030271
1,prefetch-gcc13-scalar-r7-prefetch_chain-scalar-warm-basic-16384,prefetch-gcc13-scalar,basic,cycles,548730563,250031440,250031440
1,prefetch-gcc13-scalar-r7-prefetch_chain-scalar-warm-basic-16384,prefetch-gcc13-scalar,basic,instructions,867191056,250028140,250028140
1,prefetch-gcc13-scalar-r7-prefetch_chain-scalar-warm-basic-16384,prefetch-gcc13-scalar,basic,ref_cycles,548731744,250024616,250024616
1,prefetch-gcc13-scalar-r7-prefetch_chain-scalar-warm-branch-36864,prefetch-gcc13-scalar,branch,cycles,548730491,250031328,250031328
1,prefetch-gcc13-scalar-r7-prefetch_chain-scalar-warm-branch-36864,prefetch-gcc13-scalar,branch,branches,31828975,250028931,250028931
1,prefetch-gcc13-scalar-r7-prefetch_chain-scalar-warm-branch-36864,prefetch-gcc13-scalar,branch,branch_misses,52409,250025169,250025169
1,prefetch-gcc13-scalar-r7-prefetch_chain-scalar-cache_evicted-branch-262144,prefetch-gcc13-scalar,branch,cycles,548745642,250039954,250039954
1,prefetch-gcc13-scalar-r7-prefetch_chain-scalar-cache_evicted-branch-262144,prefetch-gcc13-scalar,branch,branches,17944566,250036827,250036827
1,prefetch-gcc13-scalar-r7-prefetch_chain-scalar-cache_evicted-branch-262144,prefetch-gcc13-scalar,branch,branch_misses,4391,250032850,250032850
1,prefetch-gcc13-scalar-r7-prefetch_chain-scalar-cache_evicted-branch-33554432,prefetch-gcc13-scalar,branch,cycles,633303168,288570129,288570129
1,prefetch-gcc13-scalar-r7-prefetch_chain-scalar-cache_evicted-branch-33554432,prefetch-gcc13-scalar,branch,branches,3146052,288570309,288570309
1,prefetch-gcc13-scalar-r7-prefetch_chain-scalar-cache_evicted-branch-33554432,prefetch-gcc13-scalar,branch,branch_misses,41,288567026,288567026
1,prefetch-gcc13-scalar-r7-prefetch_chain-scalar-warm-basic-393216,prefetch-gcc13-scalar,basic,cycles,548754884,250043528,250043528
1,prefetch-gcc13-scalar-r7-prefetch_chain-scalar-warm-basic-393216,prefetch-gcc13-scalar,basic,instructions,149653752,250041751,250041751
1,prefetch-gcc13-scalar-r7-prefetch_chain-scalar-warm-basic-393216,prefetch-gcc13-scalar,basic,ref_cycles,548756890,250038675,250038675
1,prefetch-gcc13-scalar-r7-prefetch_chain-scalar-warm-basic-8192,prefetch-gcc13-scalar,basic,cycles,548731071,250031279,250031279
1,prefetch-gcc13-scalar-r7-prefetch_chain-scalar-warm-basic-8192,prefetch-gcc13-scalar,basic,instructions,880290203,250027976,250027976
1,prefetch-gcc13-scalar-r7-prefetch_chain-scalar-warm-basic-8192,prefetch-gcc13-scalar,basic,ref_cycles,548732338,250024501,250024501
1,prefetch-gcc13-scalar-r7-prefetch_chain-scalar-cache_evicted-basic-262144,prefetch-gcc13-scalar,basic,cycles,548792335,250060771,250060771
1,prefetch-gcc13-scalar-r7-prefetch_chain-scalar-cache_evicted-basic-262144,prefetch-gcc13-scalar,basic,instructions,256844563,250059416,250059416
1,prefetch-gcc13-scalar-r7-prefetch_chain-scalar-cache_evicted-basic-262144,prefetch-gcc13-scalar,basic,ref_cycles,548794422,250056194,250056194
1,prefetch-gcc13-scalar-r7-prefetch_chain-scalar-warm-branch-7340032,prefetch-gcc13-scalar,branch,cycles,561236692,255733418,255733418
1,prefetch-gcc13-scalar-r7-prefetch_chain-scalar-warm-branch-7340032,prefetch-gcc13-scalar,branch,branches,4588932,255733296,255733296
1,prefetch-gcc13-scalar-r7-prefetch_chain-scalar-warm-branch-7340032,prefetch-gcc13-scalar,branch,branch_misses,82,255729796,255729796
1,prefetch-gcc13-scalar-r7-prefetch_chain-scalar-warm-basic-229376,prefetch-gcc13-scalar,basic,cycles,548798207,250062734,250062734
1,prefetch-gcc13-scalar-r7-prefetch_chain-scalar-warm-basic-229376,prefetch-gcc13-scalar,basic,instructions,269192391,250059928,250059928
1,prefetch-gcc13-scalar-r7-prefetch_chain-scalar-warm-basic-229376,prefetch-gcc13-scalar,basic,ref_cycles,548799702,250056394,250056394
1,prefetch-gcc13-scalar-r7-prefetch_chain-scalar-warm-branch-32768,prefetch-gcc13-scalar,branch,cycles,548735949,250036794,250036794
1,prefetch-gcc13-scalar-r7-prefetch_chain-scalar-warm-branch-32768,prefetch-gcc13-scalar,branch,branches,60680193,250035428,250035428
1,prefetch-gcc13-scalar-r7-prefetch_chain-scalar-warm-branch-32768,prefetch-gcc13-scalar,branch,branch_misses,111647,250032457,250032457
1,prefetch-gcc13-scalar-r7-prefetch_chain-scalar-warm-branch-2097152,prefetch-gcc13-scalar,branch,cycles,549755304,250503656,250503656
1,prefetch-gcc13-scalar-r7-prefetch_chain-scalar-warm-branch-2097152,prefetch-gcc13-scalar,branch,branches,9676132,250501921,250501921
1,prefetch-gcc13-scalar-r7-prefetch_chain-scalar-warm-branch-2097152,prefetch-gcc13-scalar,branch,branch_misses,344,250497899,250497899
1,prefetch-gcc13-scalar-r7-prefetch_chain-scalar-cache_evicted-branch-536870912,prefetch-gcc13-scalar,branch,cycles,1974237578,899497422,899497422
1,prefetch-gcc13-scalar-r7-prefetch_chain-scalar-cache_evicted-branch-536870912,prefetch-gcc13-scalar,branch,branches,8388772,899495949,899495949
1,prefetch-gcc13-scalar-r7-prefetch_chain-scalar-cache_evicted-branch-536870912,prefetch-gcc13-scalar,branch,branch_misses,24,899492037,899492037
1,prefetch-gcc13-scalar-r7-prefetch_chain-scalar-warm-basic-262144,prefetch-gcc13-scalar,basic,cycles,548809052,250069556,250069556
1,prefetch-gcc13-scalar-r7-prefetch_chain-scalar-warm-basic-262144,prefetch-gcc13-scalar,basic,instructions,190598714,250068111,250068111
1,prefetch-gcc13-scalar-r7-prefetch_chain-scalar-warm-basic-262144,prefetch-gcc13-scalar,basic,ref_cycles,548811736,250065155,250065155
1,prefetch-gcc13-scalar-r7-prefetch_chain-scalar-warm-basic-196608,prefetch-gcc13-scalar,basic,cycles,548792086,250060778,250060778
1,prefetch-gcc13-scalar-r7-prefetch_chain-scalar-warm-basic-196608,prefetch-gcc13-scalar,basic,instructions,294526299,250058960,250058960
1,prefetch-gcc13-scalar-r7-prefetch_chain-scalar-warm-basic-196608,prefetch-gcc13-scalar,basic,ref_cycles,548794400,250055711,250055711
1,prefetch-gcc13-scalar-r7-prefetch_chain-scalar-warm-basic-536870912,prefetch-gcc13-scalar,basic,cycles,1981594454,902848413,902848413
1,prefetch-gcc13-scalar-r7-prefetch_chain-scalar-warm-basic-536870912,prefetch-gcc13-scalar,basic,instructions,92275480,902847406,902847406
1,prefetch-gcc13-scalar-r7-prefetch_chain-scalar-warm-basic-536870912,prefetch-gcc13-scalar,basic,ref_cycles,1981598212,902844518,902844518
1,prefetch-gcc13-scalar-r7-prefetch_chain-scalar-warm-branch-524288,prefetch-gcc13-scalar,branch,cycles,549021923,250165344,250165344
1,prefetch-gcc13-scalar-r7-prefetch_chain-scalar-warm-branch-524288,prefetch-gcc13-scalar,branch,branches,12623972,250161789,250161789
1,prefetch-gcc13-scalar-r7-prefetch_chain-scalar-warm-branch-524288,prefetch-gcc13-scalar,branch,branch_misses,1567,250157696,250157696
1,prefetch-gcc13-scalar-r7-prefetch_chain-scalar-warm-branch-12582912,prefetch-gcc13-scalar,branch,cycles,571057115,260209742,260209742
1,prefetch-gcc13-scalar-r7-prefetch_chain-scalar-warm-branch-12582912,prefetch-gcc13-scalar,branch,branches,3932932,260211648,260211648
1,prefetch-gcc13-scalar-r7-prefetch_chain-scalar-warm-branch-12582912,prefetch-gcc13-scalar,branch,branch_misses,58,260207963,260207963
1,prefetch-gcc13-scalar-r7-prefetch_chain-scalar-warm-basic-49152,prefetch-gcc13-scalar,basic,cycles,548735253,250033772,250033772
1,prefetch-gcc13-scalar-r7-prefetch_chain-scalar-warm-basic-49152,prefetch-gcc13-scalar,basic,instructions,339144920,250030005,250030005
1,prefetch-gcc13-scalar-r7-prefetch_chain-scalar-warm-basic-49152,prefetch-gcc13-scalar,basic,ref_cycles,548735968,250026236,250026236
1,prefetch-gcc13-scalar-r7-prefetch_chain-scalar-warm-basic-6291456,prefetch-gcc13-scalar,basic,cycles,563335159,256688464,256688464
1,prefetch-gcc13-scalar-r7-prefetch_chain-scalar-warm-basic-6291456,prefetch-gcc13-scalar,basic,instructions,46505430,256688750,256688750
1,prefetch-gcc13-scalar-r7-prefetch_chain-scalar-warm-basic-6291456,prefetch-gcc13-scalar,basic,ref_cycles,563338622,256685273,256685273
1,prefetch-gcc13-scalar-r7-prefetch_chain-scalar-warm-branch-294912,prefetch-gcc13-scalar,branch,cycles,548839944,250084410,250084410
1,prefetch-gcc13-scalar-r7-prefetch_chain-scalar-warm-branch-294912,prefetch-gcc13-scalar,branch,branches,18175018,250082587,250082587
1,prefetch-gcc13-scalar-r7-prefetch_chain-scalar-warm-branch-294912,prefetch-gcc13-scalar,branch,branch_misses,3967,250078846,250078846
1,prefetch-gcc13-scalar-r7-prefetch_chain-scalar-warm-basic-524288,prefetch-gcc13-scalar,basic,cycles,549038632,250174274,250174274
1,prefetch-gcc13-scalar-r7-prefetch_chain-scalar-warm-basic-524288,prefetch-gcc13-scalar,basic,instructions,137579736,250172184,250172184
1,prefetch-gcc13-scalar-r7-prefetch_chain-scalar-warm-basic-524288,prefetch-gcc13-scalar,basic,ref_cycles,549041328,250168867,250168867
1,prefetch-gcc13-scalar-r7-prefetch_chain-scalar-warm-branch-1048576,prefetch-gcc13-scalar,branch,cycles,549325742,250308442,250308442
1,prefetch-gcc13-scalar-r7-prefetch_chain-scalar-warm-branch-1048576,prefetch-gcc13-scalar,branch,branches,10046724,250305939,250305939
1,prefetch-gcc13-scalar-r7-prefetch_chain-scalar-warm-branch-1048576,prefetch-gcc13-scalar,branch,branch_misses,662,250301682,250301682
1,prefetch-gcc13-scalar-r7-prefetch_chain-scalar-cache_evicted-basic-8388608,prefetch-gcc13-scalar,basic,cycles,558298155,254398346,254398346
1,prefetch-gcc13-scalar-r7-prefetch_chain-scalar-cache_evicted-basic-8388608,prefetch-gcc13-scalar,basic,instructions,31723639,254396838,254396838
1,prefetch-gcc13-scalar-r7-prefetch_chain-scalar-cache_evicted-basic-8388608,prefetch-gcc13-scalar,basic,ref_cycles,558301744,254393524,254393524
1,prefetch-gcc13-scalar-r7-prefetch_chain-scalar-warm-branch-65536,prefetch-gcc13-scalar,branch,cycles,548732138,250036131,250036131
1,prefetch-gcc13-scalar-r7-prefetch_chain-scalar-warm-branch-65536,prefetch-gcc13-scalar,branch,branches,31096227,250034468,250034468
1,prefetch-gcc13-scalar-r7-prefetch_chain-scalar-warm-branch-65536,prefetch-gcc13-scalar,branch,branch_misses,29516,250030595,250030595
1,prefetch-gcc13-scalar-r7-prefetch_chain-scalar-cache_evicted-basic-33554432,prefetch-gcc13-scalar,basic,cycles,656124459,298969359,298969359
1,prefetch-gcc13-scalar-r7-prefetch_chain-scalar-cache_evicted-basic-33554432,prefetch-gcc13-scalar,basic,instructions,34604615,298967663,298967663
1,prefetch-gcc13-scalar-r7-prefetch_chain-scalar-cache_evicted-basic-33554432,prefetch-gcc13-scalar,basic,ref_cycles,656129738,298963592,298963592
1,prefetch-gcc13-scalar-r7-prefetch_chain-scalar-warm-branch-5242880,prefetch-gcc13-scalar,branch,cycles,549759505,250508447,250508447
1,prefetch-gcc13-scalar-r7-prefetch_chain-scalar-warm-branch-5242880,prefetch-gcc13-scalar,branch,branches,3032356,250506999,250506999
1,prefetch-gcc13-scalar-r7-prefetch_chain-scalar-warm-branch-5242880,prefetch-gcc13-scalar,branch,branch_misses,72,250503076,250503076
1,prefetch-gcc13-scalar-r7-prefetch_chain-scalar-warm-basic-134217728,prefetch-gcc13-scalar,basic,cycles,969647419,441807581,441807581
1,prefetch-gcc13-scalar-r7-prefetch_chain-scalar-warm-basic-134217728,prefetch-gcc13-scalar,basic,instructions,46138299,441806457,441806457
1,prefetch-gcc13-scalar-r7-prefetch_chain-scalar-warm-basic-134217728,prefetch-gcc13-scalar,basic,ref_cycles,969651144,441802917,441802917
1,prefetch-gcc13-scalar-r7-prefetch_chain-scalar-cache_evicted-branch-6291456,prefetch-gcc13-scalar,branch,cycles,557500167,254035649,254035649
1,prefetch-gcc13-scalar-r7-prefetch_chain-scalar-cache_evicted-branch-6291456,prefetch-gcc13-scalar,branch,branches,3441892,254033958,254033958
1,prefetch-gcc13-scalar-r7-prefetch_chain-scalar-cache_evicted-branch-6291456,prefetch-gcc13-scalar,branch,branch_misses,76,254030227,254030227
1,prefetch-gcc13-scalar-r7-prefetch_chain-scalar-warm-branch-6291456,prefetch-gcc13-scalar,branch,cycles,557544388,254054311,254054311
1,prefetch-gcc13-scalar-r7-prefetch_chain-scalar-warm-branch-6291456,prefetch-gcc13-scalar,branch,branches,3245220,254054269,254054269
1,prefetch-gcc13-scalar-r7-prefetch_chain-scalar-warm-branch-6291456,prefetch-gcc13-scalar,branch,branch_misses,68,254050448,254050448
1,prefetch-gcc13-scalar-r7-prefetch_chain-scalar-warm-basic-65536,prefetch-gcc13-scalar,basic,cycles,548744750,250039514,250039514
1,prefetch-gcc13-scalar-r7-prefetch_chain-scalar-warm-basic-65536,prefetch-gcc13-scalar,basic,instructions,338239877,250038523,250038523
1,prefetch-gcc13-scalar-r7-prefetch_chain-scalar-warm-basic-65536,prefetch-gcc13-scalar,basic,ref_cycles,548748288,250035521,250035521
1,prefetch-gcc13-scalar-r7-prefetch_chain-scalar-warm-basic-32768,prefetch-gcc13-scalar,basic,cycles,548733303,250034348,250034348
1,prefetch-gcc13-scalar-r7-prefetch_chain-scalar-warm-basic-32768,prefetch-gcc13-scalar,basic,instructions,650327389,250033427,250033427
1,prefetch-gcc13-scalar-r7-prefetch_chain-scalar-warm-basic-32768,prefetch-gcc13-scalar,basic,ref_cycles,548736320,250030779,250030779
1,prefetch-gcc13-scalar-r7-prefetch_chain-scalar-warm-branch-28672,prefetch-gcc13-scalar,branch,cycles,548731561,250033575,250033575
1,prefetch-gcc13-scalar-r7-prefetch_chain-scalar-warm-branch-28672,prefetch-gcc13-scalar,branch,branches,76817509,250032319,250032319
1,prefetch-gcc13-scalar-r7-prefetch_chain-scalar-warm-branch-28672,prefetch-gcc13-scalar,branch,branch_misses,160160,250029055,250029055
1,prefetch-gcc13-scalar-r7-prefetch_chain-scalar-warm-basic-12582912,prefetch-gcc13-scalar,basic,cycles,555900513,253305578,253305578
1,prefetch-gcc13-scalar-r7-prefetch_chain-scalar-warm-basic-12582912,prefetch-gcc13-scalar,basic,instructions,30280543,253304190,253304190
1,prefetch-gcc13-scalar-r7-prefetch_chain-scalar-warm-basic-12582912,prefetch-gcc13-scalar,basic,ref_cycles,555904932,253301058,253301058
1,prefetch-gcc13-scalar-r7-prefetch_chain-scalar-warm-basic-2097152,prefetch-gcc13-scalar,basic,cycles,552539756,251774771,251774771
1,prefetch-gcc13-scalar-r7-prefetch_chain-scalar-warm-basic-2097152,prefetch-gcc13-scalar,basic,instructions,34258674,251771544,251771544
1,prefetch-gcc13-scalar-r7-prefetch_chain-scalar-warm-basic-2097152,prefetch-gcc13-scalar,basic,ref_cycles,552542892,251768122,251768122
1,prefetch-gcc13-scalar-r7-prefetch_chain-scalar-warm-branch-24576,prefetch-gcc13-scalar,branch,cycles,548733161,250037113,250037113
1,prefetch-gcc13-scalar-r7-prefetch_chain-scalar-warm-branch-24576,prefetch-gcc13-scalar,branch,branches,80998038,250034836,250034836
1,prefetch-gcc13-scalar-r7-prefetch_chain-scalar-warm-branch-24576,prefetch-gcc13-scalar,branch,branch_misses,194836,250030788,250030788
1,prefetch-gcc13-scalar-r7-prefetch_chain-scalar-warm-branch-393216,prefetch-gcc13-scalar,branch,cycles,548734713,250036746,250036746
1,prefetch-gcc13-scalar-r7-prefetch_chain-scalar-warm-branch-393216,prefetch-gcc13-scalar,branch,branches,13025324,250035424,250035424
1,prefetch-gcc13-scalar-r7-prefetch_chain-scalar-warm-branch-393216,prefetch-gcc13-scalar,branch,branch_misses,2164,250031811,250031811
1,prefetch-gcc13-scalar-r7-prefetch_chain-scalar-warm-basic-294912,prefetch-gcc13-scalar,basic,cycles,548743517,250039066,250039066
1,prefetch-gcc13-scalar-r7-prefetch_chain-scalar-warm-basic-294912,prefetch-gcc13-scalar,basic,instructions,188962952,250036843,250036843
1,prefetch-gcc13-scalar-r7-prefetch_chain-scalar-warm-basic-294912,prefetch-gcc13-scalar,basic,ref_cycles,548745824,250033919,250033919
1,prefetch-gcc13-scalar-r7-prefetch_chain-scalar-cache_evicted-basic-32768,prefetch-gcc13-scalar,basic,cycles,548734085,250035237,250035237
1,prefetch-gcc13-scalar-r7-prefetch_chain-scalar-cache_evicted-basic-32768,prefetch-gcc13-scalar,basic,instructions,638239020,250033161,250033161
1,prefetch-gcc13-scalar-r7-prefetch_chain-scalar-cache_evicted-basic-32768,prefetch-gcc13-scalar,basic,ref_cycles,548736122,250029747,250029747
1,prefetch-gcc13-scalar-r7-prefetch_chain-scalar-warm-basic-28672,prefetch-gcc13-scalar,basic,cycles,548731644,250033582,250033582
1,prefetch-gcc13-scalar-r7-prefetch_chain-scalar-warm-basic-28672,prefetch-gcc13-scalar,basic,instructions,819514457,250032959,250032959
1,prefetch-gcc13-scalar-r7-prefetch_chain-scalar-warm-basic-28672,prefetch-gcc13-scalar,basic,ref_cycles,548734340,250029782,250029782
1,prefetch-gcc13-scalar-r8-prefetch_chain-scalar-warm-branch-134217728,prefetch-gcc13-scalar,branch,cycles,943222855,429769476,429769476
1,prefetch-gcc13-scalar-r8-prefetch_chain-scalar-warm-branch-134217728,prefetch-gcc13-scalar,branch,branches,4194500,429767306,429767306
1,prefetch-gcc13-scalar-r8-prefetch_chain-scalar-warm-branch-134217728,prefetch-gcc13-scalar,branch,branch_misses,28,429763192,429763192
1,prefetch-gcc13-scalar-r8-prefetch_chain-scalar-warm-branch-12582912,prefetch-gcc13-scalar,branch,cycles,574925238,261972164,261972164
1,prefetch-gcc13-scalar-r8-prefetch_chain-scalar-warm-branch-12582912,prefetch-gcc13-scalar,branch,branches,3343012,261971355,261971355
1,prefetch-gcc13-scalar-r8-prefetch_chain-scalar-warm-branch-12582912,prefetch-gcc13-scalar,branch,branch_misses,53,261967683,261967683
1,prefetch-gcc13-scalar-r8-prefetch_chain-scalar-warm-branch-36864,prefetch-gcc13-scalar,branch,cycles,548734981,250035523,250035523
1,prefetch-gcc13-scalar-r8-prefetch_chain-scalar-warm-branch-36864,prefetch-gcc13-scalar,branch,branches,31856952,250033146,250033146
1,prefetch-gcc13-scalar-r8-prefetch_chain-scalar-warm-branch-36864,prefetch-gcc13-scalar,branch,branch_misses,52473,250029610,250029610
1,prefetch-gcc13-scalar-r8-prefetch_chain-scalar-cache_evicted-branch-8388608,prefetch-gcc13-scalar,branch,cycles,557837572,254187361,254187361
1,prefetch-gcc13-scalar-r8-prefetch_chain-scalar-cache_evicted-branch-8388608,prefetch-gcc13-scalar,branch,branches,4326564,254186078,254186078
1,prefetch-gcc13-scalar-r8-prefetch_chain-scalar-cache_evicted-branch-8388608,prefetch-gcc13-scalar,branch,branch_misses,73,254182682,254182682
1,prefetch-gcc13-scalar-r8-prefetch_chain-scalar-warm-basic-16384,prefetch-gcc13-scalar,basic,cycles,548731699,250032585,250032585
1,prefetch-gcc13-scalar-r8-prefetch_chain-scalar-warm-basic-16384,prefetch-gcc13-scalar,basic,instructions,866925864,250030719,250030719
1,prefetch-gcc13-scalar-r8-prefetch_chain-scalar-warm-basic-16384,prefetch-gcc13-scalar,basic,ref_cycles,548734054,250027675,250027675
1,prefetch-gcc13-scalar-r8-prefetch_chain-scalar-cache_evicted-branch-33554432,prefetch-gcc13-scalar,branch,cycles,636340044,289954534,289954534
1,prefetch-gcc13-scalar-r8-prefetch_chain-scalar-cache_evicted-branch-33554432,prefetch-gcc13-scalar,branch,branches,3146052,289952712,289952712
1,prefetch-gcc13-scalar-r8-prefetch_chain-scalar-cache_evicted-branch-33554432,prefetch-gcc13-scalar,branch,branch_misses,37,289948607,289948607
1,prefetch-gcc13-scalar-r8-prefetch_chain-scalar-warm-basic-28672,prefetch-gcc13-scalar,basic,cycles,548732237,250033591,250033591
1,prefetch-gcc13-scalar-r8-prefetch_chain-scalar-warm-basic-28672,prefetch-gcc13-scalar,basic,instructions,841140173,250031749,250031749
1,prefetch-gcc13-scalar-r8-prefetch_chain-scalar-warm-basic-28672,prefetch-gcc13-scalar,basic,ref_cycles,548734868,250029153,250029153
1,prefetch-gcc13-scalar-r8-prefetch_chain-scalar-warm-basic-12582912,prefetch-gcc13-scalar,basic,cycles,581847992,265126894,265126894
1,prefetch-gcc13-scalar-r8-prefetch_chain-scalar-warm-basic-12582912,prefetch-gcc13-scalar,basic,instructions,32443394,265124728,265124728
1,prefetch-gcc13-scalar-r8-prefetch_chain-scalar-warm-basic-12582912,prefetch-gcc13-scalar,basic,ref_cycles,581851908,265121272,265121272
1,prefetch-gcc13-scalar-r8-prefetch_chain-scalar-warm-branch-1048576,prefetch-gcc13-scalar,branch,cycles,549230595,250261432,250261432
1,prefetch-gcc13-scalar-r8-prefetch_chain-scalar-warm-branch-1048576,prefetch-gcc13-scalar,branch,branches,12115140,250259905,250259905
1,prefetch-gcc13-scalar-r8-prefetch_chain-scalar-warm-branch-1048576,prefetch-gcc13-scalar,branch,branch_misses,784,250257001,250257001
1,prefetch-gcc13-scalar-r8-prefetch_chain-scalar-warm-branch-16384,prefetch-gcc13-scalar,branch,cycles,548731397,250033367,250033367
1,prefetch-gcc13-scalar-r8-prefetch_chain-scalar-warm-branch-16384,prefetch-gcc13-scalar,branch,branches,83201283,250031151,250031151
1,prefetch-gcc13-scalar-r8-prefetch_chain-scalar-warm-branch-16384,prefetch-gcc13-scalar,branch,branch_misses,289057,250027660,250027660
1,prefetch-gcc13-scalar-r8-prefetch_chain-scalar-cache_evicted-branch-536870912,prefetch-gcc13-scalar,branch,cycles,1995324820,909104358,909104358
1,prefetch-gcc13-scalar-r8-prefetch_chain-scalar-cache_evicted-branch-536870912,prefetch-gcc13-scalar,branch,branches,8388772,909102817,909102817
1,prefetch-gcc13-scalar-r8-prefetch_chain-scalar-cache_evicted-branch-536870912,prefetch-gcc13-scalar,branch,branch_misses,28,909099113,909099113
1,prefetch-gcc13-scalar-r8-prefetch_chain-scalar-warm-basic-24576,prefetch-gcc13-scalar,basic,cycles,548731598,250033018,250033018
1,prefetch-gcc13-scalar-r8-prefetch_chain-scalar-warm-basic-24576,prefetch-gcc13-scalar,basic,instructions,849473308,250030199,250030199
1,prefetch-gcc13-scalar-r8-prefetch_chain-scalar-warm-basic-24576,prefetch-gcc13-scalar,basic,ref_cycles,548733372,250026385,250026385
1,prefetch-gcc13-scalar-r8-prefetch_chain-scalar-warm-basic-536870912,prefetch-gcc13-scalar,basic,cycles,1983550779,903740234,903740234
1,prefetch-gcc13-scalar-r8-prefetch_chain-scalar-warm-basic-536870912,prefetch-gcc13-scalar,basic,instructions,92275480,903738095,903738095
1,prefetch-gcc13-scalar-r8-prefetch_chain-scalar-warm-basic-536870912,prefetch-gcc13-scalar,basic,ref_cycles,1983553968,903734491,903734491
1,prefetch-gcc13-scalar-r8-prefetch_chain-scalar-warm-branch-524288,prefetch-gcc13-scalar,branch,cycles,545483965,248845331,248845331
1,prefetch-gcc13-scalar-r8-prefetch_chain-scalar-warm-branch-524288,prefetch-gcc13-scalar,branch,branches,12492424,248848355,248848355
1,prefetch-gcc13-scalar-r8-prefetch_chain-scalar-warm-branch-524288,prefetch-gcc13-scalar,branch,branch_misses,1750,248845876,248845876
1,prefetch-gcc13-scalar-r8-prefetch_chain-scalar-warm-basic-229376,prefetch-gcc13-scalar,basic,cycles,548731479,250032071,250032071
1,prefetch-gcc13-scalar-r8-prefetch_chain-scalar-warm-basic-229376,prefetch-gcc13-scalar,basic,instructions,243500266,250030455,250030455
1,prefetch-gcc13-scalar-r8-prefetch_chain-scalar-warm-basic-229376,prefetch-gcc13-scalar,basic,ref_cycles,548733218,250027328,250027328
1,prefetch-gcc13-scalar-r8-prefetch_chain-scalar-warm-branch-7340032,prefetch-gcc13-scalar,branch,cycles,558432596,254457594,254457594
1,prefetch-gcc13-scalar-r8-prefetch_chain-scalar-warm-branch-7340032,prefetch-gcc13-scalar,branch,branches,4588932,254456706,254456706
1,prefetch-gcc13-scalar-r8-prefetch_chain-scalar-warm-branch-7340032,prefetch-gcc13-scalar,branch,branch_misses,80,254452796,254452796
1,prefetch-gcc13-scalar-r8-prefetch_chain-scalar-warm-branch-536870912,prefetch-gcc13-scalar,branch,cycles,1969120824,897165891,897165891
1,prefetch-gcc13-scalar-r8-prefetch_chain-scalar-warm-branch-536870912,prefetch-gcc13-scalar,branch,branches,8388772,897164567,897164567
1,prefetch-gcc13-scalar-r8-prefetch_chain-scalar-warm-branch-536870912,prefetch-gcc13-scalar,branch,branch_misses,24,897160760,897160760
1,prefetch-gcc13-scalar-r8-prefetch_chain-scalar-warm-branch-262144,prefetch-gcc13-scalar,branch,cycles,548763347,250047956,250047956
1,prefetch-gcc13-scalar-r8-prefetch_chain-scalar-warm-branch-262144,prefetch-gcc13-scalar,branch,branches,22324359,250044711,250044711
1,prefetch-gcc13-scalar-r8-prefetch_chain-scalar-warm-branch-262144,prefetch-gcc13-scalar,branch,branch_misses,5442,250040520,250040520
1,prefetch-gcc13-scalar-r8-prefetch_chain-scalar-warm-basic-4194304,prefetch-gcc13-scalar,basic,cycles,550786547,250972655,250972655
1,prefetch-gcc13-scalar-r8-prefetch_chain-scalar-warm-basic-4194304,prefetch-gcc13-scalar,basic,instructions,64174880,250972385,250972385
1,prefetch-gcc13-scalar-r8-prefetch_chain-scalar-warm-basic-4194304,prefetch-gcc13-scalar,basic,ref_cycles,550790394,250969043,250969043
1,prefetch-gcc13-scalar-r8-prefetch_chain-scalar-warm-branch-98304,prefetch-gcc13-scalar,branch,cycles,548747320,250041157,250041157
1,prefetch-gcc13-scalar-r8-prefetch_chain-scalar-warm-branch-98304,prefetch-gcc13-scalar,branch,branches,30974502,250039403,250039403
1,prefetch-gcc13-scalar-r8-prefetch_chain-scalar-warm-branch-98304,prefetch-gcc13-scalar,branch,branch_misses,19810,250036196,250036196
1,prefetch-gcc13-scalar-r8-prefetch_chain-scalar-warm-basic-6291456,prefetch-gcc13-scalar,basic,cycles,555174021,252972778,252972778
1,prefetch-gcc13-scalar-r8-prefetch_chain-scalar-warm-basic-6291456,prefetch-gcc13-scalar,basic,instructions,63809542,252972895,252972895
1,prefetch-gcc13-scalar-r8-prefetch_chain-scalar-warm-basic-6291456,prefetch-gcc13-scalar,basic,ref_cycles,555177744,252969613,252969613
1,prefetch-gcc13-scalar-r8-prefetch_chain-scalar-warm-basic-262144,prefetch-gcc13-scalar,basic,cycles,548793298,250061100,250061100
1,prefetch-gcc13-scalar-r8-prefetch_chain-scalar-warm-basic-262144,prefetch-gcc13-scalar,basic,instructions,246805931,250058322,250058322
1,prefetch-gcc13-scalar-r8-prefetch_chain-scalar-warm-basic-262144,prefetch-gcc13-scalar,basic,ref_cycles,548794796,250054773,250054773
1,prefetch-gcc13-scalar-r8-prefetch_chain-scalar-warm-branch-33554432,prefetch-gcc13-scalar,branch,cycles,624179349,284413652,284413652
1,prefetch-gcc13-scalar-r8-prefetch_chain-scalar-warm-branch-33554432,prefetch-gcc13-scalar,branch,branches,3146052,284411826,284411826
1,prefetch-gcc13-scalar-r8-prefetch_chain-scalar-warm-branch-33554432,prefetch-gcc13-scalar,branch,branch_misses,43,284407950,284407950
1,prefetch-gcc13-scalar-r8-prefetch_chain-scalar-warm-branch-294912,prefetch-gcc13-scalar,branch,cycles,548868583,250097396,250097396
1,prefetch-gcc13-scalar-r8-prefetch_chain-scalar-warm-branch-294912,prefetch-gcc13-scalar,branch,branches,17205252,250095889,250095889
1,prefetch-gcc13-scalar-r8-prefetch_chain-scalar-warm-branch-294912,prefetch-gcc13-scalar,branch,branch_misses,3754,250092751,250092751
1,prefetch-gcc13-scalar-r8-prefetch_chain-scalar-warm-branch-5242880,prefetch-gcc13-scalar,branch,cycles,554419678,252628056,252628056
1,prefetch-gcc13-scalar-r8-prefetch_chain-scalar-warm-branch-5242880,prefetch-gcc13-scalar,branch,branches,6720196,252627525,252627525
1,prefetch-gcc13-scalar-r8-prefetch_chain-scalar-warm-branch-5242880,prefetch-gcc13-scalar,branch,branch_misses,132,252623751,252623751
1,prefetch-gcc13-scalar-r8-prefetch_chain-scalar-warm-branch-8192,prefetch-gcc13-scalar,branch,cycles,548731222,250032896,250032896
1,prefetch-gcc13-scalar-r8-prefetch_chain-scalar-warm-branch-8192,prefetch-gcc13-scalar,branch,branches,89867399,250029096,250029096
1,prefetch-gcc13-scalar-r8-prefetch_chain-scalar-warm-branch-8192,prefetch-gcc13-scalar,branch,branch_misses,561983,250025100,250025100
1,prefetch-gcc13-scalar-r8-prefetch_chain-scalar-warm-basic-1048576,prefetch-gcc13-scalar,basic,cycles,548844128,250083820,250083820
1,prefetch-gcc13-scalar-r8-prefetch_chain-scalar-warm-basic-1048576,prefetch-gcc13-scalar,basic,instructions,130600835,250083446,250083446
1,prefetch-gcc13-scalar-r8-prefetch_chain-scalar-warm-basic-1048576,prefetch-gcc13-scalar,basic,ref_cycles,548846518,250080257,250080257
1,prefetch-gcc13-scalar-r8-prefetch_chain-scalar-warm-basic-32768,prefetch-gcc13-scalar,basic,cycles,548730402,250031661,250031661
1,prefetch-gcc13-scalar-r8-prefetch_chain-scalar-warm-basic-32768,prefetch-gcc13-scalar,basic,instructions,649886908,250028720,250028720
1,prefetch-gcc13-scalar-r8-prefetch_chain-scalar-warm-basic-32768,prefetch-gcc13-scalar,basic,ref_cycles,548731414,250025258,250025258
1,prefetch-gcc13-scalar-r8-prefetch_chain-scalar-warm-branch-2097152,prefetch-gcc13-scalar,branch,cycles,550037857,250630774,250630774
1,prefetch-gcc13-scalar-r8-prefetch_chain-scalar-warm-branch-2097152,prefetch-gcc13-scalar,branch,branches,11316132,250628511,250628511
1,prefetch-gcc13-scalar-r8-prefetch_chain-scalar-warm-branch-2097152,prefetch-gcc13-scalar,branch,branch_misses,394,250624383,250624383
1,prefetch-gcc13-scalar-r8-prefetch_chain-scalar-cache_evicted-branch-32768,prefetch-gcc13-scalar,branch,cycles,548732759,250034730,250034730
1,prefetch-gcc13-scalar-r8-prefetch_chain-scalar-cache_evicted-branch-32768,prefetch-gcc13-scalar,branch,branches,58480759,250032310,250032310
1,prefetch-gcc13-scalar-r8-prefetch_chain-scalar-cache_evicted-branch-32768,prefetch-gcc13-scalar,branch,branch_misses,107571,250028461,250028461
1,prefetch-gcc13-scalar-r8-prefetch_chain-scalar-warm-branch-6291456,prefetch-gcc13-scalar,branch,cycles,548774034,250056083,250056083
1,prefetch-gcc13-scalar-r8-prefetch_chain-scalar-warm-branch-6291456,prefetch-gcc13-scalar,branch,branches,4720260,250055677,250055677
1,prefetch-gcc13-scalar-r8-prefetch_chain-scalar-warm-branch-6291456,prefetch-gcc13-scalar,branch,branch_misses,91,250051936,250051936
1,prefetch-gcc13-scalar-r8-prefetch_chain-scalar-warm-basic-5242880,prefetch-gcc13-scalar,basic,cycles,550347139,250772918,250772918
1,prefetch-gcc13-scalar-r8-prefetch_chain-scalar-warm-basic-5242880,prefetch-gcc13-scalar,basic,instructions,74807118,250771855,250771855
1,prefetch-gcc13-scalar-r8-prefetch_chain-scalar-warm-basic-5242880,prefetch-gcc13-scalar,basic,ref_cycles,550351164,250768506,250768506
1,prefetch-gcc13-scalar-r8-prefetch_chain-scalar-warm-basic-8192,prefetch-gcc13-scalar,basic,cycles,548731671,250031768,250031768
1,prefetch-gcc13-scalar-r8-prefetch_chain-scalar-warm-basic-8192,prefetch-gcc13-scalar,basic,instructions,872656445,250028708,250028708
1,prefetch-gcc13-scalar-r8-prefetch_chain-scalar-warm-basic-8192,prefetch-gcc13-scalar,basic,ref_cycles,548732844,250025271,250025271
1,prefetch-gcc13-scalar-r8-prefetch_chain-scalar-cache_evicted-basic-6291456,prefetch-gcc13-scalar,basic,cycles,549798144,250522266,250522266
1,prefetch-gcc13-scalar-r8-prefetch_chain-scalar-cache_evicted-basic-6291456,prefetch-gcc13-scalar,basic,instructions,59483514,250521801,250521801
1,prefetch-gcc13-scalar-r8-prefetch_chain-scalar-cache_evicted-basic-6291456,prefetch-gcc13-scalar,basic,ref_cycles,549802110,250518457,250518457
1,prefetch-gcc13-scalar-r8-prefetch_chain-scalar-cache_evicted-basic-536870912,prefetch-gcc13-scalar,basic,cycles,1970813852,897936526,897936526
1,prefetch-gcc13-scalar-r8-prefetch_chain-scalar-cache_evicted-basic-536870912,prefetch-gcc13-scalar,basic,instructions,92275480,897935518,897935518
1,prefetch-gcc13-scalar-r8-prefetch_chain-scalar-cache_evicted-basic-536870912,prefetch-gcc13-scalar,basic,ref_cycles,1970817090,897932325,897932325
1,prefetch-gcc13-scalar-r8-prefetch_chain-scalar-warm-branch-24576,prefetch-gcc13-scalar,branch,cycles,548732484,250034792,250034792
1,prefetch-gcc13-scalar-r8-prefetch_chain-scalar-warm-branch-24576,prefetch-gcc13-scalar,branch,branches,79682156,250033636,250033636
1,prefetch-gcc13-scalar-r8-prefetch_chain-scalar-warm-branch-24576,prefetch-gcc13-scalar,branch,branch_misses,191635,250030066,250030066
1,prefetch-gcc13-scalar-r8-prefetch_chain-scalar-warm-basic-294912,prefetch-gcc13-scalar,basic,cycles,548884062,250103160,250103160
1,prefetch-gcc13-scalar-r8-prefetch_chain-scalar-warm-basic-294912,prefetch-gcc13-scalar,basic,instructions,174826457,250100980,250100980
1,prefetch-gcc13-scalar-r8-prefetch_chain-scalar-warm-basic-294912,prefetch-gcc13-scalar,basic,ref_cycles,548886646,250098027,250098027
1,prefetch-gcc13-scalar-r8-prefetch_chain-scalar-warm-basic-36864,prefetch-gcc13-scalar,basic,cycles,548735352,250034172,250034172
1,prefetch-gcc13-scalar-r8-prefetch_chain-scalar-warm-basic-36864,prefetch-gcc13-scalar,basic,instructions,341133195,250031543,250031543
1,prefetch-gcc13-scalar-r8-prefetch_chain-scalar-warm-basic-36864,prefetch-gcc13-scalar,basic,ref_cycles,548737068,250028133,250028133
1,prefetch-gcc13-scalar-r8-prefetch_chain-scalar-cache_evicted-basic-32768,prefetch-gcc13-scalar,basic,cycles,548734183,250035015,250035015
1,prefetch-gcc13-scalar-r8-prefetch_chain-scalar-cache_evicted-basic-32768,prefetch-gcc13-scalar,basic,instructions,630369410,250033108,250033108
1,prefetch-gcc13-scalar-r8-prefetch_chain-scalar-cache_evicted-basic-32768,prefetch-gcc13-scalar,basic,ref_cycles,548735968,250029648,250029648
1,prefetch-gcc13-scalar-r8-prefetch_chain-scalar-warm-basic-134217728,prefetch-gcc13-scalar,basic,cycles,940668631,428604491,428604491
1,prefetch-gcc13-scalar-r8-prefetch_chain-scalar-warm-basic-134217728,prefetch-gcc13-scalar,basic,instructions,46138299,428602514,428602514
1,prefetch-gcc13-scalar-r8-prefetch_chain-scalar-warm-basic-134217728,prefetch-gcc13-scalar,basic,ref_cycles,940672282,428598909,428598909
1,prefetch-gcc13-scalar-r8-prefetch_chain-scalar-warm-basic-98304,prefetch-gcc13-scalar,basic,cycles,548749916,250042756,250042756
1,prefetch-gcc13-scalar-r8-prefetch_chain-scalar-warm-basic-98304,prefetch-gcc13-scalar,basic,instructions,336285239,250040919,250040919
1,prefetch-gcc13-scalar-r8-prefetch_chain-scalar-warm-basic-98304,prefetch-gcc13-scalar,basic,ref_cycles,548752182,250037845,250037845
1,prefetch-gcc13-scalar-r8-prefetch_chain-scalar-warm-branch-393216,prefetch-gcc13-scalar,branch,cycles,548898011,250109749,250109749
1,prefetch-gcc13-scalar-r8-prefetch_chain-scalar-warm-branch-393216,prefetch-gcc13-scalar,branch,branches,12988260,250107950,250107950
1,prefetch-gcc13-scalar-r8-prefetch_chain-scalar-warm-branch-393216,prefetch-gcc13-scalar,branch,branch_misses,2149,250105166,250105166
1,prefetch-gcc13-scalar-r8-prefetch_chain-scalar-warm-basic-2097152,prefetch-gcc13-scalar,basic,cycles,549219278,250256123,250256123
1,prefetch-gcc13-scalar-r8-prefetch_chain-scalar-warm-basic-2097152,prefetch-gcc13-scalar,basic,instructions,129099367,250253529,250253529
1,prefetch-gcc13-scalar-r8-prefetch_chain-scalar-warm-basic-2097152,prefetch-gcc13-scalar,basic,ref_cycles,549221486,250249830,250249830
1,prefetch-gcc13-scalar-r8-prefetch_chain-scalar-warm-basic-8388608,prefetch-gcc13-scalar,basic,cycles,549999816,250616137,250616137
1,prefetch-gcc13-scalar-r8-prefetch_chain-scalar-warm-basic-8388608,prefetch-gcc13-scalar,basic,instructions,50469054,250615131,250615131
1,prefetch-gcc13-scalar-r8-prefetch_chain-scalar-warm-basic-8388608,prefetch-gcc13-scalar,basic,ref_cycles,550004774,250611594,250611594
1,prefetch-gcc13-scalar-r8-prefetch_chain-scalar-cache_evicted-basic-33554432,prefetch-gcc13-scalar,basic,cycles,626615078,285521923,285521923
1,prefetch-gcc13-scalar-r8-prefetch_chain-scalar-cache_evicted-basic-33554432,prefetch-gcc13-scalar,basic,instructions,34604615,285520529,285520529
1,prefetch-gcc13-scalar-r8-prefetch_chain-scalar-cache_evicted-basic-33554432,prefetch-gcc13-scalar,basic,ref_cycles,626619048,285517079,285517079
1,prefetch-gcc13-scalar-r8-prefetch_chain-scalar-warm-branch-4194304,prefetch-gcc13-scalar,branch,cycles,549035774,250176656,250176656
1,prefetch-gcc13-scalar-r8-prefetch_chain-scalar-warm-branch-4194304,prefetch-gcc13-scalar,branch,branches,7474884,250175616,250175616
1,prefetch-gcc13-scalar-r8-prefetch_chain-scalar-warm-branch-4194304,prefetch-gcc13-scalar,branch,branch_misses,159,250172357,250172357
1,prefetch-gcc13-scalar-r8-prefetch_chain-scalar-cache_evicted-basic-262144,prefetch-gcc13-scalar,basic,cycles,548761223,250047115,250047115
1,prefetch-gcc13-scalar-r8-prefetch_chain-scalar-cache_evicted-basic-262144,prefetch-gcc13-scalar,basic,instructions,230888843,250044775,250044775
1,prefetch-gcc13-scalar-r8-prefetch_chain-scalar-cache_evicted-basic-262144,prefetch-gcc13-scalar,basic,ref_cycles,548762588,250041359,250041359
1,prefetch-gcc13-scalar-r8-prefetch_chain-scalar-warm-basic-33554432,prefetch-gcc13-scalar,basic,cycles,651500161,296860100,296860100
1,prefetch-gcc13-scalar-r8-prefetch_chain-scalar-warm-basic-33554432,prefetch-gcc13-scalar,basic,instructions,34604615,296859319,296859319
1,prefetch-gcc13-scalar-r8-prefetch_chain-scalar-warm-basic-33554432,prefetch-gcc13-scalar,basic,ref_cycles,651503886,296856439,296856439
1,prefetch-gcc13-scalar-r8-prefetch_chain-scalar-warm-basic-196608,prefetch-gcc13-scalar,basic,cycles,548743299,250037350,250037350
1,prefetch-gcc13-scalar-r8-prefetch_chain-scalar-warm-basic-196608,prefetch-gcc13-scalar,basic,instructions,254085894,250034317,250034317
1,prefetch-gcc13-scalar-r8-prefetch_chain-scalar-warm-basic-196608,prefetch-gcc13-scalar,basic,ref_cycles,548744834,250031055,250031055
1,prefetch-gcc13-scalar-r8-prefetch_chain-scalar-cache_evicted-branch-6291456,prefetch-gcc13-scalar,branch,cycles,549711654,250483678,250483678
1,prefetch-gcc13-scalar-r8-prefetch_chain-scalar-cache_evicted-branch-6291456,prefetch-gcc13-scalar,branch,branches,4425252,250483214,250483214
1,prefetch-gcc13-scalar-r8-prefetch_chain-scalar-cache_evicted-branch-6291456,prefetch-gcc13-scalar,branch,branch_misses,92,250479575,250479575
1,prefetch-gcc13-scalar-r8-prefetch_chain-scalar-warm-branch-8388608,prefetch-gcc13-scalar,branch,cycles,561065385,255656738,255656738
1,prefetch-gcc13-scalar-r8-prefetch_chain-scalar-warm-branch-8388608,prefetch-gcc13-scalar,branch,branches,4326564,255656158,255656158
1,prefetch-gcc13-scalar-r8-prefetch_chain-scalar-warm-branch-8388608,prefetch-gcc13-scalar,branch,branch_misses,77,255652725,255652725
1,prefetch-gcc13-scalar-r8-prefetch_chain-scalar-cache_evicted-branch-262144,prefetch-gcc13-scalar,branch,cycles,548783574,250059369,250059369
1,prefetch-gcc13-scalar-r8-prefetch_chain-scalar-cache_evicted-branch-262144,prefetch-gcc13-scalar,branch,branches,18481191,250057536,250057536
1,prefetch-gcc13-scalar-r8-prefetch_chain-scalar-cache_evicted-branch-262144,prefetch-gcc13-scalar,branch,branch_misses,4530,250053831,250053831
1,prefetch-gcc13-scalar-r8-prefetch_chain-scalar-warm-branch-196608,prefetch-gcc13-scalar,branch,cycles,548774611,250053111,250053111
1,prefetch-gcc13-scalar-r8-prefetch_chain-scalar-warm-branch-196608,prefetch-gcc13-scalar,branch,branches,30478311,250050481,250050481
1,prefetch-gcc13-scalar-r8-prefetch_chain-scalar-warm-branch-196608,prefetch-gcc13-scalar,branch,branch_misses,9867,250046524,250046524
1,prefetch-gcc13-scalar-r8-prefetch_chain-scalar-warm-branch-65536,prefetch-gcc13-scalar,branch,cycles,548740279,250037751,250037751
1,prefetch-gcc13-scalar-r8-prefetch_chain-scalar-warm-branch-65536,prefetch-gcc13-scalar,branch,branches,31269366,250035003,250035003
1,prefetch-gcc13-scalar-r8-prefetch_chain-scalar-warm-branch-65536,prefetch-gcc13-scalar,branch,branch_misses,29667,250031394,250031394
1,prefetch-gcc13-scalar-r8-prefetch_chain-scalar-warm-branch-32768,prefetch-gcc13-scalar,branch,cycles,548734081,250035599,250035599
1,prefetch-gcc13-scalar-r8-prefetch_chain-scalar-warm-branch-32768,prefetch-gcc13-scalar,branch,branches,61180716,250034229,250034229
1,prefetch-gcc13-scalar-r8-prefetch_chain-scalar-warm-branch-32768,prefetch-gcc13-scalar,branch,branch_misses,112555,250030900,250030900
1,prefetch-gcc13-scalar-r8-prefetch_chain-scalar-warm-basic-49152,prefetch-gcc13-scalar,basic,cycles,548731890,250033360,250033360
1,prefetch-gcc13-scalar-r8-prefetch_chain-scalar-warm-basic-49152,prefetch-gcc13-scalar,basic,instructions,339127829,250031504,250031504
1,prefetch-gcc13-scalar-r8-prefetch_chain-scalar-warm-basic-49152,prefetch-gcc13-scalar,basic,ref_cycles,548734296,250028598,250028598
1,prefetch-gcc13-scalar-r8-prefetch_chain-scalar-cache_evicted-branch-1048576,prefetch-gcc13-scalar,branch,cycles,548983998,250150390,250150390
1,prefetch-gcc13-scalar-r8-prefetch_chain-scalar-cache_evicted-branch-1048576,prefetch-gcc13-scalar,branch,branches,11786824,250149072,250149072
1,prefetch-gcc13-scalar-r8-prefetch_chain-scalar-cache_evicted-branch-1048576,prefetch-gcc13-scalar,branch,branch_misses,766,250145701,250145701
1,prefetch-gcc13-scalar-r8-prefetch_chain-scalar-warm-branch-28672,prefetch-gcc13-scalar,branch,cycles,548732279,250033783,250033783
1,prefetch-gcc13-scalar-r8-prefetch_chain-scalar-warm-branch-28672,prefetch-gcc13-scalar,branch,branches,78130395,250032259,250032259
1,prefetch-gcc13-scalar-r8-prefetch_chain-scalar-warm-branch-28672,prefetch-gcc13-scalar,branch,branch_misses,162855,250029064,250029064
1,prefetch-gcc13-scalar-r8-prefetch_chain-scalar-warm-basic-393216,prefetch-gcc13-scalar,basic,cycles,548962323,250137924,250137924
1,prefetch-gcc13-scalar-r8-prefetch_chain-scalar-warm-basic-393216,prefetch-gcc13-scalar,basic,instructions,142879052,250135369,250135369
1,prefetch-gcc13-scalar-r8-prefetch_chain-scalar-warm-basic-393216,prefetch-gcc13-scalar,basic,ref_cycles,548963998,250131810,250131810
1,prefetch-gcc13-scalar-r8-prefetch_chain-scalar-warm-basic-65536,prefetch-gcc13-scalar,basic,cycles,548738883,250034858,250034858
1,prefetch-gcc13-scalar-r8-prefetch_chain-scalar-warm-basic-65536,prefetch-gcc13-scalar,basic,instructions,338091320,250031907,250031907
1,prefetch-gcc13-scalar-r8-prefetch_chain-scalar-warm-basic-65536,prefetch-gcc13-scalar,basic,ref_cycles,548740016,250028402,250028402
1,prefetch-gcc13-scalar-r8-prefetch_chain-scalar-warm-branch-229376,prefetch-gcc13-scalar,branch,cycles,548746162,250039683,250039683
1,prefetch-gcc13-scalar-r8-prefetch_chain-scalar-warm-branch-229376,prefetch-gcc13-scalar,branch,branches,26816400,250036987,250036987
1,prefetch-gcc13-scalar-r8-prefetch_chain-scalar-warm-branch-229376,prefetch-gcc13-scalar,branch,branch_misses,7468,250033189,250033189
1,prefetch-gcc13-scalar-r8-prefetch_chain-scalar-warm-basic-7340032,prefetch-gcc13-scalar,basic,cycles,555860658,253285093,253285093
1,prefetch-gcc13-scalar-r8-prefetch_chain-scalar-warm-basic-7340032,prefetch-gcc13-scalar,basic,instructions,50469869,253285222,253285222
1,prefetch-gcc13-scalar-r8-prefetch_chain-scalar-warm-basic-7340032,prefetch-gcc13-scalar,basic,ref_cycles,555864342,253282374,253282374
1,prefetch-gcc13-scalar-r8-prefetch_chain-scalar-warm-branch-131072,prefetch-gcc13-scalar,branch,cycles,548739109,250037991,250037991
1,prefetch-gcc13-scalar-r8-prefetch_chain-scalar-warm-branch-131072,prefetch-gcc13-scalar,branch,branches,30617735,250036350,250036350
1,prefetch-gcc13-scalar-r8-prefetch_chain-scalar-warm-branch-131072,prefetch-gcc13-scalar,branch,branch_misses,14766,250033043,250033043
1,prefetch-gcc13-scalar-r8-prefetch_chain-scalar-warm-basic-131072,prefetch-gcc13-scalar,basic,cycles,548753773,250043297,250043297
1,prefetch-gcc13-scalar-r8-prefetch_chain-scalar-warm-basic-131072,prefetch-gcc13-scalar,basic,instructions,336258565,250042154,250042154
1,prefetch-gcc13-scalar-r8-prefetch_chain-scalar-warm-basic-131072,prefetch-gcc13-scalar,basic,ref_cycles,548756208,250039150,250039150
1,prefetch-gcc13-scalar-r8-prefetch_chain-scalar-warm-branch-49152,prefetch-gcc13-scalar,branch,cycles,548743066,250039512,250039512
1,prefetch-gcc13-scalar-r8-prefetch_chain-scalar-warm-branch-49152,prefetch-gcc13-scalar,branch,branches,31525775,250038307,250038307
1,prefetch-gcc13-scalar-r8-prefetch_chain-scalar-warm-branch-49152,prefetch-gcc13-scalar,branch,branch_misses,39470,250035115,250035115
1,prefetch-gcc13-scalar-r8-prefetch_chain-scalar-cache_evicted-basic-1048576,prefetch-gcc13-scalar,basic,cycles,549204499,250248932,250248932
1,prefetch-gcc13-scalar-r8-prefetch_chain-scalar-cache_evicted-basic-1048576,prefetch-gcc13-scalar,basic,instructions,130059656,250247497,250247497
1,prefetch-gcc13-scalar-r8-prefetch_chain-scalar-cache_evicted-basic-1048576,prefetch-gcc13-scalar,basic,ref_cycles,549206614,250244270,250244270
1,prefetch-gcc13-scalar-r8-prefetch_chain-scalar-cache_evicted-basic-8388608,prefetch-gcc13-scalar,basic,cycles,563614717,256816347,256816347
1,prefetch-gcc13-scalar-r8-prefetch_chain-scalar-cache_evicted-basic-8388608,prefetch-gcc13-scalar,basic,instructions,50469054,256816926,256816926
1,prefetch-gcc13-scalar-r8-prefetch_chain-scalar-cache_evicted-basic-8388608,prefetch-gcc13-scalar,basic,ref_cycles,563619034,256813903,256813903
1,prefetch-gcc13-scalar-r8-prefetch_chain-scalar-warm-basic-524288,prefetch-gcc13-scalar,basic,cycles,548771518,250051522,250051522
1,prefetch-gcc13-scalar-r8-prefetch_chain-scalar-warm-basic-524288,prefetch-gcc13-scalar,basic,instructions,138211654,250049335,250049335
1,prefetch-gcc13-scalar-r8-prefetch_chain-scalar-warm-basic-524288,prefetch-gcc13-scalar,basic,ref_cycles,548773478,250045891,250045891
1,prefetch-gcc13-scalar-r9-prefetch_chain-scalar-warm-basic-8192,prefetch-gcc13-scalar,basic,cycles,548732069,250033542,250033542
1,prefetch-gcc13-scalar-r9-prefetch_chain-scalar-warm-basic-8192,prefetch-gcc13-scalar,basic,instructions,882119955,250031638,250031638
1,prefetch-gcc13-scalar-r9-prefetch_chain-scalar-warm-basic-8192,prefetch-gcc13-scalar,basic,ref_cycles,548734318,250028642,250028642
1,prefetch-gcc13-scalar-r9-prefetch_chain-scalar-cache_evicted-branch-536870912,prefetch-gcc13-scalar,branch,cycles,1972484202,898698620,898698620
1,prefetch-gcc13-scalar-r9-prefetch_chain-scalar-cache_evicted-branch-536870912,prefetch-gcc13-scalar,branch,branches,8388772,898696870,898696870
1,prefetch-gcc13-scalar-r9-prefetch_chain-scalar-cache_evicted-branch-536870912,prefetch-gcc13-scalar,branch,branch_misses,29,898692943,898692943
1,prefetch-gcc13-scalar-r9-prefetch_chain-scalar-warm-branch-524288,prefetch-gcc13-scalar,branch,cycles,548856299,250090193,250090193
1,prefetch-gcc13-scalar-r9-prefetch_chain-scalar-warm-branch-524288,prefetch-gcc13-scalar,branch,branches,12632196,250087541,250087541
1,prefetch-gcc13-scalar-r9-prefetch_chain-scalar-warm-branch-524288,prefetch-gcc13-scalar,branch,branch_misses,1574,250083702,250083702
1,prefetch-gcc13-scalar-r9-prefetch_chain-scalar-cache_evicted-branch-6291456,prefetch-gcc13-scalar,branch,cycles,557048662,253827484,253827484
1,prefetch-gcc13-scalar-r9-prefetch_chain-scalar-cache_evicted-branch-6291456,prefetch-gcc13-scalar,branch,branches,5408612,253826473,253826473
1,prefetch-gcc13-scalar-r9-prefetch_chain-scalar-cache_evicted-branch-6291456,prefetch-gcc13-scalar,branch,branch_misses,105,253822849,253822849
1,prefetch-gcc13-scalar-r9-prefetch_chain-scalar-warm-branch-8388608,prefetch-gcc13-scalar,branch,cycles,566320281,258050434,258050434
1,prefetch-gcc13-scalar-r9-prefetch_chain-scalar-warm-branch-8388608,prefetch-gcc13-scalar,branch,branches,3408836,258050369,258050369
1,prefetch-gcc13-scalar-r9-prefetch_chain-scalar-warm-branch-8388608,prefetch-gcc13-scalar,branch,branch_misses,63,258046536,258046536
1,prefetch-gcc13-scalar-r9-prefetch_chain-scalar-warm-basic-2097152,prefetch-gcc13-scalar,basic,cycles,550010289,250618845,250618845
1,prefetch-gcc13-scalar-r9-prefetch_chain-scalar-warm-basic-2097152,prefetch-gcc13-scalar,basic,instructions,113593128,250615529,250615529
1,prefetch-gcc13-scalar-r9-prefetch_chain-scalar-warm-basic-2097152,prefetch-gcc13-scalar,basic,ref_cycles,550012452,250612019,250612019
1,prefetch-gcc13-scalar-r9-prefetch_chain-scalar-warm-branch-33554432,prefetch-gcc13-scalar,branch,cycles,621094799,283008897,283008897
1,prefetch-gcc13-scalar-r9-prefetch_chain-scalar-warm-branch-33554432,prefetch-gcc13-scalar,branch,branches,3146052,283007084,283007084
1,prefetch-gcc13-scalar-r9-prefetch_chain-scalar-warm-branch-33554432,prefetch-gcc13-scalar,branch,branch_misses,38,283002796,283002796
1,prefetch-gcc13-scalar-r9-prefetch_chain-scalar-warm-branch-49152,prefetch-gcc13-scalar,branch,cycles,548732339,250033904,250033904
1,prefetch-gcc13-scalar-r9-prefetch_chain-scalar-warm-branch-49152,prefetch-gcc13-scalar,branch,branches,31533750,250032503,250032503
1,prefetch-gcc13-scalar-r9-prefetch_chain-scalar-warm-branch-49152,prefetch-gcc13-scalar,branch,branch_misses,39469,250029028,250029028
1,prefetch-gcc13-scalar-r9-prefetch_chain-scalar-warm-basic-196608,prefetch-gcc13-scalar,basic,cycles,548747966,250040163,250040163
1,prefetch-gcc13-scalar-r9-prefetch_chain-scalar-warm-basic-196608,prefetch-gcc13-scalar,basic,instructions,261352271,250037900,250037900
1,prefetch-gcc13-scalar-r9-prefetch_chain-scalar-warm-basic-196608,prefetch-gcc13-scalar,basic,ref_cycles,548749806,250034604,250034604
1,prefetch-gcc13-scalar-r9-prefetch_chain-scalar-warm-basic-4194304,prefetch-gcc13-scalar,basic,cycles,552006807,251529553,251529553
1,prefetch-gcc13-scalar-r9-prefetch_chain-scalar-warm-basic-4194304,prefetch-gcc13-scalar,basic,instructions,80759237,251528315,251528315
1,prefetch-gcc13-scalar-r9-prefetch_chain-scalar-warm-basic-4194304,prefetch-gcc13-scalar,basic,ref_cycles,552010712,251524793,251524793
1,prefetch-gcc13-scalar-r9-prefetch_chain-scalar-cache_evicted-branch-262144,prefetch-gcc13-scalar,branch,cycles,548791943,250061201,250061201
1,prefetch-gcc13-scalar-r9-prefetch_chain-scalar-cache_evicted-branch-262144,prefetch-gcc13-scalar,branch,branches,23484340,250058185,250058185
1,prefetch-gcc13-scalar-r9-prefetch_chain-scalar-cache_evicted-branch-262144,prefetch-gcc13-scalar,branch,branch_misses,5738,250054441,250054441
1,prefetch-gcc13-scalar-r9-prefetch_chain-scalar-warm-basic-98304,prefetch-gcc13-scalar,basic,cycles,548369443,249970366,249970366
1,prefetch-gcc13-scalar-r9-prefetch_chain-scalar-warm-basic-98304,prefetch-gcc13-scalar,basic,instructions,336370056,249974952,249974952
1,prefetch-gcc13-scalar-r9-prefetch_chain-scalar-warm-basic-98304,prefetch-gcc13-scalar,basic,ref_cycles,548379678,249973338,249973338
1,prefetch-gcc13-scalar-r9-prefetch_chain-scalar-warm-branch-36864,prefetch-gcc13-scalar,branch,cycles,548733566,250034889,250034889
1,prefetch-gcc13-scalar-r9-prefetch_chain-scalar-warm-branch-36864,prefetch-gcc13-scalar,branch,branches,31874559,250033203,250033203
1,prefetch-gcc13-scalar-r9-prefetch_chain-scalar-warm-branch-36864,prefetch-gcc13-scalar,branch,branch_misses,52481,250030167,250030167
1,prefetch-gcc13-scalar-r9-prefetch_chain-scalar-warm-basic-1048576,prefetch-gcc13-scalar,basic,cycles,548860509,250092044,250092044
1,prefetch-gcc13-scalar-r9-prefetch_chain-scalar-warm-basic-1048576,prefetch-gcc13-scalar,basic,instructions,129698896,250090487,250090487
1,prefetch-gcc13-scalar-r9-prefetch_chain-scalar-warm-basic-1048576,prefetch-gcc13-scalar,basic,ref_cycles,548862974,250087542,250087542
1,prefetch-gcc13-scalar-r9-prefetch_chain-scalar-warm-basic-32768,prefetch-gcc13-scalar,basic,cycles,548734827,250033947,250033947
1,prefetch-gcc13-scalar-r9-prefetch_chain-scalar-warm-basic-32768,prefetch-gcc13-scalar,basic,instructions,625513565,250031956,250031956
1,prefetch-gcc13-scalar-r9-prefetch_chain-scalar-warm-basic-32768,prefetch-gcc13-scalar,basic,ref_cycles,548736672,250028723,250028723
1,prefetch-gcc13-scalar-r9-prefetch_chain-scalar-warm-basic-16384,prefetch-gcc13-scalar,basic,cycles,548731017,250031364,250031364
1,prefetch-gcc13-scalar-r9-prefetch_chain-scalar-warm-basic-16384,prefetch-gcc13-scalar,basic,instructions,867220999,250028525,250028525
1,prefetch-gcc13-scalar-r9-prefetch_chain-scalar-warm-basic-16384,prefetch-gcc13-scalar,basic,ref_cycles,548732162,250025301,250025301
1,prefetch-gcc13-scalar-r9-prefetch_chain-scalar-cache_evicted-branch-32768,prefetch-gcc13-scalar,branch,cycles,548731215,250033974,250033974
1,prefetch-gcc13-scalar-r9-prefetch_chain-scalar-cache_evicted-branch-32768,prefetch-gcc13-scalar,branch,branches,63354461,250032698,250032698
1,prefetch-gcc13-scalar-r9-prefetch_chain-scalar-cache_evicted-branch-32768,prefetch-gcc13-scalar,branch,branch_misses,116537,250029084,250029084
1,prefetch-gcc13-scalar-r9-prefetch_chain-scalar-warm-branch-6291456,prefetch-gcc13-scalar,branch,cycles,549116734,250214824,250214824
1,prefetch-gcc13-scalar-r9-prefetch_chain-scalar-warm-branch-6291456,prefetch-gcc13-scalar,branch,branches,5408612,250213971,250213971
1,prefetch-gcc13-scalar-r9-prefetch_chain-scalar-warm-branch-6291456,prefetch-gcc13-scalar,branch,branch_misses,100,250209780,250209780
1,prefetch-gcc13-scalar-r9-prefetch_chain-scalar-warm-basic-131072,prefetch-gcc13-scalar,basic,cycles,548742587,250037985,250037985
1,prefetch-gcc13-scalar-r9-prefetch_chain-scalar-warm-basic-131072,prefetch-gcc13-scalar,basic,instructions,336598977,250035926,250035926
1,prefetch-gcc13-scalar-r9-prefetch_chain-scalar-warm-basic-131072,prefetch-gcc13-scalar,basic,ref_cycles,548745054,250032878,250032878
1,prefetch-gcc13-scalar-r9-prefetch_chain-scalar-warm-basic-134217728,prefetch-gcc13-scalar,basic,cycles,940832312,428678387,428678387
1,prefetch-gcc13-scalar-r9-prefetch_chain-scalar-warm-basic-134217728,prefetch-gcc13-scalar,basic,instructions,46138299,428675838,428675838
1,prefetch-gcc13-scalar-r9-prefetch_chain-scalar-warm-basic-134217728,prefetch-gcc13-scalar,basic,ref_cycles,940835764,428672346,428672346
1,prefetch-gcc13-scalar-r9-prefetch_chain-scalar-warm-branch-16384,prefetch-gcc13-scalar,branch,cycles,548731166,250034040,250034040
1,prefetch-gcc13-scalar-r9-prefetch_chain-scalar-warm-branch-16384,prefetch-gcc13-scalar,branch,branches,83837992,250030535,250030535
1,prefetch-gcc13-scalar-r9-prefetch_chain-scalar-warm-branch-16384,prefetch-gcc13-scalar,branch,branch_misses,291411,250026731,250026731
1,prefetch-gcc13-scalar-r9-prefetch_chain-scalar-warm-basic-7340032,prefetch-gcc13-scalar,basic,cycles,554174843,252516412,252516412
1,prefetch-gcc13-scalar-r9-prefetch_chain-scalar-warm-basic-7340032,prefetch-gcc13-scalar,basic,instructions,52993331,252516787,252516787
1,prefetch-gcc13-scalar-r9-prefetch_chain-scalar-warm-basic-7340032,prefetch-gcc13-scalar,basic,ref_cycles,554178812,252513271,252513271
1,prefetch-gcc13-scalar-r9-prefetch_chain-scalar-warm-branch-131072,prefetch-gcc13-scalar,branch,cycles,548752833,250043156,250043156
1,prefetch-gcc13-scalar-r9-prefetch_chain-scalar-warm-branch-131072,prefetch-gcc13-scalar,branch,branches,30846553,250041657,250041657
1,prefetch-gcc13-scalar-r9-prefetch_chain-scalar-warm-branch-131072,prefetch-gcc13-scalar,branch,branch_misses,14883,250037834,250037834
1,prefetch-gcc13-scalar-r9-prefetch_chain-scalar-warm-basic-262144,prefetch-gcc13-scalar,basic,cycles,548811768,250069035,250069035
1,prefetch-gcc13-scalar-r9-prefetch_chain-scalar-warm-basic-262144,prefetch-gcc13-scalar,basic,instructions,244545022,250065541,250065541
1,prefetch-gcc13-scalar-r9-prefetch_chain-scalar-warm-basic-262144,prefetch-gcc13-scalar,basic,ref_cycles,548812858,250061806,250061806
1,prefetch-gcc13-scalar-r9-prefetch_chain-scalar-warm-basic-229376,prefetch-gcc13-scalar,basic,cycles,548751472,250040883,250040883
1,prefetch-gcc13-scalar-r9-prefetch_chain-scalar-warm-basic-229376,prefetch-gcc13-scalar,basic,instructions,283443590,250038122,250038122
1,prefetch-gcc13-scalar-r9-prefetch_chain-scalar-warm-basic-229376,prefetch-gcc13-scalar,basic,ref_cycles,548752820,250034509,250034509
1,prefetch-gcc13-scalar-r9-prefetch_chain-scalar-warm-basic-65536,prefetch-gcc13-scalar,basic,cycles,548736079,250034794,250034794
1,prefetch-gcc13-scalar-r9-prefetch_chain-scalar-warm-basic-65536,prefetch-gcc13-scalar,basic,instructions,337702929,250034416,250034416
1,prefetch-gcc13-scalar-r9-prefetch_chain-scalar-warm-basic-65536,prefetch-gcc13-scalar,basic,ref_cycles,548738872,250031501,250031501
1,prefetch-gcc13-scalar-r9-prefetch_chain-scalar-warm-basic-393216,prefetch-gcc13-scalar,basic,cycles,548736163,250036159,250036159
1,prefetch-gcc13-scalar-r9-prefetch_chain-scalar-warm-basic-393216,prefetch-gcc13-scalar,basic,instructions,149179523,250034366,250034366
1,prefetch-gcc13-scalar-r9-prefetch_chain-scalar-warm-basic-393216,prefetch-gcc13-scalar,basic,ref_cycles,548738828,250031127,250031127
1,prefetch-gcc13-scalar-r9-prefetch_chain-scalar-warm-basic-33554432,prefetch-gcc13-scalar,basic,cycles,626195962,285330611,285330611
1,prefetch-gcc13-scalar-r9-prefetch_chain-scalar-warm-basic-33554432,prefetch-gcc13-scalar,basic,instructions,34604615,285329022,285329022
1,prefetch-gcc13-scalar-r9-prefetch_chain-scalar-warm-basic-33554432,prefetch-gcc13-scalar,basic,ref_cycles,626199662,285326293,285326293
1,prefetch-gcc13-scalar-r9-prefetch_chain-scalar-cache_evicted-basic-8388608,prefetch-gcc13-scalar,basic,cycles,561135023,255687957,255687957
1,prefetch-gcc13-scalar-r9-prefetch_chain-scalar-cache_evicted-basic-8388608,prefetch-gcc13-scalar,basic,instructions,49027099,255687210,255687210
1,prefetch-gcc13-scalar-r9-prefetch_chain-scalar-cache_evicted-basic-8388608,prefetch-gcc13-scalar,basic,ref_cycles,561139062,255683933,255683933
1,prefetch-gcc13-scalar-r9-prefetch_chain-scalar-warm-branch-4194304,prefetch-gcc13-scalar,branch,cycles,550609542,250892182,250892182
1,prefetch-gcc13-scalar-r9-prefetch_chain-scalar-warm-branch-4194304,prefetch-gcc13-scalar,branch,branches,8917380,250892002,250892002
1,prefetch-gcc13-scalar-r9-prefetch_chain-scalar-warm-branch-4194304,prefetch-gcc13-scalar,branch,branch_misses,183,250888745,250888745
1,prefetch-gcc13-scalar-r9-prefetch_chain-scalar-warm-branch-229376,prefetch-gcc13-scalar,branch,cycles,548773335,250052698,250052698
1,prefetch-gcc13-scalar-r9-prefetch_chain-scalar-warm-branch-229376,prefetch-gcc13-scalar,branch,branches,22538663,250049505,250049505
1,prefetch-gcc13-scalar-r9-prefetch_chain-scalar-warm-branch-229376,prefetch-gcc13-scalar,branch,branch_misses,6284,250045742,250045742
1,prefetch-gcc13-scalar-r9-prefetch_chain-scalar-warm-basic-36864,prefetch-gcc13-scalar,basic,cycles,548739558,250036006,250036006
1,prefetch-gcc13-scalar-r9-prefetch_chain-scalar-warm-basic-36864,prefetch-gcc13-scalar,basic,instructions,341672626,250034401,250034401
1,prefetch-gcc13-scalar-r9-prefetch_chain-scalar-warm-basic-36864,prefetch-gcc13-scalar,basic,ref_cycles,548741842,250031202,250031202
1,prefetch-gcc13-scalar-r9-prefetch_chain-scalar-warm-basic-536870912,prefetch-gcc13-scalar,basic,cycles,1968002604,896655241,896655241
1,prefetch-gcc13-scalar-r9-prefetch_chain-scalar-warm-basic-536870912,prefetch-gcc13-scalar,basic,instructions,92275480,896654672,896654672
1,prefetch-gcc13-scalar-r9-prefetch_chain-scalar-warm-basic-536870912,prefetch-gcc13-scalar,basic,ref_cycles,1968006304,896651812,896651812
1,prefetch-gcc13-scalar-r9-prefetch_chain-scalar-cache_evicted-basic-262144,prefetch-gcc13-scalar,basic,cycles,548789370,250059125,250059125
1,prefetch-gcc13-scalar-r9-prefetch_chain-scalar-cache_evicted-basic-262144,prefetch-gcc13-scalar,basic,instructions,246625096,250056080,250056080
1,prefetch-gcc13-scalar-r9-prefetch_chain-scalar-cache_evicted-basic-262144,prefetch-gcc13-scalar,basic,ref_cycles,548790550,250052255,250052255
1,prefetch-gcc13-scalar-r9-prefetch_chain-scalar-warm-branch-294912,prefetch-gcc13-scalar,branch,cycles,548822481,250075555,250075555
1,prefetch-gcc13-scalar-r9-prefetch_chain-scalar-warm-branch-294912,prefetch-gcc13-scalar,branch,branches,14105732,250074135,250074135
1,prefetch-gcc13-scalar-r9-prefetch_chain-scalar-warm-branch-294912,prefetch-gcc13-scalar,branch,branch_misses,3087,250070653,250070653
1,prefetch-gcc13-scalar-r9-prefetch_chain-scalar-warm-basic-294912,prefetch-gcc13-scalar,basic,cycles,548841855,250082064,250082064
1,prefetch-gcc13-scalar-r9-prefetch_chain-scalar-warm-basic-294912,prefetch-gcc13-scalar,basic,instructions,183877863,250078767,250078767
1,prefetch-gcc13-scalar-r9-prefetch_chain-scalar-warm-basic-294912,prefetch-gcc13-scalar,basic,ref_cycles,548843570,250075297,250075297
1,prefetch-gcc13-scalar-r9-prefetch_chain-scalar-warm-branch-32768,prefetch-gcc13-scalar,branch,cycles,548734451,250034340,250034340
1,prefetch-gcc13-scalar-r9-prefetch_chain-scalar-warm-branch-32768,prefetch-gcc13-scalar,branch,branches,63552526,250032916,250032916
1,prefetch-gcc13-scalar-r9-prefetch_chain-scalar-warm-branch-32768,prefetch-gcc13-scalar,branch,branch_misses,116928,250029608,250029608
1,prefetch-gcc13-scalar-r9-prefetch_chain-scalar-warm-basic-28672,prefetch-gcc13-scalar,basic,cycles,548730426,250031109,250031109
1,prefetch-gcc13-scalar-r9-prefetch_chain-scalar-warm-basic-28672,prefetch-gcc13-scalar,basic,instructions,842490167,250027871,250027871
1,prefetch-gcc13-scalar-r9-prefetch_chain-scalar-warm-basic-28672,prefetch-gcc13-scalar,basic,ref_cycles,548731238,250024306,250024306
1,prefetch-gcc13-scalar-r9-prefetch_chain-scalar-warm-basic-12582912,prefetch-gcc13-scalar,basic,cycles,563021977,256566859,256566859
1,prefetch-gcc13-scalar-r9-prefetch_chain-scalar-warm-basic-12582912,prefetch-gcc13-scalar,basic,instructions,38931949,256566697,256566697
1,prefetch-gcc13-scalar-r9-prefetch_chain-scalar-warm-basic-12582912,prefetch-gcc13-scalar,basic,ref_cycles,563026090,256563457,256563457
1,prefetch-gcc13-scalar-r9-prefetch_chain-scalar-warm-basic-8388608,prefetch-gcc13-scalar,basic,cycles,551706599,251391789,251391789
1,prefetch-gcc13-scalar-r9-prefetch_chain-scalar-warm-basic-8388608,prefetch-gcc13-scalar,basic,instructions,43259279,251391208,251391208
1,prefetch-gcc13-scalar-r9-prefetch_chain-scalar-warm-basic-8388608,prefetch-gcc13-scalar,basic,ref_cycles,551710368,251387694,251387694
1,prefetch-gcc13-scalar-r9-prefetch_chain-scalar-warm-branch-262144,prefetch-gcc13-scalar,branch,cycles,548779183,250055254,250055254
1,prefetch-gcc13-scalar-r9-prefetch_chain-scalar-warm-branch-262144,prefetch-gcc13-scalar,branch,branches,20685543,250052626,250052626
1,prefetch-gcc13-scalar-r9-prefetch_chain-scalar-warm-branch-262144,prefetch-gcc13-scalar,branch,branch_misses,5056,250048929,250048929
1,prefetch-gcc13-scalar-r9-prefetch_chain-scalar-cache_evicted-basic-33554432,prefetch-gcc13-scalar,basic,cycles,640133560,291681623,291681623
1,prefetch-gcc13-scalar-r9-prefetch_chain-scalar-cache_evicted-basic-33554432,prefetch-gcc13-scalar,basic,instructions,34604615,291681074,291681074
1,prefetch-gcc13-scalar-r9-prefetch_chain-scalar-cache_evicted-basic-33554432,prefetch-gcc13-scalar,basic,ref_cycles,640137234,291677557,291677557
1,prefetch-gcc13-scalar-r9-prefetch_chain-scalar-warm-basic-5242880,prefetch-gcc13-scalar,basic,cycles,552973250,251971990,251971990
1,prefetch-gcc13-scalar-r9-prefetch_chain-scalar-warm-basic-5242880,prefetch-gcc13-scalar,basic,instructions,43262213,251969805,251969805
1,prefetch-gcc13-scalar-r9-prefetch_chain-scalar-warm-basic-5242880,prefetch-gcc13-scalar,basic,ref_cycles,552976798,251966244,251966244
1,prefetch-gcc13-scalar-r9-prefetch_chain-scalar-warm-branch-536870912,prefetch-gcc13-scalar,branch,cycles,1988682224,906078459,906078459
1,prefetch-gcc13-scalar-r9-prefetch_chain-scalar-warm-branch-536870912,prefetch-gcc13-scalar,branch,branches,8388772,906076825,906076825
1,prefetch-gcc13-scalar-r9-prefetch_chain-scalar-warm-branch-536870912,prefetch-gcc13-scalar,branch,branch_misses,27,906073514,906073514
1,prefetch-gcc13-scalar-r9-prefetch_chain-scalar-warm-basic-24576,prefetch-gcc13-scalar,basic,cycles,548731809,250033275,250033275
1,prefetch-gcc13-scalar-r9-prefetch_chain-scalar-warm-basic-24576,prefetch-gcc13-scalar,basic,instructions,852513476,250031184,250031184
1,prefetch-gcc13-scalar-r9-prefetch_chain-scalar-warm-basic-24576,prefetch-gcc13-scalar,basic,ref_cycles,548733482,250027567,250027567
1,prefetch-gcc13-scalar-r9-prefetch_chain-scalar-warm-branch-134217728,prefetch-gcc13-scalar,branch,cycles,896204071,408347830,408347830
1,prefetch-gcc13-scalar-r9-prefetch_chain-scalar-warm-branch-134217728,prefetch-gcc13-scalar,branch,branches,4194500,408347084,408347084
1,prefetch-gcc13-scalar-r9-prefetch_chain-scalar-warm-branch-134217728,prefetch-gcc13-scalar,branch,branch_misses,29,408343162,408343162
1,prefetch-gcc13-scalar-r9-prefetch_chain-scalar-warm-branch-196608,prefetch-gcc13-scalar,branch,cycles,548770263,250049919,250049919
1,prefetch-gcc13-scalar-r9-prefetch_chain-scalar-warm-branch-196608,prefetch-gcc13-scalar,branch,branches,29435367,250046491,250046491
1,prefetch-gcc13-scalar-r9-prefetch_chain-scalar-warm-branch-196608,prefetch-gcc13-scalar,branch,branch_misses,9531,250042608,250042608
1,prefetch-gcc13-scalar-r9-prefetch_chain-scalar-warm-branch-24576,prefetch-gcc13-scalar,branch,cycles,548733218,250033997,250033997
1,prefetch-gcc13-scalar-r9-prefetch_chain-scalar-warm-branch-24576,prefetch-gcc13-scalar,branch,branches,81733393,250032960,250032960
1,prefetch-gcc13-scalar-r9-prefetch_chain-scalar-warm-branch-24576,prefetch-gcc13-scalar,branch,branch_misses,196594,250029690,250029690
1,prefetch-gcc13-scalar-r9-prefetch_chain-scalar-warm-branch-98304,prefetch-gcc13-scalar,branch,cycles,548748482,250041617,250041617
1,prefetch-gcc13-scalar-r9-prefetch_chain-scalar-warm-branch-98304,prefetch-gcc13-scalar,branch,branches,30961891,250040260,250040260
1,prefetch-gcc13-scalar-r9-prefetch_chain-scalar-warm-branch-98304,prefetch-gcc13-scalar,branch,branch_misses,19804,250036973,250036973
1,prefetch-gcc13-scalar-r9-prefetch_chain-scalar-warm-basic-524288,prefetch-gcc13-scalar,basic,cycles,548747788,250039527,250039527
1,prefetch-gcc13-scalar-r9-prefetch_chain-scalar-warm-basic-524288,prefetch-gcc13-scalar,basic,instructions,139024141,250035108,250035108
1,prefetch-gcc13-scalar-r9-prefetch_chain-scalar-warm-basic-524288,prefetch-gcc13-scalar,basic,ref_cycles,548748816,250031583,250031583
1,prefetch-gcc13-scalar-r9-prefetch_chain-scalar-warm-branch-8192,prefetch-gcc13-scalar,branch,cycles,548730697,250029883,250029883
1,prefetch-gcc13-scalar-r9-prefetch_chain-scalar-warm-branch-8192,prefetch-gcc13-scalar,branch,branches,89868668,250027328,250027328
1,prefetch-gcc13-scalar-r9-prefetch_chain-scalar-warm-branch-8192,prefetch-gcc13-scalar,branch,branch_misses,562214,250023625,250023625
1,prefetch-gcc13-scalar-r9-prefetch_chain-scalar-warm-branch-65536,prefetch-gcc13-scalar,branch,cycles,548737998,250033571,250033571
1,prefetch-gcc13-scalar-r9-prefetch_chain-scalar-warm-branch-65536,prefetch-gcc13-scalar,branch,branches,31278894,250031053,250031053
1,prefetch-gcc13-scalar-r9-prefetch_chain-scalar-warm-branch-65536,prefetch-gcc13-scalar,branch,branch_misses,29663,250027324,250027324
1,prefetch-gcc13-scalar-r9-prefetch_chain-scalar-cache_evicted-basic-536870912,prefetch-gcc13-scalar,basic,cycles,2390547693,1089166768,1089166768
1,prefetch-gcc13-scalar-r9-prefetch_chain-scalar-cache_evicted-basic-536870912,prefetch-gcc13-scalar,basic,instructions,92275480,1089164376,1089164376
1,prefetch-gcc13-scalar-r9-prefetch_chain-scalar-cache_evicted-basic-536870912,prefetch-gcc13-scalar,basic,ref_cycles,2390550646,1089161261,1089161261
1,prefetch-gcc13-scalar-r9-prefetch_chain-scalar-warm-branch-1048576,prefetch-gcc13-scalar,branch,cycles,549254194,250275090,250275090
1,prefetch-gcc13-scalar-r9-prefetch_chain-scalar-warm-branch-1048576,prefetch-gcc13-scalar,branch,branches,10933188,250273206,250273206
1,prefetch-gcc13-scalar-r9-prefetch_chain-scalar-warm-branch-1048576,prefetch-gcc13-scalar,branch,branch_misses,716,250269333,250269333
1,prefetch-gcc13-scalar-r9-prefetch_chain-scalar-warm-branch-2097152,prefetch-gcc13-scalar,branch,cycles,549890824,250564420,250564420
1,prefetch-gcc13-scalar-r9-prefetch_chain-scalar-warm-branch-2097152,prefetch-gcc13-scalar,branch,branches,5182532,250563542,250563542
1,prefetch-gcc13-scalar-r9-prefetch_chain-scalar-warm-branch-2097152,prefetch-gcc13-scalar,branch,branch_misses,202,250559831,250559831
1,prefetch-gcc13-scalar-r9-prefetch_chain-scalar-warm-basic-6291456,prefetch-gcc13-scalar,basic,cycles,550439280,250817019,250817019
1,prefetch-gcc13-scalar-r9-prefetch_chain-scalar-warm-basic-6291456,prefetch-gcc13-scalar,basic,instructions,33527346,250815664,250815664
1,prefetch-gcc13-scalar-r9-prefetch_chain-scalar-warm-basic-6291456,prefetch-gcc13-scalar,basic,ref_cycles,550442728,250812065,250812065
1,prefetch-gcc13-scalar-r9-prefetch_chain-scalar-warm-branch-12582912,prefetch-gcc13-scalar,branch,cycles,551035276,251090504,251090504
1,prefetch-gcc13-scalar-r9-prefetch_chain-scalar-warm-branch-12582912,prefetch-gcc13-scalar,branch,branches,2753092,251089037,251089037
1,prefetch-gcc13-scalar-r9-prefetch_chain-scalar-warm-branch-12582912,prefetch-gcc13-scalar,branch,branch_misses,39,251084901,251084901
1,prefetch-gcc13-scalar-r9-prefetch_chain-scalar-warm-branch-7340032,prefetch-gcc13-scalar,branch,cycles,563540887,256787758,256787758
1,prefetch-gcc13-scalar-r9-prefetch_chain-scalar-warm-branch-7340032,prefetch-gcc13-scalar,branch,branches,2868132,256787271,256787271
1,prefetch-gcc13-scalar-r9-prefetch_chain-scalar-warm-branch-7340032,prefetch-gcc13-scalar,branch,branch_misses,57,256783120,256783120
1,prefetch-gcc13-scalar-r9-prefetch_chain-scalar-cache_evicted-basic-32768,prefetch-gcc13-scalar,basic,cycles,548733141,250040022,250040022
1,prefetch-gcc13-scalar-r9-prefetch_chain-scalar-cache_evicted-basic-32768,prefetch-gcc13-scalar,basic,instructions,627107299,250038459,250038459
1,prefetch-gcc13-scalar-r9-prefetch_chain-scalar-cache_evicted-basic-32768,prefetch-gcc13-scalar,basic,ref_cycles,548735924,250034552,250034552
1,prefetch-gcc13-scalar-r9-prefetch_chain-scalar-warm-basic-49152,prefetch-gcc13-scalar,basic,cycles,548732161,250034406,250034406
1,prefetch-gcc13-scalar-r9-prefetch_chain-scalar-warm-basic-49152,prefetch-gcc13-scalar,basic,instructions,339024351,250033243,250033243
1,prefetch-gcc13-scalar-r9-prefetch_chain-scalar-warm-basic-49152,prefetch-gcc13-scalar,basic,ref_cycles,548735088,250029994,250029994
1,prefetch-gcc13-scalar-r9-prefetch_chain-scalar-warm-branch-5242880,prefetch-gcc13-scalar,branch,cycles,551710646,251395708,251395708
1,prefetch-gcc13-scalar-r9-prefetch_chain-scalar-warm-branch-5242880,prefetch-gcc13-scalar,branch,branches,3524068,251394892,251394892
1,prefetch-gcc13-scalar-r9-prefetch_chain-scalar-warm-branch-5242880,prefetch-gcc13-scalar,branch,branch_misses,85,251391359,251391359
1,prefetch-gcc13-scalar-r9-prefetch_chain-scalar-cache_evicted-branch-33554432,prefetch-gcc13-scalar,branch,cycles,646296858,294491902,294491902
1,prefetch-gcc13-scalar-r9-prefetch_chain-scalar-cache_evicted-branch-33554432,prefetch-gcc13-scalar,branch,branches,3146052,294490979,294490979
1,prefetch-gcc13-scalar-r9-prefetch_chain-scalar-cache_evicted-branch-33554432,prefetch-gcc13-scalar,branch,branch_misses,38,294487186,294487186
1,prefetch-gcc13-scalar-r9-prefetch_chain-scalar-cache_evicted-basic-1048576,prefetch-gcc13-scalar,basic,cycles,549411769,250345194,250345194
1,prefetch-gcc13-scalar-r9-prefetch_chain-scalar-cache_evicted-basic-1048576,prefetch-gcc13-scalar,basic,instructions,131322365,250343635,250343635
1,prefetch-gcc13-scalar-r9-prefetch_chain-scalar-cache_evicted-basic-1048576,prefetch-gcc13-scalar,basic,ref_cycles,549414426,250340264,250340264
1,prefetch-gcc13-scalar-r9-prefetch_chain-scalar-warm-branch-28672,prefetch-gcc13-scalar,branch,cycles,548734601,250035309,250035309
1,prefetch-gcc13-scalar-r9-prefetch_chain-scalar-warm-branch-28672,prefetch-gcc13-scalar,branch,branches,75083751,250034276,250034276
1,prefetch-gcc13-scalar-r9-prefetch_chain-scalar-warm-branch-28672,prefetch-gcc13-scalar,branch,branch_misses,156524,250030889,250030889
1,prefetch-gcc13-scalar-r9-prefetch_chain-scalar-cache_evicted-branch-8388608,prefetch-gcc13-scalar,branch,cycles,564715383,257322768,257322768
1,prefetch-gcc13-scalar-r9-prefetch_chain-scalar-cache_evicted-branch-8388608,prefetch-gcc13-scalar,branch,branches,2884420,257321480,257321480
1,prefetch-gcc13-scalar-r9-prefetch_chain-scalar-cache_evicted-branch-8388608,prefetch-gcc13-scalar,branch,branch_misses,53,257317525,257317525
1,prefetch-gcc13-scalar-r9-prefetch_chain-scalar-cache_evicted-branch-1048576,prefetch-gcc13-scalar,branch,cycles,549313417,250305177,250305177
1,prefetch-gcc13-scalar-r9-prefetch_chain-scalar-cache_evicted-branch-1048576,prefetch-gcc13-scalar,branch,branches,10325797,250303349,250303349
1,prefetch-gcc13-scalar-r9-prefetch_chain-scalar-cache_evicted-branch-1048576,prefetch-gcc13-scalar,branch,branch_misses,688,250299161,250299161
1,prefetch-gcc13-scalar-r9-prefetch_chain-scalar-cache_evicted-basic-6291456,prefetch-gcc13-scalar,basic,cycles,549096409,250206257,250206257
1,prefetch-gcc13-scalar-r9-prefetch_chain-scalar-cache_evicted-basic-6291456,prefetch-gcc13-scalar,basic,instructions,31364332,250204458,250204458
1,prefetch-gcc13-scalar-r9-prefetch_chain-scalar-cache_evicted-basic-6291456,prefetch-gcc13-scalar,basic,ref_cycles,549100442,250201689,250201689
1,prefetch-gcc13-scalar-r9-prefetch_chain-scalar-warm-branch-393216,prefetch-gcc13-scalar,branch,cycles,548774926,250055066,250055066
1,prefetch-gcc13-scalar-r9-prefetch_chain-scalar-warm-branch-393216,prefetch-gcc13-scalar,branch,branches,13562628,250052987,250052987
1,prefetch-gcc13-scalar-r9-prefetch_chain-scalar-warm-branch-393216,prefetch-gcc13-scalar,branch,branch_misses,2239,250050031,250050031
1,prefetch-gcc13-scalar-r10-prefetch_chain-scalar-cache_evicted-branch-536870912,prefetch-gcc13-scalar,branch,cycles,1977994796,901210460,901210460
1,prefetch-gcc13-scalar-r10-prefetch_chain-scalar-cache_evicted-branch-536870912,prefetch-gcc13-scalar,branch,branches,8388772,901208909,901208909
1,prefetch-gcc13-scalar-r10-prefetch_chain-scalar-cache_evicted-branch-536870912,prefetch-gcc13-scalar,branch,branch_misses,26,901205184,901205184
1,prefetch-gcc13-scalar-r10-prefetch_chain-scalar-warm-branch-1048576,prefetch-gcc13-scalar,branch,cycles,549161011,250229797,250229797
1,prefetch-gcc13-scalar-r10-prefetch_chain-scalar-warm-branch-1048576,prefetch-gcc13-scalar,branch,branches,12033060,250227471,250227471
1,prefetch-gcc13-scalar-r10-prefetch_chain-scalar-warm-branch-1048576,prefetch-gcc13-scalar,branch,branch_misses,772,250223735,250223735
1,prefetch-gcc13-scalar-r10-prefetch_chain-scalar-warm-basic-5242880,prefetch-gcc13-scalar,basic,cycles,548882517,250106463,250106463
1,prefetch-gcc13-scalar-r10-prefetch_chain-scalar-warm-basic-5242880,prefetch-gcc13-scalar,basic,instructions,72103269,250107031,250107031
1,prefetch-gcc13-scalar-r10-prefetch_chain-scalar-warm-basic-5242880,prefetch-gcc13-scalar,basic,ref_cycles,548886844,250103838,250103838
1,prefetch-gcc13-scalar-r10-prefetch_chain-scalar-warm-branch-36864,prefetch-gcc13-scalar,branch,cycles,548738164,250036562,250036562
1,prefetch-gcc13-scalar-r10-prefetch_chain-scalar-warm-branch-36864,prefetch-gcc13-scalar,branch,branches,31832686,250034269,250034269
1,prefetch-gcc13-scalar-r10-prefetch_chain-scalar-warm-branch-36864,prefetch-gcc13-scalar,branch,branch_misses,52428,250030514,250030514
1,prefetch-gcc13-scalar-r10-prefetch_chain-scalar-warm-basic-131072,prefetch-gcc13-scalar,basic,cycles,548756821,250044267,250044267
1,prefetch-gcc13-scalar-r10-prefetch_chain-scalar-warm-basic-131072,prefetch-gcc13-scalar,basic,instructions,336326638,250042727,250042727
1,prefetch-gcc13-scalar-r10-prefetch_chain-scalar-warm-basic-131072,prefetch-gcc13-scalar,basic,ref_cycles,548759024,250039839,250039839
1,prefetch-gcc13-scalar-r10-prefetch_chain-scalar-cache_evicted-basic-32768,prefetch-gcc13-scalar,basic,cycles,548734858,250037929,250037929
1,prefetch-gcc13-scalar-r10-prefetch_chain-scalar-cache_evicted-basic-32768,prefetch-gcc13-scalar,basic,instructions,662299847,250035260,250035260
1,prefetch-gcc13-scalar-r10-prefetch_chain-scalar-cache_evicted-basic-32768,prefetch-gcc13-scalar,basic,ref_cycles,548737134,250031615,250031615
1,prefetch-gcc13-scalar-r10-prefetch_chain-scalar-warm-branch-65536,prefetch-gcc13-scalar,branch,cycles,548738756,250036494,250036494
1,prefetch-gcc13-scalar-r10-prefetch_chain-scalar-warm-branch-65536,prefetch-gcc13-scalar,branch,branches,31212342,250034004,250034004
1,prefetch-gcc13-scalar-r10-prefetch_chain-scalar-warm-branch-65536,prefetch-gcc13-scalar,branch,branch_misses,29613,250030206,250030206
1,prefetch-gcc13-scalar-r10-prefetch_chain-scalar-warm-basic-8388608,prefetch-gcc13-scalar,basic,cycles,558124446,254315398,254315398
1,prefetch-gcc13-scalar-r10-prefetch_chain-scalar-warm-basic-8388608,prefetch-gcc13-scalar,basic,instructions,44701234,254315045,254315045
1,prefetch-gcc13-scalar-r10-prefetch_chain-scalar-warm-basic-8388608,prefetch-gcc13-scalar,basic,ref_cycles,558128384,254311258,254311258
1,prefetch-gcc13-scalar-r10-prefetch_chain-scalar-warm-basic-2097152,prefetch-gcc13-scalar,basic,cycles,550035743,250628411,250628411
1,prefetch-gcc13-scalar-r10-prefetch_chain-scalar-warm-basic-2097152,prefetch-gcc13-scalar,basic,instructions,125493257,250626844,250626844
1,prefetch-gcc13-scalar-r10-prefetch_chain-scalar-warm-basic-2097152,prefetch-gcc13-scalar,basic,ref_cycles,550038478,250624001,250624001
1,prefetch-gcc13-scalar-r10-prefetch_chain-scalar-warm-basic-49152,prefetch-gcc13-scalar,basic,cycles,548730760,250031757,250031757
1,prefetch-gcc13-scalar-r10-prefetch_chain-scalar-warm-basic-49152,prefetch-gcc13-scalar,basic,instructions,339299939,250029909,250029909
1,prefetch-gcc13-scalar-r10-prefetch_chain-scalar-warm-basic-49152,prefetch-gcc13-scalar,basic,ref_cycles,548732800,250026743,250026743
1,prefetch-gcc13-scalar-r10-prefetch_chain-scalar-warm-basic-8192,prefetch-gcc13-scalar,basic,cycles,548732023,250033640,250033640
1,prefetch-gcc13-scalar-r10-prefetch_chain-scalar-warm-basic-8192,prefetch-gcc13-scalar,basic,instructions,882149531,250031940,250031940
1,prefetch-gcc13-scalar-r10-prefetch_chain-scalar-warm-basic-8192,prefetch-gcc13-scalar,basic,ref_cycles,548733878,250028454,250028454
1,prefetch-gcc13-scalar-r10-prefetch_chain-scalar-cache_evicted-basic-536870912,prefetch-gcc13-scalar,basic,cycles,1973151387,899001588,899001588
1,prefetch-gcc13-scalar-r10-prefetch_chain-scalar-cache_evicted-basic-536870912,prefetch-gcc13-scalar,basic,instructions,92275480,898999723,898999723
1,prefetch-gcc13-scalar-r10-prefetch_chain-scalar-cache_evicted-basic-536870912,prefetch-gcc13-scalar,basic,ref_cycles,1973154656,898996639,898996639
1,prefetch-gcc13-scalar-r10-prefetch_chain-scalar-warm-basic-4194304,prefetch-gcc13-scalar,basic,cycles,542428004,248036116,248036116
1,prefetch-gcc13-scalar-r10-prefetch_chain-scalar-warm-basic-4194304,prefetch-gcc13-scalar,basic,instructions,69222391,248038299,248038299
1,prefetch-gcc13-scalar-r10-prefetch_chain-scalar-warm-basic-4194304,prefetch-gcc13-scalar,basic,ref_cycles,542434398,248036085,248036085
1,prefetch-gcc13-scalar-r10-prefetch_chain-scalar-warm-branch-131072,prefetch-gcc13-scalar,branch,cycles,548767193,250050192,250050192
1,prefetch-gcc13-scalar-r10-prefetch_chain-scalar-warm-branch-131072,prefetch-gcc13-scalar,branch,branches,30569895,250047863,250047863
1,prefetch-gcc13-scalar-r10-prefetch_chain-scalar-warm-branch-131072,prefetch-gcc13-scalar,branch,branch_misses,14742,250044157,250044157
1,prefetch-gcc13-scalar-r10-prefetch_chain-scalar-warm-branch-32768,prefetch-gcc13-scalar,branch,cycles,548733573,250035256,250035256
1,prefetch-gcc13-scalar-r10-prefetch_chain-scalar-warm-branch-32768,prefetch-gcc13-scalar,branch,branches,58947592,250033380,250033380
1,prefetch-gcc13-scalar-r10-prefetch_chain-scalar-warm-branch-32768,prefetch-gcc13-scalar,branch,branch_misses,108451,250030139,250030139
1,prefetch-gcc13-scalar-r10-prefetch_chain-scalar-warm-branch-393216,prefetch-gcc13-scalar,branch,cycles,548928182,250122907,250122907
1,prefetch-gcc13-scalar-r10-prefetch_chain-scalar-warm-branch-393216,prefetch-gcc13-scalar,branch,branches,13692327,250120747,250120747
1,prefetch-gcc13-scalar-r10-prefetch_chain-scalar-warm-branch-393216,prefetch-gcc13-scalar,branch,branch_misses,2264,250117263,250117263
1,prefetch-gcc13-scalar-r10-prefetch_chain-scalar-warm-basic-33554432,prefetch-gcc13-scalar,basic,cycles,633522192,288668379,288668379
1,prefetch-gcc13-scalar-r10-prefetch_chain-scalar-warm-basic-33554432,prefetch-gcc13-scalar,basic,instructions,34604615,288666977,288666977
1,prefetch-gcc13-scalar-r10-prefetch_chain-scalar-warm-basic-33554432,prefetch-gcc13-scalar,basic,ref_cycles,633526212,288663750,288663750
1,prefetch-gcc13-scalar-r10-prefetch_chain-scalar-warm-branch-6291456,prefetch-gcc13-scalar,branch,cycles,554633871,252726758,252726758
1,prefetch-gcc13-scalar-r10-prefetch_chain-scalar-warm-branch-6291456,prefetch-gcc13-scalar,branch,branches,5310276,252726482,252726482
1,prefetch-gcc13-scalar-r10-prefetch_chain-scalar-warm-branch-6291456,prefetch-gcc13-scalar,branch,branch_misses,98,252722817,252722817
1,prefetch-gcc13-scalar-r10-prefetch_chain-scalar-warm-branch-4194304,prefetch-gcc13-scalar,branch,cycles,551392357,251249075,251249075
1,prefetch-gcc13-scalar-r10-prefetch_chain-scalar-warm-branch-4194304,prefetch-gcc13-scalar,branch,branches,8196132,251248859,251248859
1,prefetch-gcc13-scalar-r10-prefetch_chain-scalar-warm-branch-4194304,prefetch-gcc13-scalar,branch,branch_misses,170,251245116,251245116
1,prefetch-gcc13-scalar-r10-prefetch_chain-scalar-warm-basic-262144,prefetch-gcc13-scalar,basic,cycles,548808057,250068368,250068368
1,prefetch-gcc13-scalar-r10-prefetch_chain-scalar-warm-basic-262144,prefetch-gcc13-scalar,basic,instructions,240113519,250064726,250064726
1,prefetch-gcc13-scalar-r10-prefetch_chain-scalar-warm-basic-262144,prefetch-gcc13-scalar,basic,ref_cycles,548809778,250061335,250061335
1,prefetch-gcc13-scalar-r10-prefetch_chain-scalar-warm-basic-98304,prefetch-gcc13-scalar,basic,cycles,548744816,250039895,250039895
1,prefetch-gcc13-scalar-r10-prefetch_chain-scalar-warm-basic-98304,prefetch-gcc13-scalar,basic,instructions,337120747,250037883,250037883
1,prefetch-gcc13-scalar-r10-prefetch_chain-scalar-warm-basic-98304,prefetch-gcc13-scalar,basic,ref_cycles,548747298,250034644,250034644
1,prefetch-gcc13-scalar-r10-prefetch_chain-scalar-warm-basic-393216,prefetch-gcc13-scalar,basic,cycles,548922227,250121259,250121259
1,prefetch-gcc13-scalar-r10-prefetch_chain-scalar-warm-basic-393216,prefetch-gcc13-scalar,basic,instructions,154192801,250119076,250119076
1,prefetch-gcc13-scalar-r10-prefetch_chain-scalar-warm-basic-393216,prefetch-gcc13-scalar,basic,ref_cycles,548925014,250116122,250116122
1,prefetch-gcc13-scalar-r10-prefetch_chain-scalar-warm-basic-16384,prefetch-gcc13-scalar,basic,cycles,548731525,250033449,250033449
1,prefetch-gcc13-scalar-r10-prefetch_chain-scalar-warm-basic-16384,prefetch-gcc13-scalar,basic,instructions,865692510,250031842,250031842
1,prefetch-gcc13-scalar-r10-prefetch_chain-scalar-warm-basic-16384,prefetch-gcc13-scalar,basic,ref_cycles,548733812,250028571,250028571
1,prefetch-gcc13-scalar-r10-prefetch_chain-scalar-warm-basic-294912,prefetch-gcc13-scalar,basic,cycles,548877412,250099433,250099433
1,prefetch-gcc13-scalar-r10-prefetch_chain-scalar-warm-basic-294912,prefetch-gcc13-scalar,basic,instructions,180775934,250097604,250097604
1,prefetch-gcc13-scalar-r10-prefetch_chain-scalar-warm-basic-294912,prefetch-gcc13-scalar,basic,ref_cycles,548879628,250094496,250094496
1,prefetch-gcc13-scalar-r10-prefetch_chain-scalar-warm-branch-262144,prefetch-gcc13-scalar,branch,cycles,548735538,250035314,250035314
1,prefetch-gcc13-scalar-r10-prefetch_chain-scalar-warm-branch-262144,prefetch-gcc13-scalar,branch,branches,23426538,250033907,250033907
1,prefetch-gcc13-scalar-r10-prefetch_chain-scalar-warm-branch-262144,prefetch-gcc13-scalar,branch,branch_misses,5720,250030746,250030746
1,prefetch-gcc13-scalar-r10-prefetch_chain-scalar-warm-branch-28672,prefetch-gcc13-scalar,branch,cycles,548733174,250033953,250033953
1,prefetch-gcc13-scalar-r10-prefetch_chain-scalar-warm-branch-28672,prefetch-gcc13-scalar,branch,branches,79300106,250031600,250031600
1,prefetch-gcc13-scalar-r10-prefetch_chain-scalar-warm-branch-28672,prefetch-gcc13-scalar,branch,branch_misses,165386,250027815,250027815
1,prefetch-gcc13-scalar-r10-prefetch_chain-scalar-cache_evicted-branch-32768,prefetch-gcc13-scalar,branch,cycles,548731865,250034794,250034794
1,prefetch-gcc13-scalar-r10-prefetch_chain-scalar-cache_evicted-branch-32768,prefetch-gcc13-scalar,branch,branches,62510765,250033588,250033588
1,prefetch-gcc13-scalar-r10-prefetch_chain-scalar-cache_evicted-branch-32768,prefetch-gcc13-scalar,branch,branch_misses,115008,250029993,250029993
1,prefetch-gcc13-scalar-r10-prefetch_chain-scalar-cache_evicted-basic-8388608,prefetch-gcc13-scalar,basic,cycles,550425161,250807933,250807933
1,prefetch-gcc13-scalar-r10-prefetch_chain-scalar-cache_evicted-basic-8388608,prefetch-gcc13-scalar,basic,instructions,47585144,250807324,250807324
1,prefetch-gcc13-scalar-r10-prefetch_chain-scalar-cache_evicted-basic-8388608,prefetch-gcc13-scalar,basic,ref_cycles,550429572,250804689,250804689
1,prefetch-gcc13-scalar-r10-prefetch_chain-scalar-cache_evicted-branch-1048576,prefetch-gcc13-scalar,branch,cycles,549097263,250201672,250201672
1,prefetch-gcc13-scalar-r10-prefetch_chain-scalar-cache_evicted-branch-1048576,prefetch-gcc13-scalar,branch,branches,12000229,250199581,250199581
1,prefetch-gcc13-scalar-r10-prefetch_chain-scalar-cache_evicted-branch-1048576,prefetch-gcc13-scalar,branch,branch_misses,779,250195958,250195958
1,prefetch-gcc13-scalar-r10-prefetch_chain-scalar-warm-branch-49152,prefetch-gcc13-scalar,branch,cycles,548733710,250034817,250034817
1,prefetch-gcc13-scalar-r10-prefetch_chain-scalar-warm-branch-49152,prefetch-gcc13-scalar,branch,branches,31517771,250033638,250033638
1,prefetch-gcc13-scalar-r10-prefetch_chain-scalar-warm-branch-49152,prefetch-gcc13-scalar,branch,branch_misses,39461,250030110,250030110
1,prefetch-gcc13-scalar-r10-prefetch_chain-scalar-warm-basic-7340032,prefetch-gcc13-scalar,basic,cycles,566933157,258328840,258328840
1,prefetch-gcc13-scalar-r10-prefetch_chain-scalar-warm-basic-7340032,prefetch-gcc13-scalar,basic,instructions,36590828,258328288,258328288
1,prefetch-gcc13-scalar-r10-prefetch_chain-scalar-warm-basic-7340032,prefetch-gcc13-scalar,basic,ref_cycles,566937206,258324781,258324781
1,prefetch-gcc13-scalar-r10-prefetch_chain-scalar-warm-basic-134217728,prefetch-gcc13-scalar,basic,cycles,944243607,430232560,430232560
1,prefetch-gcc13-scalar-r10-prefetch_chain-scalar-warm-basic-134217728,prefetch-gcc13-scalar,basic,instructions,46138299,430230941,430230941
1,prefetch-gcc13-scalar-r10-prefetch_chain-scalar-warm-basic-134217728,prefetch-gcc13-scalar,basic,ref_cycles,944246996,430227510,430227510
1,prefetch-gcc13-scalar-r10-prefetch_chain-scalar-cache_evicted-branch-262144,prefetch-gcc13-scalar,branch,cycles,548800959,250066518,250066518
1,prefetch-gcc13-scalar-r10-prefetch_chain-scalar-cache_evicted-branch-262144,prefetch-gcc13-scalar,branch,branches,22051920,250065018,250065018
1,prefetch-gcc13-scalar-r10-prefetch_chain-scalar-cache_evicted-branch-262144,prefetch-gcc13-scalar,branch,branch_misses,5399,250061647,250061647
1,prefetch-gcc13-scalar-r10-prefetch_chain-scalar-warm-basic-28672,prefetch-gcc13-scalar,basic,cycles,548732628,250032144,250032144
1,prefetch-gcc13-scalar-r10-prefetch_chain-scalar-warm-basic-28672,prefetch-gcc13-scalar,basic,instructions,817671551,250029514,250029514
1,prefetch-gcc13-scalar-r10-prefetch_chain-scalar-warm-basic-28672,prefetch-gcc13-scalar,basic,ref_cycles,548733988,250025898,250025898
1,prefetch-gcc13-scalar-r10-prefetch_chain-scalar-warm-basic-24576,prefetch-gcc13-scalar,basic,cycles,548731787,250033543,250033543
1,prefetch-gcc13-scalar-r10-prefetch_chain-scalar-warm-basic-24576,prefetch-gcc13-scalar,basic,instructions,862788080,250032418,250032418
1,prefetch-gcc13-scalar-r10-prefetch_chain-scalar-warm-basic-24576,prefetch-gcc13-scalar,basic,ref_cycles,548734604,250029516,250029516
1,prefetch-gcc13-scalar-r10-prefetch_chain-scalar-warm-branch-98304,prefetch-gcc13-scalar,branch,cycles,548736840,250036554,250036554
1,prefetch-gcc13-scalar-r10-prefetch_chain-scalar-warm-branch-98304,prefetch-gcc13-scalar,branch,branches,30961860,250034752,250034752
1,prefetch-gcc13-scalar-r10-prefetch_chain-scalar-warm-branch-98304,prefetch-gcc13-scalar,branch,branch_misses,19789,250031566,250031566
1,prefetch-gcc13-scalar-r10-prefetch_chain-scalar-cache_evicted-branch-8388608,prefetch-gcc13-scalar,branch,cycles,549025367,250172110,250172110
1,prefetch-gcc13-scalar-r10-prefetch_chain-scalar-cache_evicted-branch-8388608,prefetch-gcc13-scalar,branch,branches,4326564,250171752,250171752
1,prefetch-gcc13-scalar-r10-prefetch_chain-scalar-cache_evicted-branch-8388608,prefetch-gcc13-scalar,branch,branch_misses,68,250167956,250167956
1,prefetch-gcc13-scalar-r10-prefetch_chain-scalar-warm-branch-8388608,prefetch-gcc13-scalar,branch,cycles,567499721,258588880,258588880
1,prefetch-gcc13-scalar-r10-prefetch_chain-scalar-warm-branch-8388608,prefetch-gcc13-scalar,branch,branches,4326564,258588345,258588345
1,prefetch-gcc13-scalar-r10-prefetch_chain-scalar-warm-branch-8388608,prefetch-gcc13-scalar,branch,branch_misses,78,258584600,258584600
1,prefetch-gcc13-scalar-r10-prefetch_chain-scalar-warm-branch-524288,prefetch-gcc13-scalar,branch,cycles,548917114,250117941,250117941
1,prefetch-gcc13-scalar-r10-prefetch_chain-scalar-warm-branch-524288,prefetch-gcc13-scalar,branch,branches,12549956,250115153,250115153
1,prefetch-gcc13-scalar-r10-prefetch_chain-scalar-warm-branch-524288,prefetch-gcc13-scalar,branch,branch_misses,1572,250111614,250111614
1,prefetch-gcc13-scalar-r10-prefetch_chain-scalar-warm-branch-33554432,prefetch-gcc13-scalar,branch,cycles,621880018,283366141,283366141
1,prefetch-gcc13-scalar-r10-prefetch_chain-scalar-warm-branch-33554432,prefetch-gcc13-scalar,branch,branches,3146052,283365007,283365007
1,prefetch-gcc13-scalar-r10-prefetch_chain-scalar-warm-branch-33554432,prefetch-gcc13-scalar,branch,branch_misses,37,283360865,283360865
1,prefetch-gcc13-scalar-r10-prefetch_chain-scalar-warm-basic-536870912,prefetch-gcc13-scalar,basic,cycles,1969065702,897138751,897138751
1,prefetch-gcc13-scalar-r10-prefetch_chain-scalar-warm-basic-536870912,prefetch-gcc13-scalar,basic,instructions,92275480,897137610,897137610
1,prefetch-gcc13-scalar-r10-prefetch_chain-scalar-warm-basic-536870912,prefetch-gcc13-scalar,basic,ref_cycles,1969068882,897134397,897134397
1,prefetch-gcc13-scalar-r10-prefetch_chain-scalar-warm-branch-12582912,prefetch-gcc13-scalar,branch,cycles,566805212,258679797,258679797
1,prefetch-gcc13-scalar-r10-prefetch_chain-scalar-warm-branch-12582912,prefetch-gcc13-scalar,branch,branches,3539712,258682579,258682579
1,prefetch-gcc13-scalar-r10-prefetch_chain-scalar-warm-branch-12582912,prefetch-gcc13-scalar,branch,branch_misses,99,258679007,258679007
1,prefetch-gcc13-scalar-r10-prefetch_chain-scalar-warm-basic-36864,prefetch-gcc13-scalar,basic,cycles,548733891,250032842,250032842
1,prefetch-gcc13-scalar-r10-prefetch_chain-scalar-warm-basic-36864,prefetch-gcc13-scalar,basic,instructions,339697034,250031112,250031112
1,prefetch-gcc13-scalar-r10-prefetch_chain-scalar-warm-basic-36864,prefetch-gcc13-scalar,basic,ref_cycles,548735792,250027999,250027999
1,prefetch-gcc13-scalar-r10-prefetch_chain-scalar-warm-branch-536870912,prefetch-gcc13-scalar,branch,cycles,1971595923,898294022,898294022
1,prefetch-gcc13-scalar-r10-prefetch_chain-scalar-warm-branch-536870912,prefetch-gcc13-scalar,branch,branches,8388772,898292699,898292699
1,prefetch-gcc13-scalar-r10-prefetch_chain-scalar-warm-branch-536870912,prefetch-gcc13-scalar,branch,branch_misses,27,898288520,898288520
1,prefetch-gcc13-scalar-r10-prefetch_chain-scalar-warm-basic-12582912,prefetch-gcc13-scalar,basic,cycles,583556222,266351895,266351895
1,prefetch-gcc13-scalar-r10-prefetch_chain-scalar-warm-basic-12582912,prefetch-gcc13-scalar,basic,instructions,32443469,266355220,266355220
1,prefetch-gcc13-scalar-r10-prefetch_chain-scalar-warm-basic-12582912,prefetch-gcc13-scalar,basic,ref_cycles,583564014,266352750,266352750
1,prefetch-gcc13-scalar-r10-prefetch_chain-scalar-cache_evicted-branch-33554432,prefetch-gcc13-scalar,branch,cycles,653506599,297776283,297776283
1,prefetch-gcc13-scalar-r10-prefetch_chain-scalar-cache_evicted-branch-33554432,prefetch-gcc13-scalar,branch,branches,3146052,297776052,297776052
1,prefetch-gcc13-scalar-r10-prefetch_chain-scalar-cache_evicted-branch-33554432,prefetch-gcc13-scalar,branch,branch_misses,35,297772306,297772306
1,prefetch-gcc13-scalar-r10-prefetch_chain-scalar-warm-basic-32768,prefetch-gcc13-scalar,basic,cycles,548734440,250034827,250034827
1,prefetch-gcc13-scalar-r10-prefetch_chain-scalar-warm-basic-32768,prefetch-gcc13-scalar,basic,instructions,652523584,250033639,250033639
1,prefetch-gcc13-scalar-r10-prefetch_chain-scalar-warm-basic-32768,prefetch-gcc13-scalar,basic,ref_cycles,548737310,250029978,250029978
1,prefetch-gcc13-scalar-r10-prefetch_chain-scalar-cache_evicted-basic-1048576,prefetch-gcc13-scalar,basic,cycles,548821172,250074603,250074603
1,prefetch-gcc13-scalar-r10-prefetch_chain-scalar-cache_evicted-basic-1048576,prefetch-gcc13-scalar,basic,instructions,132043919,250072135,250072135
1,prefetch-gcc13-scalar-r10-prefetch_chain-scalar-cache_evicted-basic-1048576,prefetch-gcc13-scalar,basic,ref_cycles,548822934,250068618,250068618
1,prefetch-gcc13-scalar-r10-prefetch_chain-scalar-cache_evicted-basic-6291456,prefetch-gcc13-scalar,basic,cycles,553071887,252016380,252016380
1,prefetch-gcc13-scalar-r10-prefetch_chain-scalar-cache_evicted-basic-6291456,prefetch-gcc13-scalar,basic,instructions,43260909,252014997,252014997
1,prefetch-gcc13-scalar-r10-prefetch_chain-scalar-cache_evicted-basic-6291456,prefetch-gcc13-scalar,basic,ref_cycles,553075402,252012005,252012005
1,prefetch-gcc13-scalar-r10-prefetch_chain-scalar-cache_evicted-branch-6291456,prefetch-gcc13-scalar,branch,cycles,557022131,253817808,253817808
1,prefetch-gcc13-scalar-r10-prefetch_chain-scalar-cache_evicted-branch-6291456,prefetch-gcc13-scalar,branch,branches,3933572,253815705,253815705
1,prefetch-gcc13-scalar-r10-prefetch_chain-scalar-cache_evicted-branch-6291456,prefetch-gcc13-scalar,branch,branch_misses,80,253812158,253812158
1,prefetch-gcc13-scalar-r10-prefetch_chain-scalar-warm-branch-134217728,prefetch-gcc13-scalar,branch,cycles,940446928,428503308,428503308
1,prefetch-gcc13-scalar-r10-prefetch_chain-scalar-warm-branch-134217728,prefetch-gcc13-scalar,branch,branches,4194500,428502510,428502510
1,prefetch-gcc13-scalar-r10-prefetch_chain-scalar-warm-branch-134217728,prefetch-gcc13-scalar,branch,branch_misses,29,428498841,428498841
1,prefetch-gcc13-scalar-r10-prefetch_chain-scalar-cache_evicted-basic-262144,prefetch-gcc13-scalar,basic,cycles,548761788,250048413,250048413
1,prefetch-gcc13-scalar-r10-prefetch_chain-scalar-cache_evicted-basic-262144,prefetch-gcc13-scalar,basic,instructions,217775375,250046833,250046833
1,prefetch-gcc13-scalar-r10-prefetch_chain-scalar-cache_evicted-basic-262144,prefetch-gcc13-scalar,basic,ref_cycles,548764678,250043629,250043629
1,prefetch-gcc13-scalar-r10-prefetch_chain-scalar-cache_evicted-basic-33554432,prefetch-gcc13-scalar,basic,cycles,622337815,283573853,283573853
1,prefetch-gcc13-scalar-r10-prefetch_chain-scalar-cache_evicted-basic-33554432,prefetch-gcc13-scalar,basic,instructions,34604615,283572658,283572658
1,prefetch-gcc13-scalar-r10-prefetch_chain-scalar-cache_evicted-basic-33554432,prefetch-gcc13-scalar,basic,ref_cycles,622342204,283569714,283569714
1,prefetch-gcc13-scalar-r10-prefetch_chain-scalar-warm-branch-5242880,prefetch-gcc13-scalar,branch,cycles,549483418,250381776,250381776
1,prefetch-gcc13-scalar-r10-prefetch_chain-scalar-warm-branch-5242880,prefetch-gcc13-scalar,branch,branches,6310436,250380880,250380880
1,prefetch-gcc13-scalar-r10-prefetch_chain-scalar-warm-branch-5242880,prefetch-gcc13-scalar,branch,branch_misses,123,250377309,250377309
1,prefetch-gcc13-scalar-r10-prefetch_chain-scalar-warm-branch-7340032,prefetch-gcc13-scalar,branch,cycles,561369942,255795517,255795517
1,prefetch-gcc13-scalar-r10-prefetch_chain-scalar-warm-branch-7340032,prefetch-gcc13-scalar,branch,branches,4474212,255795066,255795066
1,prefetch-gcc13-scalar-r10-prefetch_chain-scalar-warm-branch-7340032,prefetch-gcc13-scalar,branch,branch_misses,79,255790977,255790977
1,prefetch-gcc13-scalar-r10-prefetch_chain-scalar-warm-branch-294912,prefetch-gcc13-scalar,branch,cycles,548815329,250073258,250073258
1,prefetch-gcc13-scalar-r10-prefetch_chain-scalar-warm-branch-294912,prefetch-gcc13-scalar,branch,branches,16769101,250071421,250071421
1,prefetch-gcc13-scalar-r10-prefetch_chain-scalar-warm-branch-294912,prefetch-gcc13-scalar,branch,branch_misses,3667,250067673,250067673
1,prefetch-gcc13-scalar-r10-prefetch_chain-scalar-warm-basic-1048576,prefetch-gcc13-scalar,basic,cycles,549055924,250181098,250181098
1,prefetch-gcc13-scalar-r10-prefetch_chain-scalar-warm-basic-1048576,prefetch-gcc13-scalar,basic,instructions,131141978,250178259,250178259
1,prefetch-gcc13-scalar-r10-prefetch_chain-scalar-warm-basic-1048576,prefetch-gcc13-scalar,basic,ref_cycles,549057630,250174845,250174845
1,prefetch-gcc13-scalar-r10-prefetch_chain-scalar-warm-branch-16384,prefetch-gcc13-scalar,branch,cycles,548730644,250033054,250033054
1,prefetch-gcc13-scalar-r10-prefetch_chain-scalar-warm-branch-16384,prefetch-gcc13-scalar,branch,branches,84120946,250030093,250030093
1,prefetch-gcc13-scalar-r10-prefetch_chain-scalar-warm-branch-16384,prefetch-gcc13-scalar,branch,branch_misses,292246,250026434,250026434
1,prefetch-gcc13-scalar-r10-prefetch_chain-scalar-warm-basic-6291456,prefetch-gcc13-scalar,basic,cycles,551534590,251314335,251314335
1,prefetch-gcc13-scalar-r10-prefetch_chain-scalar-warm-basic-6291456,prefetch-gcc13-scalar,basic,instructions,62728035,251314031,251314031
1,prefetch-gcc13-scalar-r10-prefetch_chain-scalar-warm-basic-6291456,prefetch-gcc13-scalar,basic,ref_cycles,551538306,251310576,251310576
1,prefetch-gcc13-scalar-r10-prefetch_chain-scalar-warm-basic-196608,prefetch-gcc13-scalar,basic,cycles,548790814,250061204,250061204
1,prefetch-gcc13-scalar-r10-prefetch_chain-scalar-warm-basic-196608,prefetch-gcc13-scalar,basic,instructions,257515363,250058839,250058839
1,prefetch-gcc13-scalar-r10-prefetch_chain-scalar-warm-basic-196608,prefetch-gcc13-scalar,basic,ref_cycles,548792552,250055241,250055241
1,prefetch-gcc13-scalar-r10-prefetch_chain-scalar-warm-basic-229376,prefetch-gcc13-scalar,basic,cycles,548744319,250037904,250037904
1,prefetch-gcc13-scalar-r10-prefetch_chain-scalar-warm-basic-229376,prefetch-gcc13-scalar,basic,instructions,296586447,250034845,250034845
1,prefetch-gcc13-scalar-r10-prefetch_chain-scalar-warm-basic-229376,prefetch-gcc13-scalar,basic,ref_cycles,548745670,250031306,250031306
1,prefetch-gcc13-scalar-r10-prefetch_chain-scalar-warm-basic-524288,prefetch-gcc13-scalar,basic,cycles,548749655,250041283,250041283
1,prefetch-gcc13-scalar-r10-prefetch_chain-scalar-warm-basic-524288,prefetch-gcc13-scalar,basic,instructions,137940847,250040286,250040286
1,prefetch-gcc13-scalar-r10-prefetch_chain-scalar-warm-basic-524288,prefetch-gcc13-scalar,basic,ref_cycles,548752600,250037631,250037631
1,prefetch-gcc13-scalar-r10-prefetch_chain-scalar-warm-branch-196608,prefetch-gcc13-scalar,branch,cycles,548787878,250059126,250059126
1,prefetch-gcc13-scalar-r10-prefetch_chain-scalar-warm-branch-196608,prefetch-gcc13-scalar,branch,branches,26474163,250055504,250055504
1,prefetch-gcc13-scalar-r10-prefetch_chain-scalar-warm-branch-196608,prefetch-gcc13-scalar,branch,branch_misses,8579,250051460,250051460
1,prefetch-gcc13-scalar-r10-prefetch_chain-scalar-warm-branch-2097152,prefetch-gcc13-scalar,branch,cycles,550386154,250788621,250788621
1,prefetch-gcc13-scalar-r10-prefetch_chain-scalar-warm-branch-2097152,prefetch-gcc13-scalar,branch,branches,11053732,250787444,250787444
1,prefetch-gcc13-scalar-r10-prefetch_chain-scalar-warm-branch-2097152,prefetch-gcc13-scalar,branch,branch_misses,382,250783515,250783515
1,prefetch-gcc13-scalar-r10-prefetch_chain-scalar-warm-branch-8192,prefetch-gcc13-scalar,branch,cycles,548731973,250034806,250034806
1,prefetch-gcc13-scalar-r10-prefetch_chain-scalar-warm-branch-8192,prefetch-gcc13-scalar,branch,branches,89838779,250033105,250033105
1,prefetch-gcc13-scalar-r10-prefetch_chain-scalar-warm-branch-8192,prefetch-gcc13-scalar,branch,branch_misses,561710,250029030,250029030
1,prefetch-gcc13-scalar-r10-prefetch_chain-scalar-warm-branch-229376,prefetch-gcc13-scalar,branch,cycles,548786045,250058056,250058056
1,prefetch-gcc13-scalar-r10-prefetch_chain-scalar-warm-branch-229376,prefetch-gcc13-scalar,branch,branches,24823982,250055795,250055795
1,prefetch-gcc13-scalar-r10-prefetch_chain-scalar-warm-branch-229376,prefetch-gcc13-scalar,branch,branch_misses,6919,250052360,250052360
1,prefetch-gcc13-scalar-r10-prefetch_chain-scalar-warm-basic-65536,prefetch-gcc13-scalar,basic,cycles,548748133,250040119,250040119
1,prefetch-gcc13-scalar-r10-prefetch_chain-scalar-warm-basic-65536,prefetch-gcc13-scalar,basic,instructions,338239884,250038533,250038533
1,prefetch-gcc13-scalar-r10-prefetch_chain-scalar-warm-basic-65536,prefetch-gcc13-scalar,basic,ref_cycles,548750224,250035198,250035198
1,prefetch-gcc13-scalar-r10-prefetch_chain-scalar-warm-branch-24576,prefetch-gcc13-scalar,branch,cycles,548730455,250032750,250032750
1,prefetch-gcc13-scalar-r10-prefetch_chain-scalar-warm-branch-24576,prefetch-gcc13-scalar,branch,branches,81870768,250029668,250029668
1,prefetch-gcc13-scalar-r10-prefetch_chain-scalar-warm-branch-24576,prefetch-gcc13-scalar,branch,branch_misses,196981,250025980,250025980
1,prefetch-gcc13-scalar-r11-prefetch_chain-scalar-warm-branch-8192,prefetch-gcc13-scalar,branch,cycles,548731942,250034735,250034735
1,prefetch-gcc13-scalar-r11-prefetch_chain-scalar-warm-branch-8192,prefetch-gcc13-scalar,branch,branches,89774793,250032751,250032751
1,prefetch-gcc13-scalar-r11-prefetch_chain-scalar-warm-branch-8192,prefetch-gcc13-scalar,branch,branch_misses,561433,250029114,250029114
1,prefetch-gcc13-scalar-r11-prefetch_chain-scalar-warm-branch-2097152,prefetch-gcc13-scalar,branch,cycles,548982301,250149647,250149647
1,prefetch-gcc13-scalar-r11-prefetch_chain-scalar-warm-branch-2097152,prefetch-gcc13-scalar,branch,branches,11676933,250147168,250147168
1,prefetch-gcc13-scalar-r11-prefetch_chain-scalar-warm-branch-2097152,prefetch-gcc13-scalar,branch,branch_misses,402,250143349,250143349
1,prefetch-gcc13-scalar-r11-prefetch_chain-scalar-warm-basic-1048576,prefetch-gcc13-scalar,basic,cycles,549386459,250331508,250331508
1,prefetch-gcc13-scalar-r11-prefetch_chain-scalar-warm-basic-1048576,prefetch-gcc13-scalar,basic,instructions,133306622,250328977,250328977
1,prefetch-gcc13-scalar-r11-prefetch_chain-scalar-warm-basic-1048576,prefetch-gcc13-scalar,basic,ref_cycles,549388576,250325733,250325733
1,prefetch-gcc13-scalar-r11-prefetch_chain-scalar-warm-basic-8388608,prefetch-gcc13-scalar,basic,cycles,551492458,251294722,251294722
1,prefetch-gcc13-scalar-r11-prefetch_chain-scalar-warm-basic-8388608,prefetch-gcc13-scalar,basic,instructions,51911009,251294458,251294458
1,prefetch-gcc13-scalar-r11-prefetch_chain-scalar-warm-basic-8388608,prefetch-gcc13-scalar,basic,ref_cycles,551495868,251291489,251291489
1,prefetch-gcc13-scalar-r11-prefetch_chain-scalar-warm-basic-12582912,prefetch-gcc13-scalar,basic,cycles,549615856,250441800,250441800
1,prefetch-gcc13-scalar-r11-prefetch_chain-scalar-warm-basic-12582912,prefetch-gcc13-scalar,basic,instructions,32443394,250440513,250440513
1,prefetch-gcc13-scalar-r11-prefetch_chain-scalar-warm-basic-12582912,prefetch-gcc13-scalar,basic,ref_cycles,549619686,250437049,250437049
1,prefetch-gcc13-scalar-r11-prefetch_chain-scalar-warm-basic-32768,prefetch-gcc13-scalar,basic,cycles,548733059,250032666,250032666
1,prefetch-gcc13-scalar-r11-prefetch_chain-scalar-warm-basic-32768,prefetch-gcc13-scalar,basic,instructions,652923557,250029653,250029653
1,prefetch-gcc13-scalar-r11-prefetch_chain-scalar-warm-basic-32768,prefetch-gcc13-scalar,basic,ref_cycles,548734406,250026260,250026260
1,prefetch-gcc13-scalar-r11-prefetch_chain-scalar-warm-branch-196608,prefetch-gcc13-scalar,branch,cycles,548746962,250041398,250041398
1,prefetch-gcc13-scalar-r11-prefetch_chain-scalar-warm-branch-196608,prefetch-gcc13-scalar,branch,branches,30534202,250039884,250039884
1,prefetch-gcc13-scalar-r11-prefetch_chain-scalar-warm-branch-196608,prefetch-gcc13-scalar,branch,branch_misses,9891,250036463,250036463
1,prefetch-gcc13-scalar-r11-prefetch_chain-scalar-cache_evicted-basic-1048576,prefetch-gcc13-scalar,basic,cycles,549321182,250302735,250302735
1,prefetch-gcc13-scalar-r11-prefetch_chain-scalar-cache_evicted-basic-1048576,prefetch-gcc13-scalar,basic,instructions,131502752,250300032,250300032
1,prefetch-gcc13-scalar-r11-prefetch_chain-scalar-cache_evicted-basic-1048576,prefetch-gcc13-scalar,basic,ref_cycles,549322356,250296388,250296388
1,prefetch-gcc13-scalar-r11-prefetch_chain-scalar-warm-basic-196608,prefetch-gcc13-scalar,basic,cycles,548747739,250039802,250039802
1,prefetch-gcc13-scalar-r11-prefetch_chain-scalar-warm-basic-196608,prefetch-gcc13-scalar,basic,instructions,294696187,250038067,250038067
1,prefetch-gcc13-scalar-r11-prefetch_chain-scalar-warm-basic-196608,prefetch-gcc13-scalar,basic,ref_cycles,548750048,250034768,250034768
1,prefetch-gcc13-scalar-r11-prefetch_chain-scalar-warm-branch-393216,prefetch-gcc13-scalar,branch,cycles,548949408,250132730,250132730
1,prefetch-gcc13-scalar-r11-prefetch_chain-scalar-warm-branch-393216,prefetch-gcc13-scalar,branch,branches,13099428,250129684,250129684
1,prefetch-gcc13-scalar-r11-prefetch_chain-scalar-warm-branch-393216,prefetch-gcc13-scalar,branch,branch_misses,2165,250125731,250125731
1,prefetch-gcc13-scalar-r11-prefetch_chain-scalar-cache_evicted-branch-262144,prefetch-gcc13-scalar,branch,cycles,548737202,250037080,250037080
1,prefetch-gcc13-scalar-r11-prefetch_chain-scalar-cache_evicted-branch-262144,prefetch-gcc13-scalar,branch,branches,18460552,250035581,250035581
1,prefetch-gcc13-scalar-r11-prefetch_chain-scalar-cache_evicted-branch-262144,prefetch-gcc13-scalar,branch,branch_misses,4520,250031986,250031986
1,prefetch-gcc13-scalar-r11-prefetch_chain-scalar-warm-basic-524288,prefetch-gcc13-scalar,basic,cycles,548841492,250083728,250083728
1,prefetch-gcc13-scalar-r11-prefetch_chain-scalar-warm-basic-524288,prefetch-gcc13-scalar,basic,instructions,138843579,250082231,250082231
1,prefetch-gcc13-scalar-r11-prefetch_chain-scalar-warm-basic-524288,prefetch-gcc13-scalar,basic,ref_cycles,548844428,250079174,250079174
1,prefetch-gcc13-scalar-r11-prefetch_chain-scalar-cache_evicted-basic-8388608,prefetch-gcc13-scalar,basic,cycles,568956171,259251663,259251663
1,prefetch-gcc13-scalar-r11-prefetch_chain-scalar-cache_evicted-basic-8388608,prefetch-gcc13-scalar,basic,instructions,36049504,259251758,259251758
1,prefetch-gcc13-scalar-r11-prefetch_chain-scalar-cache_evicted-basic-8388608,prefetch-gcc13-scalar,basic,ref_cycles,568959600,259248586,259248586
1,prefetch-gcc13-scalar-r11-prefetch_chain-scalar-cache_evicted-branch-536870912,prefetch-gcc13-scalar,branch,cycles,1983396465,903671062,903671062
1,prefetch-gcc13-scalar-r11-prefetch_chain-scalar-cache_evicted-branch-536870912,prefetch-gcc13-scalar,branch,branches,8388772,903668750,903668750
1,prefetch-gcc13-scalar-r11-prefetch_chain-scalar-cache_evicted-branch-536870912,prefetch-gcc13-scalar,branch,branch_misses,26,903665062,903665062
1,prefetch-gcc13-scalar-r11-prefetch_chain-scalar-warm-basic-36864,prefetch-gcc13-scalar,basic,cycles,548735879,250034245,250034245
1,prefetch-gcc13-scalar-r11-prefetch_chain-scalar-warm-basic-36864,prefetch-gcc13-scalar,basic,instructions,341035752,250031370,250031370
1,prefetch-gcc13-scalar-r11-prefetch_chain-scalar-warm-basic-36864,prefetch-gcc13-scalar,basic,ref_cycles,548737376,250027655,250027655
1,prefetch-gcc13-scalar-r11-prefetch_chain-scalar-warm-branch-7340032,prefetch-gcc13-scalar,branch,cycles,547066435,249590089,249590089
1,prefetch-gcc13-scalar-r11-prefetch_chain-scalar-warm-branch-7340032,prefetch-gcc13-scalar,branch,branches,4818435,249594361,249594361
1,prefetch-gcc13-scalar-r11-prefetch_chain-scalar-warm-branch-7340032,prefetch-gcc13-scalar,branch,branch_misses,123,249591729,249591729
1,prefetch-gcc13-scalar-r11-prefetch_chain-scalar-warm-basic-4194304,prefetch-gcc13-scalar,basic,cycles,549043396,250177908,250177908
1,prefetch-gcc13-scalar-r11-prefetch_chain-scalar-warm-basic-4194304,prefetch-gcc13-scalar,basic,instructions,85085591,250178380,250178380
1,prefetch-gcc13-scalar-r11-prefetch_chain-scalar-warm-basic-4194304,prefetch-gcc13-scalar,basic,ref_cycles,549047708,250175099,250175099
1,prefetch-gcc13-scalar-r11-prefetch_chain-scalar-warm-basic-7340032,prefetch-gcc13-scalar,basic,cycles,551691290,251385090,251385090
1,prefetch-gcc13-scalar-r11-prefetch_chain-scalar-warm-basic-7340032,prefetch-gcc13-scalar,basic,instructions,54255062,251384670,251384670
1,prefetch-gcc13-scalar-r11-prefetch_chain-scalar-warm-basic-7340032,prefetch-gcc13-scalar,basic,ref_cycles,551694858,251381358,251381358
1,prefetch-gcc13-scalar-r11-prefetch_chain-scalar-warm-branch-8388608,prefetch-gcc13-scalar,branch,cycles,558137596,254324697,254324697
1,prefetch-gcc13-scalar-r11-prefetch_chain-scalar-warm-branch-8388608,prefetch-gcc13-scalar,branch,branches,4195460,254325111,254325111
1,prefetch-gcc13-scalar-r11-prefetch_chain-scalar-warm-branch-8388608,prefetch-gcc13-scalar,branch,branch_misses,72,254321261,254321261
1,prefetch-gcc13-scalar-r11-prefetch_chain-scalar-warm-basic-49152,prefetch-gcc13-scalar,basic,cycles,548738664,250035655,250035655
1,prefetch-gcc13-scalar-r11-prefetch_chain-scalar-warm-basic-49152,prefetch-gcc13-scalar,basic,instructions,339549720,250032727,250032727
1,prefetch-gcc13-scalar-r11-prefetch_chain-scalar-warm-basic-49152,prefetch-gcc13-scalar,basic,ref_cycles,548740808,250029042,250029042
1,prefetch-gcc13-scalar-r11-prefetch_chain-scalar-cache_evicted-branch-6291456,prefetch-gcc13-scalar,branch,cycles,555274793,253018851,253018851
1,prefetch-gcc13-scalar-r11-prefetch_chain-scalar-cache_evicted-branch-6291456,prefetch-gcc13-scalar,branch,branches,4720260,253017358,253017358
1,prefetch-gcc13-scalar-r11-prefetch_chain-scalar-cache_evicted-branch-6291456,prefetch-gcc13-scalar,branch,branch_misses,97,253013859,253013859
1,prefetch-gcc13-scalar-r11-prefetch_chain-scalar-warm-basic-98304,prefetch-gcc13-scalar,basic,cycles,548751389,250042315,250042315
1,prefetch-gcc13-scalar-r11-prefetch_chain-scalar-warm-basic-98304,prefetch-gcc13-scalar,basic,instructions,336489446,250040790,250040790
1,prefetch-gcc13-scalar-r11-prefetch_chain-scalar-warm-basic-98304,prefetch-gcc13-scalar,basic,ref_cycles,548754514,250037621,250037621
1,prefetch-gcc13-scalar-r11-prefetch_chain-scalar-cache_evicted-basic-536870912,prefetch-gcc13-scalar,basic,cycles,1994047518,908522011,908522011
1,prefetch-gcc13-scalar-r11-prefetch_chain-scalar-cache_evicted-basic-536870912,prefetch-gcc13-scalar,basic,instructions,92275480,908520972,908520972
1,prefetch-gcc13-scalar-r11-prefetch_chain-scalar-cache_evicted-basic-536870912,prefetch-gcc13-scalar,basic,ref_cycles,1994050234,908517029,908517029
1,prefetch-gcc13-scalar-r11-prefetch_chain-scalar-warm-basic-229376,prefetch-gcc13-scalar,basic,cycles,548772133,250051730,250051730
1,prefetch-gcc13-scalar-r11-prefetch_chain-scalar-warm-basic-229376,prefetch-gcc13-scalar,basic,instructions,269310990,250048408,250048408
1,prefetch-gcc13-scalar-r11-prefetch_chain-scalar-warm-basic-229376,prefetch-gcc13-scalar,basic,ref_cycles,548773280,250044644,250044644
1,prefetch-gcc13-scalar-r11-prefetch_chain-scalar-warm-branch-131072,prefetch-gcc13-scalar,branch,cycles,548629264,250025145,250025145
1,prefetch-gcc13-scalar-r11-prefetch_chain-scalar-warm-branch-131072,prefetch-gcc13-scalar,branch,branches,30852800,250025561,250025561
1,prefetch-gcc13-scalar-r11-prefetch_chain-scalar-warm-branch-131072,prefetch-gcc13-scalar,branch,branch_misses,14902,250023148,250023148
1,prefetch-gcc13-scalar-r11-prefetch_chain-scalar-warm-branch-28672,prefetch-gcc13-scalar,branch,cycles,548731628,250033750,250033750
1,prefetch-gcc13-scalar-r11-prefetch_chain-scalar-warm-branch-28672,prefetch-gcc13-scalar,branch,branches,78203598,250030058,250030058
1,prefetch-gcc13-scalar-r11-prefetch_chain-scalar-warm-branch-28672,prefetch-gcc13-scalar,branch,branch_misses,163022,250026336,250026336
1,prefetch-gcc13-scalar-r11-prefetch_chain-scalar-warm-branch-12582912,prefetch-gcc13-scalar,branch,cycles,571109988,260233859,260233859
1,prefetch-gcc13-scalar-r11-prefetch_chain-scalar-warm-branch-12582912,prefetch-gcc13-scalar,branch,branches,3736292,260232671,260232671
1,prefetch-gcc13-scalar-r11-prefetch_chain-scalar-warm-branch-12582912,prefetch-gcc13-scalar,branch,branch_misses,60,260228599,260228599
1,prefetch-gcc13-scalar-r11-prefetch_chain-scalar-cache_evicted-basic-33554432,prefetch-gcc13-scalar,basic,cycles,633815732,288803241,288803241
1,prefetch-gcc13-scalar-r11-prefetch_chain-scalar-cache_evicted-basic-33554432,prefetch-gcc13-scalar,basic,instructions,34604615,288801882,288801882
1,prefetch-gcc13-scalar-r11-prefetch_chain-scalar-cache_evicted-basic-33554432,prefetch-gcc13-scalar,basic,ref_cycles,633819626,288798713,288798713
1,prefetch-gcc13-scalar-r11-prefetch_chain-scalar-cache_evicted-basic-6291456,prefetch-gcc13-scalar,basic,cycles,556445116,253550033,253550033
1,prefetch-gcc13-scalar-r11-prefetch_chain-scalar-cache_evicted-basic-6291456,prefetch-gcc13-scalar,basic,instructions,58402007,253550324,253550324
1,prefetch-gcc13-scalar-r11-prefetch_chain-scalar-cache_evicted-basic-6291456,prefetch-gcc13-scalar,basic,ref_cycles,556449410,253547269,253547269
1,prefetch-gcc13-scalar-r11-prefetch_chain-scalar-warm-basic-33554432,prefetch-gcc13-scalar,basic,cycles,634785433,289244793,289244793
1,prefetch-gcc13-scalar-r11-prefetch_chain-scalar-warm-basic-33554432,prefetch-gcc13-scalar,basic,instructions,34604615,289242382,289242382
1,prefetch-gcc13-scalar-r11-prefetch_chain-scalar-warm-basic-33554432,prefetch-gcc13-scalar,basic,ref_cycles,634788968,289239335,289239335
1,prefetch-gcc13-scalar-r11-prefetch_chain-scalar-warm-branch-5242880,prefetch-gcc13-scalar,branch,cycles,550122564,250671724,250671724
1,prefetch-gcc13-scalar-r11-prefetch_chain-scalar-warm-branch-5242880,prefetch-gcc13-scalar,branch,branches,6228484,250671683,250671683
1,prefetch-gcc13-scalar-r11-prefetch_chain-scalar-warm-branch-5242880,prefetch-gcc13-scalar,branch,branch_misses,121,250667984,250667984
1,prefetch-gcc13-scalar-r11-prefetch_chain-scalar-warm-basic-2097152,prefetch-gcc13-scalar,basic,cycles,549246121,250267235,250267235
1,prefetch-gcc13-scalar-r11-prefetch_chain-scalar-warm-basic-2097152,prefetch-gcc13-scalar,basic,instructions,126214479,250265444,250265444
1,prefetch-gcc13-scalar-r11-prefetch_chain-scalar-warm-basic-2097152,prefetch-gcc13-scalar,basic,ref_cycles,549248326,250262555,250262555
1,prefetch-gcc13-scalar-r11-prefetch_chain-scalar-cache_evicted-branch-8388608,prefetch-gcc13-scalar,branch,cycles,563939226,256966991,256966991
1,prefetch-gcc13-scalar-r11-prefetch_chain-scalar-cache_evicted-branch-8388608,prefetch-gcc13-scalar,branch,branches,4588772,256966270,256966270
1,prefetch-gcc13-scalar-r11-prefetch_chain-scalar-cache_evicted-branch-8388608,prefetch-gcc13-scalar,branch,branch_misses,72,256962718,256962718
1,prefetch-gcc13-scalar-r11-prefetch_chain-scalar-cache_evicted-branch-33554432,prefetch-gcc13-scalar,branch,cycles,627375481,285870294,285870294
1,prefetch-gcc13-scalar-r11-prefetch_chain-scalar-cache_evicted-branch-33554432,prefetch-gcc13-scalar,branch,branches,3146052,285868508,285868508
1,prefetch-gcc13-scalar-r11-prefetch_chain-scalar-cache_evicted-branch-33554432,prefetch-gcc13-scalar,branch,branch_misses,38,285864632,285864632
1,prefetch-gcc13-scalar-r11-prefetch_chain-scalar-warm-branch-49152,prefetch-gcc13-scalar,branch,cycles,548731203,250032475,250032475
1,prefetch-gcc13-scalar-r11-prefetch_chain-scalar-warm-branch-49152,prefetch-gcc13-scalar,branch,branches,31528168,250028903,250028903
1,prefetch-gcc13-scalar-r11-prefetch_chain-scalar-warm-branch-49152,prefetch-gcc13-scalar,branch,branch_misses,39469,250025219,250025219
1,prefetch-gcc13-scalar-r11-prefetch_chain-scalar-warm-branch-32768,prefetch-gcc13-scalar,branch,cycles,548732995,250033781,250033781
1,prefetch-gcc13-scalar-r11-prefetch_chain-scalar-warm-branch-32768,prefetch-gcc13-scalar,branch,branches,61832942,250033432,250033432
1,prefetch-gcc13-scalar-r11-prefetch_chain-scalar-warm-branch-32768,prefetch-gcc13-scalar,branch,branch_misses,113766,250030289,250030289
1,prefetch-gcc13-scalar-r11-prefetch_chain-scalar-warm-basic-6291456,prefetch-gcc13-scalar,basic,cycles,552431258,251722994,251722994
1,prefetch-gcc13-scalar-r11-prefetch_chain-scalar-warm-basic-6291456,prefetch-gcc13-scalar,basic,instructions,42179402,251722114,251722114
1,prefetch-gcc13-scalar-r11-prefetch_chain-scalar-warm-basic-6291456,prefetch-gcc13-scalar,basic,ref_cycles,552435620,251718774,251718774
1,prefetch-gcc13-scalar-r11-prefetch_chain-scalar-warm-basic-393216,prefetch-gcc13-scalar,basic,cycles,548921258,250118971,250118971
1,prefetch-gcc13-scalar-r11-prefetch_chain-scalar-warm-basic-393216,prefetch-gcc13-scalar,basic,instructions,149518282,250116062,250116062
1,prefetch-gcc13-scalar-r11-prefetch_chain-scalar-warm-basic-393216,prefetch-gcc13-scalar,basic,ref_cycles,548922858,250112297,250112297
1,prefetch-gcc13-scalar-r11-prefetch_chain-scalar-warm-basic-16384,prefetch-gcc13-scalar,basic,cycles,548730593,250030628,250030628
1,prefetch-gcc13-scalar-r11-prefetch_chain-scalar-warm-basic-16384,prefetch-gcc13-scalar,basic,instructions,861584537,250027336,250027336
1,prefetch-gcc13-scalar-r11-prefetch_chain-scalar-warm-basic-16384,prefetch-gcc13-scalar,basic,ref_cycles,548731458,250024307,250024307
1,prefetch-gcc13-scalar-r11-prefetch_chain-scalar-cache_evicted-branch-32768,prefetch-gcc13-scalar,branch,cycles,548733273,250033302,250033302
1,prefetch-gcc13-scalar-r11-prefetch_chain-scalar-cache_evicted-branch-32768,prefetch-gcc13-scalar,branch,branches,62098372,250030830,250030830
1,prefetch-gcc13-scalar-r11-prefetch_chain-scalar-cache_evicted-branch-32768,prefetch-gcc13-scalar,branch,branch_misses,114225,250027620,250027620
1,prefetch-gcc13-scalar-r11-prefetch_chain-scalar-warm-basic-536870912,prefetch-gcc13-scalar,basic,cycles,1973449675,899137853,899137853
1,prefetch-gcc13-scalar-r11-prefetch_chain-scalar-warm-basic-536870912,prefetch-gcc13-scalar,basic,instructions,92275480,899136196,899136196
1,prefetch-gcc13-scalar-r11-prefetch_chain-scalar-warm-basic-536870912,prefetch-gcc13-scalar,basic,ref_cycles,1973452822,899133179,899133179
1,prefetch-gcc13-scalar-r11-prefetch_chain-scalar-warm-branch-229376,prefetch-gcc13-scalar,branch,cycles,548781979,250056183,250056183
1,prefetch-gcc13-scalar-r11-prefetch_chain-scalar-warm-branch-229376,prefetch-gcc13-scalar,branch,branches,26671751,250052714,250052714
1,prefetch-gcc13-scalar-r11-prefetch_chain-scalar-warm-branch-229376,prefetch-gcc13-scalar,branch,branch_misses,7422,250048528,250048528
1,prefetch-gcc13-scalar-r11-prefetch_chain-scalar-cache_evicted-basic-262144,prefetch-gcc13-scalar,basic,cycles,548565907,250031280,250031280
1,prefetch-gcc13-scalar-r11-prefetch_chain-scalar-cache_evicted-basic-262144,prefetch-gcc13-scalar,basic,instructions,194758884,250030595,250030595
1,prefetch-gcc13-scalar-r11-prefetch_chain-scalar-cache_evicted-basic-262144,prefetch-gcc13-scalar,basic,ref_cycles,548570550,250027540,250027540
1,prefetch-gcc13-scalar-r11-prefetch_chain-scalar-warm-branch-65536,prefetch-gcc13-scalar,branch,cycles,548742849,250036760,250036760
1,prefetch-gcc13-scalar-r11-prefetch_chain-scalar-warm-branch-65536,prefetch-gcc13-scalar,branch,branches,31254580,250034010,250034010
1,prefetch-gcc13-scalar-r11-prefetch_chain-scalar-warm-branch-65536,prefetch-gcc13-scalar,branch,branch_misses,29642,250030114,250030114
1,prefetch-gcc13-scalar-r11-prefetch_chain-scalar-warm-basic-262144,prefetch-gcc13-scalar,basic,cycles,548828930,250075590,250075590
1,prefetch-gcc13-scalar-r11-prefetch_chain-scalar-warm-basic-262144,prefetch-gcc13-scalar,basic,instructions,234370795,250073017,250073017
1,prefetch-gcc13-scalar-r11-prefetch_chain-scalar-warm-basic-262144,prefetch-gcc13-scalar,basic,ref_cycles,548830414,250069505,250069505
1,prefetch-gcc13-scalar-r11-prefetch_chain-scalar-warm-basic-294912,prefetch-gcc13-scalar,basic,cycles,548798317,250063320,250063320
1,prefetch-gcc13-scalar-r11-prefetch_chain-scalar-warm-basic-294912,prefetch-gcc13-scalar,basic,instructions,183115080,250062297,250062297
1,prefetch-gcc13-scalar-r11-prefetch_chain-scalar-warm-basic-294912,prefetch-gcc13-scalar,basic,ref_cycles,548801000,250059122,250059122
1,prefetch-gcc13-scalar-r11-prefetch_chain-scalar-cache_evicted-basic-32768,prefetch-gcc13-scalar,basic,cycles,548736054,250037165,250037165
1,prefetch-gcc13-scalar-r11-prefetch_chain-scalar-cache_evicted-basic-32768,prefetch-gcc13-scalar,basic,instructions,649261014,250034717,250034717
1,prefetch-gcc13-scalar-r11-prefetch_chain-scalar-cache_evicted-basic-32768,prefetch-gcc13-scalar,basic,ref_cycles,548738190,250031481,250031481
1,prefetch-gcc13-scalar-r11-prefetch_chain-scalar-warm-branch-294912,prefetch-gcc13-scalar,branch,cycles,548827704,250076732,250076732
1,prefetch-gcc13-scalar-r11-prefetch_chain-scalar-warm-branch-294912,prefetch-gcc13-scalar,branch,branches,15646212,250074140,250074140
1,prefetch-gcc13-scalar-r11-prefetch_chain-scalar-warm-branch-294912,prefetch-gcc13-scalar,branch,branch_misses,3419,250070546,250070546
1,prefetch-gcc13-scalar-r11-prefetch_chain-scalar-warm-basic-131072,prefetch-gcc13-scalar,basic,cycles,548740042,250035206,250035206
1,prefetch-gcc13-scalar-r11-prefetch_chain-scalar-warm-basic-131072,prefetch-gcc13-scalar,basic,instructions,336712541,250032534,250032534
1,prefetch-gcc13-scalar-r11-prefetch_chain-scalar-warm-basic-131072,prefetch-gcc13-scalar,basic,ref_cycles,548741336,250028977,250028977
1,prefetch-gcc13-scalar-r11-prefetch_chain-scalar-warm-branch-134217728,prefetch-gcc13-scalar,branch,cycles,942919544,429630898,429630898
1,prefetch-gcc13-scalar-r11-prefetch_chain-scalar-warm-branch-134217728,prefetch-gcc13-scalar,branch,branches,4194500,429631238,429631238
1,prefetch-gcc13-scalar-r11-prefetch_chain-scalar-warm-branch-134217728,prefetch-gcc13-scalar,branch,branch_misses,29,429627658,429627658
1,prefetch-gcc13-scalar-r11-prefetch_chain-scalar-warm-branch-16384,prefetch-gcc13-scalar,branch,cycles,548732766,250034985,250034985
1,prefetch-gcc13-scalar-r11-prefetch_chain-scalar-warm-branch-16384,prefetch-gcc13-scalar,branch,branches,83780410,250033836,250033836
1,prefetch-gcc13-scalar-r11-prefetch_chain-scalar-warm-branch-16384,prefetch-gcc13-scalar,branch,branch_misses,291172,250030582,250030582
1,prefetch-gcc13-scalar-r11-prefetch_chain-scalar-warm-branch-262144,prefetch-gcc13-scalar,branch,cycles,548772406,250050467,250050467
1,prefetch-gcc13-scalar-r11-prefetch_chain-scalar-warm-branch-262144,prefetch-gcc13-scalar,branch,branches,21762948,250047063,250047063
1,prefetch-gcc13-scalar-r11-prefetch_chain-scalar-warm-branch-262144,prefetch-gcc13-scalar,branch,branch_misses,5303,250043221,250043221
1,prefetch-gcc13-scalar-r11-prefetch_chain-scalar-warm-basic-65536,prefetch-gcc13-scalar,basic,cycles,548734652,250031589,250031589
1,prefetch-gcc13-scalar-r11-prefetch_chain-scalar-warm-basic-65536,prefetch-gcc13-scalar,basic,instructions,338388844,250028837,250028837
1,prefetch-gcc13-scalar-r11-prefetch_chain-scalar-warm-basic-65536,prefetch-gcc13-scalar,basic,ref_cycles,548735462,250025057,250025057
1,prefetch-gcc13-scalar-r11-prefetch_chain-scalar-cache_evicted-branch-1048576,prefetch-gcc13-scalar,branch,cycles,548819631,250071975,250071975
1,prefetch-gcc13-scalar-r11-prefetch_chain-scalar-cache_evicted-branch-1048576,prefetch-gcc13-scalar,branch,branches,12016644,250069474,250069474
1,prefetch-gcc13-scalar-r11-prefetch_chain-scalar-cache_evicted-branch-1048576,prefetch-gcc13-scalar,branch,branch_misses,760,250065572,250065572
1,prefetch-gcc13-scalar-r11-prefetch_chain-scalar-warm-branch-98304,prefetch-gcc13-scalar,branch,cycles,548736193,250032596,250032596
1,prefetch-gcc13-scalar-r11-prefetch_chain-scalar-warm-branch-98304,prefetch-gcc13-scalar,branch,branches,30977546,250030195,250030195
1,prefetch-gcc13-scalar-r11-prefetch_chain-scalar-warm-branch-98304,prefetch-gcc13-scalar,branch,branch_misses,19800,250026351,250026351
1,prefetch-gcc13-scalar-r11-prefetch_chain-scalar-warm-basic-8192,prefetch-gcc13-scalar,basic,cycles,548731004,250029587,250029587
1,prefetch-gcc13-scalar-r11-prefetch_chain-scalar-warm-basic-8192,prefetch-gcc13-scalar,basic,instructions,882405691,250026422,250026422
1,prefetch-gcc13-scalar-r11-prefetch_chain-scalar-warm-basic-8192,prefetch-gcc13-scalar,basic,ref_cycles,548731678,250022783,250022783
1,prefetch-gcc13-scalar-r11-prefetch_chain-scalar-warm-branch-1048576,prefetch-gcc13-scalar,branch,cycles,548782758,250054888,250054888
1,prefetch-gcc13-scalar-r11-prefetch_chain-scalar-warm-branch-1048576,prefetch-gcc13-scalar,branch,branches,12016645,250052007,250052007
1,prefetch-gcc13-scalar-r11-prefetch_chain-scalar-warm-branch-1048576,prefetch-gcc13-scalar,branch,branch_misses,768,250048107,250048107
1,prefetch-gcc13-scalar-r11-prefetch_chain-scalar-warm-branch-36864,prefetch-gcc13-scalar,branch,cycles,548731902,250031593,250031593
1,prefetch-gcc13-scalar-r11-prefetch_chain-scalar-warm-branch-36864,prefetch-gcc13-scalar,branch,branches,31915919,250027992,250027992
1,prefetch-gcc13-scalar-r11-prefetch_chain-scalar-warm-branch-36864,prefetch-gcc13-scalar,branch,branch_misses,52553,250023948,250023948
1,prefetch-gcc13-scalar-r11-prefetch_chain-scalar-warm-branch-33554432,prefetch-gcc13-scalar,branch,cycles,648437577,295463912,295463912
1,prefetch-gcc13-scalar-r11-prefetch_chain-scalar-warm-branch-33554432,prefetch-gcc13-scalar,branch,branches,3146052,295463850,295463850
1,prefetch-gcc13-scalar-r11-prefetch_chain-scalar-warm-branch-33554432,prefetch-gcc13-scalar,branch,branch_misses,34,295460070,295460070
1,prefetch-gcc13-scalar-r11-prefetch_chain-scalar-warm-basic-134217728,prefetch-gcc13-scalar,basic,cycles,942958437,429648372,429648372
1,prefetch-gcc13-scalar-r11-prefetch_chain-scalar-warm-basic-134217728,prefetch-gcc13-scalar,basic,instructions,46138299,429648071,429648071
1,prefetch-gcc13-scalar-r11-prefetch_chain-scalar-warm-basic-134217728,prefetch-gcc13-scalar,basic,ref_cycles,942962218,429644595,429644595
1,prefetch-gcc13-scalar-r11-prefetch_chain-scalar-warm-branch-24576,prefetch-gcc13-scalar,branch,cycles,548730317,250031709,250031709
1,prefetch-gcc13-scalar-r11-prefetch_chain-scalar-warm-branch-24576,prefetch-gcc13-scalar,branch,branches,81879089,250028171,250028171
1,prefetch-gcc13-scalar-r11-prefetch_chain-scalar-warm-branch-24576,prefetch-gcc13-scalar,branch,branch_misses,197054,250023909,250023909
1,prefetch-gcc13-scalar-r11-prefetch_chain-scalar-warm-branch-6291456,prefetch-gcc13-scalar,branch,cycles,551869656,251469061,251469061
1,prefetch-gcc13-scalar-r11-prefetch_chain-scalar-warm-branch-6291456,prefetch-gcc13-scalar,branch,branches,6588644,251468082,251468082
1,prefetch-gcc13-scalar-r11-prefetch_chain-scalar-warm-branch-6291456,prefetch-gcc13-scalar,branch,branch_misses,110,251464328,251464328
1,prefetch-gcc13-scalar-r11-prefetch_chain-scalar-warm-branch-536870912,prefetch-gcc13-scalar,branch,cycles,2123219877,967372918,967372918
1,prefetch-gcc13-scalar-r11-prefetch_chain-scalar-warm-branch-536870912,prefetch-gcc13-scalar,branch,branches,8388772,967372995,967372995
1,prefetch-gcc13-scalar-r11-prefetch_chain-scalar-warm-branch-536870912,prefetch-gcc13-scalar,branch,branch_misses,26,967369413,967369413
1,prefetch-gcc13-scalar-r11-prefetch_chain-scalar-warm-basic-5242880,prefetch-gcc13-scalar,basic,cycles,549131417,250220516,250220516
1,prefetch-gcc13-scalar-r11-prefetch_chain-scalar-warm-basic-5242880,prefetch-gcc13-scalar,basic,instructions,51373760,250219600,250219600
1,prefetch-gcc13-scalar-r11-prefetch_chain-scalar-warm-basic-5242880,prefetch-gcc13-scalar,basic,ref_cycles,549135268,250216250,250216250
1,prefetch-gcc13-scalar-r11-prefetch_chain-scalar-warm-basic-28672,prefetch-gcc13-scalar,basic,cycles,548734657,250036091,250036091
1,prefetch-gcc13-scalar-r11-prefetch_chain-scalar-warm-basic-28672,prefetch-gcc13-scalar,basic,instructions,792175940,250035292,250035292
1,prefetch-gcc13-scalar-r11-prefetch_chain-scalar-warm-basic-28672,prefetch-gcc13-scalar,basic,ref_cycles,548738080,250032277,250032277
1,prefetch-gcc13-scalar-r11-prefetch_chain-scalar-warm-branch-524288,prefetch-gcc13-scalar,branch,cycles,548883210,250104850,250104850
1,prefetch-gcc13-scalar-r11-prefetch_chain-scalar-warm-branch-524288,prefetch-gcc13-scalar,branch,branches,12525284,250103771,250103771
1,prefetch-gcc13-scalar-r11-prefetch_chain-scalar-warm-branch-524288,prefetch-gcc13-scalar,branch,branch_misses,1572,250100357,250100357
1,prefetch-gcc13-scalar-r11-prefetch_chain-scalar-warm-basic-24576,prefetch-gcc13-scalar,basic,cycles,548732772,250034558,250034558
1,prefetch-gcc13-scalar-r11-prefetch_chain-scalar-warm-basic-24576,prefetch-gcc13-scalar,basic,instructions,850886033,250033464,250033464
1,prefetch-gcc13-scalar-r11-prefetch_chain-scalar-warm-basic-24576,prefetch-gcc13-scalar,basic,ref_cycles,548735132,250029846,250029846
1,prefetch-gcc13-scalar-r11-prefetch_chain-scalar-warm-branch-4194304,prefetch-gcc13-scalar,branch,cycles,549489490,250384652,250384652
1,prefetch-gcc13-scalar-r11-prefetch_chain-scalar-warm-branch-4194304,prefetch-gcc13-scalar,branch,branches,7540452,250384336,250384336
1,prefetch-gcc13-scalar-r11-prefetch_chain-scalar-warm-branch-4194304,prefetch-gcc13-scalar,branch,branch_misses,163,250380088,250380088
1,prefetch-gcc13-scalar-r12-prefetch_chain-scalar-warm-basic-49152,prefetch-gcc13-scalar,basic,cycles,548737177,250036077,250036077
1,prefetch-gcc13-scalar-r12-prefetch_chain-scalar-warm-basic-49152,prefetch-gcc13-scalar,basic,instructions,339523831,250034293,250034293
1,prefetch-gcc13-scalar-r12-prefetch_chain-scalar-warm-basic-49152,prefetch-gcc13-scalar,basic,ref_cycles,548739290,250030770,250030770
1,prefetch-gcc13-scalar-r12-prefetch_chain-scalar-warm-basic-16384,prefetch-gcc13-scalar,basic,cycles,548731227,250033257,250033257
1,prefetch-gcc13-scalar-r12-prefetch_chain-scalar-warm-basic-16384,prefetch-gcc13-scalar,basic,instructions,866383769,250031797,250031797
1,prefetch-gcc13-scalar-r12-prefetch_chain-scalar-warm-basic-16384,prefetch-gcc13-scalar,basic,ref_cycles,548733394,250029117,250029117
1,prefetch-gcc13-scalar-r12-prefetch_chain-scalar-warm-branch-6291456,prefetch-gcc13-scalar,branch,cycles,557641897,254098704,254098704
1,prefetch-gcc13-scalar-r12-prefetch_chain-scalar-warm-branch-6291456,prefetch-gcc13-scalar,branch,branches,4031908,254097660,254097660
1,prefetch-gcc13-scalar-r12-prefetch_chain-scalar-warm-branch-6291456,prefetch-gcc13-scalar,branch,branch_misses,83,254093472,254093472
1,prefetch-gcc13-scalar-r12-prefetch_chain-scalar-warm-basic-8388608,prefetch-gcc13-scalar,basic,cycles,560521031,255407003,255407003
1,prefetch-gcc13-scalar-r12-prefetch_chain-scalar-warm-basic-8388608,prefetch-gcc13-scalar,basic,instructions,47585144,255407905,255407905
1,prefetch-gcc13-scalar-r12-prefetch_chain-scalar-warm-basic-8388608,prefetch-gcc13-scalar,basic,ref_cycles,560524734,255404430,255404430
1,prefetch-gcc13-scalar-r12-prefetch_chain-scalar-cache_evicted-branch-32768,prefetch-gcc13-scalar,branch,cycles,548732370,250036734,250036734
1,prefetch-gcc13-scalar-r12-prefetch_chain-scalar-cache_evicted-branch-32768,prefetch-gcc13-scalar,branch,branches,62172321,250035185,250035185
1,prefetch-gcc13-scalar-r12-prefetch_chain-scalar-cache_evicted-branch-32768,prefetch-gcc13-scalar,branch,branch_misses,114353,250031041,250031041
1,prefetch-gcc13-scalar-r12-prefetch_chain-scalar-warm-basic-393216,prefetch-gcc13-scalar,basic,cycles,548875138,250098117,250098117
1,prefetch-gcc13-scalar-r12-prefetch_chain-scalar-warm-basic-393216,prefetch-gcc13-scalar,basic,instructions,150127981,250095226,250095226
1,prefetch-gcc13-scalar-r12-prefetch_chain-scalar-warm-basic-393216,prefetch-gcc13-scalar,basic,ref_cycles,548876504,250091964,250091964
1,prefetch-gcc13-scalar-r12-prefetch_chain-scalar-warm-branch-134217728,prefetch-gcc13-scalar,branch,cycles,942675117,429519037,429519037
1,prefetch-gcc13-scalar-r12-prefetch_chain-scalar-warm-branch-134217728,prefetch-gcc13-scalar,branch,branches,4194500,429518642,429518642
1,prefetch-gcc13-scalar-r12-prefetch_chain-scalar-warm-branch-134217728,prefetch-gcc13-scalar,branch,branch_misses,27,429514576,429514576
1,prefetch-gcc13-scalar-r12-prefetch_chain-scalar-warm-branch-8388608,prefetch-gcc13-scalar,branch,cycles,561829171,256005057,256005057
1,prefetch-gcc13-scalar-r12-prefetch_chain-scalar-warm-branch-8388608,prefetch-gcc13-scalar,branch,branches,4064356,256004608,256004608
1,prefetch-gcc13-scalar-r12-prefetch_chain-scalar-warm-branch-8388608,prefetch-gcc13-scalar,branch,branch_misses,71,256000945,256000945
1,prefetch-gcc13-scalar-r12-prefetch_chain-scalar-warm-branch-524288,prefetch-gcc13-scalar,branch,cycles,548783775,250057336,250057336
1,prefetch-gcc13-scalar-r12-prefetch_chain-scalar-warm-branch-524288,prefetch-gcc13-scalar,branch,branches,12582852,250055707,250055707
1,prefetch-gcc13-scalar-r12-prefetch_chain-scalar-warm-branch-524288,prefetch-gcc13-scalar,branch,branch_misses,1575,250052234,250052234
1,prefetch-gcc13-scalar-r12-prefetch_chain-scalar-warm-branch-36864,prefetch-gcc13-scalar,branch,cycles,548733040,250034919,250034919
1,prefetch-gcc13-scalar-r12-prefetch_chain-scalar-warm-branch-36864,prefetch-gcc13-scalar,branch,branches,31853295,250032847,250032847
1,prefetch-gcc13-scalar-r12-prefetch_chain-scalar-warm-branch-36864,prefetch-gcc13-scalar,branch,branch_misses,52451,250029565,250029565
1,prefetch-gcc13-scalar-r12-prefetch_chain-scalar-cache_evicted-branch-8388608,prefetch-gcc13-scalar,branch,cycles,559635771,255006578,255006578
1,prefetch-gcc13-scalar-r12-prefetch_chain-scalar-cache_evicted-branch-8388608,prefetch-gcc13-scalar,branch,branches,4326564,255006450,255006450
1,prefetch-gcc13-scalar-r12-prefetch_chain-scalar-cache_evicted-branch-8388608,prefetch-gcc13-scalar,branch,branch_misses,78,255002531,255002531
1,prefetch-gcc13-scalar-r12-prefetch_chain-scalar-warm-basic-33554432,prefetch-gcc13-scalar,basic,cycles,638018243,290716923,290716923
1,prefetch-gcc13-scalar-r12-prefetch_chain-scalar-warm-basic-33554432,prefetch-gcc13-scalar,basic,instructions,34604615,290715690,290715690
1,prefetch-gcc13-scalar-r12-prefetch_chain-scalar-warm-basic-33554432,prefetch-gcc13-scalar,basic,ref_cycles,638021758,290712199,290712199
1,prefetch-gcc13-scalar-r12-prefetch_chain-scalar-warm-basic-5242880,prefetch-gcc13-scalar,basic,cycles,557559827,254058861,254058861
1,prefetch-gcc13-scalar-r12-prefetch_chain-scalar-warm-basic-5242880,prefetch-gcc13-scalar,basic,instructions,67596854,254057917,254057917
1,prefetch-gcc13-scalar-r12-prefetch_chain-scalar-warm-basic-5242880,prefetch-gcc13-scalar,basic,ref_cycles,557563468,254054482,254054482
1,prefetch-gcc13-scalar-r12-prefetch_chain-scalar-warm-branch-393216,prefetch-gcc13-scalar,branch,cycles,548936593,250127445,250127445
1,prefetch-gcc13-scalar-r12-prefetch_chain-scalar-warm-branch-393216,prefetch-gcc13-scalar,branch,branches,13574980,250125859,250125859
1,prefetch-gcc13-scalar-r12-prefetch_chain-scalar-warm-branch-393216,prefetch-gcc13-scalar,branch,branch_misses,2247,250122470,250122470
1,prefetch-gcc13-scalar-r12-prefetch_chain-scalar-cache_evicted-basic-32768,prefetch-gcc13-scalar,basic,cycles,548735432,250037363,250037363
1,prefetch-gcc13-scalar-r12-prefetch_chain-scalar-cache_evicted-basic-32768,prefetch-gcc13-scalar,basic,instructions,659958596,250035357,250035357
1,prefetch-gcc13-scalar-r12-prefetch_chain-scalar-cache_evicted-basic-32768,prefetch-gcc13-scalar,basic,ref_cycles,548738300,250032403,250032403
1,prefetch-gcc13-scalar-r12-prefetch_chain-scalar-warm-basic-196608,prefetch-gcc13-scalar,basic,cycles,548758941,250045262,250045262
1,prefetch-gcc13-scalar-r12-prefetch_chain-scalar-warm-basic-196608,prefetch-gcc13-scalar,basic,instructions,284271889,250043455,250043455
1,prefetch-gcc13-scalar-r12-prefetch_chain-scalar-warm-basic-196608,prefetch-gcc13-scalar,basic,ref_cycles,548761268,250040593,250040593
1,prefetch-gcc13-scalar-r12-prefetch_chain-scalar-cache_evicted-basic-8388608,prefetch-gcc13-scalar,basic,cycles,565369941,257618620,257618620
1,prefetch-gcc13-scalar-r12-prefetch_chain-scalar-cache_evicted-basic-8388608,prefetch-gcc13-scalar,basic,instructions,44701234,257617381,257617381
1,prefetch-gcc13-scalar-r12-prefetch_chain-scalar-cache_evicted-basic-8388608,prefetch-gcc13-scalar,basic,ref_cycles,565373600,257614379,257614379
1,prefetch-gcc13-scalar-r12-prefetch_chain-scalar-warm-basic-134217728,prefetch-gcc13-scalar,basic,cycles,941090019,428796519,428796519
1,prefetch-gcc13-scalar-r12-prefetch_chain-scalar-warm-basic-134217728,prefetch-gcc13-scalar,basic,instructions,46138299,428794480,428794480
1,prefetch-gcc13-scalar-r12-prefetch_chain-scalar-warm-basic-134217728,prefetch-gcc13-scalar,basic,ref_cycles,941093450,428791017,428791017
1,prefetch-gcc13-scalar-r12-prefetch_chain-scalar-warm-branch-5242880,prefetch-gcc13-scalar,branch,cycles,556723789,253680431,253680431
1,prefetch-gcc13-scalar-r12-prefetch_chain-scalar-warm-branch-5242880,prefetch-gcc13-scalar,branch,branches,3851876,253678781,253678781
1,prefetch-gcc13-scalar-r12-prefetch_chain-scalar-warm-branch-5242880,prefetch-gcc13-scalar,branch,branch_misses,93,253674767,253674767
1,prefetch-gcc13-scalar-r12-prefetch_chain-scalar-warm-branch-33554432,prefetch-gcc13-scalar,branch,cycles,632142744,288042757,288042757
1,prefetch-gcc13-scalar-r12-prefetch_chain-scalar-warm-branch-33554432,prefetch-gcc13-scalar,branch,branches,3146052,288040901,288040901
1,prefetch-gcc13-scalar-r12-prefetch_chain-scalar-warm-branch-33554432,prefetch-gcc13-scalar,branch,branch_misses,38,288037452,288037452
1,prefetch-gcc13-scalar-r12-prefetch_chain-scalar-warm-basic-8192,prefetch-gcc13-scalar,basic,cycles,548731500,250031775,250031775
1,prefetch-gcc13-scalar-r12-prefetch_chain-scalar-warm-basic-8192,prefetch-gcc13-scalar,basic,instructions,882297231,250028490,250028490
1,prefetch-gcc13-scalar-r12-prefetch_chain-scalar-warm-basic-8192,prefetch-gcc13-scalar,basic,ref_cycles,548732800,250025010,250025010
1,prefetch-gcc13-scalar-r12-prefetch_chain-scalar-warm-branch-49152,prefetch-gcc13-scalar,branch,cycles,548741998,250037306,250037306
1,prefetch-gcc13-scalar-r12-prefetch_chain-scalar-warm-branch-49152,prefetch-gcc13-scalar,branch,branches,31539353,250035979,250035979
1,prefetch-gcc13-scalar-r12-prefetch_chain-scalar-warm-branch-49152,prefetch-gcc13-scalar,branch,branch_misses,39477,250032380,250032380
1,prefetch-gcc13-scalar-r12-prefetch_chain-scalar-warm-basic-12582912,prefetch-gcc13-scalar,basic,cycles,558066555,254290065,254290065
1,prefetch-gcc13-scalar-r12-prefetch_chain-scalar-warm-basic-12582912,prefetch-gcc13-scalar,basic,instructions,36769096,254290263,254290263
1,prefetch-gcc13-scalar-r12-prefetch_chain-scalar-warm-basic-12582912,prefetch-gcc13-scalar,basic,ref_cycles,558070106,254286863,254286863
1,prefetch-gcc13-scalar-r12-prefetch_chain-scalar-warm-branch-2097152,prefetch-gcc13-scalar,branch,cycles,549637299,250447528,250447528
1,prefetch-gcc13-scalar-r12-prefetch_chain-scalar-warm-branch-2097152,prefetch-gcc13-scalar,branch,branches,11184933,250445223,250445223
1,prefetch-gcc13-scalar-r12-prefetch_chain-scalar-warm-branch-2097152,prefetch-gcc13-scalar,branch,branch_misses,390,250441603,250441603
1,prefetch-gcc13-scalar-r12-prefetch_chain-scalar-warm-branch-8192,prefetch-gcc13-scalar,branch,cycles,548731521,250034681,250034681
1,prefetch-gcc13-scalar-r12-prefetch_chain-scalar-warm-branch-8192,prefetch-gcc13-scalar,branch,branches,89859418,250032103,250032103
1,prefetch-gcc13-scalar-r12-prefetch_chain-scalar-warm-branch-8192,prefetch-gcc13-scalar,branch,branch_misses,562279,250027950,250027950
1,prefetch-gcc13-scalar-r12-prefetch_chain-scalar-warm-branch-12582912,prefetch-gcc13-scalar,branch,cycles,585215636,266659839,266659839
1,prefetch-gcc13-scalar-r12-prefetch_chain-scalar-warm-branch-12582912,prefetch-gcc13-scalar,branch,branches,3146372,266660265,266660265
1,prefetch-gcc13-scalar-r12-prefetch_chain-scalar-warm-branch-12582912,prefetch-gcc13-scalar,branch,branch_misses,52,266656256,266656256
1,prefetch-gcc13-scalar-r12-prefetch_chain-scalar-warm-branch-32768,prefetch-gcc13-scalar,branch,cycles,548732803,250034448,250034448
1,prefetch-gcc13-scalar-r12-prefetch_chain-scalar-warm-branch-32768,prefetch-gcc13-scalar,branch,branches,59916055,250032674,250032674
1,prefetch-gcc13-scalar-r12-prefetch_chain-scalar-warm-branch-32768,prefetch-gcc13-scalar,branch,branch_misses,110224,250029542,250029542
1,prefetch-gcc13-scalar-r12-prefetch_chain-scalar-warm-branch-229376,prefetch-gcc13-scalar,branch,cycles,548805515,250066926,250066926
1,prefetch-gcc13-scalar-r12-prefetch_chain-scalar-warm-branch-229376,prefetch-gcc13-scalar,branch,branches,22618230,250064380,250064380
1,prefetch-gcc13-scalar-r12-prefetch_chain-scalar-warm-branch-229376,prefetch-gcc13-scalar,branch,branch_misses,6316,250060874,250060874
1,prefetch-gcc13-scalar-r12-prefetch_chain-scalar-cache_evicted-branch-262144,prefetch-gcc13-scalar,branch,cycles,548822036,250076934,250076934
1,prefetch-gcc13-scalar-r12-prefetch_chain-scalar-cache_evicted-branch-262144,prefetch-gcc13-scalar,branch,branches,22902282,250074042,250074042
1,prefetch-gcc13-scalar-r12-prefetch_chain-scalar-cache_evicted-branch-262144,prefetch-gcc13-scalar,branch,branch_misses,5596,250070102,250070102
1,prefetch-gcc13-scalar-r12-prefetch_chain-scalar-warm-basic-524288,prefetch-gcc13-scalar,basic,cycles,548862454,250092591,250092591
1,prefetch-gcc13-scalar-r12-prefetch_chain-scalar-warm-basic-524288,prefetch-gcc13-scalar,basic,instructions,138392204,250090758,250090758
1,prefetch-gcc13-scalar-r12-prefetch_chain-scalar-warm-basic-524288,prefetch-gcc13-scalar,basic,ref_cycles,548865064,250087705,250087705
1,prefetch-gcc13-scalar-r12-prefetch_chain-scalar-warm-branch-294912,prefetch-gcc13-scalar,branch,cycles,548845537,250085267,250085267
1,prefetch-gcc13-scalar-r12-prefetch_chain-scalar-warm-branch-294912,prefetch-gcc13-scalar,branch,branches,17284140,250082594,250082594
1,prefetch-gcc13-scalar-r12-prefetch_chain-scalar-warm-branch-294912,prefetch-gcc13-scalar,branch,branch_misses,3774,250078936,250078936
1,prefetch-gcc13-scalar-r12-prefetch_chain-scalar-warm-branch-536870912,prefetch-gcc13-scalar,branch,cycles,1971441920,898222797,898222797
1,prefetch-gcc13-scalar-r12-prefetch_chain-scalar-warm-branch-536870912,prefetch-gcc13-scalar,branch,branches,8388772,898222052,898222052
1,prefetch-gcc13-scalar-r12-prefetch_chain-scalar-warm-branch-536870912,prefetch-gcc13-scalar,branch,branch_misses,22,898218770,898218770
1,prefetch-gcc13-scalar-r12-prefetch_chain-scalar-warm-basic-98304,prefetch-gcc13-scalar,basic,cycles,548733584,250033985,250033985
1,prefetch-gcc13-scalar-r12-prefetch_chain-scalar-warm-basic-98304,prefetch-gcc13-scalar,basic,instructions,337205889,250031095,250031095
1,prefetch-gcc13-scalar-r12-prefetch_chain-scalar-warm-basic-98304,prefetch-gcc13-scalar,basic,ref_cycles,548735088,250027237,250027237
1,prefetch-gcc13-scalar-r12-prefetch_chain-scalar-warm-basic-6291456,prefetch-gcc13-scalar,basic,cycles,555622147,253176415,253176415
1,prefetch-gcc13-scalar-r12-prefetch_chain-scalar-warm-basic-6291456,prefetch-gcc13-scalar,basic,instructions,55157486,253176050,253176050
1,prefetch-gcc13-scalar-r12-prefetch_chain-scalar-warm-basic-6291456,prefetch-gcc13-scalar,basic,ref_cycles,555626236,253173066,253173066
1,prefetch-gcc13-scalar-r12-prefetch_chain-scalar-warm-branch-131072,prefetch-gcc13-scalar,branch,cycles,548777425,250055502,250055502
1,prefetch-gcc13-scalar-r12-prefetch_chain-scalar-warm-branch-131072,prefetch-gcc13-scalar,branch,branches,24849892,250053192,250053192
1,prefetch-gcc13-scalar-r12-prefetch_chain-scalar-warm-branch-131072,prefetch-gcc13-scalar,branch,branch_misses,11993,250049741,250049741
1,prefetch-gcc13-scalar-r12-prefetch_chain-scalar-cache_evicted-basic-1048576,prefetch-gcc13-scalar,basic,cycles,548974323,250145763,250145763
1,prefetch-gcc13-scalar-r12-prefetch_chain-scalar-cache_evicted-basic-1048576,prefetch-gcc13-scalar,basic,instructions,130059656,250144065,250144065
1,prefetch-gcc13-scalar-r12-prefetch_chain-scalar-cache_evicted-basic-1048576,prefetch-gcc13-scalar,basic,ref_cycles,548976604,250140699,250140699
1,prefetch-gcc13-scalar-r12-prefetch_chain-scalar-cache_evicted-basic-536870912,prefetch-gcc13-scalar,basic,cycles,1989309059,906363577,906363577
1,prefetch-gcc13-scalar-r12-prefetch_chain-scalar-cache_evicted-basic-536870912,prefetch-gcc13-scalar,basic,instructions,92275480,906361550,906361550
1,prefetch-gcc13-scalar-r12-prefetch_chain-scalar-cache_evicted-basic-536870912,prefetch-gcc13-scalar,basic,ref_cycles,1989312160,906358174,906358174
1,prefetch-gcc13-scalar-r12-prefetch_chain-scalar-warm-basic-262144,prefetch-gcc13-scalar,basic,cycles,546347593,249263107,249263107
1,prefetch-gcc13-scalar-r12-prefetch_chain-scalar-warm-basic-262144,prefetch-gcc13-scalar,basic,instructions,263763101,249265632,249265632
1,prefetch-gcc13-scalar-r12-prefetch_chain-scalar-warm-basic-262144,prefetch-gcc13-scalar,basic,ref_cycles,546356866,249262854,249262854
1,prefetch-gcc13-scalar-r12-prefetch_chain-scalar-cache_evicted-basic-33554432,prefetch-gcc13-scalar,basic,cycles,623481342,284094273,284094273
1,prefetch-gcc13-scalar-r12-prefetch_chain-scalar-cache_evicted-basic-33554432,prefetch-gcc13-scalar,basic,instructions,34604615,284092591,284092591
1,prefetch-gcc13-scalar-r12-prefetch_chain-scalar-cache_evicted-basic-33554432,prefetch-gcc13-scalar,basic,ref_cycles,623484884,284089007,284089007
1,prefetch-gcc13-scalar-r12-prefetch_chain-scalar-warm-basic-229376,prefetch-gcc13-scalar,basic,cycles,548824081,250074067,250074067
1,prefetch-gcc13-scalar-r12-prefetch_chain-scalar-warm-basic-229376,prefetch-gcc13-scalar,basic,instructions,217412552,250071485,250071485
1,prefetch-gcc13-scalar-r12-prefetch_chain-scalar-warm-basic-229376,prefetch-gcc13-scalar,basic,ref_cycles,548825816,250068503,250068503
1,prefetch-gcc13-scalar-r12-prefetch_chain-scalar-warm-branch-196608,prefetch-gcc13-scalar,branch,cycles,548746648,250041229,250041229
1,prefetch-gcc13-scalar-r12-prefetch_chain-scalar-warm-branch-196608,prefetch-gcc13-scalar,branch,branches,25574001,250038847,250038847
1,prefetch-gcc13-scalar-r12-prefetch_chain-scalar-warm-branch-196608,prefetch-gcc13-scalar,branch,branch_misses,8290,250035297,250035297
1,prefetch-gcc13-scalar-r12-prefetch_chain-scalar-warm-basic-65536,prefetch-gcc13-scalar,basic,cycles,548744831,250038020,250038020
1,prefetch-gcc13-scalar-r12-prefetch_chain-scalar-warm-basic-65536,prefetch-gcc13-scalar,basic,instructions,338171322,250036832,250036832
1,prefetch-gcc13-scalar-r12-prefetch_chain-scalar-warm-basic-65536,prefetch-gcc13-scalar,basic,ref_cycles,548747628,250033760,250033760
1,prefetch-gcc13-scalar-r12-prefetch_chain-scalar-cache_evicted-basic-262144,prefetch-gcc13-scalar,basic,cycles,548844533,250085462,250085462
1,prefetch-gcc13-scalar-r12-prefetch_chain-scalar-cache_evicted-basic-262144,prefetch-gcc13-scalar,basic,instructions,188021238,250084534,250084534
1,prefetch-gcc13-scalar-r12-prefetch_chain-scalar-cache_evicted-basic-262144,prefetch-gcc13-scalar,basic,ref_cycles,548847156,250081058,250081058
1,prefetch-gcc13-scalar-r12-prefetch_chain-scalar-cache_evicted-branch-33554432,prefetch-gcc13-scalar,branch,cycles,642140716,292598331,292598331
1,prefetch-gcc13-scalar-r12-prefetch_chain-scalar-cache_evicted-branch-33554432,prefetch-gcc13-scalar,branch,branches,3146052,292595592,292595592
1,prefetch-gcc13-scalar-r12-prefetch_chain-scalar-cache_evicted-branch-33554432,prefetch-gcc13-scalar,branch,branch_misses,39,292591702,292591702
1,prefetch-gcc13-scalar-r12-prefetch_chain-scalar-warm-branch-4194304,prefetch-gcc13-scalar,branch,cycles,552716241,251853812,251853812
1,prefetch-gcc13-scalar-r12-prefetch_chain-scalar-warm-branch-4194304,prefetch-gcc13-scalar,branch,branches,8851812,251852939,251852939
1,prefetch-gcc13-scalar-r12-prefetch_chain-scalar-warm-branch-4194304,prefetch-gcc13-scalar,branch,branch_misses,182,251848725,251848725
1,prefetch-gcc13-scalar-r12-prefetch_chain-scalar-warm-basic-7340032,prefetch-gcc13-scalar,basic,cycles,555493015,253117577,253117577
1,prefetch-gcc13-scalar-r12-prefetch_chain-scalar-warm-basic-7340032,prefetch-gcc13-scalar,basic,instructions,55516793,253117637,253117637
1,prefetch-gcc13-scalar-r12-prefetch_chain-scalar-warm-basic-7340032,prefetch-gcc13-scalar,basic,ref_cycles,555497206,253114325,253114325
1,prefetch-gcc13-scalar-r12-prefetch_chain-scalar-warm-basic-28672,prefetch-gcc13-scalar,basic,cycles,548733860,250033864,250033864
1,prefetch-gcc13-scalar-r12-prefetch_chain-scalar-warm-basic-28672,prefetch-gcc13-scalar,basic,instructions,845088968,250031697,250031697
1,prefetch-gcc13-scalar-r12-prefetch_chain-scalar-warm-basic-28672,prefetch-gcc13-scalar,basic,ref_cycles,548736210,250028442,250028442
1,prefetch-gcc13-scalar-r12-prefetch_chain-scalar-warm-branch-16384,prefetch-gcc13-scalar,branch,cycles,548732219,250034095,250034095
1,prefetch-gcc13-scalar-r12-prefetch_chain-scalar-warm-branch-16384,prefetch-gcc13-scalar,branch,branches,83815003,250032608,250032608
1,prefetch-gcc13-scalar-r12-prefetch_chain-scalar-warm-branch-16384,prefetch-gcc13-scalar,branch,branch_misses,291155,250029148,250029148
1,prefetch-gcc13-scalar-r12-prefetch_chain-scalar-warm-basic-36864,prefetch-gcc13-scalar,basic,cycles,548737898,250037277,250037277
1,prefetch-gcc13-scalar-r12-prefetch_chain-scalar-warm-basic-36864,prefetch-gcc13-scalar,basic,instructions,340925295,250034717,250034717
1,prefetch-gcc13-scalar-r12-prefetch_chain-scalar-warm-basic-36864,prefetch-gcc13-scalar,basic,ref_cycles,548739642,250030808,250030808
1,prefetch-gcc13-scalar-r12-prefetch_chain-scalar-warm-branch-1048576,prefetch-gcc13-scalar,branch,cycles,548878234,250101271,250101271
1,prefetch-gcc13-scalar-r12-prefetch_chain-scalar-warm-branch-1048576,prefetch-gcc13-scalar,branch,branches,11885316,250098885,250098885
1,prefetch-gcc13-scalar-r12-prefetch_chain-scalar-warm-branch-1048576,prefetch-gcc13-scalar,branch,branch_misses,765,250095244,250095244
1,prefetch-gcc13-scalar-r12-prefetch_chain-scalar-cache_evicted-branch-1048576,prefetch-gcc13-scalar,branch,cycles,549257922,250275397,250275397
1,prefetch-gcc13-scalar-r12-prefetch_chain-scalar-cache_evicted-branch-1048576,prefetch-gcc13-scalar,branch,branches,12049477,250273748,250273748
1,prefetch-gcc13-scalar-r12-prefetch_chain-scalar-cache_evicted-branch-1048576,prefetch-gcc13-scalar,branch,branch_misses,784,250270300,250270300
1,prefetch-gcc13-scalar-r12-prefetch_chain-scalar-warm-basic-4194304,prefetch-gcc13-scalar,basic,cycles,551497815,251297290,251297290
1,prefetch-gcc13-scalar-r12-prefetch_chain-scalar-warm-basic-4194304,prefetch-gcc13-scalar,basic,instructions,50474759,251296120,251296120
1,prefetch-gcc13-scalar-r12-prefetch_chain-scalar-warm-basic-4194304,prefetch-gcc13-scalar,basic,ref_cycles,551502336,251292676,251292676
1,prefetch-gcc13-scalar-r12-prefetch_chain-scalar-warm-basic-131072,prefetch-gcc13-scalar,basic,cycles,548749052,250041966,250041966
1,prefetch-gcc13-scalar-r12-prefetch_chain-scalar-warm-basic-131072,prefetch-gcc13-scalar,basic,instructions,271748059,250039474,250039474
1,prefetch-gcc13-scalar-r12-prefetch_chain-scalar-warm-basic-131072,prefetch-gcc13-scalar,basic,ref_cycles,548751302,250035999,250035999
1,prefetch-gcc13-scalar-r12-prefetch_chain-scalar-cache_evicted-basic-6291456,prefetch-gcc13-scalar,basic,cycles,553392685,252159337,252159337
1,prefetch-gcc13-scalar-r12-prefetch_chain-scalar-cache_evicted-basic-6291456,prefetch-gcc13-scalar,basic,instructions,54075979,252158204,252158204
1,prefetch-gcc13-scalar-r12-prefetch_chain-scalar-cache_evicted-basic-6291456,prefetch-gcc13-scalar,basic,ref_cycles,553396162,252155177,252155177
1,prefetch-gcc13-scalar-r12-prefetch_chain-scalar-warm-basic-2097152,prefetch-gcc13-scalar,basic,cycles,549410364,250343535,250343535
1,prefetch-gcc13-scalar-r12-prefetch_chain-scalar-warm-basic-2097152,prefetch-gcc13-scalar,basic,instructions,126935701,250341599,250341599
1,prefetch-gcc13-scalar-r12-prefetch_chain-scalar-warm-basic-2097152,prefetch-gcc13-scalar,basic,ref_cycles,549413458,250338500,250338500
1,prefetch-gcc13-scalar-r12-prefetch_chain-scalar-cache_evicted-branch-536870912,prefetch-gcc13-scalar,branch,cycles,1999244851,910891518,910891518
1,prefetch-gcc13-scalar-r12-prefetch_chain-scalar-cache_evicted-branch-536870912,prefetch-gcc13-scalar,branch,branches,8388772,910888625,910888625
1,prefetch-gcc13-scalar-r12-prefetch_chain-scalar-cache_evicted-branch-536870912,prefetch-gcc13-scalar,branch,branch_misses,32,910884956,910884956
1,prefetch-gcc13-scalar-r12-prefetch_chain-scalar-warm-basic-1048576,prefetch-gcc13-scalar,basic,cycles,548915957,250118075,250118075
1,prefetch-gcc13-scalar-r12-prefetch_chain-scalar-warm-basic-1048576,prefetch-gcc13-scalar,basic,instructions,132043925,250116530,250116530
1,prefetch-gcc13-scalar-r12-prefetch_chain-scalar-warm-basic-1048576,prefetch-gcc13-scalar,basic,ref_cycles,548918744,250113309,250113309
1,prefetch-gcc13-scalar-r12-prefetch_chain-scalar-warm-branch-98304,prefetch-gcc13-scalar,branch,cycles,548742402,250039430,250039430
1,prefetch-gcc13-scalar-r12-prefetch_chain-scalar-warm-branch-98304,prefetch-gcc13-scalar,branch,branches,31001076,250037910,250037910
1,prefetch-gcc13-scalar-r12-prefetch_chain-scalar-warm-branch-98304,prefetch-gcc13-scalar,branch,branch_misses,19824,250034509,250034509
1,prefetch-gcc13-scalar-r12-prefetch_chain-scalar-warm-branch-65536,prefetch-gcc13-scalar,branch,cycles,548737330,250035294,250035294
1,prefetch-gcc13-scalar-r12-prefetch_chain-scalar-warm-branch-65536,prefetch-gcc13-scalar,branch,branches,31269372,250032064,250032064
1,prefetch-gcc13-scalar-r12-prefetch_chain-scalar-warm-branch-65536,prefetch-gcc13-scalar,branch,branch_misses,29658,250028053,250028053
1,prefetch-gcc13-scalar-r12-prefetch_chain-scalar-warm-branch-24576,prefetch-gcc13-scalar,branch,cycles,548731944,250032905,250032905
1,prefetch-gcc13-scalar-r12-prefetch_chain-scalar-warm-branch-24576,prefetch-gcc13-scalar,branch,branches,81876559,250030041,250030041
1,prefetch-gcc13-scalar-r12-prefetch_chain-scalar-warm-branch-24576,prefetch-gcc13-scalar,branch,branch_misses,197013,250026315,250026315
1,prefetch-gcc13-scalar-r12-prefetch_chain-scalar-warm-basic-294912,prefetch-gcc13-scalar,basic,cycles,548822923,250074697,250074697
1,prefetch-gcc13-scalar-r12-prefetch_chain-scalar-warm-basic-294912,prefetch-gcc13-scalar,basic,instructions,177928360,250073589,250073589
1,prefetch-gcc13-scalar-r12-prefetch_chain-scalar-warm-basic-294912,prefetch-gcc13-scalar,basic,ref_cycles,548825200,250070508,250070508
1,prefetch-gcc13-scalar-r12-prefetch_chain-scalar-cache_evicted-branch-6291456,prefetch-gcc13-scalar,branch,cycles,560157846,255246943,255246943
1,prefetch-gcc13-scalar-r12-prefetch_chain-scalar-cache_evicted-branch-6291456,prefetch-gcc13-scalar,branch,branches,3736900,255245391,255245391
1,prefetch-gcc13-scalar-r12-prefetch_chain-scalar-cache_evicted-branch-6291456,prefetch-gcc13-scalar,branch,branch_misses,65,255241702,255241702
1,prefetch-gcc13-scalar-r12-prefetch_chain-scalar-warm-basic-536870912,prefetch-gcc13-scalar,basic,cycles,1985760007,904745923,904745923
1,prefetch-gcc13-scalar-r12-prefetch_chain-scalar-warm-basic-536870912,prefetch-gcc13-scalar,basic,instructions,92275480,904743881,904743881
1,prefetch-gcc13-scalar-r12-prefetch_chain-scalar-warm-basic-536870912,prefetch-gcc13-scalar,basic,ref_cycles,1985763032,904740518,904740518
1,prefetch-gcc13-scalar-r12-prefetch_chain-scalar-warm-branch-28672,prefetch-gcc13-scalar,branch,cycles,548733580,250035237,250035237
1,prefetch-gcc13-scalar-r12-prefetch_chain-scalar-warm-branch-28672,prefetch-gcc13-scalar,branch,branches,79703697,250031738,250031738
1,prefetch-gcc13-scalar-r12-prefetch_chain-scalar-warm-branch-28672,prefetch-gcc13-scalar,branch,branch_misses,166282,250028075,250028075
1,prefetch-gcc13-scalar-r12-prefetch_chain-scalar-warm-basic-32768,prefetch-gcc13-scalar,basic,cycles,548731565,250032283,250032283
1,prefetch-gcc13-scalar-r12-prefetch_chain-scalar-warm-basic-32768,prefetch-gcc13-scalar,basic,instructions,649985527,250030270,250030270
1,prefetch-gcc13-scalar-r12-prefetch_chain-scalar-warm-basic-32768,prefetch-gcc13-scalar,basic,ref_cycles,548733086,250026914,250026914
1,prefetch-gcc13-scalar-r12-prefetch_chain-scalar-warm-branch-262144,prefetch-gcc13-scalar,branch,cycles,548741520,250038300,250038300
1,prefetch-gcc13-scalar-r12-prefetch_chain-scalar-warm-branch-262144,prefetch-gcc13-scalar,branch,branches,17899149,250036516,250036516
1,prefetch-gcc13-scalar-r12-prefetch_chain-scalar-warm-branch-262144,prefetch-gcc13-scalar,branch,branch_misses,4385,250032806,250032806
1,prefetch-gcc13-scalar-r12-prefetch_chain-scalar-warm-basic-24576,prefetch-gcc13-scalar,basic,cycles,548731497,250034011,250034011
1,prefetch-gcc13-scalar-r12-prefetch_chain-scalar-warm-basic-24576,prefetch-gcc13-scalar,basic,instructions,863318754,250031896,250031896
1,prefetch-gcc13-scalar-r12-prefetch_chain-scalar-warm-basic-24576,prefetch-gcc13-scalar,basic,ref_cycles,548733416,250028087,250028087
1,prefetch-gcc13-scalar-r12-prefetch_chain-scalar-warm-branch-7340032,prefetch-gcc13-scalar,branch,cycles,561559163,255884296,255884296
1,prefetch-gcc13-scalar-r12-prefetch_chain-scalar-warm-branch-7340032,prefetch-gcc13-scalar,branch,branches,3441732,255883179,255883179
1,prefetch-gcc13-scalar-r12-prefetch_chain-scalar-warm-branch-7340032,prefetch-gcc13-scalar,branch,branch_misses,65,255879281,255879281
1,prefetch-gcc13-scalar-r13-prefetch_chain-scalar-warm-branch-196608,prefetch-gcc13-scalar,branch,cycles,548781313,250055998,250055998
1,prefetch-gcc13-scalar-r13-prefetch_chain-scalar-warm-branch-196608,prefetch-gcc13-scalar,branch,branches,27262576,250053397,250053397
1,prefetch-gcc13-scalar-r13-prefetch_chain-scalar-warm-branch-196608,prefetch-gcc13-scalar,branch,branch_misses,8833,250049726,250049726
1,prefetch-gcc13-scalar-r13-prefetch_chain-scalar-warm-branch-28672,prefetch-gcc13-scalar,branch,cycles,548734364,250035404,250035404
1,prefetch-gcc13-scalar-r13-prefetch_chain-scalar-warm-branch-28672,prefetch-gcc13-scalar,branch,branches,76461851,250034028,250034028
1,prefetch-gcc13-scalar-r13-prefetch_chain-scalar-warm-branch-28672,prefetch-gcc13-scalar,branch,branch_misses,159384,250030613,250030613
1,prefetch-gcc13-scalar-r13-prefetch_chain-scalar-warm-branch-65536,prefetch-gcc13-scalar,branch,cycles,548749060,250042262,250042262
1,prefetch-gcc13-scalar-r13-prefetch_chain-scalar-warm-branch-65536,prefetch-gcc13-scalar,branch,branches,31250364,250040385,250040385
1,prefetch-gcc13-scalar-r13-prefetch_chain-scalar-warm-branch-65536,prefetch-gcc13-scalar,branch,branch_misses,29650,250037295,250037295
1,prefetch-gcc13-scalar-r13-prefetch_chain-scalar-warm-branch-98304,prefetch-gcc13-scalar,branch,cycles,548743857,250039274,250039274
1,prefetch-gcc13-scalar-r13-prefetch_chain-scalar-warm-branch-98304,prefetch-gcc13-scalar,branch,branches,30957218,250038000,250038000
1,prefetch-gcc13-scalar-r13-prefetch_chain-scalar-warm-branch-98304,prefetch-gcc13-scalar,branch,branch_misses,19794,250034837,250034837
1,prefetch-gcc13-scalar-r13-prefetch_chain-scalar-warm-branch-5242880,prefetch-gcc13-scalar,branch,cycles,553385752,252158676,252158676
1,prefetch-gcc13-scalar-r13-prefetch_chain-scalar-warm-branch-5242880,prefetch-gcc13-scalar,branch,branches,6474340,252158017,252158017
1,prefetch-gcc13-scalar-r13-prefetch_chain-scalar-warm-branch-5242880,prefetch-gcc13-scalar,branch,branch_misses,128,252154350,252154350
1,prefetch-gcc13-scalar-r13-prefetch_chain-scalar-warm-basic-6291456,prefetch-gcc13-scalar,basic,cycles,558324466,254407096,254407096
1,prefetch-gcc13-scalar-r13-prefetch_chain-scalar-warm-basic-6291456,prefetch-gcc13-scalar,basic,instructions,57320500,254406980,254406980
1,prefetch-gcc13-scalar-r13-prefetch_chain-scalar-warm-basic-6291456,prefetch-gcc13-scalar,basic,ref_cycles,558328430,254403379,254403379
1,prefetch-gcc13-scalar-r13-prefetch_chain-scalar-warm-basic-294912,prefetch-gcc13-scalar,basic,cycles,548766837,250048841,250048841
1,prefetch-gcc13-scalar-r13-prefetch_chain-scalar-warm-basic-294912,prefetch-gcc13-scalar,basic,instructions,186369544,250046630,250046630
1,prefetch-gcc13-scalar-r13-prefetch_chain-scalar-warm-basic-294912,prefetch-gcc13-scalar,basic,ref_cycles,548769166,250043406,250043406
1,prefetch-gcc13-scalar-r13-prefetch_chain-scalar-warm-basic-49152,prefetch-gcc13-scalar,basic,cycles,548731020,250031619,250031619
1,prefetch-gcc13-scalar-r13-prefetch_chain-scalar-warm-basic-49152,prefetch-gcc13-scalar,basic,instructions,338921614,250029626,250029626
1,prefetch-gcc13-scalar-r13-prefetch_chain-scalar-warm-basic-49152,prefetch-gcc13-scalar,basic,ref_cycles,548732888,250026248,250026248
1,prefetch-gcc13-scalar-r13-prefetch_chain-scalar-warm-basic-28672,prefetch-gcc13-scalar,basic,cycles,548733578,250033052,250033052
1,prefetch-gcc13-scalar-r13-prefetch_chain-scalar-warm-basic-28672,prefetch-gcc13-scalar,basic,instructions,838473361,250029703,250029703
1,prefetch-gcc13-scalar-r13-prefetch_chain-scalar-warm-basic-28672,prefetch-gcc13-scalar,basic,ref_cycles,548734802,250026117,250026117
1,prefetch-gcc13-scalar-r13-prefetch_chain-scalar-warm-branch-393216,prefetch-gcc13-scalar,branch,cycles,548959634,250137502,250137502
1,prefetch-gcc13-scalar-r13-prefetch_chain-scalar-warm-branch-393216,prefetch-gcc13-scalar,branch,branches,13568804,250135630,250135630
1,prefetch-gcc13-scalar-r13-prefetch_chain-scalar-warm-branch-393216,prefetch-gcc13-scalar,branch,branch_misses,2244,250132294,250132294
1,prefetch-gcc13-scalar-r13-prefetch_chain-scalar-warm-basic-33554432,prefetch-gcc13-scalar,basic,cycles,649635223,296009858,296009858
1,prefetch-gcc13-scalar-r13-prefetch_chain-scalar-warm-basic-33554432,prefetch-gcc13-scalar,basic,instructions,34604615,296007770,296007770
1,prefetch-gcc13-scalar-r13-prefetch_chain-scalar-warm-basic-33554432,prefetch-gcc13-scalar,basic,ref_cycles,649639078,296004356,296004356
1,prefetch-gcc13-scalar-r13-prefetch_chain-scalar-warm-branch-33554432,prefetch-gcc13-scalar,branch,cycles,621310370,283105987,283105987
1,prefetch-gcc13-scalar-r13-prefetch_chain-scalar-warm-branch-33554432,prefetch-gcc13-scalar,branch,branches,3146052,283105808,283105808
1,prefetch-gcc13-scalar-r13-prefetch_chain-scalar-warm-branch-33554432,prefetch-gcc13-scalar,branch,branch_misses,45,283101823,283101823
1,prefetch-gcc13-scalar-r13-prefetch_chain-scalar-warm-basic-393216,prefetch-gcc13-scalar,basic,cycles,548874494,250097534,250097534
1,prefetch-gcc13-scalar-r13-prefetch_chain-scalar-warm-basic-393216,prefetch-gcc13-scalar,basic,instructions,148637554,250094576,250094576
1,prefetch-gcc13-scalar-r13-prefetch_chain-scalar-warm-basic-393216,prefetch-gcc13-scalar,basic,ref_cycles,548876746,250091425,250091425
1,prefetch-gcc13-scalar-r13-prefetch_chain-scalar-cache_evicted-branch-32768,prefetch-gcc13-scalar,branch,cycles,548731753,250034752,250034752
1,prefetch-gcc13-scalar-r13-prefetch_chain-scalar-cache_evicted-branch-32768,prefetch-gcc13-scalar,branch,branches,59862839,250033082,250033082
1,prefetch-gcc13-scalar-r13-prefetch_chain-scalar-cache_evicted-branch-32768,prefetch-gcc13-scalar,branch,branch_misses,110134,250029443,250029443
1,prefetch-gcc13-scalar-r13-prefetch_chain-scalar-cache_evicted-basic-6291456,prefetch-gcc13-scalar,basic,cycles,552038073,251545143,251545143
1,prefetch-gcc13-scalar-r13-prefetch_chain-scalar-cache_evicted-basic-6291456,prefetch-gcc13-scalar,basic,instructions,60565021,251543993,251543993
1,prefetch-gcc13-scalar-r13-prefetch_chain-scalar-cache_evicted-basic-6291456,prefetch-gcc13-scalar,basic,ref_cycles,552042238,251540749,251540749
1,prefetch-gcc13-scalar-r13-prefetch_chain-scalar-warm-basic-196608,prefetch-gcc13-scalar,basic,cycles,548759290,250045973,250045973
1,prefetch-gcc13-scalar-r13-prefetch_chain-scalar-warm-basic-196608,prefetch-gcc13-scalar,basic,instructions,254357534,250044035,250044035
1,prefetch-gcc13-scalar-r13-prefetch_chain-scalar-warm-basic-196608,prefetch-gcc13-scalar,basic,ref_cycles,548761708,250040871,250040871
1,prefetch-gcc13-scalar-r13-prefetch_chain-scalar-warm-basic-536870912,prefetch-gcc13-scalar,basic,cycles,1968697742,896971139,896971139
1,prefetch-gcc13-scalar-r13-prefetch_chain-scalar-warm-basic-536870912,prefetch-gcc13-scalar,basic,instructions,92275480,896970382,896970382
1,prefetch-gcc13-scalar-r13-prefetch_chain-scalar-warm-basic-536870912,prefetch-gcc13-scalar,basic,ref_cycles,1968701108,896967917,896967917
1,prefetch-gcc13-scalar-r13-prefetch_chain-scalar-warm-branch-8192,prefetch-gcc13-scalar,branch,cycles,548732096,250034296,250034296
1,prefetch-gcc13-scalar-r13-prefetch_chain-scalar-warm-branch-8192,prefetch-gcc13-scalar,branch,branches,89858137,250032028,250032028
1,prefetch-gcc13-scalar-r13-prefetch_chain-scalar-warm-branch-8192,prefetch-gcc13-scalar,branch,branch_misses,561827,250028139,250028139
1,prefetch-gcc13-scalar-r13-prefetch_chain-scalar-warm-basic-32768,prefetch-gcc13-scalar,basic,cycles,548731502,250032796,250032796
1,prefetch-gcc13-scalar-r13-prefetch_chain-scalar-warm-basic-32768,prefetch-gcc13-scalar,basic,instructions,652720837,250031566,250031566
1,prefetch-gcc13-scalar-r13-prefetch_chain-scalar-warm-basic-32768,prefetch-gcc13-scalar,basic,ref_cycles,548734318,250028557,250028557
1,prefetch-gcc13-scalar-r13-prefetch_chain-scalar-cache_evicted-branch-8388608,prefetch-gcc13-scalar,branch,cycles,555003284,252897229,252897229
1,prefetch-gcc13-scalar-r13-prefetch_chain-scalar-cache_evicted-branch-8388608,prefetch-gcc13-scalar,branch,branches,4064356,252896026,252896026
1,prefetch-gcc13-scalar-r13-prefetch_chain-scalar-cache_evicted-branch-8388608,prefetch-gcc13-scalar,branch,branch_misses,65,252892480,252892480
1,prefetch-gcc13-scalar-r13-prefetch_chain-scalar-warm-branch-1048576,prefetch-gcc13-scalar,branch,cycles,549165235,250233768,250233768
1,prefetch-gcc13-scalar-r13-prefetch_chain-scalar-warm-branch-1048576,prefetch-gcc13-scalar,branch,branches,11918148,250231840,250231840
1,prefetch-gcc13-scalar-r13-prefetch_chain-scalar-warm-branch-1048576,prefetch-gcc13-scalar,branch,branch_misses,775,250228206,250228206
1,prefetch-gcc13-scalar-r13-prefetch_chain-scalar-warm-basic-229376,prefetch-gcc13-scalar,basic,cycles,548755535,250043030,250043030
1,prefetch-gcc13-scalar-r13-prefetch_chain-scalar-warm-basic-229376,prefetch-gcc13-scalar,basic,instructions,327978924,250039811,250039811
1,prefetch-gcc13-scalar-r13-prefetch_chain-scalar-warm-basic-229376,prefetch-gcc13-scalar,basic,ref_cycles,548756714,250036109,250036109
1,prefetch-gcc13-scalar-r13-prefetch_chain-scalar-warm-branch-131072,prefetch-gcc13-scalar,branch,cycles,548764545,250048702,250048702
1,prefetch-gcc13-scalar-r13-prefetch_chain-scalar-warm-branch-131072,prefetch-gcc13-scalar,branch,branches,30859040,250045860,250045860
1,prefetch-gcc13-scalar-r13-prefetch_chain-scalar-warm-branch-131072,prefetch-gcc13-scalar,branch,branch_misses,14896,250042069,250042069
1,prefetch-gcc13-scalar-r13-prefetch_chain-scalar-warm-basic-24576,prefetch-gcc13-scalar,basic,cycles,548731415,250031335,250031335
1,prefetch-gcc13-scalar-r13-prefetch_chain-scalar-warm-basic-24576,prefetch-gcc13-scalar,basic,instructions,863427272,250028408,250028408
1,prefetch-gcc13-scalar-r13-prefetch_chain-scalar-warm-basic-24576,prefetch-gcc13-scalar,basic,ref_cycles,548732404,250024680,250024680
1,prefetch-gcc13-scalar-r13-prefetch_chain-scalar-warm-basic-8388608,prefetch-gcc13-scalar,basic,cycles,549798167,250522441,250522441
1,prefetch-gcc13-scalar-r13-prefetch_chain-scalar-warm-basic-8388608,prefetch-gcc13-scalar,basic,instructions,47585144,250521957,250521957
1,prefetch-gcc13-scalar-r13-prefetch_chain-scalar-warm-basic-8388608,prefetch-gcc13-scalar,basic,ref_cycles,549802352,250518607,250518607
1,prefetch-gcc13-scalar-r13-prefetch_chain-scalar-warm-branch-2097152,prefetch-gcc13-scalar,branch,cycles,549270619,250280801,250280801
1,prefetch-gcc13-scalar-r13-prefetch_chain-scalar-warm-branch-2097152,prefetch-gcc13-scalar,branch,branches,11381732,250278423,250278423
1,prefetch-gcc13-scalar-r13-prefetch_chain-scalar-warm-branch-2097152,prefetch-gcc13-scalar,branch,branch_misses,396,250275099,250275099
1,prefetch-gcc13-scalar-r13-prefetch_chain-scalar-warm-branch-32768,prefetch-gcc13-scalar,branch,cycles,548732989,250035010,250035010
1,prefetch-gcc13-scalar-r13-prefetch_chain-scalar-warm-branch-32768,prefetch-gcc13-scalar,branch,branches,62207150,250033157,250033157
1,prefetch-gcc13-scalar-r13-prefetch_chain-scalar-warm-branch-32768,prefetch-gcc13-scalar,branch,branch_misses,114436,250030087,250030087
1,prefetch-gcc13-scalar-r13-prefetch_chain-scalar-warm-branch-4194304,prefetch-gcc13-scalar,branch,cycles,549627815,250447444,250447444
1,prefetch-gcc13-scalar-r13-prefetch_chain-scalar-warm-branch-4194304,prefetch-gcc13-scalar,branch,branches,5442277,250445016,250445016
1,prefetch-gcc13-scalar-r13-prefetch_chain-scalar-warm-branch-4194304,prefetch-gcc13-scalar,branch,branch_misses,132,250441264,250441264
1,prefetch-gcc13-scalar-r13-prefetch_chain-scalar-cache_evicted-basic-262144,prefetch-gcc13-scalar,basic,cycles,548770519,250051182,250051182
1,prefetch-gcc13-scalar-r13-prefetch_chain-scalar-cache_evicted-basic-262144,prefetch-gcc13-scalar,basic,instructions,254628825,250050013,250050013
1,prefetch-gcc13-scalar-r13-prefetch_chain-scalar-cache_evicted-basic-262144,prefetch-gcc13-scalar,basic,ref_cycles,548772598,250046735,250046735
1,prefetch-gcc13-scalar-r13-prefetch_chain-scalar-warm-basic-7340032,prefetch-gcc13-scalar,basic,cycles,556479831,253568895,253568895
1,prefetch-gcc13-scalar-r13-prefetch_chain-scalar-warm-basic-7340032,prefetch-gcc13-scalar,basic,instructions,58040255,253567278,253567278
1,prefetch-gcc13-scalar-r13-prefetch_chain-scalar-warm-basic-7340032,prefetch-gcc13-scalar,basic,ref_cycles,556483466,253563835,253563835
1,prefetch-gcc13-scalar-r13-prefetch_chain-scalar-cache_evicted-branch-6291456,prefetch-gcc13-scalar,branch,cycles,550415168,250806642,250806642
1,prefetch-gcc13-scalar-r13-prefetch_chain-scalar-cache_evicted-branch-6291456,prefetch-gcc13-scalar,branch,branches,5900292,250807161,250807161
1,prefetch-gcc13-scalar-r13-prefetch_chain-scalar-cache_evicted-branch-6291456,prefetch-gcc13-scalar,branch,branch_misses,112,250803020,250803020
1,prefetch-gcc13-scalar-r13-prefetch_chain-scalar-warm-branch-12582912,prefetch-gcc13-scalar,branch,cycles,549311083,250303173,250303173
1,prefetch-gcc13-scalar-r13-prefetch_chain-scalar-warm-branch-12582912,prefetch-gcc13-scalar,branch,branches,3539652,250302104,250302104
1,prefetch-gcc13-scalar-r13-prefetch_chain-scalar-warm-branch-12582912,prefetch-gcc13-scalar,branch,branch_misses,59,250298490,250298490
1,prefetch-gcc13-scalar-r13-prefetch_chain-scalar-warm-basic-4194304,prefetch-gcc13-scalar,basic,cycles,551157075,251142821,251142821
1,prefetch-gcc13-scalar-r13-prefetch_chain-scalar-warm-basic-4194304,prefetch-gcc13-scalar,basic,instructions,83643473,251142133,251142133
1,prefetch-gcc13-scalar-r13-prefetch_chain-scalar-warm-basic-4194304,prefetch-gcc13-scalar,basic,ref_cycles,551160918,251138984,251138984
1,prefetch-gcc13-scalar-r13-prefetch_chain-scalar-warm-branch-24576,prefetch-gcc13-scalar,branch,cycles,548732453,250034417,250034417
1,prefetch-gcc13-scalar-r13-prefetch_chain-scalar-warm-branch-24576,prefetch-gcc13-scalar,branch,branches,79905980,250032054,250032054
1,prefetch-gcc13-scalar-r13-prefetch_chain-scalar-warm-branch-24576,prefetch-gcc13-scalar,branch,branch_misses,192176,250028318,250028318
1,prefetch-gcc13-scalar-r13-prefetch_chain-scalar-warm-branch-524288,prefetch-gcc13-scalar,branch,cycles,548870627,250098095,250098095
1,prefetch-gcc13-scalar-r13-prefetch_chain-scalar-warm-branch-524288,prefetch-gcc13-scalar,branch,branches,12681544,250096733,250096733
1,prefetch-gcc13-scalar-r13-prefetch_chain-scalar-warm-branch-524288,prefetch-gcc13-scalar,branch,branch_misses,1598,250093182,250093182
1,prefetch-gcc13-scalar-r13-prefetch_chain-scalar-warm-basic-134217728,prefetch-gcc13-scalar,basic,cycles,941006467,428757856,428757856
1,prefetch-gcc13-scalar-r13-prefetch_chain-scalar-warm-basic-134217728,prefetch-gcc13-scalar,basic,instructions,46138299,428756804,428756804
1,prefetch-gcc13-scalar-r13-prefetch_chain-scalar-warm-basic-134217728,prefetch-gcc13-scalar,basic,ref_cycles,941010070,428753220,428753220
1,prefetch-gcc13-scalar-r13-prefetch_chain-scalar-warm-basic-131072,prefetch-gcc13-scalar,basic,cycles,548741538,250036516,250036516
1,prefetch-gcc13-scalar-r13-prefetch_chain-scalar-warm-basic-131072,prefetch-gcc13-scalar,basic,instructions,333807951,250033338,250033338
1,prefetch-gcc13-scalar-r13-prefetch_chain-scalar-warm-basic-131072,prefetch-gcc13-scalar,basic,ref_cycles,548742722,250029788,250029788
1,prefetch-gcc13-scalar-r13-prefetch_chain-scalar-warm-branch-8388608,prefetch-gcc13-scalar,branch,cycles,563995884,256991619,256991619
1,prefetch-gcc13-scalar-r13-prefetch_chain-scalar-warm-branch-8388608,prefetch-gcc13-scalar,branch,branches,4326564,256994942,256994942
1,prefetch-gcc13-scalar-r13-prefetch_chain-scalar-warm-branch-8388608,prefetch-gcc13-scalar,branch,branch_misses,77,256991804,256991804
1,prefetch-gcc13-scalar-r13-prefetch_chain-scalar-warm-branch-6291456,prefetch-gcc13-scalar,branch,cycles,552237171,251634952,251634952
1,prefetch-gcc13-scalar-r13-prefetch_chain-scalar-warm-branch-6291456,prefetch-gcc13-scalar,branch,branches,5900293,251635291,251635291
1,prefetch-gcc13-scalar-r13-prefetch_chain-scalar-warm-branch-6291456,prefetch-gcc13-scalar,branch,branch_misses,108,251631437,251631437
1,prefetch-gcc13-scalar-r13-prefetch_chain-scalar-cache_evicted-basic-32768,prefetch-gcc13-scalar,basic,cycles,548731748,250035199,250035199
1,prefetch-gcc13-scalar-r13-prefetch_chain-scalar-cache_evicted-basic-32768,prefetch-gcc13-scalar,basic,instructions,659158906,250033499,250033499
1,prefetch-gcc13-scalar-r13-prefetch_chain-scalar-cache_evicted-basic-32768,prefetch-gcc13-scalar,basic,ref_cycles,548734142,250030026,250030026
1,prefetch-gcc13-scalar-r13-prefetch_chain-scalar-warm-basic-524288,prefetch-gcc13-scalar,basic,cycles,548959390,250137568,250137568
1,prefetch-gcc13-scalar-r13-prefetch_chain-scalar-warm-basic-524288,prefetch-gcc13-scalar,basic,instructions,138753304,250135815,250135815
1,prefetch-gcc13-scalar-r13-prefetch_chain-scalar-warm-basic-524288,prefetch-gcc13-scalar,basic,ref_cycles,548961754,250132852,250132852
1,prefetch-gcc13-scalar-r13-prefetch_chain-scalar-warm-basic-1048576,prefetch-gcc13-scalar,basic,cycles,549395485,250336088,250336088
1,prefetch-gcc13-scalar-r13-prefetch_chain-scalar-warm-basic-1048576,prefetch-gcc13-scalar,basic,instructions,132224300,250334422,250334422
1,prefetch-gcc13-scalar-r13-prefetch_chain-scalar-warm-basic-1048576,prefetch-gcc13-scalar,basic,ref_cycles,549398124,250331167,250331167
1,prefetch-gcc13-scalar-r13-prefetch_chain-scalar-warm-branch-36864,prefetch-gcc13-scalar,branch,cycles,548733228,250033731,250033731
1,prefetch-gcc13-scalar-r13-prefetch_chain-scalar-warm-branch-36864,prefetch-gcc13-scalar,branch,branches,31863779,250030146,250030146
1,prefetch-gcc13-scalar-r13-prefetch_chain-scalar-warm-branch-36864,prefetch-gcc13-scalar,branch,branch_misses,52478,250026266,250026266
1,prefetch-gcc13-scalar-r13-prefetch_chain-scalar-cache_evicted-branch-536870912,prefetch-gcc13-scalar,branch,cycles,1992570294,907852294,907852294
1,prefetch-gcc13-scalar-r13-prefetch_chain-scalar-cache_evicted-branch-536870912,prefetch-gcc13-scalar,branch,branches,8388772,907849209,907849209
1,prefetch-gcc13-scalar-r13-prefetch_chain-scalar-cache_evicted-branch-536870912,prefetch-gcc13-scalar,branch,branch_misses,25,907845196,907845196
1,prefetch-gcc13-scalar-r13-prefetch_chain-scalar-warm-branch-229376,prefetch-gcc13-scalar,branch,cycles,548736987,250037050,250037050
1,prefetch-gcc13-scalar-r13-prefetch_chain-scalar-warm-branch-229376,prefetch-gcc13-scalar,branch,branches,27463661,250034781,250034781
1,prefetch-gcc13-scalar-r13-prefetch_chain-scalar-warm-branch-229376,prefetch-gcc13-scalar,branch,branch_misses,7642,250031410,250031410
1,prefetch-gcc13-scalar-r13-prefetch_chain-scalar-cache_evicted-basic-536870912,prefetch-gcc13-scalar,basic,cycles,1971141655,898086315,898086315
1,prefetch-gcc13-scalar-r13-prefetch_chain-scalar-cache_evicted-basic-536870912,prefetch-gcc13-scalar,basic,instructions,92275480,898083903,898083903
1,prefetch-gcc13-scalar-r13-prefetch_chain-scalar-cache_evicted-basic-536870912,prefetch-gcc13-scalar,basic,ref_cycles,1971144692,898080555,898080555
1,prefetch-gcc13-scalar-r13-prefetch_chain-scalar-warm-basic-8192,prefetch-gcc13-scalar,basic,cycles,548731457,250031978,250031978
1,prefetch-gcc13-scalar-r13-prefetch_chain-scalar-warm-basic-8192,prefetch-gcc13-scalar,basic,instructions,865822049,250028690,250028690
1,prefetch-gcc13-scalar-r13-prefetch_chain-scalar-warm-basic-8192,prefetch-gcc13-scalar,basic,ref_cycles,548733064,250024831,250024831
1,prefetch-gcc13-scalar-r13-prefetch_chain-scalar-warm-basic-262144,prefetch-gcc13-scalar,basic,cycles,548787346,250057910,250057910
1,prefetch-gcc13-scalar-r13-prefetch_chain-scalar-warm-basic-262144,prefetch-gcc13-scalar,basic,instructions,259150718,250055976,250055976
1,prefetch-gcc13-scalar-r13-prefetch_chain-scalar-warm-basic-262144,prefetch-gcc13-scalar,basic,ref_cycles,548789274,250052298,250052298
1,prefetch-gcc13-scalar-r13-prefetch_chain-scalar-warm-branch-16384,prefetch-gcc13-scalar,branch,cycles,548730493,250032529,250032529
1,prefetch-gcc13-scalar-r13-prefetch_chain-scalar-warm-branch-16384,prefetch-gcc13-scalar,branch,branches,83838870,250029067,250029067
1,prefetch-gcc13-scalar-r13-prefetch_chain-scalar-warm-branch-16384,prefetch-gcc13-scalar,branch,branch_misses,291316,250025596,250025596
1,prefetch-gcc13-scalar-r13-prefetch_chain-scalar-cache_evicted-basic-8388608,prefetch-gcc13-scalar,basic,cycles,552965621,251969930,251969930
1,prefetch-gcc13-scalar-r13-prefetch_chain-scalar-cache_evicted-basic-8388608,prefetch-gcc13-scalar,basic,instructions,37491459,251967946,251967946
1,prefetch-gcc13-scalar-r13-prefetch_chain-scalar-cache_evicted-basic-8388608,prefetch-gcc13-scalar,basic,ref_cycles,552969406,251964539,251964539
1,prefetch-gcc13-scalar-r13-prefetch_chain-scalar-warm-basic-98304,prefetch-gcc13-scalar,basic,cycles,548737807,250036800,250036800
1,prefetch-gcc13-scalar-r13-prefetch_chain-scalar-warm-basic-98304,prefetch-gcc13-scalar,basic,instructions,336472394,250034549,250034549
1,prefetch-gcc13-scalar-r13-prefetch_chain-scalar-warm-basic-98304,prefetch-gcc13-scalar,basic,ref_cycles,548740280,250031123,250031123
1,prefetch-gcc13-scalar-r13-prefetch_chain-scalar-warm-basic-2097152,prefetch-gcc13-scalar,basic,cycles,550040689,250630461,250630461
1,prefetch-gcc13-scalar-r13-prefetch_chain-scalar-warm-basic-2097152,prefetch-gcc13-scalar,basic,instructions,126214479,250628620,250628620
1,prefetch-gcc13-scalar-r13-prefetch_chain-scalar-warm-basic-2097152,prefetch-gcc13-scalar,basic,ref_cycles,550043868,250625588,250625588
1,prefetch-gcc13-scalar-r13-prefetch_chain-scalar-warm-basic-65536,prefetch-gcc13-scalar,basic,cycles,548743422,250036302,250036302
1,prefetch-gcc13-scalar-r13-prefetch_chain-scalar-warm-basic-65536,prefetch-gcc13-scalar,basic,instructions,338491795,250032682,250032682
1,prefetch-gcc13-scalar-r13-prefetch_chain-scalar-warm-basic-65536,prefetch-gcc13-scalar,basic,ref_cycles,548744262,250028989,250028989
1,prefetch-gcc13-scalar-r13-prefetch_chain-scalar-cache_evicted-basic-33554432,prefetch-gcc13-scalar,basic,cycles,605094927,275717896,275717896
1,prefetch-gcc13-scalar-r13-prefetch_chain-scalar-cache_evicted-basic-33554432,prefetch-gcc13-scalar,basic,instructions,34604615,275717811,275717811
1,prefetch-gcc13-scalar-r13-prefetch_chain-scalar-cache_evicted-basic-33554432,prefetch-gcc13-scalar,basic,ref_cycles,605099506,275714574,275714574
1,prefetch-gcc13-scalar-r13-prefetch_chain-scalar-warm-basic-5242880,prefetch-gcc13-scalar,basic,cycles,549939166,250587003,250587003
1,prefetch-gcc13-scalar-r13-prefetch_chain-scalar-warm-basic-5242880,prefetch-gcc13-scalar,basic,instructions,87425080,250585601,250585601
1,prefetch-gcc13-scalar-r13-prefetch_chain-scalar-warm-basic-5242880,prefetch-gcc13-scalar,basic,ref_cycles,549942602,250582977,250582977
1,prefetch-gcc13-scalar-r13-prefetch_chain-scalar-warm-branch-134217728,prefetch-gcc13-scalar,branch,cycles,940597639,428573400,428573400
1,prefetch-gcc13-scalar-r13-prefetch_chain-scalar-warm-branch-134217728,prefetch-gcc13-scalar,branch,branches,4194500,428571902,428571902
1,prefetch-gcc13-scalar-r13-prefetch_chain-scalar-warm-branch-134217728,prefetch-gcc13-scalar,branch,branch_misses,30,428568140,428568140
1,prefetch-gcc13-scalar-r13-prefetch_chain-scalar-warm-basic-12582912,prefetch-gcc13-scalar,basic,cycles,566206656,258001087,258001087
1,prefetch-gcc13-scalar-r13-prefetch_chain-scalar-warm-basic-12582912,prefetch-gcc13-scalar,basic,instructions,43257649,258000452,258000452
1,prefetch-gcc13-scalar-r13-prefetch_chain-scalar-warm-basic-12582912,prefetch-gcc13-scalar,basic,ref_cycles,566210942,257997012,257997012
1,prefetch-gcc13-scalar-r13-prefetch_chain-scalar-warm-branch-536870912,prefetch-gcc13-scalar,branch,cycles,2366027954,1077996152,1077996152
1,prefetch-gcc13-scalar-r13-prefetch_chain-scalar-warm-branch-536870912,prefetch-gcc13-scalar,branch,branches,8388772,1077995495,1077995495
1,prefetch-gcc13-scalar-r13-prefetch_chain-scalar-warm-branch-536870912,prefetch-gcc13-scalar,branch,branch_misses,27,1077991959,1077991959
1,prefetch-gcc13-scalar-r13-prefetch_chain-scalar-cache_evicted-basic-1048576,prefetch-gcc13-scalar,basic,cycles,549449164,250365113,250365113
1,prefetch-gcc13-scalar-r13-prefetch_chain-scalar-cache_evicted-basic-1048576,prefetch-gcc13-scalar,basic,instructions,104805476,250363356,250363356
1,prefetch-gcc13-scalar-r13-prefetch_chain-scalar-cache_evicted-basic-1048576,prefetch-gcc13-scalar,basic,ref_cycles,549451804,250359985,250359985
1,prefetch-gcc13-scalar-r13-prefetch_chain-scalar-warm-branch-49152,prefetch-gcc13-scalar,branch,cycles,548732475,250035961,250035961
1,prefetch-gcc13-scalar-r13-prefetch_chain-scalar-warm-branch-49152,prefetch-gcc13-scalar,branch,branches,31378717,250035210,250035210
1,prefetch-gcc13-scalar-r13-prefetch_chain-scalar-warm-branch-49152,prefetch-gcc13-scalar,branch,branch_misses,39287,250031465,250031465
1,prefetch-gcc13-scalar-r13-prefetch_chain-scalar-cache_evicted-branch-33554432,prefetch-gcc13-scalar,branch,cycles,656832674,299292442,299292442
1,prefetch-gcc13-scalar-r13-prefetch_chain-scalar-cache_evicted-branch-33554432,prefetch-gcc13-scalar,branch,branches,3146052,299291097,299291097
1,prefetch-gcc13-scalar-r13-prefetch_chain-scalar-cache_evicted-branch-33554432,prefetch-gcc13-scalar,branch,branch_misses,36,299286759,299286759
1,prefetch-gcc13-scalar-r13-prefetch_chain-scalar-cache_evicted-branch-262144,prefetch-gcc13-scalar,branch,cycles,548847212,250091787,250091787
1,prefetch-gcc13-scalar-r13-prefetch_chain-scalar-cache_evicted-branch-262144,prefetch-gcc13-scalar,branch,branches,18022980,250089730,250089730
1,prefetch-gcc13-scalar-r13-prefetch_chain-scalar-cache_evicted-branch-262144,prefetch-gcc13-scalar,branch,branch_misses,4408,250085631,250085631
1,prefetch-gcc13-scalar-r13-prefetch_chain-scalar-warm-basic-16384,prefetch-gcc13-scalar,basic,cycles,548731437,250033126,250033126
1,prefetch-gcc13-scalar-r13-prefetch_chain-scalar-warm-basic-16384,prefetch-gcc13-scalar,basic,instructions,859900521,250032213,250032213
1,prefetch-gcc13-scalar-r13-prefetch_chain-scalar-warm-basic-16384,prefetch-gcc13-scalar,basic,ref_cycles,548734692,250029251,250029251
1,prefetch-gcc13-scalar-r13-prefetch_chain-scalar-cache_evicted-branch-1048576,prefetch-gcc13-scalar,branch,cycles,548749128,250044992,250044992
1,prefetch-gcc13-scalar-r13-prefetch_chain-scalar-cache_evicted-branch-1048576,prefetch-gcc13-scalar,branch,branches,11852484,250043598,250043598
1,prefetch-gcc13-scalar-r13-prefetch_chain-scalar-cache_evicted-branch-1048576,prefetch-gcc13-scalar,branch,branch_misses,765,250040079,250040079
1,prefetch-gcc13-scalar-r13-prefetch_chain-scalar-warm-basic-36864,prefetch-gcc13-scalar,basic,cycles,548737698,250036514,250036514
1,prefetch-gcc13-scalar-r13-prefetch_chain-scalar-warm-basic-36864,prefetch-gcc13-scalar,basic,instructions,340847391,250034805,250034805
1,prefetch-gcc13-scalar-r13-prefetch_chain-scalar-warm-basic-36864,prefetch-gcc13-scalar,basic,ref_cycles,548740698,250031800,250031800
1,prefetch-gcc13-scalar-r13-prefetch_chain-scalar-warm-branch-7340032,prefetch-gcc13-scalar,branch,cycles,548828902,250085403,250085403
1,prefetch-gcc13-scalar-r13-prefetch_chain-scalar-warm-branch-7340032,prefetch-gcc13-scalar,branch,branches,2868132,250084752,250084752
1,prefetch-gcc13-scalar-r13-prefetch_chain-scalar-warm-branch-7340032,prefetch-gcc13-scalar,branch,branch_misses,55,250080393,250080393
1,prefetch-gcc13-scalar-r13-prefetch_chain-scalar-warm-branch-294912,prefetch-gcc13-scalar,branch,cycles,548867323,250099640,250099640
1,prefetch-gcc13-scalar-r13-prefetch_chain-scalar-warm-branch-294912,prefetch-gcc13-scalar,branch,branches,17107829,250098226,250098226
1,prefetch-gcc13-scalar-r13-prefetch_chain-scalar-warm-branch-294912,prefetch-gcc13-scalar,branch,branch_misses,3739,250094110,250094110
1,prefetch-gcc13-scalar-r13-prefetch_chain-scalar-warm-branch-262144,prefetch-gcc13-scalar,branch,cycles,548741255,250039423,250039423
1,prefetch-gcc13-scalar-r13-prefetch_chain-scalar-warm-branch-262144,prefetch-gcc13-scalar,branch,branches,18609156,250038716,250038716
1,prefetch-gcc13-scalar-r13-prefetch_chain-scalar-warm-branch-262144,prefetch-gcc13-scalar,branch,branch_misses,4553,250035273,250035273
1,prefetch-gcc13-scalar-r14-prefetch_chain-scalar-warm-branch-32768,prefetch-gcc13-scalar,branch,cycles,548731485,250034846,250034846
1,prefetch-gcc13-scalar-r14-prefetch_chain-scalar-warm-branch-32768,prefetch-gcc13-scalar,branch,branches,59819030,250033211,250033211
1,prefetch-gcc13-scalar-r14-prefetch_chain-scalar-warm-branch-32768,prefetch-gcc13-scalar,branch,branch_misses,110051,250029521,250029521
1,prefetch-gcc13-scalar-r14-prefetch_chain-scalar-warm-branch-196608,prefetch-gcc13-scalar,branch,cycles,548800346,250065833,250065833
1,prefetch-gcc13-scalar-r14-prefetch_chain-scalar-warm-branch-196608,prefetch-gcc13-scalar,branch,branches,23848180,250064273,250064273
1,prefetch-gcc13-scalar-r14-prefetch_chain-scalar-warm-branch-196608,prefetch-gcc13-scalar,branch,branch_misses,7740,250060623,250060623
1,prefetch-gcc13-scalar-r14-prefetch_chain-scalar-cache_evicted-basic-6291456,prefetch-gcc13-scalar,basic,cycles,551480520,251292131,251292131
1,prefetch-gcc13-scalar-r14-prefetch_chain-scalar-cache_evicted-basic-6291456,prefetch-gcc13-scalar,basic,instructions,52994472,251290773,251290773
1,prefetch-gcc13-scalar-r14-prefetch_chain-scalar-cache_evicted-basic-6291456,prefetch-gcc13-scalar,basic,ref_cycles,551484384,251287925,251287925
1,prefetch-gcc13-scalar-r14-prefetch_chain-scalar-warm-basic-8192,prefetch-gcc13-scalar,basic,cycles,548731528,250032742,250032742
1,prefetch-gcc13-scalar-r14-prefetch_chain-scalar-warm-basic-8192,prefetch-gcc13-scalar,basic,instructions,882074594,250031049,250031049
1,prefetch-gcc13-scalar-r14-prefetch_chain-scalar-warm-basic-8192,prefetch-gcc13-scalar,basic,ref_cycles,548733944,250028000,250028000
1,prefetch-gcc13-scalar-r14-prefetch_chain-scalar-warm-basic-49152,prefetch-gcc13-scalar,basic,cycles,548739150,250036466,250036466
1,prefetch-gcc13-scalar-r14-prefetch_chain-scalar-warm-basic-49152,prefetch-gcc13-scalar,basic,instructions,339041678,250033925,250033925
1,prefetch-gcc13-scalar-r14-prefetch_chain-scalar-warm-basic-49152,prefetch-gcc13-scalar,basic,ref_cycles,548740918,250030908,250030908
1,prefetch-gcc13-scalar-r14-prefetch_chain-scalar-cache_evicted-branch-33554432,prefetch-gcc13-scalar,branch,cycles,635776025,289698215,289698215
1,prefetch-gcc13-scalar-r14-prefetch_chain-scalar-cache_evicted-branch-33554432,prefetch-gcc13-scalar,branch,branches,3146052,289696225,289696225
1,prefetch-gcc13-scalar-r14-prefetch_chain-scalar-cache_evicted-branch-33554432,prefetch-gcc13-scalar,branch,branch_misses,35,289692462,289692462
1,prefetch-gcc13-scalar-r14-prefetch_chain-scalar-warm-branch-24576,prefetch-gcc13-scalar,branch,cycles,548732290,250034924,250034924
1,prefetch-gcc13-scalar-r14-prefetch_chain-scalar-warm-branch-24576,prefetch-gcc13-scalar,branch,branches,81837876,250032977,250032977
1,prefetch-gcc13-scalar-r14-prefetch_chain-scalar-warm-branch-24576,prefetch-gcc13-scalar,branch,branch_misses,196939,250029473,250029473
1,prefetch-gcc13-scalar-r14-prefetch_chain-scalar-warm-basic-98304,prefetch-gcc13-scalar,basic,cycles,548742603,250037440,250037440
1,prefetch-gcc13-scalar-r14-prefetch_chain-scalar-warm-basic-98304,prefetch-gcc13-scalar,basic,instructions,336915935,250034566,250034566
1,prefetch-gcc13-scalar-r14-prefetch_chain-scalar-warm-basic-98304,prefetch-gcc13-scalar,basic,ref_cycles,548744394,250031090,250031090
1,prefetch-gcc13-scalar-r14-prefetch_chain-scalar-cache_evicted-basic-32768,prefetch-gcc13-scalar,basic,cycles,548734252,250035174,250035174
1,prefetch-gcc13-scalar-r14-prefetch_chain-scalar-cache_evicted-basic-32768,prefetch-gcc13-scalar,basic,instructions,641254461,250033775,250033775
1,prefetch-gcc13-scalar-r14-prefetch_chain-scalar-cache_evicted-basic-32768,prefetch-gcc13-scalar,basic,ref_cycles,548736408,250030367,250030367
1,prefetch-gcc13-scalar-r14-prefetch_chain-scalar-warm-branch-12582912,prefetch-gcc13-scalar,branch,cycles,576982822,262911993,262911993
1,prefetch-gcc13-scalar-r14-prefetch_chain-scalar-warm-branch-12582912,prefetch-gcc13-scalar,branch,branches,3146372,262909380,262909380
1,prefetch-gcc13-scalar-r14-prefetch_chain-scalar-warm-branch-12582912,prefetch-gcc13-scalar,branch,branch_misses,52,262905591,262905591
1,prefetch-gcc13-scalar-r14-prefetch_chain-scalar-warm-basic-1048576,prefetch-gcc13-scalar,basic,cycles,549050248,250178844,250178844
1,prefetch-gcc13-scalar-r14-prefetch_chain-scalar-warm-basic-1048576,prefetch-gcc13-scalar,basic,instructions,130420430,250176910,250176910
1,prefetch-gcc13-scalar-r14-prefetch_chain-scalar-warm-basic-1048576,prefetch-gcc13-scalar,basic,ref_cycles,549052856,250173622,250173622
1,prefetch-gcc13-scalar-r14-prefetch_chain-scalar-cache_evicted-branch-8388608,prefetch-gcc13-scalar,branch,cycles,564622126,257278531,257278531
1,prefetch-gcc13-scalar-r14-prefetch_chain-scalar-cache_evicted-branch-8388608,prefetch-gcc13-scalar,branch,branches,4195460,257278487,257278487
1,prefetch-gcc13-scalar-r14-prefetch_chain-scalar-cache_evicted-branch-8388608,prefetch-gcc13-scalar,branch,branch_misses,77,257275183,257275183
1,prefetch-gcc13-scalar-r14-prefetch_chain-scalar-warm-branch-2097152,prefetch-gcc13-scalar,branch,cycles,549433478,250355334,250355334
1,prefetch-gcc13-scalar-r14-prefetch_chain-scalar-warm-branch-2097152,prefetch-gcc13-scalar,branch,branches,11152133,250353084,250353084
1,prefetch-gcc13-scalar-r14-prefetch_chain-scalar-warm-branch-2097152,prefetch-gcc13-scalar,branch,branch_misses,385,250349855,250349855
1,prefetch-gcc13-scalar-r14-prefetch_chain-scalar-warm-branch-36864,prefetch-gcc13-scalar,branch,cycles,548734374,250035999,250035999
1,prefetch-gcc13-scalar-r14-prefetch_chain-scalar-warm-branch-36864,prefetch-gcc13-scalar,branch,branches,31853895,250033824,250033824
1,prefetch-gcc13-scalar-r14-prefetch_chain-scalar-warm-branch-36864,prefetch-gcc13-scalar,branch,branch_misses,52454,250030272,250030272
1,prefetch-gcc13-scalar-r14-prefetch_chain-scalar-warm-basic-6291456,prefetch-gcc13-scalar,basic,cycles,553825263,252358077,252358077
1,prefetch-gcc13-scalar-r14-prefetch_chain-scalar-warm-basic-6291456,prefetch-gcc13-scalar,basic,instructions,52994472,252357917,252357917
1,prefetch-gcc13-scalar-r14-prefetch_chain-scalar-warm-basic-6291456,prefetch-gcc13-scalar,basic,ref_cycles,553828638,252354821,252354821
1,prefetch-gcc13-scalar-r14-prefetch_chain-scalar-warm-branch-294912,prefetch-gcc13-scalar,branch,cycles,548802973,250066941,250066941
1,prefetch-gcc13-scalar-r14-prefetch_chain-scalar-warm-branch-294912,prefetch-gcc13-scalar,branch,branches,18908132,250064837,250064837
1,prefetch-gcc13-scalar-r14-prefetch_chain-scalar-warm-branch-294912,prefetch-gcc13-scalar,branch,branch_misses,4118,250061019,250061019
1,prefetch-gcc13-scalar-r14-prefetch_chain-scalar-warm-branch-229376,prefetch-gcc13-scalar,branch,cycles,548784172,250058131,250058131
1,prefetch-gcc13-scalar-r14-prefetch_chain-scalar-warm-branch-229376,prefetch-gcc13-scalar,branch,branches,22553146,250056725,250056725
1,prefetch-gcc13-scalar-r14-prefetch_chain-scalar-warm-branch-229376,prefetch-gcc13-scalar,branch,branch_misses,6292,250053258,250053258
1,prefetch-gcc13-scalar-r14-prefetch_chain-scalar-warm-basic-229376,prefetch-gcc13-scalar,basic,cycles,548812621,250070463,250070463
1,prefetch-gcc13-scalar-r14-prefetch_chain-scalar-warm-basic-229376,prefetch-gcc13-scalar,basic,instructions,266262791,250068410,250068410
1,prefetch-gcc13-scalar-r14-prefetch_chain-scalar-warm-basic-229376,prefetch-gcc13-scalar,basic,ref_cycles,548815388,250065402,250065402
1,prefetch-gcc13-scalar-r14-prefetch_chain-scalar-warm-basic-134217728,prefetch-gcc13-scalar,basic,cycles,941312428,428897888,428897888
1,prefetch-gcc13-scalar-r14-prefetch_chain-scalar-warm-basic-134217728,prefetch-gcc13-scalar,basic,instructions,46138299,428896052,428896052
1,prefetch-gcc13-scalar-r14-prefetch_chain-scalar-warm-basic-134217728,prefetch-gcc13-scalar,basic,ref_cycles,941316156,428892958,428892958
1,prefetch-gcc13-scalar-r14-prefetch_chain-scalar-cache_evicted-branch-262144,prefetch-gcc13-scalar,branch,cycles,548796144,250063981,250063981
1,prefetch-gcc13-scalar-r14-prefetch_chain-scalar-cache_evicted-branch-262144,prefetch-gcc13-scalar,branch,branches,26617476,250060894,250060894
1,prefetch-gcc13-scalar-r14-prefetch_chain-scalar-cache_evicted-branch-262144,prefetch-gcc13-scalar,branch,branch_misses,6491,250056630,250056630
1,prefetch-gcc13-scalar-r14-prefetch_chain-scalar-warm-branch-393216,prefetch-gcc13-scalar,branch,cycles,548907073,250113629,250113629
1,prefetch-gcc13-scalar-r14-prefetch_chain-scalar-warm-branch-393216,prefetch-gcc13-scalar,branch,branches,14285220,250111228,250111228
1,prefetch-gcc13-scalar-r14-prefetch_chain-scalar-warm-branch-393216,prefetch-gcc13-scalar,branch,branch_misses,2356,250107524,250107524
1,prefetch-gcc13-scalar-r14-prefetch_chain-scalar-cache_evicted-branch-536870912,prefetch-gcc13-scalar,branch,cycles,1973345635,899092536,899092536
1,prefetch-gcc13-scalar-r14-prefetch_chain-scalar-cache_evicted-branch-536870912,prefetch-gcc13-scalar,branch,branches,8388772,899090398,899090398
1,prefetch-gcc13-scalar-r14-prefetch_chain-scalar-cache_evicted-branch-536870912,prefetch-gcc13-scalar,branch,branch_misses,26,899086546,899086546
1,prefetch-gcc13-scalar-r14-prefetch_chain-scalar-warm-branch-5242880,prefetch-gcc13-scalar,branch,cycles,528306640,242466255,242466255
1,prefetch-gcc13-scalar-r14-prefetch_chain-scalar-warm-branch-5242880,prefetch-gcc13-scalar,branch,branches,4671621,242469400,242469400
1,prefetch-gcc13-scalar-r14-prefetch_chain-scalar-warm-branch-5242880,prefetch-gcc13-scalar,branch,branch_misses,181,242467000,242467000
1,prefetch-gcc13-scalar-r14-prefetch_chain-scalar-warm-basic-28672,prefetch-gcc13-scalar,basic,cycles,548731887,250032754,250032754
1,prefetch-gcc13-scalar-r14-prefetch_chain-scalar-warm-basic-28672,prefetch-gcc13-scalar,basic,instructions,839628887,250031425,250031425
1,prefetch-gcc13-scalar-r14-prefetch_chain-scalar-warm-basic-28672,prefetch-gcc13-scalar,basic,ref_cycles,548734252,250028259,250028259
1,prefetch-gcc13-scalar-r14-prefetch_chain-scalar-warm-basic-131072,prefetch-gcc13-scalar,basic,cycles,548745939,250039301,250039301
1,prefetch-gcc13-scalar-r14-prefetch_chain-scalar-warm-basic-131072,prefetch-gcc13-scalar,basic,instructions,336644347,250037424,250037424
1,prefetch-gcc13-scalar-r14-prefetch_chain-scalar-warm-basic-131072,prefetch-gcc13-scalar,basic,ref_cycles,548748552,250034418,250034418
1,prefetch-gcc13-scalar-r14-prefetch_chain-scalar-warm-basic-536870912,prefetch-gcc13-scalar,basic,cycles,2002670369,912449387,912449387
1,prefetch-gcc13-scalar-r14-prefetch_chain-scalar-warm-basic-536870912,prefetch-gcc13-scalar,basic,instructions,92275480,912447714,912447714
1,prefetch-gcc13-scalar-r14-prefetch_chain-scalar-warm-basic-536870912,prefetch-gcc13-scalar,basic,ref_cycles,2002673508,912444921,912444921
1,prefetch-gcc13-scalar-r14-prefetch_chain-scalar-warm-basic-294912,prefetch-gcc13-scalar,basic,cycles,548573435,250040202,250040202
1,prefetch-gcc13-scalar-r14-prefetch_chain-scalar-warm-basic-294912,prefetch-gcc13-scalar,basic,instructions,179047099,250039493,250039493
1,prefetch-gcc13-scalar-r14-prefetch_chain-scalar-warm-basic-294912,prefetch-gcc13-scalar,basic,ref_cycles,548580032,250036712,250036712
1,prefetch-gcc13-scalar-r14-prefetch_chain-scalar-warm-branch-262144,prefetch-gcc13-scalar,branch,cycles,548777600,250054277,250054277
1,prefetch-gcc13-scalar-r14-prefetch_chain-scalar-warm-branch-262144,prefetch-gcc13-scalar,branch,branches,24669060,250051424,250051424
1,prefetch-gcc13-scalar-r14-prefetch_chain-scalar-warm-branch-262144,prefetch-gcc13-scalar,branch,branch_misses,6021,250047605,250047605
1,prefetch-gcc13-scalar-r14-prefetch_chain-scalar-cache_evicted-branch-1048576,prefetch-gcc13-scalar,branch,cycles,549241996,250267492,250267492
1,prefetch-gcc13-scalar-r14-prefetch_chain-scalar-cache_evicted-branch-1048576,prefetch-gcc13-scalar,branch,branches,12115140,250265496,250265496
1,prefetch-gcc13-scalar-r14-prefetch_chain-scalar-cache_evicted-branch-1048576,prefetch-gcc13-scalar,branch,branch_misses,782,250261515,250261515
1,prefetch-gcc13-scalar-r14-prefetch_chain-scalar-warm-basic-5242880,prefetch-gcc13-scalar,basic,cycles,551467372,251283355,251283355
1,prefetch-gcc13-scalar-r14-prefetch_chain-scalar-warm-basic-5242880,prefetch-gcc13-scalar,basic,instructions,82017388,251282430,251282430
1,prefetch-gcc13-scalar-r14-prefetch_chain-scalar-warm-basic-5242880,prefetch-gcc13-scalar,basic,ref_cycles,551471558,251279653,251279653
1,prefetch-gcc13-scalar-r14-prefetch_chain-scalar-warm-branch-4194304,prefetch-gcc13-scalar,branch,cycles,550002701,250617425,250617425
1,prefetch-gcc13-scalar-r14-prefetch_chain-scalar-warm-branch-4194304,prefetch-gcc13-scalar,branch,branches,8917380,250617464,250617464
1,prefetch-gcc13-scalar-r14-prefetch_chain-scalar-warm-branch-4194304,prefetch-gcc13-scalar,branch,branch_misses,182,250613426,250613426
1,prefetch-gcc13-scalar-r14-prefetch_chain-scalar-warm-basic-32768,prefetch-gcc13-scalar,basic,cycles,548733688,250033350,250033350
1,prefetch-gcc13-scalar-r14-prefetch_chain-scalar-warm-basic-32768,prefetch-gcc13-scalar,basic,instructions,663725401,250030508,250030508
1,prefetch-gcc13-scalar-r14-prefetch_chain-scalar-warm-basic-32768,prefetch-gcc13-scalar,basic,ref_cycles,548735110,250026908,250026908
1,prefetch-gcc13-scalar-r14-prefetch_chain-scalar-warm-basic-16384,prefetch-gcc13-scalar,basic,cycles,548733374,250033294,250033294
1,prefetch-gcc13-scalar-r14-prefetch_chain-scalar-warm-basic-16384,prefetch-gcc13-scalar,basic,instructions,865287490,250032362,250032362
1,prefetch-gcc13-scalar-r14-prefetch_chain-scalar-warm-basic-16384,prefetch-gcc13-scalar,basic,ref_cycles,548735616,250029257,250029257
1,prefetch-gcc13-scalar-r14-prefetch_chain-scalar-warm-basic-8388608,prefetch-gcc13-scalar,basic,cycles,555406786,253078693,253078693
1,prefetch-gcc13-scalar-r14-prefetch_chain-scalar-warm-basic-8388608,prefetch-gcc13-scalar,basic,instructions,46143189,253078401,253078401
1,prefetch-gcc13-scalar-r14-prefetch_chain-scalar-warm-basic-8388608,prefetch-gcc13-scalar,basic,ref_cycles,555410592,253074806,253074806
1,prefetch-gcc13-scalar-r14-prefetch_chain-scalar-cache_evicted-basic-33554432,prefetch-gcc13-scalar,basic,cycles,627100672,285744117,285744117
1,prefetch-gcc13-scalar-r14-prefetch_chain-scalar-cache_evicted-basic-33554432,prefetch-gcc13-scalar,basic,instructions,34604615,285742645,285742645
1,prefetch-gcc13-scalar-r14-prefetch_chain-scalar-cache_evicted-basic-33554432,prefetch-gcc13-scalar,basic,ref_cycles,627104280,285739341,285739341
1,prefetch-gcc13-scalar-r14-prefetch_chain-scalar-warm-branch-65536,prefetch-gcc13-scalar,branch,cycles,548742842,250037655,250037655
1,prefetch-gcc13-scalar-r14-prefetch_chain-scalar-warm-branch-65536,prefetch-gcc13-scalar,branch,branches,31241940,250035089,250035089
1,prefetch-gcc13-scalar-r14-prefetch_chain-scalar-warm-branch-65536,prefetch-gcc13-scalar,branch,branch_misses,29651,250031674,250031674
1,prefetch-gcc13-scalar-r14-prefetch_chain-scalar-warm-branch-16384,prefetch-gcc13-scalar,branch,cycles,548732949,250034253,250034253
1,prefetch-gcc13-scalar-r14-prefetch_chain-scalar-warm-branch-16384,prefetch-gcc13-scalar,branch,branches,83796618,250033399,250033399
1,prefetch-gcc13-scalar-r14-prefetch_chain-scalar-warm-branch-16384,prefetch-gcc13-scalar,branch,branch_misses,291493,250029827,250029827
1,prefetch-gcc13-scalar-r14-prefetch_chain-scalar-warm-basic-24576,prefetch-gcc13-scalar,basic,cycles,548733119,250033340,250033340
1,prefetch-gcc13-scalar-r14-prefetch_chain-scalar-warm-basic-24576,prefetch-gcc13-scalar,basic,instructions,863274787,250030695,250030695
1,prefetch-gcc13-scalar-r14-prefetch_chain-scalar-warm-basic-24576,prefetch-gcc13-scalar,basic,ref_cycles,548734054,250027532,250027532
1,prefetch-gcc13-scalar-r14-prefetch_chain-scalar-cache_evicted-branch-32768,prefetch-gcc13-scalar,branch,cycles,548735391,250035989,250035989
1,prefetch-gcc13-scalar-r14-prefetch_chain-scalar-cache_evicted-branch-32768,prefetch-gcc13-scalar,branch,branches,61044103,250034673,250034673
1,prefetch-gcc13-scalar-r14-prefetch_chain-scalar-cache_evicted-branch-32768,prefetch-gcc13-scalar,branch,branch_misses,112293,250031462,250031462
1,prefetch-gcc13-scalar-r14-prefetch_chain-scalar-warm-branch-7340032,prefetch-gcc13-scalar,branch,cycles,561481279,255845314,255845314
1,prefetch-gcc13-scalar-r14-prefetch_chain-scalar-warm-branch-7340032,prefetch-gcc13-scalar,branch,branches,4015332,255845044,255845044
1,prefetch-gcc13-scalar-r14-prefetch_chain-scalar-warm-branch-7340032,prefetch-gcc13-scalar,branch,branch_misses,74,255841482,255841482
1,prefetch-gcc13-scalar-r14-prefetch_chain-scalar-cache_evicted-basic-262144,prefetch-gcc13-scalar,basic,cycles,548732644,250036182,250036182
1,prefetch-gcc13-scalar-r14-prefetch_chain-scalar-cache_evicted-basic-262144,prefetch-gcc13-scalar,basic,instructions,211761310,250034597,250034597
1,prefetch-gcc13-scalar-r14-prefetch_chain-scalar-cache_evicted-basic-262144,prefetch-gcc13-scalar,basic,ref_cycles,548735110,250030925,250030925
1,prefetch-gcc13-scalar-r14-prefetch_chain-scalar-warm-branch-536870912,prefetch-gcc13-scalar,branch,cycles,2007048927,914446299,914446299
1,prefetch-gcc13-scalar-r14-prefetch_chain-scalar-warm-branch-536870912,prefetch-gcc13-scalar,branch,branches,8388772,914444691,914444691
1,prefetch-gcc13-scalar-r14-prefetch_chain-scalar-warm-branch-536870912,prefetch-gcc13-scalar,branch,branch_misses,28,914441217,914441217
1,prefetch-gcc13-scalar-r14-prefetch_chain-scalar-warm-basic-262144,prefetch-gcc13-scalar,basic,cycles,548795281,250062420,250062420
1,prefetch-gcc13-scalar-r14-prefetch_chain-scalar-warm-basic-262144,prefetch-gcc13-scalar,basic,instructions,194623205,250060753,250060753
1,prefetch-gcc13-scalar-r14-prefetch_chain-scalar-warm-basic-262144,prefetch-gcc13-scalar,basic,ref_cycles,548797524,250057466,250057466
1,prefetch-gcc13-scalar-r14-prefetch_chain-scalar-warm-basic-65536,prefetch-gcc13-scalar,basic,cycles,548478166,249999941,249999941
1,prefetch-gcc13-scalar-r14-prefetch_chain-scalar-warm-basic-65536,prefetch-gcc13-scalar,basic,instructions,337852036,249999749,249999749
1,prefetch-gcc13-scalar-r14-prefetch_chain-scalar-warm-basic-65536,prefetch-gcc13-scalar,basic,ref_cycles,548485740,249997297,249997297
1,prefetch-gcc13-scalar-r14-prefetch_chain-scalar-warm-branch-8192,prefetch-gcc13-scalar,branch,cycles,548732420,250034157,250034157
1,prefetch-gcc13-scalar-r14-prefetch_chain-scalar-warm-branch-8192,prefetch-gcc13-scalar,branch,branches,88905838,250033427,250033427
1,prefetch-gcc13-scalar-r14-prefetch_chain-scalar-warm-branch-8192,prefetch-gcc13-scalar,branch,branch_misses,555874,250030661,250030661
1,prefetch-gcc13-scalar-r14-prefetch_chain-scalar-warm-branch-131072,prefetch-gcc13-scalar,branch,cycles,548747462,250040661,250040661
1,prefetch-gcc13-scalar-r14-prefetch_chain-scalar-warm-branch-131072,prefetch-gcc13-scalar,branch,branches,25977274,250038925,250038925
1,prefetch-gcc13-scalar-r14-prefetch_chain-scalar-warm-branch-131072,prefetch-gcc13-scalar,branch,branch_misses,12547,250035490,250035490
1,prefetch-gcc13-scalar-r14-prefetch_chain-scalar-warm-basic-2097152,prefetch-gcc13-scalar,basic,cycles,549196319,250246104,250246104
1,prefetch-gcc13-scalar-r14-prefetch_chain-scalar-warm-basic-2097152,prefetch-gcc13-scalar,basic,instructions,128738756,250244927,250244927
1,prefetch-gcc13-scalar-r14-prefetch_chain-scalar-warm-basic-2097152,prefetch-gcc13-scalar,basic,ref_cycles,549198804,250241985,250241985
1,prefetch-gcc13-scalar-r14-prefetch_chain-scalar-cache_evicted-branch-6291456,prefetch-gcc13-scalar,branch,cycles,551718662,251400089,251400089
1,prefetch-gcc13-scalar-r14-prefetch_chain-scalar-cache_evicted-branch-6291456,prefetch-gcc13-scalar,branch,branches,5801956,251399245,251399245
1,prefetch-gcc13-scalar-r14-prefetch_chain-scalar-cache_evicted-branch-6291456,prefetch-gcc13-scalar,branch,branch_misses,103,251395756,251395756
1,prefetch-gcc13-scalar-r14-prefetch_chain-scalar-warm-branch-6291456,prefetch-gcc13-scalar,branch,cycles,555394532,253072639,253072639
1,prefetch-gcc13-scalar-r14-prefetch_chain-scalar-warm-branch-6291456,prefetch-gcc13-scalar,branch,branches,5506948,253072288,253072288
1,prefetch-gcc13-scalar-r14-prefetch_chain-scalar-warm-branch-6291456,prefetch-gcc13-scalar,branch,branch_misses,107,253068319,253068319
1,prefetch-gcc13-scalar-r14-prefetch_chain-scalar-warm-basic-36864,prefetch-gcc13-scalar,basic,cycles,548735304,250035713,250035713
1,prefetch-gcc13-scalar-r14-prefetch_chain-scalar-warm-basic-36864,prefetch-gcc13-scalar,basic,instructions,340736861,250033819,250033819
1,prefetch-gcc13-scalar-r14-prefetch_chain-scalar-warm-basic-36864,prefetch-gcc13-scalar,basic,ref_cycles,548737706,250030147,250030147
1,prefetch-gcc13-scalar-r14-prefetch_chain-scalar-warm-basic-524288,prefetch-gcc13-scalar,basic,cycles,548805167,250065753,250065753
1,prefetch-gcc13-scalar-r14-prefetch_chain-scalar-warm-basic-524288,prefetch-gcc13-scalar,basic,instructions,137760315,250063196,250063196
1,prefetch-gcc13-scalar-r14-prefetch_chain-scalar-warm-basic-524288,prefetch-gcc13-scalar,basic,ref_cycles,548806852,250060029,250060029
1,prefetch-gcc13-scalar-r14-prefetch_chain-scalar-warm-branch-49152,prefetch-gcc13-scalar,branch,cycles,548733539,250034310,250034310
1,prefetch-gcc13-scalar-r14-prefetch_chain-scalar-warm-branch-49152,prefetch-gcc13-scalar,branch,branches,31402559,250031633,250031633
1,prefetch-gcc13-scalar-r14-prefetch_chain-scalar-warm-branch-49152,prefetch-gcc13-scalar,branch,branch_misses,39311,250028195,250028195
1,prefetch-gcc13-scalar-r14-prefetch_chain-scalar-warm-basic-393216,prefetch-gcc13-scalar,basic,cycles,548777438,250054631,250054631
1,prefetch-gcc13-scalar-r14-prefetch_chain-scalar-warm-basic-393216,prefetch-gcc13-scalar,basic,instructions,142337076,250052227,250052227
1,prefetch-gcc13-scalar-r14-prefetch_chain-scalar-warm-basic-393216,prefetch-gcc13-scalar,basic,ref_cycles,548779418,250048827,250048827
1,prefetch-gcc13-scalar-r14-prefetch_chain-scalar-warm-basic-196608,prefetch-gcc13-scalar,basic,cycles,548769381,250049911,250049911
1,prefetch-gcc13-scalar-r14-prefetch_chain-scalar-warm-basic-196608,prefetch-gcc13-scalar,basic,instructions,298397176,250046991,250046991
1,prefetch-gcc13-scalar-r14-prefetch_chain-scalar-warm-basic-196608,prefetch-gcc13-scalar,basic,ref_cycles,548770772,250043636,250043636
1,prefetch-gcc13-scalar-r14-prefetch_chain-scalar-cache_evicted-basic-1048576,prefetch-gcc13-scalar,basic,cycles,549166140,250232741,250232741
1,prefetch-gcc13-scalar-r14-prefetch_chain-scalar-cache_evicted-basic-1048576,prefetch-gcc13-scalar,basic,instructions,131322383,250230845,250230845
1,prefetch-gcc13-scalar-r14-prefetch_chain-scalar-cache_evicted-basic-1048576,prefetch-gcc13-scalar,basic,ref_cycles,549168774,250227645,250227645
1,prefetch-gcc13-scalar-r14-prefetch_chain-scalar-warm-basic-7340032,prefetch-gcc13-scalar,basic,cycles,550139048,250677151,250677151
1,prefetch-gcc13-scalar-r14-prefetch_chain-scalar-warm-basic-7340032,prefetch-gcc13-scalar,basic,instructions,54255062,250676671,250676671
1,prefetch-gcc13-scalar-r14-prefetch_chain-scalar-warm-basic-7340032,prefetch-gcc13-scalar,basic,ref_cycles,550142846,250673509,250673509
1,prefetch-gcc13-scalar-r14-prefetch_chain-scalar-cache_evicted-basic-8388608,prefetch-gcc13-scalar,basic,cycles,554932315,252862909,252862909
1,prefetch-gcc13-scalar-r14-prefetch_chain-scalar-cache_evicted-basic-8388608,prefetch-gcc13-scalar,basic,instructions,44701234,252862109,252862109
1,prefetch-gcc13-scalar-r14-prefetch_chain-scalar-cache_evicted-basic-8388608,prefetch-gcc13-scalar,basic,ref_cycles,554936646,252858855,252858855
1,prefetch-gcc13-scalar-r14-prefetch_chain-scalar-warm-basic-4194304,prefetch-gcc13-scalar,basic,cycles,551046409,251090690,251090690
1,prefetch-gcc13-scalar-r14-prefetch_chain-scalar-warm-basic-4194304,prefetch-gcc13-scalar,basic,instructions,63453821,251089846,251089846
1,prefetch-gcc13-scalar-r14-prefetch_chain-scalar-warm-basic-4194304,prefetch-gcc13-scalar,basic,ref_cycles,551050104,251086530,251086530
1,prefetch-gcc13-scalar-r14-prefetch_chain-scalar-warm-branch-524288,prefetch-gcc13-scalar,branch,cycles,548970440,250144272,250144272
1,prefetch-gcc13-scalar-r14-prefetch_chain-scalar-warm-branch-524288,prefetch-gcc13-scalar,branch,branches,12656873,250142699,250142699
1,prefetch-gcc13-scalar-r14-prefetch_chain-scalar-warm-branch-524288,prefetch-gcc13-scalar,branch,branch_misses,1588,250139367,250139367
1,prefetch-gcc13-scalar-r14-prefetch_chain-scalar-warm-basic-33554432,prefetch-gcc13-scalar,basic,cycles,644105570,293490807,293490807
1,prefetch-gcc13-scalar-r14-prefetch_chain-scalar-warm-basic-33554432,prefetch-gcc13-scalar,basic,instructions,34604615,293489966,293489966
1,prefetch-gcc13-scalar-r14-prefetch_chain-scalar-warm-basic-33554432,prefetch-gcc13-scalar,basic,ref_cycles,644109554,293486417,293486417
1,prefetch-gcc13-scalar-r14-prefetch_chain-scalar-warm-branch-98304,prefetch-gcc13-scalar,branch,cycles,548756083,250045097,250045097
1,prefetch-gcc13-scalar-r14-prefetch_chain-scalar-warm-branch-98304,prefetch-gcc13-scalar,branch,branches,30968138,250042108,250042108
1,prefetch-gcc13-scalar-r14-prefetch_chain-scalar-warm-branch-98304,prefetch-gcc13-scalar,branch,branch_misses,19801,250038603,250038603
1,prefetch-gcc13-scalar-r14-prefetch_chain-scalar-warm-branch-1048576,prefetch-gcc13-scalar,branch,cycles,549258732,250274124,250274124
1,prefetch-gcc13-scalar-r14-prefetch_chain-scalar-warm-branch-1048576,prefetch-gcc13-scalar,branch,branches,11885319,250272271,250272271
1,prefetch-gcc13-scalar-r14-prefetch_chain-scalar-warm-branch-1048576,prefetch-gcc13-scalar,branch,branch_misses,777,250268820,250268820
1,prefetch-gcc13-scalar-r14-prefetch_chain-scalar-warm-basic-12582912,prefetch-gcc13-scalar,basic,cycles,574537753,261794242,261794242
1,prefetch-gcc13-scalar-r14-prefetch_chain-scalar-warm-basic-12582912,prefetch-gcc13-scalar,basic,instructions,41094798,261793701,261793701
1,prefetch-gcc13-scalar-r14-prefetch_chain-scalar-warm-basic-12582912,prefetch-gcc13-scalar,basic,ref_cycles,574542452,261790300,261790300
1,prefetch-gcc13-scalar-r14-prefetch_chain-scalar-cache_evicted-basic-536870912,prefetch-gcc13-scalar,basic,cycles,1974373699,899558280,899558280
1,prefetch-gcc13-scalar-r14-prefetch_chain-scalar-cache_evicted-basic-536870912,prefetch-gcc13-scalar,basic,instructions,92275480,899556850,899556850
1,prefetch-gcc13-scalar-r14-prefetch_chain-scalar-cache_evicted-basic-536870912,prefetch-gcc13-scalar,basic,ref_cycles,1974377020,899553906,899553906
1,prefetch-gcc13-scalar-r14-prefetch_chain-scalar-warm-branch-8388608,prefetch-gcc13-scalar,branch,cycles,539801251,247163136,247163136
1,prefetch-gcc13-scalar-r14-prefetch_chain-scalar-warm-branch-8388608,prefetch-gcc13-scalar,branch,branches,3933458,247167116,247167116
1,prefetch-gcc13-scalar-r14-prefetch_chain-scalar-warm-branch-8388608,prefetch-gcc13-scalar,branch,branch_misses,116,247163894,247163894
1,prefetch-gcc13-scalar-r14-prefetch_chain-scalar-warm-branch-28672,prefetch-gcc13-scalar,branch,cycles,548733110,250034956,250034956
1,prefetch-gcc13-scalar-r14-prefetch_chain-scalar-warm-branch-28672,prefetch-gcc13-scalar,branch,branches,75618456,250033966,250033966
1,prefetch-gcc13-scalar-r14-prefetch_chain-scalar-warm-branch-28672,prefetch-gcc13-scalar,branch,branch_misses,157616,250030849,250030849
1,prefetch-gcc13-scalar-r14-prefetch_chain-scalar-warm-branch-134217728,prefetch-gcc13-scalar,branch,cycles,940880162,428702406,428702406
1,prefetch-gcc13-scalar-r14-prefetch_chain-scalar-warm-branch-134217728,prefetch-gcc13-scalar,branch,branches,4194500,428700872,428700872
1,prefetch-gcc13-scalar-r14-prefetch_chain-scalar-warm-branch-134217728,prefetch-gcc13-scalar,branch,branch_misses,33,428696528,428696528
1,prefetch-gcc13-scalar-r14-prefetch_chain-scalar-warm-branch-33554432,prefetch-gcc13-scalar,branch,cycles,631266955,287641860,287641860
1,prefetch-gcc13-scalar-r14-prefetch_chain-scalar-warm-branch-33554432,prefetch-gcc13-scalar,branch,branches,3146052,287640176,287640176
1,prefetch-gcc13-scalar-r14-prefetch_chain-scalar-warm-branch-33554432,prefetch-gcc13-scalar,branch,branch_misses,35,287636181,287636181
1,prefetch-gcc13-scalar-r15-prefetch_chain-scalar-warm-basic-524288,prefetch-gcc13-scalar,basic,cycles,548782975,250056715,250056715
1,prefetch-gcc13-scalar-r15-prefetch_chain-scalar-warm-basic-524288,prefetch-gcc13-scalar,basic,instructions,138121379,250053897,250053897
1,prefetch-gcc13-scalar-r15-prefetch_chain-scalar-warm-basic-524288,prefetch-gcc13-scalar,basic,ref_cycles,548785402,250050226,250050226
1,prefetch-gcc13-scalar-r15-prefetch_chain-scalar-warm-branch-294912,prefetch-gcc13-scalar,branch,cycles,548789449,250060333,250060333
1,prefetch-gcc13-scalar-r15-prefetch_chain-scalar-warm-branch-294912,prefetch-gcc13-scalar,branch,branches,16806215,250059451,250059451
1,prefetch-gcc13-scalar-r15-prefetch_chain-scalar-warm-branch-294912,prefetch-gcc13-scalar,branch,branch_misses,3665,250056267,250056267
1,prefetch-gcc13-scalar-r15-prefetch_chain-scalar-warm-basic-65536,prefetch-gcc13-scalar,basic,cycles,548739500,250036955,250036955
1,prefetch-gcc13-scalar-r15-prefetch_chain-scalar-warm-basic-65536,prefetch-gcc13-scalar,basic,instructions,337943404,250034766,250034766
1,prefetch-gcc13-scalar-r15-prefetch_chain-scalar-warm-basic-65536,prefetch-gcc13-scalar,basic,ref_cycles,548742084,250031942,250031942
1,prefetch-gcc13-scalar-r15-prefetch_chain-scalar-cache_evicted-branch-8388608,prefetch-gcc13-scalar,branch,cycles,549140116,250224863,250224863
1,prefetch-gcc13-scalar-r15-prefetch_chain-scalar-cache_evicted-branch-8388608,prefetch-gcc13-scalar,branch,branches,4457668,250224108,250224108
1,prefetch-gcc13-scalar-r15-prefetch_chain-scalar-cache_evicted-branch-8388608,prefetch-gcc13-scalar,branch,branch_misses,76,250220125,250220125
1,prefetch-gcc13-scalar-r15-prefetch_chain-scalar-warm-basic-49152,prefetch-gcc13-scalar,basic,cycles,548731913,250032840,250032840
1,prefetch-gcc13-scalar-r15-prefetch_chain-scalar-warm-basic-49152,prefetch-gcc13-scalar,basic,instructions,338989873,250030584,250030584
1,prefetch-gcc13-scalar-r15-prefetch_chain-scalar-warm-basic-49152,prefetch-gcc13-scalar,basic,ref_cycles,548733812,250027081,250027081
1,prefetch-gcc13-scalar-r15-prefetch_chain-scalar-cache_evicted-basic-262144,prefetch-gcc13-scalar,basic,cycles,548802991,250066480,250066480
1,prefetch-gcc13-scalar-r15-prefetch_chain-scalar-cache_evicted-basic-262144,prefetch-gcc13-scalar,basic,instructions,185172441,250065378,250065378
1,prefetch-gcc13-scalar-r15-prefetch_chain-scalar-cache_evicted-basic-262144,prefetch-gcc13-scalar,basic,ref_cycles,548805422,250062212,250062212
1,prefetch-gcc13-scalar-r15-prefetch_chain-scalar-warm-branch-49152,prefetch-gcc13-scalar,branch,cycles,548732707,250034733,250034733
1,prefetch-gcc13-scalar-r15-prefetch_chain-scalar-warm-branch-49152,prefetch-gcc13-scalar,branch,branches,31480305,250033660,250033660
1,prefetch-gcc13-scalar-r15-prefetch_chain-scalar-warm-branch-49152,prefetch-gcc13-scalar,branch,branch_misses,39408,250030166,250030166
1,prefetch-gcc13-scalar-r15-prefetch_chain-scalar-warm-basic-33554432,prefetch-gcc13-scalar,basic,cycles,625538706,285031674,285031674
1,prefetch-gcc13-scalar-r15-prefetch_chain-scalar-warm-basic-33554432,prefetch-gcc13-scalar,basic,instructions,34604615,285029994,285029994
1,prefetch-gcc13-scalar-r15-prefetch_chain-scalar-warm-basic-33554432,prefetch-gcc13-scalar,basic,ref_cycles,625542302,285026542,285026542
1,prefetch-gcc13-scalar-r15-prefetch_chain-scalar-warm-branch-36864,prefetch-gcc13-scalar,branch,cycles,548731807,250032809,250032809
1,prefetch-gcc13-scalar-r15-prefetch_chain-scalar-warm-branch-36864,prefetch-gcc13-scalar,branch,branches,31920150,250029453,250029453
1,prefetch-gcc13-scalar-r15-prefetch_chain-scalar-warm-branch-36864,prefetch-gcc13-scalar,branch,branch_misses,52550,250025689,250025689
1,prefetch-gcc13-scalar-r15-prefetch_chain-scalar-warm-basic-229376,prefetch-gcc13-scalar,basic,cycles,548799717,250063504,250063504
1,prefetch-gcc13-scalar-r15-prefetch_chain-scalar-warm-basic-229376,prefetch-gcc13-scalar,basic,instructions,299278573,250061967,250061967
1,prefetch-gcc13-scalar-r15-prefetch_chain-scalar-warm-basic-229376,prefetch-gcc13-scalar,basic,ref_cycles,548802056,250059163,250059163
1,prefetch-gcc13-scalar-r15-prefetch_chain-scalar-warm-branch-32768,prefetch-gcc13-scalar,branch,cycles,548732157,250034203,250034203
1,prefetch-gcc13-scalar-r15-prefetch_chain-scalar-warm-branch-32768,prefetch-gcc13-scalar,branch,branches,63925123,250032292,250032292
1,prefetch-gcc13-scalar-r15-prefetch_chain-scalar-warm-branch-32768,prefetch-gcc13-scalar,branch,branch_misses,117589,250029178,250029178
1,prefetch-gcc13-scalar-r15-prefetch_chain-scalar-cache_evicted-basic-536870912,prefetch-gcc13-scalar,basic,cycles,1997364694,910032145,910032145
1,prefetch-gcc13-scalar-r15-prefetch_chain-scalar-cache_evicted-basic-536870912,prefetch-gcc13-scalar,basic,instructions,92275480,910030714,910030714
1,prefetch-gcc13-scalar-r15-prefetch_chain-scalar-cache_evicted-basic-536870912,prefetch-gcc13-scalar,basic,ref_cycles,1997367548,910027776,910027776
1,prefetch-gcc13-scalar-r15-prefetch_chain-scalar-warm-basic-393216,prefetch-gcc13-scalar,basic,cycles,547063287,249573243,249573243
1,prefetch-gcc13-scalar-r15-prefetch_chain-scalar-warm-basic-393216,prefetch-gcc13-scalar,basic,instructions,144979328,249577844,249577844
1,prefetch-gcc13-scalar-r15-prefetch_chain-scalar-warm-basic-393216,prefetch-gcc13-scalar,basic,ref_cycles,547074044,249575617,249575617
1,prefetch-gcc13-scalar-r15-prefetch_chain-scalar-warm-branch-393216,prefetch-gcc13-scalar,branch,cycles,548906694,250112360,250112360
1,prefetch-gcc13-scalar-r15-prefetch_chain-scalar-warm-branch-393216,prefetch-gcc13-scalar,branch,branches,14414919,250109418,250109418
1,prefetch-gcc13-scalar-r15-prefetch_chain-scalar-warm-branch-393216,prefetch-gcc13-scalar,branch,branch_misses,2381,250105797,250105797
1,prefetch-gcc13-scalar-r15-prefetch_chain-scalar-warm-basic-131072,prefetch-gcc13-scalar,basic,cycles,548754866,250042260,250042260
1,prefetch-gcc13-scalar-r15-prefetch_chain-scalar-warm-basic-131072,prefetch-gcc13-scalar,basic,instructions,336576260,250040694,250040694
1,prefetch-gcc13-scalar-r15-prefetch_chain-scalar-warm-basic-131072,prefetch-gcc13-scalar,basic,ref_cycles,548756560,250037658,250037658
1,prefetch-gcc13-scalar-r15-prefetch_chain-scalar-cache_evicted-branch-32768,prefetch-gcc13-scalar,branch,cycles,548731030,250032636,250032636
1,prefetch-gcc13-scalar-r15-prefetch_chain-scalar-cache_evicted-branch-32768,prefetch-gcc13-scalar,branch,branches,60020843,250028787,250028787
1,prefetch-gcc13-scalar-r15-prefetch_chain-scalar-cache_evicted-branch-32768,prefetch-gcc13-scalar,branch,branch_misses,110410,250024681,250024681
1,prefetch-gcc13-scalar-r15-prefetch_chain-scalar-warm-branch-33554432,prefetch-gcc13-scalar,branch,cycles,633070484,288464444,288464444
1,prefetch-gcc13-scalar-r15-prefetch_chain-scalar-warm-branch-33554432,prefetch-gcc13-scalar,branch,branches,3146052,288462582,288462582
1,prefetch-gcc13-scalar-r15-prefetch_chain-scalar-warm-branch-33554432,prefetch-gcc13-scalar,branch,branch_misses,37,288458647,288458647
1,prefetch-gcc13-scalar-r15-prefetch_chain-scalar-warm-basic-8192,prefetch-gcc13-scalar,basic,cycles,548731890,250032904,250032904
1,prefetch-gcc13-scalar-r15-prefetch_chain-scalar-warm-basic-8192,prefetch-gcc13-scalar,basic,instructions,881849754,250030879,250030879
1,prefetch-gcc13-scalar-r15-prefetch_chain-scalar-warm-basic-8192,prefetch-gcc13-scalar,basic,ref_cycles,548734054,250027740,250027740
1,prefetch-gcc13-scalar-r15-prefetch_chain-scalar-warm-branch-196608,prefetch-gcc13-scalar,branch,cycles,548738830,250037674,250037674
1,prefetch-gcc13-scalar-r15-prefetch_chain-scalar-warm-branch-196608,prefetch-gcc13-scalar,branch,branches,26530030,250035652,250035652
1,prefetch-gcc13-scalar-r15-prefetch_chain-scalar-warm-branch-196608,prefetch-gcc13-scalar,branch,branch_misses,8599,250032183,250032183
1,prefetch-gcc13-scalar-r15-prefetch_chain-scalar-warm-basic-12582912,prefetch-gcc13-scalar,basic,cycles,572786816,260995540,260995540
1,prefetch-gcc13-scalar-r15-prefetch_chain-scalar-warm-basic-12582912,prefetch-gcc13-scalar,basic,instructions,41094798,260995107,260995107
1,prefetch-gcc13-scalar-r15-prefetch_chain-scalar-warm-basic-12582912,prefetch-gcc13-scalar,basic,ref_cycles,572791230,260992594,260992594
1,prefetch-gcc13-scalar-r15-prefetch_chain-scalar-warm-branch-12582912,prefetch-gcc13-scalar,branch,cycles,562730596,256415874,256415874
1,prefetch-gcc13-scalar-r15-prefetch_chain-scalar-warm-branch-12582912,prefetch-gcc13-scalar,branch,branches,3343012,256414611,256414611
1,prefetch-gcc13-scalar-r15-prefetch_chain-scalar-warm-branch-12582912,prefetch-gcc13-scalar,branch,branch_misses,51,256410558,256410558
1,prefetch-gcc13-scalar-r15-prefetch_chain-scalar-warm-basic-32768,prefetch-gcc13-scalar,basic,cycles,548731888,250032175,250032175
1,prefetch-gcc13-scalar-r15-prefetch_chain-scalar-warm-basic-32768,prefetch-gcc13-scalar,basic,instructions,627628326,250030532,250030532
1,prefetch-gcc13-scalar-r15-prefetch_chain-scalar-warm-basic-32768,prefetch-gcc13-scalar,basic,ref_cycles,548734054,250027353,250027353
1,prefetch-gcc13-scalar-r15-prefetch_chain-scalar-warm-basic-134217728,prefetch-gcc13-scalar,basic,cycles,945377599,430748974,430748974
1,prefetch-gcc13-scalar-r15-prefetch_chain-scalar-warm-basic-134217728,prefetch-gcc13-scalar,basic,instructions,46138299,430747971,430747971
1,prefetch-gcc13-scalar-r15-prefetch_chain-scalar-warm-basic-134217728,prefetch-gcc13-scalar,basic,ref_cycles,945381272,430744397,430744397
1,prefetch-gcc13-scalar-r15-prefetch_chain-scalar-warm-basic-8388608,prefetch-gcc13-scalar,basic,cycles,554165831,252511747,252511747
1,prefetch-gcc13-scalar-r15-prefetch_chain-scalar-warm-basic-8388608,prefetch-gcc13-scalar,basic,instructions,49027099,252511521,252511521
1,prefetch-gcc13-scalar-r15-prefetch_chain-scalar-warm-basic-8388608,prefetch-gcc13-scalar,basic,ref_cycles,554169660,252508310,252508310
1,prefetch-gcc13-scalar-r15-prefetch_chain-scalar-warm-branch-16384,prefetch-gcc13-scalar,branch,cycles,548730429,250032719,250032719
1,prefetch-gcc13-scalar-r15-prefetch_chain-scalar-warm-branch-16384,prefetch-gcc13-scalar,branch,branches,83838961,250030477,250030477
1,prefetch-gcc13-scalar-r15-prefetch_chain-scalar-warm-branch-16384,prefetch-gcc13-scalar,branch,branch_misses,291251,250027065,250027065
1,prefetch-gcc13-scalar-r15-prefetch_chain-scalar-cache_evicted-basic-1048576,prefetch-gcc13-scalar,basic,cycles,548887477,250105096,250105096
1,prefetch-gcc13-scalar-r15-prefetch_chain-scalar-cache_evicted-basic-1048576,prefetch-gcc13-scalar,basic,instructions,130600817,250103261,250103261
1,prefetch-gcc13-scalar-r15-prefetch_chain-scalar-cache_evicted-basic-1048576,prefetch-gcc13-scalar,basic,ref_cycles,548890100,250100144,250100144
1,prefetch-gcc13-scalar-r15-prefetch_chain-scalar-warm-basic-16384,prefetch-gcc13-scalar,basic,cycles,548731098,250032402,250032402
1,prefetch-gcc13-scalar-r15-prefetch_chain-scalar-warm-basic-16384,prefetch-gcc13-scalar,basic,instructions,855788197,250028833,250028833
1,prefetch-gcc13-scalar-r15-prefetch_chain-scalar-warm-basic-16384,prefetch-gcc13-scalar,basic,ref_cycles,548732580,250025346,250025346
1,prefetch-gcc13-scalar-r15-prefetch_chain-scalar-cache_evicted-branch-536870912,prefetch-gcc13-scalar,branch,cycles,1973817549,899306448,899306448
1,prefetch-gcc13-scalar-r15-prefetch_chain-scalar-cache_evicted-branch-536870912,prefetch-gcc13-scalar,branch,branches,8388772,899304511,899304511
1,prefetch-gcc13-scalar-r15-prefetch_chain-scalar-cache_evicted-branch-536870912,prefetch-gcc13-scalar,branch,branch_misses,24,899301057,899301057
1,prefetch-gcc13-scalar-r15-prefetch_chain-scalar-warm-branch-8192,prefetch-gcc13-scalar,branch,cycles,548730728,250032547,250032547
1,prefetch-gcc13-scalar-r15-prefetch_chain-scalar-warm-branch-8192,prefetch-gcc13-scalar,branch,branches,89869058,250028675,250028675
1,prefetch-gcc13-scalar-r15-prefetch_chain-scalar-warm-branch-8192,prefetch-gcc13-scalar,branch,branch_misses,561895,250024593,250024593
1,prefetch-gcc13-scalar-r15-prefetch_chain-scalar-warm-branch-98304,prefetch-gcc13-scalar,branch,cycles,548639088,250045170,250045170
1,prefetch-gcc13-scalar-r15-prefetch_chain-scalar-warm-branch-98304,prefetch-gcc13-scalar,branch,branches,30935323,250046634,250046634
1,prefetch-gcc13-scalar-r15-prefetch_chain-scalar-warm-branch-98304,prefetch-gcc13-scalar,branch,branch_misses,19837,250043994,250043994
1,prefetch-gcc13-scalar-r15-prefetch_chain-scalar-warm-basic-196608,prefetch-gcc13-scalar,basic,cycles,548774094,250051441,250051441
1,prefetch-gcc13-scalar-r15-prefetch_chain-scalar-warm-basic-196608,prefetch-gcc13-scalar,basic,instructions,259111234,250048325,250048325
1,prefetch-gcc13-scalar-r15-prefetch_chain-scalar-warm-basic-196608,prefetch-gcc13-scalar,basic,ref_cycles,548775106,250044874,250044874
1,prefetch-gcc13-scalar-r15-prefetch_chain-scalar-warm-branch-7340032,prefetch-gcc13-scalar,branch,cycles,559118628,254769964,254769964
1,prefetch-gcc13-scalar-r15-prefetch_chain-scalar-warm-branch-7340032,prefetch-gcc13-scalar,branch,branches,3327012,254769335,254769335
1,prefetch-gcc13-scalar-r15-prefetch_chain-scalar-warm-branch-7340032,prefetch-gcc13-scalar,branch,branch_misses,66,254765881,254765881
1,prefetch-gcc13-scalar-r15-prefetch_chain-scalar-warm-branch-5242880,prefetch-gcc13-scalar,branch,cycles,549162521,250235676,250235676
1,prefetch-gcc13-scalar-r15-prefetch_chain-scalar-warm-branch-5242880,prefetch-gcc13-scalar,branch,branches,6228484,250234211,250234211
1,prefetch-gcc13-scalar-r15-prefetch_chain-scalar-warm-branch-5242880,prefetch-gcc13-scalar,branch,branch_misses,128,250230892,250230892
1,prefetch-gcc13-scalar-r15-prefetch_chain-scalar-warm-basic-6291456,prefetch-gcc13-scalar,basic,cycles,550286190,250743891,250743891
1,prefetch-gcc13-scalar-r15-prefetch_chain-scalar-warm-basic-6291456,prefetch-gcc13-scalar,basic,instructions,57320500,250743303,250743303
1,prefetch-gcc13-scalar-r15-prefetch_chain-scalar-warm-basic-6291456,prefetch-gcc13-scalar,basic,ref_cycles,550289432,250740082,250740082
1,prefetch-gcc13-scalar-r15-prefetch_chain-scalar-warm-branch-8388608,prefetch-gcc13-scalar,branch,cycles,562188935,256167771,256167771
1,prefetch-gcc13-scalar-r15-prefetch_chain-scalar-warm-branch-8388608,prefetch-gcc13-scalar,branch,branches,4719876,256167511,256167511
1,prefetch-gcc13-scalar-r15-prefetch_chain-scalar-warm-branch-8388608,prefetch-gcc13-scalar,branch,branch_misses,79,256163855,256163855
1,prefetch-gcc13-scalar-r15-prefetch_chain-scalar-warm-basic-1048576,prefetch-gcc13-scalar,basic,cycles,548840541,250083035,250083035
1,prefetch-gcc13-scalar-r15-prefetch_chain-scalar-warm-basic-1048576,prefetch-gcc13-scalar,basic,instructions,131683173,250080551,250080551
1,prefetch-gcc13-scalar-r15-prefetch_chain-scalar-warm-basic-1048576,prefetch-gcc13-scalar,basic,ref_cycles,548842470,250077368,250077368
1,prefetch-gcc13-scalar-r15-prefetch_chain-scalar-warm-basic-294912,prefetch-gcc13-scalar,basic,cycles,548867644,250093694,250093694
1,prefetch-gcc13-scalar-r15-prefetch_chain-scalar-warm-basic-294912,prefetch-gcc13-scalar,basic,instructions,181487932,250091109,250091109
1,prefetch-gcc13-scalar-r15-prefetch_chain-scalar-warm-basic-294912,prefetch-gcc13-scalar,basic,ref_cycles,548869288,250087777,250087777
1,prefetch-gcc13-scalar-r15-prefetch_chain-scalar-warm-basic-98304,prefetch-gcc13-scalar,basic,cycles,548748844,250039007,250039007
1,prefetch-gcc13-scalar-r15-prefetch_chain-scalar-warm-basic-98304,prefetch-gcc13-scalar,basic,instructions,337103570,250036504,250036504
1,prefetch-gcc13-scalar-r15-prefetch_chain-scalar-warm-basic-98304,prefetch-gcc13-scalar,basic,ref_cycles,548750356,250032877,250032877
1,prefetch-gcc13-scalar-r15-prefetch_chain-scalar-warm-basic-536870912,prefetch-gcc13-scalar,basic,cycles,1970307693,897705324,897705324
1,prefetch-gcc13-scalar-r15-prefetch_chain-scalar-warm-basic-536870912,prefetch-gcc13-scalar,basic,instructions,92275480,897703716,897703716
1,prefetch-gcc13-scalar-r15-prefetch_chain-scalar-warm-basic-536870912,prefetch-gcc13-scalar,basic,ref_cycles,1970311134,897700574,897700574
1,prefetch-gcc13-scalar-r15-prefetch_chain-scalar-warm-branch-131072,prefetch-gcc13-scalar,branch,cycles,548750062,250041464,250041464
1,prefetch-gcc13-scalar-r15-prefetch_chain-scalar-warm-branch-131072,prefetch-gcc13-scalar,branch,branches,30852838,250037683,250037683
1,prefetch-gcc13-scalar-r15-prefetch_chain-scalar-warm-branch-131072,prefetch-gcc13-scalar,branch,branch_misses,14887,250033567,250033567
1,prefetch-gcc13-scalar-r15-prefetch_chain-scalar-warm-branch-524288,prefetch-gcc13-scalar,branch,cycles,547106811,249618655,249618655
1,prefetch-gcc13-scalar-r15-prefetch_chain-scalar-warm-branch-524288,prefetch-gcc13-scalar,branch,branches,12632302,249623542,249623542
1,prefetch-gcc13-scalar-r15-prefetch_chain-scalar-warm-branch-524288,prefetch-gcc13-scalar,branch,branch_misses,1678,249621373,249621373
1,prefetch-gcc13-scalar-r15-prefetch_chain-scalar-warm-branch-65536,prefetch-gcc13-scalar,branch,cycles,548737461,250037402,250037402
1,prefetch-gcc13-scalar-r15-prefetch_chain-scalar-warm-branch-65536,prefetch-gcc13-scalar,branch,branches,31227156,250035947,250035947
1,prefetch-gcc13-scalar-r15-prefetch_chain-scalar-warm-branch-65536,prefetch-gcc13-scalar,branch,branch_misses,29635,250032376,250032376
1,prefetch-gcc13-scalar-r15-prefetch_chain-scalar-warm-branch-229376,prefetch-gcc13-scalar,branch,cycles,548746880,250040820,250040820
1,prefetch-gcc13-scalar-r15-prefetch_chain-scalar-warm-branch-229376,prefetch-gcc13-scalar,branch,branches,24943300,250037579,250037579
1,prefetch-gcc13-scalar-r15-prefetch_chain-scalar-warm-branch-229376,prefetch-gcc13-scalar,branch,branch_misses,6942,250033751,250033751
1,prefetch-gcc13-scalar-r15-prefetch_chain-scalar-cache_evicted-branch-6291456,prefetch-gcc13-scalar,branch,cycles,551538621,251316166,251316166
1,prefetch-gcc13-scalar-r15-prefetch_chain-scalar-cache_evicted-branch-6291456,prefetch-gcc13-scalar,branch,branches,5506948,251315619,251315619
1,prefetch-gcc13-scalar-r15-prefetch_chain-scalar-cache_evicted-branch-6291456,prefetch-gcc13-scalar,branch,branch_misses,99,251312399,251312399
1,prefetch-gcc13-scalar-r15-prefetch_chain-scalar-warm-branch-4194304,prefetch-gcc13-scalar,branch,cycles,550663805,250917016,250917016
1,prefetch-gcc13-scalar-r15-prefetch_chain-scalar-warm-branch-4194304,prefetch-gcc13-scalar,branch,branches,9179652,250916493,250916493
1,prefetch-gcc13-scalar-r15-prefetch_chain-scalar-warm-branch-4194304,prefetch-gcc13-scalar,branch,branch_misses,183,250912957,250912957
1,prefetch-gcc13-scalar-r15-prefetch_chain-scalar-warm-branch-24576,prefetch-gcc13-scalar,branch,cycles,548732667,250033486,250033486
1,prefetch-gcc13-scalar-r15-prefetch_chain-scalar-warm-branch-24576,prefetch-gcc13-scalar,branch,branches,81875754,250029972,250029972
1,prefetch-gcc13-scalar-r15-prefetch_chain-scalar-warm-branch-24576,prefetch-gcc13-scalar,branch,branch_misses,197079,250026098,250026098
1,prefetch-gcc13-scalar-r15-prefetch_chain-scalar-cache_evicted-branch-262144,prefetch-gcc13-scalar,branch,cycles,548751041,250041822,250041822
1,prefetch-gcc13-scalar-r15-prefetch_chain-scalar-cache_evicted-branch-262144,prefetch-gcc13-scalar,branch,branches,17246916,250038747,250038747
1,prefetch-gcc13-scalar-r15-prefetch_chain-scalar-cache_evicted-branch-262144,prefetch-gcc13-scalar,branch,branch_misses,4216,250034905,250034905
1,prefetch-gcc13-scalar-r15-prefetch_chain-scalar-cache_evicted-basic-6291456,prefetch-gcc13-scalar,basic,cycles,555632621,253181688,253181688
1,prefetch-gcc13-scalar-r15-prefetch_chain-scalar-cache_evicted-basic-6291456,prefetch-gcc13-scalar,basic,instructions,68135576,253181594,253181594
1,prefetch-gcc13-scalar-r15-prefetch_chain-scalar-cache_evicted-basic-6291456,prefetch-gcc13-scalar,basic,ref_cycles,555636356,253178897,253178897
1,prefetch-gcc13-scalar-r15-prefetch_chain-scalar-warm-branch-134217728,prefetch-gcc13-scalar,branch,cycles,942031111,429226244,429226244
1,prefetch-gcc13-scalar-r15-prefetch_chain-scalar-warm-branch-134217728,prefetch-gcc13-scalar,branch,branches,4194500,429225192,429225192
1,prefetch-gcc13-scalar-r15-prefetch_chain-scalar-warm-branch-134217728,prefetch-gcc13-scalar,branch,branch_misses,30,429221054,429221054
1,prefetch-gcc13-scalar-r15-prefetch_chain-scalar-warm-basic-5242880,prefetch-gcc13-scalar,basic,cycles,552326828,251674838,251674838
1,prefetch-gcc13-scalar-r15-prefetch_chain-scalar-warm-basic-5242880,prefetch-gcc13-scalar,basic,instructions,74807118,251673866,251673866
1,prefetch-gcc13-scalar-r15-prefetch_chain-scalar-warm-basic-5242880,prefetch-gcc13-scalar,basic,ref_cycles,552330262,251670633,251670633
1,prefetch-gcc13-scalar-r15-prefetch_chain-scalar-warm-basic-36864,prefetch-gcc13-scalar,basic,cycles,548738246,250034012,250034012
1,prefetch-gcc13-scalar-r15-prefetch_chain-scalar-warm-basic-36864,prefetch-gcc13-scalar,basic,instructions,341061706,250030517,250030517
1,prefetch-gcc13-scalar-r15-prefetch_chain-scalar-warm-basic-36864,prefetch-gcc13-scalar,basic,ref_cycles,548739246,250026979,250026979
1,prefetch-gcc13-scalar-r15-prefetch_chain-scalar-cache_evicted-basic-8388608,prefetch-gcc13-scalar,basic,cycles,555358087,253055809,253055809
1,prefetch-gcc13-scalar-r15-prefetch_chain-scalar-cache_evicted-basic-8388608,prefetch-gcc13-scalar,basic,instructions,53352964,253056129,253056129
1,prefetch-gcc13-scalar-r15-prefetch_chain-scalar-cache_evicted-basic-8388608,prefetch-gcc13-scalar,basic,ref_cycles,555362060,253053004,253053004
1,prefetch-gcc13-scalar-r15-prefetch_chain-scalar-warm-branch-2097152,prefetch-gcc13-scalar,branch,cycles,549299997,250292911,250292911
1,prefetch-gcc13-scalar-r15-prefetch_chain-scalar-warm-branch-2097152,prefetch-gcc13-scalar,branch,branches,11414532,250289404,250289404
1,prefetch-gcc13-scalar-r15-prefetch_chain-scalar-warm-branch-2097152,prefetch-gcc13-scalar,branch,branch_misses,385,250285166,250285166
1,prefetch-gcc13-scalar-r15-prefetch_chain-scalar-warm-basic-2097152,prefetch-gcc13-scalar,basic,cycles,549134131,250215903,250215903
1,prefetch-gcc13-scalar-r15-prefetch_chain-scalar-warm-basic-2097152,prefetch-gcc13-scalar,basic,instructions,122608369,250215626,250215626
1,prefetch-gcc13-scalar-r15-prefetch_chain-scalar-warm-basic-2097152,prefetch-gcc13-scalar,basic,ref_cycles,549136698,250212683,250212683
1,prefetch-gcc13-scalar-r15-prefetch_chain-scalar-cache_evicted-branch-1048576,prefetch-gcc13-scalar,branch,cycles,548800361,250069206,250069206
1,prefetch-gcc13-scalar-r15-prefetch_chain-scalar-cache_evicted-branch-1048576,prefetch-gcc13-scalar,branch,branches,11868903,250066964,250066964
1,prefetch-gcc13-scalar-r15-prefetch_chain-scalar-cache_evicted-branch-1048576,prefetch-gcc13-scalar,branch,branch_misses,775,250062351,250062351
1,prefetch-gcc13-scalar-r15-prefetch_chain-scalar-cache_evicted-basic-32768,prefetch-gcc13-scalar,basic,cycles,548730762,250031678,250031678
1,prefetch-gcc13-scalar-r15-prefetch_chain-scalar-cache_evicted-basic-32768,prefetch-gcc13-scalar,basic,instructions,651335629,250027636,250027636
1,prefetch-gcc13-scalar-r15-prefetch_chain-scalar-cache_evicted-basic-32768,prefetch-gcc13-scalar,basic,ref_cycles,548731766,250024309,250024309
1,prefetch-gcc13-scalar-r15-prefetch_chain-scalar-warm-basic-262144,prefetch-gcc13-scalar,basic,cycles,548805347,250064877,250064877
1,prefetch-gcc13-scalar-r15-prefetch_chain-scalar-warm-basic-262144,prefetch-gcc13-scalar,basic,instructions,277780960,250061530,250061530
1,prefetch-gcc13-scalar-r15-prefetch_chain-scalar-warm-basic-262144,prefetch-gcc13-scalar,basic,ref_cycles,548806500,250058270,250058270
1,prefetch-gcc13-scalar-r15-prefetch_chain-scalar-cache_evicted-basic-33554432,prefetch-gcc13-scalar,basic,cycles,604766177,275567584,275567584
1,prefetch-gcc13-scalar-r15-prefetch_chain-scalar-cache_evicted-basic-33554432,prefetch-gcc13-scalar,basic,instructions,34604615,275567010,275567010
1,prefetch-gcc13-scalar-r15-prefetch_chain-scalar-cache_evicted-basic-33554432,prefetch-gcc13-scalar,basic,ref_cycles,604770386,275564186,275564186
1,prefetch-gcc13-scalar-r15-prefetch_chain-scalar-warm-branch-536870912,prefetch-gcc13-scalar,branch,cycles,2405564136,1096009397,1096009397
1,prefetch-gcc13-scalar-r15-prefetch_chain-scalar-warm-branch-536870912,prefetch-gcc13-scalar,branch,branches,8388772,1096008056,1096008056
1,prefetch-gcc13-scalar-r15-prefetch_chain-scalar-warm-branch-536870912,prefetch-gcc13-scalar,branch,branch_misses,30,1096004821,1096004821
1,prefetch-gcc13-scalar-r15-prefetch_chain-scalar-warm-basic-4194304,prefetch-gcc13-scalar,basic,cycles,556954277,253786815,253786815
1,prefetch-gcc13-scalar-r15-prefetch_chain-scalar-warm-basic-4194304,prefetch-gcc13-scalar,basic,instructions,33169349,253785299,253785299
1,prefetch-gcc13-scalar-r15-prefetch_chain-scalar-warm-basic-4194304,prefetch-gcc13-scalar,basic,ref_cycles,556958116,253781702,253781702
1,prefetch-gcc13-scalar-r15-prefetch_chain-scalar-warm-branch-1048576,prefetch-gcc13-scalar,branch,cycles,548780120,250059387,250059387
1,prefetch-gcc13-scalar-r15-prefetch_chain-scalar-warm-branch-1048576,prefetch-gcc13-scalar,branch,branches,10752612,250057565,250057565
1,prefetch-gcc13-scalar-r15-prefetch_chain-scalar-warm-branch-1048576,prefetch-gcc13-scalar,branch,branch_misses,703,250053942,250053942
1,prefetch-gcc13-scalar-r15-prefetch_chain-scalar-warm-basic-24576,prefetch-gcc13-scalar,basic,cycles,548733575,250034710,250034710
1,prefetch-gcc13-scalar-r15-prefetch_chain-scalar-warm-basic-24576,prefetch-gcc13-scalar,basic,instructions,855470461,250033114,250033114
1,prefetch-gcc13-scalar-r15-prefetch_chain-scalar-warm-basic-24576,prefetch-gcc13-scalar,basic,ref_cycles,548735902,250029770,250029770
1,prefetch-gcc13-scalar-r15-prefetch_chain-scalar-warm-basic-28672,prefetch-gcc13-scalar,basic,cycles,548731963,250033227,250033227
1,prefetch-gcc13-scalar-r15-prefetch_chain-scalar-warm-basic-28672,prefetch-gcc13-scalar,basic,instructions,839083459,250032070,250032070
1,prefetch-gcc13-scalar-r15-prefetch_chain-scalar-warm-basic-28672,prefetch-gcc13-scalar,basic,ref_cycles,548734956,250029154,250029154
1,prefetch-gcc13-scalar-r15-prefetch_chain-scalar-cache_evicted-branch-33554432,prefetch-gcc13-scalar,branch,cycles,655774774,298810283,298810283
1,prefetch-gcc13-scalar-r15-prefetch_chain-scalar-cache_evicted-branch-33554432,prefetch-gcc13-scalar,branch,branches,3146052,298809185,298809185
1,prefetch-gcc13-scalar-r15-prefetch_chain-scalar-cache_evicted-branch-33554432,prefetch-gcc13-scalar,branch,branch_misses,40,298805055,298805055
1,prefetch-gcc13-scalar-r15-prefetch_chain-scalar-warm-basic-7340032,prefetch-gcc13-scalar,basic,cycles,554588945,252705847,252705847
1,prefetch-gcc13-scalar-r15-prefetch_chain-scalar-warm-basic-7340032,prefetch-gcc13-scalar,basic,instructions,45422945,252705386,252705386
1,prefetch-gcc13-scalar-r15-prefetch_chain-scalar-warm-basic-7340032,prefetch-gcc13-scalar,basic,ref_cycles,554593468,252702300,252702300
1,prefetch-gcc13-scalar-r15-prefetch_chain-scalar-warm-branch-262144,prefetch-gcc13-scalar,branch,cycles,548803550,250067597,250067597
1,prefetch-gcc13-scalar-r15-prefetch_chain-scalar-warm-branch-262144,prefetch-gcc13-scalar,branch,branches,21238720,250066229,250066229
1,prefetch-gcc13-scalar-r15-prefetch_chain-scalar-warm-branch-262144,prefetch-gcc13-scalar,branch,branch_misses,5197,250062507,250062507
1,prefetch-gcc13-scalar-r15-prefetch_chain-scalar-warm-branch-6291456,prefetch-gcc13-scalar,branch,cycles,566443867,258108271,258108271
1,prefetch-gcc13-scalar-r15-prefetch_chain-scalar-warm-branch-6291456,prefetch-gcc13-scalar,branch,branches,3638564,258107700,258107700
1,prefetch-gcc13-scalar-r15-prefetch_chain-scalar-warm-branch-6291456,prefetch-gcc13-scalar,branch,branch_misses,72,258103820,258103820
1,prefetch-gcc13-scalar-r15-prefetch_chain-scalar-warm-branch-28672,prefetch-gcc13-scalar,branch,cycles,548732413,250036692,250036692
1,prefetch-gcc13-scalar-r15-prefetch_chain-scalar-warm-branch-28672,prefetch-gcc13-scalar,branch,branches,76534879,250035190,250035190
1,prefetch-gcc13-scalar-r15-prefetch_chain-scalar-warm-branch-28672,prefetch-gcc13-scalar,branch,branch_misses,159561,250031870,250031870
1,prefetch-gcc13-scalar-r16-prefetch_chain-scalar-warm-branch-65536,prefetch-gcc13-scalar,branch,cycles,548744781,250041145,250041145
1,prefetch-gcc13-scalar-r16-prefetch_chain-scalar-warm-branch-65536,prefetch-gcc13-scalar,branch,branches,31158499,250039923,250039923
1,prefetch-gcc13-scalar-r16-prefetch_chain-scalar-warm-branch-65536,prefetch-gcc13-scalar,branch,branch_misses,29565,250036600,250036600
1,prefetch-gcc13-scalar-r16-prefetch_chain-scalar-warm-branch-5242880,prefetch-gcc13-scalar,branch,cycles,551283543,251203409,251203409
1,prefetch-gcc13-scalar-r16-prefetch_chain-scalar-warm-branch-5242880,prefetch-gcc13-scalar,branch,branches,3196260,251200575,251200575
1,prefetch-gcc13-scalar-r16-prefetch_chain-scalar-warm-branch-5242880,prefetch-gcc13-scalar,branch,branch_misses,66,251196284,251196284
1,prefetch-gcc13-scalar-r16-prefetch_chain-scalar-cache_evicted-basic-6291456,prefetch-gcc13-scalar,basic,cycles,557555820,254057978,254057978
1,prefetch-gcc13-scalar-r16-prefetch_chain-scalar-cache_evicted-basic-6291456,prefetch-gcc13-scalar,basic,instructions,59483514,254057193,254057193
1,prefetch-gcc13-scalar-r16-prefetch_chain-scalar-cache_evicted-basic-6291456,prefetch-gcc13-scalar,basic,ref_cycles,557559860,254053937,254053937
1,prefetch-gcc13-scalar-r16-prefetch_chain-scalar-warm-basic-49152,prefetch-gcc13-scalar,basic,cycles,548733885,250033577,250033577
1,prefetch-gcc13-scalar-r16-prefetch_chain-scalar-warm-basic-49152,prefetch-gcc13-scalar,basic,instructions,339455060,250032471,250032471
1,prefetch-gcc13-scalar-r16-prefetch_chain-scalar-warm-basic-49152,prefetch-gcc13-scalar,basic,ref_cycles,548736452,250029336,250029336
1,prefetch-gcc13-scalar-r16-prefetch_chain-scalar-warm-branch-98304,prefetch-gcc13-scalar,branch,cycles,548749511,250041609,250041609
1,prefetch-gcc13-scalar-r16-prefetch_chain-scalar-warm-branch-98304,prefetch-gcc13-scalar,branch,branches,30991746,250038911,250038911
1,prefetch-gcc13-scalar-r16-prefetch_chain-scalar-warm-branch-98304,prefetch-gcc13-scalar,branch,branch_misses,19818,250035088,250035088
1,prefetch-gcc13-scalar-r16-prefetch_chain-scalar-warm-branch-262144,prefetch-gcc13-scalar,branch,cycles,548777343,250054296,250054296
1,prefetch-gcc13-scalar-r16-prefetch_chain-scalar-warm-branch-262144,prefetch-gcc13-scalar,branch,branches,23191236,250052859,250052859
1,prefetch-gcc13-scalar-r16-prefetch_chain-scalar-warm-branch-262144,prefetch-gcc13-scalar,branch,branch_misses,5663,250049129,250049129
1,prefetch-gcc13-scalar-r16-prefetch_chain-scalar-warm-basic-393216,prefetch-gcc13-scalar,basic,cycles,548802260,250065155,250065155
1,prefetch-gcc13-scalar-r16-prefetch_chain-scalar-warm-basic-393216,prefetch-gcc13-scalar,basic,instructions,146876125,250063961,250063961
1,prefetch-gcc13-scalar-r16-prefetch_chain-scalar-warm-basic-393216,prefetch-gcc13-scalar,basic,ref_cycles,548804916,250060794,250060794
1,prefetch-gcc13-scalar-r16-prefetch_chain-scalar-warm-branch-134217728,prefetch-gcc13-scalar,branch,cycles,942144100,429278235,429278235
1,prefetch-gcc13-scalar-r16-prefetch_chain-scalar-warm-branch-134217728,prefetch-gcc13-scalar,branch,branches,4194500,429277055,429277055
1,prefetch-gcc13-scalar-r16-prefetch_chain-scalar-warm-branch-134217728,prefetch-gcc13-scalar,branch,branch_misses,31,429273232,429273232
1,prefetch-gcc13-scalar-r16-prefetch_chain-scalar-cache_evicted-branch-262144,prefetch-gcc13-scalar,branch,cycles,548830395,250081097,250081097
1,prefetch-gcc13-scalar-r16-prefetch_chain-scalar-cache_evicted-branch-262144,prefetch-gcc13-scalar,branch,branches,15897084,250078929,250078929
1,prefetch-gcc13-scalar-r16-prefetch_chain-scalar-cache_evicted-branch-262144,prefetch-gcc13-scalar,branch,branch_misses,3906,250075308,250075308
1,prefetch-gcc13-scalar-r16-prefetch_chain-scalar-cache_evicted-branch-8388608,prefetch-gcc13-scalar,branch,cycles,562393376,256263401,256263401
1,prefetch-gcc13-scalar-r16-prefetch_chain-scalar-cache_evicted-branch-8388608,prefetch-gcc13-scalar,branch,branches,4064356,256263580,256263580
1,prefetch-gcc13-scalar-r16-prefetch_chain-scalar-cache_evicted-branch-8388608,prefetch-gcc13-scalar,branch,branch_misses,73,256259745,256259745
1,prefetch-gcc13-scalar-r16-prefetch_chain-scalar-cache_evicted-basic-262144,prefetch-gcc13-scalar,basic,cycles,548766164,250048398,250048398
1,prefetch-gcc13-scalar-r16-prefetch_chain-scalar-cache_evicted-basic-262144,prefetch-gcc13-scalar,basic,instructions,208234138,250046183,250046183
1,prefetch-gcc13-scalar-r16-prefetch_chain-scalar-cache_evicted-basic-262144,prefetch-gcc13-scalar,basic,ref_cycles,548768110,250043038,250043038
1,prefetch-gcc13-scalar-r16-prefetch_chain-scalar-warm-basic-262144,prefetch-gcc13-scalar,basic,cycles,548774647,250052450,250052450
1,prefetch-gcc13-scalar-r16-prefetch_chain-scalar-warm-basic-262144,prefetch-gcc13-scalar,basic,instructions,249473852,250050300,250050300
1,prefetch-gcc13-scalar-r16-prefetch_chain-scalar-warm-basic-262144,prefetch-gcc13-scalar,basic,ref_cycles,548776338,250047042,250047042
1,prefetch-gcc13-scalar-r16-prefetch_chain-scalar-warm-basic-1048576,prefetch-gcc13-scalar,basic,cycles,549242739,250266299,250266299
1,prefetch-gcc13-scalar-r16-prefetch_chain-scalar-warm-basic-1048576,prefetch-gcc13-scalar,basic,instructions,130961615,250264267,250264267
1,prefetch-gcc13-scalar-r16-prefetch_chain-scalar-warm-basic-1048576,prefetch-gcc13-scalar,basic,ref_cycles,549245202,250260966,250260966
1,prefetch-gcc13-scalar-r16-prefetch_chain-scalar-warm-basic-98304,prefetch-gcc13-scalar,basic,cycles,548735831,250036724,250036724
1,prefetch-gcc13-scalar-r16-prefetch_chain-scalar-warm-basic-98304,prefetch-gcc13-scalar,basic,instructions,336932952,250033615,250033615
1,prefetch-gcc13-scalar-r16-prefetch_chain-scalar-warm-basic-98304,prefetch-gcc13-scalar,basic,ref_cycles,548738212,250030438,250030438
1,prefetch-gcc13-scalar-r16-prefetch_chain-scalar-cache_evicted-basic-8388608,prefetch-gcc13-scalar,basic,cycles,554437667,252639676,252639676
1,prefetch-gcc13-scalar-r16-prefetch_chain-scalar-cache_evicted-basic-8388608,prefetch-gcc13-scalar,basic,instructions,34607549,252638009,252638009
1,prefetch-gcc13-scalar-r16-prefetch_chain-scalar-cache_evicted-basic-8388608,prefetch-gcc13-scalar,basic,ref_cycles,554441536,252634619,252634619
1,prefetch-gcc13-scalar-r16-prefetch_chain-scalar-warm-branch-16384,prefetch-gcc13-scalar,branch,cycles,548732935,250034244,250034244
1,prefetch-gcc13-scalar-r16-prefetch_chain-scalar-warm-branch-16384,prefetch-gcc13-scalar,branch,branches,83802292,250032475,250032475
1,prefetch-gcc13-scalar-r16-prefetch_chain-scalar-warm-branch-16384,prefetch-gcc13-scalar,branch,branch_misses,291104,250029169,250029169
1,prefetch-gcc13-scalar-r16-prefetch_chain-scalar-cache_evicted-branch-32768,prefetch-gcc13-scalar,branch,cycles,548731633,250034943,250034943
1,prefetch-gcc13-scalar-r16-prefetch_chain-scalar-cache_evicted-branch-32768,prefetch-gcc13-scalar,branch,branches,61371502,250032825,250032825
1,prefetch-gcc13-scalar-r16-prefetch_chain-scalar-cache_evicted-branch-32768,prefetch-gcc13-scalar,branch,branch_misses,112888,250029304,250029304
1,prefetch-gcc13-scalar-r16-prefetch_chain-scalar-cache_evicted-basic-33554432,prefetch-gcc13-scalar,basic,cycles,637531230,290496746,290496746
1,prefetch-gcc13-scalar-r16-prefetch_chain-scalar-cache_evicted-basic-33554432,prefetch-gcc13-scalar,basic,instructions,34604615,290494789,290494789
1,prefetch-gcc13-scalar-r16-prefetch_chain-scalar-cache_evicted-basic-33554432,prefetch-gcc13-scalar,basic,ref_cycles,637535294,290491075,290491075
1,prefetch-gcc13-scalar-r16-prefetch_chain-scalar-warm-branch-12582912,prefetch-gcc13-scalar,branch,cycles,552333814,251679622,251679622
1,prefetch-gcc13-scalar-r16-prefetch_chain-scalar-warm-branch-12582912,prefetch-gcc13-scalar,branch,branches,3539652,251678590,251678590
1,prefetch-gcc13-scalar-r16-prefetch_chain-scalar-warm-branch-12582912,prefetch-gcc13-scalar,branch,branch_misses,56,251674808,251674808
1,prefetch-gcc13-scalar-r16-prefetch_chain-scalar-warm-branch-131072,prefetch-gcc13-scalar,branch,cycles,548737688,250037156,250037156
1,prefetch-gcc13-scalar-r16-prefetch_chain-scalar-warm-branch-131072,prefetch-gcc13-scalar,branch,branches,30854852,250033537,250033537
1,prefetch-gcc13-scalar-r16-prefetch_chain-scalar-warm-branch-131072,prefetch-gcc13-scalar,branch,branch_misses,14878,250029825,250029825
1,prefetch-gcc13-scalar-r16-prefetch_chain-scalar-warm-branch-393216,prefetch-gcc13-scalar,branch,cycles,548886619,250104752,250104752
1,prefetch-gcc13-scalar-r16-prefetch_chain-scalar-warm-branch-393216,prefetch-gcc13-scalar,branch,branches,13562628,250103367,250103367
1,prefetch-gcc13-scalar-r16-prefetch_chain-scalar-warm-branch-393216,prefetch-gcc13-scalar,branch,branch_misses,2242,250099608,250099608
1,prefetch-gcc13-scalar-r16-prefetch_chain-scalar-cache_evicted-branch-6291456,prefetch-gcc13-scalar,branch,cycles,554644728,252732022,252732022
1,prefetch-gcc13-scalar-r16-prefetch_chain-scalar-cache_evicted-branch-6291456,prefetch-gcc13-scalar,branch,branches,3343556,252730676,252730676
1,prefetch-gcc13-scalar-r16-prefetch_chain-scalar-cache_evicted-branch-6291456,prefetch-gcc13-scalar,branch,branch_misses,77,252727243,252727243
1,prefetch-gcc13-scalar-r16-prefetch_chain-scalar-warm-basic-28672,prefetch-gcc13-scalar,basic,cycles,548733193,250032667,250032667
1,prefetch-gcc13-scalar-r16-prefetch_chain-scalar-warm-basic-28672,prefetch-gcc13-scalar,basic,instructions,838426898,250029891,250029891
1,prefetch-gcc13-scalar-r16-prefetch_chain-scalar-warm-basic-28672,prefetch-gcc13-scalar,basic,ref_cycles,548734340,250026645,250026645
1,prefetch-gcc13-scalar-r16-prefetch_chain-scalar-warm-basic-7340032,prefetch-gcc13-scalar,basic,cycles,553300947,252118118,252118118
1,prefetch-gcc13-scalar-r16-prefetch_chain-scalar-warm-basic-7340032,prefetch-gcc13-scalar,basic,instructions,47946407,252117932,252117932
1,prefetch-gcc13-scalar-r16-prefetch_chain-scalar-warm-basic-7340032,prefetch-gcc13-scalar,basic,ref_cycles,553304686,252114796,252114796
1,prefetch-gcc13-scalar-r16-prefetch_chain-scalar-warm-basic-16384,prefetch-gcc13-scalar,basic,cycles,548730931,250032828,250032828
1,prefetch-gcc13-scalar-r16-prefetch_chain-scalar-warm-basic-16384,prefetch-gcc13-scalar,basic,instructions,867119658,250029926,250029926
1,prefetch-gcc13-scalar-r16-prefetch_chain-scalar-warm-basic-16384,prefetch-gcc13-scalar,basic,ref_cycles,548732822,250026570,250026570
1,prefetch-gcc13-scalar-r16-prefetch_chain-scalar-warm-basic-4194304,prefetch-gcc13-scalar,basic,cycles,551017283,251077038,251077038
1,prefetch-gcc13-scalar-r16-prefetch_chain-scalar-warm-basic-4194304,prefetch-gcc13-scalar,basic,instructions,95180417,251076609,251076609
1,prefetch-gcc13-scalar-r16-prefetch_chain-scalar-warm-basic-4194304,prefetch-gcc13-scalar,basic,ref_cycles,551020888,251073251,251073251
1,prefetch-gcc13-scalar-r16-prefetch_chain-scalar-warm-basic-5242880,prefetch-gcc13-scalar,basic,cycles,551474444,251285452,251285452
1,prefetch-gcc13-scalar-r16-prefetch_chain-scalar-warm-basic-5242880,prefetch-gcc13-scalar,basic,instructions,72103275,251284717,251284717
1,prefetch-gcc13-scalar-r16-prefetch_chain-scalar-warm-basic-5242880,prefetch-gcc13-scalar,basic,ref_cycles,551477696,251281495,251281495
1,prefetch-gcc13-scalar-r16-prefetch_chain-scalar-warm-basic-196608,prefetch-gcc13-scalar,basic,cycles,548769600,250050478,250050478
1,prefetch-gcc13-scalar-r16-prefetch_chain-scalar-warm-basic-196608,prefetch-gcc13-scalar,basic,instructions,261454129,250048522,250048522
1,prefetch-gcc13-scalar-r16-prefetch_chain-scalar-warm-basic-196608,prefetch-gcc13-scalar,basic,ref_cycles,548771454,250045300,250045300
1,prefetch-gcc13-scalar-r16-prefetch_chain-scalar-warm-branch-33554432,prefetch-gcc13-scalar,branch,cycles,634882679,289289942,289289942
1,prefetch-gcc13-scalar-r16-prefetch_chain-scalar-warm-branch-33554432,prefetch-gcc13-scalar,branch,branches,3146052,289289121,289289121
1,prefetch-gcc13-scalar-r16-prefetch_chain-scalar-warm-branch-33554432,prefetch-gcc13-scalar,branch,branch_misses,38,289285151,289285151
1,prefetch-gcc13-scalar-r16-prefetch_chain-scalar-warm-basic-65536,prefetch-gcc13-scalar,basic,cycles,548738538,250036699,250036699
1,prefetch-gcc13-scalar-r16-prefetch_chain-scalar-warm-basic-65536,prefetch-gcc13-scalar,basic,instructions,337635021,250035221,250035221
1,prefetch-gcc13-scalar-r16-prefetch_chain-scalar-warm-basic-65536,prefetch-gcc13-scalar,basic,ref_cycles,548741446,250032049,250032049
1,prefetch-gcc13-scalar-r16-prefetch_chain-scalar-cache_evicted-branch-536870912,prefetch-gcc13-scalar,branch,cycles,1991044468,907155064,907155064
1,prefetch-gcc13-scalar-r16-prefetch_chain-scalar-cache_evicted-branch-536870912,prefetch-gcc13-scalar,branch,branches,8388772,907153126,907153126
1,prefetch-gcc13-scalar-r16-prefetch_chain-scalar-cache_evicted-branch-536870912,prefetch-gcc13-scalar,branch,branch_misses,26,907149592,907149592
1,prefetch-gcc13-scalar-r16-prefetch_chain-scalar-warm-branch-6291456,prefetch-gcc13-scalar,branch,cycles,528494555,242616019,242616019
1,prefetch-gcc13-scalar-r16-prefetch_chain-scalar-warm-branch-6291456,prefetch-gcc13-scalar,branch,branches,4425533,242618877,242618877
1,prefetch-gcc13-scalar-r16-prefetch_chain-scalar-warm-branch-6291456,prefetch-gcc13-scalar,branch,branch_misses,152,242616239,242616239
1,prefetch-gcc13-scalar-r16-prefetch_chain-scalar-warm-basic-536870912,prefetch-gcc13-scalar,basic,cycles,1988591205,906035459,906035459
1,prefetch-gcc13-scalar-r16-prefetch_chain-scalar-warm-basic-536870912,prefetch-gcc13-scalar,basic,instructions,92275480,906034803,906034803
1,prefetch-gcc13-scalar-r16-prefetch_chain-scalar-warm-basic-536870912,prefetch-gcc13-scalar,basic,ref_cycles,1988594784,906031628,906031628
1,prefetch-gcc13-scalar-r16-prefetch_chain-scalar-warm-basic-6291456,prefetch-gcc13-scalar,basic,cycles,553652707,252279627,252279627
1,prefetch-gcc13-scalar-r16-prefetch_chain-scalar-warm-basic-6291456,prefetch-gcc13-scalar,basic,instructions,59483514,252280104,252280104
1,prefetch-gcc13-scalar-r16-prefetch_chain-scalar-warm-basic-6291456,prefetch-gcc13-scalar,basic,ref_cycles,553656664,252276393,252276393
1,prefetch-gcc13-scalar-r16-prefetch_chain-scalar-cache_evicted-branch-1048576,prefetch-gcc13-scalar,branch,cycles,548861705,250093805,250093805
1,prefetch-gcc13-scalar-r16-prefetch_chain-scalar-cache_evicted-branch-1048576,prefetch-gcc13-scalar,branch,branches,12016644,250091452,250091452
1,prefetch-gcc13-scalar-r16-prefetch_chain-scalar-cache_evicted-branch-1048576,prefetch-gcc13-scalar,branch,branch_misses,776,250087447,250087447
1,prefetch-gcc13-scalar-r16-prefetch_chain-scalar-warm-branch-49152,prefetch-gcc13-scalar,branch,cycles,548735687,250034390,250034390
1,prefetch-gcc13-scalar-r16-prefetch_chain-scalar-warm-branch-49152,prefetch-gcc13-scalar,branch,branches,31535404,250031832,250031832
1,prefetch-gcc13-scalar-r16-prefetch_chain-scalar-warm-branch-49152,prefetch-gcc13-scalar,branch,branch_misses,39487,250028727,250028727
1,prefetch-gcc13-scalar-r16-prefetch_chain-scalar-warm-branch-1048576,prefetch-gcc13-scalar,branch,cycles,549239375,250265895,250265895
1,prefetch-gcc13-scalar-r16-prefetch_chain-scalar-warm-branch-1048576,prefetch-gcc13-scalar,branch,branches,11950980,250263849,250263849
1,prefetch-gcc13-scalar-r16-prefetch_chain-scalar-warm-branch-1048576,prefetch-gcc13-scalar,branch,branch_misses,764,250260024,250260024
1,prefetch-gcc13-scalar-r16-prefetch_chain-scalar-warm-branch-524288,prefetch-gcc13-scalar,branch,cycles,548835157,250081099,250081099
1,prefetch-gcc13-scalar-r16-prefetch_chain-scalar-warm-branch-524288,prefetch-gcc13-scalar,branch,branches,12969380,250079317,250079317
1,prefetch-gcc13-scalar-r16-prefetch_chain-scalar-warm-branch-524288,prefetch-gcc13-scalar,branch,branch_misses,1625,250075851,250075851
1,prefetch-gcc13-scalar-r16-prefetch_chain-scalar-cache_evicted-basic-1048576,prefetch-gcc13-scalar,basic,cycles,549151208,250224900,250224900
1,prefetch-gcc13-scalar-r16-prefetch_chain-scalar-cache_evicted-basic-1048576,prefetch-gcc13-scalar,basic,instructions,130961591,250223919,250223919
1,prefetch-gcc13-scalar-r16-prefetch_chain-scalar-cache_evicted-basic-1048576,prefetch-gcc13-scalar,basic,ref_cycles,549153792,250220834,250220834
1,prefetch-gcc13-scalar-r16-prefetch_chain-scalar-warm-branch-4194304,prefetch-gcc13-scalar,branch,cycles,549698646,250477559,250477559
1,prefetch-gcc13-scalar-r16-prefetch_chain-scalar-warm-branch-4194304,prefetch-gcc13-scalar,branch,branches,4262052,250478265,250478265
1,prefetch-gcc13-scalar-r16-prefetch_chain-scalar-warm-branch-4194304,prefetch-gcc13-scalar,branch,branch_misses,97,250474734,250474734
1,prefetch-gcc13-scalar-r16-prefetch_chain-scalar-warm-branch-36864,prefetch-gcc13-scalar,branch,cycles,548730946,250033214,250033214
1,prefetch-gcc13-scalar-r16-prefetch_chain-scalar-warm-branch-36864,prefetch-gcc13-scalar,branch,branches,31881262,250029836,250029836
1,prefetch-gcc13-scalar-r16-prefetch_chain-scalar-warm-branch-36864,prefetch-gcc13-scalar,branch,branch_misses,52498,250025690,250025690
1,prefetch-gcc13-scalar-r16-prefetch_chain-scalar-warm-basic-24576,prefetch-gcc13-scalar,basic,cycles,548730841,250031707,250031707
1,prefetch-gcc13-scalar-r16-prefetch_chain-scalar-warm-basic-24576,prefetch-gcc13-scalar,basic,instructions,863432871,250028412,250028412
1,prefetch-gcc13-scalar-r16-prefetch_chain-scalar-warm-basic-24576,prefetch-gcc13-scalar,basic,ref_cycles,548731986,250024656,250024656
1,prefetch-gcc13-scalar-r16-prefetch_chain-scalar-warm-branch-24576,prefetch-gcc13-scalar,branch,cycles,548731636,250033836,250033836
1,prefetch-gcc13-scalar-r16-prefetch_chain-scalar-warm-branch-24576,prefetch-gcc13-scalar,branch,branches,81861713,250031920,250031920
1,prefetch-gcc13-scalar-r16-prefetch_chain-scalar-warm-branch-24576,prefetch-gcc13-scalar,branch,branch_misses,196879,250028451,250028451
1,prefetch-gcc13-scalar-r16-prefetch_chain-scalar-warm-branch-536870912,prefetch-gcc13-scalar,branch,cycles,1998795254,910685283,910685283
1,prefetch-gcc13-scalar-r16-prefetch_chain-scalar-warm-branch-536870912,prefetch-gcc13-scalar,branch,branches,8388772,910683859,910683859
1,prefetch-gcc13-scalar-r16-prefetch_chain-scalar-warm-branch-536870912,prefetch-gcc13-scalar,branch,branch_misses,27,910680252,910680252
1,prefetch-gcc13-scalar-r16-prefetch_chain-scalar-warm-basic-229376,prefetch-gcc13-scalar,basic,cycles,548791101,250059427,250059427
1,prefetch-gcc13-scalar-r16-prefetch_chain-scalar-warm-basic-229376,prefetch-gcc13-scalar,basic,instructions,290292114,250056463,250056463
1,prefetch-gcc13-scalar-r16-prefetch_chain-scalar-warm-basic-229376,prefetch-gcc13-scalar,basic,ref_cycles,548792662,250052817,250052817
1,prefetch-gcc13-scalar-r16-prefetch_chain-scalar-warm-branch-7340032,prefetch-gcc13-scalar,branch,cycles,560264521,255291848,255291848
1,prefetch-gcc13-scalar-r16-prefetch_chain-scalar-warm-branch-7340032,prefetch-gcc13-scalar,branch,branches,5047812,255291684,255291684
1,prefetch-gcc13-scalar-r16-prefetch_chain-scalar-warm-branch-7340032,prefetch-gcc13-scalar,branch,branch_misses,92,255288095,255288095
1,prefetch-gcc13-scalar-r16-prefetch_chain-scalar-warm-branch-2097152,prefetch-gcc13-scalar,branch,cycles,549884445,250560303,250560303
1,prefetch-gcc13-scalar-r16-prefetch_chain-scalar-warm-branch-2097152,prefetch-gcc13-scalar,branch,branches,11709732,250558407,250558407
1,prefetch-gcc13-scalar-r16-prefetch_chain-scalar-warm-branch-2097152,prefetch-gcc13-scalar,branch,branch_misses,403,250554410,250554410
1,prefetch-gcc13-scalar-r16-prefetch_chain-scalar-warm-basic-8388608,prefetch-gcc13-scalar,basic,cycles,560093738,255213485,255213485
1,prefetch-gcc13-scalar-r16-prefetch_chain-scalar-warm-basic-8388608,prefetch-gcc13-scalar,basic,instructions,49027099,255213721,255213721
1,prefetch-gcc13-scalar-r16-prefetch_chain-scalar-warm-basic-8388608,prefetch-gcc13-scalar,basic,ref_cycles,560097538,255210449,255210449
1,prefetch-gcc13-scalar-r16-prefetch_chain-scalar-warm-basic-2097152,prefetch-gcc13-scalar,basic,cycles,549129881,250215453,250215453
1,prefetch-gcc13-scalar-r16-prefetch_chain-scalar-warm-basic-2097152,prefetch-gcc13-scalar,basic,instructions,124411424,250214297,250214297
1,prefetch-gcc13-scalar-r16-prefetch_chain-scalar-warm-basic-2097152,prefetch-gcc13-scalar,basic,ref_cycles,549132936,250211164,250211164
1,prefetch-gcc13-scalar-r16-prefetch_chain-scalar-warm-basic-131072,prefetch-gcc13-scalar,basic,cycles,548758688,250045375,250045375
1,prefetch-gcc13-scalar-r16-prefetch_chain-scalar-warm-basic-131072,prefetch-gcc13-scalar,basic,instructions,336462905,250043617,250043617
1,prefetch-gcc13-scalar-r16-prefetch_chain-scalar-warm-basic-131072,prefetch-gcc13-scalar,basic,ref_cycles,548761422,250040529,250040529
1,prefetch-gcc13-scalar-r16-prefetch_chain-scalar-warm-branch-294912,prefetch-gcc13-scalar,branch,cycles,548755414,250045167,250045167
1,prefetch-gcc13-scalar-r16-prefetch_chain-scalar-warm-branch-294912,prefetch-gcc13-scalar,branch,branches,16977902,250043269,250043269
1,prefetch-gcc13-scalar-r16-prefetch_chain-scalar-warm-branch-294912,prefetch-gcc13-scalar,branch,branch_misses,3708,250040030,250040030
1,prefetch-gcc13-scalar-r16-prefetch_chain-scalar-warm-basic-32768,prefetch-gcc13-scalar,basic,cycles,548735182,250032989,250032989
1,prefetch-gcc13-scalar-r16-prefetch_chain-scalar-warm-basic-32768,prefetch-gcc13-scalar,basic,instructions,642469425,250030559,250030559
1,prefetch-gcc13-scalar-r16-prefetch_chain-scalar-warm-basic-32768,prefetch-gcc13-scalar,basic,ref_cycles,548736738,250027316,250027316
1,prefetch-gcc13-scalar-r16-prefetch_chain-scalar-warm-branch-8388608,prefetch-gcc13-scalar,branch,cycles,550705312,250937034,250937034
1,prefetch-gcc13-scalar-r16-prefetch_chain-scalar-warm-branch-8388608,prefetch-gcc13-scalar,branch,branches,4326564,250937238,250937238
1,prefetch-gcc13-scalar-r16-prefetch_chain-scalar-warm-branch-8388608,prefetch-gcc13-scalar,branch,branch_misses,75,250933454,250933454
1,prefetch-gcc13-scalar-r16-prefetch_chain-scalar-warm-basic-33554432,prefetch-gcc13-scalar,basic,cycles,651538973,296877638,296877638
1,prefetch-gcc13-scalar-r16-prefetch_chain-scalar-warm-basic-33554432,prefetch-gcc13-scalar,basic,instructions,34604615,296878758,296878758
1,prefetch-gcc13-scalar-r16-prefetch_chain-scalar-warm-basic-33554432,prefetch-gcc13-scalar,basic,ref_cycles,651543992,296875270,296875270
1,prefetch-gcc13-scalar-r16-prefetch_chain-scalar-warm-basic-294912,prefetch-gcc13-scalar,basic,cycles,548807058,250067805,250067805
1,prefetch-gcc13-scalar-r16-prefetch_chain-scalar-warm-basic-294912,prefetch-gcc13-scalar,basic,instructions,181081040,250065716,250065716
1,prefetch-gcc13-scalar-r16-prefetch_chain-scalar-warm-basic-294912,prefetch-gcc13-scalar,basic,ref_cycles,548809976,250062740,250062740
1,prefetch-gcc13-scalar-r16-prefetch_chain-scalar-warm-basic-12582912,prefetch-gcc13-scalar,basic,cycles,557149959,253873144,253873144
1,prefetch-gcc13-scalar-r16-prefetch_chain-scalar-warm-basic-12582912,prefetch-gcc13-scalar,basic,instructions,36769096,253872539,253872539
1,prefetch-gcc13-scalar-r16-prefetch_chain-scalar-warm-basic-12582912,prefetch-gcc13-scalar,basic,ref_cycles,557153542,253869203,253869203
1,prefetch-gcc13-scalar-r16-prefetch_chain-scalar-warm-branch-229376,prefetch-gcc13-scalar,branch,cycles,548779590,250056457,250056457
1,prefetch-gcc13-scalar-r16-prefetch_chain-scalar-warm-branch-229376,prefetch-gcc13-scalar,branch,branches,22198760,250054447,250054447
1,prefetch-gcc13-scalar-r16-prefetch_chain-scalar-warm-branch-229376,prefetch-gcc13-scalar,branch,branch_misses,6188,250051072,250051072
1,prefetch-gcc13-scalar-r16-prefetch_chain-scalar-warm-branch-28672,prefetch-gcc13-scalar,branch,cycles,548732465,250033778,250033778
1,prefetch-gcc13-scalar-r16-prefetch_chain-scalar-warm-branch-28672,prefetch-gcc13-scalar,branch,branches,77377767,250031184,250031184
1,prefetch-gcc13-scalar-r16-prefetch_chain-scalar-warm-branch-28672,prefetch-gcc13-scalar,branch,branch_misses,161319,250027226,250027226
1,prefetch-gcc13-scalar-r16-prefetch_chain-scalar-warm-basic-36864,prefetch-gcc13-scalar,basic,cycles,548735511,250033634,250033634
1,prefetch-gcc13-scalar-r16-prefetch_chain-scalar-warm-basic-36864,prefetch-gcc13-scalar,basic,instructions,340528877,250030530,250030530
1,prefetch-gcc13-scalar-r16-prefetch_chain-scalar-warm-basic-36864,prefetch-gcc13-scalar,basic,ref_cycles,548736760,250027050,250027050
1,prefetch-gcc13-scalar-r16-prefetch_chain-scalar-warm-branch-8192,prefetch-gcc13-scalar,branch,cycles,548731745,250033765,250033765
1,prefetch-gcc13-scalar-r16-prefetch_chain-scalar-warm-branch-8192,prefetch-gcc13-scalar,branch,branches,88163098,250032745,250032745
1,prefetch-gcc13-scalar-r16-prefetch_chain-scalar-warm-branch-8192,prefetch-gcc13-scalar,branch,branch_misses,551259,250029115,250029115
1,prefetch-gcc13-scalar-r16-prefetch_chain-scalar-cache_evicted-basic-536870912,prefetch-gcc13-scalar,basic,cycles,2006171743,914045974,914045974
1,prefetch-gcc13-scalar-r16-prefetch_chain-scalar-cache_evicted-basic-536870912,prefetch-gcc13-scalar,basic,instructions,92275480,914043702,914043702
1,prefetch-gcc13-scalar-r16-prefetch_chain-scalar-cache_evicted-basic-536870912,prefetch-gcc13-scalar,basic,ref_cycles,2006175028,914040528,914040528
1,prefetch-gcc13-scalar-r16-prefetch_chain-scalar-warm-basic-134217728,prefetch-gcc13-scalar,basic,cycles,942562972,429466867,429466867
1,prefetch-gcc13-scalar-r16-prefetch_chain-scalar-warm-basic-134217728,prefetch-gcc13-scalar,basic,instructions,46138299,429465849,429465849
1,prefetch-gcc13-scalar-r16-prefetch_chain-scalar-warm-basic-134217728,prefetch-gcc13-scalar,basic,ref_cycles,942566262,429462299,429462299
1,prefetch-gcc13-scalar-r16-prefetch_chain-scalar-warm-basic-8192,prefetch-gcc13-scalar,basic,cycles,548732106,250034774,250034774
1,prefetch-gcc13-scalar-r16-prefetch_chain-scalar-warm-basic-8192,prefetch-gcc13-scalar,basic,instructions,881716154,250032913,250032913
1,prefetch-gcc13-scalar-r16-prefetch_chain-scalar-warm-basic-8192,prefetch-gcc13-scalar,basic,ref_cycles,548734780,250029676,250029676
1,prefetch-gcc13-scalar-r16-prefetch_chain-scalar-warm-branch-196608,prefetch-gcc13-scalar,branch,cycles,548734324,250035887,250035887
1,prefetch-gcc13-scalar-r16-prefetch_chain-scalar-warm-branch-196608,prefetch-gcc13-scalar,branch,branches,27293615,250033254,250033254
1,prefetch-gcc13-scalar-r16-prefetch_chain-scalar-warm-branch-196608,prefetch-gcc13-scalar,branch,branch_misses,8843,250030018,250030018
1,prefetch-gcc13-scalar-r16-prefetch_chain-scalar-cache_evicted-branch-33554432,prefetch-gcc13-scalar,branch,cycles,632061993,288005624,288005624
1,prefetch-gcc13-scalar-r16-prefetch_chain-scalar-cache_evicted-branch-33554432,prefetch-gcc13-scalar,branch,branches,3146052,288004659,288004659
1,prefetch-gcc13-scalar-r16-prefetch_chain-scalar-cache_evicted-branch-33554432,prefetch-gcc13-scalar,branch,branch_misses,32,288001228,288001228
1,prefetch-gcc13-scalar-r16-prefetch_chain-scalar-warm-branch-32768,prefetch-gcc13-scalar,branch,cycles,548733862,250033498,250033498
1,prefetch-gcc13-scalar-r16-prefetch_chain-scalar-warm-branch-32768,prefetch-gcc13-scalar,branch,branches,57861654,250030175,250030175
1,prefetch-gcc13-scalar-r16-prefetch_chain-scalar-warm-branch-32768,prefetch-gcc13-scalar,branch,branch_misses,106428,250026513,250026513
1,prefetch-gcc13-scalar-r16-prefetch_chain-scalar-cache_evicted-basic-32768,prefetch-gcc13-scalar,basic,cycles,548734291,250034389,250034389
1,prefetch-gcc13-scalar-r16-prefetch_chain-scalar-cache_evicted-basic-32768,prefetch-gcc13-scalar,basic,instructions,650681518,250032570,250032570
1,prefetch-gcc13-scalar-r16-prefetch_chain-scalar-cache_evicted-basic-32768,prefetch-gcc13-scalar,basic,ref_cycles,548735990,250029264,250029264
1,prefetch-gcc13-scalar-r16-prefetch_chain-scalar-warm-basic-524288,prefetch-gcc13-scalar,basic,cycles,549027058,250167259,250167259
1,prefetch-gcc13-scalar-r16-prefetch_chain-scalar-warm-basic-524288,prefetch-gcc13-scalar,basic,instructions,142815679,250165217,250165217
1,prefetch-gcc13-scalar-r16-prefetch_chain-scalar-warm-basic-524288,prefetch-gcc13-scalar,basic,ref_cycles,549029118,250162081,250162081
1,prefetch-gcc13-scalar-r17-prefetch_chain-scalar-warm-basic-131072,prefetch-gcc13-scalar,basic,cycles,548766828,250049951,250049951
1,prefetch-gcc13-scalar-r17-prefetch_chain-scalar-warm-basic-131072,prefetch-gcc13-scalar,basic,instructions,336644340,250046946,250046946
1,prefetch-gcc13-scalar-r17-prefetch_chain-scalar-warm-basic-131072,prefetch-gcc13-scalar,basic,ref_cycles,548768704,250043502,250043502
1,prefetch-gcc13-scalar-r17-prefetch_chain-scalar-cache_evicted-branch-536870912,prefetch-gcc13-scalar,branch,cycles,1972614843,898758034,898758034
1,prefetch-gcc13-scalar-r17-prefetch_chain-scalar-cache_evicted-branch-536870912,prefetch-gcc13-scalar,branch,branches,8388772,898756120,898756120
1,prefetch-gcc13-scalar-r17-prefetch_chain-scalar-cache_evicted-branch-536870912,prefetch-gcc13-scalar,branch,branch_misses,28,898752449,898752449
1,prefetch-gcc13-scalar-r17-prefetch_chain-scalar-warm-branch-32768,prefetch-gcc13-scalar,branch,cycles,548733461,250035870,250035870
1,prefetch-gcc13-scalar-r17-prefetch_chain-scalar-warm-branch-32768,prefetch-gcc13-scalar,branch,branches,59783101,250034041,250034041
1,prefetch-gcc13-scalar-r17-prefetch_chain-scalar-warm-branch-32768,prefetch-gcc13-scalar,branch,branch_misses,110015,250030301,250030301
1,prefetch-gcc13-scalar-r17-prefetch_chain-scalar-warm-basic-229376,prefetch-gcc13-scalar,basic,cycles,548738980,250035285,250035285
1,prefetch-gcc13-scalar-r17-prefetch_chain-scalar-warm-basic-229376,prefetch-gcc13-scalar,basic,instructions,261789488,250032100,250032100
1,prefetch-gcc13-scalar-r17-prefetch_chain-scalar-warm-basic-229376,prefetch-gcc13-scalar,basic,ref_cycles,548739972,250028451,250028451
1,prefetch-gcc13-scalar-r17-prefetch_chain-scalar-warm-basic-65536,prefetch-gcc13-scalar,basic,cycles,548733997,250033194,250033194
1,prefetch-gcc13-scalar-r17-prefetch_chain-scalar-warm-basic-65536,prefetch-gcc13-scalar,basic,instructions,338240029,250031887,250031887
1,prefetch-gcc13-scalar-r17-prefetch_chain-scalar-warm-basic-65536,prefetch-gcc13-scalar,basic,ref_cycles,548736408,250028812,250028812
1,prefetch-gcc13-scalar-r17-prefetch_chain-scalar-warm-branch-2097152,prefetch-gcc13-scalar,branch,cycles,549291492,250290992,250290992
1,prefetch-gcc13-scalar-r17-prefetch_chain-scalar-warm-branch-2097152,prefetch-gcc13-scalar,branch,branches,11611332,250288460,250288460
1,prefetch-gcc13-scalar-r17-prefetch_chain-scalar-warm-branch-2097152,prefetch-gcc13-scalar,branch,branch_misses,402,250284426,250284426
1,prefetch-gcc13-scalar-r17-prefetch_chain-scalar-warm-basic-4194304,prefetch-gcc13-scalar,basic,cycles,549593969,250428786,250428786
1,prefetch-gcc13-scalar-r17-prefetch_chain-scalar-warm-basic-4194304,prefetch-gcc13-scalar,basic,instructions,79317119,250428783,250428783
1,prefetch-gcc13-scalar-r17-prefetch_chain-scalar-warm-basic-4194304,prefetch-gcc13-scalar,basic,ref_cycles,549598280,250425576,250425576
1,prefetch-gcc13-scalar-r17-prefetch_chain-scalar-warm-basic-262144,prefetch-gcc13-scalar,basic,cycles,548742547,250037702,250037702
1,prefetch-gcc13-scalar-r17-prefetch_chain-scalar-warm-basic-262144,prefetch-gcc13-scalar,basic,instructions,192271824,250034905,250034905
1,prefetch-gcc13-scalar-r17-prefetch_chain-scalar-warm-basic-262144,prefetch-gcc13-scalar,basic,ref_cycles,548744702,250031865,250031865
1,prefetch-gcc13-scalar-r17-prefetch_chain-scalar-warm-basic-536870912,prefetch-gcc13-scalar,basic,cycles,1973776965,899285342,899285342
1,prefetch-gcc13-scalar-r17-prefetch_chain-scalar-warm-basic-536870912,prefetch-gcc13-scalar,basic,instructions,92275480,899284322,899284322
1,prefetch-gcc13-scalar-r17-prefetch_chain-scalar-warm-basic-536870912,prefetch-gcc13-scalar,basic,ref_cycles,1973780710,899281915,899281915
1,prefetch-gcc13-scalar-r17-prefetch_chain-scalar-cache_evicted-basic-262144,prefetch-gcc13-scalar,basic,cycles,548820689,250073707,250073707
1,prefetch-gcc13-scalar-r17-prefetch_chain-scalar-cache_evicted-basic-262144,prefetch-gcc13-scalar,basic,instructions,255307137,250070925,250070925
1,prefetch-gcc13-scalar-r17-prefetch_chain-scalar-cache_evicted-basic-262144,prefetch-gcc13-scalar,basic,ref_cycles,548822296,250067312,250067312
1,prefetch-gcc13-scalar-r17-prefetch_chain-scalar-warm-branch-393216,prefetch-gcc13-scalar,branch,cycles,548779203,250055116,250055116
1,prefetch-gcc13-scalar-r17-prefetch_chain-scalar-warm-branch-393216,prefetch-gcc13-scalar,branch,branches,13482340,250052589,250052589
1,prefetch-gcc13-scalar-r17-prefetch_chain-scalar-warm-branch-393216,prefetch-gcc13-scalar,branch,branch_misses,2226,250049044,250049044
1,prefetch-gcc13-scalar-r17-prefetch_chain-scalar-warm-branch-134217728,prefetch-gcc13-scalar,branch,cycles,940695623,428617324,428617324
1,prefetch-gcc13-scalar-r17-prefetch_chain-scalar-warm-branch-134217728,prefetch-gcc13-scalar,branch,branches,4194500,428616585,428616585
1,prefetch-gcc13-scalar-r17-prefetch_chain-scalar-warm-branch-134217728,prefetch-gcc13-scalar,branch,branch_misses,29,428612741,428612741
1,prefetch-gcc13-scalar-r17-prefetch_chain-scalar-warm-branch-262144,prefetch-gcc13-scalar,branch,cycles,548775111,250053397,250053397
1,prefetch-gcc13-scalar-r17-prefetch_chain-scalar-warm-branch-262144,prefetch-gcc13-scalar,branch,branches,19360452,250049834,250049834
1,prefetch-gcc13-scalar-r17-prefetch_chain-scalar-warm-branch-262144,prefetch-gcc13-scalar,branch,branch_misses,4731,250046152,250046152
1,prefetch-gcc13-scalar-r17-prefetch_chain-scalar-cache_evicted-basic-6291456,prefetch-gcc13-scalar,basic,cycles,556314692,253490998,253490998
1,prefetch-gcc13-scalar-r17-prefetch_chain-scalar-cache_evicted-basic-6291456,prefetch-gcc13-scalar,basic,instructions,61646528,253490976,253490976
1,prefetch-gcc13-scalar-r17-prefetch_chain-scalar-cache_evicted-basic-6291456,prefetch-gcc13-scalar,basic,ref_cycles,556318224,253487751,253487751
1,prefetch-gcc13-scalar-r17-prefetch_chain-scalar-warm-basic-98304,prefetch-gcc13-scalar,basic,cycles,548757179,250044895,250044895
1,prefetch-gcc13-scalar-r17-prefetch_chain-scalar-warm-basic-98304,prefetch-gcc13-scalar,basic,instructions,337257094,250042458,250042458
1,prefetch-gcc13-scalar-r17-prefetch_chain-scalar-warm-basic-98304,prefetch-gcc13-scalar,basic,ref_cycles,548758914,250038788,250038788
1,prefetch-gcc13-scalar-r17-prefetch_chain-scalar-warm-branch-6291456,prefetch-gcc13-scalar,branch,cycles,555186789,252978692,252978692
1,prefetch-gcc13-scalar-r17-prefetch_chain-scalar-warm-branch-6291456,prefetch-gcc13-scalar,branch,branches,5605284,252978794,252978794
1,prefetch-gcc13-scalar-r17-prefetch_chain-scalar-warm-branch-6291456,prefetch-gcc13-scalar,branch,branch_misses,107,252975047,252975047
1,prefetch-gcc13-scalar-r17-prefetch_chain-scalar-warm-branch-28672,prefetch-gcc13-scalar,branch,cycles,548732822,250034183,250034183
1,prefetch-gcc13-scalar-r17-prefetch_chain-scalar-warm-branch-28672,prefetch-gcc13-scalar,branch,branches,77128498,250032949,250032949
1,prefetch-gcc13-scalar-r17-prefetch_chain-scalar-warm-branch-28672,prefetch-gcc13-scalar,branch,branch_misses,160747,250030062,250030062
1,prefetch-gcc13-scalar-r17-prefetch_chain-scalar-warm-branch-36864,prefetch-gcc13-scalar,branch,cycles,548741033,250038253,250038253
1,prefetch-gcc13-scalar-r17-prefetch_chain-scalar-warm-branch-36864,prefetch-gcc13-scalar,branch,branches,31843030,250037112,250037112
1,prefetch-gcc13-scalar-r17-prefetch_chain-scalar-warm-branch-36864,prefetch-gcc13-scalar,branch,branch_misses,52462,250033893,250033893
1,prefetch-gcc13-scalar-r17-prefetch_chain-scalar-warm-basic-134217728,prefetch-gcc13-scalar,basic,cycles,941355489,428916775,428916775
1,prefetch-gcc13-scalar-r17-prefetch_chain-scalar-warm-basic-134217728,prefetch-gcc13-scalar,basic,instructions,46138299,428914644,428914644
1,prefetch-gcc13-scalar-r17-prefetch_chain-scalar-warm-basic-134217728,prefetch-gcc13-scalar,basic,ref_cycles,941358682,428911103,428911103
1,prefetch-gcc13-scalar-r17-prefetch_chain-scalar-warm-branch-524288,prefetch-gcc13-scalar,branch,cycles,548930953,250124761,250124761
1,prefetch-gcc13-scalar-r17-prefetch_chain-scalar-warm-branch-524288,prefetch-gcc13-scalar,branch,branches,12566406,250121408,250121408
1,prefetch-gcc13-scalar-r17-prefetch_chain-scalar-warm-branch-524288,prefetch-gcc13-scalar,branch,branch_misses,1576,250117666,250117666
1,prefetch-gcc13-scalar-r17-prefetch_chain-scalar-warm-branch-5242880,prefetch-gcc13-scalar,branch,cycles,549154944,250230920,250230920
1,prefetch-gcc13-scalar-r17-prefetch_chain-scalar-warm-branch-5242880,prefetch-gcc13-scalar,branch,branches,5163108,250230473,250230473
1,prefetch-gcc13-scalar-r17-prefetch_chain-scalar-warm-branch-5242880,prefetch-gcc13-scalar,branch,branch_misses,110,250227094,250227094
1,prefetch-gcc13-scalar-r17-prefetch_chain-scalar-warm-branch-98304,prefetch-gcc13-scalar,branch,cycles,548740533,250037956,250037956
1,prefetch-gcc13-scalar-r17-prefetch_chain-scalar-warm-branch-98304,prefetch-gcc13-scalar,branch,branches,30692170,250036578,250036578
1,prefetch-gcc13-scalar-r17-prefetch_chain-scalar-warm-branch-98304,prefetch-gcc13-scalar,branch,branch_misses,19621,250033102,250033102
1,prefetch-gcc13-scalar-r17-prefetch_chain-scalar-cache_evicted-branch-6291456,prefetch-gcc13-scalar,branch,cycles,555383287,253070288,253070288
1,prefetch-gcc13-scalar-r17-prefetch_chain-scalar-cache_evicted-branch-6291456,prefetch-gcc13-scalar,branch,branches,3835236,253070486,253070486
1,prefetch-gcc13-scalar-r17-prefetch_chain-scalar-cache_evicted-branch-6291456,prefetch-gcc13-scalar,branch,branch_misses,73,253067019,253067019
1,prefetch-gcc13-scalar-r17-prefetch_chain-scalar-warm-basic-5242880,prefetch-gcc13-scalar,basic,cycles,550402163,250797692,250797692
1,prefetch-gcc13-scalar-r17-prefetch_chain-scalar-warm-basic-5242880,prefetch-gcc13-scalar,basic,instructions,74807124,250797404,250797404
1,prefetch-gcc13-scalar-r17-prefetch_chain-scalar-warm-basic-5242880,prefetch-gcc13-scalar,basic,ref_cycles,550406032,250794241,250794241
1,prefetch-gcc13-scalar-r17-prefetch_chain-scalar-warm-basic-8192,prefetch-gcc13-scalar,basic,cycles,548731902,250034077,250034077
1,prefetch-gcc13-scalar-r17-prefetch_chain-scalar-warm-basic-8192,prefetch-gcc13-scalar,basic,instructions,882177773,250032150,250032150
1,prefetch-gcc13-scalar-r17-prefetch_chain-scalar-warm-basic-8192,prefetch-gcc13-scalar,basic,ref_cycles,548734406,250028642,250028642
1,prefetch-gcc13-scalar-r17-prefetch_chain-scalar-warm-basic-28672,prefetch-gcc13-scalar,basic,cycles,548733353,250032316,250032316
1,prefetch-gcc13-scalar-r17-prefetch_chain-scalar-warm-basic-28672,prefetch-gcc13-scalar,basic,instructions,828561253,250029742,250029742
1,prefetch-gcc13-scalar-r17-prefetch_chain-scalar-warm-basic-28672,prefetch-gcc13-scalar,basic,ref_cycles,548734560,250026452,250026452
1,prefetch-gcc13-scalar-r17-prefetch_chain-scalar-cache_evicted-basic-1048576,prefetch-gcc13-scalar,basic,cycles,548802038,250066683,250066683
1,prefetch-gcc13-scalar-r17-prefetch_chain-scalar-cache_evicted-basic-1048576,prefetch-gcc13-scalar,basic,instructions,132404693,250064739,250064739
1,prefetch-gcc13-scalar-r17-prefetch_chain-scalar-cache_evicted-basic-1048576,prefetch-gcc13-scalar,basic,ref_cycles,548804278,250061552,250061552
1,prefetch-gcc13-scalar-r17-prefetch_chain-scalar-warm-basic-393216,prefetch-gcc13-scalar,basic,cycles,548895227,250106362,250106362
1,prefetch-gcc13-scalar-r17-prefetch_chain-scalar-warm-basic-393216,prefetch-gcc13-scalar,basic,instructions,150195728,250102756,250102756
1,prefetch-gcc13-scalar-r17-prefetch_chain-scalar-warm-basic-393216,prefetch-gcc13-scalar,basic,ref_cycles,548896436,250099168,250099168
1,prefetch-gcc13-scalar-r17-prefetch_chain-scalar-warm-branch-65536,prefetch-gcc13-scalar,branch,cycles,548737816,250035661,250035661
1,prefetch-gcc13-scalar-r17-prefetch_chain-scalar-warm-branch-65536,prefetch-gcc13-scalar,branch,branches,31229256,250033783,250033783
1,prefetch-gcc13-scalar-r17-prefetch_chain-scalar-warm-branch-65536,prefetch-gcc13-scalar,branch,branch_misses,29637,250030301,250030301
1,prefetch-gcc13-scalar-r17-prefetch_chain-scalar-warm-branch-33554432,prefetch-gcc13-scalar,branch,cycles,653280809,297673002,297673002
1,prefetch-gcc13-scalar-r17-prefetch_chain-scalar-warm-branch-33554432,prefetch-gcc13-scalar,branch,branches,3146052,297670729,297670729
1,prefetch-gcc13-scalar-r17-prefetch_chain-scalar-warm-branch-33554432,prefetch-gcc13-scalar,branch,branch_misses,37,297666465,297666465
1,prefetch-gcc13-scalar-r17-prefetch_chain-scalar-cache_evicted-branch-262144,prefetch-gcc13-scalar,branch,cycles,548744619,250040718,250040718
1,prefetch-gcc13-scalar-r17-prefetch_chain-scalar-cache_evicted-branch-262144,prefetch-gcc13-scalar,branch,branches,21936324,250038457,250038457
1,prefetch-gcc13-scalar-r17-prefetch_chain-scalar-cache_evicted-branch-262144,prefetch-gcc13-scalar,branch,branch_misses,5358,250034881,250034881
1,prefetch-gcc13-scalar-r17-prefetch_chain-scalar-cache_evicted-basic-536870912,prefetch-gcc13-scalar,basic,cycles,2084891015,949910544,949910544
1,prefetch-gcc13-scalar-r17-prefetch_chain-scalar-cache_evicted-basic-536870912,prefetch-gcc13-scalar,basic,instructions,92275480,949909029,949909029
1,prefetch-gcc13-scalar-r17-prefetch_chain-scalar-cache_evicted-basic-536870912,prefetch-gcc13-scalar,basic,ref_cycles,2084894284,949905789,949905789
1,prefetch-gcc13-scalar-r17-prefetch_chain-scalar-cache_evicted-basic-32768,prefetch-gcc13-scalar,basic,cycles,548731014,250032222,250032222
1,prefetch-gcc13-scalar-r17-prefetch_chain-scalar-cache_evicted-basic-32768,prefetch-gcc13-scalar,basic,instructions,626383251,250029055,250029055
1,prefetch-gcc13-scalar-r17-prefetch_chain-scalar-cache_evicted-basic-32768,prefetch-gcc13-scalar,basic,ref_cycles,548732250,250025363,250025363
1,prefetch-gcc13-scalar-r17-prefetch_chain-scalar-warm-branch-8192,prefetch-gcc13-scalar,branch,cycles,548730514,250031912,250031912
1,prefetch-gcc13-scalar-r17-prefetch_chain-scalar-warm-branch-8192,prefetch-gcc13-scalar,branch,branches,88180439,250028672,250028672
1,prefetch-gcc13-scalar-r17-prefetch_chain-scalar-warm-branch-8192,prefetch-gcc13-scalar,branch,branch_misses,551342,250024723,250024723
1,prefetch-gcc13-scalar-r17-prefetch_chain-scalar-warm-branch-49152,prefetch-gcc13-scalar,branch,cycles,548732624,250033165,250033165
1,prefetch-gcc13-scalar-r17-prefetch_chain-scalar-warm-branch-49152,prefetch-gcc13-scalar,branch,branches,31520178,250032321,250032321
1,prefetch-gcc13-scalar-r17-prefetch_chain-scalar-warm-branch-49152,prefetch-gcc13-scalar,branch,branch_misses,39462,250029225,250029225
1,prefetch-gcc13-scalar-r17-prefetch_chain-scalar-warm-basic-294912,prefetch-gcc13-scalar,basic,cycles,548847012,250084516,250084516
1,prefetch-gcc13-scalar-r17-prefetch_chain-scalar-warm-basic-294912,prefetch-gcc13-scalar,basic,instructions,186674664,250081078,250081078
1,prefetch-gcc13-scalar-r17-prefetch_chain-scalar-warm-basic-294912,prefetch-gcc13-scalar,basic,ref_cycles,548848234,250077584,250077584
1,prefetch-gcc13-scalar-r17-prefetch_chain-scalar-warm-branch-196608,prefetch-gcc13-scalar,branch,cycles,548792686,250059896,250059896
1,prefetch-gcc13-scalar-r17-prefetch_chain-scalar-warm-branch-196608,prefetch-gcc13-scalar,branch,branches,23565717,250057219,250057219
1,prefetch-gcc13-scalar-r17-prefetch_chain-scalar-warm-branch-196608,prefetch-gcc13-scalar,branch,branch_misses,7642,250053694,250053694
1,prefetch-gcc13-scalar-r17-prefetch_chain-scalar-warm-basic-49152,prefetch-gcc13-scalar,basic,cycles,548741316,250037182,250037182
1,prefetch-gcc13-scalar-r17-prefetch_chain-scalar-warm-basic-49152,prefetch-gcc13-scalar,basic,instructions,339429152,250034370,250034370
1,prefetch-gcc13-scalar-r17-prefetch_chain-scalar-warm-basic-49152,prefetch-gcc13-scalar,basic,ref_cycles,548742546,250031018,250031018
1,prefetch-gcc13-scalar-r17-prefetch_chain-scalar-warm-basic-524288,prefetch-gcc13-scalar,basic,cycles,548884944,250102897,250102897
1,prefetch-gcc13-scalar-r17-prefetch_chain-scalar-warm-basic-524288,prefetch-gcc13-scalar,basic,instructions,138392204,250101696,250101696
1,prefetch-gcc13-scalar-r17-prefetch_chain-scalar-warm-basic-524288,prefetch-gcc13-scalar,basic,ref_cycles,548887746,250098714,250098714
1,prefetch-gcc13-scalar-r17-prefetch_chain-scalar-cache_evicted-branch-1048576,prefetch-gcc13-scalar,branch,cycles,549378798,250330321,250330321
1,prefetch-gcc13-scalar-r17-prefetch_chain-scalar-cache_evicted-branch-1048576,prefetch-gcc13-scalar,branch,branches,12033060,250327155,250327155
1,prefetch-gcc13-scalar-r17-prefetch_chain-scalar-cache_evicted-branch-1048576,prefetch-gcc13-scalar,branch,branch_misses,769,250323602,250323602
1,prefetch-gcc13-scalar-r17-prefetch_chain-scalar-warm-basic-24576,prefetch-gcc13-scalar,basic,cycles,548731173,250030276,250030276
1,prefetch-gcc13-scalar-r17-prefetch_chain-scalar-warm-basic-24576,prefetch-gcc13-scalar,basic,instructions,850887467,250027318,250027318
1,prefetch-gcc13-scalar-r17-prefetch_chain-scalar-warm-basic-24576,prefetch-gcc13-scalar,basic,ref_cycles,548732052,250024111,250024111
1,prefetch-gcc13-scalar-r17-prefetch_chain-scalar-warm-branch-12582912,prefetch-gcc13-scalar,branch,cycles,566488532,258127573,258127573
1,prefetch-gcc13-scalar-r17-prefetch_chain-scalar-warm-branch-12582912,prefetch-gcc13-scalar,branch,branches,3736292,258127625,258127625
1,prefetch-gcc13-scalar-r17-prefetch_chain-scalar-warm-branch-12582912,prefetch-gcc13-scalar,branch,branch_misses,55,258123730,258123730
1,prefetch-gcc13-scalar-r17-prefetch_chain-scalar-warm-basic-16384,prefetch-gcc13-scalar,basic,cycles,548731858,250031292,250031292
1,prefetch-gcc13-scalar-r17-prefetch_chain-scalar-warm-basic-16384,prefetch-gcc13-scalar,basic,instructions,867259657,250028040,250028040
1,prefetch-gcc13-scalar-r17-prefetch_chain-scalar-warm-basic-16384,prefetch-gcc13-scalar,basic,ref_cycles,548732954,250024560,250024560
1,prefetch-gcc13-scalar-r17-prefetch_chain-scalar-warm-basic-33554432,prefetch-gcc13-scalar,basic,cycles,624850161,284718463,284718463
1,prefetch-gcc13-scalar-r17-prefetch_chain-scalar-warm-basic-33554432,prefetch-gcc13-scalar,basic,instructions,34604615,284717097,284717097
1,prefetch-gcc13-scalar-r17-prefetch_chain-scalar-warm-basic-33554432,prefetch-gcc13-scalar,basic,ref_cycles,624854296,284713764,284713764
1,prefetch-gcc13-scalar-r17-prefetch_chain-scalar-warm-branch-131072,prefetch-gcc13-scalar,branch,cycles,548741370,250037211,250037211
1,prefetch-gcc13-scalar-r17-prefetch_chain-scalar-warm-branch-131072,prefetch-gcc13-scalar,branch,branches,30176778,250033580,250033580
1,prefetch-gcc13-scalar-r17-prefetch_chain-scalar-warm-branch-131072,prefetch-gcc13-scalar,branch,branch_misses,14558,250030011,250030011
1,prefetch-gcc13-scalar-r17-prefetch_chain-scalar-warm-basic-36864,prefetch-gcc13-scalar,basic,cycles,548733229,250033318,250033318
1,prefetch-gcc13-scalar-r17-prefetch_chain-scalar-warm-basic-36864,prefetch-gcc13-scalar,basic,instructions,340405390,250032446,250032446
1,prefetch-gcc13-scalar-r17-prefetch_chain-scalar-warm-basic-36864,prefetch-gcc13-scalar,basic,ref_cycles,548736232,250029527,250029527
1,prefetch-gcc13-scalar-r17-prefetch_chain-scalar-warm-branch-8388608,prefetch-gcc13-scalar,branch,cycles,549532956,250404561,250404561
1,prefetch-gcc13-scalar-r17-prefetch_chain-scalar-warm-branch-8388608,prefetch-gcc13-scalar,branch,branches,3539940,250403644,250403644
1,prefetch-gcc13-scalar-r17-prefetch_chain-scalar-warm-branch-8388608,prefetch-gcc13-scalar,branch,branch_misses,66,250399347,250399347
1,prefetch-gcc13-scalar-r17-prefetch_chain-scalar-warm-branch-536870912,prefetch-gcc13-scalar,branch,cycles,2013240710,917266028,917266028
1,prefetch-gcc13-scalar-r17-prefetch_chain-scalar-warm-branch-536870912,prefetch-gcc13-scalar,branch,branches,8388772,917265358,917265358
1,prefetch-gcc13-scalar-r17-prefetch_chain-scalar-warm-branch-536870912,prefetch-gcc13-scalar,branch,branch_misses,26,917261783,917261783
1,prefetch-gcc13-scalar-r17-prefetch_chain-scalar-warm-branch-1048576,prefetch-gcc13-scalar,branch,cycles,549304974,250294543,250294543
1,prefetch-gcc13-scalar-r17-prefetch_chain-scalar-warm-branch-1048576,prefetch-gcc13-scalar,branch,branches,12033060,250290731,250290731
1,prefetch-gcc13-scalar-r17-prefetch_chain-scalar-warm-branch-1048576,prefetch-gcc13-scalar,branch,branch_misses,763,250286561,250286561
1,prefetch-gcc13-scalar-r17-prefetch_chain-scalar-warm-basic-7340032,prefetch-gcc13-scalar,basic,cycles,550529592,250857154,250857154
1,prefetch-gcc13-scalar-r17-prefetch_chain-scalar-warm-basic-7340032,prefetch-gcc13-scalar,basic,instructions,63087179,250857289,250857289
1,prefetch-gcc13-scalar-r17-prefetch_chain-scalar-warm-basic-7340032,prefetch-gcc13-scalar,basic,ref_cycles,550533346,250854205,250854205
1,prefetch-gcc13-scalar-r17-prefetch_chain-scalar-warm-branch-24576,prefetch-gcc13-scalar,branch,cycles,548731907,250032938,250032938
1,prefetch-gcc13-scalar-r17-prefetch_chain-scalar-warm-branch-24576,prefetch-gcc13-scalar,branch,branches,81879333,250029027,250029027
1,prefetch-gcc13-scalar-r17-prefetch_chain-scalar-warm-branch-24576,prefetch-gcc13-scalar,branch,branch_misses,196942,250024984,250024984
1,prefetch-gcc13-scalar-r17-prefetch_chain-scalar-cache_evicted-branch-33554432,prefetch-gcc13-scalar,branch,cycles,607164364,276662698,276662698
1,prefetch-gcc13-scalar-r17-prefetch_chain-scalar-cache_evicted-branch-33554432,prefetch-gcc13-scalar,branch,branches,3146052,276662047,276662047
1,prefetch-gcc13-scalar-r17-prefetch_chain-scalar-cache_evicted-branch-33554432,prefetch-gcc13-scalar,branch,branch_misses,41,276658067,276658067
1,prefetch-gcc13-scalar-r17-prefetch_chain-scalar-warm-branch-16384,prefetch-gcc13-scalar,branch,cycles,548733045,250034296,250034296
1,prefetch-gcc13-scalar-r17-prefetch_chain-scalar-warm-branch-16384,prefetch-gcc13-scalar,branch,branches,83607363,250033258,250033258
1,prefetch-gcc13-scalar-r17-prefetch_chain-scalar-warm-branch-16384,prefetch-gcc13-scalar,branch,branch_misses,290433,250030254,250030254
1,prefetch-gcc13-scalar-r17-prefetch_chain-scalar-warm-basic-12582912,prefetch-gcc13-scalar,basic,cycles,585381364,266736491,266736491
1,prefetch-gcc13-scalar-r17-prefetch_chain-scalar-warm-basic-12582912,prefetch-gcc13-scalar,basic,instructions,32443394,266733833,266733833
1,prefetch-gcc13-scalar-r17-prefetch_chain-scalar-warm-basic-12582912,prefetch-gcc13-scalar,basic,ref_cycles,585385130,266730278,266730278
1,prefetch-gcc13-scalar-r17-prefetch_chain-scalar-warm-basic-32768,prefetch-gcc13-scalar,basic,cycles,548732361,250035013,250035013
1,prefetch-gcc13-scalar-r17-prefetch_chain-scalar-warm-basic-32768,prefetch-gcc13-scalar,basic,instructions,653259749,250033728,250033728
1,prefetch-gcc13-scalar-r17-prefetch_chain-scalar-warm-basic-32768,prefetch-gcc13-scalar,basic,ref_cycles,548734978,250030804,250030804
1,prefetch-gcc13-scalar-r17-prefetch_chain-scalar-cache_evicted-basic-8388608,prefetch-gcc13-scalar,basic,cycles,560667136,255479637,255479637
1,prefetch-gcc13-scalar-r17-prefetch_chain-scalar-cache_evicted-basic-8388608,prefetch-gcc13-scalar,basic,instructions,31723639,255477660,255477660
1,prefetch-gcc13-scalar-r17-prefetch_chain-scalar-cache_evicted-basic-8388608,prefetch-gcc13-scalar,basic,ref_cycles,560671144,255473723,255473723
1,prefetch-gcc13-scalar-r17-prefetch_chain-scalar-warm-basic-2097152,prefetch-gcc13-scalar,basic,cycles,548808946,250071886,250071886
1,prefetch-gcc13-scalar-r17-prefetch_chain-scalar-warm-basic-2097152,prefetch-gcc13-scalar,basic,instructions,60583277,250070201,250070201
1,prefetch-gcc13-scalar-r17-prefetch_chain-scalar-warm-basic-2097152,prefetch-gcc13-scalar,basic,ref_cycles,548811406,250066989,250066989
1,prefetch-gcc13-scalar-r17-prefetch_chain-scalar-cache_evicted-branch-32768,prefetch-gcc13-scalar,branch,cycles,548733423,250040497,250040497
1,prefetch-gcc13-scalar-r17-prefetch_chain-scalar-cache_evicted-branch-32768,prefetch-gcc13-scalar,branch,branches,58930207,250037729,250037729
1,prefetch-gcc13-scalar-r17-prefetch_chain-scalar-cache_evicted-branch-32768,prefetch-gcc13-scalar,branch,branch_misses,108468,250034072,250034072
1,prefetch-gcc13-scalar-r17-prefetch_chain-scalar-cache_evicted-branch-8388608,prefetch-gcc13-scalar,branch,cycles,549142241,250229172,250229172
1,prefetch-gcc13-scalar-r17-prefetch_chain-scalar-cache_evicted-branch-8388608,prefetch-gcc13-scalar,branch,branches,2884420,250227291,250227291
1,prefetch-gcc13-scalar-r17-prefetch_chain-scalar-cache_evicted-branch-8388608,prefetch-gcc13-scalar,branch,branch_misses,56,250223376,250223376
1,prefetch-gcc13-scalar-r17-prefetch_chain-scalar-warm-branch-7340032,prefetch-gcc13-scalar,branch,cycles,566373012,258078586,258078586
1,prefetch-gcc13-scalar-r17-prefetch_chain-scalar-warm-branch-7340032,prefetch-gcc13-scalar,branch,branches,2982852,258076724,258076724
1,prefetch-gcc13-scalar-r17-prefetch_chain-scalar-warm-branch-7340032,prefetch-gcc13-scalar,branch,branch_misses,62,258072765,258072765
1,prefetch-gcc13-scalar-r17-prefetch_chain-scalar-warm-basic-1048576,prefetch-gcc13-scalar,basic,cycles,548874286,250101654,250101654
1,prefetch-gcc13-scalar-r17-prefetch_chain-scalar-warm-basic-1048576,prefetch-gcc13-scalar,basic,instructions,128436173,250099952,250099952
1,prefetch-gcc13-scalar-r17-prefetch_chain-scalar-warm-basic-1048576,prefetch-gcc13-scalar,basic,ref_cycles,548876768,250096118,250096118
1,prefetch-gcc13-scalar-r17-prefetch_chain-scalar-warm-basic-8388608,prefetch-gcc13-scalar,basic,cycles,559833680,255097125,255097125
1,prefetch-gcc13-scalar-r17-prefetch_chain-scalar-warm-basic-8388608,prefetch-gcc13-scalar,basic,instructions,31723639,255096507,255096507
1,prefetch-gcc13-scalar-r17-prefetch_chain-scalar-warm-basic-8388608,prefetch-gcc13-scalar,basic,ref_cycles,559838180,255093080,255093080
1,prefetch-gcc13-scalar-r17-prefetch_chain-scalar-warm-basic-196608,prefetch-gcc13-scalar,basic,cycles,548777827,250056530,250056530
1,prefetch-gcc13-scalar-r17-prefetch_chain-scalar-warm-basic-196608,prefetch-gcc13-scalar,basic,instructions,285833854,250055351,250055351
1,prefetch-gcc13-scalar-r17-prefetch_chain-scalar-warm-basic-196608,prefetch-gcc13-scalar,basic,ref_cycles,548780232,250051912,250051912
1,prefetch-gcc13-scalar-r17-prefetch_chain-scalar-warm-branch-294912,prefetch-gcc13-scalar,branch,cycles,548864714,250097976,250097976
1,prefetch-gcc13-scalar-r17-prefetch_chain-scalar-warm-branch-294912,prefetch-gcc13-scalar,branch,branches,16035987,250096130,250096130
1,prefetch-gcc13-scalar-r17-prefetch_chain-scalar-warm-branch-294912,prefetch-gcc13-scalar,branch,branch_misses,3516,250091808,250091808
1,prefetch-gcc13-scalar-r17-prefetch_chain-scalar-cache_evicted-basic-33554432,prefetch-gcc13-scalar,basic,cycles,653717694,297871426,297871426
1,prefetch-gcc13-scalar-r17-prefetch_chain-scalar-cache_evicted-basic-33554432,prefetch-gcc13-scalar,basic,instructions,34604615,297870163,297870163
1,prefetch-gcc13-scalar-r17-prefetch_chain-scalar-cache_evicted-basic-33554432,prefetch-gcc13-scalar,basic,ref_cycles,653721596,297866635,297866635
1,prefetch-gcc13-scalar-r17-prefetch_chain-scalar-warm-basic-6291456,prefetch-gcc13-scalar,basic,cycles,552916698,251946735,251946735
1,prefetch-gcc13-scalar-r17-prefetch_chain-scalar-warm-basic-6291456,prefetch-gcc13-scalar,basic,instructions,33527346,251946571,251946571
1,prefetch-gcc13-scalar-r17-prefetch_chain-scalar-warm-basic-6291456,prefetch-gcc13-scalar,basic,ref_cycles,552920808,251943158,251943158
1,prefetch-gcc13-scalar-r17-prefetch_chain-scalar-warm-branch-229376,prefetch-gcc13-scalar,branch,cycles,548762768,250050217,250050217
1,prefetch-gcc13-scalar-r17-prefetch_chain-scalar-warm-branch-229376,prefetch-gcc13-scalar,branch,branches,24176719,250048611,250048611
1,prefetch-gcc13-scalar-r17-prefetch_chain-scalar-warm-branch-229376,prefetch-gcc13-scalar,branch,branch_misses,6744,250045047,250045047
1,prefetch-gcc13-scalar-r17-prefetch_chain-scalar-warm-branch-4194304,prefetch-gcc13-scalar,branch,cycles,551627317,251357382,251357382
1,prefetch-gcc13-scalar-r17-prefetch_chain-scalar-warm-branch-4194304,prefetch-gcc13-scalar,branch,branches,8589540,251356355,251356355
1,prefetch-gcc13-scalar-r17-prefetch_chain-scalar-warm-branch-4194304,prefetch-gcc13-scalar,branch,branch_misses,176,251352440,251352440
