schema_version,sample_id,build_id,round,mode,implementation,state,perf_profile,footprint_bytes,physical_footprint_bytes,logical_operations,passes,wall_ns,tsc_ticks,cpu_before,cpu_after,minor_faults,major_faults,checksum,first_touch_exception
1,stride16-clang18-auto-r0-stride16_scan-auto-warm-branch-7340032,stride16-clang18-auto,0,stride16_scan,auto,warm,branch,7340032,7340032,84869120,740,250233041,549240560,4,4,0,0,0,0
1,stride16-clang18-auto-r0-stride16_scan-auto-cache_evicted-basic-33554432,stride16-clang18-auto,0,stride16_scan,auto,cache_evicted,basic,33554432,33554432,54525952,104,251469692,551954896,4,4,0,0,0,0
1,stride16-clang18-auto-r0-stride16_scan-auto-warm-branch-536870912,stride16-clang18-auto,0,stride16_scan,auto,warm,branch,536870912,536870912,58720256,7,274282237,602026544,4,4,0,0,18006694042731052,0
1,stride16-clang18-auto-r0-stride16_scan-auto-warm-branch-196608,stride16-clang18-auto,0,stride16_scan,auto,warm,branch,196608,196608,201369600,65550,250001981,548733428,4,4,0,0,0,0
1,stride16-clang18-auto-r0-stride16_scan-auto-warm-branch-49152,stride16-clang18-auto,0,stride16_scan,auto,warm,branch,49152,49152,211133952,274914,250000571,548730304,4,4,0,0,0,0
1,stride16-clang18-auto-r0-stride16_scan-auto-warm-branch-5242880,stride16-clang18-auto,0,stride16_scan,auto,warm,branch,5242880,5242880,111575040,1362,250152914,549064680,4,4,0,0,0,0
1,stride16-clang18-auto-r0-stride16_scan-auto-warm-branch-1048576,stride16-clang18-auto,0,stride16_scan,auto,warm,branch,1048576,1048576,116555776,7114,250017253,548766948,4,4,0,0,0,0
1,stride16-clang18-auto-r0-stride16_scan-auto-warm-basic-134217728,stride16-clang18-auto,0,stride16_scan,auto,warm,basic,134217728,134217728,54525952,26,253339236,556058392,4,4,0,0,0,0
1,stride16-clang18-auto-r0-stride16_scan-auto-warm-branch-28672,stride16-clang18-auto,0,stride16_scan,auto,warm,branch,28672,28672,417036480,930885,250000367,548729856,4,4,0,0,976161499717,0
1,stride16-clang18-auto-r0-stride16_scan-auto-warm-basic-24576,stride16-clang18-auto,0,stride16_scan,auto,warm,basic,24576,24576,408254208,1063162,250000159,548729412,4,4,0,0,0,0
1,stride16-clang18-auto-r0-stride16_scan-auto-warm-branch-2097152,stride16-clang18-auto,0,stride16_scan,auto,warm,branch,2097152,2097152,116686848,3561,250063466,548868384,4,4,0,0,70689683411531,0
1,stride16-clang18-auto-r0-stride16_scan-auto-warm-basic-6291456,stride16-clang18-auto,0,stride16_scan,auto,warm,basic,6291456,6291456,90832896,924,250065290,548872384,4,4,0,0,0,0
1,stride16-clang18-auto-r0-stride16_scan-auto-warm-branch-134217728,stride16-clang18-auto,0,stride16_scan,auto,warm,branch,134217728,134217728,54525952,26,251573470,552182680,4,4,0,0,0,0
1,stride16-clang18-auto-r0-stride16_scan-auto-warm-basic-4194304,stride16-clang18-auto,0,stride16_scan,auto,warm,basic,4194304,4194304,116457472,1777,250083801,548912988,4,4,0,0,141368020905390,0
1,stride16-clang18-auto-r0-stride16_scan-auto-warm-basic-7340032,stride16-clang18-auto,0,stride16_scan,auto,warm,basic,7340032,7340032,88997888,776,250230204,549234336,4,4,0,0,0,0
1,stride16-clang18-auto-r0-stride16_scan-auto-warm-basic-524288,stride16-clang18-auto,0,stride16_scan,auto,warm,basic,524288,524288,116228096,14188,250008930,548748652,4,4,0,0,0,0
1,stride16-clang18-auto-r0-stride16_scan-auto-cache_evicted-branch-1048576,stride16-clang18-auto,0,stride16_scan,auto,cache_evicted,branch,1048576,1048576,116473856,7109,250014517,548760920,4,4,0,0,35348285803208,0
1,stride16-clang18-auto-r0-stride16_scan-auto-warm-branch-12582912,stride16-clang18-auto,0,stride16_scan,auto,warm,branch,12582912,12582912,63111168,321,250541423,549917456,4,4,0,0,423455210179455,0
1,stride16-clang18-auto-r0-stride16_scan-auto-cache_evicted-branch-536870912,stride16-clang18-auto,0,stride16_scan,auto,cache_evicted,branch,536870912,536870912,58720256,7,275246775,604143624,4,4,0,0,18015042600573679,0
1,stride16-clang18-auto-r0-stride16_scan-auto-cache_evicted-basic-8388608,stride16-clang18-auto,0,stride16_scan,auto,cache_evicted,basic,8388608,8388608,79822848,609,250232944,549240336,4,4,0,0,281507542950063,0
1,stride16-clang18-auto-r0-stride16_scan-auto-warm-basic-49152,stride16-clang18-auto,0,stride16_scan,auto,warm,basic,49152,49152,206688768,269126,250000507,548730164,4,4,0,0,0,0
1,stride16-clang18-auto-r0-stride16_scan-auto-warm-branch-36864,stride16-clang18-auto,0,stride16_scan,auto,warm,branch,36864,36864,205625088,356988,250000759,548730716,4,4,0,0,0,0
1,stride16-clang18-auto-r0-stride16_scan-auto-warm-branch-524288,stride16-clang18-auto,0,stride16_scan,auto,warm,branch,524288,524288,116228096,14188,250011099,548753412,4,4,0,0,0,0
1,stride16-clang18-auto-r0-stride16_scan-auto-cache_evicted-basic-536870912,stride16-clang18-auto,0,stride16_scan,auto,cache_evicted,basic,536870912,536870912,58720256,7,275778090,605309784,4,4,0,0,18015042600573679,0
1,stride16-clang18-auto-r0-stride16_scan-auto-cache_evicted-basic-1048576,stride16-clang18-auto,0,stride16_scan,auto,cache_evicted,basic,1048576,1048576,116555776,7114,250024338,548782504,4,4,0,0,0,0
1,stride16-clang18-auto-r0-stride16_scan-auto-warm-basic-32768,stride16-clang18-auto,0,stride16_scan,auto,warm,basic,32768,32768,416766464,813997,250000372,548729880,4,4,0,0,1103962522432,0
1,stride16-clang18-auto-r0-stride16_scan-auto-warm-branch-262144,stride16-clang18-auto,0,stride16_scan,auto,warm,branch,262144,262144,205033472,50057,250001685,548732748,4,4,0,0,8846565440051,0
1,stride16-clang18-auto-r0-stride16_scan-auto-warm-basic-12582912,stride16-clang18-auto,0,stride16_scan,auto,warm,basic,12582912,12582912,61931520,315,250381542,549566496,4,4,0,0,423455210179455,0
1,stride16-clang18-auto-r0-stride16_scan-auto-cache_evicted-branch-262144,stride16-clang18-auto,0,stride16_scan,auto,cache_evicted,branch,262144,262144,162263040,39615,250004292,548738480,4,4,0,0,8842951601924,0
1,stride16-clang18-auto-r0-stride16_scan-auto-warm-branch-32768,stride16-clang18-auto,0,stride16_scan,auto,warm,branch,32768,32768,415319552,811171,250000116,548729292,4,4,0,0,1103962522432,0
1,stride16-clang18-auto-r0-stride16_scan-auto-warm-basic-2097152,stride16-clang18-auto,0,stride16_scan,auto,warm,basic,2097152,2097152,116654080,3560,250003724,548737224,4,4,0,0,0,0
1,stride16-clang18-auto-r0-stride16_scan-auto-warm-basic-8192,stride16-clang18-auto,0,stride16_scan,auto,warm,basic,8192,8192,311810304,2436018,250000079,548729236,4,4,0,0,0,0
1,stride16-clang18-auto-r0-stride16_scan-auto-warm-basic-98304,stride16-clang18-auto,0,stride16_scan,auto,warm,basic,98304,98304,215674368,140413,250000135,548729344,4,4,0,0,3269693229840,0
1,stride16-clang18-auto-r0-stride16_scan-auto-warm-branch-8192,stride16-clang18-auto,0,stride16_scan,auto,warm,branch,8192,8192,311768576,2435692,250000139,548729356,4,4,0,0,0,0
1,stride16-clang18-auto-r0-stride16_scan-auto-warm-branch-16384,stride16-clang18-auto,0,stride16_scan,auto,warm,branch,16384,16384,379582464,1482744,250000105,548729284,4,4,0,0,0,0
1,stride16-clang18-auto-r0-stride16_scan-auto-cache_evicted-basic-32768,stride16-clang18-auto,0,stride16_scan,auto,cache_evicted,basic,32768,32768,416929792,814316,250000239,548729604,4,4,0,0,0,0
1,stride16-clang18-auto-r0-stride16_scan-auto-cache_evicted-basic-262144,stride16-clang18-auto,0,stride16_scan,auto,cache_evicted,basic,262144,262144,158281728,38643,250005001,548740056,4,4,0,0,8842951601924,0
1,stride16-clang18-auto-r0-stride16_scan-auto-warm-branch-294912,stride16-clang18-auto,0,stride16_scan,auto,warm,branch,294912,294912,147621888,32036,250005795,548741748,4,4,0,0,0,0
1,stride16-clang18-auto-r0-stride16_scan-auto-warm-basic-65536,stride16-clang18-auto,0,stride16_scan,auto,warm,basic,65536,65536,213221376,208224,250000308,548729732,4,4,0,0,0,0
1,stride16-clang18-auto-r0-stride16_scan-auto-cache_evicted-branch-32768,stride16-clang18-auto,0,stride16_scan,auto,cache_evicted,branch,32768,32768,415332352,811196,250000172,548729436,4,4,0,0,0,0
1,stride16-clang18-auto-r0-stride16_scan-auto-cache_evicted-basic-6291456,stride16-clang18-auto,0,stride16_scan,auto,cache_evicted,basic,6291456,6291456,95354880,970,250068464,548879328,4,4,0,0,0,0
1,stride16-clang18-auto-r0-stride16_scan-auto-warm-branch-393216,stride16-clang18-auto,0,stride16_scan,auto,warm,branch,393216,393216,115802112,18848,250005393,548740896,4,4,0,0,0,0
1,stride16-clang18-auto-r0-stride16_scan-auto-warm-branch-33554432,stride16-clang18-auto,0,stride16_scan,auto,warm,branch,33554432,33554432,54525952,104,251598347,552237308,4,4,0,0,0,0
1,stride16-clang18-auto-r0-stride16_scan-auto-warm-basic-36864,stride16-clang18-auto,0,stride16_scan,auto,warm,basic,36864,36864,214267392,371992,250000149,548729376,4,4,0,0,0,0
1,stride16-clang18-auto-r0-stride16_scan-auto-warm-branch-65536,stride16-clang18-auto,0,stride16_scan,auto,warm,branch,65536,65536,213543936,208539,250000993,548731260,4,4,0,0,2211460699481,0
1,stride16-clang18-auto-r0-stride16_scan-auto-warm-basic-536870912,stride16-clang18-auto,0,stride16_scan,auto,warm,basic,536870912,536870912,58720256,7,274310138,602087776,4,4,0,0,18006694042731052,0
1,stride16-clang18-auto-r0-stride16_scan-auto-warm-branch-6291456,stride16-clang18-auto,0,stride16_scan,auto,warm,branch,6291456,6291456,96534528,982,250145119,549047584,4,4,0,0,0,0
1,stride16-clang18-auto-r0-stride16_scan-auto-warm-basic-28672,stride16-clang18-auto,0,stride16_scan,auto,warm,basic,28672,28672,417814656,932622,250000404,548729948,4,4,0,0,0,0
1,stride16-clang18-auto-r0-stride16_scan-auto-warm-basic-5242880,stride16-clang18-auto,0,stride16_scan,auto,warm,basic,5242880,5242880,106250240,1297,250176248,549115896,4,4,0,0,176728404966152,0
1,stride16-clang18-auto-r0-stride16_scan-auto-warm-basic-131072,stride16-clang18-auto,0,stride16_scan,auto,warm,basic,131072,131072,202557440,98905,250002245,548734008,4,4,0,0,4387134588690,0
1,stride16-clang18-auto-r0-stride16_scan-auto-warm-basic-393216,stride16-clang18-auto,0,stride16_scan,auto,warm,basic,393216,393216,116011008,18882,250010415,548751920,4,4,0,0,0,0
1,stride16-clang18-auto-r0-stride16_scan-auto-warm-branch-4194304,stride16-clang18-auto,0,stride16_scan,auto,warm,branch,4194304,4194304,115146752,1757,250006929,548744272,4,4,0,0,141368020905390,0
1,stride16-clang18-auto-r0-stride16_scan-auto-warm-branch-131072,stride16-clang18-auto,0,stride16_scan,auto,warm,branch,131072,131072,217493504,106198,250000185,548729464,4,4,0,0,0,0
1,stride16-clang18-auto-r0-stride16_scan-auto-cache_evicted-branch-8388608,stride16-clang18-auto,0,stride16_scan,auto,cache_evicted,branch,8388608,8388608,79167488,604,250236824,549248856,4,4,0,0,0,0
1,stride16-clang18-auto-r0-stride16_scan-auto-warm-branch-98304,stride16-clang18-auto,0,stride16_scan,auto,warm,branch,98304,98304,215632896,140386,250001340,548732004,4,4,0,0,0,0
1,stride16-clang18-auto-r0-stride16_scan-auto-warm-basic-229376,stride16-clang18-auto,0,stride16_scan,auto,warm,basic,229376,229376,206302208,57562,250002671,548734912,4,4,0,0,0,0
1,stride16-clang18-auto-r0-stride16_scan-auto-warm-basic-262144,stride16-clang18-auto,0,stride16_scan,auto,warm,basic,262144,262144,145829888,35603,250007043,548744508,4,4,0,0,8846565440051,0
1,stride16-clang18-auto-r0-stride16_scan-auto-warm-basic-8388608,stride16-clang18-auto,0,stride16_scan,auto,warm,basic,8388608,8388608,76939264,587,250405991,549620164,4,4,0,0,282530597735604,0
1,stride16-clang18-auto-r0-stride16_scan-auto-warm-branch-229376,stride16-clang18-auto,0,stride16_scan,auto,warm,branch,229376,229376,199721984,55726,250003817,548737440,4,4,0,0,0,0
1,stride16-clang18-auto-r0-stride16_scan-auto-cache_evicted-branch-33554432,stride16-clang18-auto,0,stride16_scan,auto,cache_evicted,branch,33554432,33554432,54001664,103,251557171,552146936,4,4,0,0,1126183803982906,0
1,stride16-clang18-auto-r0-stride16_scan-auto-warm-basic-294912,stride16-clang18-auto,0,stride16_scan,auto,warm,basic,294912,294912,139364352,30244,250005603,548741380,4,4,0,0,0,0
1,stride16-clang18-auto-r0-stride16_scan-auto-warm-basic-16384,stride16-clang18-auto,0,stride16_scan,auto,warm,basic,16384,16384,379552768,1482628,250000222,548729548,4,4,0,0,0,0
1,stride16-clang18-auto-r0-stride16_scan-auto-warm-branch-8388608,stride16-clang18-auto,0,stride16_scan,auto,warm,branch,8388608,8388608,77463552,591,250367585,549535864,4,4,0,0,282530597735604,0
1,stride16-clang18-auto-r0-stride16_scan-auto-warm-branch-24576,stride16-clang18-auto,0,stride16_scan,auto,warm,branch,24576,24576,411413760,1071390,250000239,548729576,4,4,0,0,0,0
1,stride16-clang18-auto-r0-stride16_scan-auto-warm-basic-33554432,stride16-clang18-auto,0,stride16_scan,auto,warm,basic,33554432,33554432,54525952,104,250959789,550835704,4,4,0,0,0,0
1,stride16-clang18-auto-r0-stride16_scan-auto-cache_evicted-branch-6291456,stride16-clang18-auto,0,stride16_scan,auto,cache_evicted,branch,6291456,6291456,94371840,960,250307162,549403248,4,4,0,0,0,0
1,stride16-clang18-auto-r0-stride16_scan-auto-warm-basic-1048576,stride16-clang18-auto,0,stride16_scan,auto,warm,basic,1048576,1048576,116490240,7110,250015629,548763368,4,4,0,0,0,0
1,stride16-clang18-auto-r0-stride16_scan-auto-warm-basic-196608,stride16-clang18-auto,0,stride16_scan,auto,warm,basic,196608,196608,199403520,64910,250001761,548732944,4,4,0,0,0,0
1,stride16-clang18-auto-r1-stride16_scan-auto-warm-basic-16384,stride16-clang18-auto,1,stride16_scan,auto,warm,basic,16384,16384,379575040,1482715,250000316,548729724,4,4,0,0,575513862304,0
1,stride16-clang18-auto-r1-stride16_scan-auto-warm-basic-8388608,stride16-clang18-auto,1,stride16_scan,auto,warm,basic,8388608,8388608,79167488,604,250118205,548988496,4,4,0,0,0,0
1,stride16-clang18-auto-r1-stride16_scan-auto-warm-branch-294912,stride16-clang18-auto,1,stride16_scan,auto,warm,branch,294912,294912,142783488,30986,250007598,548745764,4,4,0,0,0,0
1,stride16-clang18-auto-r1-stride16_scan-auto-warm-basic-12582912,stride16-clang18-auto,1,stride16_scan,auto,warm,basic,12582912,12582912,62717952,319,250054472,548848612,4,4,0,0,421428453443259,0
1,stride16-clang18-auto-r1-stride16_scan-auto-warm-basic-4194304,stride16-clang18-auto,1,stride16_scan,auto,warm,basic,4194304,4194304,105840640,1615,250059307,548859164,4,4,0,0,139852012449408,0
1,stride16-clang18-auto-r1-stride16_scan-auto-warm-branch-262144,stride16-clang18-auto,1,stride16_scan,auto,warm,branch,262144,262144,155201536,37891,250004566,548739076,4,4,0,0,8865436883495,0
1,stride16-clang18-auto-r1-stride16_scan-auto-warm-basic-36864,stride16-clang18-auto,1,stride16_scan,auto,warm,basic,36864,36864,206011008,357658,250000358,548729812,4,4,0,0,0,0
1,stride16-clang18-auto-r1-stride16_scan-auto-cache_evicted-branch-33554432,stride16-clang18-auto,1,stride16_scan,auto,cache_evicted,branch,33554432,33554432,54001664,103,250018973,548770700,4,4,0,0,1125643461760403,0
1,stride16-clang18-auto-r1-stride16_scan-auto-cache_evicted-branch-32768,stride16-clang18-auto,1,stride16_scan,auto,cache_evicted,branch,32768,32768,416827904,814117,250000304,548729716,4,4,0,0,1114331772438,0
1,stride16-clang18-auto-r1-stride16_scan-auto-warm-basic-1048576,stride16-clang18-auto,1,stride16_scan,auto,warm,basic,1048576,1048576,116523008,7112,250017241,548766892,4,4,0,0,0,0
1,stride16-clang18-auto-r1-stride16_scan-auto-warm-branch-6291456,stride16-clang18-auto,1,stride16_scan,auto,warm,branch,6291456,6291456,90243072,918,250031313,548797776,4,4,0,0,0,0
1,stride16-clang18-auto-r1-stride16_scan-auto-warm-basic-28672,stride16-clang18-auto,1,stride16_scan,auto,warm,basic,28672,28672,413745920,923540,250000223,548729540,4,4,0,0,0,0
1,stride16-clang18-auto-r1-stride16_scan-auto-warm-branch-229376,stride16-clang18-auto,1,stride16_scan,auto,warm,branch,229376,229376,162297856,45284,250005568,548741276,4,4,0,0,0,0
1,stride16-clang18-auto-r1-stride16_scan-auto-cache_evicted-branch-536870912,stride16-clang18-auto,1,stride16_scan,auto,cache_evicted,branch,536870912,536870912,58720256,7,274399836,602284652,4,4,0,0,18015631118446742,0
1,stride16-clang18-auto-r1-stride16_scan-auto-cache_evicted-basic-8388608,stride16-clang18-auto,1,stride16_scan,auto,cache_evicted,basic,8388608,8388608,80609280,615,250106469,548962764,4,4,0,0,280977992419931,0
1,stride16-clang18-auto-r1-stride16_scan-auto-warm-branch-12582912,stride16-clang18-auto,1,stride16_scan,auto,warm,branch,12582912,12582912,63111168,321,250209370,549188604,4,4,0,0,421428453443259,0
1,stride16-clang18-auto-r1-stride16_scan-auto-warm-branch-16384,stride16-clang18-auto,1,stride16_scan,auto,warm,branch,16384,16384,379547648,1482608,250000092,548729256,4,4,0,0,0,0
1,stride16-clang18-auto-r1-stride16_scan-auto-warm-basic-65536,stride16-clang18-auto,1,stride16_scan,auto,warm,basic,65536,65536,214696960,209665,250000367,548729884,4,4,0,0,2271258088339,0
1,stride16-clang18-auto-r1-stride16_scan-auto-warm-branch-49152,stride16-clang18-auto,1,stride16_scan,auto,warm,branch,49152,49152,215427840,280505,250000405,548729940,4,4,0,0,1702057685768,0
1,stride16-clang18-auto-r1-stride16_scan-auto-warm-basic-49152,stride16-clang18-auto,1,stride16_scan,auto,warm,basic,49152,49152,208538112,271534,250000781,548730768,4,4,0,0,0,0
1,stride16-clang18-auto-r1-stride16_scan-auto-cache_evicted-basic-32768,stride16-clang18-auto,1,stride16_scan,auto,cache_evicted,basic,32768,32768,415483392,811491,250000254,548729616,4,4,0,0,1114331772438,0
1,stride16-clang18-auto-r1-stride16_scan-auto-cache_evicted-branch-1048576,stride16-clang18-auto,1,stride16_scan,auto,cache_evicted,branch,1048576,1048576,116523008,7112,250032197,548799724,4,4,0,0,0,0
1,stride16-clang18-auto-r1-stride16_scan-auto-warm-basic-98304,stride16-clang18-auto,1,stride16_scan,auto,warm,basic,98304,98304,213149184,138769,250001202,548731692,4,4,0,0,3375903763914,0
1,stride16-clang18-auto-r1-stride16_scan-auto-warm-branch-196608,stride16-clang18-auto,1,stride16_scan,auto,warm,branch,196608,196608,224142336,72963,250001908,548733256,4,4,0,0,6715415286962,0
1,stride16-clang18-auto-r1-stride16_scan-auto-cache_evicted-branch-6291456,stride16-clang18-auto,1,stride16_scan,auto,cache_evicted,branch,6291456,6291456,100368384,1021,250216969,549205292,4,4,0,0,211017895228268,0
1,stride16-clang18-auto-r1-stride16_scan-auto-warm-basic-7340032,stride16-clang18-auto,1,stride16_scan,auto,warm,basic,7340032,7340032,88768512,774,250237715,549250844,4,4,0,0,0,0
1,stride16-clang18-auto-r1-stride16_scan-auto-warm-basic-393216,stride16-clang18-auto,1,stride16_scan,auto,warm,basic,393216,393216,115980288,18877,250011979,548755372,4,4,0,0,13209971301426,0
1,stride16-clang18-auto-r1-stride16_scan-auto-warm-branch-98304,stride16-clang18-auto,1,stride16_scan,auto,warm,branch,98304,98304,215794176,140491,250000848,548730912,4,4,0,0,3375903763914,0
1,stride16-clang18-auto-r1-stride16_scan-auto-cache_evicted-branch-8388608,stride16-clang18-auto,1,stride16_scan,auto,cache_evicted,branch,8388608,8388608,77987840,595,250375283,549552772,4,4,0,0,280977992419931,0
1,stride16-clang18-auto-r1-stride16_scan-auto-warm-branch-1048576,stride16-clang18-auto,1,stride16_scan,auto,warm,branch,1048576,1048576,116506624,7111,250019460,548771792,4,4,0,0,34910553176740,0
1,stride16-clang18-auto-r1-stride16_scan-auto-cache_evicted-basic-1048576,stride16-clang18-auto,1,stride16_scan,auto,cache_evicted,basic,1048576,1048576,116539392,7113,250019591,548772052,4,4,0,0,35120174152694,0
1,stride16-clang18-auto-r1-stride16_scan-auto-warm-basic-2097152,stride16-clang18-auto,1,stride16_scan,auto,warm,basic,2097152,2097152,116686848,3561,250044584,548826908,4,4,0,0,69916255170150,0
1,stride16-clang18-auto-r1-stride16_scan-auto-warm-branch-8192,stride16-clang18-auto,1,stride16_scan,auto,warm,branch,8192,8192,309308288,2416471,250000132,548729348,4,4,0,0,288938756522,0
1,stride16-clang18-auto-r1-stride16_scan-auto-warm-basic-8192,stride16-clang18-auto,1,stride16_scan,auto,warm,basic,8192,8192,310691968,2427281,250000177,548729452,4,4,0,0,288938756522,0
1,stride16-clang18-auto-r1-stride16_scan-auto-warm-branch-8388608,stride16-clang18-auto,1,stride16_scan,auto,warm,branch,8388608,8388608,79953920,610,250314792,549419988,4,4,0,0,0,0
1,stride16-clang18-auto-r1-stride16_scan-auto-warm-branch-33554432,stride16-clang18-auto,1,stride16_scan,auto,warm,branch,33554432,33554432,55050240,105,252133660,553412256,4,4,0,0,1125097237269974,0
1,stride16-clang18-auto-r1-stride16_scan-auto-warm-basic-6291456,stride16-clang18-auto,1,stride16_scan,auto,warm,basic,6291456,6291456,105971712,1078,250173689,549110312,4,4,0,0,0,0
1,stride16-clang18-auto-r1-stride16_scan-auto-warm-branch-2097152,stride16-clang18-auto,1,stride16_scan,auto,warm,branch,2097152,2097152,116621312,3559,250013949,548759672,4,4,0,0,69916255170150,0
1,stride16-clang18-auto-r1-stride16_scan-auto-warm-branch-65536,stride16-clang18-auto,1,stride16_scan,auto,warm,branch,65536,65536,211580928,206622,250001240,548731784,4,4,0,0,0,0
1,stride16-clang18-auto-r1-stride16_scan-auto-warm-basic-294912,stride16-clang18-auto,1,stride16_scan,auto,warm,basic,294912,294912,150782976,32722,250001936,548733300,4,4,0,0,0,0
1,stride16-clang18-auto-r1-stride16_scan-auto-warm-basic-32768,stride16-clang18-auto,1,stride16_scan,auto,warm,basic,32768,32768,417738240,815895,250000367,548729868,4,4,0,0,1123546468123,0
1,stride16-clang18-auto-r1-stride16_scan-auto-warm-basic-5242880,stride16-clang18-auto,1,stride16_scan,auto,warm,basic,5242880,5242880,113786880,1389,250014305,548760440,4,4,0,0,175321634073494,0
1,stride16-clang18-auto-r1-stride16_scan-auto-warm-basic-536870912,stride16-clang18-auto,1,stride16_scan,auto,warm,basic,536870912,536870912,58720256,7,274305305,602077184,4,4,0,0,18013998530839609,0
1,stride16-clang18-auto-r1-stride16_scan-auto-warm-basic-131072,stride16-clang18-auto,1,stride16_scan,auto,warm,basic,131072,131072,221808640,108305,250002371,548734284,4,4,0,0,4517661751626,0
1,stride16-clang18-auto-r1-stride16_scan-auto-cache_evicted-basic-6291456,stride16-clang18-auto,1,stride16_scan,auto,cache_evicted,basic,6291456,6291456,96141312,978,250248078,549273536,4,4,0,0,0,0
1,stride16-clang18-auto-r1-stride16_scan-auto-cache_evicted-branch-262144,stride16-clang18-auto,1,stride16_scan,auto,cache_evicted,branch,262144,262144,160956416,39296,250002760,548735112,4,4,0,0,0,0
1,stride16-clang18-auto-r1-stride16_scan-auto-warm-branch-28672,stride16-clang18-auto,1,stride16_scan,auto,warm,branch,28672,28672,414429120,925065,250000230,548729556,4,4,0,0,978716121332,0
1,stride16-clang18-auto-r1-stride16_scan-auto-warm-basic-196608,stride16-clang18-auto,1,stride16_scan,auto,warm,basic,196608,196608,238783488,77729,250000815,548730856,4,4,0,0,6715415286962,0
1,stride16-clang18-auto-r1-stride16_scan-auto-warm-branch-536870912,stride16-clang18-auto,1,stride16_scan,auto,warm,branch,536870912,536870912,58720256,7,276621023,607159984,4,4,0,0,18013998530839609,0
1,stride16-clang18-auto-r1-stride16_scan-auto-warm-branch-134217728,stride16-clang18-auto,1,stride16_scan,auto,warm,branch,134217728,134217728,54525952,26,251305093,551593624,4,4,0,0,0,0
1,stride16-clang18-auto-r1-stride16_scan-auto-warm-basic-24576,stride16-clang18-auto,1,stride16_scan,auto,warm,basic,24576,24576,411463680,1071520,250000283,548729672,4,4,0,0,0,0
1,stride16-clang18-auto-r1-stride16_scan-auto-cache_evicted-basic-536870912,stride16-clang18-auto,1,stride16_scan,auto,cache_evicted,basic,536870912,536870912,58720256,7,274864791,603305192,4,4,0,0,18015631118446742,0
1,stride16-clang18-auto-r1-stride16_scan-auto-warm-branch-393216,stride16-clang18-auto,1,stride16_scan,auto,warm,branch,393216,393216,116041728,18887,250008516,548747748,4,4,0,0,13209971301426,0
1,stride16-clang18-auto-r1-stride16_scan-auto-warm-branch-7340032,stride16-clang18-auto,1,stride16_scan,auto,warm,branch,7340032,7340032,81772544,713,250260451,549300720,4,4,0,0,245806271394985,0
1,stride16-clang18-auto-r1-stride16_scan-auto-warm-basic-229376,stride16-clang18-auto,1,stride16_scan,auto,warm,basic,229376,229376,160505856,44784,250003919,548737560,4,4,0,0,0,0
1,stride16-clang18-auto-r1-stride16_scan-auto-warm-basic-134217728,stride16-clang18-auto,1,stride16_scan,auto,warm,basic,134217728,134217728,54525952,26,253183507,555716580,4,4,0,0,0,0
1,stride16-clang18-auto-r1-stride16_scan-auto-warm-basic-524288,stride16-clang18-auto,1,stride16_scan,auto,warm,basic,524288,524288,116219904,14187,250009812,548750620,4,4,0,0,17612306784503,0
1,stride16-clang18-auto-r1-stride16_scan-auto-warm-branch-131072,stride16-clang18-auto,1,stride16_scan,auto,warm,branch,131072,131072,220893184,107858,250001054,548731364,4,4,0,0,0,0
1,stride16-clang18-auto-r1-stride16_scan-auto-warm-branch-524288,stride16-clang18-auto,1,stride16_scan,auto,warm,branch,524288,524288,116269056,14193,250000522,548730208,4,4,0,0,17612306784503,0
1,stride16-clang18-auto-r1-stride16_scan-auto-warm-branch-24576,stride16-clang18-auto,1,stride16_scan,auto,warm,branch,24576,24576,411288576,1071064,250000176,548729448,4,4,0,0,0,0
1,stride16-clang18-auto-r1-stride16_scan-auto-cache_evicted-basic-33554432,stride16-clang18-auto,1,stride16_scan,auto,cache_evicted,basic,33554432,33554432,54525952,104,252002387,553124120,4,4,0,0,0,0
1,stride16-clang18-auto-r1-stride16_scan-auto-warm-branch-36864,stride16-clang18-auto,1,stride16_scan,auto,warm,branch,36864,36864,205566912,356887,250000567,548730296,4,4,0,0,1270803500608,0
1,stride16-clang18-auto-r1-stride16_scan-auto-warm-basic-33554432,stride16-clang18-auto,1,stride16_scan,auto,warm,basic,33554432,33554432,54525952,104,252001700,553122636,4,4,0,0,0,0
1,stride16-clang18-auto-r1-stride16_scan-auto-warm-branch-5242880,stride16-clang18-auto,1,stride16_scan,auto,warm,branch,5242880,5242880,104857600,1280,250131346,549017344,4,4,0,0,0,0
1,stride16-clang18-auto-r1-stride16_scan-auto-warm-branch-32768,stride16-clang18-auto,1,stride16_scan,auto,warm,branch,32768,32768,417332224,815102,250000356,548729860,4,4,0,0,0,0
1,stride16-clang18-auto-r1-stride16_scan-auto-warm-basic-262144,stride16-clang18-auto,1,stride16_scan,auto,warm,basic,262144,262144,148086784,36154,250002742,548735080,4,4,0,0,0,0
1,stride16-clang18-auto-r1-stride16_scan-auto-cache_evicted-basic-262144,stride16-clang18-auto,1,stride16_scan,auto,cache_evicted,basic,262144,262144,142630912,34822,250007038,548744512,4,4,0,0,0,0
1,stride16-clang18-auto-r1-stride16_scan-auto-warm-branch-4194304,stride16-clang18-auto,1,stride16_scan,auto,warm,branch,4194304,4194304,113311744,1729,250016662,548765636,4,4,0,0,139852012449408,0
1,stride16-clang18-auto-r2-stride16_scan-auto-cache_evicted-branch-32768,stride16-clang18-auto,2,stride16_scan,auto,cache_evicted,branch,32768,32768,418279936,816953,250000370,548729848,4,4,0,0,1101398788270,0
1,stride16-clang18-auto-r2-stride16_scan-auto-warm-basic-536870912,stride16-clang18-auto,2,stride16_scan,auto,warm,basic,536870912,536870912,58720256,7,274260256,601978288,4,4,0,0,18017015376263269,0
1,stride16-clang18-auto-r2-stride16_scan-auto-warm-branch-1048576,stride16-clang18-auto,2,stride16_scan,auto,warm,branch,1048576,1048576,116572160,7115,250021331,548775904,4,4,0,0,35633181691364,0
1,stride16-clang18-auto-r2-stride16_scan-auto-warm-branch-8192,stride16-clang18-auto,2,stride16_scan,auto,warm,branch,8192,8192,311906560,2436770,250000154,548729396,4,4,0,0,0,0
1,stride16-clang18-auto-r2-stride16_scan-auto-warm-branch-229376,stride16-clang18-auto,2,stride16_scan,auto,warm,branch,229376,229376,231547904,64606,250001076,548731448,4,4,0,0,0,0
1,stride16-clang18-auto-r2-stride16_scan-auto-warm-branch-32768,stride16-clang18-auto,2,stride16_scan,auto,warm,branch,32768,32768,418668544,817712,250000241,548729580,4,4,0,0,0,0
1,stride16-clang18-auto-r2-stride16_scan-auto-warm-basic-393216,stride16-clang18-auto,2,stride16_scan,auto,warm,basic,393216,393216,116017152,18883,250005381,548740856,4,4,0,0,13385687496061,0
1,stride16-clang18-auto-r2-stride16_scan-auto-warm-branch-6291456,stride16-clang18-auto,2,stride16_scan,auto,warm,branch,6291456,6291456,94175232,958,250201612,549171504,4,4,0,0,0,0
1,stride16-clang18-auto-r2-stride16_scan-auto-warm-basic-1048576,stride16-clang18-auto,2,stride16_scan,auto,warm,basic,1048576,1048576,116539392,7113,250028554,548791736,4,4,0,0,35633181691364,0
1,stride16-clang18-auto-r2-stride16_scan-auto-warm-basic-65536,stride16-clang18-auto,2,stride16_scan,auto,warm,basic,65536,65536,215060480,210020,250001023,548731308,4,4,0,0,0,0
1,stride16-clang18-auto-r2-stride16_scan-auto-warm-branch-98304,stride16-clang18-auto,2,stride16_scan,auto,warm,branch,98304,98304,214388736,139576,250000573,548730312,4,4,0,0,0,0
1,stride16-clang18-auto-r2-stride16_scan-auto-cache_evicted-basic-32768,stride16-clang18-auto,2,stride16_scan,auto,cache_evicted,basic,32768,32768,416403968,813289,250000288,548729688,4,4,0,0,1101398788270,0
1,stride16-clang18-auto-r2-stride16_scan-auto-warm-branch-16384,stride16-clang18-auto,2,stride16_scan,auto,warm,branch,16384,16384,379581952,1482742,250000121,548729332,4,4,0,0,0,0
1,stride16-clang18-auto-r2-stride16_scan-auto-warm-basic-8192,stride16-clang18-auto,2,stride16_scan,auto,warm,basic,8192,8192,310725248,2427541,250000125,548729360,4,4,0,0,278285643378,0
1,stride16-clang18-auto-r2-stride16_scan-auto-warm-basic-134217728,stride16-clang18-auto,2,stride16_scan,auto,warm,basic,134217728,134217728,54525952,26,251476866,551970652,4,4,0,0,0,0
1,stride16-clang18-auto-r2-stride16_scan-auto-warm-branch-49152,stride16-clang18-auto,2,stride16_scan,auto,warm,branch,49152,49152,226742784,295238,250000289,548729660,4,4,0,0,0,0
1,stride16-clang18-auto-r2-stride16_scan-auto-warm-branch-4194304,stride16-clang18-auto,2,stride16_scan,auto,warm,branch,4194304,4194304,114098176,1741,250067927,548878144,4,4,0,0,141580053400505,0
1,stride16-clang18-auto-r2-stride16_scan-auto-warm-basic-8388608,stride16-clang18-auto,2,stride16_scan,auto,warm,basic,8388608,8388608,80347136,613,250238304,549252080,4,4,0,0,282372550479532,0
1,stride16-clang18-auto-r2-stride16_scan-auto-warm-basic-16384,stride16-clang18-auto,2,stride16_scan,auto,warm,basic,16384,16384,379557888,1482648,250000177,548729436,4,4,0,0,0,0
1,stride16-clang18-auto-r2-stride16_scan-auto-warm-basic-2097152,stride16-clang18-auto,2,stride16_scan,auto,warm,basic,2097152,2097152,116686848,3561,250067701,548877648,4,4,0,0,71080920162527,0
1,stride16-clang18-auto-r2-stride16_scan-auto-warm-basic-262144,stride16-clang18-auto,2,stride16_scan,auto,warm,basic,262144,262144,177057792,43227,250001668,548732688,4,4,0,0,8899956482080,0
1,stride16-clang18-auto-r2-stride16_scan-auto-warm-basic-294912,stride16-clang18-auto,2,stride16_scan,auto,warm,basic,294912,294912,126420480,27435,250006897,548744192,4,4,0,0,10043047323091,0
1,stride16-clang18-auto-r2-stride16_scan-auto-warm-branch-536870912,stride16-clang18-auto,2,stride16_scan,auto,warm,branch,536870912,536870912,58720256,7,276577843,607065232,4,4,0,0,18017015376263269,0
1,stride16-clang18-auto-r2-stride16_scan-auto-warm-branch-33554432,stride16-clang18-auto,2,stride16_scan,auto,warm,branch,33554432,33554432,54001664,103,252110127,553360632,4,4,0,0,1125609418673861,0
1,stride16-clang18-auto-r2-stride16_scan-auto-cache_evicted-branch-33554432,stride16-clang18-auto,2,stride16_scan,auto,cache_evicted,branch,33554432,33554432,54001664,103,252016449,553154980,4,4,0,0,1127447314741974,0
1,stride16-clang18-auto-r2-stride16_scan-auto-warm-branch-8388608,stride16-clang18-auto,2,stride16_scan,auto,warm,branch,8388608,8388608,78643200,600,250173310,549109416,4,4,0,0,0,0
1,stride16-clang18-auto-r2-stride16_scan-auto-warm-branch-7340032,stride16-clang18-auto,2,stride16_scan,auto,warm,branch,7340032,7340032,87162880,760,250234543,549243812,4,4,0,0,0,0
1,stride16-clang18-auto-r2-stride16_scan-auto-cache_evicted-basic-8388608,stride16-clang18-auto,2,stride16_scan,auto,cache_evicted,basic,8388608,8388608,78512128,599,250257369,549293980,4,4,0,0,281904633947272,0
1,stride16-clang18-auto-r2-stride16_scan-auto-warm-basic-6291456,stride16-clang18-auto,2,stride16_scan,auto,warm,basic,6291456,6291456,82477056,839,250261594,549303224,4,4,0,0,211946221951501,0
1,stride16-clang18-auto-r2-stride16_scan-auto-warm-branch-262144,stride16-clang18-auto,2,stride16_scan,auto,warm,branch,262144,262144,161411072,39407,250001954,548733340,4,4,0,0,8899956482080,0
1,stride16-clang18-auto-r2-stride16_scan-auto-warm-branch-5242880,stride16-clang18-auto,2,stride16_scan,auto,warm,branch,5242880,5242880,96092160,1173,250098038,548944236,4,4,0,0,176834230349933,0
1,stride16-clang18-auto-r2-stride16_scan-auto-warm-branch-24576,stride16-clang18-auto,2,stride16_scan,auto,warm,branch,24576,24576,411462528,1071517,250000097,548729280,4,4,0,0,854043843132,0
1,stride16-clang18-auto-r2-stride16_scan-auto-cache_evicted-branch-8388608,stride16-clang18-auto,2,stride16_scan,auto,cache_evicted,branch,8388608,8388608,78643200,600,250214861,549200644,4,4,0,0,0,0
1,stride16-clang18-auto-r2-stride16_scan-auto-warm-branch-65536,stride16-clang18-auto,2,stride16_scan,auto,warm,branch,65536,65536,211895296,206929,250000227,548729548,4,4,0,0,2258195232138,0
1,stride16-clang18-auto-r2-stride16_scan-auto-warm-basic-12582912,stride16-clang18-auto,2,stride16_scan,auto,warm,basic,12582912,12582912,61538304,313,250401089,549609432,4,4,0,0,422705609180667,0
1,stride16-clang18-auto-r2-stride16_scan-auto-warm-basic-98304,stride16-clang18-auto,2,stride16_scan,auto,warm,basic,98304,98304,214344192,139547,250001519,548732388,4,4,0,0,3362549240476,0
1,stride16-clang18-auto-r2-stride16_scan-auto-warm-branch-12582912,stride16-clang18-auto,2,stride16_scan,auto,warm,branch,12582912,12582912,62914560,320,250015742,548763600,4,4,0,0,0,0
1,stride16-clang18-auto-r2-stride16_scan-auto-warm-basic-131072,stride16-clang18-auto,2,stride16_scan,auto,warm,basic,131072,131072,222332928,108561,250002182,548733784,4,4,0,0,4435220212417,0
1,stride16-clang18-auto-r2-stride16_scan-auto-warm-basic-24576,stride16-clang18-auto,2,stride16_scan,auto,warm,basic,24576,24576,407808384,1062001,250000376,548729816,4,4,0,0,854043843132,0
1,stride16-clang18-auto-r2-stride16_scan-auto-warm-basic-49152,stride16-clang18-auto,2,stride16_scan,auto,warm,basic,49152,49152,213166080,277560,250000808,548730856,4,4,0,0,0,0
1,stride16-clang18-auto-r2-stride16_scan-auto-warm-branch-2097152,stride16-clang18-auto,2,stride16_scan,auto,warm,branch,2097152,2097152,116654080,3560,250006102,548742476,4,4,0,0,0,0
1,stride16-clang18-auto-r2-stride16_scan-auto-cache_evicted-basic-33554432,stride16-clang18-auto,2,stride16_scan,auto,cache_evicted,basic,33554432,33554432,54525952,104,252044202,553215896,4,4,0,0,0,0
1,stride16-clang18-auto-r2-stride16_scan-auto-warm-basic-4194304,stride16-clang18-auto,2,stride16_scan,auto,warm,basic,4194304,4194304,116391936,1776,250045480,548828904,4,4,0,0,0,0
1,stride16-clang18-auto-r2-stride16_scan-auto-cache_evicted-basic-262144,stride16-clang18-auto,2,stride16_scan,auto,cache_evicted,basic,262144,262144,166211584,40579,250005818,548741820,4,4,0,0,8927489887915,0
1,stride16-clang18-auto-r2-stride16_scan-auto-warm-branch-134217728,stride16-clang18-auto,2,stride16_scan,auto,warm,branch,134217728,134217728,54525952,26,252133611,553412152,4,4,0,0,0,0
1,stride16-clang18-auto-r2-stride16_scan-auto-cache_evicted-basic-536870912,stride16-clang18-auto,2,stride16_scan,auto,cache_evicted,basic,536870912,536870912,58720256,7,274727124,603003032,4,4,0,0,18018138236334544,0
1,stride16-clang18-auto-r2-stride16_scan-auto-warm-basic-5242880,stride16-clang18-auto,2,stride16_scan,auto,warm,basic,5242880,5242880,105758720,1291,250121177,548995004,4,4,0,0,176834230349933,0
1,stride16-clang18-auto-r2-stride16_scan-auto-warm-basic-32768,stride16-clang18-auto,2,stride16_scan,auto,warm,basic,32768,32768,418992640,818345,250000370,548729812,4,4,0,0,1123188153833,0
1,stride16-clang18-auto-r2-stride16_scan-auto-warm-branch-131072,stride16-clang18-auto,2,stride16_scan,auto,warm,branch,131072,131072,220889088,107856,250001558,548732500,4,4,0,0,0,0
1,stride16-clang18-auto-r2-stride16_scan-auto-warm-branch-196608,stride16-clang18-auto,2,stride16_scan,auto,warm,branch,196608,196608,184983552,60216,250002457,548734476,4,4,0,0,0,0
1,stride16-clang18-auto-r2-stride16_scan-auto-warm-branch-36864,stride16-clang18-auto,2,stride16_scan,auto,warm,branch,36864,36864,205171776,356201,250000201,548729520,4,4,0,0,1268435412712,0
1,stride16-clang18-auto-r2-stride16_scan-auto-warm-basic-7340032,stride16-clang18-auto,2,stride16_scan,auto,warm,basic,7340032,7340032,75923456,662,250282069,549348160,4,4,0,0,0,0
1,stride16-clang18-auto-r2-stride16_scan-auto-cache_evicted-branch-262144,stride16-clang18-auto,2,stride16_scan,auto,cache_evicted,branch,262144,262144,141348864,34509,250000640,548730472,4,4,0,0,8927489887915,0
1,stride16-clang18-auto-r2-stride16_scan-auto-cache_evicted-basic-6291456,stride16-clang18-auto,2,stride16_scan,auto,cache_evicted,basic,6291456,6291456,80019456,814,250226147,549225420,4,4,0,0,0,0
1,stride16-clang18-auto-r2-stride16_scan-auto-warm-basic-33554432,stride16-clang18-auto,2,stride16_scan,auto,warm,basic,33554432,33554432,54001664,103,250153030,549064868,4,4,0,0,1125609418673861,0
1,stride16-clang18-auto-r2-stride16_scan-auto-cache_evicted-branch-6291456,stride16-clang18-auto,2,stride16_scan,auto,cache_evicted,branch,6291456,6291456,105775104,1076,250092474,548932032,4,4,0,0,0,0
1,stride16-clang18-auto-r2-stride16_scan-auto-warm-basic-36864,stride16-clang18-auto,2,stride16_scan,auto,warm,basic,36864,36864,214798464,372914,250000220,548729548,4,4,0,0,0,0
1,stride16-clang18-auto-r2-stride16_scan-auto-warm-branch-294912,stride16-clang18-auto,2,stride16_scan,auto,warm,branch,294912,294912,139004928,30166,250005330,548740752,4,4,0,0,0,0
1,stride16-clang18-auto-r2-stride16_scan-auto-warm-basic-196608,stride16-clang18-auto,2,stride16_scan,auto,warm,basic,196608,196608,172661760,56205,250000701,548730600,4,4,0,0,6614988883088,0
1,stride16-clang18-auto-r2-stride16_scan-auto-warm-basic-524288,stride16-clang18-auto,2,stride16_scan,auto,warm,basic,524288,524288,116219904,14187,250013738,548759232,4,4,0,0,17838961015015,0
1,stride16-clang18-auto-r2-stride16_scan-auto-warm-branch-524288,stride16-clang18-auto,2,stride16_scan,auto,warm,branch,524288,524288,116252672,14191,250002262,548734028,4,4,0,0,17838961015015,0
1,stride16-clang18-auto-r2-stride16_scan-auto-cache_evicted-basic-1048576,stride16-clang18-auto,2,stride16_scan,auto,cache_evicted,basic,1048576,1048576,116572160,7115,250005829,548741860,4,4,0,0,35417408889455,0
1,stride16-clang18-auto-r2-stride16_scan-auto-warm-branch-393216,stride16-clang18-auto,2,stride16_scan,auto,warm,branch,393216,393216,116152320,18905,250003674,548737128,4,4,0,0,13385687496061,0
1,stride16-clang18-auto-r2-stride16_scan-auto-cache_evicted-branch-536870912,stride16-clang18-auto,2,stride16_scan,auto,cache_evicted,branch,536870912,536870912,58720256,7,275102555,603827100,4,4,0,0,18018138236334544,0
1,stride16-clang18-auto-r2-stride16_scan-auto-warm-basic-28672,stride16-clang18-auto,2,stride16_scan,auto,warm,basic,28672,28672,418170368,933416,250000199,548729500,4,4,0,0,0,0
1,stride16-clang18-auto-r2-stride16_scan-auto-cache_evicted-branch-1048576,stride16-clang18-auto,2,stride16_scan,auto,cache_evicted,branch,1048576,1048576,116490240,7110,250003839,548737488,4,4,0,0,0,0
1,stride16-clang18-auto-r2-stride16_scan-auto-warm-basic-229376,stride16-clang18-auto,2,stride16_scan,auto,warm,basic,229376,229376,206581760,57640,250002709,548735008,4,4,0,0,0,0
1,stride16-clang18-auto-r2-stride16_scan-auto-warm-branch-28672,stride16-clang18-auto,2,stride16_scan,auto,warm,branch,28672,28672,418345088,933806,250000347,548729840,4,4,0,0,0,0
1,stride16-clang18-auto-r3-stride16_scan-auto-warm-branch-6291456,stride16-clang18-auto,3,stride16_scan,auto,warm,branch,6291456,6291456,81199104,826,250206246,549181680,4,4,0,0,0,0
1,stride16-clang18-auto-r3-stride16_scan-auto-warm-branch-536870912,stride16-clang18-auto,3,stride16_scan,auto,warm,branch,536870912,536870912,58720256,7,290408005,637421288,4,4,0,0,18017378678603339,0
1,stride16-clang18-auto-r3-stride16_scan-auto-cache_evicted-branch-6291456,stride16-clang18-auto,3,stride16_scan,auto,cache_evicted,branch,6291456,6291456,70582272,718,250065869,548873628,4,4,0,0,0,0
1,stride16-clang18-auto-r3-stride16_scan-auto-warm-basic-2097152,stride16-clang18-auto,3,stride16_scan,auto,warm,basic,2097152,2097152,116326400,3550,250057652,548855620,4,4,0,0,0,0
1,stride16-clang18-auto-r3-stride16_scan-auto-warm-branch-524288,stride16-clang18-auto,3,stride16_scan,auto,warm,branch,524288,524288,116121600,14175,250016657,548765612,4,4,0,0,17540853279023,0
1,stride16-clang18-auto-r3-stride16_scan-auto-warm-branch-8192,stride16-clang18-auto,3,stride16_scan,auto,warm,branch,8192,8192,309727744,2419748,250000241,548729584,4,4,0,0,0,0
1,stride16-clang18-auto-r3-stride16_scan-auto-warm-branch-134217728,stride16-clang18-auto,3,stride16_scan,auto,warm,branch,134217728,134217728,54525952,26,258501785,567389764,4,4,0,0,0,0
1,stride16-clang18-auto-r3-stride16_scan-auto-warm-branch-33554432,stride16-clang18-auto,3,stride16_scan,auto,warm,branch,33554432,33554432,49283072,94,250880080,550660752,4,4,0,0,0,0
1,stride16-clang18-auto-r3-stride16_scan-auto-warm-basic-196608,stride16-clang18-auto,3,stride16_scan,auto,warm,basic,196608,196608,235447296,76643,250002216,548733916,4,4,0,0,6513770584324,0
1,stride16-clang18-auto-r3-stride16_scan-auto-cache_evicted-basic-262144,stride16-clang18-auto,3,stride16_scan,auto,cache_evicted,basic,262144,262144,155758592,38027,250005859,548741944,4,4,0,0,8693086313669,0
1,stride16-clang18-auto-r3-stride16_scan-auto-warm-basic-49152,stride16-clang18-auto,3,stride16_scan,auto,warm,basic,49152,49152,211147776,274932,250000856,548730928,4,4,0,0,0,0
1,stride16-clang18-auto-r3-stride16_scan-auto-warm-branch-131072,stride16-clang18-auto,3,stride16_scan,auto,warm,branch,131072,131072,221509632,108159,250000206,548729508,4,4,0,0,4334813000201,0
1,stride16-clang18-auto-r3-stride16_scan-auto-warm-basic-229376,stride16-clang18-auto,3,stride16_scan,auto,warm,basic,229376,229376,172114432,48023,250000463,548730072,4,4,0,0,7585174759353,0
1,stride16-clang18-auto-r3-stride16_scan-auto-warm-basic-36864,stride16-clang18-auto,3,stride16_scan,auto,warm,basic,36864,36864,202083264,350839,250000716,548730636,4,4,0,0,1267317843571,0
1,stride16-clang18-auto-r3-stride16_scan-auto-warm-branch-1048576,stride16-clang18-auto,3,stride16_scan,auto,warm,branch,1048576,1048576,116506624,7111,250010310,548751680,4,4,0,0,35080806240091,0
1,stride16-clang18-auto-r3-stride16_scan-auto-warm-basic-294912,stride16-clang18-auto,3,stride16_scan,auto,warm,basic,294912,294912,159602688,34636,250002756,548735112,4,4,0,0,0,0
1,stride16-clang18-auto-r3-stride16_scan-auto-warm-basic-393216,stride16-clang18-auto,3,stride16_scan,auto,warm,basic,393216,393216,121214976,19729,250004687,548739340,4,4,0,0,13123223841934,0
1,stride16-clang18-auto-r3-stride16_scan-auto-cache_evicted-basic-32768,stride16-clang18-auto,3,stride16_scan,auto,cache_evicted,basic,32768,32768,411769344,804237,250000161,548729340,4,4,0,0,1081822647018,0
1,stride16-clang18-auto-r3-stride16_scan-auto-cache_evicted-basic-536870912,stride16-clang18-auto,3,stride16_scan,auto,cache_evicted,basic,536870912,536870912,58720256,7,274253041,601962432,4,4,0,0,18022305741371962,0
1,stride16-clang18-auto-r3-stride16_scan-auto-warm-basic-4194304,stride16-clang18-auto,3,stride16_scan,auto,warm,basic,4194304,4194304,108658688,1658,250119081,548990452,4,4,0,0,0,0
1,stride16-clang18-auto-r3-stride16_scan-auto-warm-basic-98304,stride16-clang18-auto,3,stride16_scan,auto,warm,basic,98304,98304,214367232,139562,250001169,548731628,4,4,0,0,0,0
1,stride16-clang18-auto-r3-stride16_scan-auto-cache_evicted-branch-32768,stride16-clang18-auto,3,stride16_scan,auto,cache_evicted,branch,32768,32768,416513024,813502,250000385,548729868,4,4,0,0,0,0
1,stride16-clang18-auto-r3-stride16_scan-auto-warm-branch-294912,stride16-clang18-auto,3,stride16_scan,auto,warm,branch,294912,294912,136184832,29554,250008612,548747948,4,4,0,0,0,0
1,stride16-clang18-auto-r3-stride16_scan-auto-warm-basic-524288,stride16-clang18-auto,3,stride16_scan,auto,warm,basic,524288,524288,116228096,14188,250004810,548739612,4,4,0,0,0,0
1,stride16-clang18-auto-r3-stride16_scan-auto-cache_evicted-branch-1048576,stride16-clang18-auto,3,stride16_scan,auto,cache_evicted,branch,1048576,1048576,116523008,7112,250014762,548761464,4,4,0,0,0,0
1,stride16-clang18-auto-r3-stride16_scan-auto-warm-basic-8388608,stride16-clang18-auto,3,stride16_scan,auto,warm,basic,8388608,8388608,74579968,569,250263162,549306676,4,4,0,0,281849610020793,0
1,stride16-clang18-auto-r3-stride16_scan-auto-cache_evicted-basic-8388608,stride16-clang18-auto,3,stride16_scan,auto,cache_evicted,basic,8388608,8388608,79953920,610,250241832,549259824,4,4,0,0,0,0
1,stride16-clang18-auto-r3-stride16_scan-auto-warm-basic-7340032,stride16-clang18-auto,3,stride16_scan,auto,warm,basic,7340032,7340032,87162880,760,250168787,549099408,4,4,0,0,0,0
1,stride16-clang18-auto-r3-stride16_scan-auto-cache_evicted-branch-8388608,stride16-clang18-auto,3,stride16_scan,auto,cache_evicted,branch,8388608,8388608,79560704,607,250050049,548838920,4,4,0,0,281450602520315,0
1,stride16-clang18-auto-r3-stride16_scan-auto-warm-branch-28672,stride16-clang18-auto,3,stride16_scan,auto,warm,branch,28672,28672,417331712,931544,250000329,548729748,4,4,0,0,0,0
1,stride16-clang18-auto-r3-stride16_scan-auto-warm-branch-12582912,stride16-clang18-auto,3,stride16_scan,auto,warm,branch,12582912,12582912,63111168,321,250654669,550166020,4,4,0,0,422589347643191,0
1,stride16-clang18-auto-r3-stride16_scan-auto-warm-basic-131072,stride16-clang18-auto,3,stride16_scan,auto,warm,basic,131072,131072,224407552,109574,250000236,548729564,4,4,0,0,0,0
1,stride16-clang18-auto-r3-stride16_scan-auto-warm-branch-2097152,stride16-clang18-auto,3,stride16_scan,auto,warm,branch,2097152,2097152,116686848,3561,250062239,548865660,4,4,0,0,70221165544626,0
1,stride16-clang18-auto-r3-stride16_scan-auto-warm-basic-5242880,stride16-clang18-auto,3,stride16_scan,auto,warm,basic,5242880,5242880,89456640,1092,250179403,549122824,4,4,0,0,0,0
1,stride16-clang18-auto-r3-stride16_scan-auto-warm-basic-33554432,stride16-clang18-auto,3,stride16_scan,auto,warm,basic,33554432,33554432,53477376,102,250920968,550750492,4,4,0,0,0,0
1,stride16-clang18-auto-r3-stride16_scan-auto-warm-branch-65536,stride16-clang18-auto,3,stride16_scan,auto,warm,branch,65536,65536,211806208,206842,250000762,548730736,4,4,0,0,0,0
1,stride16-clang18-auto-r3-stride16_scan-auto-warm-basic-24576,stride16-clang18-auto,3,stride16_scan,auto,warm,basic,24576,24576,411447168,1071477,250000204,548729532,4,4,0,0,836648715053,0
1,stride16-clang18-auto-r3-stride16_scan-auto-warm-branch-49152,stride16-clang18-auto,3,stride16_scan,auto,warm,branch,49152,49152,208560384,271563,250000339,548729796,4,4,0,0,1653144300599,0
1,stride16-clang18-auto-r3-stride16_scan-auto-warm-branch-5242880,stride16-clang18-auto,3,stride16_scan,auto,warm,branch,5242880,5242880,94863360,1158,250080317,548905352,4,4,0,0,0,0
1,stride16-clang18-auto-r3-stride16_scan-auto-warm-basic-65536,stride16-clang18-auto,3,stride16_scan,auto,warm,basic,65536,65536,210199552,205273,250001041,548731352,4,4,0,0,2191374536516,0
1,stride16-clang18-auto-r3-stride16_scan-auto-warm-branch-36864,stride16-clang18-auto,3,stride16_scan,auto,warm,branch,36864,36864,202950720,352345,250000312,548729764,4,4,0,0,1267317843571,0
1,stride16-clang18-auto-r3-stride16_scan-auto-cache_evicted-branch-536870912,stride16-clang18-auto,3,stride16_scan,auto,cache_evicted,branch,536870912,536870912,58720256,7,274771754,603100984,4,4,0,0,18022305741371962,0
1,stride16-clang18-auto-r3-stride16_scan-auto-cache_evicted-branch-262144,stride16-clang18-auto,3,stride16_scan,auto,cache_evicted,branch,262144,262144,181538816,44321,250000866,548730956,4,4,0,0,8693086313669,0
1,stride16-clang18-auto-r3-stride16_scan-auto-warm-basic-134217728,stride16-clang18-auto,3,stride16_scan,auto,warm,basic,134217728,134217728,54525952,26,251832606,552751460,4,4,0,0,0,0
1,stride16-clang18-auto-r3-stride16_scan-auto-warm-branch-98304,stride16-clang18-auto,3,stride16_scan,auto,warm,branch,98304,98304,243706368,158663,250000739,548730688,4,4,0,0,3270808815657,0
1,stride16-clang18-auto-r3-stride16_scan-auto-warm-branch-229376,stride16-clang18-auto,3,stride16_scan,auto,warm,branch,229376,229376,199302656,55609,250002743,548735072,4,4,0,0,7585174759353,0
1,stride16-clang18-auto-r3-stride16_scan-auto-warm-branch-4194304,stride16-clang18-auto,3,stride16_scan,auto,warm,branch,4194304,4194304,97976320,1495,250071023,548884940,4,4,0,0,140723773294051,0
1,stride16-clang18-auto-r3-stride16_scan-auto-warm-branch-393216,stride16-clang18-auto,3,stride16_scan,auto,warm,branch,393216,393216,116097024,18896,250008473,548747660,4,4,0,0,0,0
1,stride16-clang18-auto-r3-stride16_scan-auto-warm-basic-16384,stride16-clang18-auto,3,stride16_scan,auto,warm,basic,16384,16384,379536384,1482564,250000315,548729776,4,4,0,0,0,0
1,stride16-clang18-auto-r3-stride16_scan-auto-warm-basic-32768,stride16-clang18-auto,3,stride16_scan,auto,warm,basic,32768,32768,414153216,808893,250000287,548729696,4,4,0,0,1119805800818,0
1,stride16-clang18-auto-r3-stride16_scan-auto-warm-basic-6291456,stride16-clang18-auto,3,stride16_scan,auto,warm,basic,6291456,6291456,80707584,821,250126086,549005800,4,4,0,0,211268679159789,0
1,stride16-clang18-auto-r3-stride16_scan-auto-warm-branch-32768,stride16-clang18-auto,3,stride16_scan,auto,warm,branch,32768,32768,414563840,809695,250000208,548729508,4,4,0,0,1119805800818,0
1,stride16-clang18-auto-r3-stride16_scan-auto-warm-basic-1048576,stride16-clang18-auto,3,stride16_scan,auto,warm,basic,1048576,1048576,116572160,7115,250028698,548792040,4,4,0,0,35080806240091,0
1,stride16-clang18-auto-r3-stride16_scan-auto-warm-branch-262144,stride16-clang18-auto,3,stride16_scan,auto,warm,branch,262144,262144,149889024,36594,250003249,548736192,4,4,0,0,0,0
1,stride16-clang18-auto-r3-stride16_scan-auto-cache_evicted-branch-33554432,stride16-clang18-auto,3,stride16_scan,auto,cache_evicted,branch,33554432,33554432,54525952,104,250090593,548927904,4,4,0,0,0,0
1,stride16-clang18-auto-r3-stride16_scan-auto-warm-basic-536870912,stride16-clang18-auto,3,stride16_scan,auto,warm,basic,536870912,536870912,58720256,7,275125899,603878312,4,4,0,0,18017378678603339,0
1,stride16-clang18-auto-r3-stride16_scan-auto-cache_evicted-basic-6291456,stride16-clang18-auto,3,stride16_scan,auto,cache_evicted,basic,6291456,6291456,97812480,995,250147437,549052668,4,4,0,0,210880173279116,0
1,stride16-clang18-auto-r3-stride16_scan-auto-cache_evicted-basic-33554432,stride16-clang18-auto,3,stride16_scan,auto,cache_evicted,basic,33554432,33554432,53477376,102,250136363,549028376,4,4,0,0,0,0
1,stride16-clang18-auto-r3-stride16_scan-auto-warm-branch-7340032,stride16-clang18-auto,3,stride16_scan,auto,warm,branch,7340032,7340032,67551232,589,250159802,549079800,4,4,0,0,246617036804768,0
1,stride16-clang18-auto-r3-stride16_scan-auto-warm-basic-28672,stride16-clang18-auto,3,stride16_scan,auto,warm,basic,28672,28672,416932544,930653,250000103,548729280,4,4,0,0,969954667736,0
1,stride16-clang18-auto-r3-stride16_scan-auto-warm-branch-8388608,stride16-clang18-auto,3,stride16_scan,auto,warm,branch,8388608,8388608,69074944,527,250133432,549021776,4,4,0,0,281849610020793,0
1,stride16-clang18-auto-r3-stride16_scan-auto-warm-branch-24576,stride16-clang18-auto,3,stride16_scan,auto,warm,branch,24576,24576,411220608,1070887,250000304,548729716,4,4,0,0,836648715053,0
1,stride16-clang18-auto-r3-stride16_scan-auto-warm-basic-8192,stride16-clang18-auto,3,stride16_scan,auto,warm,basic,8192,8192,310714752,2427459,250000123,548729324,4,4,0,0,301803460594,0
1,stride16-clang18-auto-r3-stride16_scan-auto-warm-branch-196608,stride16-clang18-auto,3,stride16_scan,auto,warm,branch,196608,196608,163113984,53097,250000539,548730236,4,4,0,0,6513770584324,0
1,stride16-clang18-auto-r3-stride16_scan-auto-cache_evicted-basic-1048576,stride16-clang18-auto,3,stride16_scan,auto,cache_evicted,basic,1048576,1048576,116523008,7112,250017058,548766496,4,4,0,0,0,0
1,stride16-clang18-auto-r3-stride16_scan-auto-warm-branch-16384,stride16-clang18-auto,3,stride16_scan,auto,warm,branch,16384,16384,379585280,1482755,250000177,548729440,4,4,0,0,580605274617,0
1,stride16-clang18-auto-r3-stride16_scan-auto-warm-basic-12582912,stride16-clang18-auto,3,stride16_scan,auto,warm,basic,12582912,12582912,61734912,314,250355553,549509452,4,4,0,0,0,0
1,stride16-clang18-auto-r3-stride16_scan-auto-warm-basic-262144,stride16-clang18-auto,3,stride16_scan,auto,warm,basic,262144,262144,158085120,38595,250003186,548736044,4,4,0,0,8706677305771,0
1,stride16-clang18-auto-r4-stride16_scan-auto-cache_evicted-branch-8388608,stride16-clang18-auto,4,stride16_scan,auto,cache_evicted,branch,8388608,8388608,59375616,453,250007516,548745556,4,4,0,0,281937011751577,0
1,stride16-clang18-auto-r4-stride16_scan-auto-warm-branch-6291456,stride16-clang18-auto,4,stride16_scan,auto,warm,branch,6291456,6291456,70483968,717,250209058,549187916,4,4,0,0,210849592540580,0
1,stride16-clang18-auto-r4-stride16_scan-auto-warm-basic-131072,stride16-clang18-auto,4,stride16_scan,auto,warm,basic,131072,131072,227155968,110916,250001252,548731832,4,4,0,0,0,0
1,stride16-clang18-auto-r4-stride16_scan-auto-cache_evicted-basic-6291456,stride16-clang18-auto,4,stride16_scan,auto,cache_evicted,basic,6291456,6291456,77561856,789,250062528,548866324,4,4,0,0,211369940324693,0
1,stride16-clang18-auto-r4-stride16_scan-auto-warm-basic-7340032,stride16-clang18-auto,4,stride16_scan,auto,warm,basic,7340032,7340032,67665920,590,250115382,548982300,4,4,0,0,0,0
1,stride16-clang18-auto-r4-stride16_scan-auto-warm-basic-262144,stride16-clang18-auto,4,stride16_scan,auto,warm,basic,262144,262144,182165504,44474,250004932,548739872,4,4,0,0,0,0
1,stride16-clang18-auto-r4-stride16_scan-auto-warm-basic-524288,stride16-clang18-auto,4,stride16_scan,auto,warm,basic,524288,524288,116228096,14188,250000894,548731012,4,4,0,0,0,0
1,stride16-clang18-auto-r4-stride16_scan-auto-warm-branch-12582912,stride16-clang18-auto,4,stride16_scan,auto,warm,branch,12582912,12582912,61538304,313,250464359,549748284,4,4,0,0,421465328814538,0
1,stride16-clang18-auto-r4-stride16_scan-auto-cache_evicted-branch-32768,stride16-clang18-auto,4,stride16_scan,auto,cache_evicted,branch,32768,32768,414509056,809588,250000238,548729584,4,4,0,0,0,0
1,stride16-clang18-auto-r4-stride16_scan-auto-warm-basic-2097152,stride16-clang18-auto,4,stride16_scan,auto,warm,basic,2097152,2097152,116490240,3555,250026941,548788180,4,4,0,0,70183020256429,0
1,stride16-clang18-auto-r4-stride16_scan-auto-warm-basic-49152,stride16-clang18-auto,4,stride16_scan,auto,warm,basic,49152,49152,207150336,269727,250000617,548730404,4,4,0,0,1629620994100,0
1,stride16-clang18-auto-r4-stride16_scan-auto-cache_evicted-basic-536870912,stride16-clang18-auto,4,stride16_scan,auto,cache_evicted,basic,536870912,536870912,58720256,7,275059036,603731572,4,4,0,0,18012855125309380,0
1,stride16-clang18-auto-r4-stride16_scan-auto-warm-branch-7340032,stride16-clang18-auto,4,stride16_scan,auto,warm,branch,7340032,7340032,88195072,769,250093057,548933328,4,4,0,0,245805770010846,0
1,stride16-clang18-auto-r4-stride16_scan-auto-cache_evicted-branch-536870912,stride16-clang18-auto,4,stride16_scan,auto,cache_evicted,branch,536870912,536870912,58720256,7,273863749,601107996,4,4,0,0,18012855125309380,0
1,stride16-clang18-auto-r4-stride16_scan-auto-warm-basic-32768,stride16-clang18-auto,4,stride16_scan,auto,warm,basic,32768,32768,415192576,810923,250000248,548729628,4,4,0,0,1066264212487,0
1,stride16-clang18-auto-r4-stride16_scan-auto-cache_evicted-basic-33554432,stride16-clang18-auto,4,stride16_scan,auto,cache_evicted,basic,33554432,33554432,54001664,103,252063924,553259196,4,4,0,0,1126419427349883,0
1,stride16-clang18-auto-r4-stride16_scan-auto-warm-basic-294912,stride16-clang18-auto,4,stride16_scan,auto,warm,basic,294912,294912,139419648,30256,250001517,548732384,4,4,0,0,0,0
1,stride16-clang18-auto-r4-stride16_scan-auto-warm-branch-24576,stride16-clang18-auto,4,stride16_scan,auto,warm,branch,24576,24576,408463104,1063706,250000172,548729456,4,4,0,0,0,0
1,stride16-clang18-auto-r4-stride16_scan-auto-warm-basic-12582912,stride16-clang18-auto,4,stride16_scan,auto,warm,basic,12582912,12582912,61734912,314,250626142,550103384,4,4,0,0,0,0
1,stride16-clang18-auto-r4-stride16_scan-auto-warm-basic-24576,stride16-clang18-auto,4,stride16_scan,auto,warm,basic,24576,24576,411311616,1071124,250000296,548729704,4,4,0,0,0,0
1,stride16-clang18-auto-r4-stride16_scan-auto-warm-branch-32768,stride16-clang18-auto,4,stride16_scan,auto,warm,branch,32768,32768,419745280,819815,250000207,548729536,4,4,0,0,1066264212487,0
1,stride16-clang18-auto-r4-stride16_scan-auto-warm-branch-393216,stride16-clang18-auto,4,stride16_scan,auto,warm,branch,393216,393216,130928640,21310,250005065,548740168,4,4,0,0,0,0
1,stride16-clang18-auto-r4-stride16_scan-auto-warm-branch-131072,stride16-clang18-auto,4,stride16_scan,auto,warm,branch,131072,131072,219736064,107293,250001890,548733224,4,4,0,0,4368190345489,0
1,stride16-clang18-auto-r4-stride16_scan-auto-warm-basic-196608,stride16-clang18-auto,4,stride16_scan,auto,warm,basic,196608,196608,173282304,56407,250002929,548735480,4,4,0,0,6532194166792,0
1,stride16-clang18-auto-r4-stride16_scan-auto-warm-branch-4194304,stride16-clang18-auto,4,stride16_scan,auto,warm,branch,4194304,4194304,112656384,1719,250063584,548868624,4,4,0,0,140333085323022,0
1,stride16-clang18-auto-r4-stride16_scan-auto-warm-branch-98304,stride16-clang18-auto,4,stride16_scan,auto,warm,branch,98304,98304,217790976,141791,250001129,548731544,4,4,0,0,3281461908305,0
1,stride16-clang18-auto-r4-stride16_scan-auto-warm-basic-36864,stride16-clang18-auto,4,stride16_scan,auto,warm,basic,36864,36864,205534080,356830,250000170,548729440,4,4,0,0,0,0
1,stride16-clang18-auto-r4-stride16_scan-auto-warm-basic-16384,stride16-clang18-auto,4,stride16_scan,auto,warm,basic,16384,16384,380172288,1485048,250000237,548729572,4,4,0,0,0,0
1,stride16-clang18-auto-r4-stride16_scan-auto-warm-basic-536870912,stride16-clang18-auto,4,stride16_scan,auto,warm,basic,536870912,536870912,58720256,7,274161460,601761456,4,4,0,0,18015733430633011,0
1,stride16-clang18-auto-r4-stride16_scan-auto-warm-basic-5242880,stride16-clang18-auto,4,stride16_scan,auto,warm,basic,5242880,5242880,100106240,1222,250020842,548774808,4,4,0,0,0,0
1,stride16-clang18-auto-r4-stride16_scan-auto-warm-branch-524288,stride16-clang18-auto,4,stride16_scan,auto,warm,branch,524288,524288,116203520,14185,250007877,548746372,4,4,0,0,17470022945844,0
1,stride16-clang18-auto-r4-stride16_scan-auto-warm-branch-28672,stride16-clang18-auto,4,stride16_scan,auto,warm,branch,28672,28672,415879744,928303,250000155,548729392,4,4,0,0,933272204812,0
1,stride16-clang18-auto-r4-stride16_scan-auto-warm-basic-134217728,stride16-clang18-auto,4,stride16_scan,auto,warm,basic,134217728,134217728,54525952,26,251424878,551856560,4,4,0,0,0,0
1,stride16-clang18-auto-r4-stride16_scan-auto-cache_evicted-basic-32768,stride16-clang18-auto,4,stride16_scan,auto,cache_evicted,basic,32768,32768,413496832,807611,250000420,548729976,4,4,0,0,1116469165256,0
1,stride16-clang18-auto-r4-stride16_scan-auto-cache_evicted-branch-33554432,stride16-clang18-auto,4,stride16_scan,auto,cache_evicted,branch,33554432,33554432,54001664,103,250149353,549056844,4,4,0,0,1126419427349883,0
1,stride16-clang18-auto-r4-stride16_scan-auto-warm-branch-8388608,stride16-clang18-auto,4,stride16_scan,auto,warm,branch,8388608,8388608,80740352,616,250400770,549608704,4,4,0,0,0,0
1,stride16-clang18-auto-r4-stride16_scan-auto-warm-basic-33554432,stride16-clang18-auto,4,stride16_scan,auto,warm,basic,33554432,33554432,55050240,105,250882202,550665404,4,4,0,0,1124115648051249,0
1,stride16-clang18-auto-r4-stride16_scan-auto-warm-basic-229376,stride16-clang18-auto,4,stride16_scan,auto,warm,basic,229376,229376,182103040,50810,250000192,548729504,4,4,0,0,0,0
1,stride16-clang18-auto-r4-stride16_scan-auto-warm-branch-134217728,stride16-clang18-auto,4,stride16_scan,auto,warm,branch,134217728,134217728,54525952,26,251113836,551173764,4,4,0,0,0,0
1,stride16-clang18-auto-r4-stride16_scan-auto-warm-basic-393216,stride16-clang18-auto,4,stride16_scan,auto,warm,basic,393216,393216,116035584,18886,250011488,548754292,4,4,0,0,0,0
1,stride16-clang18-auto-r4-stride16_scan-auto-warm-basic-4194304,stride16-clang18-auto,4,stride16_scan,auto,warm,basic,4194304,4194304,110362624,1684,250022498,548778436,4,4,0,0,0,0
1,stride16-clang18-auto-r4-stride16_scan-auto-warm-branch-294912,stride16-clang18-auto,4,stride16_scan,auto,warm,branch,294912,294912,145073664,31483,250003749,548737280,4,4,0,0,9797940573625,0
1,stride16-clang18-auto-r4-stride16_scan-auto-cache_evicted-basic-1048576,stride16-clang18-auto,4,stride16_scan,auto,cache_evicted,basic,1048576,1048576,116539392,7113,250034839,548805520,4,4,0,0,35335456838376,0
1,stride16-clang18-auto-r4-stride16_scan-auto-warm-basic-65536,stride16-clang18-auto,4,stride16_scan,auto,warm,basic,65536,65536,211878912,206913,250000987,548731216,4,4,0,0,2164623106110,0
1,stride16-clang18-auto-r4-stride16_scan-auto-warm-branch-8192,stride16-clang18-auto,4,stride16_scan,auto,warm,branch,8192,8192,310662272,2427049,250000244,548729600,4,4,0,0,249709441335,0
1,stride16-clang18-auto-r4-stride16_scan-auto-warm-branch-65536,stride16-clang18-auto,4,stride16_scan,auto,warm,branch,65536,65536,213046272,208053,250000591,548730380,4,4,0,0,2164623106110,0
1,stride16-clang18-auto-r4-stride16_scan-auto-warm-branch-262144,stride16-clang18-auto,4,stride16_scan,auto,warm,branch,262144,262144,159244288,38878,250003115,548735900,4,4,0,0,0,0
1,stride16-clang18-auto-r4-stride16_scan-auto-warm-basic-1048576,stride16-clang18-auto,4,stride16_scan,auto,warm,basic,1048576,1048576,116539392,7113,250005716,548741608,4,4,0,0,34892935430792,0
1,stride16-clang18-auto-r4-stride16_scan-auto-warm-basic-98304,stride16-clang18-auto,4,stride16_scan,auto,warm,basic,98304,98304,213210624,138809,250000869,548730964,4,4,0,0,3281461908305,0
1,stride16-clang18-auto-r4-stride16_scan-auto-warm-branch-196608,stride16-clang18-auto,4,stride16_scan,auto,warm,branch,196608,196608,189225984,61597,250003842,548737496,4,4,0,0,6532194166792,0
1,stride16-clang18-auto-r4-stride16_scan-auto-warm-branch-36864,stride16-clang18-auto,4,stride16_scan,auto,warm,branch,36864,36864,202182336,351011,250000480,548730136,4,4,0,0,1205687502153,0
1,stride16-clang18-auto-r4-stride16_scan-auto-warm-branch-49152,stride16-clang18-auto,4,stride16_scan,auto,warm,branch,49152,49152,206646528,269071,250000837,548730868,4,4,0,0,1629620994100,0
1,stride16-clang18-auto-r4-stride16_scan-auto-cache_evicted-branch-6291456,stride16-clang18-auto,4,stride16_scan,auto,cache_evicted,branch,6291456,6291456,82870272,843,250008682,548748084,4,4,0,0,211369940324693,0
1,stride16-clang18-auto-r4-stride16_scan-auto-warm-basic-6291456,stride16-clang18-auto,4,stride16_scan,auto,warm,basic,6291456,6291456,83460096,849,250085614,548916964,4,4,0,0,210849592540580,0
1,stride16-clang18-auto-r4-stride16_scan-auto-warm-basic-28672,stride16-clang18-auto,4,stride16_scan,auto,warm,basic,28672,28672,417860352,932724,250000277,548729688,4,4,0,0,0,0
1,stride16-clang18-auto-r4-stride16_scan-auto-warm-basic-8388608,stride16-clang18-auto,4,stride16_scan,auto,warm,basic,8388608,8388608,79429632,606,250304373,549397116,4,4,0,0,0,0
1,stride16-clang18-auto-r4-stride16_scan-auto-cache_evicted-basic-262144,stride16-clang18-auto,4,stride16_scan,auto,cache_evicted,basic,262144,262144,164491264,40159,250000472,548730088,4,4,0,0,8807314822142,0
1,stride16-clang18-auto-r4-stride16_scan-auto-cache_evicted-branch-1048576,stride16-clang18-auto,4,stride16_scan,auto,cache_evicted,branch,1048576,1048576,116572160,7115,250030138,548795212,4,4,0,0,35335456838376,0
1,stride16-clang18-auto-r4-stride16_scan-auto-cache_evicted-branch-262144,stride16-clang18-auto,4,stride16_scan,auto,cache_evicted,branch,262144,262144,178245632,43517,250001302,548731908,4,4,0,0,8807314822142,0
1,stride16-clang18-auto-r4-stride16_scan-auto-warm-branch-1048576,stride16-clang18-auto,4,stride16_scan,auto,warm,branch,1048576,1048576,116506624,7111,250002155,548733780,4,4,0,0,34892935430792,0
1,stride16-clang18-auto-r4-stride16_scan-auto-warm-branch-16384,stride16-clang18-auto,4,stride16_scan,auto,warm,branch,16384,16384,379531520,1482545,250000219,548729532,4,4,0,0,504764471523,0
1,stride16-clang18-auto-r4-stride16_scan-auto-warm-branch-5242880,stride16-clang18-auto,4,stride16_scan,auto,warm,branch,5242880,5242880,100106240,1222,250035957,548808000,4,4,0,0,0,0
1,stride16-clang18-auto-r4-stride16_scan-auto-warm-branch-2097152,stride16-clang18-auto,4,stride16_scan,auto,warm,branch,2097152,2097152,116752384,3563,250059008,548858572,4,4,0,0,70183020256429,0
1,stride16-clang18-auto-r4-stride16_scan-auto-warm-branch-536870912,stride16-clang18-auto,4,stride16_scan,auto,warm,branch,536870912,536870912,58720256,7,274132670,601698252,4,4,0,0,18015733430633011,0
1,stride16-clang18-auto-r4-stride16_scan-auto-warm-basic-8192,stride16-clang18-auto,4,stride16_scan,auto,warm,basic,8192,8192,312227072,2439274,250000214,548729548,4,4,0,0,0,0
1,stride16-clang18-auto-r4-stride16_scan-auto-warm-branch-33554432,stride16-clang18-auto,4,stride16_scan,auto,warm,branch,33554432,33554432,54001664,103,252033279,553191952,4,4,0,0,1124115648051249,0
1,stride16-clang18-auto-r4-stride16_scan-auto-cache_evicted-basic-8388608,stride16-clang18-auto,4,stride16_scan,auto,cache_evicted,basic,8388608,8388608,76808192,586,250117673,548987324,4,4,0,0,0,0
1,stride16-clang18-auto-r4-stride16_scan-auto-warm-branch-229376,stride16-clang18-auto,4,stride16_scan,auto,warm,branch,229376,229376,193915904,54106,250002296,548734092,4,4,0,0,0,0
1,stride16-clang18-auto-r5-stride16_scan-auto-cache_evicted-branch-262144,stride16-clang18-auto,5,stride16_scan,auto,cache_evicted,branch,262144,262144,161910784,39529,250003919,548737632,4,4,0,0,8800341606381,0
1,stride16-clang18-auto-r5-stride16_scan-auto-warm-branch-12582912,stride16-clang18-auto,5,stride16_scan,auto,warm,branch,12582912,12582912,61931520,315,250721112,550311836,4,4,0,0,421879653074115,0
1,stride16-clang18-auto-r5-stride16_scan-auto-warm-basic-36864,stride16-clang18-auto,5,stride16_scan,auto,warm,basic,36864,36864,205279488,356388,250000833,548730864,4,4,0,0,0,0
1,stride16-clang18-auto-r5-stride16_scan-auto-warm-basic-536870912,stride16-clang18-auto,5,stride16_scan,auto,warm,basic,536870912,536870912,58720256,7,274902857,603388772,4,4,0,0,18014085047108678,0
1,stride16-clang18-auto-r5-stride16_scan-auto-warm-basic-229376,stride16-clang18-auto,5,stride16_scan,auto,warm,basic,229376,229376,152079872,42433,250002718,548735032,4,4,0,0,7667507616310,0
1,stride16-clang18-auto-r5-stride16_scan-auto-warm-basic-196608,stride16-clang18-auto,5,stride16_scan,auto,warm,basic,196608,196608,201999360,65755,250002916,548735396,4,4,0,0,6570104355684,0
1,stride16-clang18-auto-r5-stride16_scan-auto-cache_evicted-basic-1048576,stride16-clang18-auto,5,stride16_scan,auto,cache_evicted,basic,1048576,1048576,116572160,7115,250034019,548803732,4,4,0,0,35308345443750,0
1,stride16-clang18-auto-r5-stride16_scan-auto-warm-basic-134217728,stride16-clang18-auto,5,stride16_scan,auto,warm,basic,134217728,134217728,54525952,26,251227759,551423876,4,4,0,0,0,0
1,stride16-clang18-auto-r5-stride16_scan-auto-cache_evicted-basic-6291456,stride16-clang18-auto,5,stride16_scan,auto,cache_evicted,basic,6291456,6291456,94273536,959,250070028,548882752,4,4,0,0,211040262588749,0
1,stride16-clang18-auto-r5-stride16_scan-auto-cache_evicted-branch-1048576,stride16-clang18-auto,5,stride16_scan,auto,cache_evicted,branch,1048576,1048576,116506624,7111,250027491,548789392,4,4,0,0,35308345443750,0
1,stride16-clang18-auto-r5-stride16_scan-auto-warm-basic-1048576,stride16-clang18-auto,5,stride16_scan,auto,warm,basic,1048576,1048576,116523008,7112,250022438,548778256,4,4,0,0,0,0
1,stride16-clang18-auto-r5-stride16_scan-auto-warm-basic-6291456,stride16-clang18-auto,5,stride16_scan,auto,warm,basic,6291456,6291456,92504064,941,250248406,549274280,4,4,0,0,211000716022173,0
1,stride16-clang18-auto-r5-stride16_scan-auto-warm-basic-2097152,stride16-clang18-auto,5,stride16_scan,auto,warm,basic,2097152,2097152,116654080,3560,250031910,548799092,4,4,0,0,0,0
1,stride16-clang18-auto-r5-stride16_scan-auto-warm-basic-4194304,stride16-clang18-auto,5,stride16_scan,auto,warm,basic,4194304,4194304,111411200,1700,250034855,548805556,4,4,0,0,0,0
1,stride16-clang18-auto-r5-stride16_scan-auto-warm-branch-49152,stride16-clang18-auto,5,stride16_scan,auto,warm,branch,49152,49152,208717824,271768,250000925,548731084,4,4,0,0,0,0
1,stride16-clang18-auto-r5-stride16_scan-auto-warm-branch-36864,stride16-clang18-auto,5,stride16_scan,auto,warm,branch,36864,36864,202454208,351483,250000558,548730304,4,4,0,0,1246948212458,0
1,stride16-clang18-auto-r5-stride16_scan-auto-warm-basic-294912,stride16-clang18-auto,5,stride16_scan,auto,warm,basic,294912,294912,140198400,30425,250007644,548745840,4,4,0,0,9858757596067,0
1,stride16-clang18-auto-r5-stride16_scan-auto-warm-basic-7340032,stride16-clang18-auto,5,stride16_scan,auto,warm,basic,7340032,7340032,84410368,736,250352903,549503652,4,4,0,0,0,0
1,stride16-clang18-auto-r5-stride16_scan-auto-warm-basic-49152,stride16-clang18-auto,5,stride16_scan,auto,warm,basic,49152,49152,213409536,277877,250000288,548729680,4,4,0,0,1664340032120,0
1,stride16-clang18-auto-r5-stride16_scan-auto-warm-basic-28672,stride16-clang18-auto,5,stride16_scan,auto,warm,basic,28672,28672,419218240,935755,250000150,548729380,4,4,0,0,981415199124,0
1,stride16-clang18-auto-r5-stride16_scan-auto-warm-basic-131072,stride16-clang18-auto,5,stride16_scan,auto,warm,basic,131072,131072,225556480,110135,250002131,548733732,4,4,0,0,4399883329278,0
1,stride16-clang18-auto-r5-stride16_scan-auto-warm-branch-28672,stride16-clang18-auto,5,stride16_scan,auto,warm,branch,28672,28672,418444544,934028,250000277,548729672,4,4,0,0,0,0
1,stride16-clang18-auto-r5-stride16_scan-auto-warm-branch-1048576,stride16-clang18-auto,5,stride16_scan,auto,warm,branch,1048576,1048576,116523008,7112,250026925,548788148,4,4,0,0,0,0
1,stride16-clang18-auto-r5-stride16_scan-auto-warm-branch-131072,stride16-clang18-auto,5,stride16_scan,auto,warm,branch,131072,131072,218597376,106737,250002332,548734192,4,4,0,0,4399883329278,0
1,stride16-clang18-auto-r5-stride16_scan-auto-warm-branch-24576,stride16-clang18-auto,5,stride16_scan,auto,warm,branch,24576,24576,407439360,1061040,250000286,548729712,4,4,0,0,0,0
1,stride16-clang18-auto-r5-stride16_scan-auto-warm-basic-98304,stride16-clang18-auto,5,stride16_scan,auto,warm,basic,98304,98304,224423424,146109,250000875,548730984,4,4,0,0,3303582545396,0
1,stride16-clang18-auto-r5-stride16_scan-auto-cache_evicted-branch-536870912,stride16-clang18-auto,5,stride16_scan,auto,cache_evicted,branch,536870912,536870912,58720256,7,274634322,602799360,4,4,0,0,18012226726777630,0
1,stride16-clang18-auto-r5-stride16_scan-auto-warm-basic-16384,stride16-clang18-auto,5,stride16_scan,auto,warm,basic,16384,16384,379873536,1483881,250000166,548729444,4,4,0,0,568073388658,0
1,stride16-clang18-auto-r5-stride16_scan-auto-warm-basic-5242880,stride16-clang18-auto,5,stride16_scan,auto,warm,basic,5242880,5242880,106905600,1305,250061915,548864976,4,4,0,0,175532494968030,0
1,stride16-clang18-auto-r5-stride16_scan-auto-cache_evicted-basic-32768,stride16-clang18-auto,5,stride16_scan,auto,cache_evicted,basic,32768,32768,413511168,807639,250000254,548729612,4,4,0,0,1078022582094,0
1,stride16-clang18-auto-r5-stride16_scan-auto-warm-branch-262144,stride16-clang18-auto,5,stride16_scan,auto,warm,branch,262144,262144,179523584,43829,250004342,548738608,4,4,0,0,8754495699321,0
1,stride16-clang18-auto-r5-stride16_scan-auto-warm-branch-7340032,stride16-clang18-auto,5,stride16_scan,auto,warm,branch,7340032,7340032,87965696,767,250186194,549137728,4,4,0,0,246131906538143,0
1,stride16-clang18-auto-r5-stride16_scan-auto-warm-basic-393216,stride16-clang18-auto,5,stride16_scan,auto,warm,basic,393216,393216,115986432,18878,250002235,548733956,4,4,0,0,0,0
1,stride16-clang18-auto-r5-stride16_scan-auto-warm-branch-33554432,stride16-clang18-auto,5,stride16_scan,auto,warm,branch,33554432,33554432,54001664,103,251122992,551193932,4,4,0,0,1125584612103552,0
1,stride16-clang18-auto-r5-stride16_scan-auto-cache_evicted-basic-262144,stride16-clang18-auto,5,stride16_scan,auto,cache_evicted,basic,262144,262144,162873344,39764,250005679,548741516,4,4,0,0,0,0
1,stride16-clang18-auto-r5-stride16_scan-auto-warm-basic-24576,stride16-clang18-auto,5,stride16_scan,auto,warm,basic,24576,24576,411487488,1071582,250000201,548729492,4,4,0,0,0,0
1,stride16-clang18-auto-r5-stride16_scan-auto-warm-branch-8192,stride16-clang18-auto,5,stride16_scan,auto,warm,branch,8192,8192,312430976,2440867,250000132,548729340,4,4,0,0,278818499930,0
1,stride16-clang18-auto-r5-stride16_scan-auto-warm-branch-6291456,stride16-clang18-auto,5,stride16_scan,auto,warm,branch,6291456,6291456,93093888,947,250000694,548730576,4,4,0,0,211000716022173,0
1,stride16-clang18-auto-r5-stride16_scan-auto-warm-basic-8388608,stride16-clang18-auto,5,stride16_scan,auto,warm,basic,8388608,8388608,76939264,587,250198204,549164100,4,4,0,0,281453299980227,0
1,stride16-clang18-auto-r5-stride16_scan-auto-warm-basic-524288,stride16-clang18-auto,5,stride16_scan,auto,warm,basic,524288,524288,116219904,14187,250016859,548766084,4,4,0,0,17555514137435,0
1,stride16-clang18-auto-r5-stride16_scan-auto-cache_evicted-basic-33554432,stride16-clang18-auto,5,stride16_scan,auto,cache_evicted,basic,33554432,33554432,53477376,102,252299679,553776684,4,4,0,0,0,0
1,stride16-clang18-auto-r5-stride16_scan-auto-warm-basic-12582912,stride16-clang18-auto,5,stride16_scan,auto,warm,basic,12582912,12582912,62324736,317,250697513,550260024,4,4,0,0,421879653074115,0
1,stride16-clang18-auto-r5-stride16_scan-auto-warm-branch-2097152,stride16-clang18-auto,5,stride16_scan,auto,warm,branch,2097152,2097152,116654080,3560,250021630,548776560,4,4,0,0,0,0
1,stride16-clang18-auto-r5-stride16_scan-auto-warm-branch-536870912,stride16-clang18-auto,5,stride16_scan,auto,warm,branch,536870912,536870912,58720256,7,273994899,601395856,4,4,0,0,18014085047108678,0
1,stride16-clang18-auto-r5-stride16_scan-auto-warm-branch-229376,stride16-clang18-auto,5,stride16_scan,auto,warm,branch,229376,229376,138234880,38570,250006312,548742900,4,4,0,0,0,0
1,stride16-clang18-auto-r5-stride16_scan-auto-warm-branch-294912,stride16-clang18-auto,5,stride16_scan,auto,warm,branch,294912,294912,139599360,30295,250006676,548743736,4,4,0,0,9858757596067,0
1,stride16-clang18-auto-r5-stride16_scan-auto-warm-basic-65536,stride16-clang18-auto,5,stride16_scan,auto,warm,basic,65536,65536,211661824,206701,250001114,548731496,4,4,0,0,2208874284837,0
1,stride16-clang18-auto-r5-stride16_scan-auto-cache_evicted-branch-8388608,stride16-clang18-auto,5,stride16_scan,auto,cache_evicted,branch,8388608,8388608,79560704,607,250030349,548795656,4,4,0,0,281345558333087,0
1,stride16-clang18-auto-r5-stride16_scan-auto-warm-branch-65536,stride16-clang18-auto,5,stride16_scan,auto,warm,branch,65536,65536,210018304,205096,250000478,548730100,4,4,0,0,0,0
1,stride16-clang18-auto-r5-stride16_scan-auto-cache_evicted-branch-33554432,stride16-clang18-auto,5,stride16_scan,auto,cache_evicted,branch,33554432,33554432,54525952,104,251639955,552328612,4,4,0,0,0,0
1,stride16-clang18-auto-r5-stride16_scan-auto-warm-branch-4194304,stride16-clang18-auto,5,stride16_scan,auto,warm,branch,4194304,4194304,116326400,1775,250017838,548768204,4,4,0,0,140299415345159,0
1,stride16-clang18-auto-r5-stride16_scan-auto-warm-branch-16384,stride16-clang18-auto,5,stride16_scan,auto,warm,branch,16384,16384,378576896,1478816,250000104,548729296,4,4,0,0,0,0
1,stride16-clang18-auto-r5-stride16_scan-auto-warm-branch-134217728,stride16-clang18-auto,5,stride16_scan,auto,warm,branch,134217728,134217728,54525952,26,251451702,551915320,4,4,0,0,0,0
1,stride16-clang18-auto-r5-stride16_scan-auto-warm-branch-524288,stride16-clang18-auto,5,stride16_scan,auto,warm,branch,524288,524288,116260864,14192,250015675,548763456,4,4,0,0,0,0
1,stride16-clang18-auto-r5-stride16_scan-auto-warm-basic-33554432,stride16-clang18-auto,5,stride16_scan,auto,warm,basic,33554432,33554432,54525952,104,252133104,553411024,4,4,0,0,0,0
1,stride16-clang18-auto-r5-stride16_scan-auto-warm-basic-32768,stride16-clang18-auto,5,stride16_scan,auto,warm,basic,32768,32768,415025664,810597,250000190,548729480,4,4,0,0,1114194965595,0
1,stride16-clang18-auto-r5-stride16_scan-auto-cache_evicted-basic-8388608,stride16-clang18-auto,5,stride16_scan,auto,cache_evicted,basic,8388608,8388608,80084992,611,250080155,548904976,4,4,0,0,281345558333087,0
1,stride16-clang18-auto-r5-stride16_scan-auto-warm-branch-196608,stride16-clang18-auto,5,stride16_scan,auto,warm,branch,196608,196608,191093760,62205,250003097,548735852,4,4,0,0,6570104355684,0
1,stride16-clang18-auto-r5-stride16_scan-auto-warm-basic-262144,stride16-clang18-auto,5,stride16_scan,auto,warm,basic,262144,262144,144277504,35224,250006326,548742840,4,4,0,0,0,0
1,stride16-clang18-auto-r5-stride16_scan-auto-cache_evicted-branch-6291456,stride16-clang18-auto,5,stride16_scan,auto,cache_evicted,branch,6291456,6291456,102137856,1039,250000841,548730900,4,4,0,0,211040262588749,0
1,stride16-clang18-auto-r5-stride16_scan-auto-warm-branch-393216,stride16-clang18-auto,5,stride16_scan,auto,warm,branch,393216,393216,116004864,18881,250002846,548735296,4,4,0,0,13183762961315,0
1,stride16-clang18-auto-r5-stride16_scan-auto-warm-branch-32768,stride16-clang18-auto,5,stride16_scan,auto,warm,branch,32768,32768,413596672,807806,250000363,548729852,4,4,0,0,0,0
1,stride16-clang18-auto-r5-stride16_scan-auto-cache_evicted-branch-32768,stride16-clang18-auto,5,stride16_scan,auto,cache_evicted,branch,32768,32768,416240640,812970,250000215,548729524,4,4,0,0,0,0
1,stride16-clang18-auto-r5-stride16_scan-auto-warm-branch-98304,stride16-clang18-auto,5,stride16_scan,auto,warm,branch,98304,98304,214715904,139789,250001327,548731964,4,4,0,0,3303582545396,0
1,stride16-clang18-auto-r5-stride16_scan-auto-warm-basic-8192,stride16-clang18-auto,5,stride16_scan,auto,warm,basic,8192,8192,312010880,2437585,250000081,548729232,4,4,0,0,278818499930,0
1,stride16-clang18-auto-r5-stride16_scan-auto-cache_evicted-basic-536870912,stride16-clang18-auto,5,stride16_scan,auto,cache_evicted,basic,536870912,536870912,58720256,7,274621110,602770332,4,4,0,0,18012226726777630,0
1,stride16-clang18-auto-r5-stride16_scan-auto-warm-branch-8388608,stride16-clang18-auto,5,stride16_scan,auto,warm,branch,8388608,8388608,80084992,611,250347460,549491688,4,4,0,0,281453299980227,0
1,stride16-clang18-auto-r5-stride16_scan-auto-warm-branch-5242880,stride16-clang18-auto,5,stride16_scan,auto,warm,branch,5242880,5242880,100843520,1231,250176736,549116976,4,4,0,0,175532494968030,0
1,stride16-clang18-auto-r6-stride16_scan-auto-cache_evicted-branch-536870912,stride16-clang18-auto,6,stride16_scan,auto,cache_evicted,branch,536870912,536870912,58720256,7,274620277,602768508,4,4,0,0,18019584462135554,0
1,stride16-clang18-auto-r6-stride16_scan-auto-warm-basic-32768,stride16-clang18-auto,6,stride16_scan,auto,warm,basic,32768,32768,415315456,811163,250000128,548729348,4,4,0,0,1063854543209,0
1,stride16-clang18-auto-r6-stride16_scan-auto-warm-branch-524288,stride16-clang18-auto,6,stride16_scan,auto,warm,branch,524288,524288,116285440,14195,250014813,548761568,4,4,0,0,17484762846937,0
1,stride16-clang18-auto-r6-stride16_scan-auto-warm-branch-28672,stride16-clang18-auto,6,stride16_scan,auto,warm,branch,28672,28672,415395904,927223,250000281,548729584,4,4,0,0,928218861283,0
1,stride16-clang18-auto-r6-stride16_scan-auto-warm-basic-8192,stride16-clang18-auto,6,stride16_scan,auto,warm,basic,8192,8192,313469824,2448983,250000227,548729576,4,4,0,0,252339256844,0
1,stride16-clang18-auto-r6-stride16_scan-auto-cache_evicted-basic-32768,stride16-clang18-auto,6,stride16_scan,auto,cache_evicted,basic,32768,32768,413184000,807000,250000194,548729476,4,4,0,0,0,0
1,stride16-clang18-auto-r6-stride16_scan-auto-cache_evicted-basic-8388608,stride16-clang18-auto,6,stride16_scan,auto,cache_evicted,basic,8388608,8388608,79822848,609,250383505,549570804,4,4,0,0,281188778869009,0
1,stride16-clang18-auto-r6-stride16_scan-auto-cache_evicted-basic-6291456,stride16-clang18-auto,6,stride16_scan,auto,cache_evicted,basic,6291456,6291456,97714176,994,250189121,549144152,4,4,0,0,0,0
1,stride16-clang18-auto-r6-stride16_scan-auto-cache_evicted-branch-8388608,stride16-clang18-auto,6,stride16_scan,auto,cache_evicted,branch,8388608,8388608,79429632,606,250301537,549390924,4,4,0,0,0,0
1,stride16-clang18-auto-r6-stride16_scan-auto-warm-branch-134217728,stride16-clang18-auto,6,stride16_scan,auto,warm,branch,134217728,134217728,54525952,26,250672773,550205732,4,4,0,0,0,0
1,stride16-clang18-auto-r6-stride16_scan-auto-warm-branch-49152,stride16-clang18-auto,6,stride16_scan,auto,warm,branch,49152,49152,223533312,291059,250000890,548731016,4,4,0,0,1659287475586,0
1,stride16-clang18-auto-r6-stride16_scan-auto-warm-basic-536870912,stride16-clang18-auto,6,stride16_scan,auto,warm,basic,536870912,536870912,58720256,7,274370128,602219484,4,4,0,0,18017320474022258,0
1,stride16-clang18-auto-r6-stride16_scan-auto-warm-branch-229376,stride16-clang18-auto,6,stride16_scan,auto,warm,branch,229376,229376,203513856,56784,250002574,548734712,4,4,0,0,0,0
1,stride16-clang18-auto-r6-stride16_scan-auto-warm-branch-8388608,stride16-clang18-auto,6,stride16_scan,auto,warm,branch,8388608,8388608,79691776,608,250029511,548793832,4,4,0,0,0,0
1,stride16-clang18-auto-r6-stride16_scan-auto-warm-basic-49152,stride16-clang18-auto,6,stride16_scan,auto,warm,basic,49152,49152,209206272,272404,250000824,548730888,4,4,0,0,0,0
1,stride16-clang18-auto-r6-stride16_scan-auto-warm-basic-393216,stride16-clang18-auto,6,stride16_scan,auto,warm,basic,393216,393216,116047872,18888,250013257,548758148,4,4,0,0,0,0
1,stride16-clang18-auto-r6-stride16_scan-auto-warm-basic-131072,stride16-clang18-auto,6,stride16_scan,auto,warm,basic,131072,131072,222879744,108828,250001719,548732828,4,4,0,0,0,0
1,stride16-clang18-auto-r6-stride16_scan-auto-warm-branch-98304,stride16-clang18-auto,6,stride16_scan,auto,warm,branch,98304,98304,216872448,141193,250001019,548731288,4,4,0,0,3311926389759,0
1,stride16-clang18-auto-r6-stride16_scan-auto-warm-branch-12582912,stride16-clang18-auto,6,stride16_scan,auto,warm,branch,12582912,12582912,60751872,309,250266582,549314144,4,4,0,0,422095060024579,0
1,stride16-clang18-auto-r6-stride16_scan-auto-warm-basic-2097152,stride16-clang18-auto,6,stride16_scan,auto,warm,basic,2097152,2097152,116555776,3557,250020608,548774284,4,4,0,0,70166459708520,0
1,stride16-clang18-auto-r6-stride16_scan-auto-cache_evicted-basic-262144,stride16-clang18-auto,6,stride16_scan,auto,cache_evicted,basic,262144,262144,145514496,35526,250006319,548742932,4,4,0,0,0,0
1,stride16-clang18-auto-r6-stride16_scan-auto-warm-basic-65536,stride16-clang18-auto,6,stride16_scan,auto,warm,basic,65536,65536,213427200,208425,250000139,548729384,4,4,0,0,2213159990745,0
1,stride16-clang18-auto-r6-stride16_scan-auto-warm-basic-196608,stride16-clang18-auto,6,stride16_scan,auto,warm,basic,196608,196608,172649472,56201,250002725,548735064,4,4,0,0,6542833489349,0
1,stride16-clang18-auto-r6-stride16_scan-auto-warm-basic-229376,stride16-clang18-auto,6,stride16_scan,auto,warm,basic,229376,229376,152431104,42531,250003381,548736500,4,4,0,0,7675419882056,0
1,stride16-clang18-auto-r6-stride16_scan-auto-cache_evicted-branch-1048576,stride16-clang18-auto,6,stride16_scan,auto,cache_evicted,branch,1048576,1048576,116572160,7115,250017246,548766920,4,4,0,0,35123074066786,0
1,stride16-clang18-auto-r6-stride16_scan-auto-warm-branch-36864,stride16-clang18-auto,6,stride16_scan,auto,warm,branch,36864,36864,205384320,356570,250000475,548730100,4,4,0,0,0,0
1,stride16-clang18-auto-r6-stride16_scan-auto-warm-basic-16384,stride16-clang18-auto,6,stride16_scan,auto,warm,basic,16384,16384,377565440,1474865,250000118,548729320,4,4,0,0,524449958434,0
1,stride16-clang18-auto-r6-stride16_scan-auto-warm-branch-1048576,stride16-clang18-auto,6,stride16_scan,auto,warm,branch,1048576,1048576,116523008,7112,250033297,548802132,4,4,0,0,0,0
1,stride16-clang18-auto-r6-stride16_scan-auto-warm-basic-1048576,stride16-clang18-auto,6,stride16_scan,auto,warm,basic,1048576,1048576,116572160,7115,250024403,548782644,4,4,0,0,35022693818031,0
1,stride16-clang18-auto-r6-stride16_scan-auto-warm-branch-32768,stride16-clang18-auto,6,stride16_scan,auto,warm,branch,32768,32768,415799296,812108,250000292,548729724,4,4,0,0,0,0
1,stride16-clang18-auto-r6-stride16_scan-auto-cache_evicted-branch-33554432,stride16-clang18-auto,6,stride16_scan,auto,cache_evicted,branch,33554432,33554432,54001664,103,251923057,552950008,4,4,0,0,1126228096626839,0
1,stride16-clang18-auto-r6-stride16_scan-auto-warm-branch-294912,stride16-clang18-auto,6,stride16_scan,auto,warm,branch,294912,294912,148142592,32149,250005743,548741656,4,4,0,0,9892825539296,0
1,stride16-clang18-auto-r6-stride16_scan-auto-warm-branch-24576,stride16-clang18-auto,6,stride16_scan,auto,warm,branch,24576,24576,387634560,1009465,250000263,548729644,4,4,0,0,781515989925,0
1,stride16-clang18-auto-r6-stride16_scan-auto-cache_evicted-basic-536870912,stride16-clang18-auto,6,stride16_scan,auto,cache_evicted,basic,536870912,536870912,58720256,7,278884530,612128160,4,4,0,0,18019584462135554,0
1,stride16-clang18-auto-r6-stride16_scan-auto-warm-branch-16384,stride16-clang18-auto,6,stride16_scan,auto,warm,branch,16384,16384,379610368,1482853,250000125,548729352,4,4,0,0,524449958434,0
1,stride16-clang18-auto-r6-stride16_scan-auto-warm-branch-65536,stride16-clang18-auto,6,stride16_scan,auto,warm,branch,65536,65536,211345408,206392,250000486,548730128,4,4,0,0,0,0
1,stride16-clang18-auto-r6-stride16_scan-auto-warm-basic-12582912,stride16-clang18-auto,6,stride16_scan,auto,warm,basic,12582912,12582912,64290816,327,250140002,549036340,4,4,0,0,422095060024579,0
1,stride16-clang18-auto-r6-stride16_scan-auto-warm-basic-28672,stride16-clang18-auto,6,stride16_scan,auto,warm,basic,28672,28672,407189440,908905,250000361,548729836,4,4,0,0,928218861283,0
1,stride16-clang18-auto-r6-stride16_scan-auto-warm-branch-7340032,stride16-clang18-auto,6,stride16_scan,auto,warm,branch,7340032,7340032,73285632,639,250119362,548991068,4,4,0,0,246506178137993,0
1,stride16-clang18-auto-r6-stride16_scan-auto-cache_evicted-branch-6291456,stride16-clang18-auto,6,stride16_scan,auto,cache_evicted,branch,6291456,6291456,77266944,786,250166971,549095540,4,4,0,0,0,0
1,stride16-clang18-auto-r6-stride16_scan-auto-cache_evicted-basic-33554432,stride16-clang18-auto,6,stride16_scan,auto,cache_evicted,basic,33554432,33554432,50855936,97,252483420,554179956,4,4,0,0,1126228096626839,0
1,stride16-clang18-auto-r6-stride16_scan-auto-warm-branch-33554432,stride16-clang18-auto,6,stride16_scan,auto,warm,branch,33554432,33554432,49807360,95,252156385,553462056,4,4,0,0,1124709832046585,0
1,stride16-clang18-auto-r6-stride16_scan-auto-warm-branch-393216,stride16-clang18-auto,6,stride16_scan,auto,warm,branch,393216,393216,115955712,18873,250010859,548752884,4,4,0,0,13179475322317,0
1,stride16-clang18-auto-r6-stride16_scan-auto-warm-branch-262144,stride16-clang18-auto,6,stride16_scan,auto,warm,branch,262144,262144,181915648,44413,250002105,548733672,4,4,0,0,8804380657272,0
1,stride16-clang18-auto-r6-stride16_scan-auto-warm-branch-8192,stride16-clang18-auto,6,stride16_scan,auto,warm,branch,8192,8192,311426176,2433017,250000243,548729596,4,4,0,0,252339256844,0
1,stride16-clang18-auto-r6-stride16_scan-auto-warm-basic-294912,stride16-clang18-auto,6,stride16_scan,auto,warm,basic,294912,294912,129609216,28127,250004932,548739876,4,4,0,0,9892825539296,0
1,stride16-clang18-auto-r6-stride16_scan-auto-cache_evicted-branch-262144,stride16-clang18-auto,6,stride16_scan,auto,cache_evicted,branch,262144,262144,153067520,37370,250006457,548743220,4,4,0,0,0,0
1,stride16-clang18-auto-r6-stride16_scan-auto-warm-basic-5242880,stride16-clang18-auto,6,stride16_scan,auto,warm,basic,5242880,5242880,86507520,1056,250142158,549041084,4,4,0,0,0,0
1,stride16-clang18-auto-r6-stride16_scan-auto-warm-basic-4194304,stride16-clang18-auto,6,stride16_scan,auto,warm,basic,4194304,4194304,102170624,1559,250023705,548781112,4,4,0,0,140989181693895,0
1,stride16-clang18-auto-r6-stride16_scan-auto-warm-branch-131072,stride16-clang18-auto,6,stride16_scan,auto,warm,branch,131072,131072,217065472,105989,250000659,548730528,4,4,0,0,4389395899028,0
1,stride16-clang18-auto-r6-stride16_scan-auto-warm-basic-134217728,stride16-clang18-auto,6,stride16_scan,auto,warm,basic,134217728,134217728,50331648,24,251926275,552957040,4,4,0,0,0,0
1,stride16-clang18-auto-r6-stride16_scan-auto-warm-branch-6291456,stride16-clang18-auto,6,stride16_scan,auto,warm,branch,6291456,6291456,71172096,724,250290335,549366288,4,4,0,0,0,0
1,stride16-clang18-auto-r6-stride16_scan-auto-warm-basic-36864,stride16-clang18-auto,6,stride16_scan,auto,warm,basic,36864,36864,204990912,355887,250000808,548730852,4,4,0,0,1227000127213,0
1,stride16-clang18-auto-r6-stride16_scan-auto-warm-basic-262144,stride16-clang18-auto,6,stride16_scan,auto,warm,basic,262144,262144,155099136,37866,250000567,548730308,4,4,0,0,0,0
1,stride16-clang18-auto-r6-stride16_scan-auto-warm-basic-33554432,stride16-clang18-auto,6,stride16_scan,auto,warm,basic,33554432,33554432,53477376,102,252233326,553631008,4,4,0,0,0,0
1,stride16-clang18-auto-r6-stride16_scan-auto-warm-basic-24576,stride16-clang18-auto,6,stride16_scan,auto,warm,basic,24576,24576,411339264,1071196,250000314,548729752,4,4,0,0,0,0
1,stride16-clang18-auto-r6-stride16_scan-auto-cache_evicted-basic-1048576,stride16-clang18-auto,6,stride16_scan,auto,cache_evicted,basic,1048576,1048576,116441088,7107,250002038,548733524,4,4,0,0,35123074066786,0
1,stride16-clang18-auto-r6-stride16_scan-auto-warm-branch-2097152,stride16-clang18-auto,6,stride16_scan,auto,warm,branch,2097152,2097152,116293632,3549,250042461,548822252,4,4,0,0,70166459708520,0
1,stride16-clang18-auto-r6-stride16_scan-auto-warm-branch-536870912,stride16-clang18-auto,6,stride16_scan,auto,warm,branch,536870912,536870912,58720256,7,276448326,606780936,4,4,0,0,18017320474022258,0
1,stride16-clang18-auto-r6-stride16_scan-auto-cache_evicted-branch-32768,stride16-clang18-auto,6,stride16_scan,auto,cache_evicted,branch,32768,32768,414810112,810176,250000187,548729472,4,4,0,0,0,0
1,stride16-clang18-auto-r6-stride16_scan-auto-warm-basic-98304,stride16-clang18-auto,6,stride16_scan,auto,warm,basic,98304,98304,214433280,139605,250001896,548733212,4,4,0,0,3311926389759,0
1,stride16-clang18-auto-r6-stride16_scan-auto-warm-branch-5242880,stride16-clang18-auto,6,stride16_scan,auto,warm,branch,5242880,5242880,94945280,1159,250149083,549056284,4,4,0,0,176246545983057,0
1,stride16-clang18-auto-r6-stride16_scan-auto-warm-branch-196608,stride16-clang18-auto,6,stride16_scan,auto,warm,branch,196608,196608,194629632,63356,250003751,548737284,4,4,0,0,0,0
1,stride16-clang18-auto-r6-stride16_scan-auto-warm-branch-4194304,stride16-clang18-auto,6,stride16_scan,auto,warm,branch,4194304,4194304,106692608,1628,250100814,548950352,4,4,0,0,0,0
1,stride16-clang18-auto-r6-stride16_scan-auto-warm-basic-8388608,stride16-clang18-auto,6,stride16_scan,auto,warm,basic,8388608,8388608,73138176,558,250364291,549528552,4,4,0,0,0,0
1,stride16-clang18-auto-r6-stride16_scan-auto-warm-basic-524288,stride16-clang18-auto,6,stride16_scan,auto,warm,basic,524288,524288,116236288,14189,250016087,548764372,4,4,0,0,17484762846937,0
1,stride16-clang18-auto-r6-stride16_scan-auto-warm-basic-7340032,stride16-clang18-auto,6,stride16_scan,auto,warm,basic,7340032,7340032,84410368,736,250011486,548754264,4,4,0,0,0,0
1,stride16-clang18-auto-r6-stride16_scan-auto-warm-basic-6291456,stride16-clang18-auto,6,stride16_scan,auto,warm,basic,6291456,6291456,95846400,975,250048347,548835140,4,4,0,0,211249904217491,0
1,stride16-clang18-auto-r7-stride16_scan-auto-warm-basic-2097152,stride16-clang18-auto,7,stride16_scan,auto,warm,basic,2097152,2097152,116654080,3560,250026568,548787376,4,4,0,0,0,0
1,stride16-clang18-auto-r7-stride16_scan-auto-cache_evicted-branch-1048576,stride16-clang18-auto,7,stride16_scan,auto,cache_evicted,branch,1048576,1048576,116539392,7113,250000542,548730252,4,4,0,0,35084127139564,0
1,stride16-clang18-auto-r7-stride16_scan-auto-warm-basic-16384,stride16-clang18-auto,7,stride16_scan,auto,warm,basic,16384,16384,379567616,1482686,250000270,548729656,4,4,0,0,0,0
1,stride16-clang18-auto-r7-stride16_scan-auto-warm-basic-524288,stride16-clang18-auto,7,stride16_scan,auto,warm,basic,524288,524288,116228096,14188,250007492,548745528,4,4,0,0,0,0
1,stride16-clang18-auto-r7-stride16_scan-auto-warm-branch-7340032,stride16-clang18-auto,7,stride16_scan,auto,warm,branch,7340032,7340032,86245376,752,250140124,549036616,4,4,0,0,0,0
1,stride16-clang18-auto-r7-stride16_scan-auto-warm-basic-33554432,stride16-clang18-auto,7,stride16_scan,auto,warm,basic,33554432,33554432,52428800,100,250030915,548796932,4,4,0,0,0,0
1,stride16-clang18-auto-r7-stride16_scan-auto-warm-branch-36864,stride16-clang18-auto,7,stride16_scan,auto,warm,branch,36864,36864,205066944,356019,250000187,548729464,4,4,0,0,1246086249545,0
1,stride16-clang18-auto-r7-stride16_scan-auto-cache_evicted-basic-8388608,stride16-clang18-auto,7,stride16_scan,auto,cache_evicted,basic,8388608,8388608,76808192,586,250082466,548910076,4,4,0,0,0,0
1,stride16-clang18-auto-r7-stride16_scan-auto-warm-branch-49152,stride16-clang18-auto,7,stride16_scan,auto,warm,branch,49152,49152,208790016,271862,250000531,548730244,4,4,0,0,0,0
1,stride16-clang18-auto-r7-stride16_scan-auto-warm-basic-12582912,stride16-clang18-auto,7,stride16_scan,auto,warm,basic,12582912,12582912,62521344,318,250331417,549456476,4,4,0,0,0,0
1,stride16-clang18-auto-r7-stride16_scan-auto-warm-basic-28672,stride16-clang18-auto,7,stride16_scan,auto,warm,basic,28672,28672,415102016,926567,250000244,548729600,4,4,0,0,962631356885,0
1,stride16-clang18-auto-r7-stride16_scan-auto-warm-branch-1048576,stride16-clang18-auto,7,stride16_scan,auto,warm,branch,1048576,1048576,116523008,7112,250002020,548733456,4,4,0,0,0,0
1,stride16-clang18-auto-r7-stride16_scan-auto-cache_evicted-basic-536870912,stride16-clang18-auto,7,stride16_scan,auto,cache_evicted,basic,536870912,536870912,58720256,7,275904431,605587128,4,4,0,0,18011389229854806,0
1,stride16-clang18-auto-r7-stride16_scan-auto-cache_evicted-branch-536870912,stride16-clang18-auto,7,stride16_scan,auto,cache_evicted,branch,536870912,536870912,58720256,7,275551864,604813292,4,4,0,0,18011389229854806,0
1,stride16-clang18-auto-r7-stride16_scan-auto-warm-branch-131072,stride16-clang18-auto,7,stride16_scan,auto,warm,branch,131072,131072,223492096,109127,250000872,548730980,4,4,0,0,4417110612623,0
1,stride16-clang18-auto-r7-stride16_scan-auto-warm-branch-12582912,stride16-clang18-auto,7,stride16_scan,auto,warm,branch,12582912,12582912,62521344,318,250255217,549289252,4,4,0,0,0,0
1,stride16-clang18-auto-r7-stride16_scan-auto-warm-basic-131072,stride16-clang18-auto,7,stride16_scan,auto,warm,basic,131072,131072,221231104,108023,250000287,548729712,4,4,0,0,4417110612623,0
1,stride16-clang18-auto-r7-stride16_scan-auto-warm-branch-6291456,stride16-clang18-auto,7,stride16_scan,auto,warm,branch,6291456,6291456,80805888,822,250212059,549194500,4,4,0,0,0,0
1,stride16-clang18-auto-r7-stride16_scan-auto-warm-basic-5242880,stride16-clang18-auto,7,stride16_scan,auto,warm,basic,5242880,5242880,107069440,1307,250171420,549105316,4,4,0,0,175921704020435,0
1,stride16-clang18-auto-r7-stride16_scan-auto-warm-branch-28672,stride16-clang18-auto,7,stride16_scan,auto,warm,branch,28672,28672,419420288,936206,250000152,548729360,4,4,0,0,0,0
1,stride16-clang18-auto-r7-stride16_scan-auto-warm-branch-98304,stride16-clang18-auto,7,stride16_scan,auto,warm,branch,98304,98304,218133504,142014,250000726,548730680,4,4,0,0,0,0
1,stride16-clang18-auto-r7-stride16_scan-auto-warm-branch-16384,stride16-clang18-auto,7,stride16_scan,auto,warm,branch,16384,16384,379582976,1482746,250000184,548729460,4,4,0,0,0,0
1,stride16-clang18-auto-r7-stride16_scan-auto-warm-basic-49152,stride16-clang18-auto,7,stride16_scan,auto,warm,basic,49152,49152,210776832,274449,250000263,548729632,4,4,0,0,1655242910069,0
1,stride16-clang18-auto-r7-stride16_scan-auto-warm-basic-8388608,stride16-clang18-auto,7,stride16_scan,auto,warm,basic,8388608,8388608,78905344,602,250175749,549114796,4,4,0,0,0,0
1,stride16-clang18-auto-r7-stride16_scan-auto-warm-basic-65536,stride16-clang18-auto,7,stride16_scan,auto,warm,basic,65536,65536,209856512,204938,250000571,548730308,4,4,0,0,0,0
1,stride16-clang18-auto-r7-stride16_scan-auto-cache_evicted-basic-33554432,stride16-clang18-auto,7,stride16_scan,auto,cache_evicted,basic,33554432,33554432,54525952,104,252407267,554012808,4,4,0,0,0,0
1,stride16-clang18-auto-r7-stride16_scan-auto-warm-basic-229376,stride16-clang18-auto,7,stride16_scan,auto,warm,basic,229376,229376,175942144,49091,250004119,548738092,4,4,0,0,7762322141282,0
1,stride16-clang18-auto-r7-stride16_scan-auto-cache_evicted-basic-1048576,stride16-clang18-auto,7,stride16_scan,auto,cache_evicted,basic,1048576,1048576,116555776,7114,250030921,548796920,4,4,0,0,0,0
1,stride16-clang18-auto-r7-stride16_scan-auto-warm-basic-4194304,stride16-clang18-auto,7,stride16_scan,auto,warm,basic,4194304,4194304,109772800,1675,250033165,548801856,4,4,0,0,140648806858239,0
1,stride16-clang18-auto-r7-stride16_scan-auto-warm-branch-4194304,stride16-clang18-auto,7,stride16_scan,auto,warm,branch,4194304,4194304,108396544,1654,250058379,548857192,4,4,0,0,0,0
1,stride16-clang18-auto-r7-stride16_scan-auto-warm-branch-8388608,stride16-clang18-auto,7,stride16_scan,auto,warm,branch,8388608,8388608,77332480,590,250145856,549049196,4,4,0,0,0,0
1,stride16-clang18-auto-r7-stride16_scan-auto-cache_evicted-branch-6291456,stride16-clang18-auto,7,stride16_scan,auto,cache_evicted,branch,6291456,6291456,77856768,792,250197940,549163532,4,4,0,0,0,0
1,stride16-clang18-auto-r7-stride16_scan-auto-warm-basic-6291456,stride16-clang18-auto,7,stride16_scan,auto,warm,basic,6291456,6291456,76382208,777,250262403,549305004,4,4,0,0,211066249350878,0
1,stride16-clang18-auto-r7-stride16_scan-auto-warm-basic-8192,stride16-clang18-auto,7,stride16_scan,auto,warm,basic,8192,8192,312076032,2438094,250000202,548729508,4,4,0,0,0,0
1,stride16-clang18-auto-r7-stride16_scan-auto-warm-basic-32768,stride16-clang18-auto,7,stride16_scan,auto,warm,basic,32768,32768,414482432,809536,250000356,548729864,4,4,0,0,0,0
1,stride16-clang18-auto-r7-stride16_scan-auto-warm-branch-32768,stride16-clang18-auto,7,stride16_scan,auto,warm,branch,32768,32768,417831424,816077,250000158,548729384,4,4,0,0,1096194196191,0
1,stride16-clang18-auto-r7-stride16_scan-auto-warm-branch-24576,stride16-clang18-auto,7,stride16_scan,auto,warm,branch,24576,24576,411472512,1071543,250000299,548729724,4,4,0,0,823537367434,0
1,stride16-clang18-auto-r7-stride16_scan-auto-warm-branch-33554432,stride16-clang18-auto,7,stride16_scan,auto,warm,branch,33554432,33554432,54001664,103,250946584,550806720,4,4,0,0,1126382993478289,0
1,stride16-clang18-auto-r7-stride16_scan-auto-cache_evicted-basic-6291456,stride16-clang18-auto,7,stride16_scan,auto,cache_evicted,basic,6291456,6291456,95846400,975,250037671,548811736,4,4,0,0,211351195672580,0
1,stride16-clang18-auto-r7-stride16_scan-auto-warm-branch-2097152,stride16-clang18-auto,7,stride16_scan,auto,warm,branch,2097152,2097152,116686848,3561,250068659,548879752,4,4,0,0,70498469267265,0
1,stride16-clang18-auto-r7-stride16_scan-auto-warm-branch-536870912,stride16-clang18-auto,7,stride16_scan,auto,warm,branch,536870912,536870912,58720256,7,275392346,604463116,4,4,0,0,18014798250468075,0
1,stride16-clang18-auto-r7-stride16_scan-auto-warm-basic-7340032,stride16-clang18-auto,7,stride16_scan,auto,warm,basic,7340032,7340032,89112576,777,250104659,548958764,4,4,0,0,246391048564810,0
1,stride16-clang18-auto-r7-stride16_scan-auto-warm-basic-536870912,stride16-clang18-auto,7,stride16_scan,auto,warm,basic,536870912,536870912,58720256,7,275693309,605123724,4,4,0,0,18014798250468075,0
1,stride16-clang18-auto-r7-stride16_scan-auto-warm-basic-294912,stride16-clang18-auto,7,stride16_scan,auto,warm,basic,294912,294912,139092480,30185,250004593,548739132,4,4,0,0,9931601922254,0
1,stride16-clang18-auto-r7-stride16_scan-auto-warm-basic-134217728,stride16-clang18-auto,7,stride16_scan,auto,warm,basic,134217728,134217728,54525952,26,253473487,556353072,4,4,0,0,0,0
1,stride16-clang18-auto-r7-stride16_scan-auto-cache_evicted-branch-32768,stride16-clang18-auto,7,stride16_scan,auto,cache_evicted,branch,32768,32768,417559552,815546,250000372,548729868,4,4,0,0,0,0
1,stride16-clang18-auto-r7-stride16_scan-auto-cache_evicted-basic-32768,stride16-clang18-auto,7,stride16_scan,auto,cache_evicted,basic,32768,32768,418436096,817258,250000360,548729876,4,4,0,0,0,0
1,stride16-clang18-auto-r7-stride16_scan-auto-warm-branch-524288,stride16-clang18-auto,7,stride16_scan,auto,warm,branch,524288,524288,116236288,14189,250006022,548742268,4,4,0,0,17682196008004,0
1,stride16-clang18-auto-r7-stride16_scan-auto-warm-basic-393216,stride16-clang18-auto,7,stride16_scan,auto,warm,basic,393216,393216,116066304,18891,250000799,548730816,4,4,0,0,13270969271721,0
1,stride16-clang18-auto-r7-stride16_scan-auto-warm-basic-36864,stride16-clang18-auto,7,stride16_scan,auto,warm,basic,36864,36864,205574976,356901,250000292,548729712,4,4,0,0,1246086249545,0
1,stride16-clang18-auto-r7-stride16_scan-auto-cache_evicted-basic-262144,stride16-clang18-auto,7,stride16_scan,auto,cache_evicted,basic,262144,262144,161685504,39474,250006153,548742568,4,4,0,0,0,0
1,stride16-clang18-auto-r7-stride16_scan-auto-cache_evicted-branch-8388608,stride16-clang18-auto,7,stride16_scan,auto,cache_evicted,branch,8388608,8388608,78512128,599,250190632,549147488,4,4,0,0,281749179788310,0
1,stride16-clang18-auto-r7-stride16_scan-auto-cache_evicted-branch-262144,stride16-clang18-auto,7,stride16_scan,auto,cache_evicted,branch,262144,262144,167911424,40994,250002634,548734808,4,4,0,0,0,0
1,stride16-clang18-auto-r7-stride16_scan-auto-warm-branch-393216,stride16-clang18-auto,7,stride16_scan,auto,warm,branch,393216,393216,116090880,18895,250006609,548743568,4,4,0,0,13270969271721,0
1,stride16-clang18-auto-r7-stride16_scan-auto-warm-branch-294912,stride16-clang18-auto,7,stride16_scan,auto,warm,branch,294912,294912,142963200,31025,250002062,548733588,4,4,0,0,9931601922254,0
1,stride16-clang18-auto-r7-stride16_scan-auto-warm-branch-134217728,stride16-clang18-auto,7,stride16_scan,auto,warm,branch,134217728,134217728,54525952,26,252374076,553939948,4,4,0,0,0,0
1,stride16-clang18-auto-r7-stride16_scan-auto-warm-branch-229376,stride16-clang18-auto,7,stride16_scan,auto,warm,branch,229376,229376,241790976,67464,250000762,548730736,4,4,0,0,0,0
1,stride16-clang18-auto-r7-stride16_scan-auto-warm-basic-24576,stride16-clang18-auto,7,stride16_scan,auto,warm,basic,24576,24576,408273408,1063212,250000154,548729388,4,4,0,0,0,0
1,stride16-clang18-auto-r7-stride16_scan-auto-warm-basic-1048576,stride16-clang18-auto,7,stride16_scan,auto,warm,basic,1048576,1048576,116555776,7114,250019500,548771848,4,4,0,0,0,0
1,stride16-clang18-auto-r7-stride16_scan-auto-warm-branch-196608,stride16-clang18-auto,7,stride16_scan,auto,warm,branch,196608,196608,199547904,64957,250003906,548737636,4,4,0,0,6638093335297,0
1,stride16-clang18-auto-r7-stride16_scan-auto-warm-basic-262144,stride16-clang18-auto,7,stride16_scan,auto,warm,basic,262144,262144,166703104,40699,250005103,548740252,4,4,0,0,8863023613746,0
1,stride16-clang18-auto-r7-stride16_scan-auto-cache_evicted-branch-33554432,stride16-clang18-auto,7,stride16_scan,auto,cache_evicted,branch,33554432,33554432,54001664,103,251348493,551688876,4,4,0,0,1126276114957445,0
1,stride16-clang18-auto-r7-stride16_scan-auto-warm-basic-196608,stride16-clang18-auto,7,stride16_scan,auto,warm,basic,196608,196608,198878208,64739,250002816,548735248,4,4,0,0,6638093335297,0
1,stride16-clang18-auto-r7-stride16_scan-auto-warm-basic-98304,stride16-clang18-auto,7,stride16_scan,auto,warm,basic,98304,98304,218119680,142005,250000396,548729932,4,4,0,0,3332516181454,0
1,stride16-clang18-auto-r7-stride16_scan-auto-warm-branch-8192,stride16-clang18-auto,7,stride16_scan,auto,warm,branch,8192,8192,312461824,2441108,250000207,548729504,4,4,0,0,0,0
1,stride16-clang18-auto-r7-stride16_scan-auto-warm-branch-5242880,stride16-clang18-auto,7,stride16_scan,auto,warm,branch,5242880,5242880,101580800,1240,250082796,548910808,4,4,0,0,0,0
1,stride16-clang18-auto-r7-stride16_scan-auto-warm-branch-262144,stride16-clang18-auto,7,stride16_scan,auto,warm,branch,262144,262144,156405760,38185,250002273,548734052,4,4,0,0,8863023613746,0
1,stride16-clang18-auto-r7-stride16_scan-auto-warm-branch-65536,stride16-clang18-auto,7,stride16_scan,auto,warm,branch,65536,65536,211475456,206519,250000531,548730228,4,4,0,0,2202166144963,0
1,stride16-clang18-auto-r8-stride16_scan-auto-warm-branch-8388608,stride16-clang18-auto,8,stride16_scan,auto,warm,branch,8388608,8388608,69730304,532,250041299,548819704,4,4,0,0,0,0
1,stride16-clang18-auto-r8-stride16_scan-auto-warm-branch-294912,stride16-clang18-auto,8,stride16_scan,auto,warm,branch,294912,294912,141460992,30699,250005096,548740240,4,4,0,0,10047539243680,0
1,stride16-clang18-auto-r8-stride16_scan-auto-warm-branch-7340032,stride16-clang18-auto,8,stride16_scan,auto,warm,branch,7340032,7340032,84410368,736,250135448,549026356,4,4,0,0,0,0
1,stride16-clang18-auto-r8-stride16_scan-auto-cache_evicted-branch-33554432,stride16-clang18-auto,8,stride16_scan,auto,cache_evicted,branch,33554432,33554432,54001664,103,251356324,551706060,4,4,0,0,1125932789958723,0
1,stride16-clang18-auto-r8-stride16_scan-auto-cache_evicted-basic-33554432,stride16-clang18-auto,8,stride16_scan,auto,cache_evicted,basic,33554432,33554432,54001664,103,252169676,553491304,4,4,0,0,1125932789958723,0
1,stride16-clang18-auto-r8-stride16_scan-auto-warm-basic-8192,stride16-clang18-auto,8,stride16_scan,auto,warm,basic,8192,8192,311764096,2435657,250000227,548729548,4,4,0,0,295373605634,0
1,stride16-clang18-auto-r8-stride16_scan-auto-warm-basic-36864,stride16-clang18-auto,8,stride16_scan,auto,warm,basic,36864,36864,205289280,356405,250000458,548730048,4,4,0,0,1243420101577,0
1,stride16-clang18-auto-r8-stride16_scan-auto-cache_evicted-basic-6291456,stride16-clang18-auto,8,stride16_scan,auto,cache_evicted,basic,6291456,6291456,77955072,793,250239904,549255616,4,4,0,0,210972361310344,0
1,stride16-clang18-auto-r8-stride16_scan-auto-warm-branch-524288,stride16-clang18-auto,8,stride16_scan,auto,warm,branch,524288,524288,116187136,14183,250014831,548761580,4,4,0,0,17651302202824,0
1,stride16-clang18-auto-r8-stride16_scan-auto-cache_evicted-basic-536870912,stride16-clang18-auto,8,stride16_scan,auto,cache_evicted,basic,536870912,536870912,58720256,7,276320658,606500676,4,4,0,0,18012150961161219,0
1,stride16-clang18-auto-r8-stride16_scan-auto-cache_evicted-basic-262144,stride16-clang18-auto,8,stride16_scan,auto,cache_evicted,basic,262144,262144,133169152,32512,250000724,548730644,4,4,0,0,0,0
1,stride16-clang18-auto-r8-stride16_scan-auto-warm-basic-49152,stride16-clang18-auto,8,stride16_scan,auto,warm,basic,49152,49152,210905088,274616,250000976,548731192,4,4,0,0,0,0
1,stride16-clang18-auto-r8-stride16_scan-auto-warm-basic-393216,stride16-clang18-auto,8,stride16_scan,auto,warm,basic,393216,393216,126449664,20581,250004540,548739016,4,4,0,0,13314297390261,0
1,stride16-clang18-auto-r8-stride16_scan-auto-cache_evicted-branch-1048576,stride16-clang18-auto,8,stride16_scan,auto,cache_evicted,branch,1048576,1048576,116539392,7113,250029183,548793104,4,4,0,0,35070989831228,0
1,stride16-clang18-auto-r8-stride16_scan-auto-warm-basic-28672,stride16-clang18-auto,8,stride16_scan,auto,warm,basic,28672,28672,418567744,934303,250000174,548729432,4,4,0,0,967082628712,0
1,stride16-clang18-auto-r8-stride16_scan-auto-warm-basic-16384,stride16-clang18-auto,8,stride16_scan,auto,warm,basic,16384,16384,379599104,1482809,250000143,548729368,4,4,0,0,559610255130,0
1,stride16-clang18-auto-r8-stride16_scan-auto-warm-branch-16384,stride16-clang18-auto,8,stride16_scan,auto,warm,branch,16384,16384,379475456,1482326,250000208,548729536,4,4,0,0,0,0
1,stride16-clang18-auto-r8-stride16_scan-auto-warm-branch-229376,stride16-clang18-auto,8,stride16_scan,auto,warm,branch,229376,229376,182006272,50783,250000558,548730300,4,4,0,0,7798739118225,0
1,stride16-clang18-auto-r8-stride16_scan-auto-warm-branch-28672,stride16-clang18-auto,8,stride16_scan,auto,warm,branch,28672,28672,419664448,936751,250000345,548729820,4,4,0,0,967082628712,0
1,stride16-clang18-auto-r8-stride16_scan-auto-warm-branch-24576,stride16-clang18-auto,8,stride16_scan,auto,warm,branch,24576,24576,411488640,1071585,250000225,548729544,4,4,0,0,826482268632,0
1,stride16-clang18-auto-r8-stride16_scan-auto-warm-branch-98304,stride16-clang18-auto,8,stride16_scan,auto,warm,branch,98304,98304,216809472,141152,250001402,548732140,4,4,0,0,0,0
1,stride16-clang18-auto-r8-stride16_scan-auto-warm-branch-4194304,stride16-clang18-auto,8,stride16_scan,auto,warm,branch,4194304,4194304,113770496,1736,250014669,548761248,4,4,0,0,0,0
1,stride16-clang18-auto-r8-stride16_scan-auto-cache_evicted-branch-32768,stride16-clang18-auto,8,stride16_scan,auto,cache_evicted,branch,32768,32768,416531968,813539,250000287,548729708,4,4,0,0,1108856143452,0
1,stride16-clang18-auto-r8-stride16_scan-auto-warm-basic-229376,stride16-clang18-auto,8,stride16_scan,auto,warm,basic,229376,229376,206359552,57578,250001380,548732108,4,4,0,0,0,0
1,stride16-clang18-auto-r8-stride16_scan-auto-warm-basic-4194304,stride16-clang18-auto,8,stride16_scan,auto,warm,basic,4194304,4194304,113836032,1737,250084877,548915352,4,4,0,0,140996458783771,0
1,stride16-clang18-auto-r8-stride16_scan-auto-warm-basic-12582912,stride16-clang18-auto,8,stride16_scan,auto,warm,basic,12582912,12582912,63307776,322,250105725,548961132,4,4,0,0,0,0
1,stride16-clang18-auto-r8-stride16_scan-auto-warm-basic-536870912,stride16-clang18-auto,8,stride16_scan,auto,warm,basic,536870912,536870912,58720256,7,276427502,606735224,4,4,0,0,18013779756889659,0
1,stride16-clang18-auto-r8-stride16_scan-auto-warm-branch-49152,stride16-clang18-auto,8,stride16_scan,auto,warm,branch,49152,49152,209765376,273132,250000374,548729888,4,4,0,0,0,0
1,stride16-clang18-auto-r8-stride16_scan-auto-warm-basic-262144,stride16-clang18-auto,8,stride16_scan,auto,warm,basic,262144,262144,175734784,42904,250001072,548731404,4,4,0,0,0,0
1,stride16-clang18-auto-r8-stride16_scan-auto-warm-basic-24576,stride16-clang18-auto,8,stride16_scan,auto,warm,basic,24576,24576,411281664,1071046,250000191,548729500,4,4,0,0,0,0
1,stride16-clang18-auto-r8-stride16_scan-auto-warm-branch-6291456,stride16-clang18-auto,8,stride16_scan,auto,warm,branch,6291456,6291456,96731136,984,250232943,549240348,4,4,0,0,0,0
1,stride16-clang18-auto-r8-stride16_scan-auto-warm-branch-536870912,stride16-clang18-auto,8,stride16_scan,auto,warm,branch,536870912,536870912,58720256,7,275474544,604643564,4,4,0,0,18013779756889659,0
1,stride16-clang18-auto-r8-stride16_scan-auto-warm-branch-1048576,stride16-clang18-auto,8,stride16_scan,auto,warm,branch,1048576,1048576,116523008,7112,250008507,548747724,4,4,0,0,0,0
1,stride16-clang18-auto-r8-stride16_scan-auto-warm-basic-6291456,stride16-clang18-auto,8,stride16_scan,auto,warm,basic,6291456,6291456,99385344,1011,250011520,548754328,4,4,0,0,211222435820198,0
1,stride16-clang18-auto-r8-stride16_scan-auto-warm-basic-131072,stride16-clang18-auto,8,stride16_scan,auto,warm,basic,131072,131072,219508736,107182,250001571,548732500,4,4,0,0,0,0
1,stride16-clang18-auto-r8-stride16_scan-auto-warm-basic-2097152,stride16-clang18-auto,8,stride16_scan,auto,warm,basic,2097152,2097152,116654080,3560,250054075,548847752,4,4,0,0,0,0
1,stride16-clang18-auto-r8-stride16_scan-auto-warm-branch-5242880,stride16-clang18-auto,8,stride16_scan,auto,warm,branch,5242880,5242880,114278400,1395,250166937,549095476,4,4,0,0,176069737355228,0
1,stride16-clang18-auto-r8-stride16_scan-auto-cache_evicted-branch-262144,stride16-clang18-auto,8,stride16_scan,auto,cache_evicted,branch,262144,262144,151523328,36993,250002020,548733472,4,4,0,0,8711848974022,0
1,stride16-clang18-auto-r8-stride16_scan-auto-warm-basic-1048576,stride16-clang18-auto,8,stride16_scan,auto,warm,basic,1048576,1048576,116572160,7115,250025523,548785072,4,4,0,0,35352970144712,0
1,stride16-clang18-auto-r8-stride16_scan-auto-warm-basic-196608,stride16-clang18-auto,8,stride16_scan,auto,warm,basic,196608,196608,234055680,76190,250001235,548731772,4,4,0,0,0,0
1,stride16-clang18-auto-r8-stride16_scan-auto-warm-branch-393216,stride16-clang18-auto,8,stride16_scan,auto,warm,branch,393216,393216,120121344,19551,250004819,548739640,4,4,0,0,13314297390261,0
1,stride16-clang18-auto-r8-stride16_scan-auto-warm-branch-12582912,stride16-clang18-auto,8,stride16_scan,auto,warm,branch,12582912,12582912,63111168,321,250605152,550057280,4,4,0,0,422220570583418,0
1,stride16-clang18-auto-r8-stride16_scan-auto-warm-basic-5242880,stride16-clang18-auto,8,stride16_scan,auto,warm,basic,5242880,5242880,102236160,1248,250121521,548995808,4,4,0,0,0,0
1,stride16-clang18-auto-r8-stride16_scan-auto-warm-branch-65536,stride16-clang18-auto,8,stride16_scan,auto,warm,branch,65536,65536,213493760,208490,250001261,548731852,4,4,0,0,0,0
1,stride16-clang18-auto-r8-stride16_scan-auto-warm-basic-134217728,stride16-clang18-auto,8,stride16_scan,auto,warm,basic,134217728,134217728,54525952,26,252206834,553572864,4,4,0,0,0,0
1,stride16-clang18-auto-r8-stride16_scan-auto-warm-branch-134217728,stride16-clang18-auto,8,stride16_scan,auto,warm,branch,134217728,134217728,54525952,26,251903295,552906620,4,4,0,0,0,0
1,stride16-clang18-auto-r8-stride16_scan-auto-warm-branch-262144,stride16-clang18-auto,8,stride16_scan,auto,warm,branch,262144,262144,154615808,37748,250001645,548732660,4,4,0,0,0,0
1,stride16-clang18-auto-r8-stride16_scan-auto-warm-basic-65536,stride16-clang18-auto,8,stride16_scan,auto,warm,basic,65536,65536,213651456,208644,250000693,548730576,4,4,0,0,0,0
1,stride16-clang18-auto-r8-stride16_scan-auto-warm-branch-36864,stride16-clang18-auto,8,stride16_scan,auto,warm,branch,36864,36864,208016640,361140,250000281,548729684,4,4,0,0,0,0
1,stride16-clang18-auto-r8-stride16_scan-auto-cache_evicted-basic-8388608,stride16-clang18-auto,8,stride16_scan,auto,cache_evicted,basic,8388608,8388608,77201408,589,250143471,549043944,4,4,0,0,281556361655643,0
1,stride16-clang18-auto-r8-stride16_scan-auto-warm-branch-33554432,stride16-clang18-auto,8,stride16_scan,auto,warm,branch,33554432,33554432,54001664,103,250244011,549264664,4,4,0,0,1127086860584830,0
1,stride16-clang18-auto-r8-stride16_scan-auto-warm-basic-294912,stride16-clang18-auto,8,stride16_scan,auto,warm,basic,294912,294912,149027328,32341,250005229,548740540,4,4,0,0,10047539243680,0
1,stride16-clang18-auto-r8-stride16_scan-auto-warm-basic-7340032,stride16-clang18-auto,8,stride16_scan,auto,warm,basic,7340032,7340032,79134720,690,250183683,549132200,4,4,0,0,0,0
1,stride16-clang18-auto-r8-stride16_scan-auto-warm-basic-32768,stride16-clang18-auto,8,stride16_scan,auto,warm,basic,32768,32768,416781824,814027,250000236,548729592,4,4,0,0,1101828933798,0
1,stride16-clang18-auto-r8-stride16_scan-auto-warm-branch-32768,stride16-clang18-auto,8,stride16_scan,auto,warm,branch,32768,32768,417782272,815981,250000234,548729592,4,4,0,0,1101828933798,0
1,stride16-clang18-auto-r8-stride16_scan-auto-warm-basic-8388608,stride16-clang18-auto,8,stride16_scan,auto,warm,basic,8388608,8388608,75497472,576,250186386,549138148,4,4,0,0,0,0
1,stride16-clang18-auto-r8-stride16_scan-auto-warm-branch-2097152,stride16-clang18-auto,8,stride16_scan,auto,warm,branch,2097152,2097152,116686848,3561,250066317,548874624,4,4,0,0,70524891160717,0
1,stride16-clang18-auto-r8-stride16_scan-auto-warm-branch-196608,stride16-clang18-auto,8,stride16_scan,auto,warm,branch,196608,196608,195182592,63536,250002868,548735344,4,4,0,0,0,0
1,stride16-clang18-auto-r8-stride16_scan-auto-cache_evicted-branch-6291456,stride16-clang18-auto,8,stride16_scan,auto,cache_evicted,branch,6291456,6291456,86605824,881,250256499,549292068,4,4,0,0,210972361310344,0
1,stride16-clang18-auto-r8-stride16_scan-auto-warm-branch-8192,stride16-clang18-auto,8,stride16_scan,auto,warm,branch,8192,8192,312108544,2438348,250000196,548729492,4,4,0,0,0,0
1,stride16-clang18-auto-r8-stride16_scan-auto-cache_evicted-basic-32768,stride16-clang18-auto,8,stride16_scan,auto,cache_evicted,basic,32768,32768,407861760,796605,250000161,548729432,4,4,0,0,1108856143452,0
1,stride16-clang18-auto-r8-stride16_scan-auto-cache_evicted-basic-1048576,stride16-clang18-auto,8,stride16_scan,auto,cache_evicted,basic,1048576,1048576,116539392,7113,250012413,548756300,4,4,0,0,35070989831228,0
1,stride16-clang18-auto-r8-stride16_scan-auto-warm-basic-524288,stride16-clang18-auto,8,stride16_scan,auto,warm,basic,524288,524288,116211712,14186,250012378,548756252,4,4,0,0,0,0
1,stride16-clang18-auto-r8-stride16_scan-auto-warm-branch-131072,stride16-clang18-auto,8,stride16_scan,auto,warm,branch,131072,131072,220844032,107834,250001812,548733028,4,4,0,0,0,0
1,stride16-clang18-auto-r8-stride16_scan-auto-warm-basic-98304,stride16-clang18-auto,8,stride16_scan,auto,warm,basic,98304,98304,215646720,140395,250001088,548731444,4,4,0,0,3349293345018,0
1,stride16-clang18-auto-r8-stride16_scan-auto-cache_evicted-branch-8388608,stride16-clang18-auto,8,stride16_scan,auto,cache_evicted,branch,8388608,8388608,76414976,583,250299956,549387420,4,4,0,0,281556361655643,0
1,stride16-clang18-auto-r8-stride16_scan-auto-cache_evicted-branch-536870912,stride16-clang18-auto,8,stride16_scan,auto,cache_evicted,branch,536870912,536870912,58720256,7,276155219,606137604,4,4,0,0,18012150961161219,0
1,stride16-clang18-auto-r8-stride16_scan-auto-warm-basic-33554432,stride16-clang18-auto,8,stride16_scan,auto,warm,basic,33554432,33554432,55050240,105,251813478,552709492,4,4,0,0,1127086860584830,0
1,stride16-clang18-auto-r9-stride16_scan-auto-warm-basic-24576,stride16-clang18-auto,9,stride16_scan,auto,warm,basic,24576,24576,411481344,1071566,250000163,548729440,4,4,0,0,0,0
1,stride16-clang18-auto-r9-stride16_scan-auto-warm-basic-7340032,stride16-clang18-auto,9,stride16_scan,auto,warm,basic,7340032,7340032,86360064,753,250287822,549360804,4,4,0,0,246482904870193,0
1,stride16-clang18-auto-r9-stride16_scan-auto-warm-basic-49152,stride16-clang18-auto,9,stride16_scan,auto,warm,basic,49152,49152,206452992,268819,250000827,548730864,4,4,0,0,1678477175640,0
1,stride16-clang18-auto-r9-stride16_scan-auto-warm-branch-7340032,stride16-clang18-auto,9,stride16_scan,auto,warm,branch,7340032,7340032,86130688,751,250083145,548911560,4,4,0,0,246482904870193,0
1,stride16-clang18-auto-r9-stride16_scan-auto-cache_evicted-branch-32768,stride16-clang18-auto,9,stride16_scan,auto,cache_evicted,branch,32768,32768,418555904,817492,250000322,548729756,4,4,0,0,0,0
1,stride16-clang18-auto-r9-stride16_scan-auto-warm-branch-8388608,stride16-clang18-auto,9,stride16_scan,auto,warm,branch,8388608,8388608,78249984,597,250101217,548951236,4,4,0,0,281558012504093,0
1,stride16-clang18-auto-r9-stride16_scan-auto-warm-basic-65536,stride16-clang18-auto,9,stride16_scan,auto,warm,basic,65536,65536,211592192,206633,250000199,548729492,4,4,0,0,2227364736609,0
1,stride16-clang18-auto-r9-stride16_scan-auto-warm-branch-49152,stride16-clang18-auto,9,stride16_scan,auto,warm,branch,49152,49152,211372032,275224,250000224,548729556,4,4,0,0,0,0
1,stride16-clang18-auto-r9-stride16_scan-auto-warm-basic-1048576,stride16-clang18-auto,9,stride16_scan,auto,warm,basic,1048576,1048576,116539392,7113,250023799,548781304,4,4,0,0,35530213788971,0
1,stride16-clang18-auto-r9-stride16_scan-auto-cache_evicted-branch-1048576,stride16-clang18-auto,9,stride16_scan,auto,cache_evicted,branch,1048576,1048576,116555776,7114,250019310,548771448,4,4,0,0,0,0
1,stride16-clang18-auto-r9-stride16_scan-auto-warm-branch-393216,stride16-clang18-auto,9,stride16_scan,auto,warm,branch,393216,393216,119943168,19522,250005225,548740520,4,4,0,0,0,0
1,stride16-clang18-auto-r9-stride16_scan-auto-warm-basic-536870912,stride16-clang18-auto,9,stride16_scan,auto,warm,basic,536870912,536870912,58720256,7,275338724,604345436,4,4,0,0,18010029673144056,0
1,stride16-clang18-auto-r9-stride16_scan-auto-warm-basic-16384,stride16-clang18-auto,9,stride16_scan,auto,warm,basic,16384,16384,379584000,1482750,250000228,548729568,4,4,0,0,0,0
1,stride16-clang18-auto-r9-stride16_scan-auto-warm-branch-4194304,stride16-clang18-auto,9,stride16_scan,auto,warm,branch,4194304,4194304,116195328,1773,250100289,548949180,4,4,0,0,141066742602680,0
1,stride16-clang18-auto-r9-stride16_scan-auto-warm-branch-8192,stride16-clang18-auto,9,stride16_scan,auto,warm,branch,8192,8192,312190592,2438989,250000168,548729420,4,4,0,0,282248361303,0
1,stride16-clang18-auto-r9-stride16_scan-auto-cache_evicted-branch-262144,stride16-clang18-auto,9,stride16_scan,auto,cache_evicted,branch,262144,262144,155279360,37910,250000536,548730232,4,4,0,0,0,0
1,stride16-clang18-auto-r9-stride16_scan-auto-warm-branch-262144,stride16-clang18-auto,9,stride16_scan,auto,warm,branch,262144,262144,180383744,44039,250000693,548730568,4,4,0,0,9003712790843,0
1,stride16-clang18-auto-r9-stride16_scan-auto-warm-branch-12582912,stride16-clang18-auto,9,stride16_scan,auto,warm,branch,12582912,12582912,63504384,323,250675966,550212768,4,4,0,0,422054014802041,0
1,stride16-clang18-auto-r9-stride16_scan-auto-warm-branch-131072,stride16-clang18-auto,9,stride16_scan,auto,warm,branch,131072,131072,224098304,109423,250000859,548730936,4,4,0,0,4436400451468,0
1,stride16-clang18-auto-r9-stride16_scan-auto-warm-branch-6291456,stride16-clang18-auto,9,stride16_scan,auto,warm,branch,6291456,6291456,96731136,984,250018487,548769636,4,4,0,0,0,0
1,stride16-clang18-auto-r9-stride16_scan-auto-warm-basic-4194304,stride16-clang18-auto,9,stride16_scan,auto,warm,basic,4194304,4194304,115933184,1769,250019387,548771616,4,4,0,0,141066742602680,0
1,stride16-clang18-auto-r9-stride16_scan-auto-warm-basic-5242880,stride16-clang18-auto,9,stride16_scan,auto,warm,basic,5242880,5242880,110592000,1350,250125524,549004572,4,4,0,0,0,0
1,stride16-clang18-auto-r9-stride16_scan-auto-warm-basic-262144,stride16-clang18-auto,9,stride16_scan,auto,warm,basic,262144,262144,158134272,38607,250005311,548740712,4,4,0,0,9003712790843,0
1,stride16-clang18-auto-r9-stride16_scan-auto-cache_evicted-basic-6291456,stride16-clang18-auto,9,stride16_scan,auto,cache_evicted,basic,6291456,6291456,99876864,1016,250058184,548856772,4,4,0,0,0,0
1,stride16-clang18-auto-r9-stride16_scan-auto-warm-basic-6291456,stride16-clang18-auto,9,stride16_scan,auto,warm,basic,6291456,6291456,99778560,1015,250228022,549229536,4,4,0,0,211428400897571,0
1,stride16-clang18-auto-r9-stride16_scan-auto-warm-basic-393216,stride16-clang18-auto,9,stride16_scan,auto,warm,basic,393216,393216,116017152,18883,250012106,548755624,4,4,0,0,13394598189665,0
1,stride16-clang18-auto-r9-stride16_scan-auto-cache_evicted-branch-8388608,stride16-clang18-auto,9,stride16_scan,auto,cache_evicted,branch,8388608,8388608,77987840,595,250114771,548980964,4,4,0,0,280981649935335,0
1,stride16-clang18-auto-r9-stride16_scan-auto-warm-basic-28672,stride16-clang18-auto,9,stride16_scan,auto,warm,basic,28672,28672,418590592,934354,250000178,548729452,4,4,0,0,0,0
1,stride16-clang18-auto-r9-stride16_scan-auto-warm-branch-1048576,stride16-clang18-auto,9,stride16_scan,auto,warm,branch,1048576,1048576,116555776,7114,250003652,548737084,4,4,0,0,0,0
1,stride16-clang18-auto-r9-stride16_scan-auto-cache_evicted-branch-6291456,stride16-clang18-auto,9,stride16_scan,auto,cache_evicted,branch,6291456,6291456,92209152,938,250105384,548960360,4,4,0,0,0,0
1,stride16-clang18-auto-r9-stride16_scan-auto-warm-basic-32768,stride16-clang18-auto,9,stride16_scan,auto,warm,basic,32768,32768,415037952,810621,250000363,548729852,4,4,0,0,1137607831677,0
1,stride16-clang18-auto-r9-stride16_scan-auto-warm-basic-8192,stride16-clang18-auto,9,stride16_scan,auto,warm,basic,8192,8192,311730304,2435393,250000189,548729476,4,4,0,0,282248361303,0
1,stride16-clang18-auto-r9-stride16_scan-auto-warm-basic-98304,stride16-clang18-auto,9,stride16_scan,auto,warm,basic,98304,98304,215470080,140280,250000376,548729892,4,4,0,0,0,0
1,stride16-clang18-auto-r9-stride16_scan-auto-warm-basic-131072,stride16-clang18-auto,9,stride16_scan,auto,warm,basic,131072,131072,177557504,86698,250000621,548730412,4,4,0,0,0,0
1,stride16-clang18-auto-r9-stride16_scan-auto-warm-basic-524288,stride16-clang18-auto,9,stride16_scan,auto,warm,basic,524288,524288,116236288,14189,250015803,548763744,4,4,0,0,17903874493638,0
1,stride16-clang18-auto-r9-stride16_scan-auto-warm-branch-524288,stride16-clang18-auto,9,stride16_scan,auto,warm,branch,524288,524288,116211712,14186,250006684,548743748,4,4,0,0,0,0
1,stride16-clang18-auto-r9-stride16_scan-auto-warm-branch-24576,stride16-clang18-auto,9,stride16_scan,auto,warm,branch,24576,24576,411183360,1070790,250000152,548729384,4,4,0,0,0,0
1,stride16-clang18-auto-r9-stride16_scan-auto-cache_evicted-basic-536870912,stride16-clang18-auto,9,stride16_scan,auto,cache_evicted,basic,536870912,536870912,58720256,7,276444083,606771640,4,4,0,0,18014128935371794,0
1,stride16-clang18-auto-r9-stride16_scan-auto-warm-branch-294912,stride16-clang18-auto,9,stride16_scan,auto,warm,branch,294912,294912,157165056,34107,250002845,548735312,4,4,0,0,10110341671909,0
1,stride16-clang18-auto-r9-stride16_scan-auto-cache_evicted-branch-33554432,stride16-clang18-auto,9,stride16_scan,auto,cache_evicted,branch,33554432,33554432,54525952,104,250943076,550799028,4,4,0,0,0,0
1,stride16-clang18-auto-r9-stride16_scan-auto-warm-basic-8388608,stride16-clang18-auto,9,stride16_scan,auto,warm,basic,8388608,8388608,74973184,572,250443337,549702144,4,4,0,0,0,0
1,stride16-clang18-auto-r9-stride16_scan-auto-warm-branch-5242880,stride16-clang18-auto,9,stride16_scan,auto,warm,branch,5242880,5242880,99368960,1213,250151569,549061728,4,4,0,0,176338721310244,0
1,stride16-clang18-auto-r9-stride16_scan-auto-warm-branch-65536,stride16-clang18-auto,9,stride16_scan,auto,warm,branch,65536,65536,210289664,205361,250000973,548731196,4,4,0,0,2227364736609,0
1,stride16-clang18-auto-r9-stride16_scan-auto-warm-basic-12582912,stride16-clang18-auto,9,stride16_scan,auto,warm,basic,12582912,12582912,62128128,316,250540079,549914472,4,4,0,0,0,0
1,stride16-clang18-auto-r9-stride16_scan-auto-warm-basic-36864,stride16-clang18-auto,9,stride16_scan,auto,warm,basic,36864,36864,208107648,361298,250000165,548729424,4,4,0,0,0,0
1,stride16-clang18-auto-r9-stride16_scan-auto-warm-branch-229376,stride16-clang18-auto,9,stride16_scan,auto,warm,branch,229376,229376,175250432,48898,250004794,548739572,4,4,0,0,0,0
1,stride16-clang18-auto-r9-stride16_scan-auto-warm-branch-36864,stride16-clang18-auto,9,stride16_scan,auto,warm,branch,36864,36864,203240448,352848,250000474,548730124,4,4,0,0,0,0
1,stride16-clang18-auto-r9-stride16_scan-auto-warm-branch-16384,stride16-clang18-auto,9,stride16_scan,auto,warm,branch,16384,16384,379585280,1482755,250000152,548729392,4,4,0,0,568552968403,0
1,stride16-clang18-auto-r9-stride16_scan-auto-warm-branch-196608,stride16-clang18-auto,9,stride16_scan,auto,warm,branch,196608,196608,199882752,65066,250002211,548733916,4,4,0,0,0,0
1,stride16-clang18-auto-r9-stride16_scan-auto-warm-basic-134217728,stride16-clang18-auto,9,stride16_scan,auto,warm,basic,134217728,134217728,54525952,26,256189896,562315364,4,4,0,0,0,0
1,stride16-clang18-auto-r9-stride16_scan-auto-warm-basic-294912,stride16-clang18-auto,9,stride16_scan,auto,warm,basic,294912,294912,156819456,34032,250004323,548738508,4,4,0,0,0,0
1,stride16-clang18-auto-r9-stride16_scan-auto-warm-basic-196608,stride16-clang18-auto,9,stride16_scan,auto,warm,basic,196608,196608,238245888,77554,250001818,548733072,4,4,0,0,0,0
1,stride16-clang18-auto-r9-stride16_scan-auto-warm-basic-229376,stride16-clang18-auto,9,stride16_scan,auto,warm,basic,229376,229376,181938176,50764,250004054,548737976,4,4,0,0,0,0
1,stride16-clang18-auto-r9-stride16_scan-auto-cache_evicted-basic-8388608,stride16-clang18-auto,9,stride16_scan,auto,cache_evicted,basic,8388608,8388608,80084992,611,250402182,549611812,4,4,0,0,280981649935335,0
1,stride16-clang18-auto-r9-stride16_scan-auto-cache_evicted-basic-33554432,stride16-clang18-auto,9,stride16_scan,auto,cache_evicted,basic,33554432,33554432,55050240,105,251174934,551307948,4,4,0,0,1124167228104513,0
1,stride16-clang18-auto-r9-stride16_scan-auto-cache_evicted-basic-262144,stride16-clang18-auto,9,stride16_scan,auto,cache_evicted,basic,262144,262144,187133952,45687,250005586,548741340,4,4,0,0,8807424787650,0
1,stride16-clang18-auto-r9-stride16_scan-auto-cache_evicted-basic-32768,stride16-clang18-auto,9,stride16_scan,auto,cache_evicted,basic,32768,32768,417763328,815944,250000334,548729816,4,4,0,0,0,0
1,stride16-clang18-auto-r9-stride16_scan-auto-cache_evicted-basic-1048576,stride16-clang18-auto,9,stride16_scan,auto,cache_evicted,basic,1048576,1048576,116490240,7110,250025359,548784712,4,4,0,0,0,0
1,stride16-clang18-auto-r9-stride16_scan-auto-warm-branch-2097152,stride16-clang18-auto,9,stride16_scan,auto,warm,branch,2097152,2097152,116719616,3562,250042783,548822960,4,4,0,0,0,0
1,stride16-clang18-auto-r9-stride16_scan-auto-warm-branch-98304,stride16-clang18-auto,9,stride16_scan,auto,warm,branch,98304,98304,218119680,142005,250001790,548733008,4,4,0,0,3350594921908,0
1,stride16-clang18-auto-r9-stride16_scan-auto-warm-branch-28672,stride16-clang18-auto,9,stride16_scan,auto,warm,branch,28672,28672,418992448,935251,250000087,548729256,4,4,0,0,1013521060711,0
1,stride16-clang18-auto-r9-stride16_scan-auto-warm-branch-134217728,stride16-clang18-auto,9,stride16_scan,auto,warm,branch,134217728,134217728,54525952,26,252190743,553537572,4,4,0,0,0,0
1,stride16-clang18-auto-r9-stride16_scan-auto-cache_evicted-branch-536870912,stride16-clang18-auto,9,stride16_scan,auto,cache_evicted,branch,536870912,536870912,58720256,7,281033422,616844856,4,4,0,0,18014128935371794,0
1,stride16-clang18-auto-r9-stride16_scan-auto-warm-branch-32768,stride16-clang18-auto,9,stride16_scan,auto,warm,branch,32768,32768,417726464,815872,250000287,548729708,4,4,0,0,0,0
1,stride16-clang18-auto-r9-stride16_scan-auto-warm-branch-536870912,stride16-clang18-auto,9,stride16_scan,auto,warm,branch,536870912,536870912,58720256,7,279483426,613442744,4,4,2,0,18010029673144056,0
1,stride16-clang18-auto-r9-stride16_scan-auto-warm-basic-2097152,stride16-clang18-auto,9,stride16_scan,auto,warm,basic,2097152,2097152,116654080,3560,250025617,548785280,4,4,0,0,0,0
1,stride16-clang18-auto-r9-stride16_scan-auto-warm-branch-33554432,stride16-clang18-auto,9,stride16_scan,auto,warm,branch,33554432,33554432,52953088,101,251201935,551367172,4,4,0,0,1126126563441627,0
1,stride16-clang18-auto-r9-stride16_scan-auto-warm-basic-33554432,stride16-clang18-auto,9,stride16_scan,auto,warm,basic,33554432,33554432,51904512,99,250772166,550423900,4,4,0,0,1126126563441627,0
1,stride16-clang18-auto-r10-stride16_scan-auto-warm-branch-294912,stride16-clang18-auto,10,stride16_scan,auto,warm,branch,294912,294912,144907776,31447,250006588,548743524,4,4,0,0,9875379131393,0
1,stride16-clang18-auto-r10-stride16_scan-auto-cache_evicted-basic-33554432,stride16-clang18-auto,10,stride16_scan,auto,cache_evicted,basic,33554432,33554432,52953088,101,251014659,550956148,4,4,0,0,1126372191236400,0
1,stride16-clang18-auto-r10-stride16_scan-auto-warm-basic-12582912,stride16-clang18-auto,10,stride16_scan,auto,warm,basic,12582912,12582912,61931520,315,250539783,549913820,4,4,0,0,422401364440005,0
1,stride16-clang18-auto-r10-stride16_scan-auto-warm-basic-8388608,stride16-clang18-auto,10,stride16_scan,auto,warm,basic,8388608,8388608,77463552,591,250310399,549410348,4,4,0,0,281869527276860,0
1,stride16-clang18-auto-r10-stride16_scan-auto-warm-branch-24576,stride16-clang18-auto,10,stride16_scan,auto,warm,branch,24576,24576,411492864,1071596,250000114,548729332,4,4,0,0,0,0
1,stride16-clang18-auto-r10-stride16_scan-auto-warm-basic-49152,stride16-clang18-auto,10,stride16_scan,auto,warm,basic,49152,49152,209088768,272251,250000629,548730432,4,4,0,0,1619033789661,0
1,stride16-clang18-auto-r10-stride16_scan-auto-warm-branch-8388608,stride16-clang18-auto,10,stride16_scan,auto,warm,branch,8388608,8388608,77463552,591,250118664,548989508,4,4,0,0,281869527276860,0
1,stride16-clang18-auto-r10-stride16_scan-auto-warm-basic-536870912,stride16-clang18-auto,10,stride16_scan,auto,warm,basic,536870912,536870912,58720256,7,275637261,605000712,4,4,0,0,18020648951270208,0
1,stride16-clang18-auto-r10-stride16_scan-auto-warm-branch-1048576,stride16-clang18-auto,10,stride16_scan,auto,warm,branch,1048576,1048576,116572160,7115,250008241,548747156,4,4,0,0,35128277683811,0
1,stride16-clang18-auto-r10-stride16_scan-auto-warm-branch-98304,stride16-clang18-auto,10,stride16_scan,auto,warm,branch,98304,98304,217279488,141458,250000513,548730180,4,4,0,0,0,0
1,stride16-clang18-auto-r10-stride16_scan-auto-cache_evicted-basic-8388608,stride16-clang18-auto,10,stride16_scan,auto,cache_evicted,basic,8388608,8388608,77856768,594,250009895,548750736,4,4,0,0,0,0
1,stride16-clang18-auto-r10-stride16_scan-auto-warm-branch-196608,stride16-clang18-auto,10,stride16_scan,auto,warm,branch,196608,196608,201000960,65430,250001981,548733424,4,4,0,0,0,0
1,stride16-clang18-auto-r10-stride16_scan-auto-warm-branch-2097152,stride16-clang18-auto,10,stride16_scan,auto,warm,branch,2097152,2097152,116424704,3553,250035913,548807880,4,4,0,0,70568058639870,0
1,stride16-clang18-auto-r10-stride16_scan-auto-cache_evicted-branch-32768,stride16-clang18-auto,10,stride16_scan,auto,cache_evicted,branch,32768,32768,413623296,807858,250000423,548729980,4,4,0,0,0,0
1,stride16-clang18-auto-r10-stride16_scan-auto-warm-branch-33554432,stride16-clang18-auto,10,stride16_scan,auto,warm,branch,33554432,33554432,50855936,97,252528778,554279540,4,4,0,0,1126410743656457,0
1,stride16-clang18-auto-r10-stride16_scan-auto-warm-basic-4194304,stride16-clang18-auto,10,stride16_scan,auto,warm,basic,4194304,4194304,108068864,1649,250072149,548887412,4,4,0,0,140841939605641,0
1,stride16-clang18-auto-r10-stride16_scan-auto-warm-branch-16384,stride16-clang18-auto,10,stride16_scan,auto,warm,branch,16384,16384,377981440,1476490,250000259,548729620,4,4,0,0,0,0
1,stride16-clang18-auto-r10-stride16_scan-auto-warm-basic-5242880,stride16-clang18-auto,10,stride16_scan,auto,warm,basic,5242880,5242880,90767360,1108,250018891,548770396,4,4,0,0,0,0
1,stride16-clang18-auto-r10-stride16_scan-auto-cache_evicted-basic-32768,stride16-clang18-auto,10,stride16_scan,auto,cache_evicted,basic,32768,32768,415117312,810776,250000416,548729892,4,4,0,0,0,0
1,stride16-clang18-auto-r10-stride16_scan-auto-warm-branch-5242880,stride16-clang18-auto,10,stride16_scan,auto,warm,branch,5242880,5242880,91258880,1114,250160668,549081716,4,4,0,0,0,0
1,stride16-clang18-auto-r10-stride16_scan-auto-warm-basic-65536,stride16-clang18-auto,10,stride16_scan,auto,warm,basic,65536,65536,211385344,206431,250000542,548730184,4,4,0,0,2148473802281,0
1,stride16-clang18-auto-r10-stride16_scan-auto-warm-branch-12582912,stride16-clang18-auto,10,stride16_scan,auto,warm,branch,12582912,12582912,53280768,271,250804742,550495404,4,4,0,0,422401364440005,0
1,stride16-clang18-auto-r10-stride16_scan-auto-warm-basic-131072,stride16-clang18-auto,10,stride16_scan,auto,warm,basic,131072,131072,221753344,108278,250000925,548731080,4,4,0,0,0,0
1,stride16-clang18-auto-r10-stride16_scan-auto-warm-basic-28672,stride16-clang18-auto,10,stride16_scan,auto,warm,basic,28672,28672,412668928,921136,250000188,548729356,4,4,0,0,0,0
1,stride16-clang18-auto-r10-stride16_scan-auto-warm-basic-262144,stride16-clang18-auto,10,stride16_scan,auto,warm,basic,262144,262144,178274304,43524,250004230,548738336,4,4,0,0,0,0
1,stride16-clang18-auto-r10-stride16_scan-auto-warm-branch-131072,stride16-clang18-auto,10,stride16_scan,auto,warm,branch,131072,131072,223031296,108902,250000547,548730112,4,4,0,0,0,0
1,stride16-clang18-auto-r10-stride16_scan-auto-cache_evicted-basic-262144,stride16-clang18-auto,10,stride16_scan,auto,cache_evicted,basic,262144,262144,149655552,36537,250006206,548742700,4,4,0,0,8838663629917,0
1,stride16-clang18-auto-r10-stride16_scan-auto-warm-branch-524288,stride16-clang18-auto,10,stride16_scan,auto,warm,branch,524288,524288,119185408,14549,250002107,548733676,4,4,0,0,17554078543622,0
1,stride16-clang18-auto-r10-stride16_scan-auto-warm-basic-7340032,stride16-clang18-auto,10,stride16_scan,auto,warm,basic,7340032,7340032,87506944,763,250301767,549391396,4,4,0,0,246660650696446,0
1,stride16-clang18-auto-r10-stride16_scan-auto-warm-basic-229376,stride16-clang18-auto,10,stride16_scan,auto,warm,basic,229376,229376,172100096,48019,250000399,548729924,4,4,0,0,7640076107138,0
1,stride16-clang18-auto-r10-stride16_scan-auto-warm-branch-536870912,stride16-clang18-auto,10,stride16_scan,auto,warm,branch,536870912,536870912,50331648,6,256845326,563753980,4,4,0,0,0,0
1,stride16-clang18-auto-r10-stride16_scan-auto-cache_evicted-branch-262144,stride16-clang18-auto,10,stride16_scan,auto,cache_evicted,branch,262144,262144,200765440,49015,250003540,548736772,4,4,0,0,8838663629917,0
1,stride16-clang18-auto-r10-stride16_scan-auto-warm-basic-8192,stride16-clang18-auto,10,stride16_scan,auto,warm,basic,8192,8192,311852928,2436351,250000110,548729320,4,4,0,0,270815073230,0
1,stride16-clang18-auto-r10-stride16_scan-auto-warm-basic-2097152,stride16-clang18-auto,10,stride16_scan,auto,warm,basic,2097152,2097152,116654080,3560,250034454,548804692,4,4,0,0,0,0
1,stride16-clang18-auto-r10-stride16_scan-auto-cache_evicted-basic-6291456,stride16-clang18-auto,10,stride16_scan,auto,cache_evicted,basic,6291456,6291456,95354880,970,250055363,548850576,4,4,0,0,0,0
1,stride16-clang18-auto-r10-stride16_scan-auto-warm-branch-7340032,stride16-clang18-auto,10,stride16_scan,auto,warm,branch,7340032,7340032,86589440,755,250259064,549297672,4,4,0,0,246660650696446,0
1,stride16-clang18-auto-r10-stride16_scan-auto-warm-branch-262144,stride16-clang18-auto,10,stride16_scan,auto,warm,branch,262144,262144,167215104,40824,250001125,548731524,4,4,0,0,0,0
1,stride16-clang18-auto-r10-stride16_scan-auto-warm-branch-28672,stride16-clang18-auto,10,stride16_scan,auto,warm,branch,28672,28672,418429760,933995,250000361,548729856,4,4,0,0,967125146173,0
1,stride16-clang18-auto-r10-stride16_scan-auto-warm-basic-524288,stride16-clang18-auto,10,stride16_scan,auto,warm,basic,524288,524288,116219904,14187,250001967,548733368,4,4,0,0,17554078543622,0
1,stride16-clang18-auto-r10-stride16_scan-auto-warm-basic-134217728,stride16-clang18-auto,10,stride16_scan,auto,warm,basic,134217728,134217728,54525952,26,252429465,554061528,4,4,0,0,0,0
1,stride16-clang18-auto-r10-stride16_scan-auto-warm-basic-24576,stride16-clang18-auto,10,stride16_scan,auto,warm,basic,24576,24576,409242624,1065736,250000500,548730148,4,4,0,0,0,0
1,stride16-clang18-auto-r10-stride16_scan-auto-warm-branch-65536,stride16-clang18-auto,10,stride16_scan,auto,warm,branch,65536,65536,211504128,206547,250000335,548729792,4,4,0,0,2148473802281,0
1,stride16-clang18-auto-r10-stride16_scan-auto-warm-branch-8192,stride16-clang18-auto,10,stride16_scan,auto,warm,branch,8192,8192,307973760,2406045,250000136,548729352,4,4,0,0,270815073230,0
1,stride16-clang18-auto-r10-stride16_scan-auto-warm-basic-196608,stride16-clang18-auto,10,stride16_scan,auto,warm,basic,196608,196608,196356096,63918,250003323,548736328,4,4,0,0,0,0
1,stride16-clang18-auto-r10-stride16_scan-auto-warm-basic-98304,stride16-clang18-auto,10,stride16_scan,auto,warm,basic,98304,98304,213534720,139020,250000761,548730748,4,4,0,0,0,0
1,stride16-clang18-auto-r10-stride16_scan-auto-warm-branch-229376,stride16-clang18-auto,10,stride16_scan,auto,warm,branch,229376,229376,179658752,50128,250000690,548730576,4,4,0,0,0,0
1,stride16-clang18-auto-r10-stride16_scan-auto-cache_evicted-branch-6291456,stride16-clang18-auto,10,stride16_scan,auto,cache_evicted,branch,6291456,6291456,98992128,1007,250072437,548888044,4,4,0,0,211407365966720,0
1,stride16-clang18-auto-r10-stride16_scan-auto-warm-branch-134217728,stride16-clang18-auto,10,stride16_scan,auto,warm,branch,134217728,134217728,54525952,26,252500456,554217348,4,4,0,0,0,0
1,stride16-clang18-auto-r10-stride16_scan-auto-warm-branch-6291456,stride16-clang18-auto,10,stride16_scan,auto,warm,branch,6291456,6291456,95059968,967,250008038,548746692,4,4,0,0,211476974873591,0
1,stride16-clang18-auto-r10-stride16_scan-auto-warm-basic-36864,stride16-clang18-auto,10,stride16_scan,auto,warm,basic,36864,36864,205875648,357423,250000391,548729944,4,4,0,0,1233536109511,0
1,stride16-clang18-auto-r10-stride16_scan-auto-warm-basic-33554432,stride16-clang18-auto,10,stride16_scan,auto,warm,basic,33554432,33554432,53477376,102,250686363,550235580,4,4,0,0,0,0
1,stride16-clang18-auto-r10-stride16_scan-auto-warm-branch-36864,stride16-clang18-auto,10,stride16_scan,auto,warm,branch,36864,36864,211293504,366829,250000223,548729572,4,4,0,0,1233536109511,0
1,stride16-clang18-auto-r10-stride16_scan-auto-warm-basic-32768,stride16-clang18-auto,10,stride16_scan,auto,warm,basic,32768,32768,415113216,810768,250000340,548729796,4,4,0,0,0,0
1,stride16-clang18-auto-r10-stride16_scan-auto-cache_evicted-basic-536870912,stride16-clang18-auto,10,stride16_scan,auto,cache_evicted,basic,536870912,536870912,58720256,7,274984894,603568520,4,4,0,0,18016939277018471,0
1,stride16-clang18-auto-r10-stride16_scan-auto-cache_evicted-branch-536870912,stride16-clang18-auto,10,stride16_scan,auto,cache_evicted,branch,536870912,536870912,58720256,7,273986361,601377120,4,4,0,0,18016939277018471,0
1,stride16-clang18-auto-r10-stride16_scan-auto-cache_evicted-branch-33554432,stride16-clang18-auto,10,stride16_scan,auto,cache_evicted,branch,33554432,33554432,52953088,101,252272167,553716268,4,4,0,0,1126372191236400,0
1,stride16-clang18-auto-r10-stride16_scan-auto-warm-basic-393216,stride16-clang18-auto,10,stride16_scan,auto,warm,basic,393216,393216,120477696,19609,250002073,548733612,4,4,0,0,13179651257779,0
1,stride16-clang18-auto-r10-stride16_scan-auto-warm-basic-1048576,stride16-clang18-auto,10,stride16_scan,auto,warm,basic,1048576,1048576,116555776,7114,250031089,548797300,4,4,0,0,0,0
1,stride16-clang18-auto-r10-stride16_scan-auto-cache_evicted-basic-1048576,stride16-clang18-auto,10,stride16_scan,auto,cache_evicted,basic,1048576,1048576,116555776,7114,250011340,548753944,4,4,0,0,0,0
1,stride16-clang18-auto-r10-stride16_scan-auto-cache_evicted-branch-8388608,stride16-clang18-auto,10,stride16_scan,auto,cache_evicted,branch,8388608,8388608,76808192,586,250246021,549269056,4,4,0,0,0,0
1,stride16-clang18-auto-r10-stride16_scan-auto-warm-basic-6291456,stride16-clang18-auto,10,stride16_scan,auto,warm,basic,6291456,6291456,93388800,950,250032414,548800224,4,4,0,0,0,0
1,stride16-clang18-auto-r10-stride16_scan-auto-warm-branch-393216,stride16-clang18-auto,10,stride16_scan,auto,warm,branch,393216,393216,124022784,20186,250008165,548747004,4,4,0,0,0,0
1,stride16-clang18-auto-r10-stride16_scan-auto-warm-branch-4194304,stride16-clang18-auto,10,stride16_scan,auto,warm,branch,4194304,4194304,112459776,1716,250070865,548884604,4,4,0,0,0,0
1,stride16-clang18-auto-r10-stride16_scan-auto-warm-basic-294912,stride16-clang18-auto,10,stride16_scan,auto,warm,basic,294912,294912,144562176,31372,250001156,548731616,4,4,0,0,0,0
1,stride16-clang18-auto-r10-stride16_scan-auto-warm-branch-49152,stride16-clang18-auto,10,stride16_scan,auto,warm,branch,49152,49152,208851456,271942,250000944,548731136,4,4,0,0,0,0
1,stride16-clang18-auto-r10-stride16_scan-auto-cache_evicted-branch-1048576,stride16-clang18-auto,10,stride16_scan,auto,cache_evicted,branch,1048576,1048576,116539392,7113,250004583,548739092,4,4,0,0,35292673676693,0
1,stride16-clang18-auto-r10-stride16_scan-auto-warm-basic-16384,stride16-clang18-auto,10,stride16_scan,auto,warm,basic,16384,16384,379577088,1482723,250000170,548729424,4,4,0,0,562885770689,0
1,stride16-clang18-auto-r10-stride16_scan-auto-warm-branch-32768,stride16-clang18-auto,10,stride16_scan,auto,warm,branch,32768,32768,416062464,812622,250000148,548729412,4,4,0,0,0,0
1,stride16-clang18-auto-r11-stride16_scan-auto-warm-basic-7340032,stride16-clang18-auto,11,stride16_scan,auto,warm,basic,7340032,7340032,83951616,732,250130127,549014664,4,4,0,0,0,0
1,stride16-clang18-auto-r11-stride16_scan-auto-warm-basic-6291456,stride16-clang18-auto,11,stride16_scan,auto,warm,basic,6291456,6291456,78741504,801,250103593,548956456,4,4,0,0,210390630781193,0
1,stride16-clang18-auto-r11-stride16_scan-auto-cache_evicted-basic-32768,stride16-clang18-auto,11,stride16_scan,auto,cache_evicted,basic,32768,32768,409520640,799845,250000451,548730068,4,4,0,0,1075575481143,0
1,stride16-clang18-auto-r11-stride16_scan-auto-warm-branch-4194304,stride16-clang18-auto,11,stride16_scan,auto,warm,branch,4194304,4194304,110034944,1679,250143707,549044476,4,4,0,0,140566917989895,0
1,stride16-clang18-auto-r11-stride16_scan-auto-cache_evicted-basic-262144,stride16-clang18-auto,11,stride16_scan,auto,cache_evicted,basic,262144,262144,154533888,37728,250003416,548736548,4,4,0,0,0,0
1,stride16-clang18-auto-r11-stride16_scan-auto-warm-basic-98304,stride16-clang18-auto,11,stride16_scan,auto,warm,basic,98304,98304,215513088,140308,250000374,548729872,4,4,0,0,0,0
1,stride16-clang18-auto-r11-stride16_scan-auto-warm-branch-12582912,stride16-clang18-auto,11,stride16_scan,auto,warm,branch,12582912,12582912,61931520,315,250263185,549306684,4,4,0,0,421857947603241,0
1,stride16-clang18-auto-r11-stride16_scan-auto-warm-basic-49152,stride16-clang18-auto,11,stride16_scan,auto,warm,basic,49152,49152,208461312,271434,250000901,548731032,4,4,0,0,0,0
1,stride16-clang18-auto-r11-stride16_scan-auto-warm-basic-134217728,stride16-clang18-auto,11,stride16_scan,auto,warm,basic,134217728,134217728,54525952,26,252291470,553758656,4,4,0,0,0,0
1,stride16-clang18-auto-r11-stride16_scan-auto-warm-branch-294912,stride16-clang18-auto,11,stride16_scan,auto,warm,branch,294912,294912,145281024,31528,250006588,548743540,4,4,0,0,0,0
1,stride16-clang18-auto-r11-stride16_scan-auto-warm-branch-28672,stride16-clang18-auto,11,stride16_scan,auto,warm,branch,28672,28672,418043584,933133,250000319,548729780,4,4,0,0,997874973925,0
1,stride16-clang18-auto-r11-stride16_scan-auto-warm-basic-262144,stride16-clang18-auto,11,stride16_scan,auto,warm,basic,262144,262144,158679040,38740,250001685,548732776,4,4,0,0,0,0
1,stride16-clang18-auto-r11-stride16_scan-auto-cache_evicted-basic-8388608,stride16-clang18-auto,11,stride16_scan,auto,cache_evicted,basic,8388608,8388608,73138176,558,250117250,548986400,4,4,0,0,0,0
1,stride16-clang18-auto-r11-stride16_scan-auto-warm-basic-229376,stride16-clang18-auto,11,stride16_scan,auto,warm,basic,229376,229376,226490880,63195,250001455,548732256,4,4,0,0,7703407302489,0
1,stride16-clang18-auto-r11-stride16_scan-auto-warm-branch-32768,stride16-clang18-auto,11,stride16_scan,auto,warm,branch,32768,32768,415535104,811592,250000176,548729440,4,4,0,0,0,0
1,stride16-clang18-auto-r11-stride16_scan-auto-warm-branch-6291456,stride16-clang18-auto,11,stride16_scan,auto,warm,branch,6291456,6291456,103612416,1054,250016721,548765780,4,4,0,0,0,0
1,stride16-clang18-auto-r11-stride16_scan-auto-warm-basic-294912,stride16-clang18-auto,11,stride16_scan,auto,warm,basic,294912,294912,138926592,30149,250001188,548731676,4,4,0,0,9884066724869,0
1,stride16-clang18-auto-r11-stride16_scan-auto-warm-branch-196608,stride16-clang18-auto,11,stride16_scan,auto,warm,branch,196608,196608,192024576,62508,250002679,548734932,4,4,0,0,0,0
1,stride16-clang18-auto-r11-stride16_scan-auto-cache_evicted-basic-33554432,stride16-clang18-auto,11,stride16_scan,auto,cache_evicted,basic,33554432,33554432,55050240,105,251135723,551221836,4,4,0,0,1126555635295520,0
1,stride16-clang18-auto-r11-stride16_scan-auto-warm-basic-65536,stride16-clang18-auto,11,stride16_scan,auto,warm,basic,65536,65536,210110464,205186,250000205,548729532,4,4,0,0,0,0
1,stride16-clang18-auto-r11-stride16_scan-auto-warm-branch-1048576,stride16-clang18-auto,11,stride16_scan,auto,warm,branch,1048576,1048576,116539392,7113,250021759,548776816,4,4,0,0,35085327452574,0
1,stride16-clang18-auto-r11-stride16_scan-auto-warm-branch-49152,stride16-clang18-auto,11,stride16_scan,auto,warm,branch,49152,49152,208844544,271933,250000469,548730012,4,4,0,0,1696485973063,0
1,stride16-clang18-auto-r11-stride16_scan-auto-cache_evicted-branch-6291456,stride16-clang18-auto,11,stride16_scan,auto,cache_evicted,branch,6291456,6291456,103809024,1056,250001481,548732308,4,4,0,0,0,0
1,stride16-clang18-auto-r11-stride16_scan-auto-warm-basic-32768,stride16-clang18-auto,11,stride16_scan,auto,warm,basic,32768,32768,415906816,812318,250000317,548729744,4,4,0,0,0,0
1,stride16-clang18-auto-r11-stride16_scan-auto-warm-branch-524288,stride16-clang18-auto,11,stride16_scan,auto,warm,branch,524288,524288,116236288,14189,250002543,548734632,4,4,0,0,17613855205661,0
1,stride16-clang18-auto-r11-stride16_scan-auto-cache_evicted-branch-1048576,stride16-clang18-auto,11,stride16_scan,auto,cache_evicted,branch,1048576,1048576,116539392,7113,250008932,548748656,4,4,0,0,35300808756989,0
1,stride16-clang18-auto-r11-stride16_scan-auto-warm-basic-8192,stride16-clang18-auto,11,stride16_scan,auto,warm,basic,8192,8192,311828224,2436158,250000169,548729432,4,4,0,0,0,0
1,stride16-clang18-auto-r11-stride16_scan-auto-warm-branch-131072,stride16-clang18-auto,11,stride16_scan,auto,warm,branch,131072,131072,223598592,109179,250002100,548733688,4,4,0,0,4424880989324,0
1,stride16-clang18-auto-r11-stride16_scan-auto-warm-branch-24576,stride16-clang18-auto,11,stride16_scan,auto,warm,branch,24576,24576,409654656,1066809,250000336,548729780,4,4,0,0,850831680961,0
1,stride16-clang18-auto-r11-stride16_scan-auto-warm-basic-131072,stride16-clang18-auto,11,stride16_scan,auto,warm,basic,131072,131072,221689856,108247,250001779,548732956,4,4,0,0,4424880989324,0
1,stride16-clang18-auto-r11-stride16_scan-auto-warm-branch-229376,stride16-clang18-auto,11,stride16_scan,auto,warm,branch,229376,229376,149395456,41684,250005303,548740672,4,4,0,0,0,0
1,stride16-clang18-auto-r11-stride16_scan-auto-warm-basic-33554432,stride16-clang18-auto,11,stride16_scan,auto,warm,basic,33554432,33554432,55050240,105,251711797,552486296,4,4,0,0,1126298295393834,0
1,stride16-clang18-auto-r11-stride16_scan-auto-cache_evicted-basic-536870912,stride16-clang18-auto,11,stride16_scan,auto,cache_evicted,basic,536870912,536870912,58720256,7,274192904,601830436,4,4,0,0,18013514324465523,0
1,stride16-clang18-auto-r11-stride16_scan-auto-warm-branch-8192,stride16-clang18-auto,11,stride16_scan,auto,warm,branch,8192,8192,310705920,2427390,250000152,548729396,4,4,0,0,0,0
1,stride16-clang18-auto-r11-stride16_scan-auto-warm-basic-1048576,stride16-clang18-auto,11,stride16_scan,auto,warm,basic,1048576,1048576,116523008,7112,250001670,548732728,4,4,0,0,0,0
1,stride16-clang18-auto-r11-stride16_scan-auto-warm-branch-5242880,stride16-clang18-auto,11,stride16_scan,auto,warm,branch,5242880,5242880,101335040,1237,250030521,548796052,4,4,0,0,175427959031169,0
1,stride16-clang18-auto-r11-stride16_scan-auto-warm-branch-8388608,stride16-clang18-auto,11,stride16_scan,auto,warm,branch,8388608,8388608,80084992,611,250351331,549500216,4,4,0,0,280596172516071,0
1,stride16-clang18-auto-r11-stride16_scan-auto-cache_evicted-branch-536870912,stride16-clang18-auto,11,stride16_scan,auto,cache_evicted,branch,536870912,536870912,58720256,7,273870000,601121684,4,4,0,0,18013514324465523,0
1,stride16-clang18-auto-r11-stride16_scan-auto-cache_evicted-branch-32768,stride16-clang18-auto,11,stride16_scan,auto,cache_evicted,branch,32768,32768,416688128,813844,250000327,548729772,4,4,0,0,0,0
1,stride16-clang18-auto-r11-stride16_scan-auto-warm-basic-2097152,stride16-clang18-auto,11,stride16_scan,auto,warm,basic,2097152,2097152,116719616,3562,250023912,548781544,4,4,0,0,0,0
1,stride16-clang18-auto-r11-stride16_scan-auto-warm-branch-36864,stride16-clang18-auto,11,stride16_scan,auto,warm,branch,36864,36864,208517760,362010,250000597,548730372,4,4,0,0,0,0
1,stride16-clang18-auto-r11-stride16_scan-auto-warm-branch-2097152,stride16-clang18-auto,11,stride16_scan,auto,warm,branch,2097152,2097152,116719616,3562,250045643,548829232,4,4,0,0,0,0
1,stride16-clang18-auto-r11-stride16_scan-auto-warm-basic-24576,stride16-clang18-auto,11,stride16_scan,auto,warm,basic,24576,24576,410388480,1068720,250000227,548729564,4,4,0,0,0,0
1,stride16-clang18-auto-r11-stride16_scan-auto-warm-basic-4194304,stride16-clang18-auto,11,stride16_scan,auto,warm,basic,4194304,4194304,113704960,1735,250090072,548926752,4,4,0,0,140566917989895,0
1,stride16-clang18-auto-r11-stride16_scan-auto-warm-basic-393216,stride16-clang18-auto,11,stride16_scan,auto,warm,basic,393216,393216,116054016,18889,250004480,548738884,4,4,0,0,13238373763265,0
1,stride16-clang18-auto-r11-stride16_scan-auto-warm-basic-28672,stride16-clang18-auto,11,stride16_scan,auto,warm,basic,28672,28672,419413120,936190,250000298,548729704,4,4,0,0,0,0
1,stride16-clang18-auto-r11-stride16_scan-auto-warm-basic-8388608,stride16-clang18-auto,11,stride16_scan,auto,warm,basic,8388608,8388608,79429632,606,250189501,549145012,4,4,0,0,0,0
1,stride16-clang18-auto-r11-stride16_scan-auto-warm-branch-134217728,stride16-clang18-auto,11,stride16_scan,auto,warm,branch,134217728,134217728,54525952,26,252203111,553564692,4,4,0,0,0,0
1,stride16-clang18-auto-r11-stride16_scan-auto-warm-basic-16384,stride16-clang18-auto,11,stride16_scan,auto,warm,basic,16384,16384,379649024,1483004,250000168,548729448,4,4,0,0,0,0
1,stride16-clang18-auto-r11-stride16_scan-auto-cache_evicted-branch-8388608,stride16-clang18-auto,11,stride16_scan,auto,cache_evicted,branch,8388608,8388608,79953920,610,250079151,548902776,4,4,0,0,0,0
1,stride16-clang18-auto-r11-stride16_scan-auto-cache_evicted-branch-33554432,stride16-clang18-auto,11,stride16_scan,auto,cache_evicted,branch,33554432,33554432,55050240,105,251509639,552042608,4,4,0,0,1126555635295520,0
1,stride16-clang18-auto-r11-stride16_scan-auto-warm-basic-536870912,stride16-clang18-auto,11,stride16_scan,auto,warm,basic,536870912,536870912,58720256,7,273814665,601000264,4,4,0,0,18015072624206041,0
1,stride16-clang18-auto-r11-stride16_scan-auto-warm-basic-12582912,stride16-clang18-auto,11,stride16_scan,auto,warm,basic,12582912,12582912,63504384,323,250444358,549704408,4,4,0,0,421857947603241,0
1,stride16-clang18-auto-r11-stride16_scan-auto-cache_evicted-basic-1048576,stride16-clang18-auto,11,stride16_scan,auto,cache_evicted,basic,1048576,1048576,116506624,7111,250019787,548772476,4,4,0,0,35300808756989,0
1,stride16-clang18-auto-r11-stride16_scan-auto-cache_evicted-branch-262144,stride16-clang18-auto,11,stride16_scan,auto,cache_evicted,branch,262144,262144,158093312,38597,250001529,548732416,4,4,0,0,8796323103689,0
1,stride16-clang18-auto-r11-stride16_scan-auto-warm-basic-524288,stride16-clang18-auto,11,stride16_scan,auto,warm,basic,524288,524288,116195328,14184,250000965,548731200,4,4,0,0,0,0
1,stride16-clang18-auto-r11-stride16_scan-auto-warm-branch-98304,stride16-clang18-auto,11,stride16_scan,auto,warm,branch,98304,98304,216113664,140699,250001196,548731672,4,4,0,0,3326880975683,0
1,stride16-clang18-auto-r11-stride16_scan-auto-warm-branch-33554432,stride16-clang18-auto,11,stride16_scan,auto,warm,branch,33554432,33554432,55050240,105,251661555,552376024,4,4,0,0,1126298295393834,0
1,stride16-clang18-auto-r11-stride16_scan-auto-warm-branch-7340032,stride16-clang18-auto,11,stride16_scan,auto,warm,branch,7340032,7340032,88195072,769,250164905,549091028,4,4,0,0,245429165593765,0
1,stride16-clang18-auto-r11-stride16_scan-auto-warm-basic-5242880,stride16-clang18-auto,11,stride16_scan,auto,warm,basic,5242880,5242880,112476160,1373,250143432,549043900,4,4,0,0,175427959031169,0
1,stride16-clang18-auto-r11-stride16_scan-auto-warm-basic-36864,stride16-clang18-auto,11,stride16_scan,auto,warm,basic,36864,36864,208552320,362070,250000691,548730576,4,4,0,0,0,0
1,stride16-clang18-auto-r11-stride16_scan-auto-warm-branch-16384,stride16-clang18-auto,11,stride16_scan,auto,warm,branch,16384,16384,379527936,1482531,250000216,548729536,4,4,0,0,565742010587,0
1,stride16-clang18-auto-r11-stride16_scan-auto-warm-branch-536870912,stride16-clang18-auto,11,stride16_scan,auto,warm,branch,536870912,536870912,58720256,7,274140532,601715532,4,4,0,0,18015072624206041,0
1,stride16-clang18-auto-r11-stride16_scan-auto-warm-basic-196608,stride16-clang18-auto,11,stride16_scan,auto,warm,basic,196608,196608,235170816,76553,250002399,548734344,4,4,0,0,6615218494363,0
1,stride16-clang18-auto-r11-stride16_scan-auto-warm-branch-65536,stride16-clang18-auto,11,stride16_scan,auto,warm,branch,65536,65536,211670016,206709,250000223,548729540,4,4,0,0,2259556873705,0
1,stride16-clang18-auto-r11-stride16_scan-auto-warm-branch-393216,stride16-clang18-auto,11,stride16_scan,auto,warm,branch,393216,393216,116017152,18883,250003139,548735968,4,4,0,0,13238373763265,0
1,stride16-clang18-auto-r11-stride16_scan-auto-warm-branch-262144,stride16-clang18-auto,11,stride16_scan,auto,warm,branch,262144,262144,172290048,42063,250001125,548731528,4,4,0,0,8777307081251,0
1,stride16-clang18-auto-r11-stride16_scan-auto-cache_evicted-basic-6291456,stride16-clang18-auto,11,stride16_scan,auto,cache_evicted,basic,6291456,6291456,92700672,943,250079083,548902624,4,4,0,0,211786463202622,0
1,stride16-clang18-auto-r12-stride16_scan-auto-warm-branch-2097152,stride16-clang18-auto,12,stride16_scan,auto,warm,branch,2097152,2097152,116621312,3559,250050678,548840284,4,4,0,0,70589324670303,0
1,stride16-clang18-auto-r12-stride16_scan-auto-cache_evicted-branch-33554432,stride16-clang18-auto,12,stride16_scan,auto,cache_evicted,branch,33554432,33554432,54001664,103,251975656,553065472,4,4,0,0,1125011427847033,0
1,stride16-clang18-auto-r12-stride16_scan-auto-warm-branch-196608,stride16-clang18-auto,12,stride16_scan,auto,warm,branch,196608,196608,236633088,77029,250000560,548730280,4,4,0,0,6698831484389,0
1,stride16-clang18-auto-r12-stride16_scan-auto-warm-branch-229376,stride16-clang18-auto,12,stride16_scan,auto,warm,branch,229376,229376,155276800,43325,250001656,548732696,4,4,0,0,7762516995010,0
1,stride16-clang18-auto-r12-stride16_scan-auto-warm-basic-393216,stride16-clang18-auto,12,stride16_scan,auto,warm,basic,393216,393216,120029184,19536,250004719,548739408,4,4,0,0,0,0
1,stride16-clang18-auto-r12-stride16_scan-auto-warm-basic-262144,stride16-clang18-auto,12,stride16_scan,auto,warm,basic,262144,262144,154079232,37617,250004109,548738084,4,4,0,0,8899351495649,0
1,stride16-clang18-auto-r12-stride16_scan-auto-warm-branch-28672,stride16-clang18-auto,12,stride16_scan,auto,warm,branch,28672,28672,417582144,932103,250000168,548729424,4,4,0,0,998284007114,0
1,stride16-clang18-auto-r12-stride16_scan-auto-warm-branch-32768,stride16-clang18-auto,12,stride16_scan,auto,warm,branch,32768,32768,410976768,802689,250000129,548729360,4,4,0,0,1138018961818,0
1,stride16-clang18-auto-r12-stride16_scan-auto-warm-basic-12582912,stride16-clang18-auto,12,stride16_scan,auto,warm,basic,12582912,12582912,51904512,264,250451695,549720492,4,4,0,0,0,0
1,stride16-clang18-auto-r12-stride16_scan-auto-cache_evicted-branch-6291456,stride16-clang18-auto,12,stride16_scan,auto,cache_evicted,branch,6291456,6291456,95354880,970,250011898,548755164,4,4,0,0,0,0
1,stride16-clang18-auto-r12-stride16_scan-auto-warm-branch-36864,stride16-clang18-auto,12,stride16_scan,auto,warm,branch,36864,36864,202360896,351321,250000194,548729488,4,4,0,0,1268033233525,0
1,stride16-clang18-auto-r12-stride16_scan-auto-warm-branch-7340032,stride16-clang18-auto,12,stride16_scan,auto,warm,branch,7340032,7340032,84410368,736,250175213,549113600,4,4,0,0,0,0
1,stride16-clang18-auto-r12-stride16_scan-auto-warm-basic-49152,stride16-clang18-auto,12,stride16_scan,auto,warm,basic,49152,49152,206555136,268952,250000300,548729720,4,4,0,0,0,0
1,stride16-clang18-auto-r12-stride16_scan-auto-warm-basic-229376,stride16-clang18-auto,12,stride16_scan,auto,warm,basic,229376,229376,178519040,49810,250003644,548737080,4,4,0,0,0,0
1,stride16-clang18-auto-r12-stride16_scan-auto-warm-basic-294912,stride16-clang18-auto,12,stride16_scan,auto,warm,basic,294912,294912,134212608,29126,250001581,548732532,4,4,0,0,0,0
1,stride16-clang18-auto-r12-stride16_scan-auto-warm-branch-8388608,stride16-clang18-auto,12,stride16_scan,auto,warm,branch,8388608,8388608,77332480,590,250168479,549098852,4,4,0,0,0,0
1,stride16-clang18-auto-r12-stride16_scan-auto-warm-basic-24576,stride16-clang18-auto,12,stride16_scan,auto,warm,basic,24576,24576,409452288,1066282,250000228,548729580,4,4,0,0,0,0
1,stride16-clang18-auto-r12-stride16_scan-auto-cache_evicted-basic-6291456,stride16-clang18-auto,12,stride16_scan,auto,cache_evicted,basic,6291456,6291456,87982080,895,250053712,548846952,4,4,0,0,211096650427438,0
1,stride16-clang18-auto-r12-stride16_scan-auto-warm-basic-5242880,stride16-clang18-auto,12,stride16_scan,auto,warm,basic,5242880,5242880,91750400,1120,250017334,548767092,4,4,0,0,0,0
1,stride16-clang18-auto-r12-stride16_scan-auto-warm-basic-524288,stride16-clang18-auto,12,stride16_scan,auto,warm,basic,524288,524288,116252672,14191,250016687,548765688,4,4,0,0,17637152767344,0
1,stride16-clang18-auto-r12-stride16_scan-auto-warm-basic-131072,stride16-clang18-auto,12,stride16_scan,auto,warm,basic,131072,131072,218961920,106915,250001739,548732880,4,4,0,0,4489240574230,0
1,stride16-clang18-auto-r12-stride16_scan-auto-warm-branch-98304,stride16-clang18-auto,12,stride16_scan,auto,warm,branch,98304,98304,214470144,139629,250001553,548732460,4,4,0,0,3337961731919,0
1,stride16-clang18-auto-r12-stride16_scan-auto-warm-branch-294912,stride16-clang18-auto,12,stride16_scan,auto,warm,branch,294912,294912,134055936,29092,250005152,548740360,4,4,0,0,0,0
1,stride16-clang18-auto-r12-stride16_scan-auto-warm-branch-12582912,stride16-clang18-auto,12,stride16_scan,auto,warm,branch,12582912,12582912,53673984,273,250076393,548896736,4,4,0,0,422604682959386,0
1,stride16-clang18-auto-r12-stride16_scan-auto-warm-branch-49152,stride16-clang18-auto,12,stride16_scan,auto,warm,branch,49152,49152,207393024,270043,250000728,548730648,4,4,0,0,1688314077632,0
1,stride16-clang18-auto-r12-stride16_scan-auto-warm-branch-393216,stride16-clang18-auto,12,stride16_scan,auto,warm,branch,393216,393216,120649728,19637,250001704,548732792,4,4,0,0,13303578491664,0
1,stride16-clang18-auto-r12-stride16_scan-auto-warm-basic-196608,stride16-clang18-auto,12,stride16_scan,auto,warm,basic,196608,196608,197627904,64332,250002287,548734104,4,4,0,0,0,0
1,stride16-clang18-auto-r12-stride16_scan-auto-cache_evicted-branch-8388608,stride16-clang18-auto,12,stride16_scan,auto,cache_evicted,branch,8388608,8388608,60948480,465,250211737,549193816,4,4,0,0,281253109102956,0
1,stride16-clang18-auto-r12-stride16_scan-auto-warm-basic-98304,stride16-clang18-auto,12,stride16_scan,auto,warm,basic,98304,98304,216586752,141007,250000367,548729852,4,4,0,0,3337961731919,0
1,stride16-clang18-auto-r12-stride16_scan-auto-cache_evicted-branch-262144,stride16-clang18-auto,12,stride16_scan,auto,cache_evicted,branch,262144,262144,146403328,35743,250007031,548744488,4,4,0,0,8878130762476,0
1,stride16-clang18-auto-r12-stride16_scan-auto-warm-basic-28672,stride16-clang18-auto,12,stride16_scan,auto,warm,basic,28672,28672,418134976,933337,250000092,548729256,4,4,0,0,998284007114,0
1,stride16-clang18-auto-r12-stride16_scan-auto-cache_evicted-basic-536870912,stride16-clang18-auto,12,stride16_scan,auto,cache_evicted,basic,536870912,536870912,58720256,7,278970295,612316412,4,4,0,0,18016279978240223,0
1,stride16-clang18-auto-r12-stride16_scan-auto-cache_evicted-branch-536870912,stride16-clang18-auto,12,stride16_scan,auto,cache_evicted,branch,536870912,536870912,58720256,7,274049396,601515480,4,4,0,0,18016279978240223,0
1,stride16-clang18-auto-r12-stride16_scan-auto-warm-basic-6291456,stride16-clang18-auto,12,stride16_scan,auto,warm,basic,6291456,6291456,96337920,980,250249437,549276540,4,4,0,0,0,0
1,stride16-clang18-auto-r12-stride16_scan-auto-cache_evicted-basic-262144,stride16-clang18-auto,12,stride16_scan,auto,cache_evicted,basic,262144,262144,148078592,36152,250005418,548740948,4,4,0,0,0,0
1,stride16-clang18-auto-r12-stride16_scan-auto-warm-branch-65536,stride16-clang18-auto,12,stride16_scan,auto,warm,branch,65536,65536,211707904,206746,250000674,548730532,4,4,0,0,0,0
1,stride16-clang18-auto-r12-stride16_scan-auto-cache_evicted-basic-33554432,stride16-clang18-auto,12,stride16_scan,auto,cache_evicted,basic,33554432,33554432,52428800,100,251194992,551351952,4,4,0,0,0,0
1,stride16-clang18-auto-r12-stride16_scan-auto-warm-branch-16384,stride16-clang18-auto,12,stride16_scan,auto,warm,branch,16384,16384,379539968,1482578,250000266,548729636,4,4,0,0,0,0
1,stride16-clang18-auto-r12-stride16_scan-auto-warm-branch-536870912,stride16-clang18-auto,12,stride16_scan,auto,warm,branch,536870912,536870912,58720256,7,273937605,601270108,4,4,0,0,18017708407915279,0
1,stride16-clang18-auto-r12-stride16_scan-auto-warm-basic-32768,stride16-clang18-auto,12,stride16_scan,auto,warm,basic,32768,32768,416755200,813975,250000371,548729876,4,4,0,0,1138018961818,0
1,stride16-clang18-auto-r12-stride16_scan-auto-warm-branch-6291456,stride16-clang18-auto,12,stride16_scan,auto,warm,branch,6291456,6291456,97517568,992,250164346,549089772,4,4,0,0,0,0
1,stride16-clang18-auto-r12-stride16_scan-auto-cache_evicted-basic-8388608,stride16-clang18-auto,12,stride16_scan,auto,cache_evicted,basic,8388608,8388608,77856768,594,250093305,548933840,4,4,0,0,0,0
1,stride16-clang18-auto-r12-stride16_scan-auto-warm-basic-7340032,stride16-clang18-auto,12,stride16_scan,auto,warm,basic,7340032,7340032,79593472,694,250134901,549025140,4,4,0,0,0,0
1,stride16-clang18-auto-r12-stride16_scan-auto-warm-branch-134217728,stride16-clang18-auto,12,stride16_scan,auto,warm,branch,134217728,134217728,54525952,26,251380529,551759200,4,4,0,0,0,0
1,stride16-clang18-auto-r12-stride16_scan-auto-warm-branch-131072,stride16-clang18-auto,12,stride16_scan,auto,warm,branch,131072,131072,224450560,109595,250001588,548732548,4,4,0,0,4489240574230,0
1,stride16-clang18-auto-r12-stride16_scan-auto-warm-branch-4194304,stride16-clang18-auto,12,stride16_scan,auto,warm,branch,4194304,4194304,107216896,1636,250119812,548992028,4,4,0,0,0,0
1,stride16-clang18-auto-r12-stride16_scan-auto-warm-branch-8192,stride16-clang18-auto,12,stride16_scan,auto,warm,branch,8192,8192,312421504,2440793,250000126,548729328,4,4,0,0,275067138950,0
1,stride16-clang18-auto-r12-stride16_scan-auto-warm-branch-33554432,stride16-clang18-auto,12,stride16_scan,auto,warm,branch,33554432,33554432,55050240,105,251673646,552402568,4,4,0,0,1126011662231560,0
1,stride16-clang18-auto-r12-stride16_scan-auto-warm-basic-16384,stride16-clang18-auto,12,stride16_scan,auto,warm,basic,16384,16384,377550336,1474806,250000232,548729564,4,4,0,0,0,0
1,stride16-clang18-auto-r12-stride16_scan-auto-warm-branch-1048576,stride16-clang18-auto,12,stride16_scan,auto,warm,branch,1048576,1048576,116523008,7112,250029651,548794164,4,4,0,0,0,0
1,stride16-clang18-auto-r12-stride16_scan-auto-warm-basic-4194304,stride16-clang18-auto,12,stride16_scan,auto,warm,basic,4194304,4194304,113508352,1732,250025789,548785684,4,4,0,0,0,0
1,stride16-clang18-auto-r12-stride16_scan-auto-warm-branch-24576,stride16-clang18-auto,12,stride16_scan,auto,warm,branch,24576,24576,411462144,1071516,250000263,548729640,4,4,0,0,0,0
1,stride16-clang18-auto-r12-stride16_scan-auto-cache_evicted-basic-32768,stride16-clang18-auto,12,stride16_scan,auto,cache_evicted,basic,32768,32768,414452736,809478,250000119,548729312,4,4,0,0,0,0
1,stride16-clang18-auto-r12-stride16_scan-auto-warm-basic-2097152,stride16-clang18-auto,12,stride16_scan,auto,warm,basic,2097152,2097152,116654080,3560,250037055,548810384,4,4,0,0,0,0
1,stride16-clang18-auto-r12-stride16_scan-auto-warm-basic-65536,stride16-clang18-auto,12,stride16_scan,auto,warm,basic,65536,65536,213441536,208439,250000325,548729776,4,4,0,0,2240668906555,0
1,stride16-clang18-auto-r12-stride16_scan-auto-warm-basic-33554432,stride16-clang18-auto,12,stride16_scan,auto,warm,basic,33554432,33554432,55050240,105,252053226,553235732,4,4,0,0,1126011662231560,0
1,stride16-clang18-auto-r12-stride16_scan-auto-warm-basic-36864,stride16-clang18-auto,12,stride16_scan,auto,warm,basic,36864,36864,208859904,362604,250000424,548730016,4,4,0,0,0,0
1,stride16-clang18-auto-r12-stride16_scan-auto-warm-basic-8388608,stride16-clang18-auto,12,stride16_scan,auto,warm,basic,8388608,8388608,79691776,608,250302477,549392960,4,4,0,0,0,0
1,stride16-clang18-auto-r12-stride16_scan-auto-warm-basic-134217728,stride16-clang18-auto,12,stride16_scan,auto,warm,basic,134217728,134217728,54525952,26,254091999,557710644,4,4,0,0,0,0
1,stride16-clang18-auto-r12-stride16_scan-auto-cache_evicted-basic-1048576,stride16-clang18-auto,12,stride16_scan,auto,cache_evicted,basic,1048576,1048576,116539392,7113,250018257,548769100,4,4,0,0,35093565851261,0
1,stride16-clang18-auto-r12-stride16_scan-auto-warm-basic-536870912,stride16-clang18-auto,12,stride16_scan,auto,warm,basic,536870912,536870912,58720256,7,274375440,602231112,4,4,0,0,18017708407915279,0
1,stride16-clang18-auto-r12-stride16_scan-auto-warm-basic-8192,stride16-clang18-auto,12,stride16_scan,auto,warm,basic,8192,8192,308509056,2410227,250000210,548729252,4,4,0,0,275067138950,0
1,stride16-clang18-auto-r12-stride16_scan-auto-cache_evicted-branch-1048576,stride16-clang18-auto,12,stride16_scan,auto,cache_evicted,branch,1048576,1048576,116555776,7114,250006146,548742540,4,4,0,0,0,0
1,stride16-clang18-auto-r12-stride16_scan-auto-warm-branch-524288,stride16-clang18-auto,12,stride16_scan,auto,warm,branch,524288,524288,116219904,14187,250006560,548743448,4,4,0,0,17637152767344,0
1,stride16-clang18-auto-r12-stride16_scan-auto-cache_evicted-branch-32768,stride16-clang18-auto,12,stride16_scan,auto,cache_evicted,branch,32768,32768,417121792,814691,250000190,548729496,4,4,0,0,1129517790104,0
1,stride16-clang18-auto-r12-stride16_scan-auto-warm-basic-1048576,stride16-clang18-auto,12,stride16_scan,auto,warm,basic,1048576,1048576,116555776,7114,250027271,548788932,4,4,0,0,0,0
1,stride16-clang18-auto-r12-stride16_scan-auto-warm-branch-5242880,stride16-clang18-auto,12,stride16_scan,auto,warm,branch,5242880,5242880,106905600,1305,250122329,548997540,4,4,0,0,175961332670095,0
1,stride16-clang18-auto-r12-stride16_scan-auto-warm-branch-262144,stride16-clang18-auto,12,stride16_scan,auto,warm,branch,262144,262144,167043072,40782,250000348,548729816,4,4,0,0,0,0
1,stride16-clang18-auto-r13-stride16_scan-auto-cache_evicted-basic-1048576,stride16-clang18-auto,13,stride16_scan,auto,cache_evicted,basic,1048576,1048576,116555776,7114,250035262,548806460,4,4,0,0,0,0
1,stride16-clang18-auto-r13-stride16_scan-auto-warm-branch-1048576,stride16-clang18-auto,13,stride16_scan,auto,warm,branch,1048576,1048576,116555776,7114,250028118,548790780,4,4,0,0,0,0
1,stride16-clang18-auto-r13-stride16_scan-auto-warm-branch-8192,stride16-clang18-auto,13,stride16_scan,auto,warm,branch,8192,8192,296541824,2316733,250000119,548729312,4,4,0,0,262227732480,0
1,stride16-clang18-auto-r13-stride16_scan-auto-warm-branch-98304,stride16-clang18-auto,13,stride16_scan,auto,warm,branch,98304,98304,214597632,139712,250000721,548730636,4,4,0,0,0,0
1,stride16-clang18-auto-r13-stride16_scan-auto-warm-basic-7340032,stride16-clang18-auto,13,stride16_scan,auto,warm,basic,7340032,7340032,80396288,701,250259382,549298380,4,4,0,0,246303926341686,0
1,stride16-clang18-auto-r13-stride16_scan-auto-warm-basic-6291456,stride16-clang18-auto,13,stride16_scan,auto,warm,basic,6291456,6291456,96829440,985,250068856,548880212,4,4,0,0,211180090289288,0
1,stride16-clang18-auto-r13-stride16_scan-auto-cache_evicted-basic-6291456,stride16-clang18-auto,13,stride16_scan,auto,cache_evicted,basic,6291456,6291456,95944704,976,250149550,549057300,4,4,0,0,0,0
1,stride16-clang18-auto-r13-stride16_scan-auto-cache_evicted-basic-262144,stride16-clang18-auto,13,stride16_scan,auto,cache_evicted,basic,262144,262144,145043456,35411,250001644,548732692,4,4,0,0,8833929393990,0
1,stride16-clang18-auto-r13-stride16_scan-auto-warm-basic-262144,stride16-clang18-auto,13,stride16_scan,auto,warm,basic,262144,262144,163860480,40005,250004046,548737932,4,4,0,0,8833051008300,0
1,stride16-clang18-auto-r13-stride16_scan-auto-warm-branch-8388608,stride16-clang18-auto,13,stride16_scan,auto,warm,branch,8388608,8388608,79691776,608,250013545,548758804,4,4,0,0,0,0
1,stride16-clang18-auto-r13-stride16_scan-auto-warm-branch-262144,stride16-clang18-auto,13,stride16_scan,auto,warm,branch,262144,262144,180699136,44116,250002335,548734212,4,4,0,0,0,0
1,stride16-clang18-auto-r13-stride16_scan-auto-warm-branch-24576,stride16-clang18-auto,13,stride16_scan,auto,warm,branch,24576,24576,411390336,1071329,250000374,548729904,4,4,0,0,826860986767,0
1,stride16-clang18-auto-r13-stride16_scan-auto-warm-branch-4194304,stride16-clang18-auto,13,stride16_scan,auto,warm,branch,4194304,4194304,112132096,1711,250010355,548751724,4,4,0,0,140708269592779,0
1,stride16-clang18-auto-r13-stride16_scan-auto-warm-branch-33554432,stride16-clang18-auto,13,stride16_scan,auto,warm,branch,33554432,33554432,54001664,103,251997733,553113900,4,4,0,0,1127345202926468,0
1,stride16-clang18-auto-r13-stride16_scan-auto-cache_evicted-branch-262144,stride16-clang18-auto,13,stride16_scan,auto,cache_evicted,branch,262144,262144,164433920,40145,250004094,548738040,4,4,0,0,8833929393990,0
1,stride16-clang18-auto-r13-stride16_scan-auto-cache_evicted-branch-536870912,stride16-clang18-auto,13,stride16_scan,auto,cache_evicted,branch,536870912,536870912,58720256,7,274824906,603217568,4,4,0,0,18013077723175416,0
1,stride16-clang18-auto-r13-stride16_scan-auto-warm-branch-7340032,stride16-clang18-auto,13,stride16_scan,auto,warm,branch,7340032,7340032,87965696,767,250309297,549407836,4,4,0,0,246303926341686,0
1,stride16-clang18-auto-r13-stride16_scan-auto-warm-branch-229376,stride16-clang18-auto,13,stride16_scan,auto,warm,branch,229376,229376,162036224,45211,250002529,548734612,4,4,0,0,7699645575187,0
1,stride16-clang18-auto-r13-stride16_scan-auto-cache_evicted-branch-33554432,stride16-clang18-auto,13,stride16_scan,auto,cache_evicted,branch,33554432,33554432,52428800,100,252164108,553479096,4,4,0,0,0,0
1,stride16-clang18-auto-r13-stride16_scan-auto-warm-basic-8192,stride16-clang18-auto,13,stride16_scan,auto,warm,basic,8192,8192,307974784,2406053,250000212,548729516,4,4,0,0,262227732480,0
1,stride16-clang18-auto-r13-stride16_scan-auto-warm-basic-1048576,stride16-clang18-auto,13,stride16_scan,auto,warm,basic,1048576,1048576,116539392,7113,250034270,548804276,4,4,0,0,35264676264981,0
1,stride16-clang18-auto-r13-stride16_scan-auto-cache_evicted-branch-8388608,stride16-clang18-auto,13,stride16_scan,auto,cache_evicted,branch,8388608,8388608,81002496,618,250228562,549230724,4,4,0,0,0,0
1,stride16-clang18-auto-r13-stride16_scan-auto-warm-basic-8388608,stride16-clang18-auto,13,stride16_scan,auto,warm,basic,8388608,8388608,80871424,617,250003696,548737192,4,4,0,0,281492447858777,0
1,stride16-clang18-auto-r13-stride16_scan-auto-warm-basic-131072,stride16-clang18-auto,13,stride16_scan,auto,warm,basic,131072,131072,221153280,107985,250001406,548732144,4,4,0,0,4378337230161,0
1,stride16-clang18-auto-r13-stride16_scan-auto-warm-branch-393216,stride16-clang18-auto,13,stride16_scan,auto,warm,branch,393216,393216,121264128,19737,250003380,548736484,4,4,0,0,13182545055951,0
1,stride16-clang18-auto-r13-stride16_scan-auto-cache_evicted-branch-6291456,stride16-clang18-auto,13,stride16_scan,auto,cache_evicted,branch,6291456,6291456,102432768,1042,250150583,549059596,4,4,0,0,0,0
1,stride16-clang18-auto-r13-stride16_scan-auto-warm-branch-134217728,stride16-clang18-auto,13,stride16_scan,auto,warm,branch,134217728,134217728,54525952,26,252912741,555122296,4,4,0,0,0,0
1,stride16-clang18-auto-r13-stride16_scan-auto-cache_evicted-branch-32768,stride16-clang18-auto,13,stride16_scan,auto,cache_evicted,branch,32768,32768,413048832,806736,250000172,548729432,4,4,0,0,0,0
1,stride16-clang18-auto-r13-stride16_scan-auto-warm-basic-24576,stride16-clang18-auto,13,stride16_scan,auto,warm,basic,24576,24576,411486720,1071580,250000254,548729636,4,4,0,0,0,0
1,stride16-clang18-auto-r13-stride16_scan-auto-warm-branch-16384,stride16-clang18-auto,13,stride16_scan,auto,warm,branch,16384,16384,379573504,1482709,250000163,548729440,4,4,0,0,537176199930,0
1,stride16-clang18-auto-r13-stride16_scan-auto-warm-basic-134217728,stride16-clang18-auto,13,stride16_scan,auto,warm,basic,134217728,134217728,54525952,26,251036452,551003980,4,4,0,0,0,0
1,stride16-clang18-auto-r13-stride16_scan-auto-warm-branch-5242880,stride16-clang18-auto,13,stride16_scan,auto,warm,branch,5242880,5242880,113131520,1381,250125576,549004692,4,4,0,0,175887795779108,0
1,stride16-clang18-auto-r13-stride16_scan-auto-warm-branch-32768,stride16-clang18-auto,13,stride16_scan,auto,warm,branch,32768,32768,415693312,811901,250000122,548729316,4,4,0,0,1125144036019,0
1,stride16-clang18-auto-r13-stride16_scan-auto-warm-basic-196608,stride16-clang18-auto,13,stride16_scan,auto,warm,basic,196608,196608,238086144,77502,250001573,548732516,4,4,0,0,0,0
1,stride16-clang18-auto-r13-stride16_scan-auto-warm-branch-196608,stride16-clang18-auto,13,stride16_scan,auto,warm,branch,196608,196608,193677312,63046,250002745,548735076,4,4,0,0,0,0
1,stride16-clang18-auto-r13-stride16_scan-auto-warm-branch-65536,stride16-clang18-auto,13,stride16_scan,auto,warm,branch,65536,65536,213195776,208199,250001001,548731224,4,4,0,0,2230977478137,0
1,stride16-clang18-auto-r13-stride16_scan-auto-warm-basic-28672,stride16-clang18-auto,13,stride16_scan,auto,warm,basic,28672,28672,418421248,933976,250000383,548729920,4,4,0,0,0,0
1,stride16-clang18-auto-r13-stride16_scan-auto-warm-branch-49152,stride16-clang18-auto,13,stride16_scan,auto,warm,branch,49152,49152,206825472,269304,250000629,548730436,4,4,0,0,0,0
1,stride16-clang18-auto-r13-stride16_scan-auto-warm-basic-294912,stride16-clang18-auto,13,stride16_scan,auto,warm,basic,294912,294912,130811904,28388,250003809,548737416,4,4,0,0,0,0
1,stride16-clang18-auto-r13-stride16_scan-auto-cache_evicted-basic-536870912,stride16-clang18-auto,13,stride16_scan,auto,cache_evicted,basic,536870912,536870912,58720256,7,279752030,614032304,4,4,0,0,18013077723175416,0
1,stride16-clang18-auto-r13-stride16_scan-auto-warm-branch-28672,stride16-clang18-auto,13,stride16_scan,auto,warm,branch,28672,28672,411914048,919451,250000093,548729260,4,4,0,0,971717584350,0
1,stride16-clang18-auto-r13-stride16_scan-auto-cache_evicted-basic-8388608,stride16-clang18-auto,13,stride16_scan,auto,cache_evicted,basic,8388608,8388608,81657856,623,250160433,549081196,4,4,0,0,280798274337946,0
1,stride16-clang18-auto-r13-stride16_scan-auto-warm-basic-229376,stride16-clang18-auto,13,stride16_scan,auto,warm,basic,229376,229376,198102016,55274,250002794,548735212,4,4,0,0,0,0
1,stride16-clang18-auto-r13-stride16_scan-auto-warm-branch-294912,stride16-clang18-auto,13,stride16_scan,auto,warm,branch,294912,294912,135535104,29413,250000374,548729884,4,4,0,0,9946677072228,0
1,stride16-clang18-auto-r13-stride16_scan-auto-warm-branch-2097152,stride16-clang18-auto,13,stride16_scan,auto,warm,branch,2097152,2097152,116686848,3561,250031880,548799028,4,4,0,0,70292373046271,0
1,stride16-clang18-auto-r13-stride16_scan-auto-warm-basic-33554432,stride16-clang18-auto,13,stride16_scan,auto,warm,basic,33554432,33554432,55050240,105,250360665,549520672,4,4,0,0,1127345202926468,0
1,stride16-clang18-auto-r13-stride16_scan-auto-warm-branch-36864,stride16-clang18-auto,13,stride16_scan,auto,warm,branch,36864,36864,202291776,351201,250000405,548729940,4,4,0,0,1271110070286,0
1,stride16-clang18-auto-r13-stride16_scan-auto-warm-branch-6291456,stride16-clang18-auto,13,stride16_scan,auto,warm,branch,6291456,6291456,91226112,928,250266186,549313332,4,4,0,0,0,0
1,stride16-clang18-auto-r13-stride16_scan-auto-cache_evicted-basic-32768,stride16-clang18-auto,13,stride16_scan,auto,cache_evicted,basic,32768,32768,415375872,811281,250000447,548730032,4,4,0,0,1041233023571,0
1,stride16-clang18-auto-r13-stride16_scan-auto-warm-basic-16384,stride16-clang18-auto,13,stride16_scan,auto,warm,basic,16384,16384,379603200,1482825,250000156,548729392,4,4,0,0,537176199930,0
1,stride16-clang18-auto-r13-stride16_scan-auto-warm-basic-4194304,stride16-clang18-auto,13,stride16_scan,auto,warm,basic,4194304,4194304,116457472,1777,250008136,548746936,4,4,0,0,140708269592779,0
1,stride16-clang18-auto-r13-stride16_scan-auto-warm-basic-98304,stride16-clang18-auto,13,stride16_scan,auto,warm,basic,98304,98304,215806464,140499,250001001,548731252,4,4,0,0,3295867535583,0
1,stride16-clang18-auto-r13-stride16_scan-auto-warm-branch-536870912,stride16-clang18-auto,13,stride16_scan,auto,warm,branch,536870912,536870912,58720256,7,287325297,630654904,4,4,0,0,18017630930903688,0
1,stride16-clang18-auto-r13-stride16_scan-auto-warm-basic-524288,stride16-clang18-auto,13,stride16_scan,auto,warm,basic,524288,524288,115933184,14152,250009862,548750728,4,4,0,0,0,0
1,stride16-clang18-auto-r13-stride16_scan-auto-warm-basic-49152,stride16-clang18-auto,13,stride16_scan,auto,warm,basic,49152,49152,206419200,268775,250000509,548730168,4,4,0,0,1659331707816,0
1,stride16-clang18-auto-r13-stride16_scan-auto-warm-branch-131072,stride16-clang18-auto,13,stride16_scan,auto,warm,branch,131072,131072,225439744,110078,250001577,548732524,4,4,0,0,0,0
1,stride16-clang18-auto-r13-stride16_scan-auto-warm-basic-5242880,stride16-clang18-auto,13,stride16_scan,auto,warm,basic,5242880,5242880,92160000,1125,250001827,548733056,4,4,0,0,175887795779108,0
1,stride16-clang18-auto-r13-stride16_scan-auto-warm-basic-12582912,stride16-clang18-auto,13,stride16_scan,auto,warm,basic,12582912,12582912,53870592,274,250882112,550665240,4,4,0,0,0,0
1,stride16-clang18-auto-r13-stride16_scan-auto-warm-basic-32768,stride16-clang18-auto,13,stride16_scan,auto,warm,basic,32768,32768,415030272,810606,250000342,548729828,4,4,0,0,0,0
1,stride16-clang18-auto-r13-stride16_scan-auto-warm-basic-536870912,stride16-clang18-auto,13,stride16_scan,auto,warm,basic,536870912,536870912,58720256,7,291070440,638875248,4,4,0,0,18017630930903688,0
1,stride16-clang18-auto-r13-stride16_scan-auto-warm-basic-36864,stride16-clang18-auto,13,stride16_scan,auto,warm,basic,36864,36864,205588224,356924,250000270,548729644,4,4,0,0,0,0
1,stride16-clang18-auto-r13-stride16_scan-auto-warm-basic-393216,stride16-clang18-auto,13,stride16_scan,auto,warm,basic,393216,393216,115746816,18839,250002667,548734904,4,4,0,0,13182545055951,0
1,stride16-clang18-auto-r13-stride16_scan-auto-cache_evicted-branch-1048576,stride16-clang18-auto,13,stride16_scan,auto,cache_evicted,branch,1048576,1048576,116408320,7105,250034785,548805432,4,4,0,0,35235380942867,0
1,stride16-clang18-auto-r13-stride16_scan-auto-warm-basic-65536,stride16-clang18-auto,13,stride16_scan,auto,warm,basic,65536,65536,211228672,206278,250000985,548731200,4,4,0,0,0,0
1,stride16-clang18-auto-r13-stride16_scan-auto-warm-basic-2097152,stride16-clang18-auto,13,stride16_scan,auto,warm,basic,2097152,2097152,116523008,3556,250035945,548807976,4,4,0,0,0,0
1,stride16-clang18-auto-r13-stride16_scan-auto-cache_evicted-basic-33554432,stride16-clang18-auto,13,stride16_scan,auto,cache_evicted,basic,33554432,33554432,53477376,102,250658803,550175064,4,4,0,0,0,0
1,stride16-clang18-auto-r13-stride16_scan-auto-warm-branch-524288,stride16-clang18-auto,13,stride16_scan,auto,warm,branch,524288,524288,119209984,14552,250016123,548764440,4,4,0,0,0,0
1,stride16-clang18-auto-r13-stride16_scan-auto-warm-branch-12582912,stride16-clang18-auto,13,stride16_scan,auto,warm,branch,12582912,12582912,60751872,309,250270821,549323504,4,4,0,0,422486443758418,0
1,stride16-clang18-auto-r14-stride16_scan-auto-warm-branch-24576,stride16-clang18-auto,14,stride16_scan,auto,warm,branch,24576,24576,407442048,1061047,250000292,548729724,4,4,0,0,810872558222,0
1,stride16-clang18-auto-r14-stride16_scan-auto-warm-basic-49152,stride16-clang18-auto,14,stride16_scan,auto,warm,basic,49152,49152,210949632,274674,250000371,548729876,4,4,0,0,0,0
1,stride16-clang18-auto-r14-stride16_scan-auto-cache_evicted-basic-32768,stride16-clang18-auto,14,stride16_scan,auto,cache_evicted,basic,32768,32768,414294016,809168,250000269,548729588,4,4,0,0,0,0
1,stride16-clang18-auto-r14-stride16_scan-auto-cache_evicted-basic-536870912,stride16-clang18-auto,14,stride16_scan,auto,cache_evicted,basic,536870912,536870912,58720256,7,274510514,602527564,4,4,0,0,18005806201385583,0
1,stride16-clang18-auto-r14-stride16_scan-auto-warm-basic-33554432,stride16-clang18-auto,14,stride16_scan,auto,warm,basic,33554432,33554432,55050240,105,251878390,552851932,4,4,0,0,1126150350437215,0
1,stride16-clang18-auto-r14-stride16_scan-auto-warm-branch-65536,stride16-clang18-auto,14,stride16_scan,auto,warm,branch,65536,65536,210043904,205121,250000906,548731072,4,4,0,0,2212257124316,0
1,stride16-clang18-auto-r14-stride16_scan-auto-warm-basic-536870912,stride16-clang18-auto,14,stride16_scan,auto,warm,basic,536870912,536870912,58720256,7,276428789,606738068,4,4,0,0,18012043869098383,0
1,stride16-clang18-auto-r14-stride16_scan-auto-warm-branch-196608,stride16-clang18-auto,14,stride16_scan,auto,warm,branch,196608,196608,202767360,66005,250002508,548734560,4,4,0,0,6633639738156,0
1,stride16-clang18-auto-r14-stride16_scan-auto-cache_evicted-branch-32768,stride16-clang18-auto,14,stride16_scan,auto,cache_evicted,branch,32768,32768,412787712,806226,250000308,548729732,4,4,0,0,0,0
1,stride16-clang18-auto-r14-stride16_scan-auto-warm-branch-28672,stride16-clang18-auto,14,stride16_scan,auto,warm,branch,28672,28672,417137280,931110,250000234,548729580,4,4,0,0,0,0
1,stride16-clang18-auto-r14-stride16_scan-auto-warm-basic-24576,stride16-clang18-auto,14,stride16_scan,auto,warm,basic,24576,24576,410184960,1068190,250000204,548729512,4,4,0,0,0,0
1,stride16-clang18-auto-r14-stride16_scan-auto-warm-basic-98304,stride16-clang18-auto,14,stride16_scan,auto,warm,basic,98304,98304,214296576,139516,250000797,548730828,4,4,0,0,0,0
1,stride16-clang18-auto-r14-stride16_scan-auto-warm-basic-1048576,stride16-clang18-auto,14,stride16_scan,auto,warm,basic,1048576,1048576,116523008,7112,250015562,548763208,4,4,0,0,0,0
1,stride16-clang18-auto-r14-stride16_scan-auto-warm-branch-134217728,stride16-clang18-auto,14,stride16_scan,auto,warm,branch,134217728,134217728,54525952,26,252675786,554602196,4,4,0,0,0,0
1,stride16-clang18-auto-r14-stride16_scan-auto-cache_evicted-branch-33554432,stride16-clang18-auto,14,stride16_scan,auto,cache_evicted,branch,33554432,33554432,55050240,105,251436565,551882200,4,4,0,0,1126733109997146,0
1,stride16-clang18-auto-r14-stride16_scan-auto-cache_evicted-branch-6291456,stride16-clang18-auto,14,stride16_scan,auto,cache_evicted,branch,6291456,6291456,102727680,1045,250144048,549045228,4,4,0,0,211168331488334,0
1,stride16-clang18-auto-r14-stride16_scan-auto-warm-basic-28672,stride16-clang18-auto,14,stride16_scan,auto,warm,basic,28672,28672,417621120,932190,250000220,548729532,4,4,0,0,0,0
1,stride16-clang18-auto-r14-stride16_scan-auto-warm-basic-2097152,stride16-clang18-auto,14,stride16_scan,auto,warm,basic,2097152,2097152,116719616,3562,250021087,548775336,4,4,0,0,0,0
1,stride16-clang18-auto-r14-stride16_scan-auto-warm-basic-393216,stride16-clang18-auto,14,stride16_scan,auto,warm,basic,393216,393216,115992576,18879,250007879,548746356,4,4,0,0,13220905220628,0
1,stride16-clang18-auto-r14-stride16_scan-auto-warm-branch-8192,stride16-clang18-auto,14,stride16_scan,auto,warm,branch,8192,8192,310495360,2425745,250000166,548729428,4,4,0,0,290569373123,0
1,stride16-clang18-auto-r14-stride16_scan-auto-warm-basic-131072,stride16-clang18-auto,14,stride16_scan,auto,warm,basic,131072,131072,219262976,107062,250001358,548732044,4,4,0,0,0,0
1,stride16-clang18-auto-r14-stride16_scan-auto-warm-basic-262144,stride16-clang18-auto,14,stride16_scan,auto,warm,basic,262144,262144,178135040,43490,250002009,548733460,4,4,0,0,0,0
1,stride16-clang18-auto-r14-stride16_scan-auto-warm-branch-524288,stride16-clang18-auto,14,stride16_scan,auto,warm,branch,524288,524288,116236288,14189,250013191,548758016,4,4,0,0,17739237194517,0
1,stride16-clang18-auto-r14-stride16_scan-auto-warm-basic-6291456,stride16-clang18-auto,14,stride16_scan,auto,warm,basic,6291456,6291456,95846400,975,250231245,549236648,4,4,0,0,211171888578946,0
1,stride16-clang18-auto-r14-stride16_scan-auto-warm-branch-16384,stride16-clang18-auto,14,stride16_scan,auto,warm,branch,16384,16384,379552512,1482627,250000160,548729404,4,4,0,0,558049151577,0
1,stride16-clang18-auto-r14-stride16_scan-auto-warm-branch-49152,stride16-clang18-auto,14,stride16_scan,auto,warm,branch,49152,49152,211620864,275548,250000433,548730000,4,4,0,0,0,0
1,stride16-clang18-auto-r14-stride16_scan-auto-warm-branch-98304,stride16-clang18-auto,14,stride16_scan,auto,warm,branch,98304,98304,217022976,141291,250001767,548732960,4,4,0,0,3313512915630,0
1,stride16-clang18-auto-r14-stride16_scan-auto-cache_evicted-basic-8388608,stride16-clang18-auto,14,stride16_scan,auto,cache_evicted,basic,8388608,8388608,73662464,562,250194869,549156768,4,4,0,0,0,0
1,stride16-clang18-auto-r14-stride16_scan-auto-warm-basic-294912,stride16-clang18-auto,14,stride16_scan,auto,warm,basic,294912,294912,143331840,31105,250005100,548740256,4,4,0,0,9920075125499,0
1,stride16-clang18-auto-r14-stride16_scan-auto-warm-branch-12582912,stride16-clang18-auto,14,stride16_scan,auto,warm,branch,12582912,12582912,63504384,323,250580649,550003556,4,4,0,0,422402534426723,0
1,stride16-clang18-auto-r14-stride16_scan-auto-warm-branch-5242880,stride16-clang18-auto,14,stride16_scan,auto,warm,branch,5242880,5242880,113459200,1385,250057670,548855660,4,4,0,0,176159731573258,0
1,stride16-clang18-auto-r14-stride16_scan-auto-warm-branch-4194304,stride16-clang18-auto,14,stride16_scan,auto,warm,branch,4194304,4194304,116391936,1776,250094081,548935580,4,4,0,0,0,0
1,stride16-clang18-auto-r14-stride16_scan-auto-warm-basic-229376,stride16-clang18-auto,14,stride16_scan,auto,warm,basic,229376,229376,199610880,55695,250003932,548737712,4,4,0,0,7738410718952,0
1,stride16-clang18-auto-r14-stride16_scan-auto-cache_evicted-basic-33554432,stride16-clang18-auto,14,stride16_scan,auto,cache_evicted,basic,33554432,33554432,55050240,105,252158096,553465884,4,4,0,0,1126733109997146,0
1,stride16-clang18-auto-r14-stride16_scan-auto-cache_evicted-branch-1048576,stride16-clang18-auto,14,stride16_scan,auto,cache_evicted,branch,1048576,1048576,116539392,7113,250000457,548730056,4,4,0,0,35222673498134,0
1,stride16-clang18-auto-r14-stride16_scan-auto-warm-branch-131072,stride16-clang18-auto,14,stride16_scan,auto,warm,branch,131072,131072,221491200,108150,250000345,548729808,4,4,0,0,0,0
1,stride16-clang18-auto-r14-stride16_scan-auto-warm-branch-536870912,stride16-clang18-auto,14,stride16_scan,auto,warm,branch,536870912,536870912,58720256,7,273989133,601383200,4,4,0,0,18012043869098383,0
1,stride16-clang18-auto-r14-stride16_scan-auto-warm-branch-7340032,stride16-clang18-auto,14,stride16_scan,auto,warm,branch,7340032,7340032,88768512,774,250031444,548798092,4,4,0,0,0,0
1,stride16-clang18-auto-r14-stride16_scan-auto-cache_evicted-basic-6291456,stride16-clang18-auto,14,stride16_scan,auto,cache_evicted,basic,6291456,6291456,103415808,1052,250224840,549222556,4,4,0,0,0,0
1,stride16-clang18-auto-r14-stride16_scan-auto-warm-branch-393216,stride16-clang18-auto,14,stride16_scan,auto,warm,branch,393216,393216,116035584,18886,250010539,548752216,4,4,0,0,0,0
1,stride16-clang18-auto-r14-stride16_scan-auto-warm-basic-196608,stride16-clang18-auto,14,stride16_scan,auto,warm,basic,196608,196608,228449280,74365,250000453,548730076,4,4,0,0,6633639738156,0
1,stride16-clang18-auto-r14-stride16_scan-auto-cache_evicted-basic-262144,stride16-clang18-auto,14,stride16_scan,auto,cache_evicted,basic,262144,262144,132980736,32466,250003696,548737192,4,4,0,0,0,0
1,stride16-clang18-auto-r14-stride16_scan-auto-warm-branch-262144,stride16-clang18-auto,14,stride16_scan,auto,warm,branch,262144,262144,144121856,35186,250000957,548731164,4,4,0,0,0,0
1,stride16-clang18-auto-r14-stride16_scan-auto-warm-basic-8192,stride16-clang18-auto,14,stride16_scan,auto,warm,basic,8192,8192,311903232,2436744,250000196,548729496,4,4,0,0,0,0
1,stride16-clang18-auto-r14-stride16_scan-auto-warm-basic-12582912,stride16-clang18-auto,14,stride16_scan,auto,warm,basic,12582912,12582912,63504384,323,250283747,549351844,4,4,0,0,422402534426723,0
1,stride16-clang18-auto-r14-stride16_scan-auto-warm-basic-16384,stride16-clang18-auto,14,stride16_scan,auto,warm,basic,16384,16384,383345920,1497445,250000245,548729588,4,4,0,0,558049151577,0
1,stride16-clang18-auto-r14-stride16_scan-auto-warm-basic-8388608,stride16-clang18-auto,14,stride16_scan,auto,warm,basic,8388608,8388608,79822848,609,250138178,549032332,4,4,0,0,281626249456134,0
1,stride16-clang18-auto-r14-stride16_scan-auto-cache_evicted-branch-262144,stride16-clang18-auto,14,stride16_scan,auto,cache_evicted,branch,262144,262144,162676736,39716,250003341,548736396,4,4,0,0,0,0
1,stride16-clang18-auto-r14-stride16_scan-auto-warm-basic-4194304,stride16-clang18-auto,14,stride16_scan,auto,warm,basic,4194304,4194304,115998720,1770,250092485,548932080,4,4,0,0,0,0
1,stride16-clang18-auto-r14-stride16_scan-auto-warm-basic-5242880,stride16-clang18-auto,14,stride16_scan,auto,warm,basic,5242880,5242880,110346240,1347,250167223,549096104,4,4,0,0,176159731573258,0
1,stride16-clang18-auto-r14-stride16_scan-auto-warm-branch-2097152,stride16-clang18-auto,14,stride16_scan,auto,warm,branch,2097152,2097152,116588544,3558,250048471,548835444,4,4,0,0,0,0
1,stride16-clang18-auto-r14-stride16_scan-auto-cache_evicted-branch-8388608,stride16-clang18-auto,14,stride16_scan,auto,cache_evicted,branch,8388608,8388608,79953920,610,250126396,549006476,4,4,0,0,0,0
1,stride16-clang18-auto-r14-stride16_scan-auto-warm-basic-36864,stride16-clang18-auto,14,stride16_scan,auto,warm,basic,36864,36864,205180992,356217,250000177,548729440,4,4,0,0,1235356434647,0
1,stride16-clang18-auto-r14-stride16_scan-auto-warm-branch-229376,stride16-clang18-auto,14,stride16_scan,auto,warm,branch,229376,229376,206406144,57591,250000651,548730512,4,4,0,0,7738410718952,0
1,stride16-clang18-auto-r14-stride16_scan-auto-cache_evicted-branch-536870912,stride16-clang18-auto,14,stride16_scan,auto,cache_evicted,branch,536870912,536870912,58720256,7,274518745,602545680,4,4,0,0,18005806201385583,0
1,stride16-clang18-auto-r14-stride16_scan-auto-warm-basic-524288,stride16-clang18-auto,14,stride16_scan,auto,warm,basic,524288,524288,116170752,14181,250003954,548737760,4,4,0,0,17739237194517,0
1,stride16-clang18-auto-r14-stride16_scan-auto-warm-basic-134217728,stride16-clang18-auto,14,stride16_scan,auto,warm,basic,134217728,134217728,54525952,26,252477724,554167436,4,4,0,0,0,0
1,stride16-clang18-auto-r14-stride16_scan-auto-cache_evicted-basic-1048576,stride16-clang18-auto,14,stride16_scan,auto,cache_evicted,basic,1048576,1048576,116555776,7114,250029869,548794624,4,4,0,0,0,0
1,stride16-clang18-auto-r14-stride16_scan-auto-warm-branch-33554432,stride16-clang18-auto,14,stride16_scan,auto,warm,branch,33554432,33554432,55050240,105,250989866,550901716,4,4,0,0,1126150350437215,0
1,stride16-clang18-auto-r14-stride16_scan-auto-warm-branch-8388608,stride16-clang18-auto,14,stride16_scan,auto,warm,branch,8388608,8388608,81002496,618,250174093,549111192,4,4,0,0,0,0
1,stride16-clang18-auto-r14-stride16_scan-auto-warm-basic-32768,stride16-clang18-auto,14,stride16_scan,auto,warm,basic,32768,32768,407827456,796538,250000147,548729388,4,4,0,0,0,0
1,stride16-clang18-auto-r14-stride16_scan-auto-warm-branch-294912,stride16-clang18-auto,14,stride16_scan,auto,warm,branch,294912,294912,154861056,33607,250003948,548737748,4,4,0,0,9920075125499,0
1,stride16-clang18-auto-r14-stride16_scan-auto-warm-branch-6291456,stride16-clang18-auto,14,stride16_scan,auto,warm,branch,6291456,6291456,103120896,1049,250058212,548856824,4,4,0,0,211171888578946,0
1,stride16-clang18-auto-r14-stride16_scan-auto-warm-basic-65536,stride16-clang18-auto,14,stride16_scan,auto,warm,basic,65536,65536,211668992,206708,250000735,548730664,4,4,0,0,0,0
1,stride16-clang18-auto-r14-stride16_scan-auto-warm-branch-1048576,stride16-clang18-auto,14,stride16_scan,auto,warm,branch,1048576,1048576,116523008,7112,250009884,548750744,4,4,0,0,0,0
1,stride16-clang18-auto-r14-stride16_scan-auto-warm-branch-32768,stride16-clang18-auto,14,stride16_scan,auto,warm,branch,32768,32768,413624832,807861,250000230,548729592,4,4,0,0,1093554888686,0
1,stride16-clang18-auto-r14-stride16_scan-auto-warm-branch-36864,stride16-clang18-auto,14,stride16_scan,auto,warm,branch,36864,36864,204992064,355889,250000232,548729560,4,4,0,0,1235356434647,0
1,stride16-clang18-auto-r14-stride16_scan-auto-warm-basic-7340032,stride16-clang18-auto,14,stride16_scan,auto,warm,basic,7340032,7340032,89227264,778,250077224,548898548,4,4,0,0,0,0
